# TRIMMED (analyze-pulse-logs.py) -- original was 6975 lines / 738424B.
# Kept: every distinct line; runs of 3+ consecutive identical lines (idle TICK-SKIP polling,
# only the timestamp differs) collapsed to first + elision count + last.
# ---
2026-08-01 14:02:26 === pulse_daemon session start === version=1.19.6 (303) built 2026-07-31 00:45:36 script_crc32=ebbd831f
2026-08-01 14:02:42 PulseDaemon: cap write via daemon (3 node(s))
2026-08-01 14:02:42 PulseDaemon: cap write via daemon (10 node(s))
2026-08-01 14:02:43 PulseDaemon: engage governor via daemon (schedutil)
2026-08-01 14:02:48 PulseDaemon: telemetry read via daemon (16 path(s))
2026-08-01 14:02:48 PulseAutoTdp: AUTOTDP-SESSION tgt=90 bias=EFFICIENT wattCap=0 policies=0:2265600:0,1;2:3148800:2,3,4;5:2956800:5,6;7:3052800:7;-100:1050000:
2026-08-01 14:02:49 PulseAutoTdp: tgt=90 fps=- jank=0 tail=-ms act=HOLD bn=- cpuB=-1 cpuPk=-1 primePk=-1 io=-1 gpuB=20 gpuL=4 capped=0 prk=0 stl=0 draw=7.13W cT=46 gT=42 caps%[0:100,2:100,5:100,7:100,-100:100] curMHz[0:902,2:1708,5:499,7:1708] mn/mx[0:1248/1248,2:1708/1708,5:499/1612,7:480/1708] gpu=231 gcap=500[9/13] lrn=83
2026-08-01 14:02:49 PulseFan: arbiter=None auto=true bound=null managed=4 latched=false
2026-08-01 14:02:50 PulseDaemon: telemetry read via daemon (16 path(s))
2026-08-01 14:02:52 PulseDaemon: telemetry read via daemon (16 path(s))
2026-08-01 14:02:52 PulseAutoTdp: tgt=90 fps=79.5 jank=3 tail=90ms act=HOLD bn=CPU cpuB=41 cpuPk=99 primePk=92 io=0 gpuB=14 gpuL=3 capped=0 prk=0 stl=0 draw=5.57W cT=48 gT=43 caps%[0:100,2:100,5:100,7:100,-100:100] curMHz[0:1017,2:1708,5:1612,7:1708] gpu=231 gcap=500[9/13] lrn=83
2026-08-01 14:02:54 PulseDaemon: telemetry read via daemon (16 path(s))
2026-08-01 14:02:55 PulseDaemon: telemetry read via daemon (16 path(s))
2026-08-01 14:02:55 PulseDaemon: cap write via daemon (7 node(s))
2026-08-01 14:02:55 PulseAutoTdp: tgt=90 fps=90.0 jank=0 tail=11ms act=TRIM bn=CPU cpuB=43 cpuPk=100 primePk=95 io=0 gpuB=21 gpuL=4 capped=5 prk=0 stl=0 draw=6.33W cT=48 gT=42 caps%[0:100,2:95,5:100,7:100,-100:100] curMHz[0:1132,2:1708,5:1612,7:1708] gpu=231 gcap=500[9/13] lrn=83
2026-08-01 14:02:56 PulseDaemon: cap write via daemon (2 node(s))
2026-08-01 14:02:57 PulseDaemon: telemetry read via daemon (16 path(s))
2026-08-01 14:02:58 PulseDaemon: telemetry read via daemon (16 path(s))
2026-08-01 14:02:58 PulseDaemon: cap write via daemon (7 node(s))
2026-08-01 14:02:58 PulseAutoTdp: tgt=90 fps=67.9 jank=6 tail=78ms act=RAISE bn=CPU cpuB=45 cpuPk=60 primePk=58 io=0 gpuB=18 gpuL=3 capped=5 prk=0 stl=0 draw=11.62W cT=55 gT=44 caps%[0:100,2:100,5:100,7:100,-100:100] curMHz[0:2265,2:3014,5:1612,7:1708] gpu=231 gcap=500[9/13] lrn=83
2026-08-01 14:03:00 PulseDaemon: telemetry read via daemon (16 path(s))
2026-08-01 14:03:01 PulseDaemon: telemetry read via daemon (16 path(s))
2026-08-01 14:03:01 PulseAutoTdp: tgt=90 fps=90.0 jank=0 tail=11ms act=TRIM bn=- cpuB=39 cpuPk=52 primePk=52 io=0 gpuB=46 gpuL=10 capped=5 prk=0 stl=0 draw=7.62W cT=57 gT=47 caps%[0:100,2:100,5:100,7:95,-100:100] curMHz[0:2035,2:3148,5:1824,7:3052] gpu=231 gcap=1050[0/13] lrn=83
2026-08-01 14:03:01 PulseDaemon: cap write via daemon (1 node(s))
2026-08-01 14:03:02 PulseDaemon: telemetry read via daemon (16 path(s))
2026-08-01 14:03:04 PulseDaemon: telemetry read via daemon (16 path(s))
2026-08-01 14:03:04 PulseAutoTdp: tgt=90 fps=90.0 jank=0 tail=11ms act=HOLD bn=- cpuB=24 cpuPk=55 primePk=53 io=0 gpuB=54 gpuL=11 capped=5 prk=0 stl=0 draw=5.15W cT=47 gT=44 caps%[0:100,2:100,5:100,7:95,-100:100] curMHz[0:1248,2:1612,5:2246,7:480] gpu=231 gcap=1050[0/13] lrn=91
2026-08-01 14:03:04 PulseDaemon: cap write via daemon (1 node(s))
2026-08-01 14:03:05 PulseDaemon: telemetry read via daemon (16 path(s))
2026-08-01 14:03:06 PulseDaemon: telemetry read via daemon (16 path(s))
2026-08-01 14:03:07 PulseAutoTdp: tgt=90 fps=90.0 jank=0 tail=11ms act=HOLD bn=- cpuB=24 cpuPk=55 primePk=55 io=0 gpuB=65 gpuL=14 capped=5 prk=0 stl=0 draw=4.11W cT=44 gT=44 caps%[0:100,2:100,5:100,7:95,-100:100] curMHz[0:1344,2:1708,5:2035,7:480] gpu=231 gcap=1050[0/13] lrn=91
2026-08-01 14:03:07 PulseDaemon: cap write via daemon (1 node(s))
2026-08-01 14:03:08 PulseDaemon: telemetry read via daemon (16 path(s))
2026-08-01 14:03:09 PulseDaemon: telemetry read via daemon (16 path(s))
2026-08-01 14:03:09 PulseAutoTdp: tgt=90 fps=90.0 jank=0 tail=11ms act=HOLD bn=- cpuB=27 cpuPk=57 primePk=57 io=0 gpuB=67 gpuL=14 capped=5 prk=0 stl=0 draw=4.04W cT=46 gT=43 caps%[0:100,2:100,5:100,7:95,-100:100] curMHz[0:1574,2:2188,5:1286,7:480] gpu=231 gcap=1050[0/13] lrn=91
2026-08-01 14:03:09 PulseDaemon: cap write via daemon (1 node(s))
2026-08-01 14:03:11 PulseDaemon: telemetry read via daemon (16 path(s))
2026-08-01 14:03:12 PulseDaemon: telemetry read via daemon (16 path(s))
2026-08-01 14:03:12 PulseDaemon: cap write via daemon (7 node(s))
2026-08-01 14:03:12 PulseAutoTdp: tgt=90 fps=90.0 jank=0 tail=11ms act=TRIM bn=- cpuB=29 cpuPk=55 primePk=55 io=0 gpuB=70 gpuL=15 capped=5 prk=0 stl=0 draw=5.14W cT=46 gT=44 caps%[0:100,2:100,5:100,7:90,-100:100] curMHz[0:2150,2:1612,5:2131,7:480] gpu=231 gcap=1050[0/13] lrn=91
2026-08-01 14:03:12 PulseDaemon: cap write via daemon (1 node(s))
2026-08-01 14:03:13 PulseDaemon: telemetry read via daemon (16 path(s))
2026-08-01 14:03:15 PulseDaemon: telemetry read via daemon (16 path(s))
2026-08-01 14:03:15 PulseDaemon: cap write via daemon (7 node(s))
2026-08-01 14:03:15 PulseAutoTdp: tgt=90 fps=90.0 jank=0 tail=11ms act=TRIM bn=- cpuB=18 cpuPk=55 primePk=55 io=0 gpuB=64 gpuL=14 capped=5 prk=0 stl=0 draw=3.95W cT=44 gT=43 caps%[0:100,2:100,5:100,7:85,-100:100] curMHz[0:1459,2:1497,5:729,7:480] gpu=231 gcap=1050[0/13] lrn=100
2026-08-01 14:03:15 PulseDaemon: cap write via daemon (1 node(s))
2026-08-01 14:03:16 PulseDaemon: telemetry read via daemon (16 path(s))
2026-08-01 14:03:18 PulseDaemon: telemetry read via daemon (16 path(s))
2026-08-01 14:03:18 PulseDaemon: cap write via daemon (7 node(s))
2026-08-01 14:03:19 PulseAutoTdp: tgt=90 fps=90.0 jank=0 tail=11ms act=TRIM bn=- cpuB=27 cpuPk=55 primePk=55 io=0 gpuB=72 gpuL=15 capped=5 prk=0 stl=0 draw=5.18W cT=44 gT=42 caps%[0:100,2:100,5:100,7:80,-100:100] curMHz[0:1689,2:1824,5:2035,7:480] mn/mx[0:1248/2265,2:499/3148,5:499/2956,7:480/2438] gpu=231 gcap=1050[0/13] lrn=100
2026-08-01 14:03:19 PulseDaemon: cap write via daemon (1 node(s))
2026-08-01 14:03:20 PulseDaemon: telemetry read via daemon (16 path(s))
2026-08-01 14:03:21 PulseDaemon: telemetry read via daemon (16 path(s))
2026-08-01 14:03:22 PulseDaemon: cap write via daemon (7 node(s))
2026-08-01 14:03:22 PulseAutoTdp: tgt=90 fps=90.0 jank=0 tail=11ms act=TRIM bn=- cpuB=24 cpuPk=55 primePk=50 io=0 gpuB=38 gpuL=8 capped=5 prk=0 stl=0 draw=4.15W cT=44 gT=42 caps%[0:100,2:100,5:100,7:75,-100:100] curMHz[0:1804,2:1401,5:2035,7:480] gpu=231 gcap=1050[0/13] lrn=100
2026-08-01 14:03:22 PulseDaemon: cap write via daemon (1 node(s))
2026-08-01 14:03:23 PulseDaemon: telemetry read via daemon (16 path(s))
2026-08-01 14:03:24 PulseDaemon: telemetry read via daemon (16 path(s))
2026-08-01 14:03:25 PulseDaemon: cap write via daemon (7 node(s))
2026-08-01 14:03:25 PulseAutoTdp: tgt=90 fps=90.0 jank=0 tail=11ms act=TRIM bn=- cpuB=30 cpuPk=60 primePk=53 io=0 gpuB=47 gpuL=10 capped=5 prk=0 stl=0 draw=5.36W cT=46 gT=42 caps%[0:100,2:100,5:100,7:70,-100:100] curMHz[0:2265,2:2323,5:844,7:480] gpu=231 gcap=1050[0/13] lrn=100
2026-08-01 14:03:25 PulseDaemon: cap write via daemon (1 node(s))
2026-08-01 14:03:26 PulseDaemon: telemetry read via daemon (16 path(s))
2026-08-01 14:03:27 PulseDaemon: telemetry read via daemon (16 path(s))
2026-08-01 14:03:27 PulseDaemon: cap write via daemon (7 node(s))
2026-08-01 14:03:27 PulseAutoTdp: tgt=90 fps=90.0 jank=0 tail=11ms act=TRIM bn=- cpuB=28 cpuPk=54 primePk=49 io=0 gpuB=45 gpuL=9 capped=5 prk=0 stl=0 draw=4.37W cT=45 gT=42 caps%[0:100,2:100,5:100,7:65,-100:100] curMHz[0:1248,2:2323,5:2956,7:480] gpu=231 gcap=1050[0/13] lrn=100
2026-08-01 14:03:27 PulseDaemon: cap write via daemon (1 node(s))
2026-08-01 14:03:29 PulseDaemon: telemetry read via daemon (16 path(s))
2026-08-01 14:03:30 PulseDaemon: telemetry read via daemon (16 path(s))
2026-08-01 14:03:30 PulseDaemon: cap write via daemon (7 node(s))
2026-08-01 14:03:30 PulseAutoTdp: tgt=90 fps=90.0 jank=0 tail=11ms act=TRIM bn=- cpuB=23 cpuPk=52 primePk=47 io=0 gpuB=45 gpuL=9 capped=5 prk=0 stl=0 draw=4.67W cT=45 gT=42 caps%[0:100,2:100,5:100,7:60,-100:100] curMHz[0:1132,2:2035,5:2246,7:480] gpu=231 gcap=1050[0/13] lrn=100
2026-08-01 14:03:30 PulseDaemon: cap write via daemon (1 node(s))
2026-08-01 14:03:32 PulseDaemon: telemetry read via daemon (16 path(s))
2026-08-01 14:03:33 PulseDaemon: telemetry read via daemon (16 path(s))
2026-08-01 14:03:33 PulseDaemon: cap write via daemon (7 node(s))
2026-08-01 14:03:33 PulseAutoTdp: AUTOTDP-SESSION tgt=90 bias=EFFICIENT wattCap=0 policies=0:2265600:0,1;2:3148800:2,3,4;5:2956800:5,6;7:3052800:7;-100:1050000:
2026-08-01 14:03:33 PulseAutoTdp: tgt=90 fps=90.0 jank=0 tail=11ms act=TRIM bn=- cpuB=27 cpuPk=59 primePk=54 io=0 gpuB=44 gpuL=9 capped=5 prk=0 stl=0 draw=5.33W cT=45 gT=42 caps%[0:100,2:100,5:100,7:55,-100:100] curMHz[0:1248,2:2630,5:2188,7:480] gpu=231 gcap=1050[0/13] lrn=100
2026-08-01 14:03:33 PulseDaemon: cap write via daemon (1 node(s))
2026-08-01 14:03:34 PulseDaemon: telemetry read via daemon (16 path(s))
2026-08-01 14:03:36 PulseDaemon: telemetry read via daemon (16 path(s))
2026-08-01 14:03:36 PulseDaemon: cap write via daemon (7 node(s))
2026-08-01 14:03:36 PulseAutoTdp: tgt=90 fps=90.0 jank=0 tail=11ms act=TRIM bn=- cpuB=31 cpuPk=55 primePk=53 io=0 gpuB=44 gpuL=9 capped=5 prk=0 stl=0 draw=6.01W cT=44 gT=43 caps%[0:100,2:100,5:100,7:50,-100:100] curMHz[0:1920,2:3148,5:1920,7:787] gpu=231 gcap=1050[0/13] lrn=100
2026-08-01 14:03:36 PulseDaemon: cap write via daemon (1 node(s))
2026-08-01 14:03:37 PulseDaemon: telemetry read via daemon (16 path(s))
2026-08-01 14:03:39 PulseDaemon: telemetry read via daemon (16 path(s))
2026-08-01 14:03:39 PulseDaemon: cap write via daemon (7 node(s))
2026-08-01 14:03:39 PulseAutoTdp: tgt=90 fps=90.0 jank=0 tail=11ms act=TRIM bn=- cpuB=27 cpuPk=56 primePk=56 io=0 gpuB=44 gpuL=9 capped=5 prk=0 stl=0 draw=4.22W cT=44 gT=43 caps%[0:100,2:100,5:100,7:45,-100:100] curMHz[0:2265,2:1612,5:2035,7:480] gpu=231 gcap=1050[0/13] lrn=100
2026-08-01 14:03:40 PulseDaemon: telemetry read via daemon (16 path(s))
2026-08-01 14:03:42 PulseDaemon: telemetry read via daemon (16 path(s))
2026-08-01 14:03:42 PulseDaemon: cap write via daemon (7 node(s))
2026-08-01 14:03:42 PulseAutoTdp: tgt=90 fps=90.0 jank=0 tail=11ms act=TRIM bn=- cpuB=33 cpuPk=62 primePk=54 io=0 gpuB=72 gpuL=15 capped=5 prk=0 stl=0 draw=5.22W cT=46 gT=43 caps%[0:100,2:100,5:100,7:40,-100:100] curMHz[0:1248,2:2515,5:2956,7:480] gpu=231 gcap=1050[0/13] lrn=100
2026-08-01 14:03:42 PulseDaemon: cap write via daemon (1 node(s))
2026-08-01 14:03:43 PulseDaemon: telemetry read via daemon (16 path(s))
2026-08-01 14:03:45 PulseDaemon: telemetry read via daemon (16 path(s))
2026-08-01 14:03:45 PulseDaemon: cap write via daemon (7 node(s))
2026-08-01 14:03:45 PulseAutoTdp: tgt=90 fps=90.0 jank=0 tail=11ms act=TRIM bn=- cpuB=31 cpuPk=58 primePk=58 io=0 gpuB=73 gpuL=16 capped=5 prk=0 stl=0 draw=5.84W cT=45 gT=43 caps%[0:100,2:100,5:100,7:35,-100:100] curMHz[0:2265,2:1612,5:2380,7:480] gpu=231 gcap=1050[0/13] lrn=100
2026-08-01 14:03:46 PulseDaemon: telemetry read via daemon (16 path(s))
2026-08-01 14:03:48 PulseDaemon: telemetry read via daemon (16 path(s))
2026-08-01 14:03:48 PulseDaemon: cap write via daemon (7 node(s))
2026-08-01 14:03:49 PulseAutoTdp: tgt=90 fps=90.0 jank=0 tail=11ms act=TRIM bn=- cpuB=26 cpuPk=56 primePk=56 io=0 gpuB=65 gpuL=14 capped=5 prk=0 stl=0 draw=4.64W cT=45 gT=44 caps%[0:100,2:100,5:95,7:35,-100:100] curMHz[0:1804,2:1497,5:2188,7:480] mn/mx[0:1248/2265,2:499/3148,5:499/2841,7:480/1017] gpu=231 gcap=1050[0/13] lrn=100
2026-08-01 14:03:49 PulseDaemon: cap write via daemon (2 node(s))
2026-08-01 14:03:50 PulseDaemon: telemetry read via daemon (16 path(s))
2026-08-01 14:03:51 PulseDaemon: telemetry read via daemon (16 path(s))
2026-08-01 14:03:52 PulseDaemon: cap write via daemon (7 node(s))
2026-08-01 14:03:52 PulseAutoTdp: tgt=90 fps=90.0 jank=0 tail=11ms act=TRIM bn=- cpuB=27 cpuPk=56 primePk=56 io=0 gpuB=58 gpuL=12 capped=5 prk=0 stl=0 draw=3.84W cT=44 gT=44 caps%[0:100,2:100,5:90,7:35,-100:100] curMHz[0:2265,2:1286,5:2188,7:480] gpu=231 gcap=1050[0/13] lrn=100
2026-08-01 14:03:52 PulseDaemon: cap write via daemon (2 node(s))
2026-08-01 14:03:53 PulseDaemon: telemetry read via daemon (16 path(s))
2026-08-01 14:03:54 PulseDaemon: telemetry read via daemon (16 path(s))
2026-08-01 14:03:54 PulseDaemon: cap write via daemon (7 node(s))
2026-08-01 14:03:54 PulseAutoTdp: tgt=90 fps=90.0 jank=0 tail=11ms act=TRIM bn=- cpuB=31 cpuPk=60 primePk=60 io=0 gpuB=57 gpuL=12 capped=5 prk=0 stl=0 draw=4.09W cT=48 gT=43 caps%[0:100,2:100,5:85,7:35,-100:100] curMHz[0:2265,2:1401,5:2630,7:480] gpu=231 gcap=1050[0/13] lrn=100
2026-08-01 14:03:54 PulseDaemon: cap write via daemon (2 node(s))
2026-08-01 14:03:56 PulseDaemon: telemetry read via daemon (16 path(s))
2026-08-01 14:03:57 PulseDaemon: telemetry read via daemon (16 path(s))
2026-08-01 14:03:57 PulseDaemon: cap write via daemon (7 node(s))
2026-08-01 14:03:57 PulseAutoTdp: tgt=90 fps=90.0 jank=0 tail=11ms act=TRIM bn=- cpuB=24 cpuPk=61 primePk=58 io=0 gpuB=55 gpuL=12 capped=5 prk=0 stl=0 draw=4.24W cT=45 gT=43 caps%[0:100,2:100,5:80,7:35,-100:100] curMHz[0:1920,2:1497,5:614,7:480] gpu=231 gcap=1050[0/13] lrn=100
2026-08-01 14:03:57 PulseDaemon: cap write via daemon (2 node(s))
2026-08-01 14:03:59 PulseDaemon: telemetry read via daemon (16 path(s))
# ... 2 more identical lines elided (same content, only timestamp differs) ...
2026-08-01 14:04:03 PulseDaemon: telemetry read via daemon (16 path(s))
2026-08-01 14:04:03 PulseDaemon: cap write via xsu fallback (7 node(s), ~1323 chars, chunked)
2026-08-01 14:04:04 PulseAutoTdp: tgt=90 fps=90.0 jank=0 tail=11ms act=TRIM bn=- cpuB=29 cpuPk=63 primePk=55 io=0 gpuB=31 gpuL=6 capped=5 prk=0 stl=0 draw=5.34W cT=46 gT=43 caps%[0:100,2:100,5:70,7:35,-100:100] curMHz[0:2265,2:1075,5:2188,7:480] gpu=231 gcap=1050[0/13] lrn=100
2026-08-01 14:04:04 PulseDaemon: cap write via daemon (2 node(s))
2026-08-01 14:04:05 PulseDaemon: telemetry read via daemon (16 path(s))
2026-08-01 14:04:06 PulseDaemon: telemetry read via daemon (16 path(s))
2026-08-01 14:04:06 PulseDaemon: cap write via xsu fallback (7 node(s), ~1323 chars, chunked)
2026-08-01 14:04:07 PulseAutoTdp: tgt=90 fps=90.0 jank=0 tail=11ms act=TRIM bn=- cpuB=25 cpuPk=57 primePk=53 io=0 gpuB=44 gpuL=9 capped=5 prk=0 stl=0 draw=3.21W cT=43 gT=43 caps%[0:100,2:100,5:65,7:35,-100:100] curMHz[0:1804,2:1286,5:1920,7:480] gpu=231 gcap=1050[0/13] lrn=100
2026-08-01 14:04:07 PulseDaemon: cap write via daemon (2 node(s))
2026-08-01 14:04:08 PulseDaemon: telemetry read via daemon (16 path(s))
2026-08-01 14:04:09 PulseDaemon: telemetry read via daemon (16 path(s))
2026-08-01 14:04:10 PulseDaemon: cap write via daemon (7 node(s))
2026-08-01 14:04:10 PulseAutoTdp: tgt=90 fps=90.0 jank=0 tail=11ms act=TRIM bn=- cpuB=21 cpuPk=57 primePk=57 io=0 gpuB=34 gpuL=7 capped=5 prk=0 stl=0 draw=3.82W cT=44 gT=43 caps%[0:100,2:100,5:60,7:35,-100:100] curMHz[0:1248,2:1497,5:1920,7:480] gpu=231 gcap=1050[0/13] lrn=100
2026-08-01 14:04:10 PulseDaemon: cap write via daemon (2 node(s))
2026-08-01 14:04:11 PulseDaemon: telemetry read via daemon (16 path(s))
2026-08-01 14:04:12 PulseDaemon: telemetry read via daemon (16 path(s))
2026-08-01 14:04:13 PulseDaemon: cap write via daemon (7 node(s))
2026-08-01 14:04:13 PulseAutoTdp: tgt=90 fps=90.0 jank=0 tail=11ms act=TRIM bn=- cpuB=16 cpuPk=57 primePk=57 io=0 gpuB=63 gpuL=13 capped=5 prk=0 stl=0 draw=4.33W cT=43 gT=43 caps%[0:100,2:100,5:55,7:35,-100:100] curMHz[0:902,2:1497,5:614,7:480] gpu=231 gcap=1050[0/13] lrn=100
2026-08-01 14:04:13 PulseDaemon: cap write via daemon (2 node(s))
2026-08-01 14:04:14 PulseDaemon: telemetry read via daemon (16 path(s))
2026-08-01 14:04:15 PulseDaemon: telemetry read via daemon (16 path(s))
2026-08-01 14:04:16 PulseDaemon: cap write via daemon (7 node(s))
2026-08-01 14:04:16 PulseAutoTdp: tgt=90 fps=90.0 jank=0 tail=11ms act=TRIM bn=- cpuB=20 cpuPk=60 primePk=60 io=0 gpuB=56 gpuL=12 capped=5 prk=0 stl=0 draw=4.48W cT=43 gT=43 caps%[0:100,2:100,5:50,7:35,-100:100] curMHz[0:1344,2:1075,5:1612,7:480] gpu=231 gcap=1050[0/13] lrn=100
2026-08-01 14:04:16 PulseDaemon: cap write via daemon (2 node(s))
2026-08-01 14:04:17 PulseDaemon: telemetry read via daemon (16 path(s))
2026-08-01 14:04:18 PulseDaemon: telemetry read via daemon (16 path(s))
2026-08-01 14:04:19 PulseDaemon: cap write via daemon (7 node(s))
2026-08-01 14:04:19 PulseAutoTdp: AUTOTDP-SESSION tgt=90 bias=EFFICIENT wattCap=0 policies=0:2265600:0,1;2:3148800:2,3,4;5:2956800:5,6;7:3052800:7;-100:1050000:
2026-08-01 14:04:20 PulseAutoTdp: tgt=90 fps=90.0 jank=0 tail=11ms act=TRIM bn=- cpuB=19 cpuPk=58 primePk=52 io=0 gpuB=25 gpuL=5 capped=0 prk=0 stl=0 draw=3.87W cT=42 gT=42 caps%[0:100,2:95,5:50,7:35,-100:100] curMHz[0:1248,2:1190,5:1497,7:480] mn/mx[0:364/2265,2:499/3014,5:499/1497,7:480/1017] gpu=231 gcap=1050[0/13] lrn=100
2026-08-01 14:04:20 PulseDaemon: cap write via daemon (2 node(s))
2026-08-01 14:04:20 PulseDaemon: cap write via daemon (2 node(s))
2026-08-01 14:04:21 PulseDaemon: telemetry read via daemon (16 path(s))
2026-08-01 14:04:22 PulseDaemon: telemetry read via daemon (16 path(s))
2026-08-01 14:04:23 PulseDaemon: cap write via daemon (7 node(s))
2026-08-01 14:04:23 PulseAutoTdp: tgt=90 fps=90.0 jank=0 tail=11ms act=TRIM bn=- cpuB=18 cpuPk=54 primePk=53 io=0 gpuB=24 gpuL=5 capped=0 prk=0 stl=0 draw=4.23W cT=41 gT=42 caps%[0:100,2:95,5:45,7:35,-100:100] curMHz[0:1132,2:1286,5:1497,7:480] gpu=231 gcap=1050[0/13] lrn=100
2026-08-01 14:04:23 PulseDaemon: cap write via daemon (2 node(s))
2026-08-01 14:04:23 PulseDaemon: cap write via daemon (2 node(s))
2026-08-01 14:04:24 PulseDaemon: telemetry read via daemon (16 path(s))
2026-08-01 14:04:26 PulseDaemon: telemetry read via daemon (16 path(s))
2026-08-01 14:04:26 PulseDaemon: cap write via daemon (7 node(s))
2026-08-01 14:04:26 PulseAutoTdp: tgt=90 fps=90.0 jank=0 tail=11ms act=TRIM bn=- cpuB=19 cpuPk=56 primePk=53 io=0 gpuB=24 gpuL=5 capped=0 prk=0 stl=0 draw=4.18W cT=41 gT=41 caps%[0:100,2:95,5:40,7:35,-100:100] curMHz[0:1248,2:1401,5:1286,7:480] gpu=231 gcap=1050[0/13] lrn=100
2026-08-01 14:04:26 PulseDaemon: cap write via daemon (2 node(s))
2026-08-01 14:04:26 PulseDaemon: cap write via daemon (2 node(s))
2026-08-01 14:04:27 PulseDaemon: telemetry read via daemon (16 path(s))
2026-08-01 14:04:29 PulseDaemon: telemetry read via daemon (16 path(s))
2026-08-01 14:04:29 PulseDaemon: cap write via daemon (7 node(s))
2026-08-01 14:04:29 PulseAutoTdp: tgt=90 fps=90.0 jank=0 tail=11ms act=TRIM bn=- cpuB=29 cpuPk=60 primePk=60 io=0 gpuB=34 gpuL=7 capped=0 prk=0 stl=0 draw=5.97W cT=46 gT=42 caps%[0:100,2:95,5:35,7:35,-100:100] curMHz[0:2265,2:2131,5:499,7:480] gpu=231 gcap=1050[0/13] lrn=100
2026-08-01 14:04:29 PulseDaemon: cap write via daemon (2 node(s))
2026-08-01 14:04:29 PulseDaemon: cap write via daemon (2 node(s))
2026-08-01 14:04:31 PulseDaemon: telemetry read via daemon (16 path(s))
2026-08-01 14:04:32 PulseDaemon: telemetry read via daemon (16 path(s))
2026-08-01 14:04:32 PulseDaemon: cap write via daemon (7 node(s))
2026-08-01 14:04:32 PulseAutoTdp: tgt=90 fps=90.0 jank=0 tail=11ms act=TRIM bn=- cpuB=27 cpuPk=57 primePk=50 io=0 gpuB=66 gpuL=14 capped=0 prk=0 stl=0 draw=6.07W cT=43 gT=43 caps%[0:95,2:95,5:35,7:35,-100:100] curMHz[0:2265,2:2131,5:729,7:480] gpu=231 gcap=1050[0/13] lrn=100
2026-08-01 14:04:33 PulseDaemon: cap write via daemon (2 node(s))
2026-08-01 14:04:33 PulseDaemon: cap write via daemon (3 node(s))
2026-08-01 14:04:34 PulseDaemon: telemetry read via daemon (16 path(s))
2026-08-01 14:04:35 PulseDaemon: telemetry read via daemon (16 path(s))
2026-08-01 14:04:36 PulseDaemon: cap write via daemon (7 node(s))
2026-08-01 14:04:36 PulseAutoTdp: tgt=90 fps=90.0 jank=0 tail=11ms act=TRIM bn=- cpuB=18 cpuPk=56 primePk=52 io=0 gpuB=39 gpuL=8 capped=0 prk=0 stl=0 draw=3.70W cT=42 gT=42 caps%[0:90,2:95,5:35,7:35,-100:100] curMHz[0:1248,2:1401,5:1075,7:480] gpu=231 gcap=1050[0/13] lrn=100
2026-08-01 14:04:36 PulseDaemon: cap write via daemon (2 node(s))
2026-08-01 14:04:36 PulseDaemon: cap write via daemon (3 node(s))
2026-08-01 14:04:37 PulseDaemon: telemetry read via daemon (16 path(s))
2026-08-01 14:04:39 PulseDaemon: telemetry read via daemon (16 path(s))
2026-08-01 14:04:39 PulseDaemon: cap write via daemon (7 node(s))
2026-08-01 14:04:39 PulseAutoTdp: tgt=90 fps=90.0 jank=0 tail=11ms act=TRIM bn=- cpuB=20 cpuPk=58 primePk=52 io=0 gpuB=34 gpuL=7 capped=0 prk=0 stl=0 draw=3.73W cT=41 gT=42 caps%[0:85,2:95,5:35,7:35,-100:100] curMHz[0:1248,2:1824,5:1075,7:480] gpu=231 gcap=1050[0/13] lrn=100
2026-08-01 14:04:39 PulseDaemon: cap write via daemon (2 node(s))
2026-08-01 14:04:39 PulseDaemon: cap write via daemon (3 node(s))
2026-08-01 14:04:41 PulseDaemon: telemetry read via daemon (16 path(s))
2026-08-01 14:04:42 PulseDaemon: telemetry read via daemon (16 path(s))
2026-08-01 14:04:42 PulseDaemon: cap write via daemon (7 node(s))
2026-08-01 14:04:42 PulseAutoTdp: tgt=90 fps=90.0 jank=0 tail=11ms act=TRIM bn=- cpuB=14 cpuPk=57 primePk=49 io=0 gpuB=36 gpuL=7 capped=0 prk=0 stl=0 draw=3.73W cT=42 gT=41 caps%[0:80,2:95,5:35,7:35,-100:100] curMHz[0:1248,2:1190,5:499,7:480] gpu=231 gcap=1050[0/13] lrn=100
2026-08-01 14:04:43 PulseDaemon: cap write via daemon (2 node(s))
2026-08-01 14:04:43 PulseDaemon: cap write via daemon (3 node(s))
2026-08-01 14:04:44 PulseDaemon: telemetry read via daemon (16 path(s))
2026-08-01 14:04:45 PulseDaemon: telemetry read via daemon (16 path(s))
2026-08-01 14:04:46 PulseDaemon: cap write via daemon (7 node(s))
2026-08-01 14:04:46 PulseAutoTdp: tgt=90 fps=90.0 jank=0 tail=11ms act=TRIM bn=- cpuB=29 cpuPk=57 primePk=57 io=0 gpuB=55 gpuL=12 capped=0 prk=0 stl=0 draw=5.41W cT=44 gT=42 caps%[0:75,2:95,5:35,7:35,-100:100] curMHz[0:1248,2:2899,5:1075,7:787] gpu=231 gcap=1050[0/13] lrn=100
2026-08-01 14:04:46 PulseDaemon: cap write via daemon (2 node(s))
2026-08-01 14:04:46 PulseDaemon: cap write via daemon (3 node(s))
2026-08-01 14:04:47 PulseDaemon: telemetry read via daemon (16 path(s))
2026-08-01 14:04:49 PulseDaemon: telemetry read via daemon (16 path(s))
2026-08-01 14:04:49 PulseDaemon: cap write via daemon (7 node(s))
2026-08-01 14:04:49 PulseAutoTdp: tgt=90 fps=90.0 jank=0 tail=11ms act=TRIM bn=- cpuB=20 cpuPk=58 primePk=58 io=0 gpuB=68 gpuL=14 capped=0 prk=0 stl=0 draw=3.45W cT=44 gT=43 caps%[0:70,2:95,5:35,7:35,-100:100] curMHz[0:1248,2:2035,5:499,7:1017] gpu=231 gcap=1050[0/13] lrn=100
2026-08-01 14:04:49 PulseDaemon: cap write via daemon (2 node(s))
2026-08-01 14:04:49 PulseDaemon: cap write via daemon (3 node(s))
2026-08-01 14:04:51 PulseDaemon: telemetry read via daemon (16 path(s))
2026-08-01 14:04:52 PulseDaemon: telemetry read via daemon (16 path(s))
2026-08-01 14:04:53 PulseDaemon: cap write via daemon (7 node(s))
2026-08-01 14:04:53 PulseAutoTdp: tgt=90 fps=90.0 jank=0 tail=11ms act=TRIM bn=- cpuB=25 cpuPk=61 primePk=61 io=0 gpuB=63 gpuL=13 capped=0 prk=0 stl=0 draw=4.60W cT=44 gT=43 caps%[0:65,2:95,5:35,7:35,-100:100] curMHz[0:1248,2:1920,5:1075,7:480] mn/mx[0:364/1459,2:499/3014,5:499/1075,7:480/1017] gpu=231 gcap=1050[0/13] lrn=100
2026-08-01 14:04:53 PulseDaemon: cap write via daemon (2 node(s))
2026-08-01 14:04:54 PulseDaemon: cap write via daemon (3 node(s))
2026-08-01 14:04:55 PulseDaemon: telemetry read via daemon (16 path(s))
2026-08-01 14:04:56 PulseDaemon: telemetry read via daemon (16 path(s))
2026-08-01 14:04:57 PulseDaemon: cap write via daemon (7 node(s))
2026-08-01 14:04:57 PulseAutoTdp: tgt=90 fps=90.0 jank=0 tail=11ms act=TRIM bn=- cpuB=17 cpuPk=58 primePk=53 io=0 gpuB=28 gpuL=6 capped=0 prk=0 stl=0 draw=3.98W cT=41 gT=42 caps%[0:60,2:95,5:35,7:35,-100:100] curMHz[0:1017,2:1286,5:1075,7:480] gpu=231 gcap=1050[0/13] lrn=100
2026-08-01 14:04:57 PulseDaemon: cap write via daemon (2 node(s))
2026-08-01 14:04:57 PulseDaemon: cap write via daemon (3 node(s))
2026-08-01 14:04:58 PulseDaemon: telemetry read via daemon (16 path(s))
2026-08-01 14:05:00 PulseDaemon: telemetry read via daemon (16 path(s))
2026-08-01 14:05:00 PulseDaemon: cap write via daemon (7 node(s))
2026-08-01 14:05:00 PulseAutoTdp: tgt=90 fps=90.0 jank=0 tail=11ms act=TRIM bn=- cpuB=15 cpuPk=55 primePk=52 io=0 gpuB=30 gpuL=6 capped=0 prk=0 stl=0 draw=3.41W cT=42 gT=42 caps%[0:55,2:95,5:35,7:35,-100:100] curMHz[0:1248,2:729,5:1075,7:480] gpu=231 gcap=1050[0/13] lrn=100
2026-08-01 14:05:00 PulseDaemon: cap write via daemon (2 node(s))
2026-08-01 14:05:00 PulseDaemon: cap write via daemon (3 node(s))
2026-08-01 14:05:02 PulseDaemon: telemetry read via daemon (16 path(s))
2026-08-01 14:05:03 PulseDaemon: telemetry read via daemon (16 path(s))
2026-08-01 14:05:04 PulseDaemon: cap write via daemon (7 node(s))
2026-08-01 14:05:04 PulseAutoTdp: tgt=90 fps=90.0 jank=0 tail=11ms act=TRIM bn=- cpuB=20 cpuPk=57 primePk=57 io=0 gpuB=54 gpuL=11 capped=0 prk=0 stl=0 draw=4.43W cT=43 gT=42 caps%[0:50,2:95,5:35,7:35,-100:100] curMHz[0:1248,2:1497,5:1075,7:480] gpu=231 gcap=1050[0/13] lrn=100
2026-08-01 14:05:04 PulseDaemon: cap write via daemon (2 node(s))
2026-08-01 14:05:04 PulseDaemon: cap write via daemon (3 node(s))
2026-08-01 14:05:05 PulseDaemon: telemetry read via daemon (16 path(s))
2026-08-01 14:05:07 PulseDaemon: telemetry read via daemon (16 path(s))
2026-08-01 14:05:07 PulseDaemon: cap write via daemon (7 node(s))
2026-08-01 14:05:07 PulseAutoTdp: tgt=90 fps=90.0 jank=0 tail=11ms act=TRIM bn=- cpuB=20 cpuPk=56 primePk=56 io=0 gpuB=70 gpuL=15 capped=0 prk=0 stl=0 draw=3.60W cT=44 gT=43 caps%[0:45,2:95,5:35,7:35,-100:100] curMHz[0:1132,2:1497,5:1075,7:480] gpu=231 gcap=1050[0/13] lrn=100
2026-08-01 14:05:07 PulseDaemon: cap write via daemon (2 node(s))
2026-08-01 14:05:07 PulseDaemon: cap write via daemon (3 node(s))
2026-08-01 14:05:08 PulseDaemon: telemetry read via daemon (16 path(s))
2026-08-01 14:05:10 PulseDaemon: telemetry read via daemon (16 path(s))
2026-08-01 14:05:10 PulseDaemon: cap write via daemon (7 node(s))
2026-08-01 14:05:10 PulseAutoTdp: AUTOTDP-SESSION tgt=90 bias=EFFICIENT wattCap=0 policies=0:2265600:0,1;2:3148800:2,3,4;5:2956800:5,6;7:3052800:7;-100:1050000:
2026-08-01 14:05:10 PulseAutoTdp: tgt=90 fps=90.0 jank=0 tail=11ms act=TRIM bn=- cpuB=20 cpuPk=59 primePk=56 io=0 gpuB=64 gpuL=14 capped=0 prk=0 stl=0 draw=3.97W cT=44 gT=43 caps%[0:40,2:95,5:35,7:35,-100:100] curMHz[0:1017,2:2131,5:499,7:480] gpu=231 gcap=1050[0/13] lrn=100
2026-08-01 14:05:10 PulseDaemon: cap write via daemon (2 node(s))
2026-08-01 14:05:10 PulseDaemon: cap write via daemon (3 node(s))
2026-08-01 14:05:11 PulseDaemon: telemetry read via daemon (16 path(s))
2026-08-01 14:05:13 PulseDaemon: telemetry read via daemon (16 path(s))
2026-08-01 14:05:13 PulseDaemon: cap write via daemon (7 node(s))
2026-08-01 14:05:13 PulseAutoTdp: tgt=90 fps=90.0 jank=0 tail=11ms act=TRIM bn=- cpuB=24 cpuPk=56 primePk=56 io=0 gpuB=59 gpuL=12 capped=0 prk=0 stl=0 draw=5.39W cT=45 gT=43 caps%[0:35,2:95,5:35,7:35,-100:100] curMHz[0:902,2:3014,5:499,7:480] gpu=231 gcap=1050[0/13] lrn=100
2026-08-01 14:05:13 PulseDaemon: cap write via daemon (2 node(s))
2026-08-01 14:05:13 PulseDaemon: cap write via daemon (3 node(s))
2026-08-01 14:05:14 PulseDaemon: telemetry read via daemon (16 path(s))
2026-08-01 14:05:16 PulseDaemon: telemetry read via daemon (16 path(s))
2026-08-01 14:05:16 PulseDaemon: cap write via daemon (7 node(s))
2026-08-01 14:05:16 PulseAutoTdp: tgt=90 fps=90.0 jank=0 tail=11ms act=TRIM bn=- cpuB=26 cpuPk=61 primePk=61 io=0 gpuB=57 gpuL=12 capped=0 prk=0 stl=0 draw=4.48W cT=46 gT=43 caps%[0:35,2:95,5:35,7:35,-100:95] curMHz[0:672,2:3014,5:1075,7:480] gpu=231 gcap=1050[0/13] lrn=100
2026-08-01 14:05:16 PulseDaemon: cap write via daemon (2 node(s))
2026-08-01 14:05:16 PulseDaemon: cap write via daemon (3 node(s))
2026-08-01 14:05:16 PulseDaemon: cap write via daemon (2 node(s))
2026-08-01 14:05:17 PulseDaemon: telemetry read via daemon (16 path(s))
2026-08-01 14:05:18 PulseDaemon: telemetry read via daemon (16 path(s))
2026-08-01 14:05:19 PulseDaemon: cap write via daemon (7 node(s))
2026-08-01 14:05:19 PulseAutoTdp: tgt=90 fps=90.0 jank=0 tail=11ms act=TRIM bn=- cpuB=26 cpuPk=60 primePk=60 io=0 gpuB=68 gpuL=14 capped=0 prk=0 stl=0 draw=5.77W cT=46 gT=43 caps%[0:35,2:95,5:35,7:35,-100:90] curMHz[0:787,2:3014,5:729,7:480] gpu=231 gcap=1000[1/13] lrn=100
2026-08-01 14:05:19 PulseDaemon: cap write via daemon (2 node(s))
2026-08-01 14:05:19 PulseDaemon: cap write via daemon (3 node(s))
2026-08-01 14:05:19 PulseDaemon: cap write via daemon (2 node(s))
2026-08-01 14:05:20 PulseDaemon: telemetry read via daemon (16 path(s))
2026-08-01 14:05:21 PulseDaemon: telemetry read via daemon (16 path(s))
2026-08-01 14:05:21 PulseDaemon: cap write via daemon (7 node(s))
2026-08-01 14:05:21 PulseAutoTdp: tgt=90 fps=90.0 jank=0 tail=11ms act=TRIM bn=- cpuB=25 cpuPk=62 primePk=62 io=0 gpuB=72 gpuL=15 capped=0 prk=0 stl=0 draw=8.63W cT=47 gT=44 caps%[0:35,2:95,5:35,7:35,-100:85] curMHz[0:556,2:3014,5:499,7:480] gpu=231 gcap=903[2/13] lrn=100
2026-08-01 14:05:22 PulseDaemon: cap write via daemon (2 node(s))
2026-08-01 14:05:22 PulseDaemon: cap write via daemon (3 node(s))
2026-08-01 14:05:22 PulseDaemon: cap write via daemon (2 node(s))
2026-08-01 14:05:23 PulseDaemon: telemetry read via daemon (16 path(s))
2026-08-01 14:05:24 PulseDaemon: telemetry read via daemon (16 path(s))
2026-08-01 14:05:24 PulseDaemon: cap write via daemon (7 node(s))
2026-08-01 14:05:25 PulseAutoTdp: tgt=90 fps=90.0 jank=0 tail=11ms act=TRIM bn=- cpuB=26 cpuPk=62 primePk=62 io=0 gpuB=71 gpuL=15 capped=0 prk=0 stl=0 draw=7.38W cT=46 gT=44 caps%[0:35,2:95,5:35,7:35,-100:80] curMHz[0:787,2:3014,5:1075,7:902] mn/mx[0:364/787,2:499/3014,5:499/1075,7:480/1017] gpu=231 gcap=903[2/13] lrn=100
2026-08-01 14:05:25 PulseDaemon: cap write via daemon (2 node(s))
2026-08-01 14:05:25 PulseDaemon: cap write via daemon (3 node(s))
2026-08-01 14:05:25 PulseDaemon: cap write via daemon (2 node(s))
2026-08-01 14:05:26 PulseDaemon: telemetry read via daemon (16 path(s))
2026-08-01 14:05:28 PulseDaemon: telemetry read via daemon (16 path(s))
2026-08-01 14:05:28 PulseDaemon: cap write via daemon (7 node(s))
2026-08-01 14:05:28 PulseAutoTdp: tgt=90 fps=90.0 jank=0 tail=11ms act=TRIM bn=CPU cpuB=33 cpuPk=72 primePk=72 io=0 gpuB=70 gpuL=15 capped=0 prk=0 stl=0 draw=7.63W cT=49 gT=44 caps%[0:35,2:95,5:35,7:35,-100:75] curMHz[0:787,2:2841,5:960,7:1017] gpu=231 gcap=834[3/13] lrn=100
2026-08-01 14:05:28 PulseDaemon: cap write via daemon (2 node(s))
2026-08-01 14:05:28 PulseDaemon: cap write via daemon (3 node(s))
2026-08-01 14:05:28 PulseDaemon: cap write via daemon (2 node(s))
2026-08-01 14:05:29 PulseDaemon: telemetry read via daemon (16 path(s))
2026-08-01 14:05:31 PulseDaemon: telemetry read via daemon (16 path(s))
2026-08-01 14:05:31 PulseDaemon: cap write via daemon (7 node(s))
2026-08-01 14:05:31 PulseAutoTdp: tgt=90 fps=90.0 jank=0 tail=11ms act=TRIM bn=CPU cpuB=23 cpuPk=57 primePk=57 io=0 gpuB=64 gpuL=14 capped=0 prk=0 stl=0 draw=5.05W cT=46 gT=44 caps%[0:35,2:95,5:35,7:35,-100:70] curMHz[0:787,2:3014,5:499,7:480] gpu=231 gcap=770[4/13] lrn=100
2026-08-01 14:05:31 PulseDaemon: cap write via daemon (2 node(s))
2026-08-01 14:05:31 PulseDaemon: cap write via daemon (3 node(s))
2026-08-01 14:05:31 PulseDaemon: cap write via daemon (2 node(s))
2026-08-01 14:05:32 PulseDaemon: telemetry read via daemon (16 path(s))
2026-08-01 14:05:34 PulseDaemon: telemetry read via daemon (16 path(s))
2026-08-01 14:05:34 PulseDaemon: cap write via daemon (7 node(s))
2026-08-01 14:05:34 PulseAutoTdp: tgt=90 fps=77.0 jank=3 tail=78ms act=RAISE bn=CPU cpuB=18 cpuPk=63 primePk=63 io=0 gpuB=53 gpuL=11 capped=0 prk=0 stl=0 draw=5.19W cT=47 gT=44 caps%[0:35,2:95,5:35,7:35,-100:75] curMHz[0:556,2:2438,5:499,7:480] gpu=231 gcap=720[5/13] lrn=100
2026-08-01 14:05:34 PulseDaemon: cap write via daemon (2 node(s))
2026-08-01 14:05:34 PulseDaemon: cap write via daemon (3 node(s))
2026-08-01 14:05:34 PulseDaemon: cap write via daemon (2 node(s))
2026-08-01 14:05:35 PulseDaemon: telemetry read via daemon (16 path(s))
2026-08-01 14:05:36 PulseDaemon: telemetry read via daemon (16 path(s))
2026-08-01 14:05:37 PulseDaemon: cap write via daemon (7 node(s))
2026-08-01 14:05:37 PulseAutoTdp: tgt=90 fps=90.0 jank=0 tail=11ms act=RAISE bn=CPU cpuB=23 cpuPk=55 primePk=55 io=0 gpuB=57 gpuL=12 capped=0 prk=0 stl=0 draw=5.39W cT=47 gT=44 caps%[0:35,2:100,5:35,7:35,-100:75] curMHz[0:787,2:3014,5:614,7:480] gpu=231 gcap=770[4/13] lrn=100
2026-08-01 14:05:37 PulseDaemon: cap write via daemon (3 node(s))
2026-08-01 14:05:37 PulseDaemon: cap write via daemon (2 node(s))
2026-08-01 14:05:38 PulseDaemon: telemetry read via daemon (16 path(s))
2026-08-01 14:05:39 PulseDaemon: telemetry read via daemon (16 path(s))
2026-08-01 14:05:39 PulseAutoTdp: tgt=90 fps=90.0 jank=0 tail=11ms act=HOLD bn=CPU cpuB=23 cpuPk=56 primePk=56 io=0 gpuB=56 gpuL=12 capped=0 prk=0 stl=0 draw=4.55W cT=48 gT=44 caps%[0:35,2:100,5:35,7:35,-100:75] curMHz[0:787,2:2515,5:1075,7:1017] gpu=231 gcap=770[4/13] lrn=100
2026-08-01 14:05:39 PulseDaemon: cap write via daemon (3 node(s))
2026-08-01 14:05:39 PulseDaemon: cap write via daemon (2 node(s))
2026-08-01 14:05:41 PulseDaemon: telemetry read via daemon (16 path(s))
2026-08-01 14:05:42 PulseDaemon: telemetry read via daemon (16 path(s))
2026-08-01 14:05:42 PulseAutoTdp: tgt=90 fps=90.0 jank=0 tail=11ms act=HOLD bn=CPU cpuB=19 cpuPk=55 primePk=55 io=0 gpuB=45 gpuL=9 capped=0 prk=0 stl=0 draw=5.04W cT=46 gT=44 caps%[0:35,2:100,5:35,7:35,-100:75] curMHz[0:460,2:3148,5:499,7:480] gpu=231 gcap=770[4/13] lrn=100
2026-08-01 14:05:42 PulseDaemon: cap write via daemon (3 node(s))
2026-08-01 14:05:42 PulseDaemon: cap write via daemon (2 node(s))
2026-08-01 14:05:43 PulseDaemon: telemetry read via daemon (16 path(s))
2026-08-01 14:05:44 PulseDaemon: telemetry read via daemon (16 path(s))
2026-08-01 14:05:45 PulseAutoTdp: tgt=90 fps=90.0 jank=0 tail=11ms act=HOLD bn=CPU cpuB=22 cpuPk=58 primePk=58 io=0 gpuB=42 gpuL=9 capped=0 prk=0 stl=0 draw=3.92W cT=46 gT=44 caps%[0:35,2:100,5:35,7:35,-100:75] curMHz[0:787,2:3148,5:614,7:480] gpu=231 gcap=770[4/13] lrn=100
2026-08-01 14:05:45 PulseDaemon: cap write via daemon (3 node(s))
2026-08-01 14:05:45 PulseDaemon: cap write via daemon (2 node(s))
2026-08-01 14:05:46 PulseDaemon: telemetry read via daemon (16 path(s))
2026-08-01 14:05:47 PulseDaemon: telemetry read via daemon (16 path(s))
2026-08-01 14:05:47 PulseAutoTdp: tgt=90 fps=90.0 jank=0 tail=11ms act=HOLD bn=CPU cpuB=25 cpuPk=60 primePk=60 io=0 gpuB=46 gpuL=10 capped=0 prk=0 stl=0 draw=5.88W cT=46 gT=43 caps%[0:35,2:100,5:35,7:35,-100:75] curMHz[0:672,2:3148,5:729,7:787] gpu=231 gcap=770[4/13] lrn=100
2026-08-01 14:05:47 PulseDaemon: cap write via daemon (3 node(s))
2026-08-01 14:05:47 PulseDaemon: cap write via daemon (2 node(s))
2026-08-01 14:05:48 PulseDaemon: telemetry read via daemon (16 path(s))
2026-08-01 14:05:50 PulseDaemon: telemetry read via daemon (16 path(s))
2026-08-01 14:05:50 PulseAutoTdp: tgt=90 fps=90.0 jank=0 tail=11ms act=HOLD bn=CPU cpuB=17 cpuPk=58 primePk=56 io=0 gpuB=55 gpuL=12 capped=0 prk=0 stl=0 draw=4.48W cT=48 gT=44 caps%[0:35,2:100,5:35,7:35,-100:75] curMHz[0:672,2:2035,5:499,7:480] gpu=231 gcap=770[4/13] lrn=100
2026-08-01 14:05:50 PulseDaemon: cap write via daemon (3 node(s))
2026-08-01 14:05:50 PulseDaemon: cap write via daemon (2 node(s))
2026-08-01 14:05:51 PulseDaemon: telemetry read via daemon (16 path(s))
2026-08-01 14:05:52 PulseDaemon: telemetry read via daemon (16 path(s))
2026-08-01 14:05:53 PulseDaemon: cap write via daemon (7 node(s))
2026-08-01 14:05:53 PulseAutoTdp: AUTOTDP-SESSION tgt=90 bias=EFFICIENT wattCap=0 policies=0:2265600:0,1;2:3148800:2,3,4;5:2956800:5,6;7:3052800:7;-100:1050000:
2026-08-01 14:05:53 PulseAutoTdp: tgt=90 fps=90.0 jank=0 tail=11ms act=TRIM bn=- cpuB=17 cpuPk=53 primePk=53 io=0 gpuB=59 gpuL=12 capped=0 prk=0 stl=0 draw=4.40W cT=46 gT=44 caps%[0:35,2:95,5:35,7:35,-100:75] curMHz[0:787,2:1920,5:499,7:480] mn/mx[0:787/787,2:499/3014,5:499/1075,7:480/1017] gpu=231 gcap=770[4/13] lrn=100
2026-08-01 14:05:53 PulseDaemon: cap write via xsu fallback (2 node(s), ~413 chars, chunked)
2026-08-01 14:05:54 PulseDaemon: cap write via daemon (3 node(s))
2026-08-01 14:05:54 PulseDaemon: cap write via daemon (2 node(s))
2026-08-01 14:05:55 PulseDaemon: telemetry read via daemon (16 path(s))
2026-08-01 14:05:56 PulseDaemon: telemetry read via daemon (16 path(s))
2026-08-01 14:05:56 PulseDaemon: cap write via daemon (7 node(s))
2026-08-01 14:05:56 PulseAutoTdp: tgt=90 fps=90.0 jank=0 tail=11ms act=TRIM bn=- cpuB=19 cpuPk=57 primePk=57 io=0 gpuB=36 gpuL=7 capped=0 prk=0 stl=0 draw=3.94W cT=46 gT=43 caps%[0:35,2:90,5:35,7:35,-100:75] curMHz[0:672,2:3014,5:499,7:480] gpu=231 gcap=770[4/13] lrn=100
2026-08-01 14:05:56 PulseDaemon: cap write via daemon (2 node(s))
2026-08-01 14:05:57 PulseDaemon: cap write via daemon (3 node(s))
2026-08-01 14:05:57 PulseDaemon: cap write via daemon (2 node(s))
2026-08-01 14:05:58 PulseDaemon: telemetry read via daemon (16 path(s))
2026-08-01 14:05:59 PulseDaemon: telemetry read via daemon (16 path(s))
2026-08-01 14:05:59 PulseDaemon: cap write via daemon (7 node(s))
2026-08-01 14:05:59 PulseAutoTdp: tgt=90 fps=90.0 jank=0 tail=11ms act=TRIM bn=- cpuB=19 cpuPk=59 primePk=59 io=0 gpuB=34 gpuL=7 capped=0 prk=0 stl=0 draw=4.35W cT=45 gT=43 caps%[0:35,2:90,5:35,7:35,-100:70] curMHz[0:556,2:2841,5:499,7:480] gpu=231 gcap=770[4/13] lrn=100
2026-08-01 14:05:59 PulseDaemon: cap write via daemon (2 node(s))
2026-08-01 14:05:59 PulseDaemon: cap write via daemon (3 node(s))
2026-08-01 14:05:59 PulseDaemon: cap write via daemon (2 node(s))
2026-08-01 14:06:01 PulseDaemon: telemetry read via daemon (16 path(s))
2026-08-01 14:06:02 PulseDaemon: telemetry read via daemon (16 path(s))
2026-08-01 14:06:02 PulseAutoTdp: tgt=90 fps=90.0 jank=0 tail=11ms act=HOLD bn=- cpuB=23 cpuPk=58 primePk=58 io=0 gpuB=48 gpuL=10 capped=0 prk=0 stl=0 draw=4.91W cT=46 gT=44 caps%[0:35,2:90,5:35,7:35,-100:70] curMHz[0:787,2:2841,5:499,7:1017] gpu=231 gcap=720[5/13] lrn=100
2026-08-01 14:06:02 PulseDaemon: cap write via daemon (2 node(s))
2026-08-01 14:06:02 PulseDaemon: cap write via daemon (3 node(s))
2026-08-01 14:06:02 PulseDaemon: cap write via daemon (2 node(s))
2026-08-01 14:06:03 PulseDaemon: telemetry read via daemon (16 path(s))
2026-08-01 14:06:05 PulseDaemon: telemetry read via daemon (16 path(s))
2026-08-01 14:06:05 PulseAutoTdp: tgt=90 fps=90.0 jank=0 tail=22ms act=HOLD bn=- cpuB=29 cpuPk=64 primePk=64 io=0 gpuB=71 gpuL=15 capped=0 prk=0 stl=0 draw=8.50W cT=50 gT=44 caps%[0:35,2:90,5:35,7:35,-100:70] curMHz[0:787,2:2841,5:1075,7:1017] gpu=231 gcap=720[5/13] lrn=100
2026-08-01 14:06:05 PulseDaemon: cap write via daemon (2 node(s))
2026-08-01 14:06:05 PulseDaemon: cap write via daemon (3 node(s))
2026-08-01 14:06:05 PulseDaemon: cap write via daemon (2 node(s))
2026-08-01 14:06:06 PulseDaemon: telemetry read via daemon (16 path(s))
2026-08-01 14:06:07 PulseDaemon: telemetry read via daemon (16 path(s))
2026-08-01 14:06:08 PulseAutoTdp: tgt=90 fps=90.0 jank=0 tail=11ms act=HOLD bn=- cpuB=25 cpuPk=63 primePk=63 io=0 gpuB=73 gpuL=16 capped=0 prk=0 stl=0 draw=5.79W cT=48 gT=44 caps%[0:35,2:90,5:35,7:35,-100:70] curMHz[0:672,2:2841,5:499,7:480] gpu=231 gcap=720[5/13] lrn=100
2026-08-01 14:06:08 PulseDaemon: cap write via daemon (2 node(s))
2026-08-01 14:06:08 PulseDaemon: cap write via daemon (3 node(s))
2026-08-01 14:06:08 PulseDaemon: cap write via daemon (2 node(s))
2026-08-01 14:06:09 PulseDaemon: telemetry read via daemon (16 path(s))
2026-08-01 14:06:10 PulseDaemon: telemetry read via daemon (16 path(s))
2026-08-01 14:06:10 PulseAutoTdp: tgt=90 fps=90.0 jank=0 tail=11ms act=HOLD bn=- cpuB=26 cpuPk=63 primePk=63 io=0 gpuB=75 gpuL=16 capped=0 prk=0 stl=0 draw=5.28W cT=48 gT=44 caps%[0:35,2:90,5:35,7:35,-100:70] curMHz[0:787,2:2841,5:614,7:787] gpu=231 gcap=720[5/13] lrn=100
2026-08-01 14:06:10 PulseDaemon: cap write via daemon (2 node(s))
2026-08-01 14:06:12 PulseDaemon: telemetry read via daemon (16 path(s))
2026-08-01 14:06:13 PulseDaemon: telemetry read via daemon (16 path(s))
2026-08-01 14:06:13 PulseAutoTdp: tgt=90 fps=90.0 jank=0 tail=11ms act=HOLD bn=- cpuB=25 cpuPk=61 primePk=61 io=0 gpuB=78 gpuL=17 capped=0 prk=0 stl=0 draw=4.63W cT=47 gT=44 caps%[0:35,2:90,5:35,7:35,-100:70] curMHz[0:787,2:2841,5:499,7:480] gpu=231 gcap=720[5/13] lrn=100
2026-08-01 14:06:13 PulseDaemon: cap write via daemon (2 node(s))
2026-08-01 14:06:13 PulseDaemon: cap write via daemon (3 node(s))
2026-08-01 14:06:13 PulseDaemon: cap write via daemon (2 node(s))
2026-08-01 14:06:14 PulseDaemon: telemetry read via daemon (16 path(s))
2026-08-01 14:06:16 PulseDaemon: telemetry read via daemon (16 path(s))
2026-08-01 14:06:16 PulseAutoTdp: tgt=90 fps=90.0 jank=0 tail=11ms act=HOLD bn=- cpuB=20 cpuPk=60 primePk=60 io=0 gpuB=69 gpuL=15 capped=0 prk=0 stl=0 draw=6.31W cT=47 gT=44 caps%[0:35,2:90,5:35,7:35,-100:70] curMHz[0:787,2:2246,5:499,7:480] gpu=231 gcap=720[5/13] lrn=100
2026-08-01 14:06:16 PulseDaemon: cap write via daemon (2 node(s))
2026-08-01 14:06:16 PulseDaemon: cap write via daemon (3 node(s))
2026-08-01 14:06:16 PulseDaemon: cap write via daemon (2 node(s))
2026-08-01 14:06:17 PulseDaemon: telemetry read via daemon (16 path(s))
2026-08-01 14:06:18 PulseDaemon: telemetry read via daemon (16 path(s))
2026-08-01 14:06:18 PulseAutoTdp: tgt=90 fps=90.0 jank=0 tail=11ms act=HOLD bn=- cpuB=23 cpuPk=57 primePk=57 io=0 gpuB=63 gpuL=13 capped=0 prk=0 stl=0 draw=4.36W cT=46 gT=44 caps%[0:35,2:90,5:35,7:35,-100:70] curMHz[0:787,2:2841,5:499,7:480] gpu=231 gcap=720[5/13] lrn=100
2026-08-01 14:06:18 PulseDaemon: cap write via daemon (2 node(s))
2026-08-01 14:06:18 PulseDaemon: cap write via daemon (3 node(s))
2026-08-01 14:06:19 PulseDaemon: cap write via daemon (2 node(s))
2026-08-01 14:06:20 PulseDaemon: telemetry read via daemon (16 path(s))
2026-08-01 14:06:21 PulseDaemon: telemetry read via daemon (16 path(s))
2026-08-01 14:06:22 PulseAutoTdp: tgt=90 fps=90.0 jank=0 tail=11ms act=HOLD bn=- cpuB=20 cpuPk=58 primePk=58 io=0 gpuB=63 gpuL=13 capped=0 prk=0 stl=0 draw=5.11W cT=46 gT=44 caps%[0:35,2:90,5:35,7:35,-100:70] curMHz[0:672,2:2572,5:499,7:480] mn/mx[0:364/787,2:499/2841,5:499/1075,7:480/1017] gpu=231 gcap=720[5/13] lrn=100
2026-08-01 14:06:22 PulseDaemon: cap write via daemon (2 node(s))
2026-08-01 14:06:22 PulseDaemon: cap write via daemon (3 node(s))
2026-08-01 14:06:22 PulseDaemon: cap write via daemon (2 node(s))
2026-08-01 14:06:23 PulseDaemon: telemetry read via daemon (16 path(s))
2026-08-01 14:06:25 PulseDaemon: telemetry read via daemon (16 path(s))
2026-08-01 14:06:25 PulseAutoTdp: tgt=90 fps=90.0 jank=0 tail=11ms act=HOLD bn=- cpuB=24 cpuPk=59 primePk=59 io=0 gpuB=64 gpuL=14 capped=0 prk=0 stl=0 draw=4.04W cT=46 gT=44 caps%[0:35,2:90,5:35,7:35,-100:70] curMHz[0:787,2:2841,5:499,7:480] gpu=231 gcap=720[5/13] lrn=100
2026-08-01 14:06:25 PulseDaemon: cap write via daemon (2 node(s))
2026-08-01 14:06:25 PulseDaemon: cap write via daemon (3 node(s))
2026-08-01 14:06:25 PulseDaemon: cap write via xsu fallback (2 node(s), ~289 chars, chunked)
2026-08-01 14:06:26 PulseDaemon: telemetry read via daemon (16 path(s))
2026-08-01 14:06:27 PulseDaemon: telemetry read via daemon (16 path(s))
2026-08-01 14:06:28 PulseAutoTdp: tgt=90 fps=90.0 jank=0 tail=11ms act=HOLD bn=- cpuB=21 cpuPk=55 primePk=54 io=0 gpuB=59 gpuL=12 capped=0 prk=0 stl=0 draw=3.40W cT=45 gT=43 caps%[0:35,2:90,5:35,7:35,-100:70] curMHz[0:556,2:2841,5:499,7:480] gpu=231 gcap=720[5/13] lrn=100
2026-08-01 14:06:28 PulseDaemon: cap write via daemon (2 node(s))
2026-08-01 14:06:28 PulseDaemon: cap write via daemon (3 node(s))
2026-08-01 14:06:28 PulseDaemon: cap write via daemon (2 node(s))
2026-08-01 14:06:29 PulseDaemon: telemetry read via daemon (16 path(s))
2026-08-01 14:06:30 PulseDaemon: telemetry read via daemon (16 path(s))
2026-08-01 14:06:30 PulseAutoTdp: tgt=90 fps=90.0 jank=0 tail=11ms act=HOLD bn=- cpuB=22 cpuPk=56 primePk=51 io=0 gpuB=37 gpuL=8 capped=0 prk=0 stl=0 draw=3.23W cT=46 gT=43 caps%[0:35,2:90,5:35,7:35,-100:70] curMHz[0:787,2:2841,5:499,7:480] gpu=231 gcap=720[5/13] lrn=100
2026-08-01 14:06:30 PulseDaemon: cap write via daemon (2 node(s))
2026-08-01 14:06:30 PulseDaemon: cap write via daemon (3 node(s))
2026-08-01 14:06:30 PulseDaemon: cap write via daemon (2 node(s))
2026-08-01 14:06:32 PulseDaemon: telemetry read via daemon (16 path(s))
2026-08-01 14:06:33 PulseDaemon: telemetry read via daemon (16 path(s))
2026-08-01 14:06:33 PulseDaemon: cap write via daemon (7 node(s))
2026-08-01 14:06:33 PulseAutoTdp: tgt=90 fps=83.1 jank=2 tail=58ms act=RAISE bn=- cpuB=23 cpuPk=59 primePk=58 io=0 gpuB=69 gpuL=15 capped=0 prk=0 stl=0 draw=5.58W cT=49 gT=43 caps%[0:35,2:90,5:35,7:35,-100:75] curMHz[0:787,2:2841,5:499,7:1017] gpu=231 gcap=720[5/13] lrn=100
2026-08-01 14:06:33 PulseDaemon: cap write via daemon (2 node(s))
2026-08-01 14:06:33 PulseDaemon: cap write via daemon (3 node(s))
2026-08-01 14:06:33 PulseDaemon: cap write via daemon (2 node(s))
2026-08-01 14:06:34 PulseDaemon: telemetry read via daemon (16 path(s))
2026-08-01 14:06:36 PulseDaemon: telemetry read via daemon (16 path(s))
2026-08-01 14:06:36 PulseDaemon: cap write via daemon (7 node(s))
2026-08-01 14:06:36 PulseAutoTdp: AUTOTDP-SESSION tgt=90 bias=EFFICIENT wattCap=0 policies=0:2265600:0,1;2:3148800:2,3,4;5:2956800:5,6;7:3052800:7;-100:1050000:
2026-08-01 14:06:36 PulseAutoTdp: tgt=90 fps=90.0 jank=0 tail=11ms act=TRIM bn=- cpuB=18 cpuPk=63 primePk=42 io=0 gpuB=38 gpuL=8 capped=0 prk=0 stl=0 draw=3.54W cT=45 gT=43 caps%[0:35,2:90,5:35,7:35,-100:70] curMHz[0:672,2:2841,5:499,7:480] gpu=231 gcap=770[4/13] lrn=100
2026-08-01 14:06:36 PulseDaemon: cap write via daemon (2 node(s))
2026-08-01 14:06:36 PulseDaemon: cap write via daemon (3 node(s))
2026-08-01 14:06:36 PulseDaemon: cap write via daemon (2 node(s))
2026-08-01 14:06:37 PulseDaemon: telemetry read via daemon (16 path(s))
2026-08-01 14:06:38 PulseDaemon: telemetry read via daemon (16 path(s))
2026-08-01 14:06:39 PulseAutoTdp: tgt=90 fps=90.0 jank=0 tail=11ms act=HOLD bn=- cpuB=21 cpuPk=60 primePk=54 io=0 gpuB=31 gpuL=6 capped=0 prk=0 stl=0 draw=4.98W cT=47 gT=43 caps%[0:35,2:90,5:35,7:35,-100:70] curMHz[0:672,2:2841,5:499,7:480] gpu=231 gcap=720[5/13] lrn=100
2026-08-01 14:06:39 PulseDaemon: cap write via daemon (2 node(s))
2026-08-01 14:06:39 PulseDaemon: cap write via daemon (3 node(s))
2026-08-01 14:06:39 PulseDaemon: cap write via daemon (2 node(s))
2026-08-01 14:06:40 PulseDaemon: telemetry read via daemon (16 path(s))
2026-08-01 14:06:41 PulseDaemon: telemetry read via daemon (16 path(s))
2026-08-01 14:06:41 PulseDaemon: cap write via daemon (7 node(s))
2026-08-01 14:06:41 PulseAutoTdp: tgt=90 fps=28.0 jank=2 tail=90ms act=RAISE bn=CPU cpuB=10 cpuPk=89 primePk=25 io=0 gpuB=0 gpuL=0 capped=0 prk=0 stl=0 draw=3.18W cT=44 gT=43 caps%[0:35,2:95,5:35,7:35,-100:70] curMHz[0:364,2:2841,5:499,7:1017] gpu=231 gcap=720[5/13] lrn=100
2026-08-01 14:06:41 PulseDaemon: cap write via daemon (2 node(s))
2026-08-01 14:06:41 PulseDaemon: cap write via daemon (3 node(s))
2026-08-01 14:06:41 PulseDaemon: cap write via daemon (2 node(s))
2026-08-01 14:06:43 PulseDaemon: telemetry read via daemon (16 path(s))
2026-08-01 14:06:44 PulseDaemon: telemetry read via daemon (16 path(s))
2026-08-01 14:06:44 PulseDaemon: cap write via daemon (7 node(s))
2026-08-01 14:06:44 PulseAutoTdp: tgt=90 fps=90.0 jank=0 tail=11ms act=RAISE bn=CPU cpuB=25 cpuPk=58 primePk=56 io=0 gpuB=21 gpuL=4 capped=0 prk=0 stl=0 draw=5.63W cT=46 gT=44 caps%[0:35,2:100,5:35,7:35,-100:70] curMHz[0:787,2:2764,5:499,7:480] gpu=231 gcap=720[5/13] lrn=100
2026-08-01 14:06:44 PulseDaemon: cap write via daemon (3 node(s))
2026-08-01 14:06:44 PulseDaemon: cap write via daemon (2 node(s))
2026-08-01 14:06:45 PulseDaemon: telemetry read via daemon (16 path(s))
2026-08-01 14:06:47 PulseDaemon: telemetry read via daemon (16 path(s))
2026-08-01 14:06:47 PulseDaemon: cap write via daemon (7 node(s))
2026-08-01 14:06:47 PulseAutoTdp: tgt=90 fps=90.0 jank=0 tail=11ms act=RAISE bn=CPU cpuB=19 cpuPk=57 primePk=50 io=0 gpuB=26 gpuL=5 capped=0 prk=0 stl=0 draw=5.72W cT=46 gT=43 caps%[0:35,2:100,5:35,7:40,-100:70] curMHz[0:556,2:2841,5:499,7:480] gpu=231 gcap=720[5/13] lrn=100
2026-08-01 14:06:47 PulseDaemon: cap write via daemon (3 node(s))
2026-08-01 14:06:47 PulseDaemon: cap write via daemon (2 node(s))
2026-08-01 14:06:48 PulseDaemon: telemetry read via daemon (16 path(s))
2026-08-01 14:06:49 PulseDaemon: telemetry read via daemon (16 path(s))
2026-08-01 14:06:50 PulseAutoTdp: tgt=90 fps=90.0 jank=0 tail=11ms act=HOLD bn=CPU cpuB=20 cpuPk=57 primePk=57 io=0 gpuB=30 gpuL=6 capped=0 prk=0 stl=0 draw=5.13W cT=46 gT=43 caps%[0:35,2:100,5:35,7:40,-100:70] curMHz[0:787,2:3148,5:499,7:480] mn/mx[0:364/787,2:499/3148,5:499/1075,7:480/1248] gpu=231 gcap=720[5/13] lrn=100
2026-08-01 14:06:50 PulseDaemon: cap write via daemon (3 node(s))
2026-08-01 14:06:50 PulseDaemon: cap write via daemon (2 node(s))
2026-08-01 14:06:52 PulseDaemon: telemetry read via daemon (16 path(s))
2026-08-01 14:06:53 PulseDaemon: telemetry read via daemon (16 path(s))
2026-08-01 14:06:53 PulseDaemon: cap write via xsu fallback (7 node(s), ~1322 chars, chunked)
2026-08-01 14:06:53 PulseAutoTdp: tgt=90 fps=90.0 jank=0 tail=11ms act=TRIM bn=- cpuB=16 cpuPk=53 primePk=53 io=0 gpuB=29 gpuL=6 capped=0 prk=0 stl=0 draw=4.11W cT=45 gT=43 caps%[0:35,2:95,5:35,7:40,-100:70] curMHz[0:556,2:2707,5:499,7:480] gpu=231 gcap=720[5/13] lrn=100
2026-08-01 14:06:53 PulseDaemon: cap write via daemon (2 node(s))
2026-08-01 14:06:53 PulseDaemon: cap write via daemon (3 node(s))
2026-08-01 14:06:53 PulseDaemon: cap write via daemon (2 node(s))
2026-08-01 14:06:55 PulseDaemon: telemetry read via daemon (16 path(s))
2026-08-01 14:06:56 PulseDaemon: telemetry read via daemon (16 path(s))
2026-08-01 14:06:56 PulseDaemon: cap write via daemon (7 node(s))
2026-08-01 14:06:56 PulseAutoTdp: tgt=90 fps=90.0 jank=0 tail=11ms act=TRIM bn=- cpuB=21 cpuPk=60 primePk=60 io=0 gpuB=29 gpuL=6 capped=0 prk=0 stl=0 draw=4.57W cT=46 gT=43 caps%[0:35,2:90,5:35,7:40,-100:70] curMHz[0:787,2:3014,5:960,7:1248] gpu=231 gcap=720[5/13] lrn=100
2026-08-01 14:06:56 PulseDaemon: cap write via daemon (2 node(s))
2026-08-01 14:06:56 PulseDaemon: cap write via daemon (3 node(s))
2026-08-01 14:06:56 PulseDaemon: cap write via daemon (2 node(s))
2026-08-01 14:06:57 PulseDaemon: telemetry read via daemon (16 path(s))
2026-08-01 14:06:59 PulseDaemon: telemetry read via daemon (16 path(s))
2026-08-01 14:06:59 PulseDaemon: cap write via daemon (7 node(s))
2026-08-01 14:06:59 PulseAutoTdp: tgt=90 fps=90.0 jank=0 tail=11ms act=TRIM bn=- cpuB=18 cpuPk=56 primePk=56 io=0 gpuB=29 gpuL=6 capped=0 prk=0 stl=0 draw=3.00W cT=45 gT=43 caps%[0:35,2:90,5:35,7:35,-100:70] curMHz[0:672,2:2841,5:499,7:480] gpu=231 gcap=720[5/13] lrn=100
2026-08-01 14:06:59 PulseDaemon: cap write via daemon (2 node(s))
2026-08-01 14:06:59 PulseDaemon: cap write via daemon (3 node(s))
2026-08-01 14:06:59 PulseDaemon: cap write via daemon (2 node(s))
2026-08-01 14:07:00 PulseDaemon: telemetry read via daemon (16 path(s))
2026-08-01 14:07:01 PulseDaemon: telemetry read via daemon (16 path(s))
2026-08-01 14:07:02 PulseAutoTdp: tgt=90 fps=90.0 jank=0 tail=11ms act=HOLD bn=- cpuB=18 cpuPk=55 primePk=55 io=0 gpuB=28 gpuL=6 capped=0 prk=0 stl=0 draw=4.46W cT=44 gT=43 caps%[0:35,2:90,5:35,7:35,-100:70] curMHz[0:787,2:2841,5:499,7:480] gpu=231 gcap=720[5/13] lrn=100
2026-08-01 14:07:02 PulseDaemon: cap write via daemon (2 node(s))
2026-08-01 14:07:02 PulseDaemon: cap write via daemon (3 node(s))
2026-08-01 14:07:02 PulseDaemon: cap write via daemon (2 node(s))
2026-08-01 14:07:03 PulseDaemon: telemetry read via daemon (16 path(s))
2026-08-01 14:07:04 PulseDaemon: telemetry read via daemon (16 path(s))
2026-08-01 14:07:04 PulseAutoTdp: tgt=90 fps=90.0 jank=0 tail=11ms act=HOLD bn=- cpuB=20 cpuPk=53 primePk=48 io=0 gpuB=30 gpuL=6 capped=0 prk=0 stl=0 draw=5.14W cT=45 gT=43 caps%[0:35,2:90,5:35,7:35,-100:70] curMHz[0:787,2:2841,5:729,7:480] gpu=231 gcap=720[5/13] lrn=100
2026-08-01 14:07:04 PulseDaemon: cap write via daemon (2 node(s))
2026-08-01 14:07:04 PulseDaemon: cap write via daemon (3 node(s))
2026-08-01 14:07:04 PulseDaemon: cap write via daemon (2 node(s))
2026-08-01 14:07:06 PulseDaemon: telemetry read via daemon (16 path(s))
2026-08-01 14:07:07 PulseDaemon: telemetry read via daemon (16 path(s))
2026-08-01 14:07:07 PulseAutoTdp: tgt=90 fps=90.0 jank=0 tail=11ms act=HOLD bn=- cpuB=20 cpuPk=56 primePk=46 io=0 gpuB=28 gpuL=6 capped=0 prk=0 stl=0 draw=3.23W cT=46 gT=43 caps%[0:35,2:90,5:35,7:35,-100:70] curMHz[0:556,2:2841,5:499,7:480] gpu=231 gcap=720[5/13] lrn=100
2026-08-01 14:07:07 PulseDaemon: cap write via daemon (2 node(s))
2026-08-01 14:07:07 PulseDaemon: cap write via daemon (3 node(s))
2026-08-01 14:07:07 PulseDaemon: cap write via daemon (2 node(s))
2026-08-01 14:07:08 PulseDaemon: telemetry read via daemon (16 path(s))
2026-08-01 14:07:10 PulseDaemon: telemetry read via daemon (16 path(s))
2026-08-01 14:07:10 PulseAutoTdp: tgt=90 fps=90.0 jank=0 tail=11ms act=HOLD bn=- cpuB=19 cpuPk=60 primePk=48 io=0 gpuB=22 gpuL=4 capped=0 prk=0 stl=0 draw=3.25W cT=44 gT=43 caps%[0:35,2:90,5:35,7:35,-100:70] curMHz[0:787,2:2841,5:499,7:480] gpu=231 gcap=720[5/13] lrn=100
2026-08-01 14:07:10 PulseDaemon: cap write via daemon (2 node(s))
2026-08-01 14:07:10 PulseDaemon: cap write via daemon (3 node(s))
2026-08-01 14:07:10 PulseDaemon: cap write via daemon (2 node(s))
2026-08-01 14:07:11 PulseDaemon: telemetry read via daemon (16 path(s))
2026-08-01 14:07:12 PulseDaemon: telemetry read via daemon (16 path(s))
2026-08-01 14:07:12 PulseAutoTdp: tgt=90 fps=90.0 jank=0 tail=11ms act=HOLD bn=- cpuB=19 cpuPk=57 primePk=48 io=0 gpuB=23 gpuL=5 capped=0 prk=0 stl=0 draw=4.24W cT=44 gT=43 caps%[0:35,2:90,5:35,7:35,-100:70] curMHz[0:787,2:2841,5:499,7:480] gpu=231 gcap=720[5/13] lrn=100
2026-08-01 14:07:12 PulseDaemon: cap write via daemon (2 node(s))
2026-08-01 14:07:12 PulseDaemon: cap write via daemon (3 node(s))
2026-08-01 14:07:12 PulseDaemon: cap write via daemon (2 node(s))
2026-08-01 14:07:14 PulseDaemon: telemetry read via daemon (16 path(s))
2026-08-01 14:07:15 PulseDaemon: telemetry read via daemon (16 path(s))
2026-08-01 14:07:15 PulseAutoTdp: tgt=90 fps=90.0 jank=0 tail=11ms act=HOLD bn=- cpuB=14 cpuPk=56 primePk=46 io=0 gpuB=23 gpuL=5 capped=0 prk=0 stl=0 draw=3.17W cT=44 gT=43 caps%[0:35,2:90,5:35,7:35,-100:70] curMHz[0:787,2:1824,5:499,7:480] gpu=231 gcap=720[5/13] lrn=100
2026-08-01 14:07:15 PulseDaemon: cap write via daemon (2 node(s))
2026-08-01 14:07:15 PulseDaemon: cap write via daemon (3 node(s))
2026-08-01 14:07:15 PulseDaemon: cap write via daemon (2 node(s))
2026-08-01 14:07:16 PulseDaemon: telemetry read via daemon (16 path(s))
2026-08-01 14:07:18 PulseDaemon: telemetry read via daemon (16 path(s))
2026-08-01 14:07:18 PulseDaemon: cap write via daemon (7 node(s))
2026-08-01 14:07:18 PulseAutoTdp: AUTOTDP-SESSION tgt=90 bias=EFFICIENT wattCap=0 policies=0:2265600:0,1;2:3148800:2,3,4;5:2956800:5,6;7:3052800:7;-100:1050000:
2026-08-01 14:07:19 PulseAutoTdp: tgt=90 fps=90.0 jank=0 tail=11ms act=TRIM bn=- cpuB=20 cpuPk=55 primePk=49 io=0 gpuB=26 gpuL=5 capped=0 prk=0 stl=0 draw=2.97W cT=44 gT=42 caps%[0:35,2:85,5:35,7:35,-100:70] curMHz[0:787,2:2841,5:499,7:480] mn/mx[0:787/787,2:499/2707,5:499/1075,7:480/1017] gpu=231 gcap=720[5/13] lrn=100
2026-08-01 14:07:19 PulseDaemon: cap write via daemon (2 node(s))
2026-08-01 14:07:19 PulseDaemon: cap write via daemon (3 node(s))
2026-08-01 14:07:19 PulseDaemon: cap write via daemon (2 node(s))
2026-08-01 14:07:20 PulseDaemon: telemetry read via daemon (16 path(s))
2026-08-01 14:07:21 PulseDaemon: telemetry read via daemon (16 path(s))
2026-08-01 14:07:22 PulseDaemon: cap write via daemon (7 node(s))
2026-08-01 14:07:22 PulseDaemon: cap write via daemon (3 node(s))
2026-08-01 14:07:22 PulseDaemon: cap write via daemon (2 node(s))
2026-08-01 14:07:23 PulseDaemon: telemetry read via daemon (16 path(s))
2026-08-01 14:07:24 PulseDaemon: telemetry read via daemon (16 path(s))
2026-08-01 14:07:24 PulseAutoTdp: tgt=90 fps=90.0 jank=0 tail=11ms act=HOLD bn=- cpuB=12 cpuPk=59 primePk=49 io=0 gpuB=22 gpuL=4 capped=0 prk=0 stl=0 draw=4.25W cT=43 gT=41 caps%[0:35,2:85,5:35,7:35,-100:65] curMHz[0:787,2:1190,5:499,7:480] gpu=231 gcap=680[6/13] lrn=100
2026-08-01 14:07:24 PulseDaemon: cap write via daemon (2 node(s))
2026-08-01 14:07:24 PulseDaemon: cap write via daemon (3 node(s))
2026-08-01 14:07:24 PulseDaemon: cap write via daemon (2 node(s))
2026-08-01 14:07:26 PulseDaemon: telemetry read via daemon (16 path(s))
2026-08-01 14:07:27 PulseDaemon: telemetry read via daemon (16 path(s))
2026-08-01 14:07:27 PulseAutoTdp: tgt=90 fps=90.0 jank=0 tail=11ms act=HOLD bn=- cpuB=16 cpuPk=62 primePk=45 io=0 gpuB=22 gpuL=4 capped=0 prk=0 stl=0 draw=2.80W cT=43 gT=41 caps%[0:35,2:85,5:35,7:35,-100:65] curMHz[0:556,2:2707,5:499,7:480] gpu=231 gcap=680[6/13] lrn=100
2026-08-01 14:07:27 PulseDaemon: cap write via daemon (2 node(s))
2026-08-01 14:07:27 PulseDaemon: cap write via daemon (3 node(s))
2026-08-01 14:07:27 PulseDaemon: cap write via daemon (2 node(s))
2026-08-01 14:07:28 PulseDaemon: telemetry read via daemon (16 path(s))
2026-08-01 14:07:29 PulseDaemon: telemetry read via daemon (16 path(s))
2026-08-01 14:07:30 PulseAutoTdp: tgt=90 fps=90.0 jank=0 tail=11ms act=HOLD bn=- cpuB=18 cpuPk=57 primePk=47 io=0 gpuB=22 gpuL=4 capped=0 prk=0 stl=0 draw=2.82W cT=42 gT=42 caps%[0:35,2:85,5:35,7:35,-100:65] curMHz[0:787,2:2707,5:499,7:480] gpu=231 gcap=680[6/13] lrn=100
2026-08-01 14:07:30 PulseDaemon: cap write via daemon (2 node(s))
2026-08-01 14:07:30 PulseDaemon: cap write via daemon (3 node(s))
2026-08-01 14:07:30 PulseDaemon: cap write via daemon (2 node(s))
2026-08-01 14:07:31 PulseDaemon: telemetry read via daemon (16 path(s))
2026-08-01 14:07:32 PulseDaemon: telemetry read via daemon (16 path(s))
2026-08-01 14:07:32 PulseAutoTdp: tgt=90 fps=90.0 jank=0 tail=11ms act=HOLD bn=- cpuB=20 cpuPk=61 primePk=47 io=0 gpuB=23 gpuL=5 capped=0 prk=0 stl=0 draw=5.03W cT=43 gT=42 caps%[0:35,2:85,5:35,7:35,-100:65] curMHz[0:672,2:2707,5:844,7:480] gpu=231 gcap=680[6/13] lrn=100
2026-08-01 14:07:32 PulseDaemon: cap write via daemon (2 node(s))
2026-08-01 14:07:32 PulseDaemon: cap write via daemon (3 node(s))
2026-08-01 14:07:32 PulseDaemon: cap write via daemon (2 node(s))
2026-08-01 14:07:34 PulseDaemon: telemetry read via daemon (16 path(s))
2026-08-01 14:07:35 PulseDaemon: telemetry read via daemon (16 path(s))
2026-08-01 14:07:35 PulseAutoTdp: tgt=90 fps=90.0 jank=0 tail=22ms act=HOLD bn=- cpuB=20 cpuPk=57 primePk=53 io=0 gpuB=22 gpuL=4 capped=0 prk=0 stl=0 draw=5.74W cT=44 gT=43 caps%[0:35,2:85,5:35,7:35,-100:65] curMHz[0:787,2:2707,5:499,7:480] gpu=231 gcap=680[6/13] lrn=100
2026-08-01 14:07:35 PulseDaemon: cap write via daemon (2 node(s))
2026-08-01 14:07:35 PulseDaemon: cap write via daemon (3 node(s))
2026-08-01 14:07:35 PulseDaemon: cap write via daemon (2 node(s))
2026-08-01 14:07:36 PulseDaemon: telemetry read via daemon (16 path(s))
2026-08-01 14:07:38 PulseDaemon: telemetry read via daemon (16 path(s))
2026-08-01 14:07:38 PulseAutoTdp: tgt=90 fps=90.0 jank=0 tail=11ms act=HOLD bn=- cpuB=18 cpuPk=55 primePk=46 io=0 gpuB=30 gpuL=6 capped=0 prk=0 stl=0 draw=2.69W cT=43 gT=42 caps%[0:35,2:85,5:35,7:35,-100:65] curMHz[0:787,2:2515,5:499,7:480] gpu=231 gcap=680[6/13] lrn=100
2026-08-01 14:07:38 PulseDaemon: cap write via daemon (2 node(s))
2026-08-01 14:07:38 PulseDaemon: cap write via daemon (3 node(s))
2026-08-01 14:07:38 PulseDaemon: cap write via daemon (2 node(s))
2026-08-01 14:07:39 PulseDaemon: telemetry read via daemon (16 path(s))
2026-08-01 14:07:40 PulseDaemon: telemetry read via daemon (16 path(s))
2026-08-01 14:07:41 PulseDaemon: cap write via daemon (7 node(s))
2026-08-01 14:07:41 PulseAutoTdp: tgt=90 fps=79.8 jank=3 tail=78ms act=RAISE bn=- cpuB=20 cpuPk=56 primePk=46 io=0 gpuB=33 gpuL=7 capped=0 prk=0 stl=0 draw=2.75W cT=44 gT=43 caps%[0:35,2:85,5:35,7:35,-100:70] curMHz[0:787,2:2707,5:499,7:480] gpu=231 gcap=680[6/13] lrn=100
2026-08-01 14:07:41 PulseDaemon: cap write via daemon (2 node(s))
2026-08-01 14:07:41 PulseDaemon: cap write via daemon (3 node(s))
2026-08-01 14:07:41 PulseDaemon: cap write via daemon (2 node(s))
2026-08-01 14:07:42 PulseDaemon: telemetry read via daemon (16 path(s))
2026-08-01 14:07:43 PulseDaemon: telemetry read via daemon (16 path(s))
2026-08-01 14:07:43 PulseAutoTdp: tgt=90 fps=90.0 jank=0 tail=11ms act=HOLD bn=- cpuB=18 cpuPk=60 primePk=46 io=0 gpuB=26 gpuL=5 capped=0 prk=0 stl=0 draw=3.46W cT=43 gT=42 caps%[0:35,2:85,5:35,7:35,-100:70] curMHz[0:787,2:2707,5:499,7:480] gpu=231 gcap=720[5/13] lrn=100
2026-08-01 14:07:43 PulseDaemon: cap write via daemon (2 node(s))
2026-08-01 14:07:43 PulseDaemon: cap write via daemon (3 node(s))
2026-08-01 14:07:43 PulseDaemon: cap write via daemon (2 node(s))
2026-08-01 14:07:45 PulseDaemon: telemetry read via daemon (16 path(s))
2026-08-01 14:07:46 PulseDaemon: telemetry read via daemon (16 path(s))
2026-08-01 14:07:47 PulseAutoTdp: tgt=90 fps=87.4 jank=1 tail=58ms act=HOLD bn=- cpuB=20 cpuPk=56 primePk=50 io=0 gpuB=21 gpuL=4 capped=0 prk=0 stl=0 draw=3.88W cT=46 gT=43 caps%[0:35,2:85,5:35,7:35,-100:70] curMHz[0:787,2:2707,5:499,7:480] mn/mx[0:364/787,2:499/2707,5:499/1075,7:480/1017] gpu=231 gcap=720[5/13] lrn=100
2026-08-01 14:07:47 PulseDaemon: cap write via daemon (2 node(s))
2026-08-01 14:07:47 PulseDaemon: cap write via daemon (3 node(s))
2026-08-01 14:07:47 PulseDaemon: cap write via daemon (2 node(s))
2026-08-01 14:07:48 PulseDaemon: telemetry read via daemon (16 path(s))
2026-08-01 14:07:50 PulseDaemon: telemetry read via daemon (16 path(s))
2026-08-01 14:07:50 PulseDaemon: cap write via daemon (7 node(s))
2026-08-01 14:07:50 PulseDaemon: cap write via daemon (2 node(s))
2026-08-01 14:07:50 PulseDaemon: cap write via daemon (3 node(s))
2026-08-01 14:07:50 PulseDaemon: cap write via daemon (2 node(s))
2026-08-01 14:07:52 PulseDaemon: telemetry read via daemon (16 path(s))
2026-08-01 14:07:53 PulseDaemon: telemetry read via daemon (16 path(s))
2026-08-01 14:07:53 PulseDaemon: cap write via daemon (7 node(s))
2026-08-01 14:07:53 PulseAutoTdp: tgt=90 fps=90.0 jank=0 tail=11ms act=RAISE bn=CPU cpuB=34 cpuPk=73 primePk=73 io=0 gpuB=42 gpuL=9 capped=0 prk=0 stl=0 draw=5.10W cT=54 gT=46 caps%[0:35,2:95,5:35,7:35,-100:70] curMHz[0:787,2:2841,5:960,7:480] gpu=231 gcap=720[5/13] lrn=100
2026-08-01 14:07:53 PulseDaemon: cap write via daemon (2 node(s))
2026-08-01 14:07:53 PulseDaemon: cap write via daemon (3 node(s))
2026-08-01 14:07:53 PulseDaemon: cap write via daemon (2 node(s))
2026-08-01 14:07:55 PulseDaemon: telemetry read via daemon (16 path(s))
2026-08-01 14:07:56 PulseDaemon: telemetry read via daemon (16 path(s))
2026-08-01 14:07:56 PulseDaemon: cap write via daemon (7 node(s))
2026-08-01 14:07:56 PulseAutoTdp: tgt=90 fps=90.0 jank=0 tail=11ms act=RAISE bn=- cpuB=22 cpuPk=53 primePk=51 io=0 gpuB=28 gpuL=6 capped=0 prk=0 stl=0 draw=4.86W cT=48 gT=45 caps%[0:35,2:95,5:35,7:35,-100:75] curMHz[0:787,2:3014,5:499,7:480] gpu=231 gcap=720[5/13] lrn=100
2026-08-01 14:07:56 PulseDaemon: cap write via daemon (2 node(s))
2026-08-01 14:07:56 PulseDaemon: cap write via daemon (2 node(s))
2026-08-01 14:07:57 PulseDaemon: telemetry read via daemon (16 path(s))
2026-08-01 14:07:59 PulseDaemon: telemetry read via daemon (16 path(s))
2026-08-01 14:07:59 PulseDaemon: cap write via daemon (7 node(s))
2026-08-01 14:07:59 PulseAutoTdp: tgt=90 fps=89.5 jank=0 tail=22ms act=RAISE bn=CPU cpuB=42 cpuPk=82 primePk=82 io=0 gpuB=55 gpuL=12 capped=0 prk=0 stl=0 draw=9.86W cT=58 gT=46 caps%[0:35,2:100,5:35,7:35,-100:75] curMHz[0:787,2:3014,5:1075,7:1017] gpu=231 gcap=770[4/13] lrn=100
2026-08-01 14:07:59 PulseDaemon: cap write via daemon (3 node(s))
2026-08-01 14:07:59 PulseDaemon: cap write via daemon (2 node(s))
2026-08-01 14:08:00 PulseDaemon: telemetry read via daemon (16 path(s))
2026-08-01 14:08:02 PulseDaemon: telemetry read via daemon (16 path(s))
2026-08-01 14:08:02 PulseDaemon: cap write via daemon (7 node(s))
2026-08-01 14:08:02 PulseAutoTdp: AUTOTDP-SESSION tgt=90 bias=EFFICIENT wattCap=0 policies=0:2265600:0,1;2:3148800:2,3,4;5:2956800:5,6;7:3052800:7;-100:1050000:
2026-08-01 14:08:02 PulseAutoTdp: tgt=90 fps=90.0 jank=0 tail=22ms act=RAISE bn=CPU cpuB=42 cpuPk=81 primePk=81 io=0 gpuB=79 gpuL=17 capped=0 prk=0 stl=0 draw=9.90W cT=59 gT=47 caps%[0:35,2:100,5:35,7:40,-100:75] curMHz[0:787,2:3148,5:1075,7:1017] gpu=231 gcap=770[4/13] lrn=100
2026-08-01 14:08:02 PulseDaemon: cap write via daemon (3 node(s))
2026-08-01 14:08:02 PulseDaemon: cap write via daemon (2 node(s))
2026-08-01 14:08:03 PulseDaemon: telemetry read via daemon (16 path(s))
2026-08-01 14:08:05 PulseDaemon: telemetry read via daemon (16 path(s))
2026-08-01 14:08:05 PulseAutoTdp: tgt=90 fps=90.0 jank=0 tail=11ms act=HOLD bn=GPU cpuB=32 cpuPk=67 primePk=67 io=0 gpuB=85 gpuL=18 capped=0 prk=0 stl=0 draw=7.11W cT=55 gT=48 caps%[0:35,2:100,5:35,7:40,-100:75] curMHz[0:787,2:3148,5:1075,7:1248] gpu=231 gcap=770[4/13] lrn=100
2026-08-01 14:08:05 PulseDaemon: cap write via daemon (3 node(s))
2026-08-01 14:08:05 PulseDaemon: cap write via daemon (2 node(s))
2026-08-01 14:08:06 PulseDaemon: telemetry read via daemon (16 path(s))
2026-08-01 14:08:07 PulseDaemon: telemetry read via daemon (16 path(s))
2026-08-01 14:08:08 PulseDaemon: cap write via daemon (7 node(s))
2026-08-01 14:08:08 PulseAutoTdp: tgt=90 fps=90.0 jank=0 tail=11ms act=TRIM bn=CPU cpuB=33 cpuPk=67 primePk=67 io=0 gpuB=65 gpuL=14 capped=0 prk=0 stl=0 draw=8.93W cT=54 gT=47 caps%[0:35,2:100,5:35,7:40,-100:70] curMHz[0:787,2:3148,5:1075,7:1248] gpu=231 gcap=770[4/13] lrn=100
2026-08-01 14:08:08 PulseDaemon: cap write via daemon (3 node(s))
2026-08-01 14:08:08 PulseDaemon: cap write via daemon (2 node(s))
2026-08-01 14:08:09 PulseDaemon: telemetry read via daemon (16 path(s))
2026-08-01 14:08:10 PulseDaemon: telemetry read via daemon (16 path(s))
2026-08-01 14:08:10 PulseDaemon: cap write via daemon (7 node(s))
2026-08-01 14:08:10 PulseAutoTdp: tgt=90 fps=90.0 jank=0 tail=11ms act=TRIM bn=CPU cpuB=30 cpuPk=64 primePk=64 io=0 gpuB=66 gpuL=14 capped=0 prk=0 stl=0 draw=9.43W cT=53 gT=47 caps%[0:35,2:100,5:35,7:40,-100:65] curMHz[0:787,2:3148,5:1075,7:1248] gpu=231 gcap=720[5/13] lrn=100
2026-08-01 14:08:10 PulseDaemon: cap write via daemon (3 node(s))
2026-08-01 14:08:11 PulseDaemon: cap write via daemon (2 node(s))
2026-08-01 14:08:12 PulseDaemon: telemetry read via daemon (16 path(s))
2026-08-01 14:08:13 PulseDaemon: telemetry read via daemon (16 path(s))
2026-08-01 14:08:13 PulseAutoTdp: tgt=90 fps=90.0 jank=0 tail=11ms act=HOLD bn=CPU cpuB=23 cpuPk=57 primePk=50 io=0 gpuB=29 gpuL=6 capped=0 prk=0 stl=0 draw=4.45W cT=48 gT=45 caps%[0:35,2:100,5:35,7:40,-100:65] curMHz[0:787,2:3148,5:499,7:480] gpu=231 gcap=680[6/13] lrn=100
2026-08-01 14:08:13 PulseDaemon: cap write via daemon (3 node(s))
2026-08-01 14:08:13 PulseDaemon: cap write via daemon (2 node(s))
2026-08-01 14:08:14 PulseDaemon: telemetry read via daemon (16 path(s))
2026-08-01 14:08:16 PulseDaemon: telemetry read via daemon (16 path(s))
2026-08-01 14:08:17 PulseAutoTdp: tgt=90 fps=90.0 jank=0 tail=11ms act=HOLD bn=CPU cpuB=24 cpuPk=59 primePk=59 io=0 gpuB=43 gpuL=9 capped=0 prk=0 stl=0 draw=6.15W cT=48 gT=46 caps%[0:35,2:100,5:35,7:40,-100:65] curMHz[0:787,2:3148,5:499,7:480] mn/mx[0:787/787,2:499/3148,5:499/1075,7:480/1248] gpu=231 gcap=680[6/13] lrn=100
2026-08-01 14:08:17 PulseDaemon: cap write via daemon (3 node(s))
2026-08-01 14:08:17 PulseDaemon: cap write via daemon (2 node(s))
2026-08-01 14:08:18 PulseDaemon: telemetry read via daemon (16 path(s))
2026-08-01 14:08:19 PulseDaemon: telemetry read via daemon (16 path(s))
2026-08-01 14:08:19 PulseAutoTdp: tgt=90 fps=90.0 jank=0 tail=11ms act=HOLD bn=CPU cpuB=24 cpuPk=57 primePk=57 io=0 gpuB=44 gpuL=9 capped=0 prk=0 stl=0 draw=5.10W cT=48 gT=45 caps%[0:35,2:100,5:35,7:40,-100:65] curMHz[0:787,2:3148,5:499,7:480] gpu=231 gcap=680[6/13] lrn=100
2026-08-01 14:08:19 PulseDaemon: cap write via daemon (3 node(s))
2026-08-01 14:08:19 PulseDaemon: cap write via daemon (2 node(s))
2026-08-01 14:08:20 PulseDaemon: telemetry read via daemon (16 path(s))
2026-08-01 14:08:22 PulseDaemon: telemetry read via daemon (16 path(s))
2026-08-01 14:08:22 PulseAutoTdp: tgt=90 fps=90.0 jank=0 tail=11ms act=HOLD bn=CPU cpuB=20 cpuPk=58 primePk=58 io=0 gpuB=47 gpuL=10 capped=0 prk=0 stl=0 draw=5.49W cT=48 gT=45 caps%[0:35,2:100,5:35,7:40,-100:65] curMHz[0:556,2:2956,5:499,7:480] gpu=231 gcap=680[6/13] lrn=100
2026-08-01 14:08:22 PulseDaemon: cap write via daemon (3 node(s))
2026-08-01 14:08:22 PulseDaemon: cap write via daemon (2 node(s))
2026-08-01 14:08:23 PulseDaemon: telemetry read via daemon (16 path(s))
2026-08-01 14:08:24 PulseDaemon: telemetry read via daemon (16 path(s))
2026-08-01 14:08:24 PulseAutoTdp: tgt=90 fps=90.0 jank=0 tail=11ms act=HOLD bn=CPU cpuB=21 cpuPk=55 primePk=55 io=0 gpuB=45 gpuL=9 capped=0 prk=0 stl=0 draw=4.26W cT=49 gT=45 caps%[0:35,2:100,5:35,7:40,-100:65] curMHz[0:556,2:3014,5:729,7:480] gpu=231 gcap=680[6/13] lrn=100
2026-08-01 14:08:25 PulseDaemon: cap write via daemon (3 node(s))
2026-08-01 14:08:25 PulseDaemon: cap write via daemon (2 node(s))
2026-08-01 14:08:26 PulseDaemon: telemetry read via daemon (16 path(s))
2026-08-01 14:08:27 PulseDaemon: telemetry read via daemon (16 path(s))
2026-08-01 14:08:27 PulseAutoTdp: tgt=90 fps=90.0 jank=0 tail=11ms act=HOLD bn=CPU cpuB=22 cpuPk=64 primePk=64 io=0 gpuB=46 gpuL=10 capped=0 prk=0 stl=0 draw=4.61W cT=48 gT=44 caps%[0:35,2:100,5:35,7:40,-100:65] curMHz[0:672,2:3148,5:499,7:480] gpu=231 gcap=680[6/13] lrn=100
2026-08-01 14:08:27 PulseDaemon: cap write via xsu fallback (3 node(s), ~620 chars, chunked)
2026-08-01 14:08:27 PulseDaemon: cap write via daemon (2 node(s))
2026-08-01 14:08:28 PulseDaemon: telemetry read via daemon (16 path(s))
2026-08-01 14:08:30 PulseDaemon: telemetry read via daemon (16 path(s))
2026-08-01 14:08:30 PulseAutoTdp: tgt=90 fps=90.0 jank=0 tail=11ms act=HOLD bn=CPU cpuB=21 cpuPk=57 primePk=52 io=0 gpuB=42 gpuL=9 capped=0 prk=0 stl=0 draw=3.36W cT=47 gT=44 caps%[0:35,2:100,5:35,7:40,-100:65] curMHz[0:556,2:2841,5:499,7:480] gpu=231 gcap=680[6/13] lrn=100
2026-08-01 14:08:30 PulseDaemon: cap write via daemon (3 node(s))
2026-08-01 14:08:30 PulseDaemon: cap write via daemon (2 node(s))
2026-08-01 14:08:31 PulseDaemon: telemetry read via daemon (16 path(s))
2026-08-01 14:08:33 PulseDaemon: telemetry read via daemon (16 path(s))
2026-08-01 14:08:33 PulseAutoTdp: tgt=90 fps=90.0 jank=0 tail=11ms act=HOLD bn=CPU cpuB=25 cpuPk=61 primePk=61 io=0 gpuB=68 gpuL=14 capped=0 prk=0 stl=0 draw=4.38W cT=47 gT=45 caps%[0:35,2:100,5:35,7:40,-100:65] curMHz[0:672,2:3148,5:499,7:480] gpu=231 gcap=680[6/13] lrn=100
2026-08-01 14:08:33 PulseDaemon: cap write via daemon (3 node(s))
2026-08-01 14:08:33 PulseDaemon: cap write via daemon (2 node(s))
2026-08-01 14:08:34 PulseDaemon: telemetry read via daemon (16 path(s))
2026-08-01 14:08:35 PulseDaemon: telemetry read via daemon (16 path(s))
2026-08-01 14:08:35 PulseAutoTdp: tgt=90 fps=90.0 jank=0 tail=11ms act=HOLD bn=CPU cpuB=21 cpuPk=55 primePk=55 io=0 gpuB=36 gpuL=7 capped=0 prk=0 stl=0 draw=3.88W cT=48 gT=44 caps%[0:35,2:100,5:35,7:40,-100:65] curMHz[0:672,2:3148,5:499,7:480] gpu=231 gcap=680[6/13] lrn=100
2026-08-01 14:08:35 PulseDaemon: cap write via daemon (3 node(s))
2026-08-01 14:08:36 PulseDaemon: telemetry read via daemon (16 path(s))
2026-08-01 14:08:38 PulseDaemon: telemetry read via daemon (16 path(s))
2026-08-01 14:08:38 PulseDaemon: cap write via daemon (7 node(s))
2026-08-01 14:08:38 PulseAutoTdp: tgt=90 fps=90.0 jank=0 tail=11ms act=TRIM bn=- cpuB=22 cpuPk=54 primePk=53 io=0 gpuB=34 gpuL=7 capped=0 prk=0 stl=0 draw=5.25W cT=50 gT=44 caps%[0:35,2:95,5:35,7:40,-100:65] curMHz[0:787,2:3148,5:614,7:480] gpu=231 gcap=680[6/13] lrn=100
2026-08-01 14:08:38 PulseDaemon: cap write via daemon (2 node(s))
2026-08-01 14:08:38 PulseDaemon: cap write via daemon (3 node(s))
2026-08-01 14:08:38 PulseDaemon: cap write via daemon (2 node(s))
2026-08-01 14:08:39 PulseDaemon: telemetry read via daemon (16 path(s))
2026-08-01 14:08:41 PulseDaemon: telemetry read via daemon (16 path(s))
2026-08-01 14:08:41 PulseDaemon: cap write via daemon (7 node(s))
2026-08-01 14:08:41 PulseAutoTdp: tgt=90 fps=90.0 jank=0 tail=11ms act=TRIM bn=- cpuB=19 cpuPk=55 primePk=48 io=0 gpuB=35 gpuL=7 capped=0 prk=0 stl=0 draw=4.88W cT=48 gT=45 caps%[0:35,2:90,5:35,7:40,-100:65] curMHz[0:787,2:2515,5:499,7:480] gpu=231 gcap=680[6/13] lrn=100
2026-08-01 14:08:41 PulseDaemon: cap write via daemon (2 node(s))
2026-08-01 14:08:41 PulseDaemon: cap write via daemon (3 node(s))
2026-08-01 14:08:41 PulseDaemon: cap write via daemon (2 node(s))
2026-08-01 14:08:42 PulseDaemon: telemetry read via daemon (16 path(s))
2026-08-01 14:08:43 PulseDaemon: telemetry read via daemon (16 path(s))
2026-08-01 14:08:44 PulseDaemon: cap write via daemon (7 node(s))
2026-08-01 14:08:44 PulseAutoTdp: AUTOTDP-SESSION tgt=90 bias=EFFICIENT wattCap=0 policies=0:2265600:0,1;2:3148800:2,3,4;5:2956800:5,6;7:3052800:7;-100:1050000:
2026-08-01 14:08:44 PulseAutoTdp: tgt=90 fps=90.0 jank=0 tail=11ms act=TRIM bn=- cpuB=20 cpuPk=59 primePk=59 io=0 gpuB=33 gpuL=7 capped=0 prk=0 stl=0 draw=4.35W cT=46 gT=45 caps%[0:35,2:85,5:35,7:40,-100:65] curMHz[0:460,2:2841,5:499,7:480] mn/mx[0:787/787,2:499/2707,5:499/1075,7:480/1248] gpu=231 gcap=680[6/13] lrn=100
2026-08-01 14:08:44 PulseDaemon: cap write via daemon (2 node(s))
2026-08-01 14:08:44 PulseDaemon: cap write via daemon (3 node(s))
2026-08-01 14:08:45 PulseDaemon: cap write via daemon (2 node(s))
2026-08-01 14:08:46 PulseDaemon: telemetry read via daemon (16 path(s))
2026-08-01 14:08:47 PulseDaemon: telemetry read via daemon (16 path(s))
2026-08-01 14:08:47 PulseDaemon: cap write via daemon (7 node(s))
2026-08-01 14:08:47 PulseAutoTdp: tgt=90 fps=90.0 jank=0 tail=11ms act=TRIM bn=- cpuB=20 cpuPk=56 primePk=56 io=0 gpuB=39 gpuL=8 capped=0 prk=0 stl=0 draw=4.54W cT=47 gT=45 caps%[0:35,2:80,5:35,7:40,-100:65] curMHz[0:672,2:2707,5:499,7:480] gpu=231 gcap=680[6/13] lrn=100
2026-08-01 14:08:47 PulseDaemon: cap write via daemon (2 node(s))
2026-08-01 14:08:47 PulseDaemon: cap write via daemon (3 node(s))
2026-08-01 14:08:47 PulseDaemon: cap write via daemon (2 node(s))
2026-08-01 14:08:49 PulseDaemon: telemetry read via daemon (16 path(s))
2026-08-01 14:08:50 PulseDaemon: telemetry read via daemon (16 path(s))
2026-08-01 14:08:50 PulseDaemon: cap write via daemon (7 node(s))
2026-08-01 14:08:50 PulseAutoTdp: tgt=90 fps=90.0 jank=0 tail=22ms act=TRIM bn=- cpuB=20 cpuPk=60 primePk=50 io=0 gpuB=40 gpuL=8 capped=0 prk=0 stl=0 draw=4.89W cT=47 gT=44 caps%[0:35,2:80,5:35,7:35,-100:65] curMHz[0:787,2:2515,5:499,7:480] gpu=231 gcap=680[6/13] lrn=100
2026-08-01 14:08:50 PulseDaemon: cap write via daemon (2 node(s))
2026-08-01 14:08:50 PulseDaemon: cap write via daemon (3 node(s))
2026-08-01 14:08:50 PulseDaemon: cap write via daemon (2 node(s))
2026-08-01 14:08:51 PulseDaemon: telemetry read via daemon (16 path(s))
2026-08-01 14:08:53 PulseDaemon: telemetry read via daemon (16 path(s))
2026-08-01 14:08:53 PulseDaemon: cap write via daemon (7 node(s))
2026-08-01 14:08:53 PulseAutoTdp: tgt=90 fps=90.0 jank=0 tail=11ms act=TRIM bn=- cpuB=20 cpuPk=58 primePk=58 io=0 gpuB=65 gpuL=14 capped=0 prk=0 stl=0 draw=3.35W cT=46 gT=46 caps%[0:35,2:80,5:35,7:35,-100:60] curMHz[0:672,2:2515,5:499,7:480] gpu=231 gcap=680[6/13] lrn=100
2026-08-01 14:08:53 PulseDaemon: cap write via daemon (2 node(s))
2026-08-01 14:08:53 PulseDaemon: cap write via daemon (3 node(s))
2026-08-01 14:08:53 PulseDaemon: cap write via daemon (2 node(s))
2026-08-01 14:08:54 PulseDaemon: telemetry read via daemon (16 path(s))
2026-08-01 14:08:56 PulseDaemon: telemetry read via daemon (16 path(s))
2026-08-01 14:08:56 PulseAutoTdp: tgt=90 fps=90.0 jank=0 tail=11ms act=HOLD bn=- cpuB=21 cpuPk=59 primePk=59 io=0 gpuB=69 gpuL=15 capped=0 prk=0 stl=0 draw=5.27W cT=47 gT=45 caps%[0:35,2:80,5:35,7:35,-100:60] curMHz[0:672,2:2515,5:729,7:480] gpu=231 gcap=629[7/13] lrn=100
2026-08-01 14:08:56 PulseDaemon: cap write via daemon (2 node(s))
2026-08-01 14:08:56 PulseDaemon: cap write via daemon (3 node(s))
2026-08-01 14:08:56 PulseDaemon: cap write via daemon (2 node(s))
2026-08-01 14:08:57 PulseDaemon: telemetry read via daemon (16 path(s))
2026-08-01 14:08:58 PulseDaemon: telemetry read via daemon (16 path(s))
2026-08-01 14:08:58 PulseAutoTdp: tgt=90 fps=90.0 jank=0 tail=11ms act=HOLD bn=- cpuB=21 cpuPk=64 primePk=64 io=0 gpuB=72 gpuL=15 capped=0 prk=0 stl=0 draw=3.76W cT=47 gT=45 caps%[0:35,2:80,5:35,7:35,-100:60] curMHz[0:787,2:2035,5:499,7:480] gpu=231 gcap=629[7/13] lrn=100
2026-08-01 14:08:59 PulseDaemon: cap write via daemon (2 node(s))
2026-08-01 14:08:59 PulseDaemon: cap write via daemon (3 node(s))
2026-08-01 14:08:59 PulseDaemon: cap write via daemon (2 node(s))
2026-08-01 14:09:00 PulseDaemon: telemetry read via daemon (16 path(s))
2026-08-01 14:09:01 PulseDaemon: telemetry read via daemon (16 path(s))
2026-08-01 14:09:01 PulseAutoTdp: tgt=90 fps=90.0 jank=0 tail=11ms act=HOLD bn=- cpuB=18 cpuPk=60 primePk=60 io=0 gpuB=78 gpuL=17 capped=0 prk=0 stl=0 draw=3.15W cT=46 gT=46 caps%[0:35,2:80,5:35,7:35,-100:60] curMHz[0:787,2:2035,5:499,7:480] gpu=231 gcap=629[7/13] lrn=100
2026-08-01 14:09:01 PulseDaemon: cap write via daemon (2 node(s))
2026-08-01 14:09:01 PulseDaemon: cap write via daemon (3 node(s))
2026-08-01 14:09:01 PulseDaemon: cap write via daemon (2 node(s))
2026-08-01 14:09:03 PulseDaemon: telemetry read via daemon (16 path(s))
2026-08-01 14:09:04 PulseDaemon: telemetry read via daemon (16 path(s))
2026-08-01 14:09:04 PulseAutoTdp: tgt=90 fps=88.5 jank=1 tail=33ms act=HOLD bn=- cpuB=20 cpuPk=53 primePk=53 io=0 gpuB=78 gpuL=17 capped=0 prk=0 stl=0 draw=4.81W cT=47 gT=46 caps%[0:35,2:80,5:35,7:35,-100:60] curMHz[0:787,2:2515,5:499,7:480] gpu=231 gcap=629[7/13] lrn=100
2026-08-01 14:09:04 PulseDaemon: cap write via daemon (3 node(s))
2026-08-01 14:09:04 PulseDaemon: cap write via daemon (2 node(s))
2026-08-01 14:09:05 PulseDaemon: telemetry read via daemon (16 path(s))
2026-08-01 14:09:07 PulseDaemon: telemetry read via daemon (16 path(s))
2026-08-01 14:09:07 PulseAutoTdp: tgt=90 fps=90.0 jank=0 tail=11ms act=HOLD bn=GPU cpuB=18 cpuPk=58 primePk=58 io=0 gpuB=86 gpuL=29 capped=0 prk=0 stl=0 draw=6.67W cT=47 gT=48 caps%[0:35,2:80,5:35,7:35,-100:60] curMHz[0:787,2:2515,5:499,7:480] gpu=366 gcap=629[7/13] lrn=100
2026-08-01 14:09:07 PulseDaemon: cap write via daemon (2 node(s))
2026-08-01 14:09:07 PulseDaemon: cap write via daemon (3 node(s))
2026-08-01 14:09:07 PulseDaemon: cap write via daemon (2 node(s))
2026-08-01 14:09:08 PulseDaemon: telemetry read via daemon (16 path(s))
2026-08-01 14:09:09 PulseDaemon: telemetry read via daemon (16 path(s))
2026-08-01 14:09:09 PulseAutoTdp: tgt=90 fps=90.0 jank=0 tail=11ms act=HOLD bn=- cpuB=20 cpuPk=56 primePk=56 io=0 gpuB=81 gpuL=32 capped=0 prk=0 stl=0 draw=6.97W cT=48 gT=48 caps%[0:35,2:80,5:35,7:35,-100:60] curMHz[0:787,2:2515,5:729,7:480] gpu=422 gcap=629[7/13] lrn=100
2026-08-01 14:09:10 PulseDaemon: cap write via daemon (2 node(s))
2026-08-01 14:09:10 PulseDaemon: cap write via daemon (3 node(s))
2026-08-01 14:09:10 PulseDaemon: cap write via daemon (2 node(s))
2026-08-01 14:09:11 PulseDaemon: telemetry read via daemon (16 path(s))
2026-08-01 14:09:12 PulseDaemon: telemetry read via daemon (16 path(s))
2026-08-01 14:09:13 PulseAutoTdp: tgt=90 fps=90.0 jank=0 tail=11ms act=HOLD bn=- cpuB=22 cpuPk=58 primePk=58 io=0 gpuB=63 gpuL=13 capped=0 prk=0 stl=0 draw=5.77W cT=47 gT=46 caps%[0:35,2:80,5:35,7:35,-100:60] curMHz[0:787,2:2515,5:499,7:480] mn/mx[0:364/787,2:499/2515,5:499/1075,7:480/1017] gpu=231 gcap=629[7/13] lrn=100
2026-08-01 14:09:13 PulseDaemon: cap write via daemon (2 node(s))
2026-08-01 14:09:13 PulseDaemon: cap write via daemon (3 node(s))
2026-08-01 14:09:13 PulseDaemon: cap write via daemon (2 node(s))
2026-08-01 14:09:14 PulseDaemon: telemetry read via daemon (16 path(s))
2026-08-01 14:09:16 PulseDaemon: telemetry read via daemon (16 path(s))
2026-08-01 14:09:16 PulseAutoTdp: tgt=90 fps=90.0 jank=0 tail=11ms act=HOLD bn=- cpuB=20 cpuPk=58 primePk=58 io=0 gpuB=54 gpuL=11 capped=0 prk=0 stl=0 draw=4.01W cT=46 gT=45 caps%[0:35,2:80,5:35,7:35,-100:60] curMHz[0:556,2:2515,5:499,7:480] gpu=231 gcap=629[7/13] lrn=100
2026-08-01 14:09:16 PulseDaemon: cap write via daemon (2 node(s))
2026-08-01 14:09:16 PulseDaemon: cap write via daemon (3 node(s))
2026-08-01 14:09:16 PulseDaemon: cap write via daemon (2 node(s))
2026-08-01 14:09:17 PulseDaemon: telemetry read via daemon (16 path(s))
2026-08-01 14:09:19 PulseDaemon: telemetry read via daemon (16 path(s))
2026-08-01 14:09:19 PulseAutoTdp: tgt=90 fps=90.0 jank=0 tail=11ms act=HOLD bn=- cpuB=22 cpuPk=57 primePk=57 io=0 gpuB=41 gpuL=9 capped=0 prk=0 stl=0 draw=3.87W cT=46 gT=44 caps%[0:35,2:80,5:35,7:35,-100:60] curMHz[0:787,2:2515,5:844,7:480] gpu=231 gcap=629[7/13] lrn=100
2026-08-01 14:09:19 PulseDaemon: cap write via daemon (2 node(s))
2026-08-01 14:09:19 PulseDaemon: cap write via daemon (3 node(s))
2026-08-01 14:09:19 PulseDaemon: cap write via daemon (2 node(s))
2026-08-01 14:09:20 PulseDaemon: telemetry read via daemon (16 path(s))
2026-08-01 14:09:21 PulseDaemon: telemetry read via daemon (16 path(s))
2026-08-01 14:09:22 PulseAutoTdp: tgt=90 fps=90.0 jank=0 tail=11ms act=HOLD bn=CPU cpuB=29 cpuPk=67 primePk=67 io=0 gpuB=40 gpuL=8 capped=0 prk=0 stl=0 draw=6.74W cT=50 gT=45 caps%[0:35,2:80,5:35,7:35,-100:60] curMHz[0:787,2:2515,5:1075,7:1017] gpu=231 gcap=629[7/13] lrn=100
2026-08-01 14:09:22 PulseDaemon: cap write via daemon (2 node(s))
2026-08-01 14:09:22 PulseDaemon: cap write via daemon (3 node(s))
2026-08-01 14:09:22 PulseDaemon: cap write via daemon (2 node(s))
2026-08-01 14:09:23 PulseDaemon: telemetry read via daemon (16 path(s))
2026-08-01 14:09:24 PulseDaemon: telemetry read via daemon (16 path(s))
2026-08-01 14:09:24 PulseAutoTdp: tgt=90 fps=90.0 jank=0 tail=11ms act=HOLD bn=CPU cpuB=20 cpuPk=56 primePk=51 io=0 gpuB=44 gpuL=9 capped=0 prk=0 stl=0 draw=3.19W cT=46 gT=45 caps%[0:35,2:80,5:35,7:35,-100:60] curMHz[0:787,2:2515,5:729,7:480] gpu=231 gcap=629[7/13] lrn=100
2026-08-01 14:09:24 PulseDaemon: cap write via daemon (2 node(s))
2026-08-01 14:09:24 PulseDaemon: cap write via daemon (3 node(s))
2026-08-01 14:09:24 PulseDaemon: cap write via daemon (2 node(s))
2026-08-01 14:09:26 PulseDaemon: telemetry read via daemon (16 path(s))
2026-08-01 14:09:27 PulseDaemon: telemetry read via daemon (16 path(s))
2026-08-01 14:09:27 PulseAutoTdp: AUTOTDP-SESSION tgt=90 bias=EFFICIENT wattCap=0 policies=0:2265600:0,1;2:3148800:2,3,4;5:2956800:5,6;7:3052800:7;-100:1050000:
2026-08-01 14:09:27 PulseAutoTdp: tgt=90 fps=90.0 jank=0 tail=11ms act=HOLD bn=CPU cpuB=20 cpuPk=59 primePk=52 io=0 gpuB=27 gpuL=7 capped=0 prk=0 stl=0 draw=4.44W cT=46 gT=46 caps%[0:35,2:80,5:35,7:35,-100:60] curMHz[0:556,2:2515,5:499,7:480] gpu=310 gcap=629[7/13] lrn=100
2026-08-01 14:09:27 PulseDaemon: cap write via daemon (2 node(s))
2026-08-01 14:09:27 PulseDaemon: cap write via daemon (3 node(s))
2026-08-01 14:09:27 PulseDaemon: cap write via daemon (2 node(s))
2026-08-01 14:09:28 PulseDaemon: telemetry read via daemon (16 path(s))
2026-08-01 14:09:30 PulseDaemon: telemetry read via daemon (16 path(s))
2026-08-01 14:09:30 PulseAutoTdp: tgt=90 fps=90.0 jank=0 tail=11ms act=HOLD bn=CPU cpuB=18 cpuPk=55 primePk=49 io=0 gpuB=30 gpuL=6 capped=0 prk=0 stl=0 draw=4.56W cT=45 gT=44 caps%[0:35,2:80,5:35,7:35,-100:60] curMHz[0:787,2:2515,5:499,7:480] gpu=231 gcap=629[7/13] lrn=100
2026-08-01 14:09:30 PulseDaemon: cap write via daemon (2 node(s))
2026-08-01 14:09:30 PulseDaemon: cap write via daemon (3 node(s))
2026-08-01 14:09:30 PulseDaemon: cap write via daemon (2 node(s))
2026-08-01 14:09:31 PulseDaemon: telemetry read via daemon (16 path(s))
2026-08-01 14:09:32 PulseDaemon: telemetry read via daemon (16 path(s))
2026-08-01 14:09:33 PulseAutoTdp: tgt=90 fps=90.0 jank=0 tail=11ms act=HOLD bn=CPU cpuB=18 cpuPk=56 primePk=46 io=0 gpuB=23 gpuL=5 capped=0 prk=0 stl=0 draw=4.76W cT=44 gT=44 caps%[0:35,2:80,5:35,7:35,-100:60] curMHz[0:787,2:2515,5:499,7:480] gpu=231 gcap=629[7/13] lrn=100
2026-08-01 14:09:33 PulseDaemon: cap write via daemon (2 node(s))
2026-08-01 14:09:33 PulseDaemon: cap write via daemon (3 node(s))
2026-08-01 14:09:33 PulseDaemon: cap write via daemon (2 node(s))
2026-08-01 14:09:34 PulseDaemon: telemetry read via daemon (16 path(s))
2026-08-01 14:09:35 PulseDaemon: telemetry read via daemon (16 path(s))
2026-08-01 14:09:35 PulseAutoTdp: tgt=90 fps=90.0 jank=0 tail=11ms act=HOLD bn=CPU cpuB=23 cpuPk=60 primePk=60 io=0 gpuB=31 gpuL=6 capped=0 prk=0 stl=0 draw=4.27W cT=46 gT=44 caps%[0:35,2:80,5:35,7:35,-100:60] curMHz[0:672,2:2515,5:1075,7:480] gpu=231 gcap=629[7/13] lrn=100
2026-08-01 14:09:35 PulseDaemon: cap write via daemon (2 node(s))
2026-08-01 14:09:35 PulseDaemon: cap write via daemon (3 node(s))
2026-08-01 14:09:36 PulseDaemon: cap write via daemon (2 node(s))
2026-08-01 14:09:37 PulseDaemon: telemetry read via daemon (16 path(s))
2026-08-01 14:09:38 PulseDaemon: telemetry read via daemon (16 path(s))
2026-08-01 14:09:38 PulseAutoTdp: tgt=90 fps=90.0 jank=0 tail=11ms act=HOLD bn=CPU cpuB=23 cpuPk=66 primePk=66 io=0 gpuB=49 gpuL=10 capped=0 prk=0 stl=0 draw=3.30W cT=46 gT=44 caps%[0:35,2:80,5:35,7:35,-100:60] curMHz[0:787,2:2515,5:499,7:480] gpu=231 gcap=629[7/13] lrn=100
2026-08-01 14:09:38 PulseDaemon: cap write via daemon (2 node(s))
2026-08-01 14:09:38 PulseDaemon: cap write via daemon (3 node(s))
2026-08-01 14:09:38 PulseDaemon: cap write via daemon (2 node(s))
2026-08-01 14:09:39 PulseDaemon: telemetry read via daemon (16 path(s))
2026-08-01 14:09:41 PulseDaemon: telemetry read via daemon (16 path(s))
2026-08-01 14:09:42 PulseAutoTdp: tgt=90 fps=54.7 jank=7 tail=90ms act=RAISE bn=- cpuB=19 cpuPk=53 primePk=46 io=0 gpuB=18 gpuL=3 capped=0 prk=0 stl=0 draw=6.34W cT=47 gT=44 caps%[0:35,2:80,5:35,7:35,-100:65] curMHz[0:787,2:2515,5:499,7:480] mn/mx[0:364/787,2:499/2515,5:499/1075,7:480/1017] gpu=231 gcap=629[7/13] lrn=100
2026-08-01 14:09:42 PulseDaemon: cap write via daemon (2 node(s))
2026-08-01 14:09:42 PulseDaemon: cap write via daemon (3 node(s))
2026-08-01 14:09:42 PulseDaemon: cap write via daemon (2 node(s))
2026-08-01 14:09:43 PulseDaemon: telemetry read via daemon (16 path(s))
2026-08-01 14:09:44 PulseDaemon: telemetry read via daemon (16 path(s))
2026-08-01 14:09:45 PulseDaemon: cap write via daemon (7 node(s))
2026-08-01 14:09:45 PulseAutoTdp: tgt=90 fps=90.0 jank=0 tail=11ms act=RAISE bn=- cpuB=16 cpuPk=62 primePk=39 io=0 gpuB=33 gpuL=7 capped=0 prk=0 stl=0 draw=4.73W cT=44 gT=44 caps%[0:35,2:80,5:35,7:35,-100:70] curMHz[0:787,2:2515,5:499,7:480] gpu=231 gcap=680[6/13] lrn=100
2026-08-01 14:09:45 PulseDaemon: cap write via daemon (2 node(s))
2026-08-01 14:09:45 PulseDaemon: cap write via daemon (3 node(s))
2026-08-01 14:09:45 PulseDaemon: cap write via daemon (2 node(s))
2026-08-01 14:09:46 PulseDaemon: telemetry read via daemon (16 path(s))
2026-08-01 14:09:47 PulseDaemon: telemetry read via daemon (16 path(s))
2026-08-01 14:09:47 PulseDaemon: cap write via daemon (7 node(s))
2026-08-01 14:09:47 PulseAutoTdp: tgt=90 fps=90.0 jank=0 tail=11ms act=RAISE bn=- cpuB=16 cpuPk=57 primePk=41 io=0 gpuB=38 gpuL=8 capped=0 prk=0 stl=0 draw=4.79W cT=44 gT=44 caps%[0:35,2:80,5:35,7:35,-100:75] curMHz[0:672,2:2515,5:499,7:480] gpu=231 gcap=720[5/13] lrn=100
2026-08-01 14:09:48 PulseDaemon: cap write via daemon (2 node(s))
2026-08-01 14:09:48 PulseDaemon: cap write via daemon (3 node(s))
2026-08-01 14:09:48 PulseDaemon: cap write via daemon (2 node(s))
2026-08-01 14:09:49 PulseDaemon: telemetry read via daemon (16 path(s))
2026-08-01 14:09:50 PulseDaemon: telemetry read via daemon (16 path(s))
2026-08-01 14:09:50 PulseDaemon: cap write via daemon (7 node(s))
2026-08-01 14:09:50 PulseAutoTdp: tgt=90 fps=90.0 jank=0 tail=11ms act=TRIM bn=- cpuB=17 cpuPk=58 primePk=42 io=0 gpuB=27 gpuL=5 capped=0 prk=0 stl=0 draw=4.48W cT=43 gT=44 caps%[0:35,2:80,5:35,7:35,-100:70] curMHz[0:787,2:2515,5:499,7:480] gpu=231 gcap=770[4/13] lrn=100
2026-08-01 14:09:50 PulseDaemon: cap write via daemon (2 node(s))
2026-08-01 14:09:50 PulseDaemon: cap write via daemon (3 node(s))
2026-08-01 14:09:50 PulseDaemon: cap write via daemon (2 node(s))
2026-08-01 14:09:52 PulseDaemon: telemetry read via daemon (16 path(s))
2026-08-01 14:09:53 PulseDaemon: telemetry read via daemon (16 path(s))
2026-08-01 14:09:53 PulseDaemon: cap write via daemon (7 node(s))
2026-08-01 14:09:53 PulseAutoTdp: tgt=90 fps=90.0 jank=0 tail=11ms act=TRIM bn=- cpuB=20 cpuPk=62 primePk=46 io=0 gpuB=30 gpuL=6 capped=0 prk=0 stl=0 draw=5.35W cT=46 gT=44 caps%[0:35,2:80,5:35,7:35,-100:65] curMHz[0:556,2:2515,5:1075,7:1017] gpu=231 gcap=720[5/13] lrn=100
2026-08-01 14:09:53 PulseDaemon: cap write via daemon (2 node(s))
2026-08-01 14:09:53 PulseDaemon: cap write via daemon (3 node(s))
2026-08-01 14:09:53 PulseDaemon: cap write via daemon (2 node(s))
2026-08-01 14:09:54 PulseDaemon: telemetry read via daemon (16 path(s))
2026-08-01 14:09:56 PulseDaemon: telemetry read via daemon (16 path(s))
2026-08-01 14:09:56 PulseDaemon: cap write via daemon (7 node(s))
2026-08-01 14:09:56 PulseAutoTdp: tgt=90 fps=21.1 jank=9 tail=90ms act=RAISE bn=CPU cpuB=17 cpuPk=67 primePk=67 io=0 gpuB=0 gpuL=0 capped=0 prk=0 stl=0 draw=3.97W cT=45 gT=43 caps%[0:35,2:80,5:35,7:35,-100:70] curMHz[0:364,2:2515,5:499,7:480] gpu=231 gcap=680[6/13] lrn=100
2026-08-01 14:09:56 PulseDaemon: cap write via daemon (2 node(s))
2026-08-01 14:09:56 PulseDaemon: cap write via daemon (3 node(s))
2026-08-01 14:09:56 PulseDaemon: cap write via daemon (2 node(s))
2026-08-01 14:09:57 PulseDaemon: telemetry read via daemon (16 path(s))
2026-08-01 14:09:59 PulseDaemon: telemetry read via daemon (16 path(s))
2026-08-01 14:09:59 PulseDaemon: cap write via daemon (7 node(s))
2026-08-01 14:09:59 PulseAutoTdp: tgt=90 fps=90.0 jank=0 tail=11ms act=RAISE bn=CPU cpuB=17 cpuPk=55 primePk=48 io=0 gpuB=16 gpuL=3 capped=0 prk=0 stl=0 draw=3.70W cT=44 gT=43 caps%[0:35,2:85,5:35,7:35,-100:70] curMHz[0:672,2:2515,5:499,7:480] gpu=231 gcap=720[5/13] lrn=100
2026-08-01 14:09:59 PulseDaemon: cap write via daemon (2 node(s))
2026-08-01 14:09:59 PulseDaemon: cap write via daemon (3 node(s))
2026-08-01 14:09:59 PulseDaemon: cap write via daemon (2 node(s))
2026-08-01 14:10:00 PulseDaemon: telemetry read via daemon (16 path(s))
2026-08-01 14:10:01 PulseDaemon: telemetry read via daemon (16 path(s))
2026-08-01 14:10:02 PulseDaemon: cap write via daemon (7 node(s))
2026-08-01 14:10:02 PulseAutoTdp: tgt=90 fps=90.0 jank=0 tail=11ms act=RAISE bn=CPU cpuB=18 cpuPk=56 primePk=48 io=0 gpuB=17 gpuL=3 capped=0 prk=0 stl=0 draw=3.51W cT=44 gT=43 caps%[0:35,2:90,5:35,7:35,-100:70] curMHz[0:787,2:2707,5:614,7:480] gpu=231 gcap=720[5/13] lrn=100
2026-08-01 14:10:02 PulseDaemon: cap write via daemon (2 node(s))
2026-08-01 14:10:02 PulseDaemon: cap write via daemon (3 node(s))
2026-08-01 14:10:02 PulseDaemon: cap write via daemon (2 node(s))
2026-08-01 14:10:03 PulseDaemon: telemetry read via daemon (16 path(s))
2026-08-01 14:10:04 PulseDaemon: telemetry read via daemon (16 path(s))
2026-08-01 14:10:04 PulseAutoTdp: tgt=90 fps=90.0 jank=0 tail=11ms act=HOLD bn=CPU cpuB=18 cpuPk=55 primePk=49 io=0 gpuB=21 gpuL=4 capped=0 prk=0 stl=0 draw=2.73W cT=44 gT=43 caps%[0:35,2:90,5:35,7:35,-100:70] curMHz[0:672,2:2841,5:499,7:480] gpu=231 gcap=720[5/13] lrn=100
2026-08-01 14:10:04 PulseDaemon: cap write via daemon (2 node(s))
2026-08-01 14:10:04 PulseDaemon: cap write via daemon (3 node(s))
2026-08-01 14:10:04 PulseDaemon: cap write via daemon (2 node(s))
2026-08-01 14:10:06 PulseDaemon: telemetry read via daemon (16 path(s))
2026-08-01 14:10:07 PulseDaemon: telemetry read via daemon (16 path(s))
2026-08-01 14:10:07 PulseAutoTdp: tgt=90 fps=90.0 jank=0 tail=11ms act=HOLD bn=CPU cpuB=20 cpuPk=55 primePk=51 io=0 gpuB=21 gpuL=4 capped=0 prk=0 stl=0 draw=3.85W cT=45 gT=43 caps%[0:35,2:90,5:35,7:35,-100:70] curMHz[0:672,2:2841,5:499,7:480] gpu=231 gcap=720[5/13] lrn=100
2026-08-01 14:10:07 PulseDaemon: cap write via daemon (2 node(s))
2026-08-01 14:10:07 PulseDaemon: cap write via daemon (3 node(s))
2026-08-01 14:10:07 PulseDaemon: cap write via daemon (2 node(s))
2026-08-01 14:10:08 PulseDaemon: telemetry read via daemon (16 path(s))
2026-08-01 14:10:10 PulseDaemon: telemetry read via daemon (16 path(s))
2026-08-01 14:10:10 PulseAutoTdp: AUTOTDP-SESSION tgt=90 bias=EFFICIENT wattCap=0 policies=0:2265600:0,1;2:3148800:2,3,4;5:2956800:5,6;7:3052800:7;-100:1050000:
2026-08-01 14:10:11 PulseAutoTdp: tgt=90 fps=90.0 jank=0 tail=11ms act=HOLD bn=CPU cpuB=22 cpuPk=55 primePk=55 io=0 gpuB=34 gpuL=7 capped=0 prk=0 stl=0 draw=4.65W cT=45 gT=43 caps%[0:35,2:90,5:35,7:35,-100:70] curMHz[0:672,2:2841,5:499,7:480] mn/mx[0:364/787,2:499/2841,5:499/1075,7:480/1017] gpu=231 gcap=720[5/13] lrn=100
2026-08-01 14:10:11 PulseDaemon: cap write via daemon (2 node(s))
2026-08-01 14:10:11 PulseDaemon: cap write via daemon (3 node(s))
2026-08-01 14:10:11 PulseDaemon: cap write via daemon (2 node(s))
2026-08-01 14:10:12 PulseDaemon: telemetry read via daemon (16 path(s))
2026-08-01 14:10:13 PulseDaemon: telemetry read via daemon (16 path(s))
2026-08-01 14:10:13 PulseDaemon: cap write via daemon (7 node(s))
2026-08-01 14:10:13 PulseAutoTdp: tgt=90 fps=90.0 jank=0 tail=11ms act=TRIM bn=- cpuB=18 cpuPk=51 primePk=50 io=0 gpuB=31 gpuL=6 capped=0 prk=0 stl=0 draw=3.30W cT=45 gT=43 caps%[0:35,2:85,5:35,7:35,-100:70] curMHz[0:460,2:2841,5:499,7:480] gpu=231 gcap=720[5/13] lrn=100
2026-08-01 14:10:13 PulseDaemon: cap write via daemon (2 node(s))
2026-08-01 14:10:13 PulseDaemon: cap write via daemon (3 node(s))
2026-08-01 14:10:14 PulseDaemon: cap write via daemon (2 node(s))
2026-08-01 14:10:15 PulseDaemon: telemetry read via daemon (16 path(s))
2026-08-01 14:10:16 PulseDaemon: telemetry read via daemon (16 path(s))
2026-08-01 14:10:16 PulseDaemon: cap write via daemon (7 node(s))
2026-08-01 14:10:16 PulseAutoTdp: tgt=90 fps=89.3 jank=1 tail=33ms act=TRIM bn=- cpuB=20 cpuPk=58 primePk=58 io=0 gpuB=31 gpuL=6 capped=0 prk=0 stl=0 draw=4.08W cT=46 gT=43 caps%[0:35,2:80,5:35,7:35,-100:70] curMHz[0:672,2:2707,5:499,7:1017] gpu=231 gcap=720[5/13] lrn=100
2026-08-01 14:10:16 PulseDaemon: cap write via daemon (2 node(s))
2026-08-01 14:10:16 PulseDaemon: cap write via daemon (3 node(s))
2026-08-01 14:10:16 PulseDaemon: cap write via daemon (2 node(s))
2026-08-01 14:10:18 PulseDaemon: telemetry read via daemon (16 path(s))
2026-08-01 14:10:19 PulseDaemon: telemetry read via daemon (16 path(s))
2026-08-01 14:10:19 PulseDaemon: cap write via daemon (7 node(s))
2026-08-01 14:10:19 PulseAutoTdp: tgt=90 fps=90.0 jank=0 tail=11ms act=TRIM bn=- cpuB=18 cpuPk=55 primePk=55 io=0 gpuB=37 gpuL=8 capped=0 prk=0 stl=0 draw=4.60W cT=45 gT=44 caps%[0:35,2:75,5:35,7:35,-100:70] curMHz[0:787,2:2515,5:614,7:480] gpu=231 gcap=720[5/13] lrn=100
2026-08-01 14:10:19 PulseDaemon: cap write via daemon (2 node(s))
2026-08-01 14:10:19 PulseDaemon: cap write via daemon (3 node(s))
2026-08-01 14:10:19 PulseDaemon: cap write via daemon (2 node(s))
2026-08-01 14:10:20 PulseDaemon: telemetry read via daemon (16 path(s))
2026-08-01 14:10:22 PulseDaemon: telemetry read via daemon (16 path(s))
2026-08-01 14:10:22 PulseDaemon: cap write via daemon (7 node(s))
2026-08-01 14:10:22 PulseAutoTdp: tgt=90 fps=76.7 jank=2 tail=78ms act=RAISE bn=- cpuB=18 cpuPk=54 primePk=44 io=0 gpuB=30 gpuL=6 capped=0 prk=0 stl=0 draw=4.99W cT=44 gT=44 caps%[0:35,2:80,5:35,7:35,-100:70] curMHz[0:787,2:2380,5:614,7:480] gpu=231 gcap=720[5/13] lrn=100
2026-08-01 14:10:22 PulseDaemon: cap write via daemon (2 node(s))
2026-08-01 14:10:22 PulseDaemon: cap write via daemon (3 node(s))
2026-08-01 14:10:22 PulseDaemon: cap write via daemon (2 node(s))
2026-08-01 14:10:23 PulseDaemon: telemetry read via daemon (16 path(s))
2026-08-01 14:10:25 PulseDaemon: telemetry read via daemon (16 path(s))
2026-08-01 14:10:25 PulseDaemon: cap write via daemon (7 node(s))
2026-08-01 14:10:25 PulseAutoTdp: tgt=90 fps=90.0 jank=0 tail=11ms act=RAISE bn=- cpuB=20 cpuPk=59 primePk=48 io=0 gpuB=31 gpuL=6 capped=0 prk=0 stl=0 draw=4.39W cT=46 gT=43 caps%[0:35,2:80,5:35,7:35,-100:75] curMHz[0:787,2:2515,5:614,7:480] gpu=231 gcap=720[5/13] lrn=100
2026-08-01 14:10:25 PulseDaemon: cap write via daemon (2 node(s))
2026-08-01 14:10:25 PulseDaemon: cap write via daemon (3 node(s))
2026-08-01 14:10:25 PulseDaemon: cap write via daemon (2 node(s))
2026-08-01 14:10:26 PulseDaemon: telemetry read via daemon (16 path(s))
2026-08-01 14:10:27 PulseDaemon: telemetry read via daemon (16 path(s))
2026-08-01 14:10:28 PulseDaemon: cap write via daemon (7 node(s))
2026-08-01 14:10:28 PulseAutoTdp: tgt=90 fps=28.7 jank=3 tail=90ms act=TRIM bn=CPU cpuB=17 cpuPk=81 primePk=81 io=0 gpuB=21 gpuL=4 capped=0 prk=0 stl=0 draw=4.59W cT=46 gT=43 caps%[0:35,2:80,5:35,7:35,-100:70] curMHz[0:556,2:2515,5:499,7:480] gpu=231 gcap=770[4/13] lrn=100
2026-08-01 14:10:28 PulseDaemon: cap write via daemon (2 node(s))
2026-08-01 14:10:28 PulseDaemon: cap write via daemon (3 node(s))
2026-08-01 14:10:28 PulseDaemon: cap write via daemon (2 node(s))
2026-08-01 14:10:29 PulseDaemon: telemetry read via daemon (16 path(s))
2026-08-01 14:10:30 PulseDaemon: telemetry read via daemon (16 path(s))
2026-08-01 14:10:30 PulseDaemon: cap write via daemon (7 node(s))
2026-08-01 14:10:30 PulseAutoTdp: tgt=90 fps=90.0 jank=0 tail=11ms act=RAISE bn=CPU cpuB=22 cpuPk=56 primePk=54 io=0 gpuB=35 gpuL=7 capped=0 prk=0 stl=0 draw=3.35W cT=45 gT=44 caps%[0:35,2:85,5:35,7:35,-100:70] curMHz[0:787,2:2515,5:499,7:480] gpu=231 gcap=720[5/13] lrn=100
2026-08-01 14:10:30 PulseDaemon: cap write via daemon (2 node(s))
2026-08-01 14:10:31 PulseDaemon: cap write via daemon (3 node(s))
2026-08-01 14:10:31 PulseDaemon: cap write via daemon (2 node(s))
2026-08-01 14:10:32 PulseDaemon: telemetry read via daemon (16 path(s))
2026-08-01 14:10:33 PulseDaemon: telemetry read via daemon (16 path(s))
2026-08-01 14:10:33 PulseDaemon: cap write via xsu fallback (7 node(s), ~1322 chars, chunked)
2026-08-01 14:10:33 PulseAutoTdp: tgt=90 fps=90.0 jank=0 tail=11ms act=RAISE bn=- cpuB=21 cpuPk=54 primePk=54 io=0 gpuB=27 gpuL=5 capped=0 prk=0 stl=0 draw=5.06W cT=45 gT=43 caps%[0:35,2:85,5:35,7:35,-100:75] curMHz[0:787,2:2707,5:614,7:480] gpu=231 gcap=720[5/13] lrn=100
2026-08-01 14:10:34 PulseDaemon: cap write via daemon (2 node(s))
2026-08-01 14:10:34 PulseDaemon: cap write via daemon (3 node(s))
2026-08-01 14:10:34 PulseDaemon: cap write via daemon (2 node(s))
2026-08-01 14:10:35 PulseDaemon: telemetry read via daemon (16 path(s))
2026-08-01 14:10:36 PulseDaemon: telemetry read via daemon (16 path(s))
2026-08-01 14:10:36 PulseAutoTdp: tgt=90 fps=90.0 jank=0 tail=11ms act=HOLD bn=- cpuB=18 cpuPk=50 primePk=50 io=0 gpuB=27 gpuL=5 capped=0 prk=0 stl=0 draw=3.13W cT=46 gT=44 caps%[0:35,2:85,5:35,7:35,-100:75] curMHz[0:787,2:2707,5:499,7:480] gpu=231 gcap=770[4/13] lrn=100
2026-08-01 14:10:36 PulseDaemon: cap write via daemon (2 node(s))
2026-08-01 14:10:36 PulseDaemon: cap write via daemon (3 node(s))
2026-08-01 14:10:36 PulseDaemon: cap write via daemon (2 node(s))
2026-08-01 14:10:37 PulseDaemon: telemetry read via daemon (16 path(s))
2026-08-01 14:10:39 PulseDaemon: telemetry read via daemon (16 path(s))
2026-08-01 14:10:39 PulseDaemon: cap write via daemon (7 node(s))
2026-08-01 14:10:40 PulseAutoTdp: tgt=90 fps=90.0 jank=0 tail=11ms act=TRIM bn=- cpuB=18 cpuPk=58 primePk=58 io=0 gpuB=28 gpuL=6 capped=0 prk=0 stl=0 draw=4.40W cT=46 gT=44 caps%[0:35,2:80,5:35,7:35,-100:75] curMHz[0:556,2:2707,5:499,7:480] mn/mx[0:364/787,2:499/2515,5:499/1075,7:480/1017] gpu=231 gcap=770[4/13] lrn=100
2026-08-01 14:10:40 PulseDaemon: cap write via xsu fallback (2 node(s), ~413 chars, chunked)
2026-08-01 14:10:40 PulseDaemon: cap write via daemon (3 node(s))
2026-08-01 14:10:40 PulseDaemon: cap write via daemon (2 node(s))
2026-08-01 14:10:41 PulseDaemon: telemetry read via daemon (16 path(s))
2026-08-01 14:10:42 PulseDaemon: telemetry read via daemon (16 path(s))
2026-08-01 14:10:43 PulseDaemon: cap write via daemon (7 node(s))
2026-08-01 14:10:43 PulseAutoTdp: tgt=90 fps=90.0 jank=0 tail=11ms act=TRIM bn=- cpuB=18 cpuPk=55 primePk=55 io=0 gpuB=28 gpuL=6 capped=0 prk=0 stl=0 draw=5.23W cT=45 gT=44 caps%[0:35,2:80,5:35,7:35,-100:70] curMHz[0:787,2:2515,5:499,7:480] gpu=231 gcap=770[4/13] lrn=100
2026-08-01 14:10:43 PulseDaemon: cap write via daemon (2 node(s))
2026-08-01 14:10:43 PulseDaemon: cap write via daemon (3 node(s))
2026-08-01 14:10:43 PulseDaemon: cap write via daemon (2 node(s))
2026-08-01 14:10:44 PulseDaemon: telemetry read via daemon (16 path(s))
2026-08-01 14:10:45 PulseDaemon: telemetry read via daemon (16 path(s))
2026-08-01 14:10:46 PulseDaemon: cap write via daemon (7 node(s))
2026-08-01 14:10:46 PulseAutoTdp: tgt=90 fps=90.0 jank=0 tail=11ms act=TRIM bn=- cpuB=19 cpuPk=59 primePk=58 io=0 gpuB=28 gpuL=6 capped=0 prk=0 stl=0 draw=4.24W cT=45 gT=43 caps%[0:35,2:80,5:35,7:35,-100:65] curMHz[0:787,2:2515,5:499,7:480] gpu=231 gcap=720[5/13] lrn=100
2026-08-01 14:10:46 PulseDaemon: cap write via daemon (2 node(s))
2026-08-01 14:10:46 PulseDaemon: cap write via daemon (3 node(s))
2026-08-01 14:10:46 PulseDaemon: cap write via daemon (2 node(s))
2026-08-01 14:10:47 PulseDaemon: telemetry read via daemon (16 path(s))
2026-08-01 14:10:48 PulseDaemon: telemetry read via daemon (16 path(s))
2026-08-01 14:10:48 PulseAutoTdp: tgt=90 fps=90.0 jank=0 tail=11ms act=HOLD bn=- cpuB=18 cpuPk=58 primePk=58 io=0 gpuB=28 gpuL=6 capped=0 prk=0 stl=0 draw=2.92W cT=45 gT=43 caps%[0:35,2:80,5:35,7:35,-100:65] curMHz[0:787,2:2515,5:499,7:480] gpu=231 gcap=680[6/13] lrn=100
2026-08-01 14:10:48 PulseDaemon: cap write via daemon (2 node(s))
2026-08-01 14:10:48 PulseDaemon: cap write via daemon (3 node(s))
2026-08-01 14:10:48 PulseDaemon: cap write via daemon (2 node(s))
2026-08-01 14:10:50 PulseDaemon: telemetry read via daemon (16 path(s))
2026-08-01 14:10:51 PulseDaemon: telemetry read via daemon (16 path(s))
2026-08-01 14:10:51 PulseAutoTdp: tgt=90 fps=90.0 jank=0 tail=11ms act=HOLD bn=- cpuB=17 cpuPk=58 primePk=58 io=0 gpuB=28 gpuL=6 capped=0 prk=0 stl=0 draw=4.71W cT=45 gT=44 caps%[0:35,2:80,5:35,7:35,-100:65] curMHz[0:787,2:2515,5:499,7:480] gpu=231 gcap=680[6/13] lrn=100
2026-08-01 14:10:51 PulseDaemon: cap write via daemon (2 node(s))
2026-08-01 14:10:51 PulseDaemon: cap write via daemon (3 node(s))
2026-08-01 14:10:51 PulseDaemon: cap write via daemon (2 node(s))
2026-08-01 14:10:52 PulseDaemon: telemetry read via daemon (16 path(s))
2026-08-01 14:10:54 PulseDaemon: telemetry read via daemon (16 path(s))
2026-08-01 14:10:54 PulseAutoTdp: AUTOTDP-SESSION tgt=90 bias=EFFICIENT wattCap=0 policies=0:2265600:0,1;2:3148800:2,3,4;5:2956800:5,6;7:3052800:7;-100:1050000:
2026-08-01 14:10:54 PulseAutoTdp: tgt=90 fps=90.0 jank=0 tail=11ms act=HOLD bn=- cpuB=14 cpuPk=56 primePk=56 io=0 gpuB=27 gpuL=5 capped=0 prk=0 stl=0 draw=4.89W cT=44 gT=43 caps%[0:35,2:80,5:35,7:35,-100:65] curMHz[0:787,2:1708,5:499,7:480] gpu=231 gcap=680[6/13] lrn=100
2026-08-01 14:10:54 PulseDaemon: cap write via daemon (2 node(s))
2026-08-01 14:10:54 PulseDaemon: cap write via daemon (3 node(s))
2026-08-01 14:10:54 PulseDaemon: cap write via daemon (2 node(s))
2026-08-01 14:10:55 PulseDaemon: telemetry read via daemon (16 path(s))
2026-08-01 14:10:56 PulseDaemon: telemetry read via daemon (16 path(s))
2026-08-01 14:10:56 PulseAutoTdp: tgt=90 fps=90.0 jank=0 tail=11ms act=HOLD bn=- cpuB=17 cpuPk=58 primePk=58 io=0 gpuB=27 gpuL=5 capped=0 prk=0 stl=0 draw=3.99W cT=45 gT=44 caps%[0:35,2:80,5:35,7:35,-100:65] curMHz[0:556,2:2515,5:499,7:480] gpu=231 gcap=680[6/13] lrn=100
2026-08-01 14:10:56 PulseDaemon: cap write via daemon (2 node(s))
2026-08-01 14:10:56 PulseDaemon: cap write via daemon (3 node(s))
2026-08-01 14:10:57 PulseDaemon: cap write via daemon (2 node(s))
2026-08-01 14:10:58 PulseDaemon: telemetry read via daemon (16 path(s))
2026-08-01 14:10:59 PulseDaemon: telemetry read via daemon (16 path(s))
2026-08-01 14:10:59 PulseAutoTdp: tgt=90 fps=90.0 jank=0 tail=11ms act=HOLD bn=- cpuB=19 cpuPk=53 primePk=45 io=0 gpuB=28 gpuL=6 capped=0 prk=0 stl=0 draw=4.18W cT=45 gT=43 caps%[0:35,2:80,5:35,7:35,-100:65] curMHz[0:787,2:2515,5:499,7:480] gpu=231 gcap=680[6/13] lrn=100
2026-08-01 14:10:59 PulseDaemon: cap write via daemon (2 node(s))
2026-08-01 14:10:59 PulseDaemon: cap write via daemon (3 node(s))
2026-08-01 14:10:59 PulseDaemon: cap write via xsu fallback (2 node(s), ~289 chars, chunked)
2026-08-01 14:11:00 PulseDaemon: telemetry read via daemon (16 path(s))
2026-08-01 14:11:02 PulseDaemon: telemetry read via daemon (16 path(s))
2026-08-01 14:11:02 PulseAutoTdp: tgt=90 fps=90.0 jank=0 tail=11ms act=HOLD bn=- cpuB=18 cpuPk=54 primePk=44 io=0 gpuB=29 gpuL=6 capped=0 prk=0 stl=0 draw=4.05W cT=45 gT=44 caps%[0:35,2:80,5:35,7:35,-100:65] curMHz[0:787,2:2515,5:499,7:480] gpu=231 gcap=680[6/13] lrn=100
2026-08-01 14:11:02 PulseDaemon: cap write via daemon (2 node(s))
2026-08-01 14:11:02 PulseDaemon: cap write via daemon (3 node(s))
2026-08-01 14:11:02 PulseDaemon: cap write via daemon (2 node(s))
2026-08-01 14:11:03 PulseDaemon: telemetry read via daemon (16 path(s))
2026-08-01 14:11:04 PulseDaemon: telemetry read via daemon (16 path(s))
2026-08-01 14:11:05 PulseAutoTdp: tgt=90 fps=90.0 jank=0 tail=11ms act=HOLD bn=- cpuB=18 cpuPk=60 primePk=60 io=0 gpuB=27 gpuL=5 capped=0 prk=0 stl=0 draw=4.08W cT=45 gT=43 caps%[0:35,2:80,5:35,7:35,-100:65] curMHz[0:787,2:2515,5:499,7:480] gpu=231 gcap=680[6/13] lrn=100
2026-08-01 14:11:05 PulseDaemon: cap write via daemon (2 node(s))
2026-08-01 14:11:05 PulseDaemon: cap write via daemon (3 node(s))
2026-08-01 14:11:05 PulseDaemon: cap write via daemon (2 node(s))
2026-08-01 14:11:06 PulseDaemon: telemetry read via daemon (16 path(s))
2026-08-01 14:11:07 PulseDaemon: telemetry read via daemon (16 path(s))
2026-08-01 14:11:08 PulseAutoTdp: tgt=90 fps=90.0 jank=0 tail=11ms act=HOLD bn=- cpuB=16 cpuPk=58 primePk=58 io=0 gpuB=28 gpuL=6 capped=0 prk=0 stl=0 draw=4.84W cT=46 gT=43 caps%[0:35,2:80,5:35,7:35,-100:65] curMHz[0:460,2:2515,5:499,7:480] mn/mx[0:364/787,2:499/2515,5:499/1075,7:480/1017] gpu=231 gcap=680[6/13] lrn=100
2026-08-01 14:11:08 PulseDaemon: cap write via daemon (2 node(s))
2026-08-01 14:11:08 PulseDaemon: cap write via daemon (3 node(s))
2026-08-01 14:11:08 PulseDaemon: cap write via daemon (2 node(s))
2026-08-01 14:11:09 PulseDaemon: telemetry read via daemon (16 path(s))
2026-08-01 14:11:11 PulseDaemon: telemetry read via daemon (16 path(s))
2026-08-01 14:11:11 PulseAutoTdp: tgt=90 fps=90.0 jank=0 tail=11ms act=HOLD bn=- cpuB=17 cpuPk=58 primePk=50 io=0 gpuB=25 gpuL=5 capped=0 prk=0 stl=0 draw=4.94W cT=44 gT=43 caps%[0:35,2:80,5:35,7:35,-100:65] curMHz[0:556,2:2515,5:499,7:480] gpu=231 gcap=680[6/13] lrn=100
2026-08-01 14:11:11 PulseDaemon: cap write via daemon (2 node(s))
2026-08-01 14:11:11 PulseDaemon: cap write via daemon (3 node(s))
2026-08-01 14:11:11 PulseDaemon: cap write via daemon (2 node(s))
2026-08-01 14:11:12 PulseDaemon: telemetry read via daemon (16 path(s))
2026-08-01 14:11:13 PulseDaemon: telemetry read via daemon (16 path(s))
2026-08-01 14:11:14 PulseAutoTdp: tgt=90 fps=90.0 jank=0 tail=11ms act=HOLD bn=- cpuB=16 cpuPk=56 primePk=48 io=0 gpuB=25 gpuL=5 capped=0 prk=0 stl=0 draw=4.08W cT=44 gT=43 caps%[0:35,2:80,5:35,7:35,-100:65] curMHz[0:787,2:1497,5:1075,7:480] gpu=231 gcap=680[6/13] lrn=100
2026-08-01 14:11:14 PulseDaemon: cap write via daemon (2 node(s))
2026-08-01 14:11:14 PulseDaemon: cap write via daemon (3 node(s))
2026-08-01 14:11:14 PulseDaemon: cap write via daemon (2 node(s))
2026-08-01 14:11:15 PulseDaemon: telemetry read via daemon (16 path(s))
2026-08-01 14:11:16 PulseDaemon: telemetry read via daemon (16 path(s))
2026-08-01 14:11:16 PulseAutoTdp: tgt=90 fps=90.0 jank=0 tail=11ms act=HOLD bn=- cpuB=14 cpuPk=60 primePk=48 io=0 gpuB=25 gpuL=5 capped=0 prk=0 stl=0 draw=3.21W cT=43 gT=43 caps%[0:35,2:80,5:35,7:35,-100:65] curMHz[0:787,2:1401,5:499,7:480] gpu=231 gcap=680[6/13] lrn=100
2026-08-01 14:11:16 PulseDaemon: cap write via daemon (2 node(s))
2026-08-01 14:11:16 PulseDaemon: cap write via daemon (3 node(s))
2026-08-01 14:11:17 PulseDaemon: cap write via daemon (2 node(s))
2026-08-01 14:11:18 PulseDaemon: telemetry read via daemon (16 path(s))
2026-08-01 14:11:19 PulseDaemon: telemetry read via daemon (16 path(s))
2026-08-01 14:11:19 PulseAutoTdp: tgt=90 fps=90.0 jank=0 tail=11ms act=HOLD bn=- cpuB=19 cpuPk=62 primePk=51 io=0 gpuB=23 gpuL=5 capped=0 prk=0 stl=0 draw=4.16W cT=44 gT=42 caps%[0:35,2:80,5:35,7:35,-100:65] curMHz[0:787,2:2515,5:614,7:480] gpu=231 gcap=680[6/13] lrn=100
2026-08-01 14:11:19 PulseDaemon: cap write via daemon (2 node(s))
2026-08-01 14:11:19 PulseDaemon: cap write via daemon (3 node(s))
2026-08-01 14:11:19 PulseDaemon: cap write via daemon (2 node(s))
2026-08-01 14:11:20 PulseDaemon: telemetry read via daemon (16 path(s))
2026-08-01 14:11:22 PulseDaemon: telemetry read via daemon (16 path(s))
2026-08-01 14:11:22 PulseAutoTdp: tgt=90 fps=90.0 jank=0 tail=11ms act=HOLD bn=- cpuB=17 cpuPk=57 primePk=49 io=0 gpuB=23 gpuL=5 capped=0 prk=0 stl=0 draw=3.96W cT=43 gT=42 caps%[0:35,2:80,5:35,7:35,-100:65] curMHz[0:787,2:2515,5:499,7:480] gpu=231 gcap=680[6/13] lrn=100
2026-08-01 14:11:22 PulseDaemon: cap write via daemon (2 node(s))
2026-08-01 14:11:22 PulseDaemon: cap write via daemon (3 node(s))
2026-08-01 14:11:22 PulseDaemon: cap write via daemon (2 node(s))
2026-08-01 14:11:23 PulseDaemon: telemetry read via daemon (16 path(s))
2026-08-01 14:11:24 PulseDaemon: telemetry read via daemon (16 path(s))
2026-08-01 14:11:25 PulseAutoTdp: tgt=90 fps=90.0 jank=0 tail=11ms act=HOLD bn=- cpuB=19 cpuPk=61 primePk=48 io=0 gpuB=49 gpuL=10 capped=0 prk=0 stl=0 draw=4.80W cT=44 gT=43 caps%[0:35,2:80,5:35,7:35,-100:65] curMHz[0:787,2:2515,5:499,7:480] gpu=231 gcap=680[6/13] lrn=100
2026-08-01 14:11:25 PulseDaemon: cap write via daemon (2 node(s))
2026-08-01 14:11:25 PulseDaemon: cap write via daemon (3 node(s))
2026-08-01 14:11:25 PulseDaemon: cap write via daemon (2 node(s))
2026-08-01 14:11:26 PulseDaemon: telemetry read via daemon (16 path(s))
2026-08-01 14:11:27 PulseDaemon: telemetry read via daemon (16 path(s))
2026-08-01 14:11:27 PulseAutoTdp: tgt=90 fps=90.0 jank=0 tail=11ms act=HOLD bn=- cpuB=19 cpuPk=60 primePk=50 io=0 gpuB=27 gpuL=5 capped=0 prk=0 stl=0 draw=4.32W cT=44 gT=43 caps%[0:35,2:80,5:35,7:35,-100:65] curMHz[0:787,2:2323,5:499,7:480] gpu=231 gcap=680[6/13] lrn=100
2026-08-01 14:11:27 PulseDaemon: cap write via daemon (2 node(s))
2026-08-01 14:11:27 PulseDaemon: cap write via daemon (3 node(s))
2026-08-01 14:11:27 PulseDaemon: cap write via daemon (2 node(s))
2026-08-01 14:11:29 PulseDaemon: telemetry read via daemon (16 path(s))
2026-08-01 14:11:30 PulseDaemon: telemetry read via daemon (16 path(s))
2026-08-01 14:11:30 PulseAutoTdp: tgt=90 fps=90.0 jank=0 tail=11ms act=HOLD bn=- cpuB=19 cpuPk=57 primePk=50 io=0 gpuB=46 gpuL=10 capped=0 prk=0 stl=0 draw=3.35W cT=44 gT=43 caps%[0:35,2:80,5:35,7:35,-100:65] curMHz[0:787,2:2515,5:499,7:480] gpu=231 gcap=680[6/13] lrn=100
2026-08-01 14:11:30 PulseDaemon: cap write via daemon (2 node(s))
2026-08-01 14:11:30 PulseDaemon: cap write via daemon (3 node(s))
2026-08-01 14:11:31 PulseDaemon: telemetry read via daemon (16 path(s))
2026-08-01 14:11:33 PulseDaemon: telemetry read via daemon (16 path(s))
2026-08-01 14:11:33 PulseAutoTdp: tgt=90 fps=90.0 jank=0 tail=11ms act=HOLD bn=- cpuB=19 cpuPk=56 primePk=50 io=0 gpuB=49 gpuL=10 capped=0 prk=0 stl=0 draw=3.11W cT=43 gT=43 caps%[0:35,2:80,5:35,7:35,-100:65] curMHz[0:787,2:2515,5:499,7:480] gpu=231 gcap=680[6/13] lrn=100
2026-08-01 14:11:33 PulseDaemon: cap write via daemon (2 node(s))
2026-08-01 14:11:33 PulseDaemon: cap write via daemon (3 node(s))
2026-08-01 14:11:33 PulseDaemon: cap write via daemon (2 node(s))
2026-08-01 14:11:34 PulseDaemon: telemetry read via daemon (16 path(s))
2026-08-01 14:11:35 PulseDaemon: telemetry read via daemon (16 path(s))
2026-08-01 14:11:36 PulseDaemon: cap write via daemon (7 node(s))
2026-08-01 14:11:36 PulseAutoTdp: AUTOTDP-SESSION tgt=90 bias=EFFICIENT wattCap=0 policies=0:2265600:0,1;2:3148800:2,3,4;5:2956800:5,6;7:3052800:7;-100:1050000:
2026-08-01 14:11:37 PulseAutoTdp: tgt=90 fps=90.0 jank=0 tail=11ms act=TRIM bn=- cpuB=18 cpuPk=57 primePk=53 io=0 gpuB=40 gpuL=8 capped=0 prk=0 stl=0 draw=3.03W cT=44 gT=43 caps%[0:35,2:75,5:35,7:35,-100:65] curMHz[0:556,2:2515,5:499,7:480] mn/mx[0:787/787,2:499/2380,5:499/1075,7:480/1017] gpu=231 gcap=680[6/13] lrn=100
2026-08-01 14:11:37 PulseDaemon: cap write via daemon (3 node(s))
2026-08-01 14:11:37 PulseDaemon: cap write via daemon (2 node(s))
2026-08-01 14:11:38 PulseDaemon: telemetry read via daemon (16 path(s))
2026-08-01 14:11:39 PulseDaemon: telemetry read via daemon (16 path(s))
2026-08-01 14:11:39 PulseDaemon: cap write via daemon (7 node(s))
2026-08-01 14:11:39 PulseAutoTdp: tgt=90 fps=90.0 jank=0 tail=11ms act=TRIM bn=- cpuB=19 cpuPk=59 primePk=54 io=0 gpuB=33 gpuL=7 capped=0 prk=0 stl=0 draw=3.46W cT=44 gT=43 caps%[0:35,2:75,5:35,7:35,-100:60] curMHz[0:672,2:2380,5:499,7:480] gpu=231 gcap=680[6/13] lrn=100
2026-08-01 14:11:39 PulseDaemon: cap write via daemon (2 node(s))
2026-08-01 14:11:40 PulseDaemon: cap write via daemon (3 node(s))
2026-08-01 14:11:40 PulseDaemon: cap write via daemon (2 node(s))
2026-08-01 14:11:41 PulseDaemon: telemetry read via daemon (16 path(s))
2026-08-01 14:11:42 PulseDaemon: telemetry read via daemon (16 path(s))
2026-08-01 14:11:42 PulseAutoTdp: tgt=90 fps=90.0 jank=0 tail=11ms act=HOLD bn=- cpuB=18 cpuPk=52 primePk=51 io=0 gpuB=26 gpuL=5 capped=0 prk=0 stl=0 draw=4.06W cT=44 gT=43 caps%[0:35,2:75,5:35,7:35,-100:60] curMHz[0:787,2:2380,5:499,7:480] gpu=231 gcap=629[7/13] lrn=100
2026-08-01 14:11:42 PulseDaemon: cap write via daemon (2 node(s))
2026-08-01 14:11:42 PulseDaemon: cap write via daemon (3 node(s))
2026-08-01 14:11:42 PulseDaemon: cap write via daemon (2 node(s))
2026-08-01 14:11:43 PulseDaemon: telemetry read via daemon (16 path(s))
2026-08-01 14:11:45 PulseDaemon: telemetry read via daemon (16 path(s))
2026-08-01 14:11:45 PulseAutoTdp: tgt=90 fps=90.0 jank=0 tail=11ms act=HOLD bn=- cpuB=16 cpuPk=56 primePk=54 io=0 gpuB=27 gpuL=5 capped=0 prk=0 stl=0 draw=3.35W cT=43 gT=43 caps%[0:35,2:75,5:35,7:35,-100:60] curMHz[0:787,2:1708,5:499,7:480] gpu=231 gcap=629[7/13] lrn=100
2026-08-01 14:11:45 PulseDaemon: cap write via daemon (2 node(s))
2026-08-01 14:11:45 PulseDaemon: cap write via daemon (3 node(s))
2026-08-01 14:11:45 PulseDaemon: cap write via daemon (2 node(s))
2026-08-01 14:11:46 PulseDaemon: telemetry read via daemon (16 path(s))
2026-08-01 14:11:47 PulseDaemon: telemetry read via daemon (16 path(s))
2026-08-01 14:11:48 PulseAutoTdp: tgt=90 fps=90.0 jank=0 tail=11ms act=HOLD bn=- cpuB=19 cpuPk=60 primePk=60 io=0 gpuB=28 gpuL=6 capped=0 prk=0 stl=0 draw=4.64W cT=45 gT=43 caps%[0:35,2:75,5:35,7:35,-100:60] curMHz[0:787,2:2380,5:1075,7:480] gpu=231 gcap=629[7/13] lrn=100
2026-08-01 14:11:48 PulseDaemon: cap write via daemon (2 node(s))
2026-08-01 14:11:48 PulseDaemon: cap write via daemon (3 node(s))
2026-08-01 14:11:48 PulseDaemon: cap write via daemon (2 node(s))
2026-08-01 14:11:49 PulseDaemon: telemetry read via daemon (16 path(s))
2026-08-01 14:11:50 PulseDaemon: telemetry read via daemon (16 path(s))
2026-08-01 14:11:50 PulseAutoTdp: tgt=90 fps=90.0 jank=0 tail=11ms act=HOLD bn=- cpuB=14 cpuPk=55 primePk=55 io=0 gpuB=28 gpuL=6 capped=0 prk=0 stl=0 draw=4.69W cT=44 gT=43 caps%[0:35,2:75,5:35,7:35,-100:60] curMHz[0:556,2:2035,5:499,7:480] gpu=231 gcap=629[7/13] lrn=100
2026-08-01 14:11:50 PulseDaemon: cap write via daemon (2 node(s))
2026-08-01 14:11:50 PulseDaemon: cap write via xsu fallback (3 node(s), ~620 chars, chunked)
2026-08-01 14:11:51 PulseDaemon: cap write via daemon (2 node(s))
2026-08-01 14:11:52 PulseDaemon: telemetry read via daemon (16 path(s))
2026-08-01 14:11:53 PulseDaemon: telemetry read via daemon (16 path(s))
2026-08-01 14:11:53 PulseAutoTdp: tgt=90 fps=90.0 jank=0 tail=11ms act=HOLD bn=- cpuB=16 cpuPk=55 primePk=55 io=0 gpuB=27 gpuL=5 capped=0 prk=0 stl=0 draw=4.61W cT=44 gT=43 caps%[0:35,2:75,5:35,7:35,-100:60] curMHz[0:556,2:2380,5:499,7:480] gpu=231 gcap=629[7/13] lrn=100
2026-08-01 14:11:53 PulseDaemon: cap write via daemon (2 node(s))
2026-08-01 14:11:53 PulseDaemon: cap write via daemon (3 node(s))
2026-08-01 14:11:53 PulseDaemon: cap write via daemon (2 node(s))
2026-08-01 14:11:54 PulseDaemon: telemetry read via daemon (16 path(s))
2026-08-01 14:11:56 PulseDaemon: telemetry read via daemon (16 path(s))
2026-08-01 14:11:56 PulseAutoTdp: tgt=90 fps=90.0 jank=0 tail=11ms act=HOLD bn=- cpuB=18 cpuPk=61 primePk=61 io=0 gpuB=27 gpuL=5 capped=0 prk=0 stl=0 draw=3.83W cT=46 gT=43 caps%[0:35,2:75,5:35,7:35,-100:60] curMHz[0:787,2:2380,5:499,7:576] gpu=231 gcap=629[7/13] lrn=100
2026-08-01 14:11:56 PulseDaemon: cap write via daemon (2 node(s))
2026-08-01 14:11:56 PulseDaemon: cap write via daemon (3 node(s))
2026-08-01 14:11:56 PulseDaemon: cap write via daemon (2 node(s))
2026-08-01 14:11:57 PulseDaemon: telemetry read via daemon (16 path(s))
2026-08-01 14:11:58 PulseDaemon: telemetry read via daemon (16 path(s))
2026-08-01 14:11:59 PulseAutoTdp: tgt=90 fps=89.3 jank=1 tail=33ms act=HOLD bn=- cpuB=19 cpuPk=59 primePk=50 io=0 gpuB=31 gpuL=6 capped=0 prk=0 stl=0 draw=4.47W cT=45 gT=43 caps%[0:35,2:75,5:35,7:35,-100:60] curMHz[0:787,2:2380,5:499,7:480] gpu=231 gcap=629[7/13] lrn=100
2026-08-01 14:11:59 PulseDaemon: cap write via daemon (2 node(s))
2026-08-01 14:11:59 PulseDaemon: cap write via daemon (3 node(s))
2026-08-01 14:11:59 PulseDaemon: cap write via daemon (2 node(s))
2026-08-01 14:12:00 PulseDaemon: telemetry read via daemon (16 path(s))
2026-08-01 14:12:01 PulseDaemon: telemetry read via daemon (16 path(s))
2026-08-01 14:12:01 PulseAutoTdp: tgt=90 fps=90.0 jank=0 tail=11ms act=HOLD bn=- cpuB=17 cpuPk=61 primePk=61 io=0 gpuB=29 gpuL=6 capped=0 prk=0 stl=0 draw=3.39W cT=44 gT=43 caps%[0:35,2:75,5:35,7:35,-100:60] curMHz[0:672,2:2380,5:499,7:480] gpu=231 gcap=629[7/13] lrn=100
2026-08-01 14:12:01 PulseDaemon: cap write via daemon (2 node(s))
2026-08-01 14:12:01 PulseDaemon: cap write via daemon (3 node(s))
2026-08-01 14:12:02 PulseDaemon: cap write via daemon (2 node(s))
2026-08-01 14:12:03 PulseDaemon: telemetry read via daemon (16 path(s))
2026-08-01 14:12:04 PulseDaemon: telemetry read via daemon (16 path(s))
2026-08-01 14:12:05 PulseAutoTdp: tgt=90 fps=90.0 jank=0 tail=11ms act=HOLD bn=- cpuB=19 cpuPk=63 primePk=63 io=0 gpuB=31 gpuL=6 capped=0 prk=0 stl=0 draw=3.19W cT=45 gT=43 caps%[0:35,2:75,5:35,7:35,-100:60] curMHz[0:787,2:2380,5:499,7:480] mn/mx[0:364/787,2:499/2380,5:499/1075,7:480/1017] gpu=231 gcap=629[7/13] lrn=100
2026-08-01 14:12:05 PulseDaemon: cap write via daemon (2 node(s))
2026-08-01 14:12:05 PulseDaemon: cap write via daemon (3 node(s))
2026-08-01 14:12:05 PulseDaemon: cap write via daemon (2 node(s))
2026-08-01 14:12:06 PulseDaemon: telemetry read via daemon (16 path(s))
2026-08-01 14:12:08 PulseDaemon: telemetry read via daemon (16 path(s))
2026-08-01 14:12:08 PulseAutoTdp: tgt=90 fps=90.0 jank=0 tail=11ms act=HOLD bn=- cpuB=18 cpuPk=57 primePk=49 io=0 gpuB=28 gpuL=6 capped=0 prk=0 stl=0 draw=3.92W cT=44 gT=43 caps%[0:35,2:75,5:35,7:35,-100:60] curMHz[0:787,2:2380,5:499,7:480] gpu=231 gcap=629[7/13] lrn=100
2026-08-01 14:12:08 PulseDaemon: cap write via daemon (2 node(s))
2026-08-01 14:12:08 PulseDaemon: cap write via daemon (3 node(s))
2026-08-01 14:12:08 PulseDaemon: cap write via daemon (2 node(s))
2026-08-01 14:12:09 PulseDaemon: telemetry read via daemon (16 path(s))
2026-08-01 14:12:10 PulseDaemon: telemetry read via daemon (16 path(s))
2026-08-01 14:12:10 PulseAutoTdp: tgt=90 fps=90.0 jank=0 tail=11ms act=HOLD bn=- cpuB=17 cpuPk=53 primePk=53 io=0 gpuB=28 gpuL=6 capped=0 prk=0 stl=0 draw=4.13W cT=44 gT=43 caps%[0:35,2:75,5:35,7:35,-100:60] curMHz[0:787,2:2380,5:499,7:480] gpu=231 gcap=629[7/13] lrn=100
2026-08-01 14:12:10 PulseDaemon: cap write via daemon (2 node(s))
2026-08-01 14:12:11 PulseDaemon: cap write via daemon (3 node(s))
2026-08-01 14:12:11 PulseDaemon: cap write via daemon (2 node(s))
2026-08-01 14:12:12 PulseDaemon: telemetry read via daemon (16 path(s))
2026-08-01 14:12:13 PulseDaemon: telemetry read via daemon (16 path(s))
2026-08-01 14:12:13 PulseAutoTdp: tgt=90 fps=90.0 jank=0 tail=11ms act=HOLD bn=- cpuB=17 cpuPk=54 primePk=50 io=0 gpuB=25 gpuL=5 capped=0 prk=0 stl=0 draw=3.09W cT=43 gT=43 caps%[0:35,2:75,5:35,7:35,-100:60] curMHz[0:556,2:2380,5:499,7:480] gpu=231 gcap=629[7/13] lrn=100
2026-08-01 14:12:13 PulseDaemon: cap write via xsu fallback (2 node(s), ~413 chars, chunked)
2026-08-01 14:12:13 PulseDaemon: cap write via daemon (3 node(s))
2026-08-01 14:12:13 PulseDaemon: cap write via daemon (2 node(s))
2026-08-01 14:12:15 PulseDaemon: telemetry read via daemon (16 path(s))
2026-08-01 14:12:16 PulseDaemon: telemetry read via daemon (16 path(s))
2026-08-01 14:12:16 PulseAutoTdp: tgt=90 fps=90.0 jank=0 tail=11ms act=HOLD bn=- cpuB=18 cpuPk=54 primePk=52 io=0 gpuB=29 gpuL=6 capped=0 prk=0 stl=0 draw=4.30W cT=43 gT=43 caps%[0:35,2:75,5:35,7:35,-100:60] curMHz[0:672,2:2380,5:499,7:480] gpu=231 gcap=629[7/13] lrn=100
2026-08-01 14:12:16 PulseDaemon: cap write via daemon (2 node(s))
2026-08-01 14:12:16 PulseDaemon: cap write via daemon (3 node(s))
2026-08-01 14:12:16 PulseDaemon: cap write via daemon (2 node(s))
2026-08-01 14:12:17 PulseDaemon: telemetry read via daemon (16 path(s))
2026-08-01 14:12:19 PulseDaemon: telemetry read via daemon (16 path(s))
2026-08-01 14:12:19 PulseAutoTdp: AUTOTDP-SESSION tgt=90 bias=EFFICIENT wattCap=0 policies=0:2265600:0,1;2:3148800:2,3,4;5:2956800:5,6;7:3052800:7;-100:1050000:
2026-08-01 14:12:19 PulseAutoTdp: tgt=90 fps=90.0 jank=0 tail=11ms act=HOLD bn=- cpuB=19 cpuPk=56 primePk=52 io=0 gpuB=28 gpuL=6 capped=0 prk=0 stl=0 draw=4.95W cT=44 gT=43 caps%[0:35,2:75,5:35,7:35,-100:60] curMHz[0:787,2:2380,5:499,7:480] gpu=231 gcap=629[7/13] lrn=100
2026-08-01 14:12:19 PulseDaemon: cap write via daemon (2 node(s))
2026-08-01 14:12:19 PulseDaemon: cap write via daemon (3 node(s))
2026-08-01 14:12:19 PulseDaemon: cap write via daemon (2 node(s))
2026-08-01 14:12:20 PulseDaemon: telemetry read via daemon (16 path(s))
2026-08-01 14:12:21 PulseDaemon: telemetry read via daemon (16 path(s))
2026-08-01 14:12:21 PulseAutoTdp: tgt=90 fps=90.0 jank=0 tail=11ms act=HOLD bn=- cpuB=19 cpuPk=54 primePk=54 io=0 gpuB=29 gpuL=6 capped=0 prk=0 stl=0 draw=3.03W cT=44 gT=43 caps%[0:35,2:75,5:35,7:35,-100:60] curMHz[0:787,2:2380,5:499,7:480] gpu=231 gcap=629[7/13] lrn=100
2026-08-01 14:12:22 PulseDaemon: cap write via daemon (2 node(s))
2026-08-01 14:12:22 PulseDaemon: cap write via daemon (3 node(s))
2026-08-01 14:12:22 PulseDaemon: cap write via daemon (2 node(s))
2026-08-01 14:12:23 PulseDaemon: telemetry read via daemon (16 path(s))
2026-08-01 14:12:24 PulseDaemon: telemetry read via daemon (16 path(s))
2026-08-01 14:12:24 PulseAutoTdp: tgt=90 fps=90.0 jank=0 tail=11ms act=HOLD bn=- cpuB=18 cpuPk=51 primePk=50 io=0 gpuB=26 gpuL=5 capped=0 prk=0 stl=0 draw=2.94W cT=44 gT=43 caps%[0:35,2:75,5:35,7:35,-100:60] curMHz[0:787,2:2380,5:499,7:480] gpu=231 gcap=629[7/13] lrn=100
2026-08-01 14:12:24 PulseDaemon: cap write via daemon (2 node(s))
2026-08-01 14:12:24 PulseDaemon: cap write via daemon (3 node(s))
2026-08-01 14:12:24 PulseDaemon: cap write via daemon (2 node(s))
2026-08-01 14:12:26 PulseDaemon: telemetry read via daemon (16 path(s))
2026-08-01 14:12:27 PulseDaemon: telemetry read via daemon (16 path(s))
2026-08-01 14:12:27 PulseAutoTdp: tgt=90 fps=90.0 jank=0 tail=11ms act=HOLD bn=- cpuB=19 cpuPk=52 primePk=51 io=0 gpuB=26 gpuL=5 capped=0 prk=0 stl=0 draw=3.24W cT=44 gT=42 caps%[0:35,2:75,5:35,7:35,-100:60] curMHz[0:787,2:2380,5:614,7:480] gpu=231 gcap=629[7/13] lrn=100
2026-08-01 14:12:27 PulseDaemon: cap write via daemon (2 node(s))
2026-08-01 14:12:27 PulseDaemon: cap write via daemon (3 node(s))
2026-08-01 14:12:27 PulseDaemon: cap write via daemon (2 node(s))
2026-08-01 14:12:28 PulseDaemon: telemetry read via daemon (16 path(s))
2026-08-01 14:12:30 PulseDaemon: telemetry read via daemon (16 path(s))
2026-08-01 14:12:30 PulseAutoTdp: tgt=90 fps=90.0 jank=0 tail=11ms act=HOLD bn=- cpuB=19 cpuPk=52 primePk=52 io=0 gpuB=28 gpuL=6 capped=0 prk=0 stl=0 draw=4.15W cT=44 gT=42 caps%[0:35,2:75,5:35,7:35,-100:60] curMHz[0:787,2:2380,5:499,7:480] gpu=231 gcap=629[7/13] lrn=100
2026-08-01 14:12:30 PulseDaemon: cap write via daemon (2 node(s))
2026-08-01 14:12:30 PulseDaemon: cap write via daemon (3 node(s))
2026-08-01 14:12:30 PulseDaemon: cap write via daemon (2 node(s))
2026-08-01 14:12:31 PulseDaemon: telemetry read via daemon (16 path(s))
2026-08-01 14:12:32 PulseDaemon: telemetry read via daemon (16 path(s))
2026-08-01 14:12:33 PulseAutoTdp: tgt=90 fps=90.0 jank=0 tail=11ms act=HOLD bn=- cpuB=19 cpuPk=56 primePk=52 io=0 gpuB=28 gpuL=6 capped=0 prk=0 stl=0 draw=3.76W cT=44 gT=42 caps%[0:35,2:75,5:35,7:35,-100:60] curMHz[0:672,2:2380,5:499,7:480] mn/mx[0:364/787,2:499/2380,5:499/1075,7:480/1017] gpu=231 gcap=629[7/13] lrn=100
2026-08-01 14:12:33 PulseDaemon: cap write via daemon (2 node(s))
2026-08-01 14:12:33 PulseDaemon: cap write via daemon (3 node(s))
2026-08-01 14:12:33 PulseDaemon: cap write via daemon (2 node(s))
2026-08-01 14:12:35 PulseDaemon: telemetry read via daemon (16 path(s))
2026-08-01 14:12:36 PulseDaemon: telemetry read via daemon (16 path(s))
2026-08-01 14:12:36 PulseAutoTdp: tgt=90 fps=90.0 jank=0 tail=11ms act=HOLD bn=- cpuB=18 cpuPk=56 primePk=51 io=0 gpuB=30 gpuL=6 capped=0 prk=0 stl=0 draw=5.18W cT=44 gT=43 caps%[0:35,2:75,5:35,7:35,-100:60] curMHz[0:672,2:2380,5:499,7:480] gpu=231 gcap=629[7/13] lrn=100
2026-08-01 14:12:36 PulseDaemon: cap write via daemon (2 node(s))
2026-08-01 14:12:36 PulseDaemon: cap write via daemon (3 node(s))
2026-08-01 14:12:36 PulseDaemon: cap write via daemon (2 node(s))
2026-08-01 14:12:37 PulseDaemon: telemetry read via daemon (16 path(s))
2026-08-01 14:12:39 PulseDaemon: telemetry read via daemon (16 path(s))
2026-08-01 14:12:39 PulseAutoTdp: tgt=90 fps=90.0 jank=0 tail=11ms act=HOLD bn=- cpuB=21 cpuPk=56 primePk=54 io=0 gpuB=28 gpuL=6 capped=0 prk=0 stl=0 draw=5.07W cT=44 gT=42 caps%[0:35,2:75,5:35,7:35,-100:60] curMHz[0:556,2:2380,5:1075,7:480] gpu=231 gcap=629[7/13] lrn=100
2026-08-01 14:12:39 PulseDaemon: cap write via daemon (2 node(s))
2026-08-01 14:12:39 PulseDaemon: cap write via daemon (3 node(s))
2026-08-01 14:12:39 PulseDaemon: cap write via daemon (2 node(s))
2026-08-01 14:12:40 PulseDaemon: telemetry read via daemon (16 path(s))
2026-08-01 14:12:41 PulseDaemon: telemetry read via daemon (16 path(s))
2026-08-01 14:12:42 PulseAutoTdp: tgt=90 fps=90.0 jank=0 tail=11ms act=HOLD bn=- cpuB=17 cpuPk=50 primePk=50 io=0 gpuB=30 gpuL=6 capped=0 prk=0 stl=0 draw=4.19W cT=44 gT=43 caps%[0:35,2:75,5:35,7:35,-100:60] curMHz[0:787,2:2380,5:499,7:480] gpu=231 gcap=629[7/13] lrn=100
2026-08-01 14:12:42 PulseDaemon: cap write via daemon (2 node(s))
2026-08-01 14:12:42 PulseDaemon: cap write via daemon (3 node(s))
2026-08-01 14:12:42 PulseDaemon: cap write via daemon (2 node(s))
2026-08-01 14:12:43 PulseDaemon: telemetry read via daemon (16 path(s))
2026-08-01 14:12:44 PulseDaemon: telemetry read via daemon (16 path(s))
2026-08-01 14:12:44 PulseAutoTdp: tgt=90 fps=90.0 jank=0 tail=11ms act=HOLD bn=- cpuB=19 cpuPk=53 primePk=53 io=0 gpuB=31 gpuL=6 capped=0 prk=0 stl=0 draw=3.20W cT=44 gT=42 caps%[0:35,2:75,5:35,7:35,-100:60] curMHz[0:787,2:2380,5:499,7:480] gpu=231 gcap=629[7/13] lrn=100
2026-08-01 14:12:44 PulseDaemon: cap write via daemon (2 node(s))
2026-08-01 14:12:44 PulseDaemon: cap write via daemon (3 node(s))
2026-08-01 14:12:44 PulseDaemon: cap write via daemon (2 node(s))
2026-08-01 14:12:46 PulseDaemon: telemetry read via daemon (16 path(s))
2026-08-01 14:12:47 PulseDaemon: telemetry read via daemon (16 path(s))
2026-08-01 14:12:47 PulseAutoTdp: tgt=90 fps=90.0 jank=0 tail=11ms act=HOLD bn=- cpuB=17 cpuPk=54 primePk=52 io=0 gpuB=31 gpuL=6 capped=0 prk=0 stl=0 draw=3.14W cT=44 gT=43 caps%[0:35,2:75,5:35,7:35,-100:60] curMHz[0:787,2:2131,5:499,7:480] gpu=231 gcap=629[7/13] lrn=100
2026-08-01 14:12:47 PulseDaemon: cap write via daemon (2 node(s))
2026-08-01 14:12:47 PulseDaemon: cap write via daemon (3 node(s))
2026-08-01 14:12:47 PulseDaemon: cap write via daemon (2 node(s))
2026-08-01 14:12:48 PulseDaemon: telemetry read via daemon (16 path(s))
2026-08-01 14:12:50 PulseDaemon: telemetry read via daemon (16 path(s))
2026-08-01 14:12:50 PulseAutoTdp: tgt=90 fps=90.0 jank=0 tail=11ms act=HOLD bn=- cpuB=17 cpuPk=54 primePk=53 io=0 gpuB=27 gpuL=5 capped=0 prk=0 stl=0 draw=3.52W cT=44 gT=43 caps%[0:35,2:75,5:35,7:35,-100:60] curMHz[0:787,2:2380,5:499,7:480] gpu=231 gcap=629[7/13] lrn=100
2026-08-01 14:12:50 PulseDaemon: cap write via daemon (2 node(s))
2026-08-01 14:12:50 PulseDaemon: cap write via daemon (3 node(s))
2026-08-01 14:12:50 PulseDaemon: cap write via daemon (2 node(s))
2026-08-01 14:12:51 PulseDaemon: telemetry read via daemon (16 path(s))
2026-08-01 14:12:52 PulseDaemon: telemetry read via daemon (16 path(s))
2026-08-01 14:12:53 PulseAutoTdp: tgt=90 fps=90.0 jank=0 tail=11ms act=HOLD bn=- cpuB=21 cpuPk=59 primePk=59 io=0 gpuB=27 gpuL=5 capped=0 prk=0 stl=0 draw=6.03W cT=44 gT=43 caps%[0:35,2:75,5:35,7:35,-100:60] curMHz[0:787,2:2380,5:1075,7:1017] gpu=231 gcap=629[7/13] lrn=100
2026-08-01 14:12:53 PulseDaemon: cap write via daemon (2 node(s))
2026-08-01 14:12:53 PulseDaemon: cap write via daemon (3 node(s))
2026-08-01 14:12:53 PulseDaemon: cap write via daemon (2 node(s))
2026-08-01 14:12:54 PulseDaemon: telemetry read via daemon (16 path(s))
2026-08-01 14:12:55 PulseDaemon: telemetry read via daemon (16 path(s))
2026-08-01 14:12:55 PulseAutoTdp: tgt=90 fps=90.0 jank=0 tail=11ms act=HOLD bn=- cpuB=16 cpuPk=55 primePk=55 io=0 gpuB=27 gpuL=5 capped=0 prk=0 stl=0 draw=3.53W cT=44 gT=43 caps%[0:35,2:75,5:35,7:35,-100:60] curMHz[0:787,2:2380,5:499,7:480] gpu=231 gcap=629[7/13] lrn=100
2026-08-01 14:12:55 PulseDaemon: cap write via daemon (2 node(s))
2026-08-01 14:12:55 PulseDaemon: cap write via daemon (3 node(s))
2026-08-01 14:12:55 PulseDaemon: cap write via daemon (2 node(s))
2026-08-01 14:12:57 PulseDaemon: telemetry read via daemon (16 path(s))
2026-08-01 14:12:58 PulseDaemon: telemetry read via daemon (16 path(s))
2026-08-01 14:12:58 PulseAutoTdp: tgt=90 fps=90.0 jank=0 tail=11ms act=HOLD bn=- cpuB=15 cpuPk=54 primePk=54 io=0 gpuB=27 gpuL=5 capped=0 prk=0 stl=0 draw=3.66W cT=44 gT=43 caps%[0:35,2:75,5:35,7:35,-100:60] curMHz[0:460,2:2380,5:499,7:480] gpu=231 gcap=629[7/13] lrn=100
2026-08-01 14:12:58 PulseDaemon: cap write via daemon (2 node(s))
2026-08-01 14:12:58 PulseDaemon: cap write via daemon (3 node(s))
2026-08-01 14:12:58 PulseDaemon: cap write via daemon (2 node(s))
2026-08-01 14:12:59 PulseDaemon: telemetry read via daemon (16 path(s))
2026-08-01 14:13:01 PulseDaemon: telemetry read via daemon (16 path(s))
2026-08-01 14:13:01 PulseDaemon: cap write via daemon (7 node(s))
2026-08-01 14:13:01 PulseAutoTdp: AUTOTDP-SESSION tgt=90 bias=EFFICIENT wattCap=0 policies=0:2265600:0,1;2:3148800:2,3,4;5:2956800:5,6;7:3052800:7;-100:1050000:
2026-08-01 14:13:02 PulseAutoTdp: tgt=90 fps=90.0 jank=0 tail=11ms act=TRIM bn=- cpuB=17 cpuPk=58 primePk=47 io=0 gpuB=23 gpuL=5 capped=0 prk=0 stl=0 draw=2.90W cT=43 gT=43 caps%[0:35,2:70,5:35,7:35,-100:60] curMHz[0:787,2:2380,5:499,7:480] mn/mx[0:364/787,2:499/2188,5:499/1075,7:480/1017] gpu=231 gcap=629[7/13] lrn=100
2026-08-01 14:13:02 PulseDaemon: cap write via daemon (2 node(s))
2026-08-01 14:13:02 PulseDaemon: cap write via daemon (3 node(s))
2026-08-01 14:13:02 PulseDaemon: cap write via daemon (2 node(s))
2026-08-01 14:13:03 PulseDaemon: telemetry read via daemon (16 path(s))
2026-08-01 14:13:04 PulseDaemon: telemetry read via daemon (16 path(s))
2026-08-01 14:13:05 PulseDaemon: cap write via daemon (7 node(s))
2026-08-01 14:13:05 PulseAutoTdp: tgt=90 fps=90.0 jank=0 tail=11ms act=TRIM bn=- cpuB=13 cpuPk=55 primePk=48 io=0 gpuB=24 gpuL=5 capped=0 prk=0 stl=0 draw=2.97W cT=43 gT=43 caps%[0:35,2:70,5:35,7:35,-100:55] curMHz[0:556,2:1708,5:499,7:480] gpu=231 gcap=629[7/13] lrn=100
2026-08-01 14:13:05 PulseDaemon: cap write via daemon (2 node(s))
2026-08-01 14:13:05 PulseDaemon: cap write via daemon (3 node(s))
2026-08-01 14:13:05 PulseDaemon: cap write via daemon (2 node(s))
2026-08-01 14:13:06 PulseDaemon: telemetry read via daemon (16 path(s))
2026-08-01 14:13:07 PulseDaemon: telemetry read via daemon (16 path(s))
2026-08-01 14:13:07 PulseAutoTdp: tgt=90 fps=90.0 jank=0 tail=11ms act=HOLD bn=- cpuB=17 cpuPk=56 primePk=51 io=0 gpuB=29 gpuL=6 capped=0 prk=0 stl=0 draw=4.25W cT=44 gT=43 caps%[0:35,2:70,5:35,7:35,-100:55] curMHz[0:556,2:2188,5:614,7:480] gpu=231 gcap=578[8/13] lrn=100
2026-08-01 14:13:07 PulseDaemon: cap write via daemon (2 node(s))
2026-08-01 14:13:07 PulseDaemon: cap write via daemon (3 node(s))
2026-08-01 14:13:08 PulseDaemon: cap write via daemon (2 node(s))
2026-08-01 14:13:09 PulseDaemon: telemetry read via daemon (16 path(s))
2026-08-01 14:13:10 PulseDaemon: telemetry read via daemon (16 path(s))
2026-08-01 14:13:10 PulseAutoTdp: tgt=90 fps=90.0 jank=0 tail=11ms act=HOLD bn=- cpuB=17 cpuPk=55 primePk=52 io=0 gpuB=28 gpuL=6 capped=0 prk=0 stl=0 draw=3.23W cT=43 gT=43 caps%[0:35,2:70,5:35,7:35,-100:55] curMHz[0:672,2:2188,5:499,7:480] gpu=231 gcap=578[8/13] lrn=100
2026-08-01 14:13:10 PulseDaemon: cap write via daemon (2 node(s))
2026-08-01 14:13:10 PulseDaemon: cap write via daemon (3 node(s))
2026-08-01 14:13:10 PulseDaemon: cap write via daemon (2 node(s))
2026-08-01 14:13:11 PulseDaemon: telemetry read via daemon (16 path(s))
2026-08-01 14:13:13 PulseDaemon: telemetry read via daemon (16 path(s))
2026-08-01 14:13:13 PulseAutoTdp: tgt=90 fps=90.0 jank=0 tail=11ms act=HOLD bn=- cpuB=18 cpuPk=56 primePk=53 io=0 gpuB=28 gpuL=6 capped=0 prk=0 stl=0 draw=3.17W cT=43 gT=43 caps%[0:35,2:70,5:35,7:35,-100:55] curMHz[0:787,2:2188,5:499,7:480] gpu=231 gcap=578[8/13] lrn=100
2026-08-01 14:13:13 PulseDaemon: cap write via xsu fallback (2 node(s), ~413 chars, chunked)
2026-08-01 14:13:13 PulseDaemon: cap write via daemon (3 node(s))
2026-08-01 14:13:13 PulseDaemon: cap write via daemon (2 node(s))
2026-08-01 14:13:14 PulseDaemon: telemetry read via daemon (16 path(s))
2026-08-01 14:13:16 PulseDaemon: telemetry read via daemon (16 path(s))
2026-08-01 14:13:16 PulseAutoTdp: tgt=90 fps=90.0 jank=0 tail=11ms act=HOLD bn=- cpuB=18 cpuPk=55 primePk=55 io=0 gpuB=29 gpuL=6 capped=0 prk=0 stl=0 draw=4.94W cT=44 gT=43 caps%[0:35,2:70,5:35,7:35,-100:55] curMHz[0:672,2:2188,5:729,7:480] gpu=231 gcap=578[8/13] lrn=100
2026-08-01 14:13:16 PulseDaemon: cap write via daemon (2 node(s))
2026-08-01 14:13:16 PulseDaemon: cap write via daemon (3 node(s))
2026-08-01 14:13:16 PulseDaemon: cap write via daemon (2 node(s))
2026-08-01 14:13:17 PulseDaemon: telemetry read via daemon (16 path(s))
2026-08-01 14:13:18 PulseDaemon: telemetry read via daemon (16 path(s))
2026-08-01 14:13:19 PulseAutoTdp: tgt=90 fps=90.0 jank=0 tail=11ms act=HOLD bn=- cpuB=17 cpuPk=57 primePk=53 io=0 gpuB=26 gpuL=5 capped=0 prk=0 stl=0 draw=3.13W cT=43 gT=43 caps%[0:35,2:70,5:35,7:35,-100:55] curMHz[0:787,2:2188,5:499,7:480] gpu=231 gcap=578[8/13] lrn=100
2026-08-01 14:13:19 PulseDaemon: cap write via daemon (2 node(s))
2026-08-01 14:13:19 PulseDaemon: cap write via daemon (3 node(s))
2026-08-01 14:13:19 PulseDaemon: cap write via daemon (2 node(s))
2026-08-01 14:13:20 PulseDaemon: telemetry read via daemon (16 path(s))
2026-08-01 14:13:21 PulseDaemon: telemetry read via daemon (16 path(s))
2026-08-01 14:13:21 PulseAutoTdp: tgt=90 fps=90.0 jank=0 tail=11ms act=HOLD bn=- cpuB=17 cpuPk=62 primePk=43 io=0 gpuB=23 gpuL=5 capped=0 prk=0 stl=0 draw=3.20W cT=43 gT=43 caps%[0:35,2:70,5:35,7:35,-100:55] curMHz[0:787,2:2188,5:499,7:480] gpu=231 gcap=578[8/13] lrn=100
2026-08-01 14:13:21 PulseDaemon: cap write via xsu fallback (2 node(s), ~413 chars, chunked)
2026-08-01 14:13:21 PulseDaemon: cap write via daemon (3 node(s))
2026-08-01 14:13:21 PulseDaemon: cap write via daemon (2 node(s))
2026-08-01 14:13:23 PulseDaemon: telemetry read via daemon (16 path(s))
2026-08-01 14:13:24 PulseDaemon: telemetry read via daemon (16 path(s))
2026-08-01 14:13:24 PulseAutoTdp: tgt=90 fps=90.0 jank=0 tail=11ms act=HOLD bn=- cpuB=16 cpuPk=54 primePk=52 io=0 gpuB=27 gpuL=5 capped=0 prk=0 stl=0 draw=5.27W cT=43 gT=43 caps%[0:35,2:70,5:35,7:35,-100:55] curMHz[0:672,2:2188,5:614,7:480] gpu=231 gcap=578[8/13] lrn=100
2026-08-01 14:13:24 PulseDaemon: cap write via daemon (2 node(s))
2026-08-01 14:13:24 PulseDaemon: cap write via daemon (3 node(s))
2026-08-01 14:13:24 PulseDaemon: cap write via daemon (2 node(s))
2026-08-01 14:13:25 PulseDaemon: telemetry read via daemon (16 path(s))
2026-08-01 14:13:27 PulseDaemon: telemetry read via daemon (16 path(s))
2026-08-01 14:13:27 PulseAutoTdp: tgt=90 fps=90.0 jank=0 tail=11ms act=HOLD bn=- cpuB=15 cpuPk=60 primePk=60 io=0 gpuB=27 gpuL=5 capped=0 prk=0 stl=0 draw=4.02W cT=43 gT=43 caps%[0:35,2:70,5:35,7:35,-100:55] curMHz[0:556,2:2188,5:499,7:480] gpu=231 gcap=578[8/13] lrn=100
2026-08-01 14:13:27 PulseDaemon: cap write via daemon (2 node(s))
2026-08-01 14:13:27 PulseDaemon: cap write via daemon (3 node(s))
2026-08-01 14:13:27 PulseDaemon: cap write via daemon (2 node(s))
2026-08-01 14:13:28 PulseDaemon: telemetry read via daemon (16 path(s))
2026-08-01 14:13:29 PulseDaemon: telemetry read via daemon (16 path(s))
2026-08-01 14:13:30 PulseAutoTdp: tgt=90 fps=90.0 jank=0 tail=11ms act=HOLD bn=- cpuB=16 cpuPk=57 primePk=50 io=0 gpuB=27 gpuL=5 capped=0 prk=0 stl=0 draw=3.68W cT=43 gT=43 caps%[0:35,2:70,5:35,7:35,-100:55] curMHz[0:787,2:2188,5:499,7:480] mn/mx[0:364/787,2:499/2188,5:499/1075,7:480/1017] gpu=231 gcap=578[8/13] lrn=100
2026-08-01 14:13:30 PulseDaemon: cap write via daemon (2 node(s))
2026-08-01 14:13:30 PulseDaemon: cap write via daemon (3 node(s))
2026-08-01 14:13:30 PulseDaemon: cap write via daemon (2 node(s))
2026-08-01 14:13:32 PulseDaemon: telemetry read via daemon (16 path(s))
2026-08-01 14:13:33 PulseDaemon: telemetry read via daemon (16 path(s))
2026-08-01 14:13:33 PulseAutoTdp: tgt=90 fps=90.0 jank=0 tail=11ms act=HOLD bn=- cpuB=13 cpuPk=51 primePk=50 io=0 gpuB=23 gpuL=5 capped=0 prk=0 stl=0 draw=4.44W cT=43 gT=43 caps%[0:35,2:70,5:35,7:35,-100:55] curMHz[0:672,2:1824,5:499,7:480] gpu=231 gcap=578[8/13] lrn=100
2026-08-01 14:13:33 PulseDaemon: cap write via daemon (2 node(s))
2026-08-01 14:13:33 PulseDaemon: cap write via daemon (3 node(s))
2026-08-01 14:13:33 PulseDaemon: cap write via daemon (2 node(s))
2026-08-01 14:13:34 PulseDaemon: telemetry read via daemon (16 path(s))
2026-08-01 14:13:36 PulseDaemon: telemetry read via daemon (16 path(s))
2026-08-01 14:13:36 PulseAutoTdp: tgt=90 fps=90.0 jank=0 tail=11ms act=HOLD bn=- cpuB=15 cpuPk=53 primePk=52 io=0 gpuB=22 gpuL=4 capped=0 prk=0 stl=0 draw=4.48W cT=43 gT=41 caps%[0:35,2:70,5:35,7:35,-100:55] curMHz[0:556,2:2188,5:499,7:480] gpu=231 gcap=578[8/13] lrn=100
2026-08-01 14:13:36 PulseDaemon: cap write via daemon (2 node(s))
2026-08-01 14:13:36 PulseDaemon: cap write via daemon (3 node(s))
2026-08-01 14:13:36 PulseDaemon: cap write via daemon (2 node(s))
2026-08-01 14:13:37 PulseDaemon: telemetry read via daemon (16 path(s))
2026-08-01 14:13:38 PulseDaemon: telemetry read via daemon (16 path(s))
2026-08-01 14:13:39 PulseAutoTdp: tgt=90 fps=90.0 jank=0 tail=11ms act=HOLD bn=- cpuB=16 cpuPk=58 primePk=47 io=0 gpuB=21 gpuL=4 capped=0 prk=0 stl=0 draw=3.86W cT=43 gT=41 caps%[0:35,2:70,5:35,7:35,-100:55] curMHz[0:787,2:2188,5:499,7:480] gpu=231 gcap=578[8/13] lrn=100
2026-08-01 14:13:39 PulseDaemon: cap write via daemon (2 node(s))
2026-08-01 14:13:39 PulseDaemon: cap write via daemon (3 node(s))
2026-08-01 14:13:39 PulseDaemon: cap write via daemon (2 node(s))
2026-08-01 14:13:40 PulseDaemon: telemetry read via daemon (16 path(s))
2026-08-01 14:13:41 PulseDaemon: telemetry read via daemon (16 path(s))
2026-08-01 14:13:41 PulseAutoTdp: tgt=90 fps=90.0 jank=0 tail=11ms act=HOLD bn=- cpuB=16 cpuPk=56 primePk=49 io=0 gpuB=21 gpuL=4 capped=0 prk=0 stl=0 draw=2.99W cT=42 gT=41 caps%[0:35,2:70,5:35,7:35,-100:55] curMHz[0:672,2:2188,5:614,7:480] gpu=231 gcap=578[8/13] lrn=100
2026-08-01 14:13:41 PulseDaemon: cap write via daemon (2 node(s))
2026-08-01 14:13:41 PulseDaemon: cap write via daemon (3 node(s))
2026-08-01 14:13:41 PulseDaemon: cap write via daemon (2 node(s))
2026-08-01 14:13:43 PulseDaemon: telemetry read via daemon (16 path(s))
2026-08-01 14:13:44 PulseDaemon: telemetry read via daemon (16 path(s))
2026-08-01 14:13:44 PulseAutoTdp: AUTOTDP-SESSION tgt=90 bias=EFFICIENT wattCap=0 policies=0:2265600:0,1;2:3148800:2,3,4;5:2956800:5,6;7:3052800:7;-100:1050000:
2026-08-01 14:13:44 PulseAutoTdp: tgt=90 fps=90.0 jank=0 tail=11ms act=HOLD bn=- cpuB=16 cpuPk=59 primePk=44 io=0 gpuB=22 gpuL=4 capped=0 prk=0 stl=0 draw=2.98W cT=42 gT=41 caps%[0:35,2:70,5:35,7:35,-100:55] curMHz[0:787,2:2188,5:499,7:480] gpu=231 gcap=578[8/13] lrn=100
2026-08-01 14:13:44 PulseDaemon: cap write via xsu fallback (3 node(s), ~620 chars, chunked)
2026-08-01 14:13:44 PulseDaemon: cap write via daemon (2 node(s))
2026-08-01 14:13:45 PulseDaemon: telemetry read via daemon (16 path(s))
2026-08-01 14:13:47 PulseDaemon: telemetry read via daemon (16 path(s))
2026-08-01 14:13:47 PulseAutoTdp: tgt=90 fps=90.0 jank=0 tail=11ms act=HOLD bn=- cpuB=11 cpuPk=57 primePk=48 io=0 gpuB=21 gpuL=4 capped=0 prk=0 stl=0 draw=4.18W cT=43 gT=41 caps%[0:35,2:70,5:35,7:35,-100:55] curMHz[0:672,2:1286,5:499,7:480] gpu=231 gcap=578[8/13] lrn=100
2026-08-01 14:13:47 PulseDaemon: cap write via daemon (2 node(s))
2026-08-01 14:13:47 PulseDaemon: cap write via daemon (3 node(s))
2026-08-01 14:13:47 PulseDaemon: cap write via daemon (2 node(s))
2026-08-01 14:13:48 PulseDaemon: telemetry read via daemon (16 path(s))
2026-08-01 14:13:50 PulseDaemon: telemetry read via daemon (16 path(s))
2026-08-01 14:13:50 PulseAutoTdp: tgt=90 fps=90.0 jank=0 tail=11ms act=HOLD bn=- cpuB=15 cpuPk=51 primePk=49 io=0 gpuB=22 gpuL=4 capped=0 prk=0 stl=0 draw=3.27W cT=43 gT=41 caps%[0:35,2:70,5:35,7:35,-100:55] curMHz[0:556,2:2188,5:499,7:480] gpu=231 gcap=578[8/13] lrn=100
2026-08-01 14:13:50 PulseDaemon: cap write via daemon (2 node(s))
2026-08-01 14:13:50 PulseDaemon: cap write via daemon (3 node(s))
2026-08-01 14:13:50 PulseDaemon: cap write via daemon (2 node(s))
2026-08-01 14:13:51 PulseDaemon: telemetry read via daemon (16 path(s))
2026-08-01 14:13:52 PulseDaemon: telemetry read via daemon (16 path(s))
2026-08-01 14:13:52 PulseAutoTdp: tgt=90 fps=90.0 jank=0 tail=11ms act=HOLD bn=- cpuB=15 cpuPk=56 primePk=45 io=0 gpuB=21 gpuL=4 capped=0 prk=0 stl=0 draw=3.15W cT=43 gT=42 caps%[0:35,2:70,5:35,7:35,-100:55] curMHz[0:556,2:2188,5:499,7:480] gpu=231 gcap=578[8/13] lrn=100
2026-08-01 14:13:52 PulseDaemon: cap write via daemon (2 node(s))
2026-08-01 14:13:53 PulseDaemon: cap write via daemon (3 node(s))
2026-08-01 14:13:53 PulseDaemon: cap write via daemon (2 node(s))
2026-08-01 14:13:54 PulseDaemon: telemetry read via daemon (16 path(s))
2026-08-01 14:13:55 PulseDaemon: telemetry read via daemon (16 path(s))
2026-08-01 14:13:55 PulseAutoTdp: tgt=90 fps=90.0 jank=0 tail=11ms act=HOLD bn=- cpuB=19 cpuPk=58 primePk=49 io=0 gpuB=23 gpuL=5 capped=0 prk=0 stl=0 draw=5.00W cT=43 gT=41 caps%[0:35,2:70,5:35,7:35,-100:55] curMHz[0:787,2:2188,5:1075,7:480] gpu=231 gcap=578[8/13] lrn=100
2026-08-01 14:13:55 PulseDaemon: cap write via daemon (2 node(s))
2026-08-01 14:13:55 PulseDaemon: cap write via daemon (3 node(s))
2026-08-01 14:13:55 PulseDaemon: cap write via daemon (2 node(s))
2026-08-01 14:13:56 PulseDaemon: telemetry read via daemon (16 path(s))
2026-08-01 14:13:58 PulseDaemon: telemetry read via daemon (16 path(s))
2026-08-01 14:13:59 PulseAutoTdp: tgt=90 fps=90.0 jank=0 tail=11ms act=HOLD bn=- cpuB=17 cpuPk=55 primePk=51 io=0 gpuB=27 gpuL=5 capped=0 prk=0 stl=0 draw=5.53W cT=43 gT=42 caps%[0:35,2:70,5:35,7:35,-100:55] curMHz[0:787,2:2188,5:499,7:480] mn/mx[0:787/787,2:499/2188,5:499/1075,7:480/1017] gpu=231 gcap=578[8/13] lrn=100
2026-08-01 14:13:59 PulseDaemon: cap write via daemon (2 node(s))
2026-08-01 14:13:59 PulseDaemon: cap write via daemon (3 node(s))
2026-08-01 14:13:59 PulseDaemon: cap write via daemon (2 node(s))
2026-08-01 14:14:00 PulseDaemon: telemetry read via daemon (16 path(s))
2026-08-01 14:14:01 PulseDaemon: telemetry read via daemon (16 path(s))
2026-08-01 14:14:01 PulseAutoTdp: tgt=90 fps=90.0 jank=0 tail=11ms act=HOLD bn=- cpuB=19 cpuPk=56 primePk=49 io=0 gpuB=27 gpuL=5 capped=0 prk=0 stl=0 draw=3.25W cT=43 gT=42 caps%[0:35,2:70,5:35,7:35,-100:55] curMHz[0:672,2:2188,5:1075,7:480] gpu=231 gcap=578[8/13] lrn=100
2026-08-01 14:14:02 PulseDaemon: cap write via daemon (2 node(s))
2026-08-01 14:14:02 PulseDaemon: cap write via daemon (3 node(s))
2026-08-01 14:14:02 PulseDaemon: cap write via daemon (2 node(s))
2026-08-01 14:14:03 PulseDaemon: telemetry read via daemon (16 path(s))
2026-08-01 14:14:04 PulseDaemon: telemetry read via daemon (16 path(s))
2026-08-01 14:14:04 PulseAutoTdp: tgt=90 fps=90.0 jank=0 tail=11ms act=HOLD bn=- cpuB=17 cpuPk=57 primePk=53 io=0 gpuB=27 gpuL=5 capped=0 prk=0 stl=0 draw=2.92W cT=43 gT=43 caps%[0:35,2:70,5:35,7:35,-100:55] curMHz[0:787,2:2188,5:499,7:480] gpu=231 gcap=578[8/13] lrn=100
2026-08-01 14:14:04 PulseDaemon: cap write via xsu fallback (2 node(s), ~413 chars, chunked)
2026-08-01 14:14:04 PulseDaemon: cap write via daemon (3 node(s))
2026-08-01 14:14:04 PulseDaemon: cap write via daemon (2 node(s))
2026-08-01 14:14:06 PulseDaemon: telemetry read via daemon (16 path(s))
2026-08-01 14:14:07 PulseDaemon: telemetry read via daemon (16 path(s))
2026-08-01 14:14:07 PulseAutoTdp: tgt=90 fps=90.0 jank=0 tail=11ms act=HOLD bn=- cpuB=18 cpuPk=56 primePk=53 io=0 gpuB=26 gpuL=5 capped=0 prk=0 stl=0 draw=4.83W cT=43 gT=43 caps%[0:35,2:70,5:35,7:35,-100:55] curMHz[0:787,2:2188,5:499,7:480] gpu=231 gcap=578[8/13] lrn=100
2026-08-01 14:14:07 PulseDaemon: cap write via daemon (2 node(s))
2026-08-01 14:14:07 PulseDaemon: cap write via daemon (3 node(s))
2026-08-01 14:14:07 PulseDaemon: cap write via daemon (2 node(s))
2026-08-01 14:14:08 PulseDaemon: telemetry read via daemon (16 path(s))
2026-08-01 14:14:10 PulseDaemon: telemetry read via daemon (16 path(s))
2026-08-01 14:14:10 PulseAutoTdp: tgt=90 fps=90.0 jank=0 tail=11ms act=HOLD bn=- cpuB=18 cpuPk=56 primePk=54 io=0 gpuB=28 gpuL=6 capped=0 prk=0 stl=0 draw=3.15W cT=43 gT=43 caps%[0:35,2:70,5:35,7:35,-100:55] curMHz[0:787,2:2131,5:499,7:480] gpu=231 gcap=578[8/13] lrn=100
2026-08-01 14:14:10 PulseDaemon: cap write via daemon (2 node(s))
2026-08-01 14:14:10 PulseDaemon: cap write via daemon (3 node(s))
2026-08-01 14:14:10 PulseDaemon: cap write via daemon (2 node(s))
2026-08-01 14:14:11 PulseDaemon: telemetry read via daemon (16 path(s))
2026-08-01 14:14:12 PulseDaemon: telemetry read via daemon (16 path(s))
2026-08-01 14:14:13 PulseAutoTdp: tgt=90 fps=90.0 jank=0 tail=11ms act=HOLD bn=- cpuB=21 cpuPk=59 primePk=54 io=0 gpuB=28 gpuL=6 capped=0 prk=0 stl=0 draw=3.78W cT=43 gT=43 caps%[0:35,2:70,5:35,7:35,-100:55] curMHz[0:787,2:2188,5:960,7:902] gpu=231 gcap=578[8/13] lrn=100
2026-08-01 14:14:13 PulseDaemon: cap write via daemon (2 node(s))
2026-08-01 14:14:13 PulseDaemon: cap write via daemon (2 node(s))
2026-08-01 14:14:14 PulseDaemon: telemetry read via daemon (16 path(s))
2026-08-01 14:14:15 PulseDaemon: telemetry read via daemon (16 path(s))
2026-08-01 14:14:15 PulseAutoTdp: tgt=90 fps=90.0 jank=0 tail=11ms act=HOLD bn=- cpuB=17 cpuPk=60 primePk=60 io=0 gpuB=23 gpuL=5 capped=0 prk=0 stl=0 draw=3.50W cT=44 gT=43 caps%[0:35,2:70,5:35,7:35,-100:55] curMHz[0:460,2:2131,5:729,7:480] gpu=231 gcap=578[8/13] lrn=100
2026-08-01 14:14:15 PulseDaemon: cap write via daemon (2 node(s))
2026-08-01 14:14:16 PulseDaemon: cap write via daemon (3 node(s))
2026-08-01 14:14:16 PulseDaemon: cap write via daemon (2 node(s))
2026-08-01 14:14:17 PulseDaemon: telemetry read via daemon (16 path(s))
2026-08-01 14:14:18 PulseDaemon: telemetry read via daemon (16 path(s))
2026-08-01 14:14:18 PulseAutoTdp: tgt=90 fps=90.0 jank=0 tail=11ms act=HOLD bn=- cpuB=18 cpuPk=55 primePk=55 io=0 gpuB=22 gpuL=4 capped=0 prk=0 stl=0 draw=3.81W cT=44 gT=43 caps%[0:35,2:70,5:35,7:35,-100:55] curMHz[0:787,2:2188,5:499,7:480] gpu=231 gcap=578[8/13] lrn=100
2026-08-01 14:14:18 PulseDaemon: cap write via daemon (2 node(s))
2026-08-01 14:14:18 PulseDaemon: cap write via daemon (3 node(s))
2026-08-01 14:14:18 PulseDaemon: cap write via daemon (2 node(s))
2026-08-01 14:14:20 PulseDaemon: telemetry read via daemon (16 path(s))
2026-08-01 14:14:21 PulseDaemon: telemetry read via daemon (16 path(s))
2026-08-01 14:14:21 PulseAutoTdp: tgt=90 fps=90.0 jank=0 tail=11ms act=HOLD bn=- cpuB=17 cpuPk=54 primePk=54 io=0 gpuB=28 gpuL=6 capped=0 prk=0 stl=0 draw=3.28W cT=43 gT=43 caps%[0:35,2:70,5:35,7:35,-100:55] curMHz[0:787,2:2188,5:499,7:480] gpu=231 gcap=578[8/13] lrn=100
2026-08-01 14:14:21 PulseDaemon: cap write via daemon (2 node(s))
2026-08-01 14:14:21 PulseDaemon: cap write via daemon (3 node(s))
2026-08-01 14:14:21 PulseDaemon: cap write via daemon (2 node(s))
2026-08-01 14:14:22 PulseDaemon: telemetry read via daemon (16 path(s))
2026-08-01 14:14:24 PulseDaemon: telemetry read via daemon (16 path(s))
2026-08-01 14:14:24 PulseAutoTdp: tgt=90 fps=90.0 jank=0 tail=11ms act=HOLD bn=- cpuB=15 cpuPk=54 primePk=54 io=0 gpuB=23 gpuL=5 capped=0 prk=0 stl=0 draw=3.97W cT=43 gT=43 caps%[0:35,2:70,5:35,7:35,-100:55] curMHz[0:787,2:1824,5:499,7:480] gpu=231 gcap=578[8/13] lrn=100
2026-08-01 14:14:24 PulseDaemon: cap write via daemon (2 node(s))
2026-08-01 14:14:24 PulseDaemon: cap write via daemon (3 node(s))
2026-08-01 14:14:24 PulseDaemon: cap write via daemon (2 node(s))
2026-08-01 14:14:25 PulseDaemon: telemetry read via daemon (16 path(s))
2026-08-01 14:14:26 PulseDaemon: telemetry read via daemon (16 path(s))
2026-08-01 14:14:27 PulseDaemon: cap write via daemon (7 node(s))
2026-08-01 14:14:27 PulseAutoTdp: AUTOTDP-SESSION tgt=90 bias=EFFICIENT wattCap=0 policies=0:2265600:0,1;2:3148800:2,3,4;5:2956800:5,6;7:3052800:7;-100:1050000:
2026-08-01 14:14:27 PulseAutoTdp: tgt=90 fps=90.0 jank=0 tail=11ms act=TRIM bn=- cpuB=17 cpuPk=59 primePk=49 io=0 gpuB=23 gpuL=5 capped=0 prk=0 stl=0 draw=4.30W cT=43 gT=43 caps%[0:35,2:65,5:35,7:35,-100:55] curMHz[0:787,2:2188,5:499,7:480] mn/mx[0:787/787,2:499/2035,5:499/1075,7:480/1017] gpu=231 gcap=578[8/13] lrn=100
2026-08-01 14:14:27 PulseDaemon: cap write via daemon (2 node(s))
2026-08-01 14:14:28 PulseDaemon: cap write via daemon (3 node(s))
2026-08-01 14:14:28 PulseDaemon: cap write via daemon (2 node(s))
2026-08-01 14:14:29 PulseDaemon: telemetry read via daemon (16 path(s))
2026-08-01 14:14:30 PulseDaemon: telemetry read via daemon (16 path(s))
2026-08-01 14:14:30 PulseDaemon: cap write via daemon (7 node(s))
2026-08-01 14:14:30 PulseAutoTdp: tgt=90 fps=90.0 jank=0 tail=11ms act=TRIM bn=- cpuB=17 cpuPk=56 primePk=47 io=0 gpuB=28 gpuL=6 capped=0 prk=0 stl=0 draw=3.99W cT=43 gT=43 caps%[0:35,2:65,5:35,7:35,-100:50] curMHz[0:787,2:2035,5:499,7:480] gpu=231 gcap=578[8/13] lrn=100
2026-08-01 14:14:30 PulseDaemon: cap write via daemon (2 node(s))
2026-08-01 14:14:30 PulseDaemon: cap write via daemon (3 node(s))
2026-08-01 14:14:31 PulseDaemon: cap write via daemon (2 node(s))
2026-08-01 14:14:32 PulseDaemon: telemetry read via daemon (16 path(s))
2026-08-01 14:14:33 PulseDaemon: telemetry read via daemon (16 path(s))
2026-08-01 14:14:33 PulseAutoTdp: tgt=90 fps=86.4 jank=1 tail=44ms act=HOLD bn=- cpuB=16 cpuPk=59 primePk=59 io=0 gpuB=26 gpuL=5 capped=0 prk=0 stl=0 draw=2.90W cT=43 gT=43 caps%[0:35,2:65,5:35,7:35,-100:50] curMHz[0:460,2:2035,5:499,7:480] gpu=231 gcap=500[9/13] lrn=100
2026-08-01 14:14:33 PulseDaemon: cap write via xsu fallback (2 node(s), ~413 chars, chunked)
2026-08-01 14:14:33 PulseDaemon: cap write via daemon (3 node(s))
2026-08-01 14:14:33 PulseDaemon: cap write via daemon (2 node(s))
2026-08-01 14:14:35 PulseDaemon: telemetry read via daemon (16 path(s))
2026-08-01 14:14:36 PulseDaemon: telemetry read via daemon (16 path(s))
2026-08-01 14:14:36 PulseAutoTdp: tgt=90 fps=90.0 jank=0 tail=11ms act=HOLD bn=- cpuB=14 cpuPk=63 primePk=42 io=0 gpuB=34 gpuL=7 capped=0 prk=0 stl=0 draw=2.71W cT=42 gT=42 caps%[0:35,2:65,5:35,7:35,-100:50] curMHz[0:556,2:2035,5:499,7:480] gpu=231 gcap=500[9/13] lrn=100
2026-08-01 14:14:36 PulseDaemon: cap write via daemon (2 node(s))
2026-08-01 14:14:36 PulseDaemon: cap write via daemon (3 node(s))
2026-08-01 14:14:36 PulseDaemon: cap write via daemon (2 node(s))
2026-08-01 14:14:37 PulseDaemon: telemetry read via daemon (16 path(s))
2026-08-01 14:14:39 PulseDaemon: telemetry read via daemon (16 path(s))
2026-08-01 14:14:39 PulseAutoTdp: tgt=90 fps=90.0 jank=0 tail=11ms act=HOLD bn=- cpuB=13 cpuPk=64 primePk=27 io=0 gpuB=24 gpuL=5 capped=0 prk=0 stl=0 draw=2.94W cT=41 gT=42 caps%[0:35,2:65,5:35,7:35,-100:50] curMHz[0:787,2:2035,5:499,7:480] gpu=231 gcap=500[9/13] lrn=100
2026-08-01 14:14:39 PulseDaemon: cap write via xsu fallback (2 node(s), ~413 chars, chunked)
2026-08-01 14:14:39 PulseDaemon: cap write via daemon (3 node(s))
2026-08-01 14:14:39 PulseDaemon: cap write via daemon (2 node(s))
2026-08-01 14:14:40 PulseDaemon: telemetry read via daemon (16 path(s))
2026-08-01 14:14:41 PulseDaemon: telemetry read via daemon (16 path(s))
2026-08-01 14:14:42 PulseAutoTdp: tgt=90 fps=90.0 jank=0 tail=11ms act=HOLD bn=- cpuB=18 cpuPk=58 primePk=47 io=0 gpuB=21 gpuL=4 capped=0 prk=0 stl=0 draw=4.04W cT=44 gT=43 caps%[0:35,2:65,5:35,7:35,-100:50] curMHz[0:787,2:2035,5:499,7:1017] gpu=231 gcap=500[9/13] lrn=100
2026-08-01 14:14:42 PulseDaemon: cap write via daemon (2 node(s))
2026-08-01 14:14:42 PulseDaemon: cap write via daemon (3 node(s))
2026-08-01 14:14:42 PulseDaemon: cap write via daemon (2 node(s))
2026-08-01 14:14:43 PulseDaemon: telemetry read via daemon (16 path(s))
2026-08-01 14:14:44 PulseDaemon: telemetry read via daemon (16 path(s))
2026-08-01 14:14:45 PulseAutoTdp: tgt=90 fps=90.0 jank=0 tail=11ms act=HOLD bn=CPU cpuB=40 cpuPk=97 primePk=97 io=0 gpuB=20 gpuL=4 capped=0 prk=0 stl=0 draw=5.42W cT=49 gT=44 caps%[0:35,2:65,5:35,7:35,-100:50] curMHz[0:787,2:2035,5:1075,7:1017] gpu=231 gcap=500[9/13] lrn=100
2026-08-01 14:14:45 PulseDaemon: cap write via daemon (2 node(s))
2026-08-01 14:14:45 PulseDaemon: cap write via daemon (3 node(s))
2026-08-01 14:14:45 PulseDaemon: cap write via daemon (2 node(s))
2026-08-01 14:14:46 PulseDaemon: telemetry read via daemon (16 path(s))
2026-08-01 14:14:47 PulseDaemon: telemetry read via daemon (16 path(s))
2026-08-01 14:14:48 PulseDaemon: cap write via daemon (7 node(s))
2026-08-01 14:14:48 PulseAutoTdp: tgt=90 fps=25.4 jank=4 tail=78ms act=RAISE bn=CPU cpuB=38 cpuPk=98 primePk=98 io=0 gpuB=0 gpuL=0 capped=0 prk=0 stl=0 draw=5.54W cT=50 gT=43 caps%[0:35,2:70,5:35,7:35,-100:50] curMHz[0:787,2:2035,5:1075,7:1017] gpu=231 gcap=500[9/13] lrn=100
2026-08-01 14:14:48 PulseDaemon: cap write via daemon (2 node(s))
2026-08-01 14:14:48 PulseDaemon: cap write via daemon (3 node(s))
2026-08-01 14:14:48 PulseDaemon: cap write via daemon (2 node(s))
2026-08-01 14:14:49 PulseDaemon: telemetry read via daemon (16 path(s))
2026-08-01 14:14:51 PulseDaemon: telemetry read via daemon (16 path(s))
2026-08-01 14:14:51 PulseDaemon: cap write via daemon (7 node(s))
2026-08-01 14:14:51 PulseAutoTdp: tgt=90 fps=89.3 jank=0 tail=22ms act=RAISE bn=CPU cpuB=33 cpuPk=79 primePk=79 io=0 gpuB=31 gpuL=6 capped=0 prk=0 stl=0 draw=5.31W cT=49 gT=45 caps%[0:35,2:75,5:35,7:35,-100:50] curMHz[0:787,2:2188,5:1075,7:1017] gpu=231 gcap=500[9/13] lrn=100
2026-08-01 14:14:51 PulseDaemon: cap write via daemon (2 node(s))
2026-08-01 14:14:51 PulseDaemon: cap write via daemon (3 node(s))
2026-08-01 14:14:51 PulseDaemon: cap write via daemon (2 node(s))
2026-08-01 14:14:52 PulseDaemon: telemetry read via daemon (16 path(s))
2026-08-01 14:14:54 PulseDaemon: telemetry read via daemon (16 path(s))
2026-08-01 14:14:54 PulseDaemon: cap write via daemon (7 node(s))
2026-08-01 14:14:54 PulseAutoTdp: tgt=90 fps=90.0 jank=0 tail=11ms act=RAISE bn=- cpuB=19 cpuPk=53 primePk=53 io=0 gpuB=25 gpuL=5 capped=0 prk=0 stl=0 draw=4.06W cT=46 gT=44 caps%[0:35,2:75,5:35,7:35,-100:55] curMHz[0:787,2:2380,5:499,7:480] gpu=231 gcap=500[9/13] lrn=100
2026-08-01 14:14:54 PulseDaemon: cap write via daemon (2 node(s))
2026-08-01 14:14:54 PulseDaemon: cap write via daemon (3 node(s))
2026-08-01 14:14:54 PulseDaemon: cap write via daemon (2 node(s))
2026-08-01 14:14:55 PulseDaemon: telemetry read via daemon (16 path(s))
2026-08-01 14:14:56 PulseDaemon: telemetry read via daemon (16 path(s))
2026-08-01 14:14:57 PulseDaemon: cap write via daemon (7 node(s))
2026-08-01 14:14:58 PulseAutoTdp: tgt=90 fps=90.0 jank=0 tail=11ms act=TRIM bn=CPU cpuB=37 cpuPk=83 primePk=83 io=0 gpuB=34 gpuL=7 capped=0 prk=0 stl=0 draw=6.09W cT=50 gT=45 caps%[0:35,2:75,5:35,7:35,-100:50] curMHz[0:787,2:2380,5:1075,7:1017] mn/mx[0:787/787,2:499/2380,5:499/1075,7:480/1017] gpu=231 gcap=578[8/13] lrn=100
2026-08-01 14:14:58 PulseDaemon: cap write via xsu fallback (2 node(s), ~413 chars, chunked)
2026-08-01 14:14:58 PulseDaemon: cap write via xsu fallback (3 node(s), ~620 chars, chunked)
2026-08-01 14:14:58 PulseDaemon: cap write via daemon (2 node(s))
2026-08-01 14:14:59 PulseDaemon: telemetry read via daemon (16 path(s))
2026-08-01 14:15:00 PulseDaemon: telemetry read via daemon (16 path(s))
2026-08-01 14:15:01 PulseDaemon: cap write via daemon (7 node(s))
2026-08-01 14:15:01 PulseAutoTdp: tgt=90 fps=90.0 jank=0 tail=11ms act=TRIM bn=- cpuB=19 cpuPk=54 primePk=53 io=0 gpuB=25 gpuL=5 capped=0 prk=0 stl=0 draw=4.13W cT=46 gT=44 caps%[0:35,2:70,5:35,7:35,-100:50] curMHz[0:787,2:2380,5:499,7:480] gpu=231 gcap=500[9/13] lrn=100
2026-08-01 14:15:01 PulseDaemon: cap write via daemon (2 node(s))
2026-08-01 14:15:01 PulseDaemon: cap write via daemon (3 node(s))
2026-08-01 14:15:01 PulseDaemon: cap write via daemon (2 node(s))
2026-08-01 14:15:02 PulseDaemon: telemetry read via daemon (16 path(s))
2026-08-01 14:15:03 PulseDaemon: telemetry read via daemon (16 path(s))
2026-08-01 14:15:03 PulseAutoTdp: tgt=90 fps=87.8 jank=1 tail=33ms act=HOLD bn=CPU cpuB=24 cpuPk=67 primePk=67 io=0 gpuB=21 gpuL=4 capped=0 prk=0 stl=0 draw=4.82W cT=48 gT=44 caps%[0:35,2:70,5:35,7:35,-100:50] curMHz[0:787,2:2188,5:499,7:480] gpu=231 gcap=500[9/13] lrn=100
2026-08-01 14:15:03 PulseDaemon: cap write via daemon (2 node(s))
2026-08-01 14:15:03 PulseDaemon: cap write via daemon (3 node(s))
2026-08-01 14:15:03 PulseDaemon: cap write via daemon (2 node(s))
2026-08-01 14:15:05 PulseDaemon: telemetry read via daemon (16 path(s))
2026-08-01 14:15:06 PulseDaemon: telemetry read via daemon (16 path(s))
2026-08-01 14:15:06 PulseAutoTdp: tgt=90 fps=90.0 jank=0 tail=11ms act=HOLD bn=CPU cpuB=19 cpuPk=60 primePk=60 io=0 gpuB=48 gpuL=10 capped=0 prk=0 stl=0 draw=5.04W cT=46 gT=44 caps%[0:35,2:70,5:35,7:35,-100:50] curMHz[0:787,2:2188,5:729,7:480] gpu=231 gcap=500[9/13] lrn=100
2026-08-01 14:15:06 PulseDaemon: cap write via daemon (3 node(s))
2026-08-01 14:15:06 PulseDaemon: cap write via daemon (2 node(s))
2026-08-01 14:15:07 PulseDaemon: telemetry read via daemon (16 path(s))
2026-08-01 14:15:09 PulseDaemon: telemetry read via daemon (16 path(s))
2026-08-01 14:15:09 PulseAutoTdp: tgt=90 fps=90.0 jank=0 tail=11ms act=HOLD bn=CPU cpuB=23 cpuPk=71 primePk=71 io=0 gpuB=52 gpuL=11 capped=0 prk=0 stl=0 draw=5.00W cT=48 gT=45 caps%[0:35,2:70,5:35,7:35,-100:50] curMHz[0:787,2:2131,5:729,7:480] gpu=231 gcap=500[9/13] lrn=100
2026-08-01 14:15:09 PulseDaemon: cap write via daemon (2 node(s))
2026-08-01 14:15:09 PulseDaemon: cap write via daemon (3 node(s))
2026-08-01 14:15:09 PulseDaemon: cap write via daemon (2 node(s))
2026-08-01 14:15:10 PulseDaemon: telemetry read via daemon (16 path(s))
2026-08-01 14:15:12 PulseDaemon: telemetry read via daemon (16 path(s))
2026-08-01 14:15:12 PulseAutoTdp: AUTOTDP-SESSION tgt=90 bias=EFFICIENT wattCap=0 policies=0:2265600:0,1;2:3148800:2,3,4;5:2956800:5,6;7:3052800:7;-100:1050000:
2026-08-01 14:15:12 PulseAutoTdp: tgt=90 fps=90.0 jank=0 tail=11ms act=HOLD bn=CPU cpuB=23 cpuPk=66 primePk=66 io=0 gpuB=71 gpuL=15 capped=0 prk=0 stl=0 draw=5.90W cT=47 gT=44 caps%[0:35,2:70,5:35,7:35,-100:50] curMHz[0:787,2:2035,5:1075,7:480] gpu=231 gcap=500[9/13] lrn=100
2026-08-01 14:15:12 PulseDaemon: cap write via daemon (2 node(s))
2026-08-01 14:15:12 PulseDaemon: cap write via daemon (3 node(s))
2026-08-01 14:15:12 PulseDaemon: cap write via daemon (2 node(s))
2026-08-01 14:15:13 PulseDaemon: telemetry read via daemon (16 path(s))
2026-08-01 14:15:14 PulseDaemon: telemetry read via daemon (16 path(s))
2026-08-01 14:15:15 PulseAutoTdp: tgt=90 fps=90.0 jank=0 tail=11ms act=HOLD bn=CPU cpuB=20 cpuPk=70 primePk=70 io=0 gpuB=57 gpuL=12 capped=0 prk=0 stl=0 draw=4.87W cT=48 gT=45 caps%[0:35,2:70,5:35,7:35,-100:50] curMHz[0:556,2:2035,5:499,7:480] gpu=231 gcap=500[9/13] lrn=100
2026-08-01 14:15:15 PulseDaemon: cap write via daemon (2 node(s))
2026-08-01 14:15:15 PulseDaemon: cap write via daemon (3 node(s))
2026-08-01 14:15:15 PulseDaemon: cap write via daemon (2 node(s))
2026-08-01 14:15:16 PulseDaemon: telemetry read via daemon (16 path(s))
2026-08-01 14:15:17 PulseDaemon: telemetry read via daemon (16 path(s))
2026-08-01 14:15:17 PulseAutoTdp: tgt=90 fps=90.0 jank=0 tail=11ms act=HOLD bn=CPU cpuB=26 cpuPk=72 primePk=72 io=0 gpuB=72 gpuL=15 capped=0 prk=0 stl=0 draw=5.39W cT=48 gT=46 caps%[0:35,2:70,5:35,7:35,-100:50] curMHz[0:787,2:2188,5:499,7:1017] gpu=231 gcap=500[9/13] lrn=100
2026-08-01 14:15:18 PulseDaemon: cap write via daemon (2 node(s))
2026-08-01 14:15:18 PulseDaemon: cap write via daemon (3 node(s))
2026-08-01 14:15:18 PulseDaemon: cap write via daemon (2 node(s))
2026-08-01 14:15:19 PulseDaemon: telemetry read via daemon (16 path(s))
2026-08-01 14:15:20 PulseDaemon: telemetry read via daemon (16 path(s))
2026-08-01 14:15:20 PulseAutoTdp: tgt=90 fps=90.0 jank=0 tail=11ms act=HOLD bn=CPU cpuB=20 cpuPk=61 primePk=61 io=0 gpuB=65 gpuL=14 capped=0 prk=0 stl=0 draw=4.67W cT=47 gT=45 caps%[0:35,2:70,5:35,7:35,-100:50] curMHz[0:787,2:2188,5:499,7:480] gpu=231 gcap=500[9/13] lrn=100
2026-08-01 14:15:20 PulseDaemon: cap write via daemon (2 node(s))
2026-08-01 14:15:20 PulseDaemon: cap write via daemon (3 node(s))
2026-08-01 14:15:20 PulseDaemon: cap write via daemon (2 node(s))
2026-08-01 14:15:22 PulseDaemon: telemetry read via daemon (16 path(s))
2026-08-01 14:15:23 PulseDaemon: telemetry read via daemon (16 path(s))
2026-08-01 14:15:23 PulseAutoTdp: tgt=90 fps=90.0 jank=0 tail=11ms act=HOLD bn=CPU cpuB=24 cpuPk=69 primePk=69 io=0 gpuB=50 gpuL=11 capped=0 prk=0 stl=0 draw=6.08W cT=48 gT=46 caps%[0:35,2:70,5:35,7:35,-100:50] curMHz[0:787,2:2188,5:729,7:480] gpu=231 gcap=500[9/13] lrn=100
2026-08-01 14:15:23 PulseDaemon: cap write via daemon (2 node(s))
2026-08-01 14:15:23 PulseDaemon: cap write via daemon (3 node(s))
2026-08-01 14:15:23 PulseDaemon: cap write via daemon (2 node(s))
2026-08-01 14:15:24 PulseDaemon: telemetry read via daemon (16 path(s))
2026-08-01 14:15:26 PulseDaemon: telemetry read via daemon (16 path(s))
2026-08-01 14:15:26 PulseDaemon: cap write via daemon (7 node(s))
2026-08-01 14:15:27 PulseAutoTdp: tgt=90 fps=90.0 jank=0 tail=11ms act=TRIM bn=- cpuB=16 cpuPk=53 primePk=53 io=0 gpuB=36 gpuL=7 capped=0 prk=0 stl=0 draw=4.19W cT=47 gT=45 caps%[0:35,2:65,5:35,7:35,-100:50] curMHz[0:460,2:2188,5:499,7:480] mn/mx[0:787/787,2:499/2035,5:499/1075,7:480/1017] gpu=231 gcap=500[9/13] lrn=100
2026-08-01 14:15:27 PulseDaemon: cap write via daemon (2 node(s))
2026-08-01 14:15:27 PulseDaemon: cap write via daemon (3 node(s))
2026-08-01 14:15:27 PulseDaemon: cap write via daemon (2 node(s))
2026-08-01 14:15:28 PulseDaemon: telemetry read via daemon (16 path(s))
2026-08-01 14:15:29 PulseDaemon: telemetry read via daemon (16 path(s))
2026-08-01 14:15:30 PulseAutoTdp: tgt=90 fps=90.0 jank=0 tail=11ms act=HOLD bn=- cpuB=20 cpuPk=57 primePk=57 io=0 gpuB=20 gpuL=4 capped=0 prk=0 stl=0 draw=4.77W cT=46 gT=44 caps%[0:35,2:65,5:35,7:35,-100:50] curMHz[0:787,2:2035,5:844,7:480] gpu=231 gcap=500[9/13] lrn=100
2026-08-01 14:15:30 PulseDaemon: cap write via daemon (2 node(s))
2026-08-01 14:15:30 PulseDaemon: cap write via daemon (3 node(s))
2026-08-01 14:15:30 PulseDaemon: cap write via daemon (2 node(s))
2026-08-01 14:15:31 PulseDaemon: telemetry read via daemon (16 path(s))
2026-08-01 14:15:32 PulseDaemon: telemetry read via daemon (16 path(s))
2026-08-01 14:15:32 PulseAutoTdp: tgt=90 fps=90.0 jank=0 tail=11ms act=HOLD bn=- cpuB=19 cpuPk=59 primePk=59 io=0 gpuB=74 gpuL=16 capped=0 prk=0 stl=0 draw=5.31W cT=45 gT=46 caps%[0:35,2:65,5:35,7:35,-100:50] curMHz[0:787,2:2035,5:499,7:480] gpu=231 gcap=500[9/13] lrn=100
2026-08-01 14:15:32 PulseDaemon: cap write via daemon (2 node(s))
2026-08-01 14:15:33 PulseDaemon: cap write via daemon (3 node(s))
2026-08-01 14:15:33 PulseDaemon: cap write via daemon (2 node(s))
2026-08-01 14:15:34 PulseDaemon: telemetry read via daemon (16 path(s))
2026-08-01 14:15:35 PulseDaemon: telemetry read via daemon (16 path(s))
2026-08-01 14:15:35 PulseDaemon: cap write via daemon (7 node(s))
2026-08-01 14:15:35 PulseAutoTdp: tgt=90 fps=69.2 jank=4 tail=90ms act=RAISE bn=- cpuB=15 cpuPk=56 primePk=42 io=0 gpuB=22 gpuL=4 capped=0 prk=0 stl=0 draw=4.68W cT=44 gT=43 caps%[0:35,2:65,5:35,7:35,-100:55] curMHz[0:672,2:2035,5:499,7:480] gpu=231 gcap=500[9/13] lrn=100
2026-08-01 14:15:35 PulseDaemon: cap write via daemon (2 node(s))
2026-08-01 14:15:35 PulseDaemon: cap write via daemon (3 node(s))
2026-08-01 14:15:36 PulseDaemon: cap write via daemon (2 node(s))
2026-08-01 14:15:37 PulseDaemon: telemetry read via daemon (16 path(s))
2026-08-01 14:15:38 PulseDaemon: telemetry read via daemon (16 path(s))
2026-08-01 14:15:38 PulseDaemon: cap write via daemon (7 node(s))
2026-08-01 14:15:38 PulseAutoTdp: tgt=90 fps=90.0 jank=0 tail=11ms act=RAISE bn=- cpuB=13 cpuPk=56 primePk=44 io=0 gpuB=28 gpuL=6 capped=0 prk=0 stl=0 draw=3.21W cT=43 gT=43 caps%[0:35,2:65,5:35,7:35,-100:60] curMHz[0:556,2:2035,5:499,7:480] gpu=231 gcap=578[8/13] lrn=100
2026-08-01 14:15:38 PulseDaemon: cap write via daemon (2 node(s))
2026-08-01 14:15:38 PulseDaemon: cap write via daemon (3 node(s))
2026-08-01 14:15:38 PulseDaemon: cap write via daemon (2 node(s))
2026-08-01 14:15:40 PulseDaemon: telemetry read via daemon (16 path(s))
2026-08-01 14:15:41 PulseDaemon: telemetry read via daemon (16 path(s))
2026-08-01 14:15:41 PulseAutoTdp: tgt=90 fps=90.0 jank=0 tail=11ms act=HOLD bn=- cpuB=16 cpuPk=60 primePk=49 io=0 gpuB=35 gpuL=7 capped=0 prk=0 stl=0 draw=3.60W cT=44 gT=44 caps%[0:35,2:65,5:35,7:35,-100:60] curMHz[0:787,2:2035,5:499,7:480] gpu=231 gcap=629[7/13] lrn=100
2026-08-01 14:15:41 PulseDaemon: cap write via daemon (2 node(s))
2026-08-01 14:15:41 PulseDaemon: cap write via daemon (3 node(s))
2026-08-01 14:15:41 PulseDaemon: cap write via daemon (2 node(s))
2026-08-01 14:15:42 PulseDaemon: telemetry read via daemon (16 path(s))
2026-08-01 14:15:44 PulseDaemon: telemetry read via daemon (16 path(s))
2026-08-01 14:15:44 PulseDaemon: cap write via daemon (7 node(s))
2026-08-01 14:15:44 PulseAutoTdp: tgt=90 fps=90.0 jank=0 tail=11ms act=TRIM bn=- cpuB=14 cpuPk=58 primePk=41 io=0 gpuB=23 gpuL=5 capped=0 prk=0 stl=0 draw=2.51W cT=43 gT=43 caps%[0:35,2:65,5:35,7:35,-100:55] curMHz[0:787,2:2035,5:499,7:480] gpu=231 gcap=629[7/13] lrn=100
2026-08-01 14:15:44 PulseDaemon: cap write via daemon (2 node(s))
2026-08-01 14:15:44 PulseDaemon: cap write via daemon (3 node(s))
2026-08-01 14:15:45 PulseDaemon: telemetry read via daemon (16 path(s))
2026-08-01 14:15:47 PulseDaemon: telemetry read via daemon (16 path(s))
2026-08-01 14:15:47 PulseDaemon: cap write via daemon (7 node(s))
2026-08-01 14:15:47 PulseAutoTdp: tgt=90 fps=90.0 jank=0 tail=11ms act=TRIM bn=CPU cpuB=12 cpuPk=67 primePk=28 io=0 gpuB=30 gpuL=6 capped=0 prk=0 stl=0 draw=4.09W cT=43 gT=43 caps%[0:35,2:65,5:35,7:35,-100:50] curMHz[0:556,2:2035,5:499,7:480] gpu=231 gcap=578[8/13] lrn=100
2026-08-01 14:15:47 PulseDaemon: cap write via daemon (2 node(s))
2026-08-01 14:15:47 PulseDaemon: cap write via daemon (3 node(s))
2026-08-01 14:15:47 PulseDaemon: cap write via daemon (2 node(s))
2026-08-01 14:15:48 PulseDaemon: telemetry read via daemon (16 path(s))
2026-08-01 14:15:50 PulseDaemon: telemetry read via daemon (16 path(s))
2026-08-01 14:15:50 PulseAutoTdp: tgt=90 fps=86.2 jank=1 tail=66ms act=HOLD bn=CPU cpuB=24 cpuPk=77 primePk=50 io=0 gpuB=21 gpuL=4 capped=0 prk=0 stl=0 draw=5.18W cT=45 gT=44 caps%[0:35,2:65,5:35,7:35,-100:50] curMHz[0:787,2:2035,5:1075,7:480] gpu=231 gcap=500[9/13] lrn=100
2026-08-01 14:15:50 PulseDaemon: cap write via daemon (2 node(s))
2026-08-01 14:15:50 PulseDaemon: cap write via daemon (3 node(s))
2026-08-01 14:15:50 PulseDaemon: cap write via daemon (2 node(s))
2026-08-01 14:15:51 PulseDaemon: telemetry read via daemon (16 path(s))
2026-08-01 14:15:52 PulseDaemon: cap write via daemon (3 node(s))
2026-08-01 14:15:52 PulseDaemon: cap write via daemon (10 node(s))
2026-08-01 14:15:55 PulseAutoTdp: TICK-SKIP overlayShouldShow=false autoActive=false quickAccessShouldShow=false autoTdpPackage=null boundPackage=com.retrohrai.launcher lastForeground=com.retrohrai.launcher
2026-08-01 14:15:55 PulseFan: arbiter=None auto=false bound=1 managed=4 latched=false
2026-08-01 14:15:56 PulseDaemon: cap write via daemon (7 node(s))
2026-08-01 14:15:57 PulseAutoTdp: TICK-SKIP overlayShouldShow=false autoActive=false quickAccessShouldShow=false autoTdpPackage=null boundPackage=com.retrohrai.launcher lastForeground=com.retrohrai.launcher
2026-08-01 14:15:58 PulseDaemon: cap write via daemon (10 node(s))
2026-08-01 14:15:58 PulseDaemon: cap write via daemon (3 node(s))
2026-08-01 14:15:59 PulseDaemon: cap write via daemon (10 node(s))
2026-08-01 14:15:59 PulseDaemon: cap write via daemon (7 node(s))
2026-08-01 14:15:59 PulseDaemon: engage governor via daemon (schedutil)
2026-08-01 14:15:59 PulseDaemon: telemetry read via daemon (16 path(s))
2026-08-01 14:15:59 PulseAutoTdp: AUTOTDP-SESSION tgt=90 bias=EFFICIENT wattCap=0 policies=0:2265600:0,1;2:3148800:2,3,4;5:2956800:5,6;7:3052800:7;-100:1050000:
2026-08-01 14:16:00 PulseAutoTdp: tgt=90 fps=- jank=0 tail=-ms act=HOLD bn=- cpuB=19 cpuPk=61 primePk=40 io=0 gpuB=14 gpuL=3 capped=0 prk=0 stl=0 draw=6.04W cT=49 gT=45 caps%[0:35,2:65,5:35,7:35,-100:50] curMHz[0:787,2:2035,5:1075,7:1017] mn/mx[0:364/787,2:499/2035,5:499/1075,7:480/1017] gpu=231 gcap=500[9/13] lrn=100
2026-08-01 14:16:00 PulseDaemon: cap write via daemon (2 node(s))
2026-08-01 14:16:00 PulseDaemon: cap write via daemon (3 node(s))
2026-08-01 14:16:00 PulseDaemon: cap write via daemon (2 node(s))
2026-08-01 14:16:00 PulseFan: arbiter=None auto=true bound=null managed=4 latched=false
2026-08-01 14:16:02 PulseDaemon: telemetry read via daemon (16 path(s))
2026-08-01 14:16:03 PulseDaemon: telemetry read via daemon (16 path(s))
2026-08-01 14:16:03 PulseAutoTdp: tgt=90 fps=90.0 jank=0 tail=11ms act=HOLD bn=- cpuB=15 cpuPk=46 primePk=46 io=0 gpuB=34 gpuL=7 capped=0 prk=0 stl=0 draw=2.32W cT=45 gT=44 caps%[0:35,2:65,5:35,7:35,-100:50] curMHz[0:787,2:2035,5:1075,7:1017] gpu=231 gcap=500[9/13] lrn=100
2026-08-01 14:16:03 PulseDaemon: cap write via daemon (2 node(s))
2026-08-01 14:16:03 PulseDaemon: cap write via daemon (3 node(s))
2026-08-01 14:16:03 PulseDaemon: cap write via daemon (2 node(s))
2026-08-01 14:16:04 PulseDaemon: telemetry read via daemon (16 path(s))
2026-08-01 14:16:06 PulseDaemon: telemetry read via daemon (16 path(s))
2026-08-01 14:16:06 PulseDaemon: cap write via daemon (7 node(s))
2026-08-01 14:16:06 PulseAutoTdp: tgt=90 fps=48.5 jank=10 tail=90ms act=RAISE bn=- cpuB=16 cpuPk=49 primePk=49 io=0 gpuB=12 gpuL=2 capped=0 prk=0 stl=0 draw=3.96W cT=45 gT=44 caps%[0:35,2:65,5:35,7:35,-100:55] curMHz[0:787,2:2035,5:1075,7:1017] gpu=231 gcap=500[9/13] lrn=100
2026-08-01 14:16:06 PulseDaemon: cap write via daemon (2 node(s))
2026-08-01 14:16:06 PulseDaemon: cap write via daemon (3 node(s))
2026-08-01 14:16:06 PulseDaemon: cap write via daemon (2 node(s))
2026-08-01 14:16:07 PulseDaemon: telemetry read via daemon (16 path(s))
2026-08-01 14:16:08 PulseDaemon: telemetry read via daemon (16 path(s))
2026-08-01 14:16:09 PulseDaemon: cap write via daemon (7 node(s))
2026-08-01 14:16:09 PulseAutoTdp: tgt=90 fps=90.0 jank=0 tail=11ms act=RAISE bn=- cpuB=12 cpuPk=48 primePk=35 io=0 gpuB=29 gpuL=6 capped=0 prk=0 stl=0 draw=3.55W cT=44 gT=44 caps%[0:35,2:65,5:35,7:35,-100:60] curMHz[0:787,2:2035,5:1075,7:1017] gpu=231 gcap=578[8/13] lrn=100
2026-08-01 14:16:09 PulseDaemon: cap write via daemon (2 node(s))
2026-08-01 14:16:09 PulseDaemon: cap write via daemon (3 node(s))
2026-08-01 14:16:09 PulseDaemon: cap write via daemon (2 node(s))
2026-08-01 14:16:10 PulseDaemon: telemetry read via daemon (16 path(s))
2026-08-01 14:16:11 PulseDaemon: telemetry read via daemon (16 path(s))
2026-08-01 14:16:11 PulseDaemon: cap write via xsu fallback (7 node(s), ~1322 chars, chunked)
2026-08-01 14:16:12 PulseAutoTdp: tgt=90 fps=90.0 jank=0 tail=11ms act=RAISE bn=- cpuB=11 cpuPk=42 primePk=29 io=0 gpuB=33 gpuL=7 capped=0 prk=0 stl=0 draw=3.02W cT=43 gT=43 caps%[0:35,2:65,5:35,7:35,-100:65] curMHz[0:787,2:2035,5:1075,7:1017] gpu=231 gcap=629[7/13] lrn=100
2026-08-01 14:16:12 PulseDaemon: cap write via daemon (2 node(s))
2026-08-01 14:16:12 PulseDaemon: cap write via daemon (3 node(s))
2026-08-01 14:16:12 PulseDaemon: cap write via daemon (2 node(s))
2026-08-01 14:16:13 PulseDaemon: telemetry read via daemon (16 path(s))
2026-08-01 14:16:14 PulseDaemon: telemetry read via daemon (16 path(s))
2026-08-01 14:16:15 PulseAutoTdp: tgt=90 fps=63.2 jank=5 tail=90ms act=TRIM bn=- cpuB=22 cpuPk=61 primePk=61 io=0 gpuB=20 gpuL=4 capped=0 prk=0 stl=0 draw=5.47W cT=47 gT=43 caps%[0:35,2:65,5:35,7:35,-100:60] curMHz[0:787,2:2035,5:1075,7:1017] gpu=231 gcap=680[6/13] lrn=100
2026-08-01 14:16:15 PulseDaemon: cap write via daemon (2 node(s))
2026-08-01 14:16:15 PulseDaemon: cap write via daemon (3 node(s))
2026-08-01 14:16:15 PulseDaemon: cap write via daemon (2 node(s))
2026-08-01 14:16:16 PulseDaemon: telemetry read via daemon (16 path(s))
2026-08-01 14:16:18 PulseDaemon: telemetry read via daemon (16 path(s))
2026-08-01 14:16:18 PulseDaemon: cap write via daemon (7 node(s))
2026-08-01 14:16:18 PulseAutoTdp: tgt=90 fps=81.8 jank=1 tail=78ms act=RAISE bn=CPU cpuB=37 cpuPk=97 primePk=97 io=0 gpuB=0 gpuL=0 capped=0 prk=0 stl=0 draw=5.95W cT=50 gT=44 caps%[0:35,2:70,5:35,7:35,-100:60] curMHz[0:787,2:2035,5:1075,7:1017] gpu=231 gcap=629[7/13] lrn=100
2026-08-01 14:16:18 PulseDaemon: cap write via daemon (2 node(s))
2026-08-01 14:16:18 PulseDaemon: cap write via daemon (2 node(s))
2026-08-01 14:16:19 PulseDaemon: telemetry read via daemon (16 path(s))
2026-08-01 14:16:21 PulseDaemon: telemetry read via daemon (16 path(s))
2026-08-01 14:16:21 PulseDaemon: cap write via daemon (7 node(s))
2026-08-01 14:16:21 PulseDaemon: cap write via daemon (2 node(s))
2026-08-01 14:16:21 PulseDaemon: cap write via daemon (3 node(s))
2026-08-01 14:16:21 PulseDaemon: cap write via daemon (2 node(s))
2026-08-01 14:16:23 PulseDaemon: telemetry read via daemon (16 path(s))
2026-08-01 14:16:24 PulseDaemon: telemetry read via daemon (16 path(s))
2026-08-01 14:16:24 PulseAutoTdp: tgt=90 fps=90.0 jank=0 tail=11ms act=HOLD bn=CPU cpuB=25 cpuPk=64 primePk=64 io=0 gpuB=50 gpuL=11 capped=0 prk=0 stl=0 draw=5.76W cT=50 gT=46 caps%[0:35,2:75,5:35,7:35,-100:60] curMHz[0:787,2:2380,5:1075,7:1017] gpu=231 gcap=629[7/13] lrn=100
2026-08-01 14:16:24 PulseDaemon: cap write via daemon (2 node(s))
2026-08-01 14:16:24 PulseDaemon: cap write via daemon (3 node(s))
2026-08-01 14:16:24 PulseDaemon: cap write via daemon (2 node(s))
2026-08-01 14:16:25 PulseDaemon: telemetry read via daemon (16 path(s))
2026-08-01 14:16:27 PulseDaemon: telemetry read via daemon (16 path(s))
2026-08-01 14:16:27 PulseAutoTdp: tgt=90 fps=90.0 jank=0 tail=11ms act=HOLD bn=- cpuB=16 cpuPk=46 primePk=46 io=0 gpuB=46 gpuL=10 capped=0 prk=0 stl=0 draw=5.31W cT=48 gT=46 caps%[0:35,2:75,5:35,7:35,-100:60] curMHz[0:787,2:2380,5:1075,7:1017] gpu=231 gcap=629[7/13] lrn=100
2026-08-01 14:16:27 PulseDaemon: cap write via daemon (2 node(s))
2026-08-01 14:16:27 PulseDaemon: cap write via daemon (3 node(s))
2026-08-01 14:16:27 PulseDaemon: cap write via daemon (2 node(s))
2026-08-01 14:16:28 PulseDaemon: telemetry read via daemon (16 path(s))
2026-08-01 14:16:29 PulseDaemon: telemetry read via daemon (16 path(s))
2026-08-01 14:16:30 PulseAutoTdp: tgt=90 fps=90.0 jank=0 tail=11ms act=HOLD bn=- cpuB=23 cpuPk=61 primePk=61 io=0 gpuB=59 gpuL=12 capped=0 prk=0 stl=0 draw=4.91W cT=49 gT=46 caps%[0:35,2:75,5:35,7:35,-100:60] curMHz[0:787,2:2380,5:1075,7:1017] mn/mx[0:364/787,2:499/2380,5:499/1075,7:480/1017] gpu=231 gcap=629[7/13] lrn=100
2026-08-01 14:16:30 PulseDaemon: cap write via daemon (2 node(s))
2026-08-01 14:16:30 PulseDaemon: cap write via daemon (3 node(s))
2026-08-01 14:16:30 PulseDaemon: cap write via daemon (2 node(s))
2026-08-01 14:16:32 PulseDaemon: telemetry read via daemon (16 path(s))
2026-08-01 14:16:33 PulseDaemon: telemetry read via daemon (16 path(s))
2026-08-01 14:16:33 PulseDaemon: cap write via daemon (7 node(s))
2026-08-01 14:16:33 PulseAutoTdp: tgt=90 fps=90.0 jank=0 tail=11ms act=TRIM bn=CPU cpuB=36 cpuPk=85 primePk=85 io=0 gpuB=46 gpuL=10 capped=0 prk=0 stl=0 draw=4.66W cT=51 gT=46 caps%[0:35,2:75,5:35,7:35,-100:55] curMHz[0:787,2:2380,5:1075,7:1017] gpu=231 gcap=629[7/13] lrn=100
2026-08-01 14:16:33 PulseDaemon: cap write via daemon (2 node(s))
2026-08-01 14:16:33 PulseDaemon: cap write via daemon (3 node(s))
2026-08-01 14:16:33 PulseDaemon: cap write via daemon (2 node(s))
2026-08-01 14:16:35 PulseDaemon: telemetry read via daemon (16 path(s))
2026-08-01 14:16:36 PulseDaemon: telemetry read via daemon (16 path(s))
2026-08-01 14:16:36 PulseAutoTdp: tgt=90 fps=90.0 jank=0 tail=11ms act=TRIM bn=- cpuB=15 cpuPk=46 primePk=41 io=0 gpuB=24 gpuL=5 capped=0 prk=0 stl=0 draw=4.71W cT=47 gT=45 caps%[0:35,2:70,5:35,7:35,-100:55] curMHz[0:787,2:2380,5:1075,7:1017] gpu=231 gcap=578[8/13] lrn=100
2026-08-01 14:16:36 PulseDaemon: cap write via daemon (2 node(s))
2026-08-01 14:16:36 PulseDaemon: cap write via daemon (3 node(s))
2026-08-01 14:16:36 PulseDaemon: cap write via daemon (2 node(s))
2026-08-01 14:16:37 PulseDaemon: telemetry read via daemon (16 path(s))
2026-08-01 14:16:39 PulseDaemon: telemetry read via daemon (16 path(s))
2026-08-01 14:16:39 PulseAutoTdp: tgt=90 fps=90.0 jank=0 tail=11ms act=TRIM bn=- cpuB=17 cpuPk=51 primePk=51 io=0 gpuB=24 gpuL=5 capped=0 prk=0 stl=0 draw=4.26W cT=46 gT=45 caps%[0:35,2:65,5:35,7:35,-100:55] curMHz[0:787,2:2188,5:1075,7:1017] gpu=231 gcap=578[8/13] lrn=100
2026-08-01 14:16:39 PulseDaemon: cap write via daemon (2 node(s))
2026-08-01 14:16:39 PulseDaemon: cap write via daemon (3 node(s))
2026-08-01 14:16:39 PulseDaemon: cap write via daemon (2 node(s))
2026-08-01 14:16:40 PulseDaemon: telemetry read via daemon (16 path(s))
2026-08-01 14:16:41 PulseDaemon: telemetry read via daemon (16 path(s))
2026-08-01 14:16:42 PulseDaemon: cap write via daemon (7 node(s))
2026-08-01 14:16:42 PulseAutoTdp: tgt=90 fps=90.0 jank=0 tail=11ms act=TRIM bn=- cpuB=14 cpuPk=45 primePk=45 io=0 gpuB=24 gpuL=5 capped=0 prk=0 stl=0 draw=4.04W cT=44 gT=44 caps%[0:35,2:60,5:35,7:35,-100:55] curMHz[0:787,2:2035,5:1075,7:1017] gpu=231 gcap=578[8/13] lrn=100
2026-08-01 14:16:42 PulseDaemon: cap write via daemon (2 node(s))
2026-08-01 14:16:42 PulseDaemon: cap write via daemon (3 node(s))
2026-08-01 14:16:42 PulseDaemon: cap write via daemon (2 node(s))
2026-08-01 14:16:43 PulseDaemon: telemetry read via daemon (16 path(s))
2026-08-01 14:16:44 PulseDaemon: telemetry read via daemon (16 path(s))
2026-08-01 14:16:45 PulseDaemon: cap write via daemon (7 node(s))
2026-08-01 14:16:45 PulseAutoTdp: AUTOTDP-SESSION tgt=90 bias=EFFICIENT wattCap=0 policies=0:2265600:0,1;2:3148800:2,3,4;5:2956800:5,6;7:3052800:7;-100:1050000:
2026-08-01 14:16:45 PulseAutoTdp: tgt=90 fps=90.0 jank=0 tail=11ms act=TRIM bn=- cpuB=15 cpuPk=45 primePk=45 io=0 gpuB=23 gpuL=5 capped=0 prk=0 stl=0 draw=3.82W cT=45 gT=44 caps%[0:35,2:55,5:35,7:35,-100:55] curMHz[0:787,2:1920,5:1075,7:1017] gpu=231 gcap=578[8/13] lrn=100
2026-08-01 14:16:45 PulseDaemon: cap write via daemon (2 node(s))
2026-08-01 14:16:45 PulseDaemon: cap write via daemon (3 node(s))
2026-08-01 14:16:45 PulseDaemon: cap write via daemon (2 node(s))
2026-08-01 14:16:46 PulseDaemon: telemetry read via daemon (16 path(s))
2026-08-01 14:16:47 PulseDaemon: telemetry read via daemon (16 path(s))
2026-08-01 14:16:48 PulseDaemon: cap write via daemon (7 node(s))
2026-08-01 14:16:48 PulseAutoTdp: tgt=90 fps=90.0 jank=0 tail=11ms act=TRIM bn=- cpuB=14 cpuPk=49 primePk=49 io=0 gpuB=23 gpuL=5 capped=0 prk=0 stl=0 draw=3.94W cT=44 gT=43 caps%[0:35,2:50,5:35,7:35,-100:55] curMHz[0:787,2:1708,5:1075,7:1017] gpu=231 gcap=578[8/13] lrn=100
2026-08-01 14:16:48 PulseDaemon: cap write via daemon (2 node(s))
2026-08-01 14:16:48 PulseDaemon: cap write via daemon (3 node(s))
2026-08-01 14:16:48 PulseDaemon: cap write via daemon (2 node(s))
2026-08-01 14:16:49 PulseDaemon: telemetry read via daemon (16 path(s))
2026-08-01 14:16:50 PulseDaemon: telemetry read via daemon (16 path(s))
2026-08-01 14:16:51 PulseDaemon: cap write via daemon (7 node(s))
2026-08-01 14:16:51 PulseAutoTdp: tgt=90 fps=90.0 jank=0 tail=11ms act=TRIM bn=- cpuB=13 cpuPk=44 primePk=44 io=0 gpuB=23 gpuL=5 capped=0 prk=0 stl=0 draw=3.83W cT=43 gT=43 caps%[0:35,2:45,5:35,7:35,-100:55] curMHz[0:787,2:1612,5:1075,7:1017] gpu=231 gcap=578[8/13] lrn=100
2026-08-01 14:16:51 PulseDaemon: cap write via daemon (2 node(s))
2026-08-01 14:16:51 PulseDaemon: cap write via daemon (3 node(s))
2026-08-01 14:16:51 PulseDaemon: cap write via daemon (2 node(s))
2026-08-01 14:16:52 PulseDaemon: telemetry read via daemon (16 path(s))
2026-08-01 14:16:53 PulseDaemon: telemetry read via daemon (16 path(s))
2026-08-01 14:16:54 PulseDaemon: cap write via daemon (7 node(s))
2026-08-01 14:16:54 PulseAutoTdp: tgt=90 fps=90.0 jank=0 tail=11ms act=TRIM bn=- cpuB=13 cpuPk=50 primePk=42 io=0 gpuB=24 gpuL=5 capped=0 prk=0 stl=0 draw=3.65W cT=43 gT=43 caps%[0:35,2:40,5:35,7:35,-100:55] curMHz[0:787,2:1401,5:1075,7:1017] gpu=231 gcap=578[8/13] lrn=100
2026-08-01 14:16:54 PulseDaemon: cap write via daemon (2 node(s))
2026-08-01 14:16:54 PulseDaemon: cap write via daemon (3 node(s))
2026-08-01 14:16:54 PulseDaemon: cap write via daemon (2 node(s))
2026-08-01 14:16:55 PulseDaemon: telemetry read via daemon (16 path(s))
2026-08-01 14:16:56 PulseDaemon: telemetry read via daemon (16 path(s))
2026-08-01 14:16:57 PulseDaemon: cap write via daemon (7 node(s))
2026-08-01 14:16:57 PulseAutoTdp: tgt=90 fps=90.0 jank=0 tail=11ms act=TRIM bn=- cpuB=12 cpuPk=50 primePk=44 io=0 gpuB=24 gpuL=5 capped=0 prk=0 stl=0 draw=3.34W cT=43 gT=44 caps%[0:35,2:35,5:35,7:35,-100:55] curMHz[0:787,2:1286,5:1075,7:1017] gpu=231 gcap=578[8/13] lrn=100
2026-08-01 14:16:57 PulseDaemon: cap write via daemon (2 node(s))
2026-08-01 14:16:57 PulseDaemon: cap write via daemon (3 node(s))
2026-08-01 14:16:57 PulseDaemon: cap write via daemon (2 node(s))
2026-08-01 14:16:58 PulseDaemon: telemetry read via daemon (16 path(s))
2026-08-01 14:17:00 PulseDaemon: telemetry read via daemon (16 path(s))
2026-08-01 14:17:00 PulseDaemon: cap write via daemon (7 node(s))
2026-08-01 14:17:01 PulseAutoTdp: tgt=90 fps=90.0 jank=0 tail=11ms act=TRIM bn=- cpuB=13 cpuPk=59 primePk=52 io=0 gpuB=23 gpuL=5 capped=0 prk=0 stl=0 draw=4.86W cT=43 gT=43 caps%[0:35,2:35,5:35,7:35,-100:50] curMHz[0:787,2:1075,5:1075,7:1017] mn/mx[0:787/787,2:499/1075,5:499/1075,7:480/1017] gpu=231 gcap=578[8/13] lrn=100
2026-08-01 14:17:01 PulseDaemon: cap write via daemon (2 node(s))
2026-08-01 14:17:01 PulseDaemon: cap write via daemon (3 node(s))
2026-08-01 14:17:01 PulseDaemon: cap write via daemon (2 node(s))
2026-08-01 14:17:02 PulseDaemon: telemetry read via daemon (16 path(s))
2026-08-01 14:17:04 PulseDaemon: telemetry read via daemon (16 path(s))
2026-08-01 14:17:04 PulseDaemon: cap write via daemon (7 node(s))
2026-08-01 14:17:04 PulseDaemon: cap write via daemon (3 node(s))
2026-08-01 14:17:04 PulseAutoTdp: tgt=90 fps=90.0 jank=0 tail=11ms act=TRIM bn=- cpuB=15 cpuPk=58 primePk=50 io=0 gpuB=29 gpuL=6 capped=0 prk=1 stl=0 draw=3.35W cT=43 gT=44 caps%[0:35,2:35,5:35,7:35,-100:45] curMHz[0:787,2:1075,5:1075,7:1017] gpu=231 gcap=500[9/13] lrn=100
2026-08-01 14:17:04 PulseDaemon: cap write via daemon (3 node(s))
2026-08-01 14:17:04 PulseDaemon: cap write via daemon (2 node(s))
2026-08-01 14:17:06 PulseDaemon: telemetry read via daemon (16 path(s))
2026-08-01 14:17:07 PulseDaemon: telemetry read via daemon (16 path(s))
2026-08-01 14:17:07 PulseDaemon: cap write via xsu fallback (7 node(s), ~1323 chars, chunked)
2026-08-01 14:17:08 PulseAutoTdp: tgt=90 fps=90.0 jank=0 tail=22ms act=TRIM bn=CPU cpuB=23 cpuPk=73 primePk=73 io=0 gpuB=28 gpuL=6 capped=0 prk=1 stl=0 draw=3.48W cT=43 gT=43 caps%[0:35,2:35,5:35,7:35,-100:40] curMHz[0:787,2:-1,5:1075,7:1017] gpu=231 gcap=500[9/13] lrn=100
2026-08-01 14:17:08 PulseDaemon: cap write via daemon (3 node(s))
2026-08-01 14:17:08 PulseDaemon: cap write via daemon (2 node(s))
2026-08-01 14:17:09 PulseDaemon: telemetry read via daemon (16 path(s))
2026-08-01 14:17:11 PulseDaemon: telemetry read via daemon (16 path(s))
2026-08-01 14:17:11 PulseAutoTdp: tgt=90 fps=90.0 jank=0 tail=11ms act=HOLD bn=CPU cpuB=22 cpuPk=71 primePk=71 io=0 gpuB=29 gpuL=6 capped=0 prk=1 stl=0 draw=3.49W cT=44 gT=43 caps%[0:35,2:35,5:35,7:35,-100:40] curMHz[0:787,2:-1,5:1075,7:1017] gpu=231 gcap=422[10/13] lrn=100
2026-08-01 14:17:11 PulseDaemon: cap write via daemon (3 node(s))
2026-08-01 14:17:11 PulseDaemon: cap write via daemon (2 node(s))
2026-08-01 14:17:12 PulseDaemon: telemetry read via daemon (16 path(s))
2026-08-01 14:17:14 PulseDaemon: telemetry read via daemon (16 path(s))
2026-08-01 14:17:14 PulseAutoTdp: tgt=90 fps=90.0 jank=0 tail=11ms act=HOLD bn=CPU cpuB=22 cpuPk=73 primePk=73 io=0 gpuB=29 gpuL=6 capped=0 prk=1 stl=0 draw=3.68W cT=43 gT=44 caps%[0:35,2:35,5:35,7:35,-100:40] curMHz[0:787,2:-1,5:1075,7:1017] gpu=231 gcap=422[10/13] lrn=100
2026-08-01 14:17:14 PulseDaemon: cap write via daemon (3 node(s))
2026-08-01 14:17:14 PulseDaemon: cap write via daemon (2 node(s))
2026-08-01 14:17:15 PulseDaemon: telemetry read via daemon (16 path(s))
2026-08-01 14:17:17 PulseDaemon: telemetry read via daemon (16 path(s))
2026-08-01 14:17:17 PulseAutoTdp: tgt=90 fps=90.0 jank=0 tail=11ms act=HOLD bn=CPU cpuB=22 cpuPk=71 primePk=71 io=0 gpuB=29 gpuL=6 capped=0 prk=1 stl=0 draw=3.67W cT=43 gT=44 caps%[0:35,2:35,5:35,7:35,-100:40] curMHz[0:787,2:-1,5:1075,7:1017] gpu=231 gcap=422[10/13] lrn=100
2026-08-01 14:17:17 PulseDaemon: cap write via daemon (3 node(s))
2026-08-01 14:17:17 PulseDaemon: cap write via daemon (2 node(s))
2026-08-01 14:17:19 PulseDaemon: telemetry read via daemon (16 path(s))
2026-08-01 14:17:20 PulseDaemon: telemetry read via daemon (16 path(s))
2026-08-01 14:17:20 PulseAutoTdp: tgt=90 fps=90.0 jank=0 tail=11ms act=HOLD bn=CPU cpuB=21 cpuPk=71 primePk=71 io=0 gpuB=29 gpuL=6 capped=0 prk=1 stl=0 draw=5.30W cT=43 gT=44 caps%[0:35,2:35,5:35,7:35,-100:40] curMHz[0:787,2:-1,5:1075,7:1017] gpu=231 gcap=422[10/13] lrn=100
2026-08-01 14:17:20 PulseDaemon: cap write via daemon (3 node(s))
2026-08-01 14:17:20 PulseDaemon: cap write via daemon (2 node(s))
2026-08-01 14:17:21 PulseDaemon: telemetry read via daemon (16 path(s))
2026-08-01 14:17:23 PulseDaemon: telemetry read via daemon (16 path(s))
2026-08-01 14:17:23 PulseAutoTdp: tgt=90 fps=90.0 jank=0 tail=11ms act=HOLD bn=CPU cpuB=20 cpuPk=72 primePk=72 io=0 gpuB=29 gpuL=6 capped=0 prk=1 stl=0 draw=3.57W cT=43 gT=43 caps%[0:35,2:35,5:35,7:35,-100:40] curMHz[0:787,2:-1,5:1075,7:1017] gpu=231 gcap=422[10/13] lrn=100
2026-08-01 14:17:23 PulseDaemon: cap write via daemon (3 node(s))
2026-08-01 14:17:23 PulseDaemon: cap write via daemon (2 node(s))
2026-08-01 14:17:24 PulseDaemon: telemetry read via daemon (16 path(s))
2026-08-01 14:17:26 PulseDaemon: telemetry read via daemon (16 path(s))
2026-08-01 14:17:26 PulseAutoTdp: tgt=90 fps=90.0 jank=0 tail=11ms act=HOLD bn=CPU cpuB=21 cpuPk=75 primePk=75 io=0 gpuB=30 gpuL=6 capped=0 prk=1 stl=0 draw=4.51W cT=43 gT=43 caps%[0:35,2:35,5:35,7:35,-100:40] curMHz[0:787,2:-1,5:1075,7:1017] gpu=231 gcap=422[10/13] lrn=100
2026-08-01 14:17:26 PulseDaemon: cap write via daemon (3 node(s))
2026-08-01 14:17:26 PulseDaemon: cap write via daemon (2 node(s))
2026-08-01 14:17:27 PulseDaemon: telemetry read via daemon (16 path(s))
2026-08-01 14:17:29 PulseDaemon: telemetry read via daemon (16 path(s))
2026-08-01 14:17:29 PulseAutoTdp: tgt=90 fps=90.0 jank=0 tail=11ms act=HOLD bn=CPU cpuB=21 cpuPk=73 primePk=73 io=0 gpuB=29 gpuL=6 capped=0 prk=1 stl=0 draw=2.98W cT=43 gT=43 caps%[0:35,2:35,5:35,7:35,-100:40] curMHz[0:787,2:-1,5:1075,7:1017] gpu=231 gcap=422[10/13] lrn=100
2026-08-01 14:17:29 PulseDaemon: cap write via daemon (3 node(s))
2026-08-01 14:17:29 PulseDaemon: cap write via daemon (2 node(s))
2026-08-01 14:17:31 PulseDaemon: telemetry read via daemon (16 path(s))
2026-08-01 14:17:32 PulseDaemon: telemetry read via daemon (16 path(s))
2026-08-01 14:17:32 PulseAutoTdp: AUTOTDP-SESSION tgt=90 bias=EFFICIENT wattCap=0 policies=0:2265600:0,1;2:3148800:2,3,4;5:2956800:5,6;7:3052800:7;-100:1050000:
2026-08-01 14:17:33 PulseAutoTdp: tgt=90 fps=90.0 jank=0 tail=11ms act=HOLD bn=CPU cpuB=21 cpuPk=73 primePk=73 io=0 gpuB=29 gpuL=6 capped=0 prk=1 stl=0 draw=4.69W cT=43 gT=43 caps%[0:35,2:35,5:35,7:35,-100:40] curMHz[0:787,2:-1,5:1075,7:1017] mn/mx[0:364/787,2:-1/-1,5:499/1075,7:480/1017] gpu=231 gcap=422[10/13] lrn=100
2026-08-01 14:17:33 PulseDaemon: cap write via daemon (3 node(s))
2026-08-01 14:17:33 PulseDaemon: cap write via daemon (2 node(s))
2026-08-01 14:17:34 PulseDaemon: telemetry read via daemon (16 path(s))
2026-08-01 14:17:36 PulseDaemon: telemetry read via daemon (16 path(s))
2026-08-01 14:17:37 PulseDaemon: cap write via daemon (7 node(s))
2026-08-01 14:17:37 PulseDaemon: cap write via daemon (3 node(s))
2026-08-01 14:17:37 PulseDaemon: cap write via daemon (2 node(s))
2026-08-01 14:17:37 PulseDaemon: cap write via daemon (3 node(s))
2026-08-01 14:17:37 PulseDaemon: cap write via daemon (2 node(s))
2026-08-01 14:17:38 PulseDaemon: telemetry read via daemon (16 path(s))
2026-08-01 14:17:40 PulseDaemon: telemetry read via daemon (16 path(s))
2026-08-01 14:17:40 PulseDaemon: cap write via daemon (7 node(s))
2026-08-01 14:17:40 PulseAutoTdp: tgt=90 fps=90.0 jank=0 tail=22ms act=RAISE bn=CPU cpuB=14 cpuPk=59 primePk=59 io=0 gpuB=48 gpuL=10 capped=0 prk=0 stl=0 draw=3.27W cT=43 gT=44 caps%[0:35,2:45,5:35,7:35,-100:40] curMHz[0:787,2:1286,5:1075,7:1017] gpu=231 gcap=422[10/13] lrn=100
2026-08-01 14:17:40 PulseDaemon: cap write via daemon (2 node(s))
2026-08-01 14:17:40 PulseDaemon: cap write via daemon (3 node(s))
2026-08-01 14:17:40 PulseDaemon: cap write via daemon (2 node(s))
2026-08-01 14:17:41 PulseDaemon: telemetry read via daemon (16 path(s))
2026-08-01 14:17:43 PulseDaemon: telemetry read via daemon (16 path(s))
2026-08-01 14:17:43 PulseDaemon: cap write via daemon (7 node(s))
2026-08-01 14:17:43 PulseAutoTdp: tgt=90 fps=90.0 jank=0 tail=11ms act=RAISE bn=CPU cpuB=14 cpuPk=68 primePk=68 io=0 gpuB=36 gpuL=7 capped=0 prk=0 stl=0 draw=4.99W cT=44 gT=44 caps%[0:35,2:50,5:35,7:35,-100:40] curMHz[0:787,2:1401,5:1075,7:1017] gpu=231 gcap=422[10/13] lrn=100
2026-08-01 14:17:43 PulseDaemon: cap write via daemon (2 node(s))
2026-08-01 14:17:43 PulseDaemon: cap write via daemon (3 node(s))
2026-08-01 14:17:43 PulseDaemon: cap write via daemon (2 node(s))
2026-08-01 14:17:44 PulseDaemon: telemetry read via daemon (16 path(s))
2026-08-01 14:17:46 PulseDaemon: telemetry read via daemon (16 path(s))
2026-08-01 14:17:46 PulseDaemon: cap write via daemon (7 node(s))
2026-08-01 14:17:46 PulseAutoTdp: tgt=90 fps=90.0 jank=0 tail=11ms act=RAISE bn=CPU cpuB=14 cpuPk=55 primePk=55 io=0 gpuB=37 gpuL=8 capped=0 prk=0 stl=0 draw=4.01W cT=43 gT=43 caps%[0:35,2:55,5:35,7:35,-100:40] curMHz[0:787,2:1612,5:1075,7:1017] gpu=231 gcap=422[10/13] lrn=100
2026-08-01 14:17:46 PulseDaemon: cap write via daemon (2 node(s))
2026-08-01 14:17:46 PulseDaemon: cap write via daemon (3 node(s))
2026-08-01 14:17:46 PulseDaemon: cap write via daemon (2 node(s))
2026-08-01 14:17:47 PulseDaemon: telemetry read via daemon (16 path(s))
2026-08-01 14:17:49 PulseDaemon: telemetry read via daemon (16 path(s))
2026-08-01 14:17:49 PulseAutoTdp: tgt=90 fps=90.0 jank=0 tail=11ms act=HOLD bn=CPU cpuB=14 cpuPk=60 primePk=60 io=0 gpuB=36 gpuL=7 capped=0 prk=0 stl=0 draw=4.99W cT=44 gT=44 caps%[0:35,2:55,5:35,7:35,-100:40] curMHz[0:787,2:1708,5:1075,7:1017] gpu=231 gcap=422[10/13] lrn=100
2026-08-01 14:17:49 PulseDaemon: cap write via daemon (2 node(s))
2026-08-01 14:17:49 PulseDaemon: cap write via daemon (3 node(s))
2026-08-01 14:17:49 PulseDaemon: cap write via daemon (2 node(s))
2026-08-01 14:17:50 PulseDaemon: telemetry read via daemon (16 path(s))
2026-08-01 14:17:51 PulseDaemon: telemetry read via daemon (16 path(s))
2026-08-01 14:17:52 PulseAutoTdp: tgt=90 fps=90.0 jank=0 tail=11ms act=HOLD bn=CPU cpuB=14 cpuPk=63 primePk=63 io=0 gpuB=36 gpuL=7 capped=0 prk=0 stl=0 draw=3.75W cT=44 gT=44 caps%[0:35,2:55,5:35,7:35,-100:40] curMHz[0:787,2:1708,5:1075,7:1017] gpu=231 gcap=422[10/13] lrn=100
2026-08-01 14:17:52 PulseDaemon: cap write via daemon (2 node(s))
2026-08-01 14:17:52 PulseDaemon: cap write via daemon (3 node(s))
2026-08-01 14:17:52 PulseDaemon: cap write via daemon (2 node(s))
2026-08-01 14:17:53 PulseDaemon: telemetry read via daemon (16 path(s))
2026-08-01 14:17:54 PulseDaemon: telemetry read via daemon (16 path(s))
2026-08-01 14:17:54 PulseAutoTdp: tgt=90 fps=90.0 jank=0 tail=11ms act=HOLD bn=CPU cpuB=15 cpuPk=64 primePk=64 io=0 gpuB=36 gpuL=7 capped=0 prk=0 stl=0 draw=4.52W cT=44 gT=43 caps%[0:35,2:55,5:35,7:35,-100:40] curMHz[0:787,2:1708,5:1075,7:1017] gpu=231 gcap=422[10/13] lrn=100
2026-08-01 14:17:54 PulseDaemon: cap write via daemon (2 node(s))
2026-08-01 14:17:54 PulseDaemon: cap write via daemon (3 node(s))
2026-08-01 14:17:54 PulseDaemon: cap write via daemon (2 node(s))
2026-08-01 14:17:56 PulseDaemon: telemetry read via daemon (16 path(s))
2026-08-01 14:17:57 PulseDaemon: telemetry read via daemon (16 path(s))
2026-08-01 14:17:57 PulseAutoTdp: tgt=90 fps=90.0 jank=0 tail=11ms act=HOLD bn=CPU cpuB=14 cpuPk=55 primePk=55 io=0 gpuB=36 gpuL=7 capped=0 prk=0 stl=0 draw=3.41W cT=44 gT=43 caps%[0:35,2:55,5:35,7:35,-100:40] curMHz[0:787,2:1708,5:1075,7:1017] gpu=231 gcap=422[10/13] lrn=100
2026-08-01 14:17:57 PulseDaemon: cap write via daemon (2 node(s))
2026-08-01 14:17:57 PulseDaemon: cap write via daemon (3 node(s))
2026-08-01 14:17:57 PulseDaemon: cap write via daemon (2 node(s))
2026-08-01 14:17:58 PulseDaemon: telemetry read via daemon (16 path(s))
2026-08-01 14:18:00 PulseDaemon: telemetry read via daemon (16 path(s))
2026-08-01 14:18:00 PulseAutoTdp: tgt=90 fps=90.0 jank=0 tail=11ms act=HOLD bn=CPU cpuB=14 cpuPk=64 primePk=64 io=0 gpuB=36 gpuL=7 capped=0 prk=0 stl=0 draw=3.75W cT=44 gT=43 caps%[0:35,2:55,5:35,7:35,-100:40] curMHz[0:787,2:1708,5:1075,7:1017] gpu=231 gcap=422[10/13] lrn=100
2026-08-01 14:18:00 PulseDaemon: cap write via daemon (2 node(s))
2026-08-01 14:18:00 PulseDaemon: cap write via daemon (3 node(s))
2026-08-01 14:18:00 PulseDaemon: cap write via daemon (2 node(s))
2026-08-01 14:18:01 PulseDaemon: telemetry read via daemon (16 path(s))
2026-08-01 14:18:02 PulseDaemon: telemetry read via daemon (16 path(s))
2026-08-01 14:18:03 PulseAutoTdp: tgt=90 fps=90.0 jank=0 tail=11ms act=HOLD bn=CPU cpuB=14 cpuPk=60 primePk=60 io=0 gpuB=36 gpuL=7 capped=0 prk=0 stl=0 draw=4.04W cT=44 gT=43 caps%[0:35,2:55,5:35,7:35,-100:40] curMHz[0:787,2:1708,5:1075,7:1017] mn/mx[0:787/787,2:499/1708,5:499/1075,7:480/1017] gpu=231 gcap=422[10/13] lrn=100
2026-08-01 14:18:03 PulseDaemon: cap write via xsu fallback (2 node(s), ~413 chars, chunked)
2026-08-01 14:18:04 PulseDaemon: cap write via daemon (3 node(s))
2026-08-01 14:18:04 PulseDaemon: cap write via daemon (2 node(s))
2026-08-01 14:18:05 PulseDaemon: telemetry read via daemon (16 path(s))
2026-08-01 14:18:06 PulseDaemon: telemetry read via daemon (16 path(s))
2026-08-01 14:18:06 PulseAutoTdp: tgt=90 fps=90.0 jank=0 tail=11ms act=HOLD bn=CPU cpuB=14 cpuPk=62 primePk=62 io=0 gpuB=36 gpuL=7 capped=0 prk=0 stl=0 draw=4.35W cT=43 gT=44 caps%[0:35,2:55,5:35,7:35,-100:40] curMHz[0:787,2:1708,5:1075,7:1017] gpu=231 gcap=422[10/13] lrn=100
2026-08-01 14:18:06 PulseDaemon: cap write via daemon (2 node(s))
2026-08-01 14:18:06 PulseDaemon: cap write via daemon (3 node(s))
2026-08-01 14:18:06 PulseDaemon: cap write via daemon (2 node(s))
2026-08-01 14:18:08 PulseDaemon: telemetry read via daemon (16 path(s))
2026-08-01 14:18:09 PulseDaemon: telemetry read via daemon (16 path(s))
2026-08-01 14:18:09 PulseAutoTdp: tgt=90 fps=90.0 jank=0 tail=11ms act=HOLD bn=- cpuB=14 cpuPk=46 primePk=46 io=0 gpuB=40 gpuL=8 capped=0 prk=0 stl=0 draw=3.29W cT=44 gT=43 caps%[0:35,2:55,5:35,7:35,-100:40] curMHz[0:787,2:1708,5:1075,7:1017] gpu=231 gcap=422[10/13] lrn=100
2026-08-01 14:18:09 PulseDaemon: cap write via daemon (2 node(s))
2026-08-01 14:18:09 PulseDaemon: cap write via daemon (3 node(s))
2026-08-01 14:18:09 PulseDaemon: cap write via daemon (2 node(s))
2026-08-01 14:18:11 PulseDaemon: telemetry read via daemon (16 path(s))
2026-08-01 14:18:12 PulseDaemon: telemetry read via daemon (16 path(s))
2026-08-01 14:18:12 PulseAutoTdp: tgt=90 fps=90.0 jank=0 tail=11ms act=HOLD bn=CPU cpuB=24 cpuPk=69 primePk=69 io=0 gpuB=44 gpuL=9 capped=0 prk=0 stl=0 draw=5.29W cT=46 gT=44 caps%[0:35,2:55,5:35,7:35,-100:40] curMHz[0:787,2:1708,5:1075,7:1017] gpu=231 gcap=422[10/13] lrn=100
2026-08-01 14:18:12 PulseDaemon: cap write via daemon (2 node(s))
2026-08-01 14:18:12 PulseDaemon: cap write via daemon (3 node(s))
2026-08-01 14:18:12 PulseDaemon: cap write via daemon (2 node(s))
2026-08-01 14:18:13 PulseDaemon: telemetry read via daemon (16 path(s))
2026-08-01 14:18:15 PulseDaemon: telemetry read via daemon (16 path(s))
2026-08-01 14:18:15 PulseAutoTdp: tgt=90 fps=90.0 jank=0 tail=11ms act=HOLD bn=- cpuB=13 cpuPk=46 primePk=46 io=0 gpuB=25 gpuL=5 capped=0 prk=0 stl=0 draw=2.51W cT=43 gT=43 caps%[0:35,2:55,5:35,7:35,-100:40] curMHz[0:787,2:1708,5:1075,7:1017] gpu=231 gcap=422[10/13] lrn=100
2026-08-01 14:18:15 PulseDaemon: cap write via daemon (2 node(s))
2026-08-01 14:18:15 PulseDaemon: cap write via daemon (3 node(s))
2026-08-01 14:18:15 PulseDaemon: cap write via daemon (2 node(s))
2026-08-01 14:18:16 PulseDaemon: telemetry read via daemon (16 path(s))
2026-08-01 14:18:18 PulseDaemon: telemetry read via daemon (16 path(s))
2026-08-01 14:18:18 PulseAutoTdp: AUTOTDP-SESSION tgt=90 bias=EFFICIENT wattCap=0 policies=0:2265600:0,1;2:3148800:2,3,4;5:2956800:5,6;7:3052800:7;-100:1050000:
2026-08-01 14:18:18 PulseAutoTdp: tgt=90 fps=90.0 jank=0 tail=11ms act=HOLD bn=- cpuB=13 cpuPk=43 primePk=43 io=0 gpuB=24 gpuL=5 capped=0 prk=0 stl=0 draw=3.81W cT=43 gT=43 caps%[0:35,2:55,5:35,7:35,-100:40] curMHz[0:787,2:1708,5:1075,7:1017] gpu=231 gcap=422[10/13] lrn=100
2026-08-01 14:18:18 PulseDaemon: cap write via daemon (2 node(s))
2026-08-01 14:18:18 PulseDaemon: cap write via daemon (3 node(s))
2026-08-01 14:18:18 PulseDaemon: cap write via daemon (2 node(s))
2026-08-01 14:18:19 PulseDaemon: telemetry read via daemon (16 path(s))
2026-08-01 14:18:20 PulseDaemon: telemetry read via daemon (16 path(s))
2026-08-01 14:18:20 PulseAutoTdp: tgt=90 fps=90.0 jank=0 tail=11ms act=HOLD bn=- cpuB=14 cpuPk=52 primePk=45 io=0 gpuB=24 gpuL=5 capped=0 prk=0 stl=0 draw=3.70W cT=43 gT=43 caps%[0:35,2:55,5:35,7:35,-100:40] curMHz[0:787,2:1708,5:1075,7:1017] gpu=231 gcap=422[10/13] lrn=100
2026-08-01 14:18:21 PulseDaemon: cap write via daemon (2 node(s))
2026-08-01 14:18:21 PulseDaemon: cap write via daemon (3 node(s))
2026-08-01 14:18:21 PulseDaemon: cap write via daemon (2 node(s))
2026-08-01 14:18:22 PulseDaemon: telemetry read via daemon (16 path(s))
2026-08-01 14:18:23 PulseDaemon: telemetry read via daemon (16 path(s))
2026-08-01 14:18:23 PulseAutoTdp: tgt=90 fps=90.0 jank=0 tail=11ms act=HOLD bn=- cpuB=15 cpuPk=49 primePk=47 io=0 gpuB=24 gpuL=5 capped=0 prk=0 stl=0 draw=2.84W cT=43 gT=43 caps%[0:35,2:55,5:35,7:35,-100:40] curMHz[0:787,2:1708,5:1075,7:1017] gpu=231 gcap=422[10/13] lrn=100
2026-08-01 14:18:23 PulseDaemon: cap write via daemon (2 node(s))
2026-08-01 14:18:23 PulseDaemon: cap write via daemon (3 node(s))
2026-08-01 14:18:23 PulseDaemon: cap write via daemon (2 node(s))
2026-08-01 14:18:25 PulseDaemon: telemetry read via daemon (16 path(s))
2026-08-01 14:18:26 PulseDaemon: telemetry read via daemon (16 path(s))
2026-08-01 14:18:26 PulseAutoTdp: tgt=90 fps=90.0 jank=0 tail=11ms act=HOLD bn=- cpuB=16 cpuPk=55 primePk=55 io=0 gpuB=22 gpuL=4 capped=0 prk=0 stl=0 draw=4.16W cT=44 gT=43 caps%[0:35,2:55,5:35,7:35,-100:40] curMHz[0:787,2:1708,5:1075,7:1017] gpu=231 gcap=422[10/13] lrn=100
2026-08-01 14:18:26 PulseDaemon: cap write via daemon (2 node(s))
2026-08-01 14:18:26 PulseDaemon: cap write via daemon (3 node(s))
2026-08-01 14:18:26 PulseDaemon: cap write via daemon (2 node(s))
2026-08-01 14:18:27 PulseDaemon: telemetry read via daemon (16 path(s))
2026-08-01 14:18:29 PulseDaemon: telemetry read via daemon (16 path(s))
2026-08-01 14:18:29 PulseAutoTdp: tgt=90 fps=90.0 jank=0 tail=11ms act=HOLD bn=- cpuB=13 cpuPk=46 primePk=43 io=0 gpuB=28 gpuL=6 capped=0 prk=0 stl=0 draw=3.16W cT=43 gT=43 caps%[0:35,2:55,5:35,7:35,-100:40] curMHz[0:787,2:1708,5:1075,7:1017] gpu=231 gcap=422[10/13] lrn=100
2026-08-01 14:18:29 PulseDaemon: cap write via daemon (2 node(s))
2026-08-01 14:18:29 PulseDaemon: cap write via daemon (3 node(s))
2026-08-01 14:18:29 PulseDaemon: cap write via daemon (2 node(s))
2026-08-01 14:18:30 PulseDaemon: telemetry read via daemon (16 path(s))
2026-08-01 14:18:32 PulseDaemon: telemetry read via daemon (16 path(s))
2026-08-01 14:18:33 PulseAutoTdp: tgt=90 fps=89.4 jank=0 tail=22ms act=HOLD bn=- cpuB=18 cpuPk=62 primePk=62 io=0 gpuB=37 gpuL=8 capped=0 prk=0 stl=0 draw=3.70W cT=44 gT=43 caps%[0:35,2:55,5:35,7:35,-100:40] curMHz[0:787,2:1708,5:1075,7:1017] mn/mx[0:787/787,2:499/1708,5:499/1075,7:480/1017] gpu=231 gcap=422[10/13] lrn=100
2026-08-01 14:18:33 PulseDaemon: cap write via daemon (2 node(s))
2026-08-01 14:18:33 PulseDaemon: cap write via daemon (3 node(s))
2026-08-01 14:18:33 PulseDaemon: cap write via daemon (2 node(s))
2026-08-01 14:18:34 PulseDaemon: telemetry read via daemon (16 path(s))
2026-08-01 14:18:35 PulseDaemon: telemetry read via daemon (16 path(s))
2026-08-01 14:18:35 PulseAutoTdp: tgt=90 fps=90.0 jank=0 tail=11ms act=HOLD bn=CPU cpuB=16 cpuPk=66 primePk=66 io=0 gpuB=32 gpuL=7 capped=0 prk=0 stl=0 draw=4.05W cT=44 gT=43 caps%[0:35,2:55,5:35,7:35,-100:40] curMHz[0:787,2:1708,5:1075,7:1017] gpu=231 gcap=422[10/13] lrn=100
2026-08-01 14:18:35 PulseDaemon: cap write via daemon (2 node(s))
2026-08-01 14:18:35 PulseDaemon: cap write via daemon (3 node(s))
2026-08-01 14:18:36 PulseDaemon: cap write via daemon (2 node(s))
2026-08-01 14:18:37 PulseDaemon: telemetry read via daemon (16 path(s))
2026-08-01 14:18:38 PulseDaemon: telemetry read via daemon (16 path(s))
2026-08-01 14:18:38 PulseAutoTdp: tgt=90 fps=90.0 jank=0 tail=11ms act=HOLD bn=CPU cpuB=15 cpuPk=72 primePk=72 io=0 gpuB=33 gpuL=7 capped=0 prk=0 stl=0 draw=4.16W cT=44 gT=43 caps%[0:35,2:55,5:35,7:35,-100:40] curMHz[0:787,2:1708,5:1075,7:1017] gpu=231 gcap=422[10/13] lrn=100
2026-08-01 14:18:38 PulseDaemon: cap write via daemon (2 node(s))
2026-08-01 14:18:38 PulseDaemon: cap write via daemon (3 node(s))
2026-08-01 14:18:38 PulseDaemon: cap write via daemon (2 node(s))
2026-08-01 14:18:39 PulseDaemon: telemetry read via daemon (16 path(s))
2026-08-01 14:18:41 PulseDaemon: telemetry read via daemon (16 path(s))
2026-08-01 14:18:41 PulseAutoTdp: tgt=90 fps=90.0 jank=0 tail=11ms act=HOLD bn=CPU cpuB=19 cpuPk=63 primePk=63 io=0 gpuB=41 gpuL=9 capped=0 prk=0 stl=0 draw=3.95W cT=44 gT=44 caps%[0:35,2:55,5:35,7:35,-100:40] curMHz[0:787,2:1708,5:1075,7:1017] gpu=231 gcap=422[10/13] lrn=100
2026-08-01 14:18:41 PulseDaemon: cap write via daemon (2 node(s))
2026-08-01 14:18:41 PulseDaemon: cap write via daemon (3 node(s))
2026-08-01 14:18:41 PulseDaemon: cap write via daemon (2 node(s))
2026-08-01 14:18:42 PulseDaemon: telemetry read via daemon (16 path(s))
2026-08-01 14:18:44 PulseDaemon: telemetry read via daemon (16 path(s))
2026-08-01 14:18:44 PulseAutoTdp: tgt=90 fps=90.0 jank=0 tail=11ms act=HOLD bn=CPU cpuB=16 cpuPk=64 primePk=64 io=0 gpuB=32 gpuL=7 capped=0 prk=0 stl=0 draw=4.08W cT=44 gT=43 caps%[0:35,2:55,5:35,7:35,-100:40] curMHz[0:787,2:1708,5:1075,7:1017] gpu=231 gcap=422[10/13] lrn=100
2026-08-01 14:18:44 PulseDaemon: cap write via daemon (2 node(s))
2026-08-01 14:18:44 PulseDaemon: cap write via daemon (3 node(s))
2026-08-01 14:18:44 PulseDaemon: cap write via daemon (2 node(s))
2026-08-01 14:18:45 PulseDaemon: telemetry read via daemon (16 path(s))
2026-08-01 14:18:46 PulseDaemon: telemetry read via daemon (16 path(s))
2026-08-01 14:18:46 PulseAutoTdp: tgt=90 fps=90.0 jank=0 tail=11ms act=HOLD bn=- cpuB=15 cpuPk=48 primePk=48 io=0 gpuB=29 gpuL=6 capped=0 prk=0 stl=0 draw=3.59W cT=43 gT=43 caps%[0:35,2:55,5:35,7:35,-100:40] curMHz[0:787,2:1708,5:1075,7:1017] gpu=231 gcap=422[10/13] lrn=100
2026-08-01 14:18:47 PulseDaemon: cap write via daemon (2 node(s))
2026-08-01 14:18:47 PulseDaemon: cap write via daemon (3 node(s))
2026-08-01 14:18:47 PulseDaemon: cap write via daemon (2 node(s))
2026-08-01 14:18:48 PulseDaemon: telemetry read via daemon (16 path(s))
2026-08-01 14:18:49 PulseDaemon: telemetry read via daemon (16 path(s))
2026-08-01 14:18:49 PulseAutoTdp: tgt=90 fps=90.0 jank=0 tail=11ms act=HOLD bn=- cpuB=14 cpuPk=54 primePk=54 io=0 gpuB=31 gpuL=6 capped=0 prk=0 stl=0 draw=4.39W cT=43 gT=43 caps%[0:35,2:55,5:35,7:35,-100:40] curMHz[0:787,2:1708,5:1075,7:1017] gpu=231 gcap=422[10/13] lrn=100
2026-08-01 14:18:49 PulseDaemon: cap write via daemon (2 node(s))
2026-08-01 14:18:49 PulseDaemon: cap write via daemon (3 node(s))
2026-08-01 14:18:49 PulseDaemon: cap write via daemon (2 node(s))
2026-08-01 14:18:51 PulseDaemon: telemetry read via daemon (16 path(s))
2026-08-01 14:18:52 PulseDaemon: telemetry read via daemon (16 path(s))
2026-08-01 14:18:52 PulseAutoTdp: tgt=90 fps=90.0 jank=0 tail=11ms act=HOLD bn=- cpuB=15 cpuPk=55 primePk=55 io=0 gpuB=39 gpuL=8 capped=0 prk=0 stl=0 draw=3.47W cT=44 gT=43 caps%[0:35,2:55,5:35,7:35,-100:40] curMHz[0:787,2:1708,5:1075,7:1017] gpu=231 gcap=422[10/13] lrn=100
2026-08-01 14:18:52 PulseDaemon: cap write via daemon (2 node(s))
2026-08-01 14:18:52 PulseDaemon: cap write via daemon (3 node(s))
2026-08-01 14:18:52 PulseDaemon: cap write via daemon (2 node(s))
2026-08-01 14:18:54 PulseDaemon: telemetry read via daemon (16 path(s))
2026-08-01 14:18:55 PulseDaemon: telemetry read via daemon (16 path(s))
2026-08-01 14:18:55 PulseAutoTdp: tgt=90 fps=90.0 jank=0 tail=11ms act=HOLD bn=- cpuB=14 cpuPk=56 primePk=56 io=0 gpuB=40 gpuL=8 capped=0 prk=0 stl=0 draw=4.70W cT=44 gT=43 caps%[0:35,2:55,5:35,7:35,-100:40] curMHz[0:787,2:1708,5:1075,7:1017] gpu=231 gcap=422[10/13] lrn=100
2026-08-01 14:18:55 PulseDaemon: cap write via xsu fallback (2 node(s), ~413 chars, chunked)
2026-08-01 14:18:55 PulseDaemon: cap write via daemon (3 node(s))
2026-08-01 14:18:55 PulseDaemon: cap write via daemon (2 node(s))
2026-08-01 14:18:56 PulseDaemon: telemetry read via daemon (16 path(s))
2026-08-01 14:18:58 PulseDaemon: telemetry read via daemon (16 path(s))
2026-08-01 14:18:58 PulseAutoTdp: tgt=90 fps=90.0 jank=0 tail=11ms act=HOLD bn=- cpuB=15 cpuPk=55 primePk=55 io=0 gpuB=39 gpuL=8 capped=0 prk=0 stl=0 draw=3.20W cT=44 gT=43 caps%[0:35,2:55,5:35,7:35,-100:40] curMHz[0:787,2:1708,5:1075,7:1017] gpu=231 gcap=422[10/13] lrn=100
2026-08-01 14:18:58 PulseDaemon: cap write via xsu fallback (2 node(s), ~413 chars, chunked)
2026-08-01 14:18:58 PulseDaemon: cap write via daemon (3 node(s))
2026-08-01 14:18:58 PulseDaemon: cap write via daemon (2 node(s))
2026-08-01 14:18:59 PulseDaemon: telemetry read via daemon (16 path(s))
2026-08-01 14:19:01 PulseDaemon: telemetry read via daemon (16 path(s))
2026-08-01 14:19:01 PulseDaemon: cap write via daemon (7 node(s))
2026-08-01 14:19:01 PulseAutoTdp: AUTOTDP-SESSION tgt=90 bias=EFFICIENT wattCap=0 policies=0:2265600:0,1;2:3148800:2,3,4;5:2956800:5,6;7:3052800:7;-100:1050000:
2026-08-01 14:19:02 PulseAutoTdp: tgt=90 fps=90.0 jank=0 tail=11ms act=TRIM bn=- cpuB=16 cpuPk=63 primePk=63 io=0 gpuB=57 gpuL=12 capped=0 prk=0 stl=0 draw=4.01W cT=44 gT=43 caps%[0:35,2:50,5:35,7:35,-100:40] curMHz[0:787,2:1708,5:1075,7:1017] mn/mx[0:787/787,2:499/1612,5:499/1075,7:480/1017] gpu=231 gcap=422[10/13] lrn=100
2026-08-01 14:19:02 PulseDaemon: cap write via xsu fallback (2 node(s), ~413 chars, chunked)
2026-08-01 14:19:02 PulseDaemon: cap write via daemon (3 node(s))
2026-08-01 14:19:02 PulseDaemon: cap write via daemon (2 node(s))
2026-08-01 14:19:03 PulseDaemon: telemetry read via daemon (16 path(s))
2026-08-01 14:19:05 PulseDaemon: telemetry read via daemon (16 path(s))
2026-08-01 14:19:05 PulseAutoTdp: tgt=90 fps=90.0 jank=0 tail=11ms act=HOLD bn=CPU cpuB=16 cpuPk=66 primePk=66 io=0 gpuB=57 gpuL=12 capped=0 prk=0 stl=0 draw=5.15W cT=44 gT=44 caps%[0:35,2:50,5:35,7:35,-100:40] curMHz[0:787,2:1612,5:1075,7:1017] gpu=231 gcap=422[10/13] lrn=100
2026-08-01 14:19:05 PulseDaemon: cap write via daemon (2 node(s))
2026-08-01 14:19:05 PulseDaemon: cap write via daemon (3 node(s))
2026-08-01 14:19:05 PulseDaemon: cap write via daemon (2 node(s))
2026-08-01 14:19:06 PulseDaemon: telemetry read via daemon (16 path(s))
2026-08-01 14:19:07 PulseDaemon: telemetry read via daemon (16 path(s))
2026-08-01 14:19:07 PulseAutoTdp: tgt=90 fps=90.0 jank=0 tail=11ms act=HOLD bn=- cpuB=13 cpuPk=49 primePk=49 io=0 gpuB=32 gpuL=7 capped=0 prk=0 stl=0 draw=3.51W cT=44 gT=44 caps%[0:35,2:50,5:35,7:35,-100:40] curMHz[0:787,2:1612,5:1075,7:1017] gpu=231 gcap=422[10/13] lrn=100
2026-08-01 14:19:08 PulseDaemon: cap write via daemon (2 node(s))
2026-08-01 14:19:08 PulseDaemon: cap write via daemon (3 node(s))
2026-08-01 14:19:08 PulseDaemon: cap write via daemon (2 node(s))
2026-08-01 14:19:09 PulseDaemon: telemetry read via daemon (16 path(s))
2026-08-01 14:19:10 PulseDaemon: telemetry read via daemon (16 path(s))
2026-08-01 14:19:10 PulseAutoTdp: tgt=90 fps=90.0 jank=0 tail=11ms act=HOLD bn=- cpuB=13 cpuPk=49 primePk=49 io=0 gpuB=32 gpuL=7 capped=0 prk=0 stl=0 draw=4.28W cT=43 gT=42 caps%[0:35,2:50,5:35,7:35,-100:40] curMHz[0:787,2:1612,5:1075,7:1017] gpu=231 gcap=422[10/13] lrn=100
2026-08-01 14:19:10 PulseDaemon: cap write via xsu fallback (2 node(s), ~413 chars, chunked)
2026-08-01 14:19:10 PulseDaemon: cap write via daemon (3 node(s))
2026-08-01 14:19:10 PulseDaemon: cap write via daemon (2 node(s))
2026-08-01 14:19:12 PulseDaemon: telemetry read via daemon (16 path(s))
2026-08-01 14:19:13 PulseDaemon: telemetry read via daemon (16 path(s))
2026-08-01 14:19:13 PulseAutoTdp: tgt=90 fps=90.0 jank=0 tail=11ms act=HOLD bn=- cpuB=14 cpuPk=51 primePk=51 io=0 gpuB=32 gpuL=7 capped=0 prk=0 stl=0 draw=4.30W cT=43 gT=42 caps%[0:35,2:50,5:35,7:35,-100:40] curMHz[0:787,2:1612,5:1075,7:1017] gpu=231 gcap=422[10/13] lrn=100
2026-08-01 14:19:13 PulseDaemon: cap write via daemon (2 node(s))
2026-08-01 14:19:13 PulseDaemon: cap write via daemon (3 node(s))
2026-08-01 14:19:13 PulseDaemon: cap write via daemon (2 node(s))
2026-08-01 14:19:15 PulseDaemon: telemetry read via daemon (16 path(s))
2026-08-01 14:19:16 PulseDaemon: telemetry read via daemon (16 path(s))
2026-08-01 14:19:16 PulseAutoTdp: tgt=90 fps=90.0 jank=0 tail=11ms act=HOLD bn=- cpuB=14 cpuPk=50 primePk=50 io=0 gpuB=32 gpuL=7 capped=0 prk=0 stl=0 draw=3.23W cT=43 gT=42 caps%[0:35,2:50,5:35,7:35,-100:40] curMHz[0:787,2:1612,5:1075,7:1017] gpu=231 gcap=422[10/13] lrn=100
2026-08-01 14:19:16 PulseDaemon: cap write via xsu fallback (2 node(s), ~413 chars, chunked)
2026-08-01 14:19:16 PulseDaemon: cap write via daemon (3 node(s))
2026-08-01 14:19:16 PulseDaemon: cap write via daemon (2 node(s))
2026-08-01 14:19:17 PulseDaemon: telemetry read via daemon (16 path(s))
2026-08-01 14:19:19 PulseDaemon: telemetry read via daemon (16 path(s))
2026-08-01 14:19:19 PulseAutoTdp: tgt=90 fps=90.0 jank=0 tail=11ms act=HOLD bn=- cpuB=14 cpuPk=52 primePk=52 io=0 gpuB=32 gpuL=7 capped=0 prk=0 stl=0 draw=3.60W cT=43 gT=42 caps%[0:35,2:50,5:35,7:35,-100:40] curMHz[0:787,2:1612,5:1075,7:1017] gpu=231 gcap=422[10/13] lrn=100
2026-08-01 14:19:19 PulseDaemon: cap write via daemon (2 node(s))
2026-08-01 14:19:19 PulseDaemon: cap write via daemon (3 node(s))
2026-08-01 14:19:19 PulseDaemon: cap write via daemon (2 node(s))
2026-08-01 14:19:20 PulseDaemon: telemetry read via daemon (16 path(s))
2026-08-01 14:19:22 PulseDaemon: telemetry read via daemon (16 path(s))
2026-08-01 14:19:22 PulseAutoTdp: tgt=90 fps=90.0 jank=0 tail=11ms act=HOLD bn=- cpuB=14 cpuPk=51 primePk=51 io=0 gpuB=32 gpuL=7 capped=0 prk=0 stl=0 draw=3.09W cT=43 gT=43 caps%[0:35,2:50,5:35,7:35,-100:40] curMHz[0:787,2:1612,5:1075,7:1017] gpu=231 gcap=422[10/13] lrn=100
2026-08-01 14:19:22 PulseDaemon: cap write via daemon (2 node(s))
2026-08-01 14:19:22 PulseDaemon: cap write via daemon (3 node(s))
2026-08-01 14:19:22 PulseDaemon: cap write via daemon (2 node(s))
2026-08-01 14:19:23 PulseDaemon: telemetry read via daemon (16 path(s))
2026-08-01 14:19:24 PulseDaemon: telemetry read via daemon (16 path(s))
2026-08-01 14:19:24 PulseAutoTdp: tgt=90 fps=90.0 jank=0 tail=11ms act=HOLD bn=- cpuB=14 cpuPk=52 primePk=52 io=0 gpuB=33 gpuL=7 capped=0 prk=0 stl=0 draw=4.30W cT=44 gT=43 caps%[0:35,2:50,5:35,7:35,-100:40] curMHz[0:787,2:1612,5:1075,7:1017] gpu=231 gcap=422[10/13] lrn=100
2026-08-01 14:19:25 PulseDaemon: cap write via daemon (2 node(s))
2026-08-01 14:19:25 PulseDaemon: cap write via daemon (3 node(s))
2026-08-01 14:19:25 PulseDaemon: cap write via daemon (2 node(s))
2026-08-01 14:19:26 PulseDaemon: telemetry read via daemon (16 path(s))
2026-08-01 14:19:27 PulseDaemon: telemetry read via daemon (16 path(s))
2026-08-01 14:19:27 PulseAutoTdp: tgt=90 fps=90.0 jank=0 tail=11ms act=HOLD bn=- cpuB=15 cpuPk=62 primePk=62 io=0 gpuB=58 gpuL=12 capped=0 prk=0 stl=0 draw=2.91W cT=44 gT=43 caps%[0:35,2:50,5:35,7:35,-100:40] curMHz[0:787,2:1612,5:1075,7:1017] gpu=231 gcap=422[10/13] lrn=100
2026-08-01 14:19:27 PulseDaemon: cap write via xsu fallback (2 node(s), ~413 chars, chunked)
2026-08-01 14:19:28 PulseDaemon: cap write via daemon (3 node(s))
2026-08-01 14:19:28 PulseDaemon: cap write via daemon (2 node(s))
2026-08-01 14:19:29 PulseDaemon: telemetry read via daemon (16 path(s))
2026-08-01 14:19:30 PulseDaemon: telemetry read via daemon (16 path(s))
2026-08-01 14:19:31 PulseAutoTdp: tgt=90 fps=90.0 jank=0 tail=11ms act=HOLD bn=CPU cpuB=15 cpuPk=72 primePk=72 io=0 gpuB=35 gpuL=7 capped=0 prk=0 stl=0 draw=3.57W cT=44 gT=43 caps%[0:35,2:50,5:35,7:35,-100:40] curMHz[0:787,2:1612,5:1075,7:1017] mn/mx[0:364/787,2:499/1612,5:499/1075,7:480/1017] gpu=231 gcap=422[10/13] lrn=100
2026-08-01 14:19:31 PulseDaemon: cap write via daemon (2 node(s))
2026-08-01 14:19:31 PulseDaemon: cap write via daemon (3 node(s))
2026-08-01 14:19:31 PulseDaemon: cap write via daemon (2 node(s))
2026-08-01 14:19:32 PulseDaemon: telemetry read via daemon (16 path(s))
2026-08-01 14:19:34 PulseDaemon: telemetry read via daemon (16 path(s))
2026-08-01 14:19:34 PulseAutoTdp: tgt=90 fps=90.0 jank=0 tail=22ms act=HOLD bn=CPU cpuB=15 cpuPk=61 primePk=61 io=0 gpuB=34 gpuL=7 capped=0 prk=0 stl=0 draw=3.24W cT=44 gT=43 caps%[0:35,2:50,5:35,7:35,-100:40] curMHz[0:787,2:1612,5:1075,7:1017] gpu=231 gcap=422[10/13] lrn=100
2026-08-01 14:19:34 PulseDaemon: cap write via daemon (2 node(s))
2026-08-01 14:19:34 PulseDaemon: cap write via daemon (3 node(s))
2026-08-01 14:19:34 PulseDaemon: cap write via daemon (2 node(s))
2026-08-01 14:19:35 PulseDaemon: telemetry read via daemon (16 path(s))
2026-08-01 14:19:37 PulseDaemon: telemetry read via daemon (16 path(s))
2026-08-01 14:19:37 PulseAutoTdp: tgt=90 fps=90.0 jank=0 tail=11ms act=HOLD bn=CPU cpuB=16 cpuPk=60 primePk=60 io=0 gpuB=38 gpuL=8 capped=0 prk=0 stl=0 draw=3.91W cT=45 gT=44 caps%[0:35,2:50,5:35,7:35,-100:40] curMHz[0:787,2:1612,5:1075,7:1017] gpu=231 gcap=422[10/13] lrn=100
2026-08-01 14:19:37 PulseDaemon: cap write via daemon (2 node(s))
2026-08-01 14:19:37 PulseDaemon: cap write via daemon (3 node(s))
2026-08-01 14:19:37 PulseDaemon: cap write via daemon (2 node(s))
2026-08-01 14:19:38 PulseDaemon: telemetry read via daemon (16 path(s))
2026-08-01 14:19:40 PulseDaemon: telemetry read via daemon (16 path(s))
2026-08-01 14:19:40 PulseAutoTdp: tgt=90 fps=86.7 jank=0 tail=22ms act=HOLD bn=CPU cpuB=28 cpuPk=83 primePk=83 io=0 gpuB=65 gpuL=14 capped=0 prk=0 stl=0 draw=6.22W cT=46 gT=45 caps%[0:35,2:50,5:35,7:35,-100:40] curMHz[0:787,2:1612,5:1075,7:1017] gpu=231 gcap=422[10/13] lrn=100
2026-08-01 14:19:40 PulseDaemon: cap write via daemon (2 node(s))
2026-08-01 14:19:40 PulseDaemon: cap write via daemon (3 node(s))
2026-08-01 14:19:40 PulseDaemon: cap write via daemon (2 node(s))
2026-08-01 14:19:41 PulseDaemon: telemetry read via daemon (16 path(s))
2026-08-01 14:19:43 PulseDaemon: telemetry read via daemon (16 path(s))
2026-08-01 14:19:43 PulseDaemon: cap write via daemon (7 node(s))
2026-08-01 14:19:43 PulseAutoTdp: tgt=90 fps=83.2 jank=0 tail=22ms act=RAISE bn=CPU cpuB=30 cpuPk=87 primePk=87 io=0 gpuB=69 gpuL=15 capped=0 prk=0 stl=0 draw=5.76W cT=49 gT=46 caps%[0:35,2:55,5:35,7:35,-100:40] curMHz[0:787,2:1612,5:1075,7:1017] gpu=231 gcap=422[10/13] lrn=100
2026-08-01 14:19:43 PulseDaemon: cap write via daemon (2 node(s))
2026-08-01 14:19:43 PulseDaemon: cap write via daemon (3 node(s))
2026-08-01 14:19:43 PulseDaemon: cap write via daemon (2 node(s))
2026-08-01 14:19:44 PulseDaemon: telemetry read via daemon (16 path(s))
2026-08-01 14:19:46 PulseDaemon: telemetry read via daemon (16 path(s))
2026-08-01 14:19:46 PulseAutoTdp: AUTOTDP-SESSION tgt=90 bias=EFFICIENT wattCap=0 policies=0:2265600:0,1;2:3148800:2,3,4;5:2956800:5,6;7:3052800:7;-100:1050000:
2026-08-01 14:19:46 PulseAutoTdp: tgt=90 fps=90.0 jank=0 tail=11ms act=HOLD bn=CPU cpuB=20 cpuPk=64 primePk=64 io=0 gpuB=69 gpuL=20 capped=0 prk=0 stl=0 draw=4.77W cT=47 gT=46 caps%[0:35,2:55,5:35,7:35,-100:40] curMHz[0:787,2:1708,5:1075,7:1017] gpu=310 gcap=422[10/13] lrn=100
2026-08-01 14:19:46 PulseDaemon: cap write via daemon (2 node(s))
2026-08-01 14:19:46 PulseDaemon: cap write via daemon (3 node(s))
2026-08-01 14:19:46 PulseDaemon: cap write via daemon (2 node(s))
2026-08-01 14:19:47 PulseDaemon: telemetry read via daemon (16 path(s))
2026-08-01 14:19:49 PulseDaemon: telemetry read via daemon (16 path(s))
2026-08-01 14:19:49 PulseAutoTdp: tgt=90 fps=90.0 jank=0 tail=11ms act=HOLD bn=CPU cpuB=18 cpuPk=58 primePk=58 io=0 gpuB=47 gpuL=10 capped=0 prk=0 stl=0 draw=3.84W cT=45 gT=45 caps%[0:35,2:55,5:35,7:35,-100:40] curMHz[0:787,2:1708,5:1075,7:1017] gpu=231 gcap=422[10/13] lrn=100
2026-08-01 14:19:49 PulseDaemon: cap write via daemon (2 node(s))
2026-08-01 14:19:49 PulseDaemon: cap write via daemon (3 node(s))
2026-08-01 14:19:49 PulseDaemon: cap write via daemon (2 node(s))
2026-08-01 14:19:50 PulseDaemon: telemetry read via daemon (16 path(s))
2026-08-01 14:19:51 PulseDaemon: telemetry read via daemon (16 path(s))
2026-08-01 14:19:52 PulseAutoTdp: tgt=90 fps=90.0 jank=0 tail=11ms act=HOLD bn=CPU cpuB=18 cpuPk=62 primePk=62 io=0 gpuB=72 gpuL=15 capped=0 prk=0 stl=0 draw=3.86W cT=46 gT=45 caps%[0:35,2:55,5:35,7:35,-100:40] curMHz[0:787,2:1708,5:1075,7:1017] gpu=231 gcap=422[10/13] lrn=100
2026-08-01 14:19:52 PulseDaemon: cap write via daemon (2 node(s))
2026-08-01 14:19:52 PulseDaemon: cap write via daemon (3 node(s))
2026-08-01 14:19:52 PulseDaemon: cap write via daemon (2 node(s))
2026-08-01 14:19:53 PulseDaemon: telemetry read via daemon (16 path(s))
2026-08-01 14:19:54 PulseDaemon: telemetry read via daemon (16 path(s))
2026-08-01 14:19:54 PulseAutoTdp: tgt=90 fps=90.0 jank=0 tail=11ms act=HOLD bn=CPU cpuB=18 cpuPk=61 primePk=61 io=0 gpuB=59 gpuL=12 capped=0 prk=0 stl=0 draw=5.39W cT=46 gT=45 caps%[0:35,2:55,5:35,7:35,-100:40] curMHz[0:787,2:1708,5:1075,7:1017] gpu=231 gcap=422[10/13] lrn=100
2026-08-01 14:19:54 PulseDaemon: cap write via daemon (2 node(s))
2026-08-01 14:19:55 PulseDaemon: cap write via xsu fallback (3 node(s), ~620 chars, chunked)
2026-08-01 14:19:56 PulseDaemon: telemetry read via daemon (16 path(s))
2026-08-01 14:19:57 PulseDaemon: telemetry read via daemon (16 path(s))
2026-08-01 14:19:57 PulseAutoTdp: tgt=90 fps=89.6 jank=0 tail=22ms act=HOLD bn=CPU cpuB=23 cpuPk=74 primePk=74 io=0 gpuB=75 gpuL=16 capped=0 prk=0 stl=0 draw=5.69W cT=48 gT=46 caps%[0:35,2:55,5:35,7:35,-100:40] curMHz[0:787,2:1708,5:1075,7:1017] gpu=231 gcap=422[10/13] lrn=100
2026-08-01 14:19:58 PulseDaemon: cap write via daemon (2 node(s))
2026-08-01 14:19:58 PulseDaemon: cap write via daemon (2 node(s))
2026-08-01 14:19:59 PulseDaemon: telemetry read via daemon (16 path(s))
2026-08-01 14:20:00 PulseDaemon: telemetry read via daemon (16 path(s))
2026-08-01 14:20:01 PulseAutoTdp: tgt=90 fps=90.0 jank=0 tail=11ms act=HOLD bn=CPU cpuB=19 cpuPk=60 primePk=60 io=0 gpuB=60 gpuL=13 capped=0 prk=0 stl=0 draw=3.58W cT=46 gT=45 caps%[0:35,2:55,5:35,7:35,-100:40] curMHz[0:787,2:1708,5:1075,7:1017] mn/mx[0:364/787,2:499/1708,5:499/1075,7:480/1017] gpu=231 gcap=422[10/13] lrn=100
2026-08-01 14:20:01 PulseDaemon: cap write via daemon (2 node(s))
2026-08-01 14:20:01 PulseDaemon: cap write via daemon (3 node(s))
2026-08-01 14:20:01 PulseDaemon: cap write via daemon (2 node(s))
2026-08-01 14:20:03 PulseDaemon: telemetry read via daemon (16 path(s))
2026-08-01 14:20:04 PulseDaemon: telemetry read via daemon (16 path(s))
2026-08-01 14:20:04 PulseDaemon: cap write via daemon (7 node(s))
2026-08-01 14:20:04 PulseAutoTdp: tgt=90 fps=90.0 jank=0 tail=11ms act=TRIM bn=- cpuB=14 cpuPk=50 primePk=50 io=0 gpuB=30 gpuL=6 capped=0 prk=0 stl=0 draw=4.91W cT=44 gT=44 caps%[0:35,2:50,5:35,7:35,-100:40] curMHz[0:787,2:1708,5:1075,7:1017] gpu=231 gcap=422[10/13] lrn=100
2026-08-01 14:20:04 PulseDaemon: cap write via daemon (2 node(s))
2026-08-01 14:20:04 PulseDaemon: cap write via daemon (3 node(s))
2026-08-01 14:20:04 PulseDaemon: cap write via daemon (2 node(s))
2026-08-01 14:20:06 PulseDaemon: telemetry read via daemon (16 path(s))
2026-08-01 14:20:07 PulseDaemon: telemetry read via daemon (16 path(s))
2026-08-01 14:20:07 PulseAutoTdp: tgt=90 fps=88.8 jank=0 tail=22ms act=HOLD bn=CPU cpuB=26 cpuPk=75 primePk=75 io=0 gpuB=36 gpuL=7 capped=0 prk=0 stl=0 draw=6.24W cT=48 gT=45 caps%[0:35,2:50,5:35,7:35,-100:40] curMHz[0:787,2:1612,5:1075,7:1017] gpu=231 gcap=422[10/13] lrn=100
2026-08-01 14:20:07 PulseDaemon: cap write via daemon (2 node(s))
2026-08-01 14:20:07 PulseDaemon: cap write via daemon (3 node(s))
2026-08-01 14:20:07 PulseDaemon: cap write via daemon (2 node(s))
2026-08-01 14:20:09 PulseDaemon: telemetry read via daemon (16 path(s))
2026-08-01 14:20:10 PulseDaemon: telemetry read via daemon (16 path(s))
2026-08-01 14:20:10 PulseAutoTdp: tgt=90 fps=90.0 jank=0 tail=11ms act=HOLD bn=CPU cpuB=22 cpuPk=67 primePk=67 io=0 gpuB=29 gpuL=6 capped=0 prk=0 stl=0 draw=4.89W cT=47 gT=45 caps%[0:35,2:50,5:35,7:35,-100:40] curMHz[0:787,2:1612,5:1075,7:1017] gpu=231 gcap=422[10/13] lrn=100
2026-08-01 14:20:10 PulseDaemon: cap write via daemon (2 node(s))
2026-08-01 14:20:10 PulseDaemon: cap write via daemon (3 node(s))
2026-08-01 14:20:10 PulseDaemon: cap write via daemon (2 node(s))
2026-08-01 14:20:12 PulseDaemon: telemetry read via daemon (16 path(s))
2026-08-01 14:20:13 PulseDaemon: telemetry read via daemon (16 path(s))
2026-08-01 14:20:13 PulseAutoTdp: tgt=90 fps=90.0 jank=0 tail=11ms act=HOLD bn=- cpuB=13 cpuPk=48 primePk=48 io=0 gpuB=45 gpuL=9 capped=0 prk=0 stl=0 draw=3.31W cT=44 gT=44 caps%[0:35,2:50,5:35,7:35,-100:40] curMHz[0:787,2:1612,5:1075,7:1017] gpu=231 gcap=422[10/13] lrn=100
2026-08-01 14:20:13 PulseDaemon: cap write via daemon (2 node(s))
2026-08-01 14:20:13 PulseDaemon: cap write via daemon (3 node(s))
2026-08-01 14:20:13 PulseDaemon: cap write via daemon (2 node(s))
2026-08-01 14:20:14 PulseDaemon: telemetry read via daemon (16 path(s))
2026-08-01 14:20:16 PulseDaemon: telemetry read via daemon (16 path(s))
2026-08-01 14:20:16 PulseAutoTdp: tgt=90 fps=90.0 jank=0 tail=11ms act=HOLD bn=- cpuB=12 cpuPk=43 primePk=42 io=0 gpuB=24 gpuL=5 capped=0 prk=0 stl=0 draw=3.04W cT=43 gT=44 caps%[0:35,2:50,5:35,7:35,-100:40] curMHz[0:787,2:1612,5:1075,7:1017] gpu=231 gcap=422[10/13] lrn=100
2026-08-01 14:20:16 PulseDaemon: cap write via daemon (2 node(s))
2026-08-01 14:20:16 PulseDaemon: cap write via daemon (3 node(s))
2026-08-01 14:20:16 PulseDaemon: cap write via daemon (2 node(s))
2026-08-01 14:20:17 PulseDaemon: telemetry read via daemon (16 path(s))
2026-08-01 14:20:19 PulseDaemon: telemetry read via daemon (16 path(s))
2026-08-01 14:20:19 PulseAutoTdp: tgt=90 fps=90.0 jank=0 tail=11ms act=HOLD bn=- cpuB=15 cpuPk=54 primePk=54 io=0 gpuB=25 gpuL=5 capped=0 prk=0 stl=0 draw=2.91W cT=44 gT=43 caps%[0:35,2:50,5:35,7:35,-100:40] curMHz[0:787,2:1612,5:1075,7:1017] gpu=231 gcap=422[10/13] lrn=100
2026-08-01 14:20:19 PulseDaemon: cap write via daemon (2 node(s))
2026-08-01 14:20:19 PulseDaemon: cap write via daemon (3 node(s))
2026-08-01 14:20:19 PulseDaemon: cap write via daemon (2 node(s))
2026-08-01 14:20:20 PulseDaemon: telemetry read via daemon (16 path(s))
2026-08-01 14:20:21 PulseDaemon: telemetry read via daemon (16 path(s))
2026-08-01 14:20:21 PulseAutoTdp: tgt=90 fps=90.0 jank=0 tail=11ms act=HOLD bn=- cpuB=13 cpuPk=47 primePk=47 io=0 gpuB=23 gpuL=5 capped=0 prk=0 stl=0 draw=2.79W cT=44 gT=43 caps%[0:35,2:50,5:35,7:35,-100:40] curMHz[0:787,2:1612,5:1075,7:1017] gpu=231 gcap=422[10/13] lrn=100
2026-08-01 14:20:22 PulseDaemon: cap write via daemon (2 node(s))
2026-08-01 14:20:22 PulseDaemon: cap write via daemon (3 node(s))
2026-08-01 14:20:22 PulseDaemon: cap write via daemon (2 node(s))
2026-08-01 14:20:23 PulseDaemon: telemetry read via daemon (16 path(s))
2026-08-01 14:20:24 PulseDaemon: telemetry read via daemon (16 path(s))
2026-08-01 14:20:24 PulseAutoTdp: tgt=90 fps=90.0 jank=0 tail=11ms act=HOLD bn=- cpuB=13 cpuPk=47 primePk=47 io=0 gpuB=24 gpuL=5 capped=0 prk=0 stl=0 draw=2.50W cT=43 gT=43 caps%[0:35,2:50,5:35,7:35,-100:40] curMHz[0:787,2:1612,5:1075,7:1017] gpu=231 gcap=422[10/13] lrn=100
2026-08-01 14:20:24 PulseDaemon: cap write via daemon (2 node(s))
2026-08-01 14:20:24 PulseDaemon: cap write via daemon (3 node(s))
2026-08-01 14:20:25 PulseDaemon: cap write via daemon (2 node(s))
2026-08-01 14:20:26 PulseDaemon: telemetry read via daemon (16 path(s))
2026-08-01 14:20:27 PulseDaemon: telemetry read via daemon (16 path(s))
2026-08-01 14:20:27 PulseAutoTdp: tgt=90 fps=90.0 jank=0 tail=11ms act=HOLD bn=- cpuB=15 cpuPk=57 primePk=57 io=0 gpuB=24 gpuL=5 capped=0 prk=0 stl=0 draw=3.90W cT=44 gT=43 caps%[0:35,2:50,5:35,7:35,-100:40] curMHz[0:787,2:1612,5:1075,7:1017] gpu=231 gcap=422[10/13] lrn=100
2026-08-01 14:20:27 PulseDaemon: cap write via daemon (2 node(s))
2026-08-01 14:20:27 PulseDaemon: cap write via daemon (3 node(s))
2026-08-01 14:20:27 PulseDaemon: cap write via daemon (2 node(s))
2026-08-01 14:20:29 PulseDaemon: telemetry read via daemon (16 path(s))
2026-08-01 14:20:30 PulseDaemon: telemetry read via daemon (16 path(s))
2026-08-01 14:20:30 PulseDaemon: cap write via daemon (7 node(s))
2026-08-01 14:20:30 PulseAutoTdp: AUTOTDP-SESSION tgt=90 bias=EFFICIENT wattCap=0 policies=0:2265600:0,1;2:3148800:2,3,4;5:2956800:5,6;7:3052800:7;-100:1050000:
2026-08-01 14:20:31 PulseAutoTdp: tgt=90 fps=90.0 jank=0 tail=11ms act=TRIM bn=- cpuB=18 cpuPk=63 primePk=63 io=0 gpuB=26 gpuL=5 capped=0 prk=0 stl=0 draw=4.21W cT=44 gT=44 caps%[0:35,2:45,5:35,7:35,-100:40] curMHz[0:787,2:1612,5:1075,7:1017] mn/mx[0:787/787,2:499/1401,5:499/1075,7:480/1017] gpu=231 gcap=422[10/13] lrn=100
2026-08-01 14:20:31 PulseDaemon: cap write via daemon (2 node(s))
2026-08-01 14:20:31 PulseDaemon: cap write via daemon (3 node(s))
2026-08-01 14:20:31 PulseDaemon: cap write via daemon (2 node(s))
2026-08-01 14:20:32 PulseDaemon: telemetry read via daemon (16 path(s))
2026-08-01 14:20:34 PulseDaemon: telemetry read via daemon (16 path(s))
2026-08-01 14:20:34 PulseAutoTdp: tgt=90 fps=90.0 jank=0 tail=11ms act=HOLD bn=- cpuB=13 cpuPk=53 primePk=53 io=0 gpuB=24 gpuL=5 capped=0 prk=0 stl=0 draw=4.17W cT=43 gT=43 caps%[0:35,2:45,5:35,7:35,-100:40] curMHz[0:787,2:1401,5:1075,7:1017] gpu=231 gcap=422[10/13] lrn=100
2026-08-01 14:20:34 PulseDaemon: cap write via daemon (3 node(s))
2026-08-01 14:20:34 PulseDaemon: cap write via daemon (2 node(s))
2026-08-01 14:20:35 PulseDaemon: telemetry read via daemon (16 path(s))
2026-08-01 14:20:37 PulseDaemon: telemetry read via daemon (16 path(s))
2026-08-01 14:20:37 PulseAutoTdp: tgt=90 fps=90.0 jank=0 tail=11ms act=HOLD bn=- cpuB=15 cpuPk=63 primePk=63 io=0 gpuB=28 gpuL=6 capped=0 prk=0 stl=0 draw=3.67W cT=43 gT=43 caps%[0:35,2:45,5:35,7:35,-100:40] curMHz[0:787,2:1401,5:1075,7:1017] gpu=231 gcap=422[10/13] lrn=100
2026-08-01 14:20:37 PulseDaemon: cap write via daemon (2 node(s))
2026-08-01 14:20:37 PulseDaemon: cap write via daemon (3 node(s))
2026-08-01 14:20:37 PulseDaemon: cap write via daemon (2 node(s))
2026-08-01 14:20:38 PulseDaemon: telemetry read via daemon (16 path(s))
2026-08-01 14:20:40 PulseDaemon: telemetry read via daemon (16 path(s))
2026-08-01 14:20:40 PulseAutoTdp: tgt=90 fps=90.0 jank=0 tail=11ms act=HOLD bn=- cpuB=14 cpuPk=57 primePk=57 io=0 gpuB=22 gpuL=4 capped=0 prk=0 stl=0 draw=3.10W cT=43 gT=43 caps%[0:35,2:45,5:35,7:35,-100:40] curMHz[0:787,2:1401,5:1075,7:1017] gpu=231 gcap=422[10/13] lrn=100
2026-08-01 14:20:40 PulseDaemon: cap write via daemon (2 node(s))
2026-08-01 14:20:40 PulseDaemon: cap write via daemon (3 node(s))
2026-08-01 14:20:40 PulseDaemon: cap write via daemon (2 node(s))
2026-08-01 14:20:41 PulseDaemon: telemetry read via daemon (16 path(s))
2026-08-01 14:20:42 PulseDaemon: telemetry read via daemon (16 path(s))
2026-08-01 14:20:43 PulseAutoTdp: tgt=90 fps=90.0 jank=0 tail=11ms act=HOLD bn=- cpuB=16 cpuPk=63 primePk=63 io=0 gpuB=28 gpuL=6 capped=0 prk=0 stl=0 draw=3.63W cT=43 gT=43 caps%[0:35,2:45,5:35,7:35,-100:40] curMHz[0:787,2:1401,5:1075,7:1017] gpu=231 gcap=422[10/13] lrn=100
2026-08-01 14:20:43 PulseDaemon: cap write via daemon (2 node(s))
2026-08-01 14:20:43 PulseDaemon: cap write via daemon (3 node(s))
2026-08-01 14:20:43 PulseDaemon: cap write via daemon (2 node(s))
2026-08-01 14:20:44 PulseDaemon: telemetry read via daemon (16 path(s))
2026-08-01 14:20:45 PulseDaemon: telemetry read via daemon (16 path(s))
2026-08-01 14:20:45 PulseAutoTdp: tgt=90 fps=90.0 jank=0 tail=11ms act=HOLD bn=- cpuB=15 cpuPk=55 primePk=53 io=0 gpuB=35 gpuL=7 capped=0 prk=0 stl=0 draw=3.68W cT=43 gT=43 caps%[0:35,2:45,5:35,7:35,-100:40] curMHz[0:787,2:1401,5:1075,7:1017] gpu=231 gcap=422[10/13] lrn=100
2026-08-01 14:20:46 PulseDaemon: cap write via daemon (2 node(s))
2026-08-01 14:20:46 PulseDaemon: cap write via daemon (3 node(s))
2026-08-01 14:20:46 PulseDaemon: cap write via daemon (2 node(s))
2026-08-01 14:20:47 PulseDaemon: telemetry read via daemon (16 path(s))
2026-08-01 14:20:48 PulseDaemon: telemetry read via daemon (16 path(s))
2026-08-01 14:20:48 PulseAutoTdp: tgt=90 fps=90.0 jank=0 tail=11ms act=HOLD bn=CPU cpuB=16 cpuPk=65 primePk=65 io=0 gpuB=48 gpuL=10 capped=0 prk=0 stl=0 draw=4.69W cT=44 gT=43 caps%[0:35,2:45,5:35,7:35,-100:40] curMHz[0:787,2:1401,5:1075,7:1017] gpu=231 gcap=422[10/13] lrn=100
2026-08-01 14:20:48 PulseDaemon: cap write via daemon (2 node(s))
2026-08-01 14:20:49 PulseDaemon: cap write via daemon (3 node(s))
2026-08-01 14:20:49 PulseDaemon: cap write via daemon (2 node(s))
2026-08-01 14:20:50 PulseDaemon: telemetry read via daemon (16 path(s))
2026-08-01 14:20:51 PulseDaemon: telemetry read via daemon (16 path(s))
2026-08-01 14:20:51 PulseAutoTdp: tgt=90 fps=90.0 jank=0 tail=11ms act=HOLD bn=CPU cpuB=16 cpuPk=65 primePk=65 io=0 gpuB=60 gpuL=13 capped=0 prk=0 stl=0 draw=4.73W cT=44 gT=44 caps%[0:35,2:45,5:35,7:35,-100:40] curMHz[0:787,2:1401,5:1075,7:1017] gpu=231 gcap=422[10/13] lrn=100
2026-08-01 14:20:51 PulseDaemon: cap write via daemon (2 node(s))
2026-08-01 14:20:51 PulseDaemon: cap write via daemon (3 node(s))
2026-08-01 14:20:52 PulseDaemon: cap write via daemon (2 node(s))
2026-08-01 14:20:53 PulseDaemon: telemetry read via daemon (16 path(s))
2026-08-01 14:20:54 PulseDaemon: telemetry read via daemon (16 path(s))
2026-08-01 14:20:54 PulseAutoTdp: tgt=90 fps=90.0 jank=0 tail=11ms act=HOLD bn=- cpuB=13 cpuPk=53 primePk=53 io=0 gpuB=30 gpuL=6 capped=0 prk=0 stl=0 draw=3.45W cT=43 gT=43 caps%[0:35,2:45,5:35,7:35,-100:40] curMHz[0:787,2:1401,5:1075,7:1017] gpu=231 gcap=422[10/13] lrn=100
2026-08-01 14:20:54 PulseDaemon: cap write via daemon (2 node(s))
2026-08-01 14:20:54 PulseDaemon: cap write via daemon (3 node(s))
2026-08-01 14:20:54 PulseDaemon: cap write via daemon (2 node(s))
2026-08-01 14:20:56 PulseDaemon: telemetry read via daemon (16 path(s))
2026-08-01 14:20:57 PulseDaemon: telemetry read via daemon (16 path(s))
2026-08-01 14:20:57 PulseAutoTdp: tgt=90 fps=90.0 jank=0 tail=11ms act=HOLD bn=- cpuB=13 cpuPk=52 primePk=52 io=0 gpuB=23 gpuL=5 capped=0 prk=0 stl=0 draw=3.90W cT=43 gT=43 caps%[0:35,2:45,5:35,7:35,-100:40] curMHz[0:787,2:1401,5:1075,7:1017] gpu=231 gcap=422[10/13] lrn=100
2026-08-01 14:20:57 PulseDaemon: cap write via daemon (2 node(s))
2026-08-01 14:20:57 PulseDaemon: cap write via daemon (3 node(s))
2026-08-01 14:20:57 PulseDaemon: cap write via daemon (2 node(s))
2026-08-01 14:20:59 PulseDaemon: telemetry read via daemon (16 path(s))
2026-08-01 14:21:00 PulseDaemon: telemetry read via daemon (16 path(s))
2026-08-01 14:21:01 PulseAutoTdp: tgt=90 fps=90.0 jank=0 tail=11ms act=HOLD bn=- cpuB=12 cpuPk=46 primePk=46 io=0 gpuB=25 gpuL=5 capped=0 prk=0 stl=0 draw=3.22W cT=43 gT=43 caps%[0:35,2:45,5:35,7:35,-100:40] curMHz[0:787,2:1401,5:1075,7:1017] mn/mx[0:787/787,2:499/1401,5:499/1075,7:480/1017] gpu=231 gcap=422[10/13] lrn=100
2026-08-01 14:21:01 PulseDaemon: cap write via daemon (2 node(s))
2026-08-01 14:21:01 PulseDaemon: cap write via daemon (3 node(s))
2026-08-01 14:21:01 PulseDaemon: cap write via daemon (2 node(s))
2026-08-01 14:21:02 PulseDaemon: telemetry read via daemon (16 path(s))
2026-08-01 14:21:04 PulseDaemon: telemetry read via daemon (16 path(s))
2026-08-01 14:21:04 PulseAutoTdp: tgt=90 fps=90.0 jank=0 tail=11ms act=HOLD bn=- cpuB=16 cpuPk=63 primePk=63 io=0 gpuB=55 gpuL=12 capped=0 prk=0 stl=0 draw=4.72W cT=44 gT=43 caps%[0:35,2:45,5:35,7:35,-100:40] curMHz[0:787,2:1401,5:1075,7:1017] gpu=231 gcap=422[10/13] lrn=100
2026-08-01 14:21:04 PulseDaemon: cap write via daemon (2 node(s))
2026-08-01 14:21:04 PulseDaemon: cap write via daemon (3 node(s))
2026-08-01 14:21:04 PulseDaemon: cap write via daemon (2 node(s))
2026-08-01 14:21:05 PulseDaemon: telemetry read via daemon (16 path(s))
2026-08-01 14:21:06 PulseDaemon: telemetry read via daemon (16 path(s))
2026-08-01 14:21:07 PulseAutoTdp: tgt=90 fps=90.0 jank=0 tail=11ms act=HOLD bn=- cpuB=13 cpuPk=50 primePk=50 io=0 gpuB=31 gpuL=6 capped=0 prk=0 stl=0 draw=3.45W cT=43 gT=43 caps%[0:35,2:45,5:35,7:35,-100:40] curMHz[0:787,2:1401,5:1075,7:1017] gpu=231 gcap=422[10/13] lrn=100
2026-08-01 14:21:07 PulseDaemon: cap write via daemon (2 node(s))
2026-08-01 14:21:07 PulseDaemon: cap write via daemon (3 node(s))
2026-08-01 14:21:07 PulseDaemon: cap write via daemon (2 node(s))
2026-08-01 14:21:08 PulseDaemon: telemetry read via daemon (16 path(s))
2026-08-01 14:21:09 PulseDaemon: telemetry read via daemon (16 path(s))
2026-08-01 14:21:09 PulseAutoTdp: tgt=90 fps=90.0 jank=0 tail=11ms act=HOLD bn=- cpuB=13 cpuPk=51 primePk=51 io=0 gpuB=22 gpuL=4 capped=0 prk=0 stl=0 draw=4.47W cT=43 gT=43 caps%[0:35,2:45,5:35,7:35,-100:40] curMHz[0:787,2:1401,5:1075,7:1017] gpu=231 gcap=422[10/13] lrn=100
2026-08-01 14:21:10 PulseDaemon: cap write via daemon (2 node(s))
2026-08-01 14:21:10 PulseDaemon: cap write via daemon (3 node(s))
2026-08-01 14:21:10 PulseDaemon: cap write via daemon (2 node(s))
2026-08-01 14:21:11 PulseDaemon: telemetry read via daemon (16 path(s))
2026-08-01 14:21:12 PulseDaemon: telemetry read via daemon (16 path(s))
2026-08-01 14:21:12 PulseAutoTdp: tgt=90 fps=90.0 jank=0 tail=11ms act=HOLD bn=- cpuB=12 cpuPk=47 primePk=47 io=0 gpuB=23 gpuL=5 capped=0 prk=0 stl=0 draw=3.08W cT=43 gT=42 caps%[0:35,2:45,5:35,7:35,-100:40] curMHz[0:787,2:1401,5:1075,7:1017] gpu=231 gcap=422[10/13] lrn=100
2026-08-01 14:21:12 PulseDaemon: cap write via xsu fallback (2 node(s), ~413 chars, chunked)
2026-08-01 14:21:13 PulseDaemon: cap write via daemon (3 node(s))
2026-08-01 14:21:13 PulseDaemon: cap write via daemon (2 node(s))
2026-08-01 14:21:14 PulseDaemon: telemetry read via daemon (16 path(s))
2026-08-01 14:21:15 PulseDaemon: telemetry read via daemon (16 path(s))
2026-08-01 14:21:15 PulseAutoTdp: AUTOTDP-SESSION tgt=90 bias=EFFICIENT wattCap=0 policies=0:2265600:0,1;2:3148800:2,3,4;5:2956800:5,6;7:3052800:7;-100:1050000:
2026-08-01 14:21:15 PulseAutoTdp: tgt=90 fps=90.0 jank=0 tail=11ms act=HOLD bn=- cpuB=14 cpuPk=52 primePk=47 io=0 gpuB=24 gpuL=5 capped=0 prk=0 stl=0 draw=3.48W cT=43 gT=42 caps%[0:35,2:45,5:35,7:35,-100:40] curMHz[0:787,2:1401,5:1075,7:1017] gpu=231 gcap=422[10/13] lrn=100
2026-08-01 14:21:15 PulseDaemon: cap write via daemon (2 node(s))
2026-08-01 14:21:15 PulseDaemon: cap write via daemon (3 node(s))
2026-08-01 14:21:16 PulseDaemon: cap write via daemon (2 node(s))
2026-08-01 14:21:17 PulseDaemon: telemetry read via daemon (16 path(s))
2026-08-01 14:21:18 PulseDaemon: telemetry read via daemon (16 path(s))
2026-08-01 14:21:19 PulseDaemon: cap write via daemon (7 node(s))
2026-08-01 14:21:19 PulseAutoTdp: tgt=90 fps=84.6 jank=0 tail=22ms act=RAISE bn=CPU cpuB=30 cpuPk=90 primePk=90 io=0 gpuB=57 gpuL=12 capped=0 prk=0 stl=0 draw=5.54W cT=46 gT=44 caps%[0:35,2:50,5:35,7:35,-100:40] curMHz[0:787,2:1401,5:1075,7:1017] gpu=231 gcap=422[10/13] lrn=100
2026-08-01 14:21:19 PulseDaemon: cap write via daemon (2 node(s))
2026-08-01 14:21:19 PulseDaemon: cap write via daemon (3 node(s))
2026-08-01 14:21:19 PulseDaemon: cap write via daemon (2 node(s))
2026-08-01 14:21:20 PulseDaemon: telemetry read via daemon (16 path(s))
2026-08-01 14:21:22 PulseDaemon: telemetry read via daemon (16 path(s))
2026-08-01 14:21:22 PulseAutoTdp: tgt=90 fps=90.0 jank=0 tail=11ms act=HOLD bn=CPU cpuB=27 cpuPk=81 primePk=81 io=0 gpuB=46 gpuL=10 capped=0 prk=0 stl=0 draw=4.19W cT=45 gT=44 caps%[0:35,2:50,5:35,7:35,-100:40] curMHz[0:787,2:1612,5:1075,7:1017] gpu=231 gcap=422[10/13] lrn=100
2026-08-01 14:21:22 PulseDaemon: cap write via daemon (2 node(s))
2026-08-01 14:21:22 PulseDaemon: cap write via daemon (3 node(s))
2026-08-01 14:21:22 PulseDaemon: cap write via daemon (2 node(s))
2026-08-01 14:21:23 PulseDaemon: telemetry read via daemon (16 path(s))
2026-08-01 14:21:24 PulseDaemon: telemetry read via daemon (16 path(s))
2026-08-01 14:21:25 PulseAutoTdp: tgt=90 fps=90.0 jank=0 tail=11ms act=HOLD bn=CPU cpuB=17 cpuPk=58 primePk=58 io=0 gpuB=24 gpuL=5 capped=0 prk=0 stl=0 draw=3.85W cT=44 gT=43 caps%[0:35,2:50,5:35,7:35,-100:40] curMHz[0:787,2:1612,5:1075,7:1017] gpu=231 gcap=422[10/13] lrn=100
2026-08-01 14:21:25 PulseDaemon: cap write via daemon (2 node(s))
2026-08-01 14:21:25 PulseDaemon: cap write via daemon (3 node(s))
2026-08-01 14:21:25 PulseDaemon: cap write via daemon (2 node(s))
2026-08-01 14:21:26 PulseDaemon: telemetry read via daemon (16 path(s))
2026-08-01 14:21:27 PulseDaemon: telemetry read via daemon (16 path(s))
2026-08-01 14:21:28 PulseDaemon: cap write via daemon (7 node(s))
2026-08-01 14:21:28 PulseAutoTdp: tgt=90 fps=90.0 jank=0 tail=11ms act=TRIM bn=- cpuB=15 cpuPk=52 primePk=52 io=0 gpuB=22 gpuL=4 capped=0 prk=0 stl=0 draw=3.32W cT=44 gT=43 caps%[0:35,2:45,5:35,7:35,-100:40] curMHz[0:787,2:1612,5:1075,7:1017] gpu=231 gcap=422[10/13] lrn=100
2026-08-01 14:21:28 PulseDaemon: cap write via daemon (2 node(s))
2026-08-01 14:21:28 PulseDaemon: cap write via daemon (3 node(s))
2026-08-01 14:21:28 PulseDaemon: cap write via daemon (2 node(s))
2026-08-01 14:21:29 PulseDaemon: telemetry read via daemon (16 path(s))
2026-08-01 14:21:30 PulseDaemon: telemetry read via daemon (16 path(s))
2026-08-01 14:21:31 PulseAutoTdp: tgt=90 fps=90.0 jank=0 tail=11ms act=HOLD bn=- cpuB=13 cpuPk=52 primePk=52 io=0 gpuB=22 gpuL=4 capped=0 prk=0 stl=0 draw=3.31W cT=43 gT=43 caps%[0:35,2:45,5:35,7:35,-100:40] curMHz[0:787,2:1401,5:1075,7:1017] mn/mx[0:787/787,2:499/1401,5:499/1075,7:480/1017] gpu=231 gcap=422[10/13] lrn=100
2026-08-01 14:21:31 PulseDaemon: cap write via daemon (2 node(s))
2026-08-01 14:21:31 PulseDaemon: cap write via daemon (3 node(s))
2026-08-01 14:21:31 PulseDaemon: cap write via daemon (2 node(s))
2026-08-01 14:21:33 PulseDaemon: telemetry read via daemon (16 path(s))
2026-08-01 14:21:34 PulseDaemon: telemetry read via daemon (16 path(s))
2026-08-01 14:21:34 PulseAutoTdp: tgt=90 fps=90.0 jank=0 tail=11ms act=HOLD bn=- cpuB=12 cpuPk=46 primePk=46 io=0 gpuB=21 gpuL=4 capped=0 prk=0 stl=0 draw=3.21W cT=42 gT=43 caps%[0:35,2:45,5:35,7:35,-100:40] curMHz[0:787,2:1401,5:1075,7:1017] gpu=231 gcap=422[10/13] lrn=100
2026-08-01 14:21:34 PulseDaemon: cap write via daemon (2 node(s))
2026-08-01 14:21:34 PulseDaemon: cap write via daemon (3 node(s))
2026-08-01 14:21:34 PulseDaemon: cap write via daemon (2 node(s))
2026-08-01 14:21:36 PulseDaemon: telemetry read via daemon (16 path(s))
2026-08-01 14:21:37 PulseDaemon: telemetry read via daemon (16 path(s))
2026-08-01 14:21:37 PulseAutoTdp: tgt=90 fps=90.0 jank=0 tail=11ms act=HOLD bn=- cpuB=13 cpuPk=50 primePk=50 io=0 gpuB=22 gpuL=4 capped=0 prk=0 stl=0 draw=4.22W cT=43 gT=43 caps%[0:35,2:45,5:35,7:35,-100:40] curMHz[0:787,2:1401,5:1075,7:1017] gpu=231 gcap=422[10/13] lrn=100
2026-08-01 14:21:37 PulseDaemon: cap write via daemon (2 node(s))
2026-08-01 14:21:37 PulseDaemon: cap write via daemon (3 node(s))
2026-08-01 14:21:37 PulseDaemon: cap write via daemon (2 node(s))
2026-08-01 14:21:38 PulseDaemon: telemetry read via daemon (16 path(s))
2026-08-01 14:21:40 PulseDaemon: telemetry read via daemon (16 path(s))
2026-08-01 14:21:40 PulseAutoTdp: tgt=90 fps=90.0 jank=0 tail=11ms act=HOLD bn=- cpuB=13 cpuPk=47 primePk=47 io=0 gpuB=22 gpuL=4 capped=0 prk=0 stl=0 draw=3.44W cT=42 gT=43 caps%[0:35,2:45,5:35,7:35,-100:40] curMHz[0:787,2:1401,5:1075,7:1017] gpu=231 gcap=422[10/13] lrn=100
2026-08-01 14:21:40 PulseDaemon: cap write via daemon (2 node(s))
2026-08-01 14:21:40 PulseDaemon: cap write via daemon (3 node(s))
2026-08-01 14:21:40 PulseDaemon: cap write via daemon (2 node(s))
2026-08-01 14:21:41 PulseDaemon: telemetry read via daemon (16 path(s))
2026-08-01 14:21:43 PulseDaemon: telemetry read via daemon (16 path(s))
2026-08-01 14:21:43 PulseAutoTdp: tgt=90 fps=90.0 jank=0 tail=11ms act=HOLD bn=- cpuB=12 cpuPk=48 primePk=48 io=0 gpuB=22 gpuL=4 capped=0 prk=0 stl=0 draw=4.30W cT=43 gT=43 caps%[0:35,2:45,5:35,7:35,-100:40] curMHz[0:787,2:1401,5:1075,7:1017] gpu=231 gcap=422[10/13] lrn=100
2026-08-01 14:21:43 PulseDaemon: cap write via daemon (2 node(s))
2026-08-01 14:21:43 PulseDaemon: cap write via daemon (3 node(s))
2026-08-01 14:21:43 PulseDaemon: cap write via daemon (2 node(s))
2026-08-01 14:21:44 PulseDaemon: telemetry read via daemon (16 path(s))
2026-08-01 14:21:45 PulseDaemon: telemetry read via daemon (16 path(s))
2026-08-01 14:21:46 PulseAutoTdp: tgt=90 fps=90.0 jank=0 tail=11ms act=HOLD bn=- cpuB=14 cpuPk=60 primePk=60 io=0 gpuB=21 gpuL=4 capped=0 prk=0 stl=0 draw=3.33W cT=42 gT=43 caps%[0:35,2:45,5:35,7:35,-100:40] curMHz[0:787,2:1401,5:1075,7:1017] gpu=231 gcap=422[10/13] lrn=100
2026-08-01 14:21:46 PulseDaemon: cap write via daemon (2 node(s))
2026-08-01 14:21:46 PulseDaemon: cap write via daemon (3 node(s))
2026-08-01 14:21:46 PulseDaemon: cap write via daemon (2 node(s))
2026-08-01 14:21:47 PulseDaemon: telemetry read via daemon (16 path(s))
2026-08-01 14:21:48 PulseDaemon: telemetry read via daemon (16 path(s))
2026-08-01 14:21:49 PulseAutoTdp: tgt=90 fps=90.0 jank=0 tail=11ms act=HOLD bn=- cpuB=15 cpuPk=60 primePk=60 io=0 gpuB=21 gpuL=4 capped=0 prk=0 stl=0 draw=3.96W cT=43 gT=43 caps%[0:35,2:45,5:35,7:35,-100:40] curMHz[0:787,2:1401,5:1075,7:1017] gpu=231 gcap=422[10/13] lrn=100
2026-08-01 14:21:49 PulseDaemon: cap write via daemon (2 node(s))
2026-08-01 14:21:49 PulseDaemon: cap write via daemon (3 node(s))
2026-08-01 14:21:49 PulseDaemon: cap write via daemon (2 node(s))
2026-08-01 14:21:50 PulseDaemon: telemetry read via daemon (16 path(s))
2026-08-01 14:21:51 PulseDaemon: telemetry read via daemon (16 path(s))
2026-08-01 14:21:51 PulseAutoTdp: tgt=90 fps=90.0 jank=0 tail=11ms act=HOLD bn=- cpuB=15 cpuPk=59 primePk=59 io=0 gpuB=22 gpuL=4 capped=0 prk=0 stl=0 draw=4.75W cT=43 gT=43 caps%[0:35,2:45,5:35,7:35,-100:40] curMHz[0:787,2:1401,5:1075,7:1017] gpu=231 gcap=422[10/13] lrn=100
2026-08-01 14:21:52 PulseDaemon: cap write via daemon (2 node(s))
2026-08-01 14:21:52 PulseDaemon: cap write via daemon (3 node(s))
2026-08-01 14:21:52 PulseDaemon: cap write via daemon (2 node(s))
2026-08-01 14:21:53 PulseDaemon: telemetry read via daemon (16 path(s))
2026-08-01 14:21:54 PulseDaemon: telemetry read via daemon (16 path(s))
2026-08-01 14:21:54 PulseAutoTdp: tgt=90 fps=90.0 jank=0 tail=11ms act=HOLD bn=- cpuB=16 cpuPk=58 primePk=58 io=0 gpuB=50 gpuL=11 capped=0 prk=0 stl=0 draw=4.19W cT=43 gT=43 caps%[0:35,2:45,5:35,7:35,-100:40] curMHz[0:787,2:1401,5:1075,7:1017] gpu=231 gcap=422[10/13] lrn=100
2026-08-01 14:21:54 PulseDaemon: cap write via daemon (2 node(s))
2026-08-01 14:21:55 PulseDaemon: cap write via daemon (3 node(s))
2026-08-01 14:21:55 PulseDaemon: cap write via daemon (2 node(s))
2026-08-01 14:21:56 PulseDaemon: telemetry read via daemon (16 path(s))
2026-08-01 14:21:57 PulseDaemon: telemetry read via daemon (16 path(s))
2026-08-01 14:21:57 PulseAutoTdp: tgt=90 fps=90.0 jank=0 tail=11ms act=HOLD bn=- cpuB=14 cpuPk=53 primePk=53 io=0 gpuB=29 gpuL=6 capped=0 prk=0 stl=0 draw=3.35W cT=43 gT=43 caps%[0:35,2:45,5:35,7:35,-100:40] curMHz[0:787,2:1401,5:1075,7:1017] gpu=231 gcap=422[10/13] lrn=100
2026-08-01 14:21:57 PulseDaemon: cap write via daemon (2 node(s))
2026-08-01 14:21:57 PulseDaemon: cap write via daemon (3 node(s))
2026-08-01 14:21:57 PulseDaemon: cap write via daemon (2 node(s))
2026-08-01 14:21:59 PulseDaemon: telemetry read via daemon (16 path(s))
2026-08-01 14:22:00 PulseDaemon: telemetry read via daemon (16 path(s))
2026-08-01 14:22:00 PulseDaemon: cap write via daemon (7 node(s))
2026-08-01 14:22:00 PulseAutoTdp: AUTOTDP-SESSION tgt=90 bias=EFFICIENT wattCap=0 policies=0:2265600:0,1;2:3148800:2,3,4;5:2956800:5,6;7:3052800:7;-100:1050000:
2026-08-01 14:22:01 PulseAutoTdp: tgt=90 fps=90.0 jank=0 tail=11ms act=TRIM bn=- cpuB=14 cpuPk=56 primePk=56 io=0 gpuB=28 gpuL=6 capped=0 prk=0 stl=0 draw=3.30W cT=43 gT=43 caps%[0:35,2:40,5:35,7:35,-100:40] curMHz[0:787,2:1401,5:1075,7:1017] mn/mx[0:364/787,2:499/1286,5:499/1075,7:480/1017] gpu=231 gcap=422[10/13] lrn=100
2026-08-01 14:22:01 PulseDaemon: cap write via daemon (2 node(s))
2026-08-01 14:22:01 PulseDaemon: cap write via daemon (3 node(s))
2026-08-01 14:22:01 PulseDaemon: cap write via daemon (2 node(s))
2026-08-01 14:22:03 PulseDaemon: telemetry read via daemon (16 path(s))
2026-08-01 14:22:04 PulseDaemon: telemetry read via daemon (16 path(s))
2026-08-01 14:22:04 PulseAutoTdp: tgt=90 fps=90.0 jank=0 tail=11ms act=HOLD bn=CPU cpuB=18 cpuPk=70 primePk=70 io=0 gpuB=39 gpuL=8 capped=0 prk=0 stl=0 draw=5.55W cT=44 gT=43 caps%[0:35,2:40,5:35,7:35,-100:40] curMHz[0:787,2:1286,5:1075,7:1017] gpu=231 gcap=422[10/13] lrn=100
2026-08-01 14:22:04 PulseDaemon: cap write via daemon (2 node(s))
2026-08-01 14:22:04 PulseDaemon: cap write via daemon (3 node(s))
2026-08-01 14:22:04 PulseDaemon: cap write via daemon (2 node(s))
2026-08-01 14:22:06 PulseDaemon: telemetry read via daemon (16 path(s))
2026-08-01 14:22:07 PulseDaemon: telemetry read via daemon (16 path(s))
2026-08-01 14:22:07 PulseDaemon: cap write via daemon (7 node(s))
2026-08-01 14:22:07 PulseAutoTdp: tgt=90 fps=85.5 jank=1 tail=66ms act=RAISE bn=CPU cpuB=15 cpuPk=63 primePk=63 io=0 gpuB=38 gpuL=8 capped=0 prk=0 stl=0 draw=3.45W cT=44 gT=44 caps%[0:35,2:45,5:35,7:35,-100:40] curMHz[0:787,2:1286,5:1075,7:1017] gpu=231 gcap=422[10/13] lrn=100
2026-08-01 14:22:07 PulseDaemon: cap write via daemon (2 node(s))
2026-08-01 14:22:07 PulseDaemon: cap write via daemon (3 node(s))
2026-08-01 14:22:08 PulseDaemon: cap write via daemon (2 node(s))
2026-08-01 14:22:09 PulseDaemon: telemetry read via daemon (16 path(s))
2026-08-01 14:22:10 PulseDaemon: telemetry read via daemon (16 path(s))
2026-08-01 14:22:10 PulseAutoTdp: tgt=90 fps=90.0 jank=0 tail=11ms act=HOLD bn=CPU cpuB=15 cpuPk=57 primePk=57 io=0 gpuB=35 gpuL=7 capped=0 prk=0 stl=0 draw=5.07W cT=44 gT=43 caps%[0:35,2:45,5:35,7:35,-100:40] curMHz[0:787,2:1401,5:1075,7:1017] gpu=231 gcap=422[10/13] lrn=100
2026-08-01 14:22:10 PulseDaemon: cap write via daemon (2 node(s))
2026-08-01 14:22:10 PulseDaemon: cap write via daemon (3 node(s))
2026-08-01 14:22:10 PulseDaemon: cap write via daemon (2 node(s))
2026-08-01 14:22:12 PulseDaemon: telemetry read via daemon (16 path(s))
2026-08-01 14:22:13 PulseDaemon: telemetry read via daemon (16 path(s))
2026-08-01 14:22:13 PulseAutoTdp: tgt=90 fps=90.0 jank=0 tail=11ms act=HOLD bn=CPU cpuB=17 cpuPk=63 primePk=63 io=0 gpuB=41 gpuL=9 capped=0 prk=0 stl=0 draw=4.27W cT=44 gT=44 caps%[0:35,2:45,5:35,7:35,-100:40] curMHz[0:787,2:1401,5:1075,7:1017] gpu=231 gcap=422[10/13] lrn=100
2026-08-01 14:22:13 PulseDaemon: cap write via daemon (2 node(s))
2026-08-01 14:22:13 PulseDaemon: cap write via daemon (3 node(s))
2026-08-01 14:22:13 PulseDaemon: cap write via daemon (2 node(s))
2026-08-01 14:22:14 PulseDaemon: telemetry read via daemon (16 path(s))
2026-08-01 14:22:16 PulseDaemon: telemetry read via daemon (16 path(s))
2026-08-01 14:22:16 PulseAutoTdp: tgt=90 fps=90.0 jank=0 tail=11ms act=HOLD bn=CPU cpuB=18 cpuPk=62 primePk=62 io=0 gpuB=41 gpuL=9 capped=0 prk=0 stl=0 draw=5.35W cT=44 gT=43 caps%[0:35,2:45,5:35,7:35,-100:40] curMHz[0:787,2:1401,5:1075,7:1017] gpu=231 gcap=422[10/13] lrn=100
2026-08-01 14:22:16 PulseDaemon: cap write via daemon (2 node(s))
2026-08-01 14:22:16 PulseDaemon: cap write via daemon (3 node(s))
2026-08-01 14:22:16 PulseDaemon: cap write via daemon (2 node(s))
2026-08-01 14:22:17 PulseDaemon: telemetry read via daemon (16 path(s))
2026-08-01 14:22:19 PulseDaemon: telemetry read via daemon (16 path(s))
2026-08-01 14:22:19 PulseAutoTdp: tgt=90 fps=90.0 jank=0 tail=11ms act=HOLD bn=CPU cpuB=16 cpuPk=62 primePk=62 io=0 gpuB=57 gpuL=12 capped=0 prk=0 stl=0 draw=4.09W cT=44 gT=44 caps%[0:35,2:45,5:35,7:35,-100:40] curMHz[0:787,2:1401,5:1075,7:1017] gpu=231 gcap=422[10/13] lrn=100
2026-08-01 14:22:19 PulseDaemon: cap write via daemon (2 node(s))
2026-08-01 14:22:19 PulseDaemon: cap write via daemon (3 node(s))
2026-08-01 14:22:19 PulseDaemon: cap write via daemon (2 node(s))
2026-08-01 14:22:20 PulseDaemon: telemetry read via daemon (16 path(s))
2026-08-01 14:22:22 PulseDaemon: telemetry read via daemon (16 path(s))
2026-08-01 14:22:22 PulseAutoTdp: tgt=90 fps=90.0 jank=0 tail=11ms act=HOLD bn=CPU cpuB=15 cpuPk=59 primePk=59 io=0 gpuB=38 gpuL=8 capped=0 prk=0 stl=0 draw=4.16W cT=44 gT=44 caps%[0:35,2:45,5:35,7:35,-100:40] curMHz[0:787,2:1401,5:1075,7:1017] gpu=231 gcap=422[10/13] lrn=100
2026-08-01 14:22:22 PulseDaemon: cap write via daemon (2 node(s))
2026-08-01 14:22:22 PulseDaemon: cap write via daemon (3 node(s))
2026-08-01 14:22:22 PulseDaemon: cap write via daemon (2 node(s))
2026-08-01 14:22:23 PulseDaemon: telemetry read via daemon (16 path(s))
2026-08-01 14:22:25 PulseDaemon: telemetry read via daemon (16 path(s))
2026-08-01 14:22:25 PulseAutoTdp: tgt=90 fps=90.0 jank=0 tail=11ms act=HOLD bn=CPU cpuB=15 cpuPk=62 primePk=62 io=0 gpuB=57 gpuL=12 capped=0 prk=0 stl=0 draw=4.82W cT=44 gT=44 caps%[0:35,2:45,5:35,7:35,-100:40] curMHz[0:787,2:1401,5:1075,7:1017] gpu=231 gcap=422[10/13] lrn=100
2026-08-01 14:22:25 PulseDaemon: cap write via daemon (2 node(s))
2026-08-01 14:22:25 PulseDaemon: cap write via daemon (3 node(s))
2026-08-01 14:22:25 PulseDaemon: cap write via daemon (2 node(s))
2026-08-01 14:22:26 PulseDaemon: telemetry read via daemon (16 path(s))
2026-08-01 14:22:28 PulseDaemon: telemetry read via daemon (16 path(s))
2026-08-01 14:22:28 PulseAutoTdp: tgt=90 fps=90.0 jank=0 tail=11ms act=HOLD bn=CPU cpuB=18 cpuPk=65 primePk=65 io=0 gpuB=58 gpuL=12 capped=0 prk=0 stl=0 draw=5.06W cT=45 gT=44 caps%[0:35,2:45,5:35,7:35,-100:40] curMHz[0:787,2:1401,5:1075,7:1017] gpu=231 gcap=422[10/13] lrn=100
2026-08-01 14:22:28 PulseDaemon: cap write via daemon (2 node(s))
2026-08-01 14:22:28 PulseDaemon: cap write via daemon (3 node(s))
2026-08-01 14:22:28 PulseDaemon: cap write via daemon (2 node(s))
2026-08-01 14:22:29 PulseDaemon: telemetry read via daemon (16 path(s))
2026-08-01 14:22:30 PulseDaemon: telemetry read via daemon (16 path(s))
2026-08-01 14:22:31 PulseAutoTdp: tgt=90 fps=90.0 jank=0 tail=11ms act=HOLD bn=CPU cpuB=17 cpuPk=66 primePk=66 io=0 gpuB=54 gpuL=11 capped=0 prk=0 stl=0 draw=4.16W cT=44 gT=44 caps%[0:35,2:45,5:35,7:35,-100:40] curMHz[0:787,2:1401,5:1075,7:1017] mn/mx[0:787/787,2:499/1401,5:499/1075,7:480/1017] gpu=231 gcap=422[10/13] lrn=100
2026-08-01 14:22:31 PulseDaemon: cap write via daemon (2 node(s))
2026-08-01 14:22:32 PulseDaemon: cap write via daemon (3 node(s))
2026-08-01 14:22:32 PulseDaemon: cap write via daemon (2 node(s))
2026-08-01 14:22:33 PulseDaemon: telemetry read via daemon (16 path(s))
2026-08-01 14:22:34 PulseDaemon: telemetry read via daemon (16 path(s))
2026-08-01 14:22:34 PulseAutoTdp: tgt=90 fps=90.0 jank=0 tail=11ms act=HOLD bn=CPU cpuB=17 cpuPk=65 primePk=65 io=0 gpuB=50 gpuL=11 capped=0 prk=0 stl=0 draw=4.87W cT=44 gT=44 caps%[0:35,2:45,5:35,7:35,-100:40] curMHz[0:787,2:1401,5:1075,7:1017] gpu=231 gcap=422[10/13] lrn=100
2026-08-01 14:22:34 PulseDaemon: cap write via xsu fallback (2 node(s), ~413 chars, chunked)
2026-08-01 14:22:35 PulseDaemon: cap write via daemon (3 node(s))
2026-08-01 14:22:35 PulseDaemon: cap write via daemon (2 node(s))
2026-08-01 14:22:36 PulseDaemon: telemetry read via daemon (16 path(s))
2026-08-01 14:22:37 PulseDaemon: telemetry read via daemon (16 path(s))
2026-08-01 14:22:37 PulseAutoTdp: tgt=90 fps=90.0 jank=0 tail=11ms act=HOLD bn=CPU cpuB=15 cpuPk=59 primePk=59 io=0 gpuB=41 gpuL=9 capped=0 prk=0 stl=0 draw=4.27W cT=44 gT=44 caps%[0:35,2:45,5:35,7:35,-100:40] curMHz[0:787,2:1401,5:1075,7:1017] gpu=231 gcap=422[10/13] lrn=100
2026-08-01 14:22:37 PulseDaemon: cap write via daemon (2 node(s))
2026-08-01 14:22:37 PulseDaemon: cap write via daemon (3 node(s))
2026-08-01 14:22:37 PulseDaemon: cap write via daemon (2 node(s))
2026-08-01 14:22:39 PulseDaemon: telemetry read via daemon (16 path(s))
2026-08-01 14:22:40 PulseDaemon: telemetry read via daemon (16 path(s))
2026-08-01 14:22:40 PulseAutoTdp: tgt=90 fps=90.0 jank=0 tail=11ms act=HOLD bn=CPU cpuB=15 cpuPk=64 primePk=64 io=0 gpuB=51 gpuL=11 capped=0 prk=0 stl=0 draw=4.44W cT=44 gT=44 caps%[0:35,2:45,5:35,7:35,-100:40] curMHz[0:787,2:1401,5:1075,7:1017] gpu=231 gcap=422[10/13] lrn=100
2026-08-01 14:22:40 PulseDaemon: cap write via daemon (2 node(s))
2026-08-01 14:22:40 PulseDaemon: cap write via daemon (3 node(s))
2026-08-01 14:22:40 PulseDaemon: cap write via daemon (2 node(s))
2026-08-01 14:22:42 PulseDaemon: telemetry read via daemon (16 path(s))
2026-08-01 14:22:43 PulseDaemon: telemetry read via daemon (16 path(s))
2026-08-01 14:22:43 PulseAutoTdp: tgt=90 fps=90.0 jank=0 tail=11ms act=HOLD bn=CPU cpuB=17 cpuPk=65 primePk=65 io=0 gpuB=41 gpuL=9 capped=0 prk=0 stl=0 draw=4.03W cT=44 gT=44 caps%[0:35,2:45,5:35,7:35,-100:40] curMHz[0:787,2:1401,5:1075,7:1017] gpu=231 gcap=422[10/13] lrn=100
2026-08-01 14:22:43 PulseDaemon: cap write via daemon (2 node(s))
2026-08-01 14:22:43 PulseDaemon: cap write via daemon (3 node(s))
2026-08-01 14:22:43 PulseDaemon: cap write via daemon (2 node(s))
2026-08-01 14:22:45 PulseDaemon: telemetry read via daemon (16 path(s))
2026-08-01 14:22:46 PulseDaemon: telemetry read via daemon (16 path(s))
2026-08-01 14:22:46 PulseAutoTdp: AUTOTDP-SESSION tgt=90 bias=EFFICIENT wattCap=0 policies=0:2265600:0,1;2:3148800:2,3,4;5:2956800:5,6;7:3052800:7;-100:1050000:
2026-08-01 14:22:46 PulseAutoTdp: tgt=90 fps=90.0 jank=0 tail=11ms act=HOLD bn=CPU cpuB=16 cpuPk=66 primePk=66 io=0 gpuB=58 gpuL=12 capped=0 prk=0 stl=0 draw=3.51W cT=44 gT=44 caps%[0:35,2:45,5:35,7:35,-100:40] curMHz[0:787,2:1401,5:1075,7:1017] gpu=231 gcap=422[10/13] lrn=100
2026-08-01 14:22:46 PulseDaemon: cap write via daemon (2 node(s))
2026-08-01 14:22:46 PulseDaemon: cap write via daemon (3 node(s))
2026-08-01 14:22:46 PulseDaemon: cap write via daemon (2 node(s))
2026-08-01 14:22:48 PulseDaemon: telemetry read via daemon (16 path(s))
2026-08-01 14:22:49 PulseDaemon: telemetry read via daemon (16 path(s))
2026-08-01 14:22:49 PulseAutoTdp: tgt=90 fps=90.0 jank=0 tail=11ms act=HOLD bn=CPU cpuB=15 cpuPk=64 primePk=64 io=0 gpuB=61 gpuL=13 capped=0 prk=0 stl=0 draw=4.22W cT=44 gT=44 caps%[0:35,2:45,5:35,7:35,-100:40] curMHz[0:787,2:1401,5:1075,7:1017] gpu=231 gcap=422[10/13] lrn=100
2026-08-01 14:22:49 PulseDaemon: cap write via daemon (2 node(s))
2026-08-01 14:22:49 PulseDaemon: cap write via daemon (3 node(s))
2026-08-01 14:22:49 PulseDaemon: cap write via daemon (2 node(s))
2026-08-01 14:22:50 PulseDaemon: telemetry read via daemon (16 path(s))
2026-08-01 14:22:52 PulseDaemon: telemetry read via daemon (16 path(s))
2026-08-01 14:22:52 PulseDaemon: cap write via daemon (7 node(s))
2026-08-01 14:22:52 PulseAutoTdp: tgt=90 fps=90.0 jank=0 tail=11ms act=TRIM bn=- cpuB=13 cpuPk=53 primePk=53 io=0 gpuB=27 gpuL=5 capped=0 prk=0 stl=0 draw=4.40W cT=43 gT=44 caps%[0:35,2:40,5:35,7:35,-100:40] curMHz[0:787,2:1401,5:1075,7:1017] gpu=231 gcap=422[10/13] lrn=100
2026-08-01 14:22:52 PulseDaemon: cap write via daemon (2 node(s))
2026-08-01 14:22:52 PulseDaemon: cap write via daemon (3 node(s))
2026-08-01 14:22:52 PulseDaemon: cap write via daemon (2 node(s))
2026-08-01 14:22:54 PulseDaemon: telemetry read via daemon (16 path(s))
2026-08-01 14:22:55 PulseDaemon: telemetry read via daemon (16 path(s))
2026-08-01 14:22:55 PulseAutoTdp: tgt=90 fps=90.0 jank=0 tail=11ms act=HOLD bn=- cpuB=14 cpuPk=62 primePk=62 io=0 gpuB=37 gpuL=8 capped=0 prk=0 stl=0 draw=3.22W cT=43 gT=43 caps%[0:35,2:40,5:35,7:35,-100:40] curMHz[0:787,2:1286,5:1075,7:1017] gpu=231 gcap=422[10/13] lrn=100
2026-08-01 14:22:55 PulseDaemon: cap write via daemon (2 node(s))
2026-08-01 14:22:55 PulseDaemon: cap write via daemon (3 node(s))
2026-08-01 14:22:55 PulseDaemon: cap write via daemon (2 node(s))
2026-08-01 14:22:57 PulseDaemon: telemetry read via daemon (16 path(s))
2026-08-01 14:22:58 PulseDaemon: telemetry read via daemon (16 path(s))
2026-08-01 14:22:58 PulseAutoTdp: tgt=90 fps=90.0 jank=0 tail=11ms act=HOLD bn=CPU cpuB=15 cpuPk=66 primePk=66 io=0 gpuB=45 gpuL=9 capped=0 prk=0 stl=0 draw=3.41W cT=44 gT=44 caps%[0:35,2:40,5:35,7:35,-100:40] curMHz[0:787,2:1286,5:1075,7:1017] gpu=231 gcap=422[10/13] lrn=100
2026-08-01 14:22:58 PulseDaemon: cap write via daemon (2 node(s))
2026-08-01 14:22:58 PulseDaemon: cap write via daemon (3 node(s))
2026-08-01 14:22:58 PulseDaemon: cap write via daemon (2 node(s))
2026-08-01 14:23:00 PulseDaemon: telemetry read via daemon (16 path(s))
2026-08-01 14:23:01 PulseDaemon: telemetry read via daemon (16 path(s))
2026-08-01 14:23:02 PulseAutoTdp: tgt=90 fps=90.0 jank=0 tail=11ms act=HOLD bn=CPU cpuB=15 cpuPk=68 primePk=68 io=0 gpuB=45 gpuL=9 capped=0 prk=0 stl=0 draw=3.51W cT=44 gT=44 caps%[0:35,2:40,5:35,7:35,-100:40] curMHz[0:787,2:1286,5:1075,7:1017] mn/mx[0:787/787,2:499/1286,5:499/1075,7:480/1017] gpu=231 gcap=422[10/13] lrn=100
2026-08-01 14:23:02 PulseDaemon: cap write via daemon (2 node(s))
2026-08-01 14:23:02 PulseDaemon: cap write via daemon (3 node(s))
2026-08-01 14:23:02 PulseDaemon: cap write via daemon (2 node(s))
2026-08-01 14:23:03 PulseDaemon: telemetry read via daemon (16 path(s))
2026-08-01 14:23:05 PulseDaemon: telemetry read via daemon (16 path(s))
2026-08-01 14:23:05 PulseAutoTdp: tgt=90 fps=90.0 jank=0 tail=11ms act=HOLD bn=CPU cpuB=13 cpuPk=62 primePk=62 io=0 gpuB=38 gpuL=8 capped=0 prk=0 stl=0 draw=3.60W cT=43 gT=44 caps%[0:35,2:40,5:35,7:35,-100:40] curMHz[0:787,2:1286,5:1075,7:1017] gpu=231 gcap=422[10/13] lrn=100
2026-08-01 14:23:05 PulseDaemon: cap write via daemon (2 node(s))
2026-08-01 14:23:05 PulseDaemon: cap write via daemon (3 node(s))
2026-08-01 14:23:05 PulseDaemon: cap write via daemon (2 node(s))
2026-08-01 14:23:06 PulseDaemon: telemetry read via daemon (16 path(s))
2026-08-01 14:23:08 PulseDaemon: telemetry read via daemon (16 path(s))
2026-08-01 14:23:08 PulseAutoTdp: tgt=90 fps=90.0 jank=0 tail=11ms act=HOLD bn=CPU cpuB=13 cpuPk=55 primePk=55 io=0 gpuB=24 gpuL=5 capped=0 prk=0 stl=0 draw=3.30W cT=43 gT=44 caps%[0:35,2:40,5:35,7:35,-100:40] curMHz[0:787,2:1286,5:1075,7:1017] gpu=231 gcap=422[10/13] lrn=100
2026-08-01 14:23:08 PulseDaemon: cap write via xsu fallback (2 node(s), ~413 chars, chunked)
2026-08-01 14:23:08 PulseDaemon: cap write via daemon (3 node(s))
2026-08-01 14:23:08 PulseDaemon: cap write via daemon (2 node(s))
2026-08-01 14:23:09 PulseDaemon: telemetry read via daemon (16 path(s))
2026-08-01 14:23:11 PulseDaemon: telemetry read via daemon (16 path(s))
2026-08-01 14:23:11 PulseAutoTdp: tgt=90 fps=90.0 jank=0 tail=11ms act=HOLD bn=CPU cpuB=16 cpuPk=68 primePk=68 io=0 gpuB=61 gpuL=13 capped=0 prk=0 stl=0 draw=3.60W cT=43 gT=44 caps%[0:35,2:40,5:35,7:35,-100:40] curMHz[0:787,2:1286,5:1075,7:1017] gpu=231 gcap=422[10/13] lrn=100
2026-08-01 14:23:11 PulseDaemon: cap write via daemon (2 node(s))
2026-08-01 14:23:11 PulseDaemon: cap write via daemon (3 node(s))
2026-08-01 14:23:11 PulseDaemon: cap write via daemon (2 node(s))
2026-08-01 14:23:12 PulseDaemon: telemetry read via daemon (16 path(s))
2026-08-01 14:23:14 PulseDaemon: telemetry read via daemon (16 path(s))
2026-08-01 14:23:14 PulseAutoTdp: tgt=90 fps=90.0 jank=0 tail=11ms act=HOLD bn=CPU cpuB=15 cpuPk=66 primePk=66 io=0 gpuB=54 gpuL=11 capped=0 prk=0 stl=0 draw=3.94W cT=44 gT=44 caps%[0:35,2:40,5:35,7:35,-100:40] curMHz[0:787,2:1286,5:1075,7:1017] gpu=231 gcap=422[10/13] lrn=100
2026-08-01 14:23:14 PulseDaemon: cap write via daemon (2 node(s))
2026-08-01 14:23:14 PulseDaemon: cap write via daemon (3 node(s))
2026-08-01 14:23:14 PulseDaemon: cap write via daemon (2 node(s))
2026-08-01 14:23:15 PulseDaemon: telemetry read via daemon (16 path(s))
2026-08-01 14:23:16 PulseDaemon: telemetry read via daemon (16 path(s))
2026-08-01 14:23:17 PulseAutoTdp: tgt=90 fps=90.0 jank=0 tail=11ms act=HOLD bn=CPU cpuB=13 cpuPk=57 primePk=57 io=0 gpuB=29 gpuL=6 capped=0 prk=0 stl=0 draw=4.48W cT=43 gT=44 caps%[0:35,2:40,5:35,7:35,-100:40] curMHz[0:787,2:1286,5:1075,7:1017] gpu=231 gcap=422[10/13] lrn=100
2026-08-01 14:23:17 PulseDaemon: cap write via daemon (2 node(s))
2026-08-01 14:23:18 PulseDaemon: telemetry read via daemon (16 path(s))
2026-08-01 14:23:19 PulseDaemon: telemetry read via daemon (16 path(s))
2026-08-01 14:23:19 PulseAutoTdp: tgt=90 fps=90.0 jank=0 tail=11ms act=HOLD bn=- cpuB=12 cpuPk=50 primePk=50 io=0 gpuB=24 gpuL=5 capped=0 prk=0 stl=0 draw=3.20W cT=43 gT=43 caps%[0:35,2:40,5:35,7:35,-100:40] curMHz[0:787,2:1286,5:1075,7:1017] gpu=231 gcap=422[10/13] lrn=100
2026-08-01 14:23:19 PulseDaemon: cap write via daemon (2 node(s))
2026-08-01 14:23:20 PulseDaemon: cap write via daemon (3 node(s))
2026-08-01 14:23:20 PulseDaemon: cap write via daemon (2 node(s))
2026-08-01 14:23:21 PulseDaemon: telemetry read via daemon (16 path(s))
2026-08-01 14:23:22 PulseDaemon: telemetry read via daemon (16 path(s))
2026-08-01 14:23:22 PulseAutoTdp: tgt=90 fps=90.0 jank=0 tail=11ms act=HOLD bn=- cpuB=12 cpuPk=48 primePk=48 io=0 gpuB=25 gpuL=5 capped=0 prk=0 stl=0 draw=3.36W cT=43 gT=43 caps%[0:35,2:40,5:35,7:35,-100:40] curMHz[0:787,2:1286,5:1075,7:1017] gpu=231 gcap=422[10/13] lrn=100
2026-08-01 14:23:22 PulseDaemon: cap write via daemon (2 node(s))
2026-08-01 14:23:23 PulseDaemon: cap write via daemon (3 node(s))
2026-08-01 14:23:23 PulseDaemon: cap write via daemon (2 node(s))
2026-08-01 14:23:24 PulseDaemon: telemetry read via daemon (16 path(s))
2026-08-01 14:23:25 PulseDaemon: telemetry read via daemon (16 path(s))
2026-08-01 14:23:25 PulseAutoTdp: tgt=90 fps=90.0 jank=0 tail=11ms act=HOLD bn=- cpuB=11 cpuPk=47 primePk=47 io=0 gpuB=30 gpuL=6 capped=0 prk=0 stl=0 draw=2.58W cT=43 gT=43 caps%[0:35,2:40,5:35,7:35,-100:40] curMHz[0:787,2:1286,5:1075,7:1017] gpu=231 gcap=422[10/13] lrn=100
2026-08-01 14:23:25 PulseDaemon: cap write via daemon (2 node(s))
2026-08-01 14:23:25 PulseDaemon: cap write via daemon (3 node(s))
2026-08-01 14:23:25 PulseDaemon: cap write via daemon (2 node(s))
2026-08-01 14:23:27 PulseDaemon: telemetry read via daemon (16 path(s))
2026-08-01 14:23:28 PulseDaemon: telemetry read via daemon (16 path(s))
2026-08-01 14:23:28 PulseAutoTdp: tgt=90 fps=90.0 jank=0 tail=11ms act=HOLD bn=- cpuB=12 cpuPk=53 primePk=53 io=0 gpuB=27 gpuL=5 capped=0 prk=0 stl=0 draw=3.43W cT=43 gT=43 caps%[0:35,2:40,5:35,7:35,-100:40] curMHz[0:787,2:1286,5:1075,7:1017] gpu=231 gcap=422[10/13] lrn=100
2026-08-01 14:23:28 PulseDaemon: cap write via daemon (2 node(s))
2026-08-01 14:23:28 PulseDaemon: cap write via daemon (3 node(s))
2026-08-01 14:23:30 PulseDaemon: telemetry read via daemon (16 path(s))
2026-08-01 14:23:31 PulseDaemon: telemetry read via daemon (16 path(s))
2026-08-01 14:23:31 PulseDaemon: cap write via daemon (7 node(s))
2026-08-01 14:23:31 PulseAutoTdp: AUTOTDP-SESSION tgt=90 bias=EFFICIENT wattCap=0 policies=0:2265600:0,1;2:3148800:2,3,4;5:2956800:5,6;7:3052800:7;-100:1050000:
2026-08-01 14:23:32 PulseAutoTdp: tgt=90 fps=90.0 jank=0 tail=11ms act=TRIM bn=- cpuB=11 cpuPk=47 primePk=47 io=0 gpuB=25 gpuL=5 capped=0 prk=0 stl=0 draw=3.92W cT=42 gT=43 caps%[0:35,2:35,5:35,7:35,-100:40] curMHz[0:787,2:1286,5:1075,7:1017] mn/mx[0:364/787,2:499/1075,5:499/1075,7:480/1017] gpu=231 gcap=422[10/13] lrn=100
2026-08-01 14:23:32 PulseDaemon: cap write via daemon (2 node(s))
2026-08-01 14:23:32 PulseDaemon: cap write via daemon (3 node(s))
2026-08-01 14:23:32 PulseDaemon: cap write via daemon (2 node(s))
2026-08-01 14:23:34 PulseDaemon: telemetry read via daemon (16 path(s))
2026-08-01 14:23:35 PulseDaemon: telemetry read via daemon (16 path(s))
2026-08-01 14:23:35 PulseAutoTdp: tgt=90 fps=90.0 jank=0 tail=11ms act=HOLD bn=- cpuB=11 cpuPk=48 primePk=48 io=0 gpuB=30 gpuL=6 capped=0 prk=0 stl=0 draw=3.58W cT=42 gT=43 caps%[0:35,2:35,5:35,7:35,-100:40] curMHz[0:787,2:1075,5:1075,7:1017] gpu=231 gcap=422[10/13] lrn=100
2026-08-01 14:23:35 PulseDaemon: cap write via daemon (2 node(s))
2026-08-01 14:23:35 PulseDaemon: cap write via daemon (3 node(s))
2026-08-01 14:23:35 PulseDaemon: cap write via daemon (2 node(s))
2026-08-01 14:23:37 PulseDaemon: telemetry read via daemon (16 path(s))
2026-08-01 14:23:38 PulseDaemon: telemetry read via daemon (16 path(s))
2026-08-01 14:23:38 PulseDaemon: cap write via daemon (3 node(s))
2026-08-01 14:23:38 PulseAutoTdp: tgt=90 fps=87.0 jank=1 tail=33ms act=HOLD bn=- cpuB=12 cpuPk=52 primePk=52 io=0 gpuB=28 gpuL=6 capped=0 prk=1 stl=0 draw=4.35W cT=42 gT=43 caps%[0:35,2:35,5:35,7:35,-100:40] curMHz[0:787,2:1075,5:1075,7:1017] gpu=231 gcap=422[10/13] lrn=100
2026-08-01 14:23:38 PulseDaemon: cap write via daemon (3 node(s))
2026-08-01 14:23:38 PulseDaemon: cap write via daemon (2 node(s))
2026-08-01 14:23:40 PulseDaemon: telemetry read via daemon (16 path(s))
2026-08-01 14:23:41 PulseDaemon: telemetry read via daemon (16 path(s))
2026-08-01 14:23:41 PulseAutoTdp: tgt=90 fps=89.4 jank=0 tail=22ms act=HOLD bn=CPU cpuB=22 cpuPk=69 primePk=69 io=0 gpuB=29 gpuL=6 capped=0 prk=1 stl=0 draw=3.80W cT=43 gT=43 caps%[0:35,2:35,5:35,7:35,-100:40] curMHz[0:787,2:-1,5:1075,7:1017] gpu=231 gcap=422[10/13] lrn=100
2026-08-01 14:23:41 PulseDaemon: cap write via daemon (3 node(s))
2026-08-01 14:23:43 PulseDaemon: telemetry read via daemon (16 path(s))
2026-08-01 14:23:44 PulseDaemon: telemetry read via daemon (16 path(s))
2026-08-01 14:23:44 PulseAutoTdp: tgt=90 fps=90.0 jank=0 tail=11ms act=HOLD bn=CPU cpuB=22 cpuPk=73 primePk=73 io=0 gpuB=29 gpuL=6 capped=0 prk=1 stl=0 draw=3.56W cT=43 gT=43 caps%[0:35,2:35,5:35,7:35,-100:40] curMHz[0:787,2:-1,5:1075,7:1017] gpu=231 gcap=422[10/13] lrn=100
2026-08-01 14:23:45 PulseDaemon: cap write via daemon (3 node(s))
2026-08-01 14:23:45 PulseDaemon: cap write via daemon (2 node(s))
2026-08-01 14:23:46 PulseDaemon: telemetry read via daemon (16 path(s))
2026-08-01 14:23:48 PulseDaemon: telemetry read via daemon (16 path(s))
2026-08-01 14:23:48 PulseAutoTdp: tgt=90 fps=90.0 jank=0 tail=11ms act=HOLD bn=CPU cpuB=21 cpuPk=72 primePk=72 io=0 gpuB=26 gpuL=5 capped=0 prk=1 stl=0 draw=2.88W cT=42 gT=43 caps%[0:35,2:35,5:35,7:35,-100:40] curMHz[0:787,2:-1,5:1075,7:1017] gpu=231 gcap=422[10/13] lrn=100
2026-08-01 14:23:48 PulseDaemon: cap write via daemon (3 node(s))
2026-08-01 14:23:48 PulseDaemon: cap write via daemon (2 node(s))
2026-08-01 14:23:49 PulseDaemon: telemetry read via daemon (16 path(s))
2026-08-01 14:23:51 PulseDaemon: telemetry read via daemon (16 path(s))
2026-08-01 14:23:51 PulseAutoTdp: tgt=90 fps=90.0 jank=0 tail=11ms act=HOLD bn=CPU cpuB=22 cpuPk=80 primePk=80 io=0 gpuB=35 gpuL=7 capped=0 prk=1 stl=0 draw=3.55W cT=43 gT=43 caps%[0:35,2:35,5:35,7:35,-100:40] curMHz[0:787,2:-1,5:1075,7:1017] gpu=231 gcap=422[10/13] lrn=100
2026-08-01 14:23:51 PulseDaemon: cap write via daemon (3 node(s))
2026-08-01 14:23:51 PulseDaemon: cap write via daemon (2 node(s))
2026-08-01 14:23:52 PulseDaemon: telemetry read via daemon (16 path(s))
2026-08-01 14:23:54 PulseDaemon: telemetry read via daemon (16 path(s))
2026-08-01 14:23:54 PulseAutoTdp: tgt=90 fps=90.0 jank=0 tail=11ms act=HOLD bn=CPU cpuB=24 cpuPk=85 primePk=85 io=0 gpuB=34 gpuL=7 capped=0 prk=1 stl=0 draw=3.23W cT=43 gT=44 caps%[0:35,2:35,5:35,7:35,-100:40] curMHz[0:787,2:-1,5:1075,7:1017] gpu=231 gcap=422[10/13] lrn=100
2026-08-01 14:23:54 PulseDaemon: cap write via xsu fallback (3 node(s), ~620 chars, chunked)
2026-08-01 14:23:54 PulseDaemon: cap write via daemon (2 node(s))
2026-08-01 14:23:56 PulseDaemon: telemetry read via daemon (16 path(s))
2026-08-01 14:23:57 PulseDaemon: telemetry read via daemon (16 path(s))
2026-08-01 14:23:57 PulseAutoTdp: tgt=90 fps=90.0 jank=0 tail=11ms act=HOLD bn=CPU cpuB=24 cpuPk=85 primePk=85 io=0 gpuB=38 gpuL=8 capped=0 prk=1 stl=0 draw=3.50W cT=43 gT=44 caps%[0:35,2:35,5:35,7:35,-100:40] curMHz[0:787,2:-1,5:1075,7:1017] gpu=231 gcap=422[10/13] lrn=100
2026-08-01 14:23:57 PulseDaemon: cap write via daemon (3 node(s))
2026-08-01 14:23:57 PulseDaemon: cap write via daemon (2 node(s))
2026-08-01 14:23:59 PulseDaemon: telemetry read via daemon (16 path(s))
2026-08-01 14:24:00 PulseDaemon: telemetry read via daemon (16 path(s))
2026-08-01 14:24:00 PulseAutoTdp: tgt=90 fps=90.0 jank=0 tail=11ms act=HOLD bn=CPU cpuB=24 cpuPk=84 primePk=84 io=0 gpuB=35 gpuL=7 capped=0 prk=1 stl=0 draw=3.78W cT=43 gT=44 caps%[0:35,2:35,5:35,7:35,-100:40] curMHz[0:787,2:-1,5:1075,7:1017] gpu=231 gcap=422[10/13] lrn=100
2026-08-01 14:24:00 PulseDaemon: cap write via daemon (3 node(s))
2026-08-01 14:24:00 PulseDaemon: cap write via daemon (2 node(s))
2026-08-01 14:24:02 PulseDaemon: telemetry read via daemon (16 path(s))
2026-08-01 14:24:03 PulseDaemon: telemetry read via daemon (16 path(s))
2026-08-01 14:24:04 PulseAutoTdp: tgt=90 fps=90.0 jank=0 tail=11ms act=HOLD bn=CPU cpuB=25 cpuPk=86 primePk=86 io=0 gpuB=40 gpuL=8 capped=0 prk=1 stl=0 draw=3.55W cT=44 gT=44 caps%[0:35,2:35,5:35,7:35,-100:40] curMHz[0:787,2:-1,5:1075,7:1017] mn/mx[0:787/787,2:-1/-1,5:499/1075,7:480/1017] gpu=231 gcap=422[10/13] lrn=100
2026-08-01 14:24:04 PulseDaemon: cap write via daemon (3 node(s))
2026-08-01 14:24:04 PulseDaemon: cap write via daemon (2 node(s))
2026-08-01 14:24:06 PulseDaemon: telemetry read via daemon (16 path(s))
2026-08-01 14:24:07 PulseDaemon: telemetry read via daemon (16 path(s))
2026-08-01 14:24:07 PulseAutoTdp: tgt=90 fps=90.0 jank=0 tail=11ms act=HOLD bn=CPU cpuB=26 cpuPk=87 primePk=87 io=0 gpuB=46 gpuL=10 capped=0 prk=1 stl=0 draw=5.19W cT=44 gT=44 caps%[0:35,2:35,5:35,7:35,-100:40] curMHz[0:787,2:-1,5:1075,7:1017] gpu=231 gcap=422[10/13] lrn=100
2026-08-01 14:24:07 PulseDaemon: cap write via daemon (3 node(s))
2026-08-01 14:24:07 PulseDaemon: cap write via daemon (2 node(s))
2026-08-01 14:24:09 PulseDaemon: telemetry read via daemon (16 path(s))
2026-08-01 14:24:10 PulseDaemon: telemetry read via daemon (16 path(s))
2026-08-01 14:24:10 PulseAutoTdp: tgt=90 fps=89.4 jank=0 tail=22ms act=HOLD bn=CPU cpuB=25 cpuPk=85 primePk=85 io=0 gpuB=41 gpuL=9 capped=0 prk=1 stl=0 draw=4.00W cT=44 gT=43 caps%[0:35,2:35,5:35,7:35,-100:40] curMHz[0:787,2:-1,5:1075,7:1017] gpu=231 gcap=422[10/13] lrn=100
2026-08-01 14:24:10 PulseDaemon: cap write via daemon (3 node(s))
2026-08-01 14:24:10 PulseDaemon: cap write via daemon (2 node(s))
2026-08-01 14:24:12 PulseDaemon: telemetry read via daemon (16 path(s))
2026-08-01 14:24:13 PulseDaemon: telemetry read via daemon (16 path(s))
2026-08-01 14:24:13 PulseAutoTdp: tgt=90 fps=90.0 jank=0 tail=22ms act=HOLD bn=CPU cpuB=25 cpuPk=84 primePk=84 io=0 gpuB=34 gpuL=7 capped=0 prk=1 stl=0 draw=4.38W cT=43 gT=43 caps%[0:35,2:35,5:35,7:35,-100:40] curMHz[0:787,2:-1,5:1075,7:1017] gpu=231 gcap=422[10/13] lrn=100
2026-08-01 14:24:14 PulseDaemon: cap write via daemon (3 node(s))
2026-08-01 14:24:14 PulseDaemon: cap write via daemon (2 node(s))
2026-08-01 14:24:15 PulseDaemon: telemetry read via daemon (16 path(s))
2026-08-01 14:24:17 PulseDaemon: telemetry read via daemon (16 path(s))
2026-08-01 14:24:17 PulseDaemon: cap write via daemon (3 node(s))
2026-08-01 14:24:17 PulseAutoTdp: tgt=90 fps=66.0 jank=11 tail=58ms act=RAISE bn=CPU cpuB=29 cpuPk=93 primePk=93 io=0 gpuB=32 gpuL=7 capped=0 prk=0 stl=0 draw=3.86W cT=44 gT=43 caps%[0:35,2:40,5:35,7:35,-100:40] curMHz[0:787,2:-1,5:1075,7:1017] gpu=231 gcap=422[10/13] lrn=100
2026-08-01 14:24:17 PulseDaemon: cap write via daemon (2 node(s))
2026-08-01 14:24:17 PulseDaemon: cap write via daemon (3 node(s))
2026-08-01 14:24:17 PulseDaemon: cap write via daemon (2 node(s))
2026-08-01 14:24:19 PulseDaemon: telemetry read via daemon (16 path(s))
2026-08-01 14:24:20 PulseDaemon: telemetry read via daemon (16 path(s))
2026-08-01 14:24:20 PulseDaemon: cap write via daemon (7 node(s))
2026-08-01 14:24:20 PulseAutoTdp: AUTOTDP-SESSION tgt=90 bias=EFFICIENT wattCap=0 policies=0:2265600:0,1;2:3148800:2,3,4;5:2956800:5,6;7:3052800:7;-100:1050000:
2026-08-01 14:24:20 PulseAutoTdp: tgt=90 fps=90.0 jank=0 tail=11ms act=RAISE bn=CPU cpuB=20 cpuPk=75 primePk=75 io=0 gpuB=39 gpuL=8 capped=0 prk=0 stl=0 draw=4.67W cT=44 gT=44 caps%[0:35,2:45,5:35,7:35,-100:40] curMHz[0:787,2:1286,5:1075,7:1017] gpu=231 gcap=422[10/13] lrn=100
2026-08-01 14:24:20 PulseDaemon: cap write via daemon (2 node(s))
2026-08-01 14:24:20 PulseDaemon: cap write via daemon (3 node(s))
2026-08-01 14:24:21 PulseDaemon: cap write via daemon (2 node(s))
2026-08-01 14:24:22 PulseDaemon: telemetry read via daemon (16 path(s))
2026-08-01 14:24:23 PulseDaemon: telemetry read via daemon (16 path(s))
2026-08-01 14:24:23 PulseAutoTdp: tgt=90 fps=90.0 jank=0 tail=11ms act=HOLD bn=CPU cpuB=20 cpuPk=79 primePk=79 io=0 gpuB=29 gpuL=6 capped=0 prk=0 stl=0 draw=4.39W cT=43 gT=44 caps%[0:35,2:45,5:35,7:35,-100:40] curMHz[0:787,2:1401,5:1075,7:1017] gpu=231 gcap=422[10/13] lrn=100
2026-08-01 14:24:23 PulseDaemon: cap write via daemon (2 node(s))
2026-08-01 14:24:24 PulseDaemon: cap write via daemon (3 node(s))
2026-08-01 14:24:24 PulseDaemon: cap write via daemon (2 node(s))
2026-08-01 14:24:25 PulseDaemon: telemetry read via daemon (16 path(s))
2026-08-01 14:24:26 PulseDaemon: telemetry read via daemon (16 path(s))
2026-08-01 14:24:26 PulseAutoTdp: tgt=90 fps=90.0 jank=0 tail=11ms act=HOLD bn=CPU cpuB=21 cpuPk=68 primePk=68 io=0 gpuB=61 gpuL=13 capped=0 prk=0 stl=0 draw=3.94W cT=43 gT=44 caps%[0:35,2:45,5:35,7:35,-100:40] curMHz[0:787,2:1401,5:1075,7:1017] gpu=231 gcap=422[10/13] lrn=100
2026-08-01 14:24:26 PulseDaemon: cap write via daemon (2 node(s))
2026-08-01 14:24:27 PulseDaemon: cap write via daemon (2 node(s))
2026-08-01 14:24:28 PulseDaemon: telemetry read via daemon (16 path(s))
2026-08-01 14:24:29 PulseDaemon: telemetry read via daemon (16 path(s))
2026-08-01 14:24:30 PulseDaemon: cap write via daemon (7 node(s))
2026-08-01 14:24:30 PulseAutoTdp: tgt=90 fps=80.6 jank=1 tail=66ms act=RAISE bn=CPU cpuB=20 cpuPk=72 primePk=72 io=0 gpuB=51 gpuL=11 capped=0 prk=0 stl=0 draw=4.33W cT=44 gT=44 caps%[0:35,2:50,5:35,7:35,-100:40] curMHz[0:787,2:1401,5:1075,7:1017] gpu=231 gcap=422[10/13] lrn=100
2026-08-01 14:24:30 PulseDaemon: cap write via daemon (2 node(s))
2026-08-01 14:24:30 PulseDaemon: cap write via daemon (3 node(s))
2026-08-01 14:24:30 PulseDaemon: cap write via daemon (2 node(s))
2026-08-01 14:24:31 PulseDaemon: telemetry read via daemon (16 path(s))
2026-08-01 14:24:33 PulseDaemon: telemetry read via daemon (16 path(s))
2026-08-01 14:24:33 PulseAutoTdp: tgt=90 fps=90.0 jank=0 tail=11ms act=HOLD bn=CPU cpuB=20 cpuPk=82 primePk=82 io=0 gpuB=39 gpuL=8 capped=0 prk=0 stl=0 draw=4.79W cT=44 gT=44 caps%[0:35,2:50,5:35,7:35,-100:40] curMHz[0:787,2:1612,5:1075,7:1017] gpu=231 gcap=422[10/13] lrn=100
2026-08-01 14:24:33 PulseDaemon: cap write via xsu fallback (2 node(s), ~413 chars, chunked)
2026-08-01 14:24:33 PulseDaemon: cap write via daemon (3 node(s))
2026-08-01 14:24:33 PulseDaemon: cap write via daemon (2 node(s))
2026-08-01 14:24:34 PulseDaemon: telemetry read via daemon (16 path(s))
2026-08-01 14:24:36 PulseDaemon: telemetry read via daemon (16 path(s))
2026-08-01 14:24:37 PulseAutoTdp: tgt=90 fps=90.0 jank=0 tail=11ms act=HOLD bn=CPU cpuB=22 cpuPk=82 primePk=82 io=0 gpuB=40 gpuL=8 capped=0 prk=0 stl=0 draw=3.77W cT=44 gT=44 caps%[0:35,2:50,5:35,7:35,-100:40] curMHz[0:787,2:1612,5:1075,7:1017] mn/mx[0:787/787,2:499/1612,5:499/1075,7:480/1017] gpu=231 gcap=422[10/13] lrn=100
2026-08-01 14:24:37 PulseDaemon: cap write via daemon (2 node(s))
2026-08-01 14:24:37 PulseDaemon: cap write via daemon (3 node(s))
2026-08-01 14:24:37 PulseDaemon: cap write via daemon (2 node(s))
2026-08-01 14:24:38 PulseDaemon: telemetry read via daemon (16 path(s))
2026-08-01 14:24:40 PulseDaemon: telemetry read via daemon (16 path(s))
2026-08-01 14:24:40 PulseAutoTdp: tgt=90 fps=90.0 jank=0 tail=11ms act=HOLD bn=CPU cpuB=19 cpuPk=71 primePk=71 io=0 gpuB=40 gpuL=8 capped=0 prk=0 stl=0 draw=3.68W cT=44 gT=44 caps%[0:35,2:50,5:35,7:35,-100:40] curMHz[0:787,2:1612,5:1075,7:1017] gpu=231 gcap=422[10/13] lrn=100
2026-08-01 14:24:40 PulseDaemon: cap write via daemon (2 node(s))
2026-08-01 14:24:40 PulseDaemon: cap write via daemon (3 node(s))
2026-08-01 14:24:40 PulseDaemon: cap write via daemon (2 node(s))
2026-08-01 14:24:41 PulseDaemon: telemetry read via daemon (16 path(s))
2026-08-01 14:24:43 PulseDaemon: telemetry read via daemon (16 path(s))
2026-08-01 14:24:43 PulseAutoTdp: tgt=90 fps=90.0 jank=0 tail=11ms act=HOLD bn=CPU cpuB=21 cpuPk=78 primePk=78 io=0 gpuB=40 gpuL=8 capped=0 prk=0 stl=0 draw=4.06W cT=44 gT=44 caps%[0:35,2:50,5:35,7:35,-100:40] curMHz[0:787,2:1612,5:1075,7:1017] gpu=231 gcap=422[10/13] lrn=100
2026-08-01 14:24:43 PulseDaemon: cap write via daemon (2 node(s))
2026-08-01 14:24:43 PulseDaemon: cap write via daemon (3 node(s))
2026-08-01 14:24:43 PulseDaemon: cap write via daemon (2 node(s))
2026-08-01 14:24:44 PulseDaemon: telemetry read via daemon (16 path(s))
2026-08-01 14:24:46 PulseDaemon: telemetry read via daemon (16 path(s))
2026-08-01 14:24:46 PulseAutoTdp: tgt=90 fps=90.0 jank=0 tail=22ms act=HOLD bn=CPU cpuB=22 cpuPk=76 primePk=76 io=0 gpuB=42 gpuL=9 capped=0 prk=0 stl=0 draw=3.43W cT=44 gT=44 caps%[0:35,2:50,5:35,7:35,-100:40] curMHz[0:787,2:1612,5:1075,7:1017] gpu=231 gcap=422[10/13] lrn=100
2026-08-01 14:24:46 PulseDaemon: cap write via daemon (2 node(s))
2026-08-01 14:24:46 PulseDaemon: cap write via daemon (3 node(s))
2026-08-01 14:24:46 PulseDaemon: cap write via daemon (2 node(s))
2026-08-01 14:24:47 PulseDaemon: telemetry read via daemon (16 path(s))
2026-08-01 14:24:49 PulseDaemon: telemetry read via daemon (16 path(s))
2026-08-01 14:24:49 PulseAutoTdp: tgt=90 fps=90.0 jank=0 tail=11ms act=HOLD bn=CPU cpuB=20 cpuPk=75 primePk=75 io=0 gpuB=43 gpuL=9 capped=0 prk=0 stl=0 draw=3.86W cT=44 gT=44 caps%[0:35,2:50,5:35,7:35,-100:40] curMHz[0:787,2:1612,5:1075,7:1017] gpu=231 gcap=422[10/13] lrn=100
2026-08-01 14:24:49 PulseDaemon: cap write via daemon (2 node(s))
2026-08-01 14:24:49 PulseDaemon: cap write via daemon (3 node(s))
2026-08-01 14:24:49 PulseDaemon: cap write via daemon (2 node(s))
2026-08-01 14:24:50 PulseDaemon: telemetry read via daemon (16 path(s))
2026-08-01 14:24:52 PulseDaemon: telemetry read via daemon (16 path(s))
2026-08-01 14:24:52 PulseAutoTdp: tgt=90 fps=90.0 jank=0 tail=11ms act=HOLD bn=CPU cpuB=21 cpuPk=74 primePk=74 io=0 gpuB=43 gpuL=9 capped=0 prk=0 stl=0 draw=5.37W cT=44 gT=44 caps%[0:35,2:50,5:35,7:35,-100:40] curMHz[0:787,2:1612,5:1075,7:1017] gpu=231 gcap=422[10/13] lrn=100
2026-08-01 14:24:52 PulseDaemon: cap write via daemon (3 node(s))
2026-08-01 14:24:52 PulseDaemon: cap write via daemon (2 node(s))
2026-08-01 14:24:53 PulseDaemon: telemetry read via daemon (16 path(s))
2026-08-01 14:24:55 PulseDaemon: telemetry read via daemon (16 path(s))
2026-08-01 14:24:55 PulseDaemon: cap write via daemon (7 node(s))
2026-08-01 14:24:55 PulseAutoTdp: tgt=90 fps=84.2 jank=1 tail=66ms act=RAISE bn=CPU cpuB=21 cpuPk=82 primePk=82 io=0 gpuB=45 gpuL=9 capped=0 prk=0 stl=0 draw=4.07W cT=44 gT=44 caps%[0:35,2:55,5:35,7:35,-100:40] curMHz[0:787,2:1612,5:1075,7:1017] gpu=231 gcap=422[10/13] lrn=100
2026-08-01 14:24:55 PulseDaemon: cap write via daemon (2 node(s))
2026-08-01 14:24:55 PulseDaemon: cap write via daemon (3 node(s))
2026-08-01 14:24:55 PulseDaemon: cap write via daemon (2 node(s))
2026-08-01 14:24:57 PulseDaemon: telemetry read via daemon (16 path(s))
2026-08-01 14:24:58 PulseDaemon: telemetry read via daemon (16 path(s))
2026-08-01 14:24:58 PulseAutoTdp: tgt=90 fps=90.0 jank=0 tail=11ms act=HOLD bn=CPU cpuB=21 cpuPk=71 primePk=71 io=0 gpuB=42 gpuL=9 capped=0 prk=0 stl=0 draw=4.58W cT=44 gT=44 caps%[0:35,2:55,5:35,7:35,-100:40] curMHz[0:787,2:1708,5:1075,7:1017] gpu=231 gcap=422[10/13] lrn=100
2026-08-01 14:24:58 PulseDaemon: cap write via daemon (2 node(s))
2026-08-01 14:24:58 PulseDaemon: cap write via daemon (3 node(s))
2026-08-01 14:24:58 PulseDaemon: cap write via daemon (2 node(s))
2026-08-01 14:25:00 PulseDaemon: telemetry read via daemon (16 path(s))
2026-08-01 14:25:01 PulseDaemon: telemetry read via daemon (16 path(s))
2026-08-01 14:25:01 PulseAutoTdp: tgt=90 fps=90.0 jank=0 tail=11ms act=HOLD bn=CPU cpuB=21 cpuPk=73 primePk=73 io=0 gpuB=41 gpuL=9 capped=0 prk=0 stl=0 draw=3.78W cT=45 gT=44 caps%[0:35,2:55,5:35,7:35,-100:40] curMHz[0:787,2:1708,5:1075,7:1017] gpu=231 gcap=422[10/13] lrn=100
2026-08-01 14:25:01 PulseDaemon: cap write via daemon (2 node(s))
2026-08-01 14:25:01 PulseDaemon: cap write via daemon (2 node(s))
2026-08-01 14:25:03 PulseDaemon: telemetry read via daemon (16 path(s))
2026-08-01 14:25:04 PulseDaemon: telemetry read via daemon (16 path(s))
2026-08-01 14:25:04 PulseAutoTdp: tgt=90 fps=90.0 jank=0 tail=11ms act=HOLD bn=CPU cpuB=21 cpuPk=71 primePk=71 io=0 gpuB=41 gpuL=9 capped=0 prk=0 stl=0 draw=4.63W cT=44 gT=44 caps%[0:35,2:55,5:35,7:35,-100:40] curMHz[0:787,2:1708,5:1075,7:1017] gpu=231 gcap=422[10/13] lrn=100
2026-08-01 14:25:04 PulseDaemon: cap write via daemon (2 node(s))
2026-08-01 14:25:04 PulseDaemon: cap write via daemon (3 node(s))
2026-08-01 14:25:04 PulseDaemon: cap write via daemon (2 node(s))
2026-08-01 14:25:06 PulseDaemon: telemetry read via daemon (16 path(s))
2026-08-01 14:25:07 PulseDaemon: telemetry read via daemon (16 path(s))
2026-08-01 14:25:07 PulseAutoTdp: AUTOTDP-SESSION tgt=90 bias=EFFICIENT wattCap=0 policies=0:2265600:0,1;2:3148800:2,3,4;5:2956800:5,6;7:3052800:7;-100:1050000:
2026-08-01 14:25:08 PulseAutoTdp: tgt=90 fps=90.0 jank=0 tail=11ms act=HOLD bn=CPU cpuB=21 cpuPk=69 primePk=69 io=0 gpuB=39 gpuL=8 capped=0 prk=0 stl=0 draw=4.65W cT=44 gT=44 caps%[0:35,2:55,5:35,7:35,-100:40] curMHz[0:787,2:1708,5:1075,7:1017] mn/mx[0:364/787,2:499/1708,5:499/1075,7:480/1017] gpu=231 gcap=422[10/13] lrn=100
2026-08-01 14:25:08 PulseDaemon: cap write via daemon (2 node(s))
2026-08-01 14:25:08 PulseDaemon: cap write via daemon (3 node(s))
2026-08-01 14:25:08 PulseDaemon: cap write via daemon (2 node(s))
2026-08-01 14:25:09 PulseDaemon: telemetry read via daemon (16 path(s))
2026-08-01 14:25:11 PulseDaemon: telemetry read via daemon (16 path(s))
2026-08-01 14:25:11 PulseAutoTdp: tgt=90 fps=90.0 jank=0 tail=11ms act=HOLD bn=CPU cpuB=20 cpuPk=68 primePk=68 io=0 gpuB=40 gpuL=8 capped=0 prk=0 stl=0 draw=3.18W cT=44 gT=45 caps%[0:35,2:55,5:35,7:35,-100:40] curMHz[0:787,2:1708,5:1075,7:1017] gpu=231 gcap=422[10/13] lrn=100
2026-08-01 14:25:11 PulseDaemon: cap write via daemon (2 node(s))
2026-08-01 14:25:11 PulseDaemon: cap write via daemon (3 node(s))
2026-08-01 14:25:11 PulseDaemon: cap write via daemon (2 node(s))
2026-08-01 14:25:13 PulseDaemon: telemetry read via daemon (16 path(s))
2026-08-01 14:25:14 PulseDaemon: telemetry read via daemon (16 path(s))
2026-08-01 14:25:14 PulseAutoTdp: tgt=90 fps=90.0 jank=0 tail=11ms act=HOLD bn=CPU cpuB=20 cpuPk=69 primePk=69 io=0 gpuB=34 gpuL=7 capped=0 prk=0 stl=0 draw=4.38W cT=44 gT=43 caps%[0:35,2:55,5:35,7:35,-100:40] curMHz[0:787,2:1708,5:1075,7:1017] gpu=231 gcap=422[10/13] lrn=100
2026-08-01 14:25:14 PulseDaemon: cap write via daemon (2 node(s))
2026-08-01 14:25:14 PulseDaemon: cap write via daemon (3 node(s))
2026-08-01 14:25:14 PulseDaemon: cap write via daemon (2 node(s))
2026-08-01 14:25:16 PulseDaemon: telemetry read via daemon (16 path(s))
2026-08-01 14:25:17 PulseDaemon: telemetry read via daemon (16 path(s))
2026-08-01 14:25:17 PulseAutoTdp: tgt=90 fps=90.0 jank=0 tail=11ms act=HOLD bn=CPU cpuB=19 cpuPk=75 primePk=75 io=0 gpuB=33 gpuL=7 capped=0 prk=0 stl=0 draw=3.84W cT=44 gT=44 caps%[0:35,2:55,5:35,7:35,-100:40] curMHz[0:787,2:1708,5:1075,7:1017] gpu=231 gcap=422[10/13] lrn=100
2026-08-01 14:25:17 PulseDaemon: cap write via daemon (2 node(s))
2026-08-01 14:25:17 PulseDaemon: cap write via daemon (3 node(s))
2026-08-01 14:25:17 PulseDaemon: cap write via daemon (2 node(s))
2026-08-01 14:25:19 PulseDaemon: telemetry read via daemon (16 path(s))
2026-08-01 14:25:20 PulseDaemon: telemetry read via daemon (16 path(s))
2026-08-01 14:25:20 PulseAutoTdp: tgt=90 fps=90.0 jank=0 tail=11ms act=HOLD bn=CPU cpuB=19 cpuPk=75 primePk=75 io=0 gpuB=33 gpuL=7 capped=0 prk=0 stl=0 draw=4.03W cT=43 gT=44 caps%[0:35,2:55,5:35,7:35,-100:40] curMHz[0:787,2:1708,5:1075,7:1017] gpu=231 gcap=422[10/13] lrn=100
2026-08-01 14:25:20 PulseDaemon: cap write via daemon (2 node(s))
2026-08-01 14:25:20 PulseDaemon: cap write via daemon (3 node(s))
2026-08-01 14:25:20 PulseDaemon: cap write via daemon (2 node(s))
2026-08-01 14:25:22 PulseDaemon: telemetry read via daemon (16 path(s))
2026-08-01 14:25:23 PulseDaemon: telemetry read via daemon (16 path(s))
2026-08-01 14:25:23 PulseAutoTdp: tgt=90 fps=90.0 jank=0 tail=11ms act=HOLD bn=CPU cpuB=18 cpuPk=80 primePk=80 io=0 gpuB=33 gpuL=7 capped=0 prk=0 stl=0 draw=3.56W cT=44 gT=44 caps%[0:35,2:55,5:35,7:35,-100:40] curMHz[0:787,2:1708,5:1075,7:1017] gpu=231 gcap=422[10/13] lrn=100
2026-08-01 14:25:23 PulseDaemon: cap write via daemon (2 node(s))
2026-08-01 14:25:23 PulseDaemon: cap write via daemon (3 node(s))
2026-08-01 14:25:23 PulseDaemon: cap write via daemon (2 node(s))
2026-08-01 14:25:25 PulseDaemon: telemetry read via daemon (16 path(s))
2026-08-01 14:25:26 PulseDaemon: telemetry read via daemon (16 path(s))
2026-08-01 14:25:26 PulseAutoTdp: tgt=90 fps=90.0 jank=0 tail=11ms act=HOLD bn=CPU cpuB=17 cpuPk=81 primePk=81 io=0 gpuB=32 gpuL=7 capped=0 prk=0 stl=0 draw=3.29W cT=44 gT=44 caps%[0:35,2:55,5:35,7:35,-100:40] curMHz[0:787,2:1708,5:1075,7:1017] gpu=231 gcap=422[10/13] lrn=100
2026-08-01 14:25:26 PulseDaemon: cap write via daemon (2 node(s))
2026-08-01 14:25:26 PulseDaemon: cap write via daemon (3 node(s))
2026-08-01 14:25:26 PulseDaemon: cap write via daemon (2 node(s))
2026-08-01 14:25:28 PulseDaemon: telemetry read via daemon (16 path(s))
2026-08-01 14:25:29 PulseDaemon: telemetry read via daemon (16 path(s))
2026-08-01 14:25:29 PulseAutoTdp: tgt=90 fps=90.0 jank=0 tail=11ms act=HOLD bn=CPU cpuB=18 cpuPk=80 primePk=80 io=0 gpuB=32 gpuL=7 capped=0 prk=0 stl=0 draw=3.79W cT=44 gT=44 caps%[0:35,2:55,5:35,7:35,-100:40] curMHz[0:787,2:1708,5:1075,7:1017] gpu=231 gcap=422[10/13] lrn=100
2026-08-01 14:25:29 PulseDaemon: cap write via daemon (2 node(s))
2026-08-01 14:25:29 PulseDaemon: cap write via daemon (3 node(s))
2026-08-01 14:25:29 PulseDaemon: cap write via daemon (2 node(s))
2026-08-01 14:25:31 PulseDaemon: telemetry read via daemon (16 path(s))
2026-08-01 14:25:32 PulseDaemon: telemetry read via daemon (16 path(s))
2026-08-01 14:25:32 PulseAutoTdp: tgt=90 fps=90.0 jank=0 tail=11ms act=HOLD bn=CPU cpuB=19 cpuPk=80 primePk=80 io=0 gpuB=32 gpuL=7 capped=0 prk=0 stl=0 draw=4.70W cT=44 gT=44 caps%[0:35,2:55,5:35,7:35,-100:40] curMHz[0:787,2:1708,5:1075,7:1017] gpu=231 gcap=422[10/13] lrn=100
2026-08-01 14:25:32 PulseDaemon: cap write via daemon (2 node(s))
2026-08-01 14:25:32 PulseDaemon: cap write via daemon (3 node(s))
2026-08-01 14:25:32 PulseDaemon: cap write via daemon (2 node(s))
2026-08-01 14:25:34 PulseDaemon: telemetry read via daemon (16 path(s))
2026-08-01 14:25:35 PulseDaemon: telemetry read via daemon (16 path(s))
2026-08-01 14:25:35 PulseAutoTdp: tgt=90 fps=90.0 jank=0 tail=11ms act=HOLD bn=CPU cpuB=18 cpuPk=73 primePk=73 io=0 gpuB=32 gpuL=7 capped=0 prk=0 stl=0 draw=3.65W cT=44 gT=44 caps%[0:35,2:55,5:35,7:35,-100:40] curMHz[0:787,2:1708,5:1075,7:1017] gpu=231 gcap=422[10/13] lrn=100
2026-08-01 14:25:35 PulseDaemon: cap write via daemon (2 node(s))
2026-08-01 14:25:35 PulseDaemon: cap write via daemon (3 node(s))
2026-08-01 14:25:36 PulseDaemon: cap write via daemon (2 node(s))
2026-08-01 14:25:37 PulseDaemon: telemetry read via daemon (16 path(s))
2026-08-01 14:25:38 PulseDaemon: telemetry read via daemon (16 path(s))
2026-08-01 14:25:39 PulseAutoTdp: tgt=90 fps=90.0 jank=0 tail=11ms act=HOLD bn=CPU cpuB=18 cpuPk=81 primePk=81 io=0 gpuB=32 gpuL=7 capped=0 prk=0 stl=0 draw=3.56W cT=44 gT=44 caps%[0:35,2:55,5:35,7:35,-100:40] curMHz[0:787,2:1708,5:1075,7:1017] mn/mx[0:787/787,2:499/1708,5:499/1075,7:480/1017] gpu=231 gcap=422[10/13] lrn=100
2026-08-01 14:25:39 PulseDaemon: cap write via daemon (2 node(s))
2026-08-01 14:25:39 PulseDaemon: cap write via daemon (3 node(s))
2026-08-01 14:25:39 PulseDaemon: cap write via daemon (2 node(s))
2026-08-01 14:25:41 PulseDaemon: telemetry read via daemon (16 path(s))
2026-08-01 14:25:42 PulseDaemon: telemetry read via daemon (16 path(s))
2026-08-01 14:25:42 PulseAutoTdp: tgt=90 fps=90.0 jank=0 tail=11ms act=HOLD bn=CPU cpuB=19 cpuPk=79 primePk=79 io=0 gpuB=33 gpuL=7 capped=0 prk=0 stl=0 draw=3.36W cT=44 gT=44 caps%[0:35,2:55,5:35,7:35,-100:40] curMHz[0:787,2:1708,5:1075,7:1017] gpu=231 gcap=422[10/13] lrn=100
2026-08-01 14:25:42 PulseDaemon: cap write via daemon (2 node(s))
2026-08-01 14:25:42 PulseDaemon: cap write via daemon (3 node(s))
2026-08-01 14:25:42 PulseDaemon: cap write via daemon (2 node(s))
2026-08-01 14:25:44 PulseDaemon: telemetry read via daemon (16 path(s))
2026-08-01 14:25:45 PulseDaemon: telemetry read via daemon (16 path(s))
2026-08-01 14:25:45 PulseAutoTdp: tgt=90 fps=85.7 jank=1 tail=33ms act=HOLD bn=CPU cpuB=19 cpuPk=74 primePk=74 io=0 gpuB=32 gpuL=7 capped=0 prk=0 stl=0 draw=4.33W cT=44 gT=44 caps%[0:35,2:55,5:35,7:35,-100:40] curMHz[0:787,2:1708,5:1075,7:1017] gpu=231 gcap=422[10/13] lrn=100
2026-08-01 14:25:45 PulseDaemon: cap write via daemon (2 node(s))
2026-08-01 14:25:45 PulseDaemon: cap write via daemon (3 node(s))
2026-08-01 14:25:45 PulseDaemon: cap write via daemon (2 node(s))
2026-08-01 14:25:47 PulseDaemon: telemetry read via daemon (16 path(s))
2026-08-01 14:25:48 PulseDaemon: telemetry read via daemon (16 path(s))
2026-08-01 14:25:48 PulseAutoTdp: tgt=90 fps=90.0 jank=0 tail=11ms act=HOLD bn=CPU cpuB=20 cpuPk=77 primePk=77 io=0 gpuB=34 gpuL=7 capped=0 prk=0 stl=0 draw=3.75W cT=44 gT=44 caps%[0:35,2:55,5:35,7:35,-100:40] curMHz[0:787,2:1708,5:1075,7:1017] gpu=231 gcap=422[10/13] lrn=100
2026-08-01 14:25:48 PulseDaemon: cap write via daemon (2 node(s))
2026-08-01 14:25:48 PulseDaemon: cap write via daemon (3 node(s))
2026-08-01 14:25:49 PulseDaemon: cap write via daemon (2 node(s))
2026-08-01 14:25:50 PulseDaemon: telemetry read via daemon (16 path(s))
2026-08-01 14:25:51 PulseDaemon: telemetry read via daemon (16 path(s))
2026-08-01 14:25:51 PulseAutoTdp: tgt=90 fps=90.0 jank=0 tail=11ms act=HOLD bn=CPU cpuB=20 cpuPk=71 primePk=71 io=0 gpuB=36 gpuL=7 capped=0 prk=0 stl=0 draw=4.92W cT=44 gT=44 caps%[0:35,2:55,5:35,7:35,-100:40] curMHz[0:787,2:1708,5:1075,7:1017] gpu=231 gcap=422[10/13] lrn=100
2026-08-01 14:25:51 PulseDaemon: cap write via daemon (2 node(s))
2026-08-01 14:25:52 PulseDaemon: cap write via daemon (2 node(s))
2026-08-01 14:25:53 PulseDaemon: telemetry read via daemon (16 path(s))
2026-08-01 14:25:54 PulseDaemon: telemetry read via daemon (16 path(s))
2026-08-01 14:25:54 PulseAutoTdp: AUTOTDP-SESSION tgt=90 bias=EFFICIENT wattCap=0 policies=0:2265600:0,1;2:3148800:2,3,4;5:2956800:5,6;7:3052800:7;-100:1050000:
2026-08-01 14:25:54 PulseAutoTdp: tgt=90 fps=90.0 jank=0 tail=11ms act=HOLD bn=CPU cpuB=22 cpuPk=75 primePk=75 io=0 gpuB=50 gpuL=11 capped=0 prk=0 stl=0 draw=3.49W cT=44 gT=44 caps%[0:35,2:55,5:35,7:35,-100:40] curMHz[0:787,2:1708,5:1075,7:1017] gpu=231 gcap=422[10/13] lrn=100
2026-08-01 14:25:54 PulseDaemon: cap write via daemon (2 node(s))
2026-08-01 14:25:55 PulseDaemon: cap write via daemon (3 node(s))
2026-08-01 14:25:55 PulseDaemon: cap write via daemon (2 node(s))
2026-08-01 14:25:56 PulseDaemon: telemetry read via daemon (16 path(s))
2026-08-01 14:25:57 PulseDaemon: telemetry read via daemon (16 path(s))
2026-08-01 14:25:57 PulseAutoTdp: tgt=90 fps=90.0 jank=0 tail=11ms act=HOLD bn=CPU cpuB=22 cpuPk=73 primePk=73 io=0 gpuB=42 gpuL=9 capped=0 prk=0 stl=0 draw=5.66W cT=45 gT=45 caps%[0:35,2:55,5:35,7:35,-100:40] curMHz[0:787,2:1708,5:1075,7:1017] gpu=231 gcap=422[10/13] lrn=100
2026-08-01 14:25:57 PulseDaemon: cap write via daemon (2 node(s))
2026-08-01 14:25:58 PulseDaemon: cap write via daemon (3 node(s))
2026-08-01 14:25:58 PulseDaemon: cap write via daemon (2 node(s))
2026-08-01 14:25:59 PulseDaemon: telemetry read via daemon (16 path(s))
2026-08-01 14:26:00 PulseDaemon: telemetry read via daemon (16 path(s))
2026-08-01 14:26:00 PulseAutoTdp: tgt=90 fps=90.0 jank=0 tail=11ms act=HOLD bn=CPU cpuB=21 cpuPk=76 primePk=76 io=0 gpuB=44 gpuL=9 capped=0 prk=0 stl=0 draw=3.99W cT=44 gT=44 caps%[0:35,2:55,5:35,7:35,-100:40] curMHz[0:787,2:1708,5:1075,7:1017] gpu=231 gcap=422[10/13] lrn=100
2026-08-01 14:26:00 PulseDaemon: cap write via daemon (2 node(s))
2026-08-01 14:26:01 PulseDaemon: cap write via daemon (3 node(s))
2026-08-01 14:26:01 PulseDaemon: cap write via daemon (2 node(s))
2026-08-01 14:26:02 PulseDaemon: telemetry read via daemon (16 path(s))
2026-08-01 14:26:03 PulseDaemon: telemetry read via daemon (16 path(s))
2026-08-01 14:26:03 PulseAutoTdp: tgt=90 fps=90.0 jank=0 tail=11ms act=HOLD bn=CPU cpuB=21 cpuPk=71 primePk=71 io=0 gpuB=44 gpuL=9 capped=0 prk=0 stl=0 draw=4.86W cT=45 gT=44 caps%[0:35,2:55,5:35,7:35,-100:40] curMHz[0:787,2:1708,5:1075,7:1017] gpu=231 gcap=422[10/13] lrn=100
2026-08-01 14:26:03 PulseDaemon: cap write via daemon (2 node(s))
2026-08-01 14:26:04 PulseDaemon: cap write via daemon (3 node(s))
2026-08-01 14:26:04 PulseDaemon: cap write via daemon (2 node(s))
2026-08-01 14:26:05 PulseDaemon: telemetry read via daemon (16 path(s))
2026-08-01 14:26:06 PulseDaemon: telemetry read via daemon (16 path(s))
2026-08-01 14:26:06 PulseAutoTdp: tgt=90 fps=90.0 jank=0 tail=11ms act=HOLD bn=CPU cpuB=21 cpuPk=69 primePk=69 io=0 gpuB=42 gpuL=9 capped=0 prk=0 stl=0 draw=4.67W cT=45 gT=45 caps%[0:35,2:55,5:35,7:35,-100:40] curMHz[0:787,2:1708,5:1075,7:1017] gpu=231 gcap=422[10/13] lrn=100
2026-08-01 14:26:08 PulseDaemon: telemetry read via daemon (16 path(s))
2026-08-01 14:26:09 PulseDaemon: telemetry read via daemon (16 path(s))
2026-08-01 14:26:10 PulseAutoTdp: tgt=90 fps=90.0 jank=0 tail=11ms act=HOLD bn=CPU cpuB=20 cpuPk=74 primePk=74 io=0 gpuB=43 gpuL=9 capped=0 prk=0 stl=0 draw=3.73W cT=44 gT=44 caps%[0:35,2:55,5:35,7:35,-100:40] curMHz[0:787,2:1708,5:1075,7:1017] mn/mx[0:787/787,2:499/1708,5:499/1075,7:480/1017] gpu=231 gcap=422[10/13] lrn=100
2026-08-01 14:26:10 PulseDaemon: cap write via daemon (2 node(s))
2026-08-01 14:26:10 PulseDaemon: cap write via daemon (3 node(s))
2026-08-01 14:26:10 PulseDaemon: cap write via daemon (2 node(s))
2026-08-01 14:26:12 PulseDaemon: telemetry read via daemon (16 path(s))
2026-08-01 14:26:13 PulseDaemon: telemetry read via daemon (16 path(s))
2026-08-01 14:26:13 PulseAutoTdp: tgt=90 fps=86.0 jank=1 tail=33ms act=HOLD bn=CPU cpuB=21 cpuPk=78 primePk=78 io=0 gpuB=57 gpuL=12 capped=0 prk=0 stl=0 draw=4.64W cT=45 gT=45 caps%[0:35,2:55,5:35,7:35,-100:40] curMHz[0:787,2:1708,5:1075,7:1017] gpu=231 gcap=422[10/13] lrn=100
2026-08-01 14:26:13 PulseDaemon: cap write via daemon (2 node(s))
2026-08-01 14:26:13 PulseDaemon: cap write via daemon (3 node(s))
2026-08-01 14:26:13 PulseDaemon: cap write via daemon (2 node(s))
2026-08-01 14:26:15 PulseDaemon: telemetry read via daemon (16 path(s))
2026-08-01 14:26:16 PulseDaemon: telemetry read via daemon (16 path(s))
2026-08-01 14:26:16 PulseAutoTdp: tgt=90 fps=89.5 jank=0 tail=22ms act=HOLD bn=CPU cpuB=21 cpuPk=83 primePk=83 io=0 gpuB=39 gpuL=8 capped=0 prk=0 stl=0 draw=4.83W cT=45 gT=45 caps%[0:35,2:55,5:35,7:35,-100:40] curMHz[0:787,2:1708,5:1075,7:1017] gpu=231 gcap=422[10/13] lrn=100
2026-08-01 14:26:16 PulseDaemon: cap write via daemon (2 node(s))
2026-08-01 14:26:16 PulseDaemon: cap write via daemon (3 node(s))
2026-08-01 14:26:16 PulseDaemon: cap write via daemon (2 node(s))
2026-08-01 14:26:18 PulseDaemon: telemetry read via daemon (16 path(s))
2026-08-01 14:26:19 PulseDaemon: telemetry read via daemon (16 path(s))
2026-08-01 14:26:19 PulseAutoTdp: tgt=90 fps=87.3 jank=0 tail=22ms act=HOLD bn=CPU cpuB=21 cpuPk=78 primePk=78 io=0 gpuB=37 gpuL=8 capped=0 prk=0 stl=0 draw=3.99W cT=45 gT=45 caps%[0:35,2:55,5:35,7:35,-100:40] curMHz[0:787,2:1708,5:1075,7:1017] gpu=231 gcap=422[10/13] lrn=100
2026-08-01 14:26:19 PulseDaemon: cap write via daemon (2 node(s))
2026-08-01 14:26:19 PulseDaemon: cap write via daemon (3 node(s))
2026-08-01 14:26:20 PulseDaemon: cap write via daemon (2 node(s))
2026-08-01 14:26:21 PulseDaemon: telemetry read via daemon (16 path(s))
2026-08-01 14:26:22 PulseDaemon: telemetry read via daemon (16 path(s))
2026-08-01 14:26:22 PulseAutoTdp: tgt=90 fps=88.7 jank=0 tail=22ms act=HOLD bn=CPU cpuB=20 cpuPk=86 primePk=86 io=0 gpuB=37 gpuL=8 capped=0 prk=0 stl=0 draw=3.65W cT=45 gT=45 caps%[0:35,2:55,5:35,7:35,-100:40] curMHz[0:787,2:1708,5:1075,7:1017] gpu=231 gcap=422[10/13] lrn=100
2026-08-01 14:26:22 PulseDaemon: cap write via daemon (2 node(s))
2026-08-01 14:26:23 PulseDaemon: cap write via daemon (3 node(s))
2026-08-01 14:26:23 PulseDaemon: cap write via daemon (2 node(s))
2026-08-01 14:26:24 PulseDaemon: telemetry read via daemon (16 path(s))
2026-08-01 14:26:25 PulseDaemon: telemetry read via daemon (16 path(s))
2026-08-01 14:26:25 PulseAutoTdp: tgt=90 fps=90.0 jank=0 tail=22ms act=HOLD bn=CPU cpuB=20 cpuPk=84 primePk=84 io=0 gpuB=38 gpuL=8 capped=0 prk=0 stl=0 draw=3.68W cT=45 gT=44 caps%[0:35,2:55,5:35,7:35,-100:40] curMHz[0:787,2:1708,5:1075,7:1017] gpu=231 gcap=422[10/13] lrn=100
2026-08-01 14:26:25 PulseDaemon: cap write via daemon (2 node(s))
2026-08-01 14:26:26 PulseDaemon: cap write via daemon (3 node(s))
2026-08-01 14:26:26 PulseDaemon: cap write via daemon (2 node(s))
2026-08-01 14:26:27 PulseDaemon: telemetry read via daemon (16 path(s))
2026-08-01 14:26:28 PulseDaemon: telemetry read via daemon (16 path(s))
2026-08-01 14:26:28 PulseAutoTdp: tgt=90 fps=90.0 jank=0 tail=11ms act=HOLD bn=CPU cpuB=21 cpuPk=81 primePk=81 io=0 gpuB=40 gpuL=8 capped=0 prk=0 stl=0 draw=3.69W cT=45 gT=45 caps%[0:35,2:55,5:35,7:35,-100:40] curMHz[0:787,2:1708,5:1075,7:1017] gpu=231 gcap=422[10/13] lrn=100
2026-08-01 14:26:29 PulseDaemon: cap write via daemon (2 node(s))
2026-08-01 14:26:29 PulseDaemon: cap write via daemon (2 node(s))
2026-08-01 14:26:30 PulseDaemon: telemetry read via daemon (16 path(s))
2026-08-01 14:26:31 PulseDaemon: telemetry read via daemon (16 path(s))
2026-08-01 14:26:31 PulseAutoTdp: tgt=90 fps=90.0 jank=0 tail=11ms act=HOLD bn=CPU cpuB=19 cpuPk=72 primePk=72 io=0 gpuB=40 gpuL=8 capped=0 prk=0 stl=0 draw=5.05W cT=45 gT=44 caps%[0:35,2:55,5:35,7:35,-100:40] curMHz[0:787,2:1708,5:1075,7:1017] gpu=231 gcap=422[10/13] lrn=100
2026-08-01 14:26:32 PulseDaemon: cap write via daemon (2 node(s))
2026-08-01 14:26:32 PulseDaemon: cap write via daemon (3 node(s))
2026-08-01 14:26:32 PulseDaemon: cap write via daemon (2 node(s))
2026-08-01 14:26:33 PulseDaemon: telemetry read via daemon (16 path(s))
2026-08-01 14:26:34 PulseDaemon: telemetry read via daemon (16 path(s))
2026-08-01 14:26:34 PulseAutoTdp: tgt=90 fps=90.0 jank=0 tail=11ms act=HOLD bn=CPU cpuB=20 cpuPk=79 primePk=79 io=0 gpuB=41 gpuL=9 capped=0 prk=0 stl=0 draw=3.83W cT=45 gT=45 caps%[0:35,2:55,5:35,7:35,-100:40] curMHz[0:787,2:1708,5:1075,7:1017] gpu=231 gcap=422[10/13] lrn=100
2026-08-01 14:26:35 PulseDaemon: cap write via daemon (3 node(s))
2026-08-01 14:26:35 PulseDaemon: cap write via daemon (2 node(s))
2026-08-01 14:26:36 PulseDaemon: telemetry read via daemon (16 path(s))
2026-08-01 14:26:37 PulseDaemon: telemetry read via daemon (16 path(s))
2026-08-01 14:26:37 PulseAutoTdp: tgt=90 fps=90.0 jank=0 tail=11ms act=HOLD bn=CPU cpuB=20 cpuPk=72 primePk=72 io=0 gpuB=41 gpuL=9 capped=0 prk=0 stl=0 draw=3.69W cT=45 gT=45 caps%[0:35,2:55,5:35,7:35,-100:40] curMHz[0:787,2:1708,5:1075,7:1017] gpu=231 gcap=422[10/13] lrn=100
2026-08-01 14:26:37 PulseDaemon: cap write via daemon (2 node(s))
2026-08-01 14:26:38 PulseDaemon: cap write via daemon (3 node(s))
2026-08-01 14:26:38 PulseDaemon: cap write via daemon (2 node(s))
2026-08-01 14:26:39 PulseDaemon: telemetry read via daemon (16 path(s))
2026-08-01 14:26:40 PulseDaemon: telemetry read via daemon (16 path(s))
2026-08-01 14:26:40 PulseAutoTdp: AUTOTDP-SESSION tgt=90 bias=EFFICIENT wattCap=0 policies=0:2265600:0,1;2:3148800:2,3,4;5:2956800:5,6;7:3052800:7;-100:1050000:
2026-08-01 14:26:41 PulseAutoTdp: tgt=90 fps=90.0 jank=0 tail=11ms act=HOLD bn=CPU cpuB=20 cpuPk=75 primePk=75 io=0 gpuB=40 gpuL=8 capped=0 prk=0 stl=0 draw=4.83W cT=45 gT=45 caps%[0:35,2:55,5:35,7:35,-100:40] curMHz[0:787,2:1708,5:1075,7:1017] mn/mx[0:364/787,2:499/1708,5:499/1075,7:480/1017] gpu=231 gcap=422[10/13] lrn=100
2026-08-01 14:26:41 PulseDaemon: cap write via daemon (2 node(s))
2026-08-01 14:26:41 PulseDaemon: cap write via daemon (3 node(s))
2026-08-01 14:26:42 PulseDaemon: cap write via daemon (2 node(s))
2026-08-01 14:26:43 PulseDaemon: telemetry read via daemon (16 path(s))
2026-08-01 14:26:44 PulseDaemon: telemetry read via daemon (16 path(s))
2026-08-01 14:26:44 PulseAutoTdp: tgt=90 fps=90.0 jank=0 tail=11ms act=HOLD bn=CPU cpuB=20 cpuPk=73 primePk=73 io=0 gpuB=39 gpuL=8 capped=0 prk=0 stl=0 draw=3.66W cT=45 gT=45 caps%[0:35,2:55,5:35,7:35,-100:40] curMHz[0:787,2:1708,5:1075,7:1017] gpu=231 gcap=422[10/13] lrn=100
2026-08-01 14:26:44 PulseDaemon: cap write via daemon (2 node(s))
2026-08-01 14:26:45 PulseDaemon: cap write via daemon (3 node(s))
2026-08-01 14:26:45 PulseDaemon: cap write via daemon (2 node(s))
2026-08-01 14:26:46 PulseDaemon: telemetry read via daemon (16 path(s))
2026-08-01 14:26:47 PulseDaemon: telemetry read via daemon (16 path(s))
2026-08-01 14:26:47 PulseAutoTdp: tgt=90 fps=90.0 jank=0 tail=11ms act=HOLD bn=CPU cpuB=20 cpuPk=76 primePk=76 io=0 gpuB=40 gpuL=8 capped=0 prk=0 stl=0 draw=4.84W cT=44 gT=44 caps%[0:35,2:55,5:35,7:35,-100:40] curMHz[0:787,2:1708,5:1075,7:1017] gpu=231 gcap=422[10/13] lrn=100
2026-08-01 14:26:47 PulseDaemon: cap write via daemon (2 node(s))
2026-08-01 14:26:48 PulseDaemon: cap write via daemon (3 node(s))
2026-08-01 14:26:48 PulseDaemon: cap write via daemon (2 node(s))
2026-08-01 14:26:49 PulseDaemon: telemetry read via daemon (16 path(s))
2026-08-01 14:26:50 PulseDaemon: telemetry read via daemon (16 path(s))
2026-08-01 14:26:50 PulseAutoTdp: tgt=90 fps=90.0 jank=0 tail=11ms act=HOLD bn=CPU cpuB=21 cpuPk=74 primePk=74 io=0 gpuB=41 gpuL=9 capped=0 prk=0 stl=0 draw=4.11W cT=45 gT=45 caps%[0:35,2:55,5:35,7:35,-100:40] curMHz[0:787,2:1708,5:1075,7:1017] gpu=231 gcap=422[10/13] lrn=100
2026-08-01 14:26:50 PulseDaemon: cap write via daemon (2 node(s))
2026-08-01 14:26:51 PulseDaemon: cap write via daemon (3 node(s))
2026-08-01 14:26:51 PulseDaemon: cap write via daemon (2 node(s))
2026-08-01 14:26:52 PulseDaemon: telemetry read via daemon (16 path(s))
2026-08-01 14:26:53 PulseDaemon: telemetry read via daemon (16 path(s))
2026-08-01 14:26:53 PulseAutoTdp: tgt=90 fps=90.0 jank=0 tail=11ms act=HOLD bn=CPU cpuB=22 cpuPk=73 primePk=73 io=0 gpuB=41 gpuL=9 capped=0 prk=0 stl=0 draw=5.34W cT=45 gT=44 caps%[0:35,2:55,5:35,7:35,-100:40] curMHz[0:787,2:1708,5:1075,7:1017] gpu=231 gcap=422[10/13] lrn=100
2026-08-01 14:26:54 PulseDaemon: cap write via daemon (2 node(s))
2026-08-01 14:26:54 PulseDaemon: cap write via daemon (2 node(s))
2026-08-01 14:26:55 PulseDaemon: telemetry read via daemon (16 path(s))
2026-08-01 14:26:56 PulseDaemon: telemetry read via daemon (16 path(s))
2026-08-01 14:26:56 PulseAutoTdp: tgt=90 fps=90.0 jank=0 tail=11ms act=HOLD bn=CPU cpuB=21 cpuPk=76 primePk=76 io=0 gpuB=39 gpuL=8 capped=0 prk=0 stl=0 draw=4.75W cT=45 gT=45 caps%[0:35,2:55,5:35,7:35,-100:40] curMHz[0:787,2:1708,5:1075,7:1017] gpu=231 gcap=422[10/13] lrn=100
2026-08-01 14:26:56 PulseDaemon: cap write via xsu fallback (2 node(s), ~413 chars, chunked)
2026-08-01 14:26:57 PulseDaemon: cap write via daemon (3 node(s))
2026-08-01 14:26:57 PulseDaemon: cap write via daemon (2 node(s))
2026-08-01 14:26:58 PulseDaemon: telemetry read via daemon (16 path(s))
2026-08-01 14:26:59 PulseDaemon: telemetry read via daemon (16 path(s))
2026-08-01 14:26:59 PulseAutoTdp: tgt=90 fps=90.0 jank=0 tail=11ms act=HOLD bn=CPU cpuB=21 cpuPk=74 primePk=74 io=0 gpuB=40 gpuL=8 capped=0 prk=0 stl=0 draw=4.75W cT=45 gT=45 caps%[0:35,2:55,5:35,7:35,-100:40] curMHz[0:787,2:1708,5:1075,7:1017] gpu=231 gcap=422[10/13] lrn=100
2026-08-01 14:27:00 PulseDaemon: cap write via daemon (2 node(s))
2026-08-01 14:27:00 PulseDaemon: cap write via daemon (3 node(s))
2026-08-01 14:27:00 PulseDaemon: cap write via daemon (2 node(s))
2026-08-01 14:27:01 PulseDaemon: telemetry read via daemon (16 path(s))
2026-08-01 14:27:02 PulseDaemon: telemetry read via daemon (16 path(s))
2026-08-01 14:27:03 PulseAutoTdp: tgt=90 fps=90.0 jank=0 tail=11ms act=HOLD bn=CPU cpuB=21 cpuPk=75 primePk=75 io=0 gpuB=42 gpuL=9 capped=0 prk=0 stl=0 draw=4.61W cT=46 gT=45 caps%[0:35,2:55,5:35,7:35,-100:40] curMHz[0:787,2:1708,5:1075,7:1017] gpu=231 gcap=422[10/13] lrn=100
2026-08-01 14:27:03 PulseDaemon: cap write via xsu fallback (2 node(s), ~413 chars, chunked)
2026-08-01 14:27:03 PulseDaemon: cap write via daemon (3 node(s))
2026-08-01 14:27:03 PulseDaemon: cap write via daemon (2 node(s))
2026-08-01 14:27:04 PulseDaemon: telemetry read via daemon (16 path(s))
2026-08-01 14:27:05 PulseDaemon: telemetry read via daemon (16 path(s))
2026-08-01 14:27:06 PulseAutoTdp: tgt=90 fps=90.0 jank=0 tail=11ms act=HOLD bn=CPU cpuB=21 cpuPk=78 primePk=78 io=0 gpuB=58 gpuL=12 capped=0 prk=0 stl=0 draw=5.14W cT=46 gT=45 caps%[0:35,2:55,5:35,7:35,-100:40] curMHz[0:787,2:1708,5:1075,7:1017] gpu=231 gcap=422[10/13] lrn=100
2026-08-01 14:27:06 PulseDaemon: cap write via daemon (2 node(s))
2026-08-01 14:27:06 PulseDaemon: cap write via daemon (3 node(s))
2026-08-01 14:27:06 PulseDaemon: cap write via daemon (2 node(s))
2026-08-01 14:27:07 PulseDaemon: telemetry read via daemon (16 path(s))
2026-08-01 14:27:09 PulseDaemon: telemetry read via daemon (16 path(s))
2026-08-01 14:27:09 PulseAutoTdp: tgt=90 fps=90.0 jank=0 tail=11ms act=HOLD bn=CPU cpuB=22 cpuPk=85 primePk=85 io=0 gpuB=60 gpuL=13 capped=0 prk=0 stl=0 draw=3.44W cT=46 gT=45 caps%[0:35,2:55,5:35,7:35,-100:40] curMHz[0:787,2:1708,5:1075,7:1017] gpu=231 gcap=422[10/13] lrn=100
2026-08-01 14:27:09 PulseDaemon: cap write via daemon (2 node(s))
2026-08-01 14:27:09 PulseDaemon: cap write via daemon (3 node(s))
2026-08-01 14:27:09 PulseDaemon: cap write via daemon (2 node(s))
2026-08-01 14:27:10 PulseDaemon: telemetry read via daemon (16 path(s))
2026-08-01 14:27:12 PulseDaemon: telemetry read via daemon (16 path(s))
2026-08-01 14:27:13 PulseAutoTdp: tgt=90 fps=90.0 jank=0 tail=11ms act=HOLD bn=CPU cpuB=22 cpuPk=73 primePk=73 io=0 gpuB=48 gpuL=10 capped=0 prk=0 stl=0 draw=4.54W cT=46 gT=45 caps%[0:35,2:55,5:35,7:35,-100:40] curMHz[0:787,2:1708,5:1075,7:1017] mn/mx[0:787/787,2:499/1708,5:499/1075,7:480/1017] gpu=231 gcap=422[10/13] lrn=100
2026-08-01 14:27:13 PulseDaemon: cap write via daemon (2 node(s))
2026-08-01 14:27:13 PulseDaemon: cap write via daemon (3 node(s))
2026-08-01 14:27:13 PulseDaemon: cap write via daemon (2 node(s))
2026-08-01 14:27:14 PulseDaemon: telemetry read via daemon (16 path(s))
2026-08-01 14:27:15 PulseDaemon: telemetry read via daemon (16 path(s))
2026-08-01 14:27:16 PulseAutoTdp: tgt=90 fps=90.0 jank=0 tail=11ms act=HOLD bn=CPU cpuB=23 cpuPk=82 primePk=82 io=0 gpuB=59 gpuL=12 capped=0 prk=0 stl=0 draw=4.98W cT=45 gT=46 caps%[0:35,2:55,5:35,7:35,-100:40] curMHz[0:787,2:1708,5:1075,7:1017] gpu=231 gcap=422[10/13] lrn=100
2026-08-01 14:27:16 PulseDaemon: cap write via daemon (2 node(s))
2026-08-01 14:27:16 PulseDaemon: cap write via daemon (3 node(s))
2026-08-01 14:27:16 PulseDaemon: cap write via daemon (2 node(s))
2026-08-01 14:27:17 PulseDaemon: telemetry read via daemon (16 path(s))
2026-08-01 14:27:19 PulseDaemon: telemetry read via daemon (16 path(s))
2026-08-01 14:27:19 PulseAutoTdp: tgt=90 fps=90.0 jank=0 tail=11ms act=HOLD bn=CPU cpuB=23 cpuPk=78 primePk=78 io=0 gpuB=63 gpuL=13 capped=0 prk=0 stl=0 draw=5.68W cT=46 gT=45 caps%[0:35,2:55,5:35,7:35,-100:40] curMHz[0:787,2:1708,5:1075,7:1017] gpu=231 gcap=422[10/13] lrn=100
2026-08-01 14:27:19 PulseDaemon: cap write via daemon (2 node(s))
2026-08-01 14:27:19 PulseDaemon: cap write via daemon (3 node(s))
2026-08-01 14:27:19 PulseDaemon: cap write via daemon (2 node(s))
2026-08-01 14:27:20 PulseDaemon: telemetry read via daemon (16 path(s))
2026-08-01 14:27:22 PulseDaemon: telemetry read via daemon (16 path(s))
2026-08-01 14:27:22 PulseAutoTdp: tgt=90 fps=90.0 jank=0 tail=11ms act=HOLD bn=CPU cpuB=22 cpuPk=80 primePk=80 io=0 gpuB=59 gpuL=12 capped=0 prk=0 stl=0 draw=3.44W cT=45 gT=46 caps%[0:35,2:55,5:35,7:35,-100:40] curMHz[0:787,2:1708,5:1075,7:1017] gpu=231 gcap=422[10/13] lrn=100
2026-08-01 14:27:22 PulseDaemon: cap write via daemon (2 node(s))
2026-08-01 14:27:23 PulseDaemon: telemetry read via daemon (16 path(s))
2026-08-01 14:27:25 PulseDaemon: telemetry read via daemon (16 path(s))
2026-08-01 14:27:25 PulseAutoTdp: tgt=90 fps=90.0 jank=0 tail=11ms act=HOLD bn=CPU cpuB=20 cpuPk=71 primePk=71 io=0 gpuB=58 gpuL=12 capped=0 prk=0 stl=0 draw=4.86W cT=45 gT=46 caps%[0:35,2:55,5:35,7:35,-100:40] curMHz[0:787,2:1708,5:1075,7:1017] gpu=231 gcap=422[10/13] lrn=100
2026-08-01 14:27:25 PulseDaemon: cap write via daemon (3 node(s))
2026-08-01 14:27:25 PulseDaemon: cap write via daemon (2 node(s))
2026-08-01 14:27:26 PulseDaemon: telemetry read via daemon (16 path(s))
2026-08-01 14:27:28 PulseDaemon: telemetry read via daemon (16 path(s))
2026-08-01 14:27:28 PulseAutoTdp: AUTOTDP-SESSION tgt=90 bias=EFFICIENT wattCap=0 policies=0:2265600:0,1;2:3148800:2,3,4;5:2956800:5,6;7:3052800:7;-100:1050000:
2026-08-01 14:27:28 PulseDaemon: cap write via daemon (2 node(s))
2026-08-01 14:27:28 PulseDaemon: cap write via daemon (3 node(s))
2026-08-01 14:27:28 PulseDaemon: cap write via daemon (2 node(s))
2026-08-01 14:27:29 PulseDaemon: telemetry read via daemon (16 path(s))
2026-08-01 14:27:31 PulseDaemon: telemetry read via daemon (16 path(s))
2026-08-01 14:27:31 PulseAutoTdp: tgt=90 fps=90.0 jank=0 tail=22ms act=HOLD bn=CPU cpuB=25 cpuPk=79 primePk=79 io=0 gpuB=61 gpuL=13 capped=0 prk=0 stl=0 draw=5.08W cT=46 gT=46 caps%[0:35,2:55,5:35,7:35,-100:40] curMHz[0:787,2:1708,5:1075,7:1017] gpu=231 gcap=422[10/13] lrn=100
2026-08-01 14:27:31 PulseDaemon: cap write via daemon (2 node(s))
2026-08-01 14:27:31 PulseDaemon: cap write via daemon (3 node(s))
2026-08-01 14:27:31 PulseDaemon: cap write via daemon (2 node(s))
2026-08-01 14:27:32 PulseDaemon: telemetry read via daemon (16 path(s))
2026-08-01 14:27:34 PulseDaemon: telemetry read via daemon (16 path(s))
2026-08-01 14:27:34 PulseAutoTdp: tgt=90 fps=90.0 jank=0 tail=11ms act=HOLD bn=CPU cpuB=25 cpuPk=82 primePk=82 io=0 gpuB=63 gpuL=13 capped=0 prk=0 stl=0 draw=3.77W cT=46 gT=46 caps%[0:35,2:55,5:35,7:35,-100:40] curMHz[0:787,2:1708,5:1075,7:1017] gpu=231 gcap=422[10/13] lrn=100
2026-08-01 14:27:34 PulseDaemon: cap write via daemon (2 node(s))
2026-08-01 14:27:34 PulseDaemon: cap write via daemon (3 node(s))
2026-08-01 14:27:34 PulseDaemon: cap write via daemon (2 node(s))
2026-08-01 14:27:36 PulseDaemon: telemetry read via daemon (16 path(s))
2026-08-01 14:27:37 PulseDaemon: telemetry read via daemon (16 path(s))
2026-08-01 14:27:37 PulseAutoTdp: tgt=90 fps=90.0 jank=0 tail=11ms act=HOLD bn=CPU cpuB=24 cpuPk=86 primePk=86 io=0 gpuB=47 gpuL=10 capped=0 prk=0 stl=0 draw=5.44W cT=46 gT=46 caps%[0:35,2:55,5:35,7:35,-100:40] curMHz[0:787,2:1708,5:1075,7:1017] gpu=231 gcap=422[10/13] lrn=100
2026-08-01 14:27:37 PulseDaemon: cap write via daemon (2 node(s))
2026-08-01 14:27:37 PulseDaemon: cap write via daemon (3 node(s))
2026-08-01 14:27:37 PulseDaemon: cap write via daemon (2 node(s))
2026-08-01 14:27:39 PulseDaemon: telemetry read via daemon (16 path(s))
2026-08-01 14:27:40 PulseDaemon: telemetry read via daemon (16 path(s))
2026-08-01 14:27:40 PulseAutoTdp: tgt=90 fps=90.0 jank=0 tail=11ms act=HOLD bn=CPU cpuB=22 cpuPk=84 primePk=84 io=0 gpuB=69 gpuL=15 capped=0 prk=0 stl=0 draw=5.44W cT=46 gT=46 caps%[0:35,2:55,5:35,7:35,-100:40] curMHz[0:787,2:1708,5:1075,7:1017] gpu=231 gcap=422[10/13] lrn=100
2026-08-01 14:27:40 PulseDaemon: cap write via daemon (2 node(s))
2026-08-01 14:27:40 PulseDaemon: cap write via daemon (3 node(s))
2026-08-01 14:27:40 PulseDaemon: cap write via daemon (2 node(s))
2026-08-01 14:27:42 PulseDaemon: telemetry read via daemon (16 path(s))
2026-08-01 14:27:43 PulseDaemon: telemetry read via daemon (16 path(s))
2026-08-01 14:27:44 PulseAutoTdp: tgt=90 fps=86.5 jank=2 tail=33ms act=HOLD bn=CPU cpuB=25 cpuPk=82 primePk=82 io=0 gpuB=59 gpuL=12 capped=0 prk=0 stl=0 draw=4.01W cT=46 gT=46 caps%[0:35,2:55,5:35,7:35,-100:40] curMHz[0:787,2:1708,5:1075,7:1017] mn/mx[0:364/787,2:499/1708,5:499/1075,7:480/1017] gpu=231 gcap=422[10/13] lrn=100
2026-08-01 14:27:44 PulseDaemon: cap write via daemon (2 node(s))
2026-08-01 14:27:44 PulseDaemon: cap write via daemon (3 node(s))
2026-08-01 14:27:44 PulseDaemon: cap write via daemon (2 node(s))
2026-08-01 14:27:46 PulseDaemon: telemetry read via daemon (16 path(s))
2026-08-01 14:27:47 PulseDaemon: telemetry read via daemon (16 path(s))
2026-08-01 14:27:47 PulseAutoTdp: tgt=90 fps=90.0 jank=0 tail=11ms act=HOLD bn=CPU cpuB=22 cpuPk=81 primePk=81 io=0 gpuB=66 gpuL=14 capped=0 prk=0 stl=0 draw=5.21W cT=46 gT=46 caps%[0:35,2:55,5:35,7:35,-100:40] curMHz[0:787,2:1708,5:1075,7:1017] gpu=231 gcap=422[10/13] lrn=100
2026-08-01 14:27:47 PulseDaemon: cap write via daemon (2 node(s))
2026-08-01 14:27:47 PulseDaemon: cap write via daemon (3 node(s))
2026-08-01 14:27:47 PulseDaemon: cap write via daemon (2 node(s))
2026-08-01 14:27:49 PulseDaemon: telemetry read via daemon (16 path(s))
2026-08-01 14:27:50 PulseDaemon: telemetry read via daemon (16 path(s))
2026-08-01 14:27:50 PulseAutoTdp: tgt=90 fps=90.0 jank=0 tail=11ms act=HOLD bn=CPU cpuB=22 cpuPk=75 primePk=75 io=0 gpuB=62 gpuL=13 capped=0 prk=0 stl=0 draw=4.86W cT=46 gT=46 caps%[0:35,2:55,5:35,7:35,-100:40] curMHz[0:787,2:1708,5:1075,7:1017] gpu=231 gcap=422[10/13] lrn=100
2026-08-01 14:27:50 PulseDaemon: cap write via daemon (2 node(s))
2026-08-01 14:27:50 PulseDaemon: cap write via daemon (3 node(s))
2026-08-01 14:27:50 PulseDaemon: cap write via daemon (2 node(s))
2026-08-01 14:27:52 PulseDaemon: telemetry read via daemon (16 path(s))
2026-08-01 14:27:53 PulseDaemon: telemetry read via daemon (16 path(s))
2026-08-01 14:27:53 PulseAutoTdp: tgt=90 fps=90.0 jank=0 tail=22ms act=HOLD bn=CPU cpuB=25 cpuPk=80 primePk=80 io=0 gpuB=45 gpuL=9 capped=0 prk=0 stl=0 draw=5.05W cT=46 gT=46 caps%[0:35,2:55,5:35,7:35,-100:40] curMHz[0:787,2:1708,5:1075,7:1017] gpu=231 gcap=422[10/13] lrn=100
2026-08-01 14:27:53 PulseDaemon: cap write via daemon (2 node(s))
2026-08-01 14:27:53 PulseDaemon: cap write via daemon (3 node(s))
2026-08-01 14:27:54 PulseDaemon: cap write via daemon (2 node(s))
2026-08-01 14:27:55 PulseDaemon: telemetry read via daemon (16 path(s))
2026-08-01 14:27:56 PulseDaemon: telemetry read via daemon (16 path(s))
2026-08-01 14:27:56 PulseAutoTdp: tgt=90 fps=90.0 jank=0 tail=11ms act=HOLD bn=CPU cpuB=22 cpuPk=84 primePk=84 io=0 gpuB=60 gpuL=13 capped=0 prk=0 stl=0 draw=3.56W cT=46 gT=46 caps%[0:35,2:55,5:35,7:35,-100:40] curMHz[0:787,2:1708,5:1075,7:1017] gpu=231 gcap=422[10/13] lrn=100
2026-08-01 14:27:56 PulseDaemon: cap write via daemon (2 node(s))
2026-08-01 14:27:57 PulseDaemon: cap write via daemon (3 node(s))
2026-08-01 14:27:57 PulseDaemon: cap write via daemon (2 node(s))
2026-08-01 14:27:58 PulseDaemon: telemetry read via daemon (16 path(s))
2026-08-01 14:27:59 PulseDaemon: telemetry read via daemon (16 path(s))
2026-08-01 14:28:00 PulseAutoTdp: tgt=90 fps=90.0 jank=0 tail=22ms act=HOLD bn=CPU cpuB=25 cpuPk=85 primePk=85 io=0 gpuB=62 gpuL=13 capped=0 prk=0 stl=0 draw=5.29W cT=46 gT=46 caps%[0:35,2:55,5:35,7:35,-100:40] curMHz[0:787,2:1708,5:1075,7:1017] gpu=231 gcap=422[10/13] lrn=100
2026-08-01 14:28:00 PulseDaemon: cap write via daemon (2 node(s))
2026-08-01 14:28:00 PulseDaemon: cap write via daemon (3 node(s))
2026-08-01 14:28:00 PulseDaemon: cap write via daemon (2 node(s))
2026-08-01 14:28:01 PulseDaemon: telemetry read via daemon (16 path(s))
2026-08-01 14:28:02 PulseDaemon: telemetry read via daemon (16 path(s))
2026-08-01 14:28:03 PulseAutoTdp: tgt=90 fps=90.0 jank=0 tail=11ms act=HOLD bn=CPU cpuB=21 cpuPk=71 primePk=71 io=0 gpuB=52 gpuL=11 capped=0 prk=0 stl=0 draw=4.85W cT=46 gT=46 caps%[0:35,2:55,5:35,7:35,-100:40] curMHz[0:787,2:1708,5:1075,7:1017] gpu=231 gcap=422[10/13] lrn=100
2026-08-01 14:28:03 PulseDaemon: cap write via daemon (2 node(s))
2026-08-01 14:28:03 PulseDaemon: cap write via daemon (3 node(s))
2026-08-01 14:28:03 PulseDaemon: cap write via daemon (2 node(s))
2026-08-01 14:28:04 PulseDaemon: telemetry read via daemon (16 path(s))
2026-08-01 14:28:06 PulseDaemon: telemetry read via daemon (16 path(s))
2026-08-01 14:28:06 PulseAutoTdp: tgt=90 fps=90.0 jank=0 tail=11ms act=HOLD bn=CPU cpuB=20 cpuPk=74 primePk=74 io=0 gpuB=48 gpuL=10 capped=0 prk=0 stl=0 draw=3.50W cT=45 gT=45 caps%[0:35,2:55,5:35,7:35,-100:40] curMHz[0:787,2:1708,5:1075,7:1017] gpu=231 gcap=422[10/13] lrn=100
2026-08-01 14:28:07 PulseDaemon: telemetry read via daemon (16 path(s))
2026-08-01 14:28:09 PulseDaemon: telemetry read via daemon (16 path(s))
2026-08-01 14:28:09 PulseAutoTdp: tgt=90 fps=90.0 jank=0 tail=11ms act=HOLD bn=CPU cpuB=21 cpuPk=72 primePk=72 io=0 gpuB=51 gpuL=11 capped=0 prk=0 stl=0 draw=3.38W cT=45 gT=44 caps%[0:35,2:55,5:35,7:35,-100:40] curMHz[0:787,2:1708,5:1075,7:1017] gpu=231 gcap=422[10/13] lrn=100
2026-08-01 14:28:09 PulseDaemon: cap write via daemon (2 node(s))
2026-08-01 14:28:09 PulseDaemon: cap write via daemon (2 node(s))
2026-08-01 14:28:10 PulseDaemon: telemetry read via daemon (16 path(s))
2026-08-01 14:28:12 PulseDaemon: telemetry read via daemon (16 path(s))
2026-08-01 14:28:12 PulseAutoTdp: tgt=90 fps=90.0 jank=0 tail=11ms act=HOLD bn=CPU cpuB=21 cpuPk=72 primePk=72 io=0 gpuB=37 gpuL=8 capped=0 prk=0 stl=0 draw=3.69W cT=46 gT=44 caps%[0:35,2:55,5:35,7:35,-100:40] curMHz[0:787,2:1708,5:1075,7:1017] gpu=231 gcap=422[10/13] lrn=100
2026-08-01 14:28:12 PulseDaemon: cap write via daemon (2 node(s))
2026-08-01 14:28:12 PulseDaemon: cap write via daemon (3 node(s))
2026-08-01 14:28:12 PulseDaemon: cap write via daemon (2 node(s))
2026-08-01 14:28:13 PulseDaemon: telemetry read via daemon (16 path(s))
2026-08-01 14:28:15 PulseDaemon: telemetry read via daemon (16 path(s))
2026-08-01 14:28:15 PulseAutoTdp: AUTOTDP-SESSION tgt=90 bias=EFFICIENT wattCap=0 policies=0:2265600:0,1;2:3148800:2,3,4;5:2956800:5,6;7:3052800:7;-100:1050000:
2026-08-01 14:28:16 PulseAutoTdp: tgt=90 fps=90.0 jank=0 tail=11ms act=HOLD bn=CPU cpuB=20 cpuPk=71 primePk=71 io=0 gpuB=37 gpuL=8 capped=0 prk=0 stl=0 draw=3.77W cT=46 gT=44 caps%[0:35,2:55,5:35,7:35,-100:40] curMHz[0:787,2:1708,5:1075,7:1017] mn/mx[0:787/787,2:499/1708,5:499/1075,7:480/1017] gpu=231 gcap=422[10/13] lrn=100
2026-08-01 14:28:16 PulseDaemon: cap write via daemon (2 node(s))
2026-08-01 14:28:16 PulseDaemon: cap write via daemon (3 node(s))
2026-08-01 14:28:16 PulseDaemon: cap write via daemon (2 node(s))
2026-08-01 14:28:17 PulseDaemon: telemetry read via daemon (16 path(s))
2026-08-01 14:28:18 PulseDaemon: telemetry read via daemon (16 path(s))
2026-08-01 14:28:19 PulseAutoTdp: tgt=90 fps=90.0 jank=0 tail=11ms act=HOLD bn=CPU cpuB=22 cpuPk=78 primePk=78 io=0 gpuB=68 gpuL=14 capped=0 prk=0 stl=0 draw=5.48W cT=46 gT=45 caps%[0:35,2:55,5:35,7:35,-100:40] curMHz[0:787,2:1708,5:1075,7:1017] gpu=231 gcap=422[10/13] lrn=100
2026-08-01 14:28:19 PulseDaemon: cap write via daemon (2 node(s))
2026-08-01 14:28:19 PulseDaemon: cap write via daemon (3 node(s))
2026-08-01 14:28:19 PulseDaemon: cap write via daemon (2 node(s))
2026-08-01 14:28:20 PulseDaemon: telemetry read via daemon (16 path(s))
2026-08-01 14:28:22 PulseDaemon: telemetry read via daemon (16 path(s))
2026-08-01 14:28:22 PulseAutoTdp: tgt=90 fps=90.0 jank=0 tail=11ms act=HOLD bn=CPU cpuB=21 cpuPk=70 primePk=70 io=0 gpuB=58 gpuL=12 capped=0 prk=0 stl=0 draw=4.85W cT=46 gT=45 caps%[0:35,2:55,5:35,7:35,-100:40] curMHz[0:787,2:1708,5:1075,7:1017] gpu=231 gcap=422[10/13] lrn=100
2026-08-01 14:28:22 PulseDaemon: cap write via daemon (2 node(s))
2026-08-01 14:28:22 PulseDaemon: cap write via daemon (3 node(s))
2026-08-01 14:28:22 PulseDaemon: cap write via daemon (2 node(s))
2026-08-01 14:28:23 PulseDaemon: telemetry read via daemon (16 path(s))
2026-08-01 14:28:25 PulseDaemon: telemetry read via daemon (16 path(s))
2026-08-01 14:28:25 PulseDaemon: cap write via daemon (7 node(s))
2026-08-01 14:28:25 PulseAutoTdp: tgt=90 fps=80.4 jank=4 tail=44ms act=RAISE bn=CPU cpuB=26 cpuPk=86 primePk=86 io=0 gpuB=55 gpuL=12 capped=0 prk=0 stl=0 draw=5.23W cT=46 gT=46 caps%[0:35,2:60,5:35,7:35,-100:40] curMHz[0:787,2:1708,5:1075,7:1017] gpu=231 gcap=422[10/13] lrn=100
2026-08-01 14:28:25 PulseDaemon: cap write via daemon (2 node(s))
2026-08-01 14:28:25 PulseDaemon: cap write via daemon (3 node(s))
2026-08-01 14:28:25 PulseDaemon: cap write via daemon (2 node(s))
2026-08-01 14:28:26 PulseDaemon: telemetry read via daemon (16 path(s))
2026-08-01 14:28:28 PulseDaemon: telemetry read via daemon (16 path(s))
2026-08-01 14:28:28 PulseDaemon: cap write via daemon (7 node(s))
2026-08-01 14:28:28 PulseAutoTdp: tgt=90 fps=82.8 jank=3 tail=33ms act=TRIM bn=CPU cpuB=27 cpuPk=83 primePk=83 io=0 gpuB=61 gpuL=13 capped=0 prk=0 stl=0 draw=5.12W cT=47 gT=46 caps%[0:35,2:55,5:35,7:35,-100:40] curMHz[0:787,2:1920,5:1075,7:1017] gpu=231 gcap=422[10/13] lrn=100
2026-08-01 14:28:28 PulseDaemon: cap write via daemon (2 node(s))
2026-08-01 14:28:28 PulseDaemon: cap write via daemon (3 node(s))
2026-08-01 14:28:29 PulseDaemon: cap write via daemon (2 node(s))
2026-08-01 14:28:30 PulseDaemon: telemetry read via daemon (16 path(s))
2026-08-01 14:28:31 PulseDaemon: telemetry read via daemon (16 path(s))
2026-08-01 14:28:31 PulseAutoTdp: tgt=90 fps=90.0 jank=0 tail=11ms act=HOLD bn=CPU cpuB=21 cpuPk=75 primePk=75 io=0 gpuB=77 gpuL=16 capped=0 prk=0 stl=0 draw=4.39W cT=46 gT=46 caps%[0:35,2:55,5:35,7:35,-100:40] curMHz[0:787,2:1708,5:1075,7:1017] gpu=231 gcap=422[10/13] lrn=100
2026-08-01 14:28:31 PulseDaemon: cap write via xsu fallback (3 node(s), ~620 chars, chunked)
2026-08-01 14:28:32 PulseDaemon: cap write via daemon (2 node(s))
2026-08-01 14:28:33 PulseDaemon: telemetry read via daemon (16 path(s))
2026-08-01 14:28:34 PulseDaemon: telemetry read via daemon (16 path(s))
2026-08-01 14:28:35 PulseAutoTdp: tgt=90 fps=90.0 jank=0 tail=11ms act=HOLD bn=CPU cpuB=21 cpuPk=73 primePk=73 io=0 gpuB=76 gpuL=16 capped=0 prk=0 stl=0 draw=5.56W cT=47 gT=46 caps%[0:35,2:55,5:35,7:35,-100:40] curMHz[0:787,2:1708,5:1075,7:1017] gpu=231 gcap=422[10/13] lrn=100
2026-08-01 14:28:35 PulseDaemon: cap write via xsu fallback (2 node(s), ~413 chars, chunked)
2026-08-01 14:28:35 PulseDaemon: cap write via xsu fallback (3 node(s), ~620 chars, chunked)
2026-08-01 14:28:35 PulseDaemon: cap write via daemon (2 node(s))
2026-08-01 14:28:36 PulseDaemon: telemetry read via daemon (16 path(s))
2026-08-01 14:28:38 PulseDaemon: telemetry read via daemon (16 path(s))
2026-08-01 14:28:38 PulseDaemon: cap write via daemon (7 node(s))
2026-08-01 14:28:38 PulseAutoTdp: tgt=90 fps=84.4 jank=2 tail=44ms act=RAISE bn=CPU cpuB=25 cpuPk=81 primePk=81 io=0 gpuB=63 gpuL=13 capped=0 prk=0 stl=0 draw=5.27W cT=46 gT=47 caps%[0:35,2:60,5:35,7:35,-100:40] curMHz[0:787,2:1708,5:1075,7:1017] gpu=231 gcap=422[10/13] lrn=100
2026-08-01 14:28:38 PulseDaemon: cap write via daemon (3 node(s))
2026-08-01 14:28:38 PulseDaemon: cap write via daemon (2 node(s))
2026-08-01 14:28:40 PulseDaemon: telemetry read via daemon (16 path(s))
2026-08-01 14:28:41 PulseDaemon: telemetry read via daemon (16 path(s))
2026-08-01 14:28:41 PulseAutoTdp: tgt=90 fps=90.0 jank=0 tail=11ms act=HOLD bn=CPU cpuB=23 cpuPk=79 primePk=79 io=0 gpuB=75 gpuL=16 capped=0 prk=0 stl=0 draw=5.30W cT=47 gT=46 caps%[0:35,2:60,5:35,7:35,-100:40] curMHz[0:787,2:1920,5:1075,7:1017] gpu=231 gcap=422[10/13] lrn=100
2026-08-01 14:28:41 PulseDaemon: cap write via daemon (2 node(s))
2026-08-01 14:28:43 PulseDaemon: telemetry read via daemon (16 path(s))
2026-08-01 14:28:44 PulseDaemon: telemetry read via daemon (16 path(s))
2026-08-01 14:28:44 PulseDaemon: cap write via daemon (7 node(s))
2026-08-01 14:28:44 PulseAutoTdp: tgt=90 fps=81.3 jank=3 tail=33ms act=RAISE bn=CPU cpuB=27 cpuPk=80 primePk=80 io=0 gpuB=41 gpuL=9 capped=0 prk=0 stl=0 draw=3.84W cT=47 gT=46 caps%[0:35,2:65,5:35,7:35,-100:40] curMHz[0:787,2:1920,5:1075,7:1017] gpu=231 gcap=422[10/13] lrn=100
2026-08-01 14:28:44 PulseDaemon: cap write via daemon (2 node(s))
2026-08-01 14:28:44 PulseDaemon: cap write via daemon (3 node(s))
2026-08-01 14:28:45 PulseDaemon: cap write via daemon (2 node(s))
2026-08-01 14:28:46 PulseDaemon: telemetry read via daemon (16 path(s))
2026-08-01 14:28:47 PulseDaemon: telemetry read via daemon (16 path(s))
2026-08-01 14:28:48 PulseAutoTdp: tgt=90 fps=90.0 jank=0 tail=11ms act=HOLD bn=CPU cpuB=23 cpuPk=75 primePk=75 io=0 gpuB=49 gpuL=10 capped=0 prk=0 stl=0 draw=4.14W cT=46 gT=46 caps%[0:35,2:65,5:35,7:35,-100:40] curMHz[0:787,2:2035,5:1075,7:1017] mn/mx[0:364/787,2:499/2035,5:499/1075,7:480/1017] gpu=231 gcap=422[10/13] lrn=100
2026-08-01 14:28:48 PulseDaemon: cap write via daemon (2 node(s))
2026-08-01 14:28:48 PulseDaemon: cap write via daemon (3 node(s))
2026-08-01 14:28:48 PulseDaemon: cap write via daemon (2 node(s))
2026-08-01 14:28:50 PulseDaemon: telemetry read via daemon (16 path(s))
2026-08-01 14:28:51 PulseDaemon: telemetry read via daemon (16 path(s))
2026-08-01 14:28:51 PulseAutoTdp: tgt=90 fps=87.9 jank=1 tail=58ms act=HOLD bn=CPU cpuB=23 cpuPk=71 primePk=71 io=0 gpuB=51 gpuL=11 capped=0 prk=0 stl=0 draw=5.44W cT=47 gT=46 caps%[0:35,2:65,5:35,7:35,-100:40] curMHz[0:787,2:2035,5:1075,7:1017] gpu=231 gcap=422[10/13] lrn=100
2026-08-01 14:28:51 PulseDaemon: cap write via daemon (2 node(s))
2026-08-01 14:28:51 PulseDaemon: cap write via daemon (3 node(s))
2026-08-01 14:28:51 PulseDaemon: cap write via daemon (2 node(s))
2026-08-01 14:28:53 PulseDaemon: telemetry read via daemon (16 path(s))
2026-08-01 14:28:54 PulseDaemon: telemetry read via daemon (16 path(s))
2026-08-01 14:28:54 PulseAutoTdp: tgt=90 fps=90.0 jank=0 tail=11ms act=HOLD bn=CPU cpuB=22 cpuPk=69 primePk=69 io=0 gpuB=73 gpuL=16 capped=0 prk=0 stl=0 draw=4.06W cT=47 gT=46 caps%[0:35,2:65,5:35,7:35,-100:40] curMHz[0:787,2:2035,5:1075,7:1017] gpu=231 gcap=422[10/13] lrn=100
2026-08-01 14:28:54 PulseDaemon: cap write via daemon (2 node(s))
2026-08-01 14:28:54 PulseDaemon: cap write via daemon (3 node(s))
2026-08-01 14:28:55 PulseDaemon: cap write via daemon (2 node(s))
2026-08-01 14:28:56 PulseDaemon: telemetry read via daemon (16 path(s))
2026-08-01 14:28:57 PulseDaemon: telemetry read via daemon (16 path(s))
2026-08-01 14:28:58 PulseDaemon: cap write via daemon (3 node(s))
2026-08-01 14:28:58 PulseDaemon: cap write via daemon (2 node(s))
2026-08-01 14:28:59 PulseDaemon: telemetry read via daemon (16 path(s))
2026-08-01 14:29:00 PulseDaemon: telemetry read via daemon (16 path(s))
2026-08-01 14:29:01 PulseAutoTdp: tgt=90 fps=90.0 jank=0 tail=11ms act=HOLD bn=CPU cpuB=24 cpuPk=75 primePk=75 io=0 gpuB=34 gpuL=7 capped=0 prk=0 stl=0 draw=3.79W cT=46 gT=46 caps%[0:35,2:70,5:35,7:35,-100:40] curMHz[0:787,2:2035,5:1075,7:1017] gpu=231 gcap=422[10/13] lrn=100
2026-08-01 14:29:01 PulseDaemon: cap write via daemon (2 node(s))
2026-08-01 14:29:01 PulseDaemon: cap write via daemon (3 node(s))
2026-08-01 14:29:01 PulseDaemon: cap write via daemon (2 node(s))
2026-08-01 14:29:02 PulseDaemon: telemetry read via daemon (16 path(s))
2026-08-01 14:29:03 PulseDaemon: telemetry read via daemon (16 path(s))
2026-08-01 14:29:04 PulseAutoTdp: AUTOTDP-SESSION tgt=90 bias=EFFICIENT wattCap=0 policies=0:2265600:0,1;2:3148800:2,3,4;5:2956800:5,6;7:3052800:7;-100:1050000:
2026-08-01 14:29:04 PulseAutoTdp: tgt=90 fps=90.0 jank=0 tail=11ms act=HOLD bn=CPU cpuB=21 cpuPk=70 primePk=70 io=0 gpuB=33 gpuL=7 capped=0 prk=0 stl=0 draw=4.68W cT=46 gT=45 caps%[0:35,2:70,5:35,7:35,-100:40] curMHz[0:787,2:2188,5:1075,7:1017] gpu=231 gcap=422[10/13] lrn=100
2026-08-01 14:29:04 PulseDaemon: cap write via daemon (2 node(s))
2026-08-01 14:29:04 PulseDaemon: cap write via daemon (3 node(s))
2026-08-01 14:29:04 PulseDaemon: cap write via daemon (2 node(s))
2026-08-01 14:29:05 PulseDaemon: telemetry read via daemon (16 path(s))
2026-08-01 14:29:07 PulseDaemon: telemetry read via daemon (16 path(s))
2026-08-01 14:29:07 PulseAutoTdp: tgt=90 fps=90.0 jank=0 tail=11ms act=HOLD bn=CPU cpuB=19 cpuPk=68 primePk=68 io=0 gpuB=29 gpuL=6 capped=0 prk=0 stl=0 draw=3.76W cT=45 gT=45 caps%[0:35,2:70,5:35,7:35,-100:40] curMHz[0:787,2:2188,5:1075,7:1017] gpu=231 gcap=422[10/13] lrn=100
2026-08-01 14:29:07 PulseDaemon: cap write via daemon (2 node(s))
2026-08-01 14:29:07 PulseDaemon: cap write via daemon (3 node(s))
2026-08-01 14:29:07 PulseDaemon: cap write via daemon (2 node(s))
2026-08-01 14:29:08 PulseDaemon: telemetry read via daemon (16 path(s))
2026-08-01 14:29:10 PulseDaemon: telemetry read via daemon (16 path(s))
2026-08-01 14:29:10 PulseAutoTdp: tgt=90 fps=90.0 jank=0 tail=11ms act=HOLD bn=CPU cpuB=20 cpuPk=68 primePk=68 io=0 gpuB=31 gpuL=6 capped=0 prk=0 stl=0 draw=3.60W cT=46 gT=45 caps%[0:35,2:70,5:35,7:35,-100:40] curMHz[0:787,2:2188,5:1075,7:1017] gpu=231 gcap=422[10/13] lrn=100
2026-08-01 14:29:10 PulseDaemon: cap write via daemon (2 node(s))
2026-08-01 14:29:10 PulseDaemon: cap write via daemon (3 node(s))
2026-08-01 14:29:10 PulseDaemon: cap write via daemon (2 node(s))
2026-08-01 14:29:11 PulseDaemon: telemetry read via daemon (16 path(s))
2026-08-01 14:29:13 PulseDaemon: telemetry read via daemon (16 path(s))
2026-08-01 14:29:13 PulseAutoTdp: tgt=90 fps=90.0 jank=0 tail=11ms act=HOLD bn=CPU cpuB=23 cpuPk=76 primePk=76 io=0 gpuB=37 gpuL=8 capped=0 prk=0 stl=0 draw=5.36W cT=46 gT=46 caps%[0:35,2:70,5:35,7:35,-100:40] curMHz[0:787,2:2188,5:1075,7:1017] gpu=231 gcap=422[10/13] lrn=100
2026-08-01 14:29:13 PulseDaemon: cap write via daemon (2 node(s))
2026-08-01 14:29:13 PulseDaemon: cap write via daemon (3 node(s))
2026-08-01 14:29:13 PulseDaemon: cap write via daemon (2 node(s))
2026-08-01 14:29:14 PulseDaemon: telemetry read via daemon (16 path(s))
2026-08-01 14:29:16 PulseDaemon: telemetry read via daemon (16 path(s))
2026-08-01 14:29:16 PulseAutoTdp: tgt=90 fps=90.0 jank=0 tail=11ms act=HOLD bn=CPU cpuB=21 cpuPk=79 primePk=79 io=0 gpuB=39 gpuL=8 capped=0 prk=0 stl=0 draw=3.71W cT=46 gT=45 caps%[0:35,2:70,5:35,7:35,-100:40] curMHz[0:787,2:2188,5:1075,7:1017] gpu=231 gcap=422[10/13] lrn=100
2026-08-01 14:29:16 PulseDaemon: cap write via daemon (2 node(s))
2026-08-01 14:29:16 PulseDaemon: cap write via daemon (3 node(s))
2026-08-01 14:29:16 PulseDaemon: cap write via daemon (2 node(s))
2026-08-01 14:29:17 PulseDaemon: telemetry read via daemon (16 path(s))
2026-08-01 14:29:19 PulseDaemon: telemetry read via daemon (16 path(s))
2026-08-01 14:29:20 PulseAutoTdp: tgt=90 fps=90.0 jank=0 tail=11ms act=HOLD bn=CPU cpuB=21 cpuPk=78 primePk=78 io=0 gpuB=54 gpuL=11 capped=0 prk=0 stl=0 draw=5.05W cT=47 gT=46 caps%[0:35,2:70,5:35,7:35,-100:40] curMHz[0:787,2:2188,5:1075,7:1017] mn/mx[0:364/787,2:499/2188,5:499/1075,7:480/1017] gpu=231 gcap=422[10/13] lrn=100
2026-08-01 14:29:20 PulseDaemon: cap write via daemon (2 node(s))
2026-08-01 14:29:20 PulseDaemon: cap write via daemon (3 node(s))
2026-08-01 14:29:20 PulseDaemon: cap write via daemon (2 node(s))
2026-08-01 14:29:21 PulseDaemon: telemetry read via daemon (16 path(s))
2026-08-01 14:29:23 PulseDaemon: telemetry read via daemon (16 path(s))
2026-08-01 14:29:23 PulseDaemon: cap write via daemon (7 node(s))
2026-08-01 14:29:23 PulseAutoTdp: tgt=90 fps=70.2 jank=4 tail=90ms act=RAISE bn=CPU cpuB=19 cpuPk=61 primePk=61 io=0 gpuB=12 gpuL=2 capped=0 prk=0 stl=0 draw=5.12W cT=45 gT=45 caps%[0:35,2:75,5:35,7:35,-100:40] curMHz[0:787,2:2188,5:1075,7:1017] gpu=231 gcap=422[10/13] lrn=100
2026-08-01 14:29:23 PulseDaemon: cap write via daemon (2 node(s))
2026-08-01 14:29:23 PulseDaemon: cap write via daemon (3 node(s))
2026-08-01 14:29:23 PulseDaemon: cap write via daemon (2 node(s))
2026-08-01 14:29:24 PulseDaemon: telemetry read via daemon (16 path(s))
2026-08-01 14:29:25 PulseDaemon: telemetry read via daemon (16 path(s))
2026-08-01 14:29:26 PulseDaemon: cap write via daemon (7 node(s))
2026-08-01 14:29:26 PulseAutoTdp: tgt=90 fps=90.0 jank=0 tail=11ms act=RAISE bn=- cpuB=13 cpuPk=44 primePk=40 io=0 gpuB=19 gpuL=4 capped=0 prk=0 stl=0 draw=2.89W cT=44 gT=44 caps%[0:35,2:75,5:35,7:35,-100:45] curMHz[0:787,2:2380,5:1075,7:1017] gpu=231 gcap=422[10/13] lrn=100
2026-08-01 14:29:26 PulseDaemon: cap write via daemon (2 node(s))
2026-08-01 14:29:26 PulseDaemon: cap write via daemon (3 node(s))
2026-08-01 14:29:26 PulseDaemon: cap write via daemon (2 node(s))
2026-08-01 14:29:27 PulseDaemon: telemetry read via daemon (16 path(s))
2026-08-01 14:29:28 PulseDaemon: telemetry read via daemon (16 path(s))
2026-08-01 14:29:29 PulseAutoTdp: tgt=90 fps=90.0 jank=0 tail=11ms act=HOLD bn=- cpuB=17 cpuPk=51 primePk=51 io=0 gpuB=26 gpuL=5 capped=0 prk=0 stl=0 draw=4.45W cT=44 gT=44 caps%[0:35,2:75,5:35,7:35,-100:45] curMHz[0:787,2:2380,5:1075,7:1017] gpu=231 gcap=500[9/13] lrn=100
2026-08-01 14:29:29 PulseDaemon: cap write via daemon (2 node(s))
2026-08-01 14:29:29 PulseDaemon: cap write via daemon (3 node(s))
2026-08-01 14:29:29 PulseDaemon: cap write via daemon (2 node(s))
2026-08-01 14:29:30 PulseDaemon: telemetry read via daemon (16 path(s))
2026-08-01 14:29:31 PulseDaemon: telemetry read via daemon (16 path(s))
2026-08-01 14:29:32 PulseDaemon: cap write via daemon (7 node(s))
2026-08-01 14:29:32 PulseAutoTdp: tgt=90 fps=90.0 jank=0 tail=11ms act=TRIM bn=- cpuB=17 cpuPk=54 primePk=54 io=0 gpuB=29 gpuL=6 capped=0 prk=0 stl=0 draw=4.70W cT=45 gT=45 caps%[0:35,2:70,5:35,7:35,-100:45] curMHz[0:787,2:2380,5:1075,7:1017] gpu=231 gcap=500[9/13] lrn=100
2026-08-01 14:29:32 PulseDaemon: cap write via daemon (2 node(s))
2026-08-01 14:29:32 PulseDaemon: cap write via daemon (3 node(s))
2026-08-01 14:29:32 PulseDaemon: cap write via daemon (2 node(s))
2026-08-01 14:29:33 PulseDaemon: telemetry read via daemon (16 path(s))
2026-08-01 14:29:34 PulseDaemon: telemetry read via daemon (16 path(s))
2026-08-01 14:29:35 PulseDaemon: cap write via daemon (7 node(s))
2026-08-01 14:29:35 PulseAutoTdp: tgt=90 fps=42.8 jank=6 tail=90ms act=RAISE bn=- cpuB=15 cpuPk=55 primePk=54 io=0 gpuB=11 gpuL=2 capped=0 prk=0 stl=0 draw=4.48W cT=44 gT=44 caps%[0:35,2:75,5:35,7:35,-100:45] curMHz[0:787,2:2188,5:1075,7:1017] gpu=231 gcap=500[9/13] lrn=100
2026-08-01 14:29:35 PulseDaemon: cap write via daemon (2 node(s))
2026-08-01 14:29:35 PulseDaemon: cap write via daemon (3 node(s))
2026-08-01 14:29:35 PulseDaemon: cap write via daemon (2 node(s))
2026-08-01 14:29:36 PulseDaemon: telemetry read via daemon (16 path(s))
2026-08-01 14:29:38 PulseDaemon: telemetry read via daemon (16 path(s))
2026-08-01 14:29:38 PulseDaemon: cap write via daemon (7 node(s))
2026-08-01 14:29:38 PulseAutoTdp: tgt=90 fps=47.2 jank=11 tail=78ms act=RAISE bn=CPU cpuB=30 cpuPk=88 primePk=87 io=0 gpuB=12 gpuL=2 capped=0 prk=0 stl=0 draw=6.13W cT=47 gT=45 caps%[0:35,2:80,5:35,7:35,-100:45] curMHz[0:787,2:2380,5:1075,7:1017] gpu=231 gcap=500[9/13] lrn=100
2026-08-01 14:29:38 PulseDaemon: cap write via daemon (2 node(s))
2026-08-01 14:29:39 PulseDaemon: telemetry read via daemon (16 path(s))
2026-08-01 14:29:41 PulseDaemon: telemetry read via daemon (16 path(s))
2026-08-01 14:29:41 PulseDaemon: cap write via daemon (7 node(s))
2026-08-01 14:29:41 PulseAutoTdp: tgt=90 fps=87.9 jank=0 tail=22ms act=RAISE bn=CPU cpuB=31 cpuPk=98 primePk=79 io=0 gpuB=37 gpuL=8 capped=0 prk=0 stl=0 draw=4.81W cT=48 gT=46 caps%[0:35,2:85,5:35,7:35,-100:45] curMHz[0:787,2:2515,5:1075,7:1017] gpu=231 gcap=500[9/13] lrn=100
2026-08-01 14:29:41 PulseDaemon: cap write via daemon (2 node(s))
2026-08-01 14:29:41 PulseDaemon: cap write via daemon (3 node(s))
2026-08-01 14:29:41 PulseDaemon: cap write via daemon (2 node(s))
2026-08-01 14:29:43 PulseDaemon: telemetry read via daemon (16 path(s))
2026-08-01 14:29:44 PulseDaemon: telemetry read via daemon (16 path(s))
2026-08-01 14:29:44 PulseDaemon: cap write via daemon (7 node(s))
2026-08-01 14:29:44 PulseAutoTdp: tgt=90 fps=90.0 jank=0 tail=11ms act=RAISE bn=CPU cpuB=29 cpuPk=100 primePk=100 io=0 gpuB=57 gpuL=12 capped=0 prk=0 stl=0 draw=6.74W cT=49 gT=47 caps%[0:35,2:90,5:35,7:35,-100:45] curMHz[0:787,2:2707,5:1075,7:1017] gpu=231 gcap=500[9/13] lrn=100
2026-08-01 14:29:45 PulseDaemon: cap write via daemon (2 node(s))
2026-08-01 14:29:45 PulseDaemon: cap write via daemon (3 node(s))
2026-08-01 14:29:45 PulseDaemon: cap write via daemon (2 node(s))
2026-08-01 14:29:46 PulseDaemon: telemetry read via daemon (16 path(s))
2026-08-01 14:29:47 PulseDaemon: telemetry read via daemon (16 path(s))
2026-08-01 14:29:48 PulseDaemon: cap write via daemon (7 node(s))
2026-08-01 14:29:48 PulseAutoTdp: tgt=90 fps=90.0 jank=0 tail=11ms act=RAISE bn=CPU cpuB=22 cpuPk=64 primePk=64 io=0 gpuB=42 gpuL=9 capped=0 prk=0 stl=0 draw=5.34W cT=48 gT=47 caps%[0:35,2:95,5:35,7:35,-100:45] curMHz[0:787,2:2841,5:1075,7:1017] gpu=231 gcap=500[9/13] lrn=100
2026-08-01 14:29:48 PulseDaemon: cap write via daemon (2 node(s))
2026-08-01 14:29:48 PulseDaemon: cap write via daemon (3 node(s))
2026-08-01 14:29:48 PulseDaemon: cap write via daemon (2 node(s))
2026-08-01 14:29:49 PulseDaemon: telemetry read via daemon (16 path(s))
2026-08-01 14:29:51 PulseDaemon: telemetry read via daemon (16 path(s))
2026-08-01 14:29:51 PulseAutoTdp: AUTOTDP-SESSION tgt=90 bias=EFFICIENT wattCap=0 policies=0:2265600:0,1;2:3148800:2,3,4;5:2956800:5,6;7:3052800:7;-100:1050000:
2026-08-01 14:29:51 PulseAutoTdp: tgt=90 fps=90.0 jank=0 tail=11ms act=HOLD bn=CPU cpuB=23 cpuPk=60 primePk=60 io=0 gpuB=50 gpuL=11 capped=0 prk=0 stl=0 draw=4.73W cT=47 gT=46 caps%[0:35,2:95,5:35,7:35,-100:45] curMHz[0:787,2:3014,5:1075,7:1017] mn/mx[0:364/787,2:499/3014,5:499/1075,7:480/1017] gpu=231 gcap=500[9/13] lrn=100
2026-08-01 14:29:52 PulseDaemon: cap write via daemon (2 node(s))
2026-08-01 14:29:52 PulseDaemon: cap write via daemon (3 node(s))
2026-08-01 14:29:52 PulseDaemon: cap write via daemon (2 node(s))
2026-08-01 14:29:53 PulseDaemon: telemetry read via daemon (16 path(s))
2026-08-01 14:29:54 PulseDaemon: telemetry read via daemon (16 path(s))
2026-08-01 14:29:55 PulseAutoTdp: tgt=90 fps=90.0 jank=0 tail=11ms act=HOLD bn=CPU cpuB=22 cpuPk=65 primePk=65 io=0 gpuB=41 gpuL=9 capped=0 prk=0 stl=0 draw=4.70W cT=48 gT=46 caps%[0:35,2:95,5:35,7:35,-100:45] curMHz[0:787,2:3014,5:1075,7:1017] gpu=231 gcap=500[9/13] lrn=100
2026-08-01 14:29:55 PulseDaemon: cap write via daemon (2 node(s))
2026-08-01 14:29:55 PulseDaemon: cap write via daemon (3 node(s))
2026-08-01 14:29:55 PulseDaemon: cap write via daemon (2 node(s))
2026-08-01 14:29:56 PulseDaemon: telemetry read via daemon (16 path(s))
2026-08-01 14:29:57 PulseDaemon: telemetry read via daemon (16 path(s))
2026-08-01 14:29:58 PulseAutoTdp: tgt=90 fps=88.3 jank=0 tail=22ms act=HOLD bn=CPU cpuB=27 cpuPk=70 primePk=70 io=0 gpuB=43 gpuL=9 capped=0 prk=0 stl=0 draw=6.96W cT=50 gT=46 caps%[0:35,2:95,5:35,7:35,-100:45] curMHz[0:787,2:3014,5:1075,7:1017] gpu=231 gcap=500[9/13] lrn=100
2026-08-01 14:29:58 PulseDaemon: cap write via daemon (2 node(s))
2026-08-01 14:29:58 PulseDaemon: cap write via daemon (3 node(s))
2026-08-01 14:29:58 PulseDaemon: cap write via daemon (2 node(s))
2026-08-01 14:29:59 PulseDaemon: telemetry read via daemon (16 path(s))
2026-08-01 14:30:01 PulseDaemon: telemetry read via daemon (16 path(s))
2026-08-01 14:30:01 PulseAutoTdp: tgt=90 fps=88.9 jank=0 tail=22ms act=HOLD bn=CPU cpuB=35 cpuPk=92 primePk=92 io=0 gpuB=57 gpuL=12 capped=0 prk=0 stl=0 draw=6.67W cT=52 gT=47 caps%[0:35,2:95,5:35,7:35,-100:45] curMHz[0:787,2:3014,5:1075,7:1017] gpu=231 gcap=500[9/13] lrn=100
2026-08-01 14:30:01 PulseDaemon: cap write via daemon (2 node(s))
2026-08-01 14:30:01 PulseDaemon: cap write via daemon (3 node(s))
2026-08-01 14:30:01 PulseDaemon: cap write via daemon (2 node(s))
2026-08-01 14:30:02 PulseDaemon: telemetry read via daemon (16 path(s))
2026-08-01 14:30:04 PulseDaemon: telemetry read via daemon (16 path(s))
2026-08-01 14:30:04 PulseDaemon: cap write via daemon (7 node(s))
2026-08-01 14:30:04 PulseAutoTdp: tgt=90 fps=90.0 jank=0 tail=11ms act=TRIM bn=CPU cpuB=30 cpuPk=100 primePk=100 io=0 gpuB=33 gpuL=7 capped=0 prk=0 stl=0 draw=6.39W cT=52 gT=47 caps%[0:35,2:95,5:35,7:35,-100:40] curMHz[0:787,2:3014,5:1075,7:1017] gpu=231 gcap=500[9/13] lrn=100
2026-08-01 14:30:04 PulseDaemon: cap write via daemon (2 node(s))
2026-08-01 14:30:04 PulseDaemon: cap write via daemon (3 node(s))
2026-08-01 14:30:04 PulseDaemon: cap write via daemon (2 node(s))
2026-08-01 14:30:05 PulseDaemon: telemetry read via daemon (16 path(s))
2026-08-01 14:30:07 PulseDaemon: telemetry read via daemon (16 path(s))
2026-08-01 14:30:07 PulseAutoTdp: tgt=90 fps=90.0 jank=0 tail=11ms act=HOLD bn=CPU cpuB=24 cpuPk=63 primePk=63 io=0 gpuB=34 gpuL=7 capped=0 prk=0 stl=0 draw=5.09W cT=50 gT=46 caps%[0:35,2:95,5:35,7:35,-100:40] curMHz[0:787,2:3014,5:1075,7:1017] gpu=231 gcap=422[10/13] lrn=100
2026-08-01 14:30:07 PulseDaemon: cap write via daemon (2 node(s))
2026-08-01 14:30:07 PulseDaemon: cap write via daemon (3 node(s))
2026-08-01 14:30:07 PulseDaemon: cap write via daemon (2 node(s))
2026-08-01 14:30:08 PulseDaemon: telemetry read via daemon (16 path(s))
2026-08-01 14:30:10 PulseDaemon: telemetry read via daemon (16 path(s))
2026-08-01 14:30:10 PulseAutoTdp: tgt=90 fps=90.0 jank=0 tail=11ms act=HOLD bn=CPU cpuB=34 cpuPk=98 primePk=98 io=0 gpuB=34 gpuL=7 capped=0 prk=0 stl=0 draw=6.44W cT=52 gT=46 caps%[0:35,2:95,5:35,7:35,-100:40] curMHz[0:787,2:3014,5:1075,7:1017] gpu=231 gcap=422[10/13] lrn=100
2026-08-01 14:30:10 PulseDaemon: cap write via daemon (2 node(s))
2026-08-01 14:30:10 PulseDaemon: cap write via daemon (3 node(s))
2026-08-01 14:30:10 PulseDaemon: cap write via daemon (2 node(s))
2026-08-01 14:30:11 PulseDaemon: telemetry read via daemon (16 path(s))
2026-08-01 14:30:13 PulseDaemon: telemetry read via daemon (16 path(s))
2026-08-01 14:30:13 PulseAutoTdp: tgt=90 fps=79.6 jank=2 tail=58ms act=RAISE bn=CPU cpuB=28 cpuPk=84 primePk=84 io=0 gpuB=32 gpuL=7 capped=0 prk=0 stl=0 draw=5.08W cT=52 gT=46 caps%[0:35,2:100,5:35,7:35,-100:40] curMHz[0:787,2:3014,5:1075,7:1017] gpu=231 gcap=422[10/13] lrn=100
2026-08-01 14:30:13 PulseDaemon: cap write via daemon (3 node(s))
2026-08-01 14:30:13 PulseDaemon: cap write via daemon (2 node(s))
2026-08-01 14:30:14 PulseDaemon: telemetry read via daemon (16 path(s))
2026-08-01 14:30:16 PulseDaemon: telemetry read via daemon (16 path(s))
2026-08-01 14:30:16 PulseAutoTdp: tgt=90 fps=90.0 jank=0 tail=11ms act=HOLD bn=CPU cpuB=27 cpuPk=76 primePk=76 io=0 gpuB=38 gpuL=8 capped=0 prk=0 stl=0 draw=5.71W cT=50 gT=46 caps%[0:35,2:100,5:35,7:35,-100:40] curMHz[0:787,2:3148,5:1075,7:1017] gpu=231 gcap=422[10/13] lrn=100
2026-08-01 14:30:16 PulseDaemon: cap write via daemon (3 node(s))
2026-08-01 14:30:16 PulseDaemon: cap write via daemon (2 node(s))
2026-08-01 14:30:17 PulseDaemon: telemetry read via daemon (16 path(s))
2026-08-01 14:30:19 PulseDaemon: telemetry read via daemon (16 path(s))
2026-08-01 14:30:19 PulseAutoTdp: tgt=90 fps=88.7 jank=0 tail=22ms act=HOLD bn=CPU cpuB=28 cpuPk=72 primePk=72 io=0 gpuB=34 gpuL=7 capped=0 prk=0 stl=0 draw=6.17W cT=50 gT=47 caps%[0:35,2:100,5:35,7:35,-100:40] curMHz[0:787,2:3148,5:1075,7:1017] gpu=231 gcap=422[10/13] lrn=100
2026-08-01 14:30:19 PulseDaemon: cap write via daemon (3 node(s))
2026-08-01 14:30:20 PulseDaemon: telemetry read via daemon (16 path(s))
2026-08-01 14:30:22 PulseDaemon: telemetry read via daemon (16 path(s))
2026-08-01 14:30:22 PulseAutoTdp: tgt=90 fps=90.0 jank=0 tail=11ms act=HOLD bn=CPU cpuB=24 cpuPk=70 primePk=70 io=0 gpuB=43 gpuL=9 capped=0 prk=0 stl=0 draw=5.32W cT=50 gT=47 caps%[0:35,2:100,5:35,7:35,-100:40] curMHz[0:787,2:3148,5:1075,7:1017] mn/mx[0:364/787,2:499/3148,5:499/1075,7:480/1017] gpu=231 gcap=422[10/13] lrn=100
2026-08-01 14:30:23 PulseDaemon: cap write via daemon (3 node(s))
2026-08-01 14:30:23 PulseDaemon: cap write via xsu fallback (2 node(s), ~290 chars, chunked)
2026-08-01 14:30:24 PulseDaemon: telemetry read via daemon (16 path(s))
2026-08-01 14:30:25 PulseDaemon: telemetry read via daemon (16 path(s))
2026-08-01 14:30:25 PulseAutoTdp: tgt=90 fps=90.0 jank=0 tail=11ms act=HOLD bn=CPU cpuB=27 cpuPk=70 primePk=70 io=0 gpuB=49 gpuL=10 capped=0 prk=0 stl=0 draw=4.44W cT=50 gT=47 caps%[0:35,2:100,5:35,7:35,-100:40] curMHz[0:787,2:3148,5:1075,7:1017] gpu=231 gcap=422[10/13] lrn=100
2026-08-01 14:30:26 PulseDaemon: cap write via daemon (3 node(s))
2026-08-01 14:30:26 PulseDaemon: cap write via daemon (2 node(s))
2026-08-01 14:30:27 PulseDaemon: telemetry read via daemon (16 path(s))
2026-08-01 14:30:28 PulseDaemon: telemetry read via daemon (16 path(s))
2026-08-01 14:30:28 PulseAutoTdp: tgt=90 fps=90.0 jank=0 tail=11ms act=HOLD bn=CPU cpuB=28 cpuPk=72 primePk=72 io=0 gpuB=44 gpuL=9 capped=0 prk=0 stl=0 draw=4.40W cT=51 gT=47 caps%[0:35,2:100,5:35,7:35,-100:40] curMHz[0:787,2:3148,5:1075,7:1017] gpu=231 gcap=422[10/13] lrn=100
2026-08-01 14:30:28 PulseDaemon: cap write via daemon (3 node(s))
2026-08-01 14:30:30 PulseDaemon: telemetry read via daemon (16 path(s))
2026-08-01 14:30:31 PulseDaemon: telemetry read via daemon (16 path(s))
2026-08-01 14:30:31 PulseAutoTdp: tgt=90 fps=90.0 jank=0 tail=11ms act=HOLD bn=CPU cpuB=24 cpuPk=65 primePk=65 io=0 gpuB=49 gpuL=10 capped=0 prk=0 stl=0 draw=6.10W cT=50 gT=47 caps%[0:35,2:100,5:35,7:35,-100:40] curMHz[0:787,2:3148,5:1075,7:1017] gpu=231 gcap=422[10/13] lrn=100
2026-08-01 14:30:31 PulseDaemon: cap write via daemon (3 node(s))
2026-08-01 14:30:31 PulseDaemon: cap write via daemon (2 node(s))
2026-08-01 14:30:33 PulseDaemon: telemetry read via daemon (16 path(s))
2026-08-01 14:30:34 PulseDaemon: telemetry read via daemon (16 path(s))
2026-08-01 14:30:34 PulseAutoTdp: tgt=90 fps=90.0 jank=0 tail=11ms act=HOLD bn=CPU cpuB=23 cpuPk=64 primePk=64 io=0 gpuB=42 gpuL=9 capped=0 prk=0 stl=0 draw=6.54W cT=50 gT=47 caps%[0:35,2:100,5:35,7:35,-100:40] curMHz[0:787,2:3148,5:1075,7:1017] gpu=231 gcap=422[10/13] lrn=100
2026-08-01 14:30:34 PulseDaemon: cap write via daemon (3 node(s))
2026-08-01 14:30:34 PulseDaemon: cap write via daemon (2 node(s))
2026-08-01 14:30:36 PulseDaemon: telemetry read via daemon (16 path(s))
2026-08-01 14:30:37 PulseDaemon: telemetry read via daemon (16 path(s))
2026-08-01 14:30:37 PulseAutoTdp: AUTOTDP-SESSION tgt=90 bias=EFFICIENT wattCap=0 policies=0:2265600:0,1;2:3148800:2,3,4;5:2956800:5,6;7:3052800:7;-100:1050000:
2026-08-01 14:30:37 PulseAutoTdp: tgt=90 fps=90.0 jank=0 tail=11ms act=HOLD bn=CPU cpuB=26 cpuPk=70 primePk=70 io=0 gpuB=40 gpuL=8 capped=0 prk=0 stl=0 draw=5.07W cT=51 gT=47 caps%[0:35,2:100,5:35,7:35,-100:40] curMHz[0:787,2:3148,5:1075,7:1017] gpu=231 gcap=422[10/13] lrn=100
2026-08-01 14:30:37 PulseDaemon: cap write via daemon (3 node(s))
2026-08-01 14:30:37 PulseDaemon: cap write via daemon (2 node(s))
2026-08-01 14:30:39 PulseDaemon: telemetry read via daemon (16 path(s))
2026-08-01 14:30:40 PulseDaemon: telemetry read via daemon (16 path(s))
2026-08-01 14:30:40 PulseAutoTdp: tgt=90 fps=90.0 jank=0 tail=11ms act=HOLD bn=CPU cpuB=28 cpuPk=78 primePk=78 io=0 gpuB=50 gpuL=11 capped=0 prk=0 stl=0 draw=5.40W cT=51 gT=48 caps%[0:35,2:100,5:35,7:35,-100:40] curMHz[0:787,2:3148,5:1075,7:1017] gpu=231 gcap=422[10/13] lrn=100
2026-08-01 14:30:40 PulseDaemon: cap write via daemon (3 node(s))
2026-08-01 14:30:41 PulseDaemon: telemetry read via daemon (16 path(s))
2026-08-01 14:30:43 PulseDaemon: telemetry read via daemon (16 path(s))
2026-08-01 14:30:43 PulseAutoTdp: tgt=90 fps=90.0 jank=0 tail=11ms act=HOLD bn=CPU cpuB=26 cpuPk=67 primePk=67 io=0 gpuB=42 gpuL=9 capped=0 prk=0 stl=0 draw=5.31W cT=51 gT=47 caps%[0:35,2:100,5:35,7:35,-100:40] curMHz[0:787,2:3148,5:1075,7:1017] gpu=231 gcap=422[10/13] lrn=100
2026-08-01 14:30:43 PulseDaemon: cap write via daemon (3 node(s))
2026-08-01 14:30:43 PulseDaemon: cap write via daemon (2 node(s))
2026-08-01 14:30:44 PulseDaemon: telemetry read via daemon (16 path(s))
2026-08-01 14:30:46 PulseDaemon: telemetry read via daemon (16 path(s))
2026-08-01 14:30:46 PulseAutoTdp: tgt=90 fps=90.0 jank=0 tail=11ms act=HOLD bn=CPU cpuB=23 cpuPk=61 primePk=61 io=0 gpuB=27 gpuL=5 capped=0 prk=0 stl=0 draw=5.89W cT=50 gT=47 caps%[0:35,2:100,5:35,7:35,-100:40] curMHz[0:787,2:3148,5:1075,7:1017] gpu=231 gcap=422[10/13] lrn=100
2026-08-01 14:30:46 PulseDaemon: cap write via daemon (3 node(s))
2026-08-01 14:30:46 PulseDaemon: cap write via daemon (2 node(s))
2026-08-01 14:30:47 PulseDaemon: telemetry read via daemon (16 path(s))
2026-08-01 14:30:48 PulseDaemon: telemetry read via daemon (16 path(s))
2026-08-01 14:30:49 PulseAutoTdp: tgt=90 fps=90.0 jank=0 tail=11ms act=HOLD bn=CPU cpuB=21 cpuPk=56 primePk=56 io=0 gpuB=38 gpuL=8 capped=0 prk=0 stl=0 draw=5.47W cT=48 gT=47 caps%[0:35,2:100,5:35,7:35,-100:40] curMHz[0:787,2:3148,5:1075,7:1017] gpu=231 gcap=422[10/13] lrn=100
2026-08-01 14:30:49 PulseDaemon: cap write via daemon (3 node(s))
2026-08-01 14:30:49 PulseDaemon: cap write via daemon (2 node(s))
2026-08-01 14:30:50 PulseDaemon: telemetry read via daemon (16 path(s))
2026-08-01 14:30:51 PulseDaemon: telemetry read via daemon (16 path(s))
2026-08-01 14:30:52 PulseAutoTdp: tgt=90 fps=79.3 jank=2 tail=90ms act=RAISE bn=CPU cpuB=25 cpuPk=73 primePk=73 io=0 gpuB=31 gpuL=6 capped=0 prk=0 stl=0 draw=5.15W cT=49 gT=47 caps%[0:35,2:100,5:35,7:40,-100:40] curMHz[0:787,2:3148,5:1075,7:1017] mn/mx[0:787/787,2:499/3148,5:499/1075,7:480/1248] gpu=231 gcap=422[10/13] lrn=100
2026-08-01 14:30:53 PulseDaemon: cap write via daemon (3 node(s))
2026-08-01 14:30:53 PulseDaemon: cap write via daemon (2 node(s))
2026-08-01 14:30:54 PulseDaemon: telemetry read via daemon (16 path(s))
2026-08-01 14:30:55 PulseDaemon: telemetry read via daemon (16 path(s))
2026-08-01 14:30:55 PulseAutoTdp: tgt=90 fps=90.0 jank=0 tail=11ms act=HOLD bn=CPU cpuB=21 cpuPk=67 primePk=67 io=0 gpuB=37 gpuL=8 capped=0 prk=0 stl=0 draw=5.33W cT=49 gT=47 caps%[0:35,2:100,5:35,7:40,-100:40] curMHz[0:787,2:3148,5:1075,7:1248] gpu=231 gcap=422[10/13] lrn=100
2026-08-01 14:30:55 PulseDaemon: cap write via daemon (3 node(s))
2026-08-01 14:30:55 PulseDaemon: cap write via daemon (2 node(s))
2026-08-01 14:30:57 PulseDaemon: telemetry read via daemon (16 path(s))
2026-08-01 14:30:58 PulseDaemon: telemetry read via daemon (16 path(s))
2026-08-01 14:30:58 PulseAutoTdp: tgt=90 fps=90.0 jank=0 tail=11ms act=HOLD bn=CPU cpuB=21 cpuPk=59 primePk=52 io=0 gpuB=35 gpuL=7 capped=0 prk=0 stl=0 draw=5.16W cT=50 gT=47 caps%[0:35,2:100,5:35,7:40,-100:40] curMHz[0:787,2:3148,5:1075,7:1248] gpu=231 gcap=422[10/13] lrn=100
2026-08-01 14:30:58 PulseDaemon: cap write via daemon (3 node(s))
2026-08-01 14:30:58 PulseDaemon: cap write via daemon (2 node(s))
2026-08-01 14:30:59 PulseDaemon: telemetry read via daemon (16 path(s))
2026-08-01 14:31:01 PulseDaemon: telemetry read via daemon (16 path(s))
2026-08-01 14:31:01 PulseDaemon: cap write via daemon (7 node(s))
2026-08-01 14:31:01 PulseAutoTdp: tgt=90 fps=90.0 jank=0 tail=11ms act=TRIM bn=- cpuB=20 cpuPk=50 primePk=50 io=0 gpuB=36 gpuL=7 capped=0 prk=0 stl=0 draw=4.10W cT=49 gT=47 caps%[0:35,2:95,5:35,7:40,-100:40] curMHz[0:787,2:3148,5:1075,7:1248] gpu=231 gcap=422[10/13] lrn=100
2026-08-01 14:31:01 PulseDaemon: cap write via daemon (2 node(s))
2026-08-01 14:31:01 PulseDaemon: cap write via daemon (3 node(s))
2026-08-01 14:31:01 PulseDaemon: cap write via daemon (2 node(s))
2026-08-01 14:31:02 PulseDaemon: telemetry read via daemon (16 path(s))
2026-08-01 14:31:04 PulseDaemon: telemetry read via daemon (16 path(s))
2026-08-01 14:31:04 PulseDaemon: cap write via daemon (7 node(s))
2026-08-01 14:31:04 PulseAutoTdp: tgt=90 fps=63.1 jank=6 tail=90ms act=RAISE bn=- cpuB=21 cpuPk=59 primePk=58 io=0 gpuB=12 gpuL=2 capped=0 prk=0 stl=0 draw=5.21W cT=49 gT=47 caps%[0:35,2:100,5:35,7:40,-100:40] curMHz[0:787,2:3014,5:1075,7:1248] gpu=231 gcap=422[10/13] lrn=100
2026-08-01 14:31:04 PulseDaemon: cap write via daemon (3 node(s))
2026-08-01 14:31:04 PulseDaemon: cap write via daemon (2 node(s))
2026-08-01 14:31:05 PulseDaemon: telemetry read via daemon (16 path(s))
2026-08-01 14:31:07 PulseDaemon: telemetry read via daemon (16 path(s))
2026-08-01 14:31:07 PulseDaemon: cap write via daemon (7 node(s))
2026-08-01 14:31:07 PulseAutoTdp: tgt=90 fps=90.0 jank=0 tail=11ms act=RAISE bn=CPU cpuB=23 cpuPk=77 primePk=53 io=0 gpuB=21 gpuL=4 capped=0 prk=0 stl=0 draw=5.47W cT=50 gT=46 caps%[0:35,2:100,5:35,7:45,-100:40] curMHz[0:787,2:3148,5:1075,7:1248] gpu=231 gcap=422[10/13] lrn=100
2026-08-01 14:31:07 PulseDaemon: cap write via daemon (3 node(s))
2026-08-01 14:31:07 PulseDaemon: cap write via daemon (2 node(s))
2026-08-01 14:31:08 PulseDaemon: telemetry read via daemon (16 path(s))
2026-08-01 14:31:10 PulseDaemon: telemetry read via daemon (16 path(s))
2026-08-01 14:31:10 PulseAutoTdp: tgt=90 fps=90.0 jank=0 tail=11ms act=HOLD bn=CPU cpuB=43 cpuPk=98 primePk=97 io=0 gpuB=21 gpuL=4 capped=0 prk=0 stl=0 draw=6.00W cT=54 gT=48 caps%[0:35,2:100,5:35,7:45,-100:40] curMHz[0:787,2:3148,5:1075,7:1363] gpu=231 gcap=422[10/13] lrn=100
2026-08-01 14:31:10 PulseDaemon: cap write via daemon (3 node(s))
2026-08-01 14:31:10 PulseDaemon: cap write via daemon (2 node(s))
2026-08-01 14:31:11 PulseDaemon: telemetry read via daemon (16 path(s))
2026-08-01 14:31:13 PulseDaemon: telemetry read via daemon (16 path(s))
2026-08-01 14:31:13 PulseDaemon: cap write via daemon (7 node(s))
2026-08-01 14:31:13 PulseAutoTdp: tgt=90 fps=18.5 jank=7 tail=90ms act=RAISE bn=CPU cpuB=45 cpuPk=100 primePk=99 io=0 gpuB=19 gpuL=4 capped=0 prk=0 stl=0 draw=6.62W cT=55 gT=48 caps%[0:35,2:100,5:35,7:50,-100:40] curMHz[0:787,2:3148,5:1075,7:1363] gpu=231 gcap=422[10/13] lrn=100
2026-08-01 14:31:14 PulseDaemon: telemetry read via daemon (16 path(s))
2026-08-01 14:31:16 PulseDaemon: telemetry read via daemon (16 path(s))
2026-08-01 14:31:16 PulseDaemon: cap write via daemon (7 node(s))
2026-08-01 14:31:17 PulseDaemon: telemetry read via daemon (16 path(s))
2026-08-01 14:31:19 PulseDaemon: telemetry read via daemon (16 path(s))
2026-08-01 14:31:19 PulseDaemon: cap write via daemon (7 node(s))
2026-08-01 14:31:19 PulseAutoTdp: tgt=90 fps=90.0 jank=0 tail=11ms act=RAISE bn=CPU cpuB=19 cpuPk=60 primePk=60 io=0 gpuB=30 gpuL=6 capped=0 prk=0 stl=0 draw=5.21W cT=52 gT=49 caps%[0:35,2:100,5:35,7:60,-100:40] curMHz[0:787,2:3148,5:1075,7:1363] gpu=231 gcap=422[10/13] lrn=100
2026-08-01 14:31:19 PulseDaemon: cap write via daemon (3 node(s))
2026-08-01 14:31:19 PulseDaemon: cap write via daemon (2 node(s))
2026-08-01 14:31:20 PulseDaemon: telemetry read via daemon (16 path(s))
2026-08-01 14:31:22 PulseDaemon: telemetry read via daemon (16 path(s))
2026-08-01 14:31:22 PulseDaemon: cap write via daemon (7 node(s))
2026-08-01 14:31:22 PulseAutoTdp: AUTOTDP-SESSION tgt=90 bias=EFFICIENT wattCap=0 policies=0:2265600:0,1;2:3148800:2,3,4;5:2956800:5,6;7:3052800:7;-100:1050000:
2026-08-01 14:31:23 PulseAutoTdp: tgt=90 fps=90.0 jank=0 tail=11ms act=RAISE bn=CPU cpuB=19 cpuPk=58 primePk=58 io=0 gpuB=29 gpuL=6 capped=0 prk=0 stl=0 draw=5.33W cT=50 gT=48 caps%[0:35,2:100,5:35,7:65,-100:40] curMHz[0:787,2:3148,5:1075,7:1824] mn/mx[0:364/787,2:499/3148,5:499/1075,7:480/1824] gpu=231 gcap=422[10/13] lrn=100
2026-08-01 14:31:23 PulseDaemon: cap write via daemon (3 node(s))
2026-08-01 14:31:23 PulseDaemon: cap write via daemon (2 node(s))
2026-08-01 14:31:24 PulseDaemon: telemetry read via daemon (16 path(s))
2026-08-01 14:31:25 PulseDaemon: telemetry read via daemon (16 path(s))
2026-08-01 14:31:26 PulseDaemon: cap write via daemon (7 node(s))
2026-08-01 14:31:26 PulseAutoTdp: tgt=90 fps=90.0 jank=0 tail=11ms act=RAISE bn=CPU cpuB=21 cpuPk=61 primePk=61 io=0 gpuB=40 gpuL=8 capped=0 prk=0 stl=0 draw=4.40W cT=50 gT=48 caps%[0:35,2:100,5:35,7:70,-100:40] curMHz[0:787,2:3148,5:1075,7:1939] gpu=231 gcap=422[10/13] lrn=100
2026-08-01 14:31:26 PulseDaemon: cap write via daemon (3 node(s))
2026-08-01 14:31:26 PulseDaemon: cap write via daemon (2 node(s))
2026-08-01 14:31:27 PulseDaemon: telemetry read via daemon (16 path(s))
2026-08-01 14:31:28 PulseDaemon: telemetry read via daemon (16 path(s))
2026-08-01 14:31:28 PulseAutoTdp: tgt=90 fps=90.0 jank=0 tail=11ms act=HOLD bn=CPU cpuB=21 cpuPk=59 primePk=59 io=0 gpuB=44 gpuL=9 capped=0 prk=0 stl=0 draw=4.17W cT=50 gT=48 caps%[0:35,2:100,5:35,7:70,-100:40] curMHz[0:787,2:3148,5:1075,7:2112] gpu=231 gcap=422[10/13] lrn=100
2026-08-01 14:31:28 PulseDaemon: cap write via daemon (3 node(s))
2026-08-01 14:31:28 PulseDaemon: cap write via daemon (2 node(s))
2026-08-01 14:31:30 PulseDaemon: telemetry read via daemon (16 path(s))
2026-08-01 14:31:31 PulseDaemon: telemetry read via daemon (16 path(s))
2026-08-01 14:31:31 PulseAutoTdp: tgt=90 fps=90.0 jank=0 tail=11ms act=HOLD bn=CPU cpuB=21 cpuPk=59 primePk=59 io=0 gpuB=39 gpuL=8 capped=0 prk=0 stl=0 draw=4.67W cT=49 gT=47 caps%[0:35,2:100,5:35,7:70,-100:40] curMHz[0:787,2:3148,5:1075,7:2112] gpu=231 gcap=422[10/13] lrn=100
2026-08-01 14:31:31 PulseDaemon: cap write via daemon (2 node(s))
2026-08-01 14:31:32 PulseDaemon: telemetry read via daemon (16 path(s))
2026-08-01 14:31:34 PulseDaemon: telemetry read via daemon (16 path(s))
2026-08-01 14:31:34 PulseAutoTdp: tgt=90 fps=90.0 jank=0 tail=11ms act=HOLD bn=CPU cpuB=25 cpuPk=61 primePk=61 io=0 gpuB=42 gpuL=9 capped=0 prk=0 stl=0 draw=6.83W cT=53 gT=48 caps%[0:35,2:100,5:35,7:70,-100:40] curMHz[0:787,2:3148,5:1075,7:2112] gpu=231 gcap=422[10/13] lrn=100
2026-08-01 14:31:34 PulseDaemon: cap write via daemon (3 node(s))
2026-08-01 14:31:34 PulseDaemon: cap write via daemon (2 node(s))
2026-08-01 14:31:35 PulseDaemon: telemetry read via daemon (16 path(s))
2026-08-01 14:31:36 PulseDaemon: telemetry read via daemon (16 path(s))
2026-08-01 14:31:37 PulseAutoTdp: tgt=90 fps=90.0 jank=0 tail=11ms act=HOLD bn=CPU cpuB=23 cpuPk=62 primePk=62 io=0 gpuB=75 gpuL=16 capped=0 prk=0 stl=0 draw=5.40W cT=52 gT=48 caps%[0:35,2:100,5:35,7:70,-100:40] curMHz[0:787,2:3148,5:1075,7:2112] gpu=231 gcap=422[10/13] lrn=100
2026-08-01 14:31:37 PulseDaemon: cap write via daemon (3 node(s))
2026-08-01 14:31:37 PulseDaemon: cap write via daemon (2 node(s))
2026-08-01 14:31:38 PulseDaemon: telemetry read via daemon (16 path(s))
2026-08-01 14:31:39 PulseDaemon: telemetry read via daemon (16 path(s))
2026-08-01 14:31:39 PulseAutoTdp: tgt=90 fps=90.0 jank=0 tail=11ms act=HOLD bn=CPU cpuB=22 cpuPk=61 primePk=61 io=0 gpuB=76 gpuL=16 capped=0 prk=0 stl=0 draw=6.28W cT=52 gT=49 caps%[0:35,2:100,5:35,7:70,-100:40] curMHz[0:787,2:3148,5:1075,7:2112] gpu=231 gcap=422[10/13] lrn=100
2026-08-01 14:31:39 PulseDaemon: cap write via daemon (3 node(s))
2026-08-01 14:31:39 PulseDaemon: cap write via daemon (2 node(s))
2026-08-01 14:31:41 PulseDaemon: telemetry read via daemon (16 path(s))
2026-08-01 14:31:42 PulseDaemon: telemetry read via daemon (16 path(s))
2026-08-01 14:31:42 PulseAutoTdp: tgt=90 fps=90.0 jank=0 tail=11ms act=HOLD bn=CPU cpuB=22 cpuPk=62 primePk=62 io=0 gpuB=76 gpuL=16 capped=0 prk=0 stl=0 draw=6.97W cT=52 gT=49 caps%[0:35,2:100,5:35,7:70,-100:40] curMHz[0:787,2:3148,5:1075,7:2112] gpu=231 gcap=422[10/13] lrn=100
2026-08-01 14:31:42 PulseDaemon: cap write via daemon (3 node(s))
2026-08-01 14:31:42 PulseDaemon: cap write via daemon (2 node(s))
2026-08-01 14:31:43 PulseDaemon: telemetry read via daemon (16 path(s))
2026-08-01 14:31:45 PulseDaemon: telemetry read via daemon (16 path(s))
2026-08-01 14:31:45 PulseAutoTdp: tgt=90 fps=90.0 jank=0 tail=11ms act=HOLD bn=CPU cpuB=23 cpuPk=61 primePk=61 io=0 gpuB=77 gpuL=16 capped=0 prk=0 stl=0 draw=6.07W cT=52 gT=48 caps%[0:35,2:100,5:35,7:70,-100:40] curMHz[0:787,2:3148,5:1075,7:2112] gpu=231 gcap=422[10/13] lrn=100
2026-08-01 14:31:45 PulseDaemon: cap write via daemon (3 node(s))
2026-08-01 14:31:45 PulseDaemon: cap write via daemon (2 node(s))
2026-08-01 14:31:46 PulseDaemon: telemetry read via daemon (16 path(s))
2026-08-01 14:31:47 PulseDaemon: telemetry read via daemon (16 path(s))
2026-08-01 14:31:48 PulseAutoTdp: tgt=90 fps=90.0 jank=0 tail=11ms act=HOLD bn=CPU cpuB=32 cpuPk=79 primePk=79 io=0 gpuB=48 gpuL=10 capped=0 prk=0 stl=0 draw=6.49W cT=54 gT=48 caps%[0:35,2:100,5:35,7:70,-100:40] curMHz[0:787,2:3148,5:1075,7:2112] gpu=231 gcap=422[10/13] lrn=100
2026-08-01 14:31:48 PulseDaemon: cap write via daemon (3 node(s))
2026-08-01 14:31:49 PulseDaemon: telemetry read via daemon (16 path(s))
2026-08-01 14:31:50 PulseDaemon: telemetry read via daemon (16 path(s))
2026-08-01 14:31:51 PulseAutoTdp: tgt=90 fps=87.6 jank=2 tail=33ms act=HOLD bn=CPU cpuB=26 cpuPk=68 primePk=68 io=0 gpuB=74 gpuL=16 capped=0 prk=0 stl=0 draw=5.53W cT=54 gT=48 caps%[0:35,2:100,5:35,7:70,-100:40] curMHz[0:787,2:3148,5:1075,7:2112] mn/mx[0:787/787,2:499/3148,5:499/1075,7:480/2112] gpu=231 gcap=422[10/13] lrn=100
2026-08-01 14:31:51 PulseDaemon: cap write via xsu fallback (3 node(s), ~620 chars, chunked)
2026-08-01 14:31:51 PulseDaemon: cap write via daemon (2 node(s))
2026-08-01 14:31:52 PulseDaemon: telemetry read via daemon (16 path(s))
2026-08-01 14:31:54 PulseDaemon: telemetry read via daemon (16 path(s))
2026-08-01 14:31:54 PulseAutoTdp: tgt=90 fps=90.0 jank=0 tail=11ms act=HOLD bn=CPU cpuB=23 cpuPk=61 primePk=61 io=0 gpuB=77 gpuL=22 capped=0 prk=0 stl=0 draw=6.31W cT=53 gT=49 caps%[0:35,2:100,5:35,7:70,-100:40] curMHz[0:787,2:3148,5:1075,7:2112] gpu=310 gcap=422[10/13] lrn=100
2026-08-01 14:31:54 PulseDaemon: cap write via daemon (3 node(s))
2026-08-01 14:31:54 PulseDaemon: cap write via daemon (2 node(s))
2026-08-01 14:31:55 PulseDaemon: telemetry read via daemon (16 path(s))
2026-08-01 14:31:56 PulseDaemon: telemetry read via daemon (16 path(s))
2026-08-01 14:31:56 PulseAutoTdp: tgt=90 fps=90.0 jank=0 tail=11ms act=HOLD bn=CPU cpuB=24 cpuPk=71 primePk=71 io=0 gpuB=61 gpuL=13 capped=0 prk=0 stl=0 draw=6.08W cT=53 gT=48 caps%[0:35,2:100,5:35,7:70,-100:40] curMHz[0:787,2:3148,5:1075,7:2112] gpu=231 gcap=422[10/13] lrn=100
2026-08-01 14:31:56 PulseDaemon: cap write via daemon (3 node(s))
2026-08-01 14:31:56 PulseDaemon: cap write via daemon (2 node(s))
2026-08-01 14:31:58 PulseDaemon: telemetry read via daemon (16 path(s))
2026-08-01 14:31:59 PulseDaemon: telemetry read via daemon (16 path(s))
2026-08-01 14:31:59 PulseAutoTdp: tgt=90 fps=90.0 jank=0 tail=11ms act=HOLD bn=CPU cpuB=21 cpuPk=71 primePk=71 io=0 gpuB=42 gpuL=9 capped=0 prk=0 stl=0 draw=4.64W cT=52 gT=48 caps%[0:35,2:100,5:35,7:70,-100:40] curMHz[0:787,2:3148,5:1075,7:2112] gpu=231 gcap=422[10/13] lrn=100
2026-08-01 14:31:59 PulseDaemon: cap write via daemon (3 node(s))
2026-08-01 14:31:59 PulseDaemon: cap write via daemon (2 node(s))
2026-08-01 14:32:00 PulseDaemon: telemetry read via daemon (16 path(s))
2026-08-01 14:32:02 PulseDaemon: telemetry read via daemon (16 path(s))
2026-08-01 14:32:02 PulseAutoTdp: tgt=90 fps=90.0 jank=0 tail=11ms act=HOLD bn=CPU cpuB=22 cpuPk=72 primePk=72 io=0 gpuB=44 gpuL=9 capped=0 prk=0 stl=0 draw=4.89W cT=52 gT=49 caps%[0:35,2:100,5:35,7:70,-100:40] curMHz[0:787,2:3148,5:1075,7:2112] gpu=231 gcap=422[10/13] lrn=100
2026-08-01 14:32:02 PulseDaemon: cap write via daemon (3 node(s))
2026-08-01 14:32:02 PulseDaemon: cap write via daemon (2 node(s))
2026-08-01 14:32:03 PulseDaemon: telemetry read via daemon (16 path(s))
2026-08-01 14:32:04 PulseDaemon: telemetry read via daemon (16 path(s))
2026-08-01 14:32:04 PulseAutoTdp: AUTOTDP-SESSION tgt=90 bias=EFFICIENT wattCap=0 policies=0:2265600:0,1;2:3148800:2,3,4;5:2956800:5,6;7:3052800:7;-100:1050000:
2026-08-01 14:32:04 PulseAutoTdp: tgt=90 fps=90.0 jank=0 tail=11ms act=HOLD bn=CPU cpuB=23 cpuPk=70 primePk=70 io=0 gpuB=51 gpuL=11 capped=0 prk=0 stl=0 draw=6.33W cT=51 gT=48 caps%[0:35,2:100,5:35,7:70,-100:40] curMHz[0:787,2:3148,5:1075,7:2112] gpu=231 gcap=422[10/13] lrn=100
2026-08-01 14:32:04 PulseDaemon: cap write via daemon (3 node(s))
2026-08-01 14:32:04 PulseDaemon: cap write via daemon (2 node(s))
2026-08-01 14:32:06 PulseDaemon: telemetry read via daemon (16 path(s))
2026-08-01 14:32:07 PulseDaemon: telemetry read via daemon (16 path(s))
2026-08-01 14:32:07 PulseAutoTdp: tgt=90 fps=90.0 jank=0 tail=11ms act=HOLD bn=CPU cpuB=31 cpuPk=75 primePk=75 io=0 gpuB=51 gpuL=11 capped=0 prk=0 stl=0 draw=4.05W cT=54 gT=50 caps%[0:35,2:100,5:35,7:70,-100:40] curMHz[0:787,2:3148,5:1075,7:2112] gpu=231 gcap=422[10/13] lrn=100
2026-08-01 14:32:07 PulseDaemon: cap write via daemon (3 node(s))
2026-08-01 14:32:07 PulseDaemon: cap write via daemon (2 node(s))
2026-08-01 14:32:08 PulseDaemon: telemetry read via daemon (16 path(s))
2026-08-01 14:32:10 PulseDaemon: telemetry read via daemon (16 path(s))
2026-08-01 14:32:10 PulseAutoTdp: tgt=90 fps=88.5 jank=1 tail=33ms act=HOLD bn=CPU cpuB=28 cpuPk=72 primePk=72 io=0 gpuB=60 gpuL=13 capped=0 prk=0 stl=0 draw=5.71W cT=54 gT=49 caps%[0:35,2:100,5:35,7:70,-100:40] curMHz[0:787,2:3148,5:1075,7:2112] gpu=231 gcap=422[10/13] lrn=100
2026-08-01 14:32:10 PulseDaemon: cap write via daemon (3 node(s))
2026-08-01 14:32:10 PulseDaemon: cap write via daemon (2 node(s))
2026-08-01 14:32:11 PulseDaemon: telemetry read via daemon (16 path(s))
2026-08-01 14:32:12 PulseDaemon: telemetry read via daemon (16 path(s))
2026-08-01 14:32:12 PulseAutoTdp: tgt=90 fps=90.0 jank=0 tail=11ms act=HOLD bn=CPU cpuB=21 cpuPk=61 primePk=61 io=0 gpuB=48 gpuL=10 capped=0 prk=0 stl=0 draw=5.06W cT=52 gT=48 caps%[0:35,2:100,5:35,7:70,-100:40] curMHz[0:787,2:3148,5:1075,7:2112] gpu=231 gcap=422[10/13] lrn=100
2026-08-01 14:32:12 PulseDaemon: cap write via daemon (2 node(s))
2026-08-01 14:32:14 PulseDaemon: telemetry read via daemon (16 path(s))
2026-08-01 14:32:15 PulseDaemon: telemetry read via daemon (16 path(s))
2026-08-01 14:32:15 PulseAutoTdp: tgt=90 fps=90.0 jank=0 tail=11ms act=HOLD bn=CPU cpuB=20 cpuPk=66 primePk=66 io=0 gpuB=42 gpuL=9 capped=0 prk=0 stl=0 draw=4.70W cT=50 gT=48 caps%[0:35,2:100,5:35,7:70,-100:40] curMHz[0:787,2:3148,5:1075,7:2112] gpu=231 gcap=422[10/13] lrn=100
2026-08-01 14:32:15 PulseDaemon: cap write via daemon (3 node(s))
2026-08-01 14:32:15 PulseDaemon: cap write via daemon (2 node(s))
2026-08-01 14:32:16 PulseDaemon: telemetry read via daemon (16 path(s))
2026-08-01 14:32:18 PulseDaemon: telemetry read via daemon (16 path(s))
2026-08-01 14:32:18 PulseAutoTdp: tgt=90 fps=90.0 jank=0 tail=11ms act=HOLD bn=CPU cpuB=21 cpuPk=67 primePk=67 io=0 gpuB=43 gpuL=9 capped=0 prk=0 stl=0 draw=4.78W cT=52 gT=47 caps%[0:35,2:100,5:35,7:70,-100:40] curMHz[0:787,2:3148,5:1075,7:2112] mn/mx[0:787/787,2:499/3148,5:499/1075,7:480/2112] gpu=231 gcap=422[10/13] lrn=100
2026-08-01 14:32:19 PulseDaemon: cap write via daemon (3 node(s))
2026-08-01 14:32:19 PulseDaemon: cap write via daemon (2 node(s))
2026-08-01 14:32:20 PulseDaemon: telemetry read via daemon (16 path(s))
2026-08-01 14:32:21 PulseDaemon: telemetry read via daemon (16 path(s))
2026-08-01 14:32:21 PulseDaemon: cap write via daemon (7 node(s))
2026-08-01 14:32:21 PulseAutoTdp: tgt=90 fps=90.0 jank=0 tail=11ms act=TRIM bn=- cpuB=20 cpuPk=54 primePk=54 io=0 gpuB=38 gpuL=8 capped=0 prk=0 stl=0 draw=4.77W cT=50 gT=48 caps%[0:35,2:95,5:35,7:70,-100:40] curMHz[0:787,2:3148,5:1075,7:2112] gpu=231 gcap=422[10/13] lrn=100
2026-08-01 14:32:21 PulseDaemon: cap write via daemon (2 node(s))
2026-08-01 14:32:22 PulseDaemon: cap write via daemon (3 node(s))
2026-08-01 14:32:22 PulseDaemon: cap write via daemon (2 node(s))
2026-08-01 14:32:23 PulseDaemon: telemetry read via daemon (16 path(s))
2026-08-01 14:32:24 PulseDaemon: telemetry read via daemon (16 path(s))
2026-08-01 14:32:24 PulseAutoTdp: tgt=90 fps=90.0 jank=0 tail=11ms act=HOLD bn=- cpuB=21 cpuPk=62 primePk=62 io=0 gpuB=33 gpuL=7 capped=0 prk=0 stl=0 draw=3.58W cT=50 gT=47 caps%[0:35,2:95,5:35,7:70,-100:40] curMHz[0:787,2:3014,5:1075,7:2112] gpu=231 gcap=422[10/13] lrn=100
2026-08-01 14:32:24 PulseDaemon: cap write via daemon (2 node(s))
2026-08-01 14:32:24 PulseDaemon: cap write via daemon (3 node(s))
2026-08-01 14:32:24 PulseDaemon: cap write via daemon (2 node(s))
2026-08-01 14:32:25 PulseDaemon: telemetry read via daemon (16 path(s))
2026-08-01 14:32:27 PulseDaemon: telemetry read via daemon (16 path(s))
2026-08-01 14:32:27 PulseAutoTdp: tgt=90 fps=90.0 jank=0 tail=11ms act=HOLD bn=- cpuB=22 cpuPk=62 primePk=62 io=0 gpuB=32 gpuL=7 capped=0 prk=0 stl=0 draw=5.72W cT=50 gT=48 caps%[0:35,2:95,5:35,7:70,-100:40] curMHz[0:787,2:3014,5:1075,7:2112] gpu=231 gcap=422[10/13] lrn=100
2026-08-01 14:32:27 PulseDaemon: cap write via daemon (2 node(s))
2026-08-01 14:32:27 PulseDaemon: cap write via daemon (3 node(s))
2026-08-01 14:32:27 PulseDaemon: cap write via daemon (2 node(s))
2026-08-01 14:32:28 PulseDaemon: telemetry read via daemon (16 path(s))
2026-08-01 14:32:30 PulseDaemon: telemetry read via daemon (16 path(s))
2026-08-01 14:32:30 PulseAutoTdp: tgt=90 fps=90.0 jank=0 tail=11ms act=HOLD bn=- cpuB=23 cpuPk=62 primePk=62 io=0 gpuB=72 gpuL=15 capped=0 prk=0 stl=0 draw=6.36W cT=52 gT=48 caps%[0:35,2:95,5:35,7:70,-100:40] curMHz[0:787,2:3014,5:1075,7:2112] gpu=231 gcap=422[10/13] lrn=100
2026-08-01 14:32:30 PulseDaemon: cap write via daemon (2 node(s))
2026-08-01 14:32:30 PulseDaemon: cap write via daemon (3 node(s))
2026-08-01 14:32:30 PulseDaemon: cap write via daemon (2 node(s))
2026-08-01 14:32:31 PulseDaemon: telemetry read via daemon (16 path(s))
2026-08-01 14:32:32 PulseDaemon: telemetry read via daemon (16 path(s))
2026-08-01 14:32:32 PulseAutoTdp: tgt=90 fps=90.0 jank=0 tail=11ms act=HOLD bn=CPU cpuB=25 cpuPk=69 primePk=69 io=0 gpuB=60 gpuL=13 capped=0 prk=0 stl=0 draw=4.95W cT=52 gT=49 caps%[0:35,2:95,5:35,7:70,-100:40] curMHz[0:787,2:3014,5:1075,7:2112] gpu=231 gcap=422[10/13] lrn=100
2026-08-01 14:32:32 PulseDaemon: cap write via daemon (2 node(s))
2026-08-01 14:32:33 PulseDaemon: cap write via daemon (3 node(s))
2026-08-01 14:32:33 PulseDaemon: cap write via daemon (2 node(s))
2026-08-01 14:32:34 PulseDaemon: telemetry read via daemon (16 path(s))
2026-08-01 14:32:35 PulseDaemon: telemetry read via daemon (16 path(s))
2026-08-01 14:32:35 PulseAutoTdp: tgt=90 fps=90.0 jank=0 tail=11ms act=HOLD bn=CPU cpuB=21 cpuPk=65 primePk=65 io=0 gpuB=41 gpuL=9 capped=0 prk=0 stl=0 draw=5.60W cT=50 gT=48 caps%[0:35,2:95,5:35,7:70,-100:40] curMHz[0:787,2:3014,5:1075,7:2112] gpu=231 gcap=422[10/13] lrn=100
2026-08-01 14:32:35 PulseDaemon: cap write via daemon (2 node(s))
2026-08-01 14:32:35 PulseDaemon: cap write via daemon (3 node(s))
2026-08-01 14:32:35 PulseDaemon: cap write via daemon (2 node(s))
2026-08-01 14:32:37 PulseDaemon: telemetry read via daemon (16 path(s))
2026-08-01 14:32:38 PulseDaemon: telemetry read via daemon (16 path(s))
2026-08-01 14:32:38 PulseAutoTdp: tgt=90 fps=90.0 jank=0 tail=11ms act=HOLD bn=CPU cpuB=20 cpuPk=67 primePk=67 io=0 gpuB=54 gpuL=11 capped=0 prk=0 stl=0 draw=5.75W cT=51 gT=48 caps%[0:35,2:95,5:35,7:70,-100:40] curMHz[0:787,2:3014,5:1075,7:2112] gpu=231 gcap=422[10/13] lrn=100
2026-08-01 14:32:38 PulseDaemon: cap write via daemon (2 node(s))
2026-08-01 14:32:38 PulseDaemon: cap write via daemon (3 node(s))
2026-08-01 14:32:38 PulseDaemon: cap write via daemon (2 node(s))
2026-08-01 14:32:39 PulseDaemon: telemetry read via daemon (16 path(s))
2026-08-01 14:32:41 PulseDaemon: telemetry read via daemon (16 path(s))
2026-08-01 14:32:41 PulseAutoTdp: tgt=90 fps=90.0 jank=0 tail=11ms act=HOLD bn=CPU cpuB=25 cpuPk=65 primePk=65 io=0 gpuB=72 gpuL=15 capped=0 prk=0 stl=0 draw=6.02W cT=52 gT=49 caps%[0:35,2:95,5:35,7:70,-100:40] curMHz[0:787,2:3014,5:1075,7:2112] gpu=231 gcap=422[10/13] lrn=100
2026-08-01 14:32:42 PulseDaemon: telemetry read via daemon (16 path(s))
2026-08-01 14:32:43 PulseDaemon: telemetry read via daemon (16 path(s))
2026-08-01 14:32:43 PulseAutoTdp: tgt=90 fps=90.0 jank=0 tail=11ms act=HOLD bn=CPU cpuB=20 cpuPk=61 primePk=61 io=0 gpuB=34 gpuL=7 capped=0 prk=0 stl=0 draw=5.13W cT=51 gT=47 caps%[0:35,2:95,5:35,7:70,-100:40] curMHz[0:787,2:3014,5:1075,7:2112] gpu=231 gcap=422[10/13] lrn=100
2026-08-01 14:32:43 PulseDaemon: cap write via daemon (2 node(s))
2026-08-01 14:32:44 PulseDaemon: cap write via daemon (3 node(s))
2026-08-01 14:32:44 PulseDaemon: cap write via daemon (2 node(s))
2026-08-01 14:32:45 PulseDaemon: telemetry read via daemon (16 path(s))
2026-08-01 14:32:46 PulseDaemon: telemetry read via daemon (16 path(s))
2026-08-01 14:32:46 PulseAutoTdp: AUTOTDP-SESSION tgt=90 bias=EFFICIENT wattCap=0 policies=0:2265600:0,1;2:3148800:2,3,4;5:2956800:5,6;7:3052800:7;-100:1050000:
2026-08-01 14:32:47 PulseAutoTdp: tgt=90 fps=90.0 jank=0 tail=11ms act=HOLD bn=CPU cpuB=20 cpuPk=67 primePk=67 io=0 gpuB=43 gpuL=9 capped=0 prk=0 stl=0 draw=4.28W cT=50 gT=47 caps%[0:35,2:95,5:35,7:70,-100:40] curMHz[0:787,2:3014,5:1075,7:2112] mn/mx[0:364/787,2:499/3014,5:499/1075,7:480/2112] gpu=231 gcap=422[10/13] lrn=100
2026-08-01 14:32:47 PulseDaemon: cap write via daemon (2 node(s))
2026-08-01 14:32:47 PulseDaemon: cap write via daemon (3 node(s))
2026-08-01 14:32:47 PulseDaemon: cap write via daemon (2 node(s))
2026-08-01 14:32:48 PulseDaemon: telemetry read via daemon (16 path(s))
2026-08-01 14:32:50 PulseDaemon: telemetry read via daemon (16 path(s))
2026-08-01 14:32:50 PulseAutoTdp: tgt=90 fps=90.0 jank=0 tail=11ms act=HOLD bn=CPU cpuB=23 cpuPk=65 primePk=65 io=0 gpuB=60 gpuL=13 capped=0 prk=0 stl=0 draw=4.91W cT=51 gT=47 caps%[0:35,2:95,5:35,7:70,-100:40] curMHz[0:787,2:3014,5:1075,7:2112] gpu=231 gcap=422[10/13] lrn=100
2026-08-01 14:32:50 PulseDaemon: cap write via daemon (2 node(s))
2026-08-01 14:32:51 PulseDaemon: telemetry read via daemon (16 path(s))
2026-08-01 14:32:52 PulseDaemon: telemetry read via daemon (16 path(s))
2026-08-01 14:32:52 PulseAutoTdp: tgt=90 fps=90.0 jank=0 tail=11ms act=HOLD bn=CPU cpuB=21 cpuPk=61 primePk=61 io=0 gpuB=32 gpuL=7 capped=0 prk=0 stl=0 draw=5.31W cT=49 gT=46 caps%[0:35,2:95,5:35,7:70,-100:40] curMHz[0:787,2:3014,5:1075,7:2112] gpu=231 gcap=422[10/13] lrn=100
2026-08-01 14:32:52 PulseDaemon: cap write via daemon (2 node(s))
2026-08-01 14:32:52 PulseDaemon: cap write via daemon (3 node(s))
2026-08-01 14:32:53 PulseDaemon: cap write via daemon (2 node(s))
2026-08-01 14:32:54 PulseDaemon: telemetry read via daemon (16 path(s))
2026-08-01 14:32:55 PulseDaemon: telemetry read via daemon (16 path(s))
2026-08-01 14:32:55 PulseAutoTdp: tgt=90 fps=89.4 jank=1 tail=33ms act=HOLD bn=CPU cpuB=26 cpuPk=64 primePk=64 io=0 gpuB=39 gpuL=8 capped=0 prk=0 stl=0 draw=7.71W cT=53 gT=47 caps%[0:35,2:95,5:35,7:70,-100:40] curMHz[0:787,2:3014,5:1075,7:2112] gpu=231 gcap=422[10/13] lrn=100
2026-08-01 14:32:55 PulseDaemon: cap write via daemon (2 node(s))
2026-08-01 14:32:55 PulseDaemon: cap write via daemon (3 node(s))
2026-08-01 14:32:55 PulseDaemon: cap write via daemon (2 node(s))
2026-08-01 14:32:56 PulseDaemon: telemetry read via daemon (16 path(s))
2026-08-01 14:32:58 PulseDaemon: telemetry read via daemon (16 path(s))
2026-08-01 14:32:58 PulseAutoTdp: tgt=90 fps=90.0 jank=0 tail=11ms act=HOLD bn=CPU cpuB=20 cpuPk=67 primePk=67 io=0 gpuB=41 gpuL=9 capped=0 prk=0 stl=0 draw=4.37W cT=51 gT=47 caps%[0:35,2:95,5:35,7:70,-100:40] curMHz[0:787,2:3014,5:1075,7:2112] gpu=231 gcap=422[10/13] lrn=100
2026-08-01 14:32:58 PulseDaemon: cap write via daemon (2 node(s))
2026-08-01 14:32:58 PulseDaemon: cap write via daemon (3 node(s))
2026-08-01 14:32:58 PulseDaemon: cap write via daemon (2 node(s))
2026-08-01 14:32:59 PulseDaemon: telemetry read via daemon (16 path(s))
2026-08-01 14:33:01 PulseDaemon: telemetry read via daemon (16 path(s))
2026-08-01 14:33:01 PulseAutoTdp: tgt=90 fps=90.0 jank=0 tail=11ms act=HOLD bn=CPU cpuB=19 cpuPk=63 primePk=63 io=0 gpuB=58 gpuL=12 capped=0 prk=0 stl=0 draw=4.50W cT=50 gT=47 caps%[0:35,2:95,5:35,7:70,-100:40] curMHz[0:787,2:3014,5:1075,7:2112] gpu=231 gcap=422[10/13] lrn=100
2026-08-01 14:33:01 PulseDaemon: cap write via daemon (2 node(s))
2026-08-01 14:33:01 PulseDaemon: cap write via daemon (3 node(s))
2026-08-01 14:33:01 PulseDaemon: cap write via daemon (2 node(s))
2026-08-01 14:33:02 PulseDaemon: telemetry read via daemon (16 path(s))
2026-08-01 14:33:03 PulseDaemon: telemetry read via daemon (16 path(s))
2026-08-01 14:33:03 PulseAutoTdp: tgt=90 fps=90.0 jank=0 tail=11ms act=HOLD bn=CPU cpuB=21 cpuPk=63 primePk=63 io=0 gpuB=58 gpuL=12 capped=0 prk=0 stl=0 draw=5.65W cT=51 gT=48 caps%[0:35,2:95,5:35,7:70,-100:40] curMHz[0:787,2:3014,5:1075,7:2112] gpu=231 gcap=422[10/13] lrn=100
2026-08-01 14:33:03 PulseDaemon: cap write via daemon (2 node(s))
2026-08-01 14:33:04 PulseDaemon: cap write via daemon (3 node(s))
2026-08-01 14:33:04 PulseDaemon: cap write via daemon (2 node(s))
2026-08-01 14:33:05 PulseDaemon: telemetry read via daemon (16 path(s))
2026-08-01 14:33:06 PulseDaemon: telemetry read via daemon (16 path(s))
2026-08-01 14:33:06 PulseAutoTdp: tgt=90 fps=90.0 jank=0 tail=11ms act=HOLD bn=CPU cpuB=22 cpuPk=67 primePk=67 io=0 gpuB=56 gpuL=12 capped=0 prk=0 stl=0 draw=6.20W cT=51 gT=47 caps%[0:35,2:95,5:35,7:70,-100:40] curMHz[0:787,2:3014,5:1075,7:2112] gpu=231 gcap=422[10/13] lrn=100
2026-08-01 14:33:06 PulseDaemon: cap write via daemon (2 node(s))
2026-08-01 14:33:06 PulseDaemon: cap write via daemon (3 node(s))
2026-08-01 14:33:06 PulseDaemon: cap write via daemon (2 node(s))
2026-08-01 14:33:07 PulseDaemon: telemetry read via daemon (16 path(s))
2026-08-01 14:33:09 PulseDaemon: telemetry read via daemon (16 path(s))
2026-08-01 14:33:09 PulseAutoTdp: tgt=90 fps=90.0 jank=0 tail=11ms act=HOLD bn=CPU cpuB=22 cpuPk=64 primePk=64 io=0 gpuB=53 gpuL=11 capped=0 prk=0 stl=0 draw=5.40W cT=51 gT=48 caps%[0:35,2:95,5:35,7:70,-100:40] curMHz[0:787,2:3014,5:1075,7:2112] gpu=231 gcap=422[10/13] lrn=100
2026-08-01 14:33:09 PulseDaemon: cap write via daemon (2 node(s))
2026-08-01 14:33:09 PulseDaemon: cap write via daemon (3 node(s))
2026-08-01 14:33:09 PulseDaemon: cap write via daemon (2 node(s))
2026-08-01 14:33:10 PulseDaemon: telemetry read via daemon (16 path(s))
2026-08-01 14:33:11 PulseDaemon: telemetry read via daemon (16 path(s))
2026-08-01 14:33:12 PulseAutoTdp: tgt=90 fps=90.0 jank=0 tail=11ms act=HOLD bn=CPU cpuB=20 cpuPk=66 primePk=66 io=0 gpuB=32 gpuL=7 capped=0 prk=0 stl=0 draw=4.38W cT=50 gT=47 caps%[0:35,2:95,5:35,7:70,-100:40] curMHz[0:787,2:3014,5:1075,7:2112] gpu=231 gcap=422[10/13] lrn=100
2026-08-01 14:33:12 PulseDaemon: cap write via daemon (2 node(s))
2026-08-01 14:33:12 PulseDaemon: cap write via daemon (3 node(s))
2026-08-01 14:33:12 PulseDaemon: cap write via daemon (2 node(s))
2026-08-01 14:33:13 PulseDaemon: telemetry read via daemon (16 path(s))
2026-08-01 14:33:14 PulseDaemon: telemetry read via daemon (16 path(s))
2026-08-01 14:33:15 PulseAutoTdp: tgt=90 fps=90.0 jank=0 tail=11ms act=HOLD bn=CPU cpuB=21 cpuPk=57 primePk=57 io=0 gpuB=33 gpuL=7 capped=0 prk=0 stl=0 draw=6.35W cT=49 gT=47 caps%[0:35,2:95,5:35,7:70,-100:40] curMHz[0:787,2:3014,5:1075,7:2112] mn/mx[0:787/787,2:499/3014,5:499/1075,7:480/2112] gpu=231 gcap=422[10/13] lrn=100
2026-08-01 14:33:15 PulseDaemon: cap write via daemon (2 node(s))
2026-08-01 14:33:15 PulseDaemon: cap write via daemon (3 node(s))
2026-08-01 14:33:15 PulseDaemon: cap write via daemon (2 node(s))
2026-08-01 14:33:16 PulseDaemon: telemetry read via daemon (16 path(s))
2026-08-01 14:33:18 PulseDaemon: telemetry read via daemon (16 path(s))
2026-08-01 14:33:18 PulseAutoTdp: tgt=90 fps=90.0 jank=0 tail=11ms act=HOLD bn=CPU cpuB=22 cpuPk=65 primePk=65 io=0 gpuB=51 gpuL=11 capped=0 prk=0 stl=0 draw=5.65W cT=50 gT=48 caps%[0:35,2:95,5:35,7:70,-100:40] curMHz[0:787,2:3014,5:1075,7:2112] gpu=231 gcap=422[10/13] lrn=100
2026-08-01 14:33:18 PulseDaemon: cap write via daemon (2 node(s))
2026-08-01 14:33:18 PulseDaemon: cap write via daemon (3 node(s))
2026-08-01 14:33:18 PulseDaemon: cap write via daemon (2 node(s))
2026-08-01 14:33:19 PulseDaemon: telemetry read via daemon (16 path(s))
2026-08-01 14:33:21 PulseDaemon: telemetry read via daemon (16 path(s))
2026-08-01 14:33:21 PulseAutoTdp: tgt=90 fps=90.0 jank=0 tail=11ms act=HOLD bn=CPU cpuB=20 cpuPk=59 primePk=59 io=0 gpuB=33 gpuL=7 capped=0 prk=0 stl=0 draw=4.09W cT=49 gT=47 caps%[0:35,2:95,5:35,7:70,-100:40] curMHz[0:787,2:3014,5:1075,7:2112] gpu=231 gcap=422[10/13] lrn=100
2026-08-01 14:33:22 PulseDaemon: telemetry read via daemon (16 path(s))
2026-08-01 14:33:23 PulseDaemon: telemetry read via daemon (16 path(s))
2026-08-01 14:33:23 PulseAutoTdp: tgt=90 fps=90.0 jank=0 tail=11ms act=HOLD bn=CPU cpuB=20 cpuPk=61 primePk=61 io=0 gpuB=33 gpuL=7 capped=0 prk=0 stl=0 draw=4.94W cT=49 gT=47 caps%[0:35,2:95,5:35,7:70,-100:40] curMHz[0:787,2:3014,5:1075,7:2112] gpu=231 gcap=422[10/13] lrn=100
2026-08-01 14:33:23 PulseDaemon: cap write via daemon (2 node(s))
2026-08-01 14:33:23 PulseDaemon: cap write via daemon (3 node(s))
2026-08-01 14:33:24 PulseDaemon: cap write via daemon (2 node(s))
2026-08-01 14:33:25 PulseDaemon: telemetry read via daemon (16 path(s))
2026-08-01 14:33:26 PulseDaemon: telemetry read via daemon (16 path(s))
2026-08-01 14:33:26 PulseAutoTdp: tgt=90 fps=88.5 jank=0 tail=22ms act=HOLD bn=CPU cpuB=28 cpuPk=79 primePk=79 io=0 gpuB=43 gpuL=9 capped=0 prk=0 stl=0 draw=5.92W cT=51 gT=48 caps%[0:35,2:95,5:35,7:70,-100:40] curMHz[0:787,2:3014,5:1075,7:2112] gpu=231 gcap=422[10/13] lrn=100
2026-08-01 14:33:26 PulseDaemon: cap write via daemon (2 node(s))
2026-08-01 14:33:26 PulseDaemon: cap write via daemon (3 node(s))
2026-08-01 14:33:26 PulseDaemon: cap write via daemon (2 node(s))
2026-08-01 14:33:28 PulseDaemon: telemetry read via daemon (16 path(s))
2026-08-01 14:33:29 PulseDaemon: telemetry read via daemon (16 path(s))
2026-08-01 14:33:29 PulseAutoTdp: AUTOTDP-SESSION tgt=90 bias=EFFICIENT wattCap=0 policies=0:2265600:0,1;2:3148800:2,3,4;5:2956800:5,6;7:3052800:7;-100:1050000:
2026-08-01 14:33:29 PulseAutoTdp: tgt=90 fps=90.0 jank=0 tail=11ms act=HOLD bn=CPU cpuB=22 cpuPk=72 primePk=72 io=0 gpuB=48 gpuL=10 capped=0 prk=0 stl=0 draw=6.36W cT=51 gT=48 caps%[0:35,2:95,5:35,7:70,-100:40] curMHz[0:787,2:3014,5:1075,7:2112] gpu=231 gcap=422[10/13] lrn=100
2026-08-01 14:33:29 PulseDaemon: cap write via daemon (2 node(s))
2026-08-01 14:33:29 PulseDaemon: cap write via daemon (3 node(s))
2026-08-01 14:33:29 PulseDaemon: cap write via daemon (2 node(s))
2026-08-01 14:33:30 PulseDaemon: telemetry read via daemon (16 path(s))
2026-08-01 14:33:32 PulseDaemon: telemetry read via daemon (16 path(s))
2026-08-01 14:33:32 PulseAutoTdp: tgt=90 fps=90.0 jank=0 tail=11ms act=HOLD bn=CPU cpuB=24 cpuPk=73 primePk=73 io=0 gpuB=48 gpuL=10 capped=0 prk=0 stl=0 draw=5.17W cT=51 gT=48 caps%[0:35,2:95,5:35,7:70,-100:40] curMHz[0:787,2:3014,5:1075,7:2112] gpu=231 gcap=422[10/13] lrn=100
2026-08-01 14:33:32 PulseDaemon: cap write via daemon (2 node(s))
2026-08-01 14:33:32 PulseDaemon: cap write via daemon (3 node(s))
2026-08-01 14:33:32 PulseDaemon: cap write via daemon (2 node(s))
2026-08-01 14:33:33 PulseDaemon: telemetry read via daemon (16 path(s))
2026-08-01 14:33:35 PulseDaemon: telemetry read via daemon (16 path(s))
2026-08-01 14:33:35 PulseAutoTdp: tgt=90 fps=90.0 jank=0 tail=11ms act=HOLD bn=CPU cpuB=24 cpuPk=71 primePk=71 io=0 gpuB=48 gpuL=10 capped=0 prk=0 stl=0 draw=6.18W cT=51 gT=48 caps%[0:35,2:95,5:35,7:70,-100:40] curMHz[0:787,2:3014,5:1075,7:2112] gpu=231 gcap=422[10/13] lrn=100
2026-08-01 14:33:36 PulseDaemon: telemetry read via daemon (16 path(s))
2026-08-01 14:33:37 PulseDaemon: telemetry read via daemon (16 path(s))
2026-08-01 14:33:37 PulseAutoTdp: tgt=90 fps=90.0 jank=0 tail=11ms act=HOLD bn=CPU cpuB=23 cpuPk=70 primePk=70 io=0 gpuB=47 gpuL=10 capped=0 prk=0 stl=0 draw=7.01W cT=52 gT=48 caps%[0:35,2:95,5:35,7:70,-100:40] curMHz[0:787,2:3014,5:1075,7:2112] gpu=231 gcap=422[10/13] lrn=100
2026-08-01 14:33:37 PulseDaemon: cap write via daemon (2 node(s))
2026-08-01 14:33:37 PulseDaemon: cap write via daemon (3 node(s))
2026-08-01 14:33:38 PulseDaemon: cap write via daemon (2 node(s))
2026-08-01 14:33:39 PulseDaemon: telemetry read via daemon (16 path(s))
2026-08-01 14:33:40 PulseDaemon: telemetry read via daemon (16 path(s))
2026-08-01 14:33:40 PulseAutoTdp: tgt=90 fps=90.0 jank=0 tail=11ms act=HOLD bn=CPU cpuB=24 cpuPk=71 primePk=71 io=0 gpuB=47 gpuL=10 capped=0 prk=0 stl=0 draw=5.40W cT=52 gT=48 caps%[0:35,2:95,5:35,7:70,-100:40] curMHz[0:787,2:3014,5:1075,7:2112] gpu=231 gcap=422[10/13] lrn=100
2026-08-01 14:33:40 PulseDaemon: cap write via daemon (2 node(s))
2026-08-01 14:33:40 PulseDaemon: cap write via daemon (3 node(s))
2026-08-01 14:33:40 PulseDaemon: cap write via daemon (2 node(s))
2026-08-01 14:33:41 PulseDaemon: telemetry read via daemon (16 path(s))
2026-08-01 14:33:43 PulseDaemon: telemetry read via daemon (16 path(s))
2026-08-01 14:33:44 PulseAutoTdp: tgt=90 fps=90.0 jank=0 tail=11ms act=HOLD bn=CPU cpuB=23 cpuPk=71 primePk=71 io=0 gpuB=47 gpuL=10 capped=0 prk=0 stl=0 draw=4.28W cT=52 gT=48 caps%[0:35,2:95,5:35,7:70,-100:40] curMHz[0:787,2:3014,5:1075,7:2112] mn/mx[0:364/787,2:499/3014,5:499/1075,7:480/2112] gpu=231 gcap=422[10/13] lrn=100
2026-08-01 14:33:44 PulseDaemon: cap write via daemon (2 node(s))
2026-08-01 14:33:44 PulseDaemon: cap write via daemon (3 node(s))
2026-08-01 14:33:44 PulseDaemon: cap write via daemon (2 node(s))
2026-08-01 14:33:45 PulseDaemon: telemetry read via daemon (16 path(s))
2026-08-01 14:33:46 PulseDaemon: telemetry read via daemon (16 path(s))
2026-08-01 14:33:46 PulseAutoTdp: tgt=90 fps=90.0 jank=0 tail=11ms act=HOLD bn=CPU cpuB=24 cpuPk=72 primePk=72 io=0 gpuB=46 gpuL=10 capped=0 prk=0 stl=0 draw=5.19W cT=52 gT=48 caps%[0:35,2:95,5:35,7:70,-100:40] curMHz[0:787,2:3014,5:1075,7:2112] gpu=231 gcap=422[10/13] lrn=100
2026-08-01 14:33:46 PulseDaemon: cap write via xsu fallback (2 node(s), ~413 chars, chunked)
2026-08-01 14:33:47 PulseDaemon: cap write via daemon (3 node(s))
2026-08-01 14:33:47 PulseDaemon: cap write via daemon (2 node(s))
2026-08-01 14:33:48 PulseDaemon: telemetry read via daemon (16 path(s))
2026-08-01 14:33:49 PulseDaemon: telemetry read via daemon (16 path(s))
2026-08-01 14:33:49 PulseAutoTdp: tgt=90 fps=90.0 jank=0 tail=11ms act=HOLD bn=CPU cpuB=23 cpuPk=72 primePk=72 io=0 gpuB=46 gpuL=10 capped=0 prk=0 stl=0 draw=4.86W cT=52 gT=48 caps%[0:35,2:95,5:35,7:70,-100:40] curMHz[0:787,2:3014,5:1075,7:2112] gpu=231 gcap=422[10/13] lrn=100
2026-08-01 14:33:49 PulseDaemon: cap write via daemon (2 node(s))
2026-08-01 14:33:49 PulseDaemon: cap write via daemon (3 node(s))
2026-08-01 14:33:49 PulseDaemon: cap write via daemon (2 node(s))
2026-08-01 14:33:51 PulseDaemon: telemetry read via daemon (16 path(s))
2026-08-01 14:33:52 PulseDaemon: telemetry read via daemon (16 path(s))
2026-08-01 14:33:52 PulseAutoTdp: tgt=90 fps=90.0 jank=0 tail=11ms act=HOLD bn=CPU cpuB=22 cpuPk=69 primePk=69 io=0 gpuB=49 gpuL=10 capped=0 prk=0 stl=0 draw=4.13W cT=50 gT=47 caps%[0:35,2:95,5:35,7:70,-100:40] curMHz[0:787,2:3014,5:1075,7:2112] gpu=231 gcap=422[10/13] lrn=100
2026-08-01 14:33:52 PulseDaemon: cap write via daemon (2 node(s))
2026-08-01 14:33:52 PulseDaemon: cap write via daemon (3 node(s))
2026-08-01 14:33:52 PulseDaemon: cap write via daemon (2 node(s))
2026-08-01 14:33:53 PulseDaemon: telemetry read via daemon (16 path(s))
2026-08-01 14:33:55 PulseDaemon: telemetry read via daemon (16 path(s))
2026-08-01 14:33:55 PulseAutoTdp: tgt=90 fps=90.0 jank=0 tail=11ms act=HOLD bn=CPU cpuB=23 cpuPk=74 primePk=74 io=0 gpuB=23 gpuL=5 capped=0 prk=0 stl=0 draw=5.14W cT=50 gT=47 caps%[0:35,2:95,5:35,7:70,-100:40] curMHz[0:787,2:3014,5:1075,7:2112] gpu=231 gcap=422[10/13] lrn=100
2026-08-01 14:33:55 PulseDaemon: cap write via daemon (2 node(s))
2026-08-01 14:33:55 PulseDaemon: cap write via daemon (3 node(s))
2026-08-01 14:33:55 PulseDaemon: cap write via daemon (2 node(s))
2026-08-01 14:33:56 PulseDaemon: telemetry read via daemon (16 path(s))
2026-08-01 14:33:57 PulseDaemon: telemetry read via daemon (16 path(s))
2026-08-01 14:33:57 PulseAutoTdp: tgt=90 fps=90.0 jank=0 tail=11ms act=HOLD bn=CPU cpuB=21 cpuPk=65 primePk=65 io=0 gpuB=49 gpuL=10 capped=0 prk=0 stl=0 draw=4.90W cT=50 gT=47 caps%[0:35,2:95,5:35,7:70,-100:40] curMHz[0:787,2:3014,5:1075,7:2112] gpu=231 gcap=422[10/13] lrn=100
2026-08-01 14:33:58 PulseDaemon: cap write via daemon (2 node(s))
2026-08-01 14:33:58 PulseDaemon: cap write via daemon (3 node(s))
2026-08-01 14:33:58 PulseDaemon: cap write via daemon (2 node(s))
2026-08-01 14:33:59 PulseDaemon: telemetry read via daemon (16 path(s))
2026-08-01 14:34:00 PulseDaemon: telemetry read via daemon (16 path(s))
2026-08-01 14:34:00 PulseAutoTdp: tgt=90 fps=90.0 jank=0 tail=11ms act=HOLD bn=CPU cpuB=20 cpuPk=59 primePk=59 io=0 gpuB=26 gpuL=5 capped=0 prk=0 stl=0 draw=4.26W cT=50 gT=47 caps%[0:35,2:95,5:35,7:70,-100:40] curMHz[0:787,2:3014,5:1075,7:2112] gpu=231 gcap=422[10/13] lrn=100
2026-08-01 14:34:00 PulseDaemon: cap write via daemon (2 node(s))
2026-08-01 14:34:02 PulseDaemon: telemetry read via daemon (16 path(s))
2026-08-01 14:34:03 PulseDaemon: telemetry read via daemon (16 path(s))
2026-08-01 14:34:03 PulseAutoTdp: tgt=90 fps=90.0 jank=0 tail=11ms act=HOLD bn=CPU cpuB=23 cpuPk=64 primePk=64 io=0 gpuB=28 gpuL=6 capped=0 prk=0 stl=0 draw=5.92W cT=49 gT=47 caps%[0:35,2:95,5:35,7:70,-100:40] curMHz[0:787,2:3014,5:1075,7:2112] gpu=231 gcap=422[10/13] lrn=100
2026-08-01 14:34:03 PulseDaemon: cap write via daemon (2 node(s))
2026-08-01 14:34:03 PulseDaemon: cap write via daemon (3 node(s))
2026-08-01 14:34:03 PulseDaemon: cap write via daemon (2 node(s))
2026-08-01 14:34:04 PulseDaemon: telemetry read via daemon (16 path(s))
2026-08-01 14:34:06 PulseDaemon: telemetry read via daemon (16 path(s))
2026-08-01 14:34:06 PulseAutoTdp: tgt=90 fps=90.0 jank=0 tail=11ms act=HOLD bn=CPU cpuB=20 cpuPk=56 primePk=56 io=0 gpuB=24 gpuL=5 capped=0 prk=0 stl=0 draw=3.99W cT=49 gT=47 caps%[0:35,2:95,5:35,7:70,-100:40] curMHz[0:787,2:3014,5:1075,7:2112] gpu=231 gcap=422[10/13] lrn=100
2026-08-01 14:34:06 PulseDaemon: cap write via daemon (2 node(s))
2026-08-01 14:34:06 PulseDaemon: cap write via daemon (3 node(s))
2026-08-01 14:34:06 PulseDaemon: cap write via daemon (2 node(s))
2026-08-01 14:34:07 PulseDaemon: telemetry read via daemon (16 path(s))
2026-08-01 14:34:08 PulseDaemon: telemetry read via daemon (16 path(s))
2026-08-01 14:34:09 PulseAutoTdp: tgt=90 fps=90.0 jank=0 tail=11ms act=HOLD bn=CPU cpuB=20 cpuPk=59 primePk=59 io=0 gpuB=31 gpuL=6 capped=0 prk=0 stl=0 draw=3.46W cT=49 gT=47 caps%[0:35,2:95,5:35,7:70,-100:40] curMHz[0:787,2:3014,5:1075,7:2112] gpu=231 gcap=422[10/13] lrn=100
2026-08-01 14:34:09 PulseDaemon: cap write via daemon (2 node(s))
2026-08-01 14:34:09 PulseDaemon: cap write via daemon (3 node(s))
2026-08-01 14:34:09 PulseDaemon: cap write via daemon (2 node(s))
2026-08-01 14:34:10 PulseDaemon: telemetry read via daemon (16 path(s))
2026-08-01 14:34:11 PulseDaemon: telemetry read via daemon (16 path(s))
2026-08-01 14:34:11 PulseAutoTdp: AUTOTDP-SESSION tgt=90 bias=EFFICIENT wattCap=0 policies=0:2265600:0,1;2:3148800:2,3,4;5:2956800:5,6;7:3052800:7;-100:1050000:
2026-08-01 14:34:12 PulseAutoTdp: tgt=90 fps=90.0 jank=0 tail=11ms act=HOLD bn=CPU cpuB=26 cpuPk=68 primePk=68 io=0 gpuB=39 gpuL=8 capped=0 prk=0 stl=0 draw=5.73W cT=51 gT=48 caps%[0:35,2:95,5:35,7:70,-100:40] curMHz[0:787,2:3014,5:1075,7:2112] mn/mx[0:364/787,2:499/3014,5:499/1075,7:480/2112] gpu=231 gcap=422[10/13] lrn=100
2026-08-01 14:34:12 PulseDaemon: cap write via daemon (2 node(s))
2026-08-01 14:34:12 PulseDaemon: cap write via daemon (3 node(s))
2026-08-01 14:34:12 PulseDaemon: cap write via daemon (2 node(s))
2026-08-01 14:34:13 PulseDaemon: telemetry read via daemon (16 path(s))
2026-08-01 14:34:15 PulseDaemon: telemetry read via daemon (16 path(s))
2026-08-01 14:34:15 PulseAutoTdp: tgt=90 fps=87.1 jank=1 tail=33ms act=HOLD bn=CPU cpuB=31 cpuPk=80 primePk=80 io=0 gpuB=38 gpuL=8 capped=0 prk=0 stl=0 draw=6.93W cT=55 gT=48 caps%[0:35,2:95,5:35,7:70,-100:40] curMHz[0:787,2:3014,5:1075,7:2112] gpu=231 gcap=422[10/13] lrn=100
2026-08-01 14:34:15 PulseDaemon: cap write via daemon (2 node(s))
2026-08-01 14:34:15 PulseDaemon: cap write via daemon (3 node(s))
2026-08-01 14:34:16 PulseDaemon: telemetry read via daemon (16 path(s))
2026-08-01 14:34:18 PulseDaemon: telemetry read via daemon (16 path(s))
2026-08-01 14:34:18 PulseAutoTdp: tgt=90 fps=90.0 jank=0 tail=11ms act=HOLD bn=CPU cpuB=23 cpuPk=64 primePk=64 io=0 gpuB=73 gpuL=16 capped=0 prk=0 stl=0 draw=6.19W cT=52 gT=48 caps%[0:35,2:95,5:35,7:70,-100:40] curMHz[0:787,2:3014,5:1075,7:2112] gpu=231 gcap=422[10/13] lrn=100
2026-08-01 14:34:19 PulseDaemon: telemetry read via daemon (16 path(s))
2026-08-01 14:34:20 PulseDaemon: telemetry read via daemon (16 path(s))
2026-08-01 14:34:20 PulseAutoTdp: tgt=90 fps=90.0 jank=0 tail=11ms act=HOLD bn=CPU cpuB=23 cpuPk=62 primePk=62 io=0 gpuB=73 gpuL=16 capped=0 prk=0 stl=0 draw=3.77W cT=52 gT=48 caps%[0:35,2:95,5:35,7:70,-100:40] curMHz[0:787,2:3014,5:1075,7:2112] gpu=231 gcap=422[10/13] lrn=100
2026-08-01 14:34:20 PulseDaemon: cap write via daemon (2 node(s))
2026-08-01 14:34:20 PulseDaemon: cap write via daemon (3 node(s))
2026-08-01 14:34:20 PulseDaemon: cap write via daemon (2 node(s))
2026-08-01 14:34:21 PulseDaemon: telemetry read via daemon (16 path(s))
2026-08-01 14:34:23 PulseDaemon: telemetry read via daemon (16 path(s))
2026-08-01 14:34:23 PulseAutoTdp: tgt=90 fps=90.0 jank=0 tail=11ms act=HOLD bn=CPU cpuB=23 cpuPk=62 primePk=62 io=0 gpuB=53 gpuL=11 capped=0 prk=0 stl=0 draw=4.79W cT=52 gT=48 caps%[0:35,2:95,5:35,7:70,-100:40] curMHz[0:787,2:3014,5:1075,7:2112] gpu=231 gcap=422[10/13] lrn=100
2026-08-01 14:34:23 PulseDaemon: cap write via daemon (2 node(s))
2026-08-01 14:34:23 PulseDaemon: cap write via daemon (3 node(s))
2026-08-01 14:34:23 PulseDaemon: cap write via daemon (2 node(s))
2026-08-01 14:34:24 PulseDaemon: telemetry read via daemon (16 path(s))
2026-08-01 14:34:26 PulseDaemon: telemetry read via daemon (16 path(s))
2026-08-01 14:34:26 PulseAutoTdp: tgt=90 fps=90.0 jank=0 tail=11ms act=HOLD bn=CPU cpuB=23 cpuPk=61 primePk=61 io=0 gpuB=36 gpuL=7 capped=0 prk=0 stl=0 draw=5.64W cT=52 gT=48 caps%[0:35,2:95,5:35,7:70,-100:40] curMHz[0:787,2:3014,5:1075,7:2112] gpu=231 gcap=422[10/13] lrn=100
2026-08-01 14:34:26 PulseDaemon: cap write via daemon (2 node(s))
2026-08-01 14:34:26 PulseDaemon: cap write via daemon (3 node(s))
2026-08-01 14:34:26 PulseDaemon: cap write via daemon (2 node(s))
2026-08-01 14:34:27 PulseDaemon: telemetry read via daemon (16 path(s))
2026-08-01 14:34:28 PulseDaemon: telemetry read via daemon (16 path(s))
2026-08-01 14:34:29 PulseAutoTdp: tgt=90 fps=90.0 jank=0 tail=11ms act=HOLD bn=CPU cpuB=19 cpuPk=63 primePk=63 io=0 gpuB=31 gpuL=6 capped=0 prk=0 stl=0 draw=3.40W cT=50 gT=46 caps%[0:35,2:95,5:35,7:70,-100:40] curMHz[0:787,2:3014,5:1075,7:2112] gpu=231 gcap=422[10/13] lrn=100
2026-08-01 14:34:29 PulseDaemon: cap write via daemon (2 node(s))
2026-08-01 14:34:29 PulseDaemon: cap write via daemon (3 node(s))
2026-08-01 14:34:29 PulseDaemon: cap write via daemon (2 node(s))
2026-08-01 14:34:30 PulseDaemon: telemetry read via daemon (16 path(s))
2026-08-01 14:34:31 PulseDaemon: telemetry read via daemon (16 path(s))
2026-08-01 14:34:31 PulseAutoTdp: tgt=90 fps=90.0 jank=0 tail=11ms act=HOLD bn=CPU cpuB=19 cpuPk=65 primePk=65 io=0 gpuB=47 gpuL=10 capped=0 prk=0 stl=0 draw=3.55W cT=49 gT=47 caps%[0:35,2:95,5:35,7:70,-100:40] curMHz[0:787,2:3014,5:1075,7:2112] gpu=231 gcap=422[10/13] lrn=100
2026-08-01 14:34:31 PulseDaemon: cap write via daemon (2 node(s))
2026-08-01 14:34:31 PulseDaemon: cap write via daemon (3 node(s))
2026-08-01 14:34:31 PulseDaemon: cap write via daemon (2 node(s))
2026-08-01 14:34:33 PulseDaemon: telemetry read via daemon (16 path(s))
2026-08-01 14:34:34 PulseDaemon: telemetry read via daemon (16 path(s))
2026-08-01 14:34:34 PulseAutoTdp: tgt=90 fps=90.0 jank=0 tail=11ms act=HOLD bn=CPU cpuB=21 cpuPk=66 primePk=66 io=0 gpuB=33 gpuL=7 capped=0 prk=0 stl=0 draw=4.52W cT=51 gT=47 caps%[0:35,2:95,5:35,7:70,-100:40] curMHz[0:787,2:3014,5:1075,7:2112] gpu=231 gcap=422[10/13] lrn=100
2026-08-01 14:34:34 PulseDaemon: cap write via daemon (2 node(s))
2026-08-01 14:34:34 PulseDaemon: cap write via daemon (3 node(s))
2026-08-01 14:34:34 PulseDaemon: cap write via daemon (2 node(s))
2026-08-01 14:34:35 PulseDaemon: telemetry read via daemon (16 path(s))
2026-08-01 14:34:37 PulseDaemon: telemetry read via daemon (16 path(s))
2026-08-01 14:34:37 PulseAutoTdp: tgt=90 fps=90.0 jank=0 tail=11ms act=HOLD bn=CPU cpuB=20 cpuPk=58 primePk=58 io=0 gpuB=26 gpuL=5 capped=0 prk=0 stl=0 draw=5.22W cT=50 gT=47 caps%[0:35,2:95,5:35,7:70,-100:40] curMHz[0:787,2:3014,5:1075,7:2112] gpu=231 gcap=422[10/13] lrn=100
2026-08-01 14:34:37 PulseDaemon: cap write via daemon (2 node(s))
2026-08-01 14:34:37 PulseDaemon: cap write via daemon (3 node(s))
2026-08-01 14:34:37 PulseDaemon: cap write via daemon (2 node(s))
2026-08-01 14:34:38 PulseDaemon: telemetry read via daemon (16 path(s))
2026-08-01 14:34:40 PulseDaemon: telemetry read via daemon (16 path(s))
2026-08-01 14:34:41 PulseAutoTdp: tgt=90 fps=90.0 jank=0 tail=11ms act=HOLD bn=CPU cpuB=18 cpuPk=61 primePk=61 io=0 gpuB=25 gpuL=5 capped=0 prk=0 stl=0 draw=3.76W cT=48 gT=47 caps%[0:35,2:95,5:35,7:70,-100:40] curMHz[0:787,2:3014,5:1075,7:2112] mn/mx[0:364/787,2:499/3014,5:499/1075,7:480/2112] gpu=231 gcap=422[10/13] lrn=100
2026-08-01 14:34:41 PulseDaemon: cap write via daemon (2 node(s))
2026-08-01 14:34:41 PulseDaemon: cap write via daemon (3 node(s))
2026-08-01 14:34:41 PulseDaemon: cap write via daemon (2 node(s))
2026-08-01 14:34:42 PulseDaemon: telemetry read via daemon (16 path(s))
2026-08-01 14:34:43 PulseDaemon: telemetry read via daemon (16 path(s))
2026-08-01 14:34:43 PulseAutoTdp: tgt=90 fps=90.0 jank=0 tail=11ms act=HOLD bn=CPU cpuB=19 cpuPk=56 primePk=56 io=0 gpuB=24 gpuL=5 capped=0 prk=0 stl=0 draw=4.82W cT=48 gT=46 caps%[0:35,2:95,5:35,7:70,-100:40] curMHz[0:787,2:3014,5:1075,7:2112] gpu=231 gcap=422[10/13] lrn=100
2026-08-01 14:34:43 PulseDaemon: cap write via daemon (2 node(s))
2026-08-01 14:34:43 PulseDaemon: cap write via daemon (3 node(s))
2026-08-01 14:34:44 PulseDaemon: cap write via daemon (2 node(s))
2026-08-01 14:34:45 PulseDaemon: telemetry read via daemon (16 path(s))
2026-08-01 14:34:46 PulseDaemon: telemetry read via daemon (16 path(s))
2026-08-01 14:34:46 PulseAutoTdp: tgt=90 fps=90.0 jank=0 tail=11ms act=HOLD bn=CPU cpuB=19 cpuPk=56 primePk=56 io=0 gpuB=29 gpuL=6 capped=0 prk=0 stl=0 draw=4.89W cT=48 gT=46 caps%[0:35,2:95,5:35,7:70,-100:40] curMHz[0:787,2:3014,5:1075,7:2112] gpu=231 gcap=422[10/13] lrn=100
2026-08-01 14:34:46 PulseDaemon: cap write via daemon (2 node(s))
2026-08-01 14:34:46 PulseDaemon: cap write via daemon (3 node(s))
2026-08-01 14:34:47 PulseDaemon: telemetry read via daemon (16 path(s))
2026-08-01 14:34:49 PulseDaemon: telemetry read via daemon (16 path(s))
2026-08-01 14:34:49 PulseAutoTdp: tgt=90 fps=90.0 jank=0 tail=11ms act=HOLD bn=CPU cpuB=19 cpuPk=58 primePk=58 io=0 gpuB=30 gpuL=6 capped=0 prk=0 stl=0 draw=4.91W cT=49 gT=46 caps%[0:35,2:95,5:35,7:70,-100:40] curMHz[0:787,2:3014,5:1075,7:2112] gpu=231 gcap=422[10/13] lrn=100
2026-08-01 14:34:49 PulseDaemon: cap write via daemon (2 node(s))
2026-08-01 14:34:49 PulseDaemon: cap write via daemon (3 node(s))
2026-08-01 14:34:49 PulseDaemon: cap write via daemon (2 node(s))
2026-08-01 14:34:50 PulseDaemon: telemetry read via daemon (16 path(s))
2026-08-01 14:34:52 PulseDaemon: telemetry read via daemon (16 path(s))
2026-08-01 14:34:52 PulseAutoTdp: tgt=90 fps=90.0 jank=0 tail=11ms act=HOLD bn=CPU cpuB=19 cpuPk=57 primePk=57 io=0 gpuB=41 gpuL=9 capped=0 prk=0 stl=0 draw=3.76W cT=48 gT=46 caps%[0:35,2:95,5:35,7:70,-100:40] curMHz[0:787,2:3014,5:1075,7:2112] gpu=231 gcap=422[10/13] lrn=100
2026-08-01 14:34:52 PulseDaemon: cap write via daemon (2 node(s))
2026-08-01 14:34:52 PulseDaemon: cap write via daemon (3 node(s))
2026-08-01 14:34:52 PulseDaemon: cap write via daemon (2 node(s))
2026-08-01 14:34:53 PulseDaemon: telemetry read via daemon (16 path(s))
2026-08-01 14:34:54 PulseDaemon: telemetry read via daemon (16 path(s))
2026-08-01 14:34:54 PulseAutoTdp: AUTOTDP-SESSION tgt=90 bias=EFFICIENT wattCap=0 policies=0:2265600:0,1;2:3148800:2,3,4;5:2956800:5,6;7:3052800:7;-100:1050000:
2026-08-01 14:34:54 PulseAutoTdp: tgt=90 fps=90.0 jank=0 tail=11ms act=HOLD bn=CPU cpuB=20 cpuPk=61 primePk=61 io=0 gpuB=42 gpuL=9 capped=0 prk=0 stl=0 draw=5.69W cT=49 gT=46 caps%[0:35,2:95,5:35,7:70,-100:40] curMHz[0:787,2:3014,5:1075,7:2112] gpu=231 gcap=422[10/13] lrn=100
2026-08-01 14:34:55 PulseDaemon: cap write via daemon (2 node(s))
2026-08-01 14:34:55 PulseDaemon: cap write via daemon (3 node(s))
2026-08-01 14:34:55 PulseDaemon: cap write via daemon (2 node(s))
2026-08-01 14:34:56 PulseDaemon: telemetry read via daemon (16 path(s))
2026-08-01 14:34:57 PulseDaemon: telemetry read via daemon (16 path(s))
2026-08-01 14:34:57 PulseAutoTdp: tgt=90 fps=90.0 jank=0 tail=11ms act=HOLD bn=CPU cpuB=20 cpuPk=56 primePk=56 io=0 gpuB=33 gpuL=7 capped=0 prk=0 stl=0 draw=3.85W cT=49 gT=46 caps%[0:35,2:95,5:35,7:70,-100:40] curMHz[0:787,2:3014,5:1075,7:2112] gpu=231 gcap=422[10/13] lrn=100
2026-08-01 14:34:57 PulseDaemon: cap write via daemon (2 node(s))
2026-08-01 14:34:57 PulseDaemon: cap write via daemon (3 node(s))
2026-08-01 14:34:57 PulseDaemon: cap write via daemon (2 node(s))
2026-08-01 14:34:59 PulseDaemon: telemetry read via daemon (16 path(s))
2026-08-01 14:35:00 PulseDaemon: telemetry read via daemon (16 path(s))
2026-08-01 14:35:00 PulseAutoTdp: tgt=90 fps=90.0 jank=0 tail=11ms act=HOLD bn=CPU cpuB=21 cpuPk=61 primePk=61 io=0 gpuB=28 gpuL=6 capped=0 prk=0 stl=0 draw=5.09W cT=49 gT=47 caps%[0:35,2:95,5:35,7:70,-100:40] curMHz[0:787,2:3014,5:1075,7:2112] gpu=231 gcap=422[10/13] lrn=100
2026-08-01 14:35:00 PulseDaemon: cap write via daemon (2 node(s))
2026-08-01 14:35:00 PulseDaemon: cap write via daemon (3 node(s))
2026-08-01 14:35:00 PulseDaemon: cap write via daemon (2 node(s))
2026-08-01 14:35:01 PulseDaemon: telemetry read via daemon (16 path(s))
2026-08-01 14:35:03 PulseDaemon: telemetry read via daemon (16 path(s))
2026-08-01 14:35:03 PulseAutoTdp: tgt=90 fps=90.0 jank=0 tail=11ms act=HOLD bn=CPU cpuB=19 cpuPk=57 primePk=57 io=0 gpuB=31 gpuL=6 capped=0 prk=0 stl=0 draw=5.49W cT=48 gT=46 caps%[0:35,2:95,5:35,7:70,-100:40] curMHz[0:787,2:3014,5:1075,7:2112] gpu=231 gcap=422[10/13] lrn=100
2026-08-01 14:35:03 PulseDaemon: cap write via daemon (3 node(s))
2026-08-01 14:35:03 PulseDaemon: cap write via daemon (2 node(s))
2026-08-01 14:35:04 PulseDaemon: telemetry read via daemon (16 path(s))
2026-08-01 14:35:05 PulseDaemon: telemetry read via daemon (16 path(s))
2026-08-01 14:35:06 PulseAutoTdp: tgt=90 fps=90.0 jank=0 tail=11ms act=HOLD bn=CPU cpuB=22 cpuPk=62 primePk=62 io=0 gpuB=28 gpuL=6 capped=0 prk=0 stl=0 draw=5.05W cT=49 gT=46 caps%[0:35,2:95,5:35,7:70,-100:40] curMHz[0:787,2:3014,5:1075,7:2112] gpu=231 gcap=422[10/13] lrn=100
2026-08-01 14:35:06 PulseDaemon: cap write via xsu fallback (2 node(s), ~413 chars, chunked)
2026-08-01 14:35:06 PulseDaemon: cap write via daemon (3 node(s))
2026-08-01 14:35:06 PulseDaemon: cap write via daemon (2 node(s))
2026-08-01 14:35:07 PulseDaemon: telemetry read via daemon (16 path(s))
2026-08-01 14:35:08 PulseDaemon: telemetry read via daemon (16 path(s))
2026-08-01 14:35:09 PulseAutoTdp: tgt=90 fps=90.0 jank=0 tail=11ms act=HOLD bn=CPU cpuB=21 cpuPk=65 primePk=65 io=0 gpuB=28 gpuL=6 capped=0 prk=0 stl=0 draw=4.63W cT=49 gT=47 caps%[0:35,2:95,5:35,7:70,-100:40] curMHz[0:787,2:3014,5:1075,7:2112] mn/mx[0:787/787,2:499/3014,5:499/1075,7:480/2112] gpu=231 gcap=422[10/13] lrn=100
2026-08-01 14:35:09 PulseDaemon: cap write via daemon (2 node(s))
2026-08-01 14:35:09 PulseDaemon: cap write via daemon (3 node(s))
2026-08-01 14:35:09 PulseDaemon: cap write via daemon (2 node(s))
2026-08-01 14:35:11 PulseDaemon: telemetry read via daemon (16 path(s))
2026-08-01 14:35:12 PulseDaemon: telemetry read via daemon (16 path(s))
2026-08-01 14:35:12 PulseAutoTdp: tgt=90 fps=90.0 jank=0 tail=11ms act=HOLD bn=CPU cpuB=25 cpuPk=70 primePk=70 io=0 gpuB=43 gpuL=9 capped=0 prk=0 stl=0 draw=5.20W cT=51 gT=48 caps%[0:35,2:95,5:35,7:70,-100:40] curMHz[0:787,2:3014,5:1075,7:2112] gpu=231 gcap=422[10/13] lrn=100
2026-08-01 14:35:12 PulseDaemon: cap write via daemon (2 node(s))
2026-08-01 14:35:12 PulseDaemon: cap write via daemon (3 node(s))
2026-08-01 14:35:12 PulseDaemon: cap write via daemon (2 node(s))
2026-08-01 14:35:13 PulseDaemon: telemetry read via daemon (16 path(s))
2026-08-01 14:35:14 PulseDaemon: telemetry read via daemon (16 path(s))
2026-08-01 14:35:15 PulseAutoTdp: tgt=90 fps=90.0 jank=0 tail=11ms act=HOLD bn=CPU cpuB=24 cpuPk=70 primePk=70 io=0 gpuB=49 gpuL=10 capped=0 prk=0 stl=0 draw=6.41W cT=50 gT=48 caps%[0:35,2:95,5:35,7:70,-100:40] curMHz[0:787,2:3014,5:1075,7:2112] gpu=231 gcap=422[10/13] lrn=100
2026-08-01 14:35:15 PulseDaemon: cap write via daemon (2 node(s))
2026-08-01 14:35:15 PulseDaemon: cap write via daemon (3 node(s))
2026-08-01 14:35:15 PulseDaemon: cap write via daemon (2 node(s))
2026-08-01 14:35:16 PulseDaemon: telemetry read via daemon (16 path(s))
2026-08-01 14:35:17 PulseDaemon: telemetry read via daemon (16 path(s))
2026-08-01 14:35:17 PulseAutoTdp: tgt=90 fps=90.0 jank=0 tail=11ms act=HOLD bn=CPU cpuB=22 cpuPk=68 primePk=68 io=0 gpuB=68 gpuL=14 capped=0 prk=0 stl=0 draw=4.30W cT=50 gT=47 caps%[0:35,2:95,5:35,7:70,-100:40] curMHz[0:787,2:3014,5:1075,7:2112] gpu=231 gcap=422[10/13] lrn=100
2026-08-01 14:35:17 PulseDaemon: cap write via daemon (2 node(s))
2026-08-01 14:35:18 PulseDaemon: cap write via daemon (3 node(s))
2026-08-01 14:35:18 PulseDaemon: cap write via daemon (2 node(s))
2026-08-01 14:35:19 PulseDaemon: telemetry read via daemon (16 path(s))
2026-08-01 14:35:20 PulseDaemon: telemetry read via daemon (16 path(s))
2026-08-01 14:35:20 PulseAutoTdp: tgt=90 fps=90.0 jank=0 tail=11ms act=HOLD bn=CPU cpuB=20 cpuPk=63 primePk=63 io=0 gpuB=32 gpuL=7 capped=0 prk=0 stl=0 draw=4.42W cT=49 gT=47 caps%[0:35,2:95,5:35,7:70,-100:40] curMHz[0:787,2:3014,5:1075,7:2112] gpu=231 gcap=422[10/13] lrn=100
2026-08-01 14:35:20 PulseDaemon: cap write via daemon (2 node(s))
2026-08-01 14:35:20 PulseDaemon: cap write via daemon (3 node(s))
2026-08-01 14:35:20 PulseDaemon: cap write via daemon (2 node(s))
2026-08-01 14:35:22 PulseDaemon: telemetry read via daemon (16 path(s))
2026-08-01 14:35:23 PulseDaemon: telemetry read via daemon (16 path(s))
2026-08-01 14:35:23 PulseAutoTdp: tgt=90 fps=90.0 jank=0 tail=11ms act=HOLD bn=CPU cpuB=21 cpuPk=62 primePk=62 io=0 gpuB=32 gpuL=7 capped=0 prk=0 stl=0 draw=4.63W cT=49 gT=46 caps%[0:35,2:95,5:35,7:70,-100:40] curMHz[0:787,2:3014,5:1075,7:2112] gpu=231 gcap=422[10/13] lrn=100
2026-08-01 14:35:23 PulseDaemon: cap write via daemon (2 node(s))
2026-08-01 14:35:23 PulseDaemon: cap write via daemon (3 node(s))
2026-08-01 14:35:23 PulseDaemon: cap write via daemon (2 node(s))
2026-08-01 14:35:25 PulseDaemon: telemetry read via daemon (16 path(s))
2026-08-01 14:35:26 PulseDaemon: telemetry read via daemon (16 path(s))
2026-08-01 14:35:26 PulseDaemon: cap write via daemon (7 node(s))
2026-08-01 14:35:26 PulseAutoTdp: tgt=90 fps=90.0 jank=0 tail=11ms act=TRIM bn=- cpuB=18 cpuPk=54 primePk=54 io=0 gpuB=26 gpuL=5 capped=0 prk=0 stl=0 draw=3.41W cT=48 gT=45 caps%[0:35,2:90,5:35,7:70,-100:40] curMHz[0:787,2:3014,5:1075,7:2112] gpu=231 gcap=422[10/13] lrn=100
2026-08-01 14:35:26 PulseDaemon: cap write via daemon (2 node(s))
2026-08-01 14:35:26 PulseDaemon: cap write via daemon (3 node(s))
2026-08-01 14:35:26 PulseDaemon: cap write via daemon (2 node(s))
2026-08-01 14:35:28 PulseDaemon: telemetry read via daemon (16 path(s))
2026-08-01 14:35:29 PulseDaemon: telemetry read via daemon (16 path(s))
2026-08-01 14:35:29 PulseAutoTdp: tgt=90 fps=90.0 jank=0 tail=11ms act=HOLD bn=CPU cpuB=25 cpuPk=66 primePk=66 io=0 gpuB=29 gpuL=6 capped=0 prk=0 stl=0 draw=5.42W cT=49 gT=46 caps%[0:35,2:90,5:35,7:70,-100:40] curMHz[0:787,2:2841,5:1075,7:2112] gpu=231 gcap=422[10/13] lrn=100
2026-08-01 14:35:29 PulseDaemon: cap write via daemon (2 node(s))
2026-08-01 14:35:29 PulseDaemon: cap write via daemon (3 node(s))
2026-08-01 14:35:29 PulseDaemon: cap write via daemon (2 node(s))
2026-08-01 14:35:30 PulseDaemon: telemetry read via daemon (16 path(s))
2026-08-01 14:35:32 PulseDaemon: telemetry read via daemon (16 path(s))
2026-08-01 14:35:32 PulseAutoTdp: tgt=90 fps=90.0 jank=0 tail=11ms act=HOLD bn=CPU cpuB=30 cpuPk=76 primePk=76 io=0 gpuB=32 gpuL=7 capped=0 prk=0 stl=0 draw=5.23W cT=51 gT=46 caps%[0:35,2:90,5:35,7:70,-100:40] curMHz[0:787,2:2841,5:1075,7:2112] gpu=231 gcap=422[10/13] lrn=100
2026-08-01 14:35:32 PulseDaemon: cap write via daemon (2 node(s))
2026-08-01 14:35:32 PulseDaemon: cap write via daemon (3 node(s))
2026-08-01 14:35:32 PulseDaemon: cap write via daemon (2 node(s))
2026-08-01 14:35:33 PulseDaemon: telemetry read via daemon (16 path(s))
2026-08-01 14:35:35 PulseDaemon: telemetry read via daemon (16 path(s))
2026-08-01 14:35:35 PulseAutoTdp: tgt=90 fps=87.6 jank=1 tail=33ms act=HOLD bn=CPU cpuB=28 cpuPk=71 primePk=71 io=0 gpuB=76 gpuL=16 capped=0 prk=0 stl=0 draw=4.99W cT=50 gT=48 caps%[0:35,2:90,5:35,7:70,-100:40] curMHz[0:787,2:2841,5:1075,7:2112] gpu=231 gcap=422[10/13] lrn=100
2026-08-01 14:35:35 PulseDaemon: cap write via daemon (2 node(s))
2026-08-01 14:35:35 PulseDaemon: cap write via daemon (3 node(s))
2026-08-01 14:35:35 PulseDaemon: cap write via daemon (2 node(s))
2026-08-01 14:35:36 PulseDaemon: telemetry read via daemon (16 path(s))
2026-08-01 14:35:37 PulseDaemon: telemetry read via daemon (16 path(s))
2026-08-01 14:35:37 PulseAutoTdp: AUTOTDP-SESSION tgt=90 bias=EFFICIENT wattCap=0 policies=0:2265600:0,1;2:3148800:2,3,4;5:2956800:5,6;7:3052800:7;-100:1050000:
2026-08-01 14:35:38 PulseAutoTdp: tgt=90 fps=90.0 jank=0 tail=11ms act=HOLD bn=CPU cpuB=29 cpuPk=75 primePk=75 io=0 gpuB=62 gpuL=13 capped=0 prk=0 stl=0 draw=5.99W cT=51 gT=48 caps%[0:35,2:90,5:35,7:70,-100:40] curMHz[0:787,2:2841,5:1075,7:2112] mn/mx[0:364/787,2:499/2841,5:499/1075,7:480/2112] gpu=231 gcap=422[10/13] lrn=100
2026-08-01 14:35:38 PulseDaemon: cap write via daemon (2 node(s))
2026-08-01 14:35:38 PulseDaemon: cap write via daemon (3 node(s))
2026-08-01 14:35:38 PulseDaemon: cap write via daemon (2 node(s))
2026-08-01 14:35:40 PulseDaemon: telemetry read via daemon (16 path(s))
2026-08-01 14:35:41 PulseDaemon: telemetry read via daemon (16 path(s))
2026-08-01 14:35:41 PulseAutoTdp: tgt=90 fps=90.0 jank=0 tail=11ms act=HOLD bn=CPU cpuB=21 cpuPk=63 primePk=63 io=0 gpuB=32 gpuL=7 capped=0 prk=0 stl=0 draw=5.05W cT=49 gT=47 caps%[0:35,2:90,5:35,7:70,-100:40] curMHz[0:787,2:2841,5:1075,7:2112] gpu=231 gcap=422[10/13] lrn=100
2026-08-01 14:35:41 PulseDaemon: cap write via daemon (2 node(s))
2026-08-01 14:35:41 PulseDaemon: cap write via daemon (3 node(s))
2026-08-01 14:35:41 PulseDaemon: cap write via daemon (2 node(s))
2026-08-01 14:35:42 PulseDaemon: telemetry read via daemon (16 path(s))
2026-08-01 14:35:44 PulseDaemon: telemetry read via daemon (16 path(s))
2026-08-01 14:35:44 PulseAutoTdp: tgt=90 fps=90.0 jank=0 tail=11ms act=HOLD bn=CPU cpuB=19 cpuPk=64 primePk=64 io=0 gpuB=30 gpuL=6 capped=0 prk=0 stl=0 draw=2.95W cT=48 gT=47 caps%[0:35,2:90,5:35,7:70,-100:40] curMHz[0:787,2:2841,5:1075,7:2112] gpu=231 gcap=422[10/13] lrn=100
2026-08-01 14:35:44 PulseDaemon: cap write via daemon (2 node(s))
2026-08-01 14:35:44 PulseDaemon: cap write via daemon (3 node(s))
2026-08-01 14:35:44 PulseDaemon: cap write via daemon (2 node(s))
2026-08-01 14:35:45 PulseDaemon: telemetry read via daemon (16 path(s))
2026-08-01 14:35:46 PulseDaemon: telemetry read via daemon (16 path(s))
2026-08-01 14:35:47 PulseAutoTdp: tgt=90 fps=90.0 jank=0 tail=11ms act=HOLD bn=CPU cpuB=19 cpuPk=60 primePk=60 io=0 gpuB=32 gpuL=7 capped=0 prk=0 stl=0 draw=4.30W cT=48 gT=46 caps%[0:35,2:90,5:35,7:70,-100:40] curMHz[0:787,2:2841,5:1075,7:2112] gpu=231 gcap=422[10/13] lrn=100
2026-08-01 14:35:47 PulseDaemon: cap write via daemon (2 node(s))
2026-08-01 14:35:47 PulseDaemon: cap write via daemon (3 node(s))
2026-08-01 14:35:47 PulseDaemon: cap write via daemon (2 node(s))
2026-08-01 14:35:48 PulseDaemon: telemetry read via daemon (16 path(s))
2026-08-01 14:35:49 PulseDaemon: telemetry read via daemon (16 path(s))
2026-08-01 14:35:49 PulseAutoTdp: tgt=90 fps=90.0 jank=0 tail=11ms act=HOLD bn=CPU cpuB=21 cpuPk=61 primePk=61 io=0 gpuB=31 gpuL=6 capped=0 prk=0 stl=0 draw=3.09W cT=48 gT=46 caps%[0:35,2:90,5:35,7:70,-100:40] curMHz[0:787,2:2841,5:1075,7:2112] gpu=231 gcap=422[10/13] lrn=100
2026-08-01 14:35:49 PulseDaemon: cap write via daemon (2 node(s))
2026-08-01 14:35:50 PulseDaemon: cap write via daemon (3 node(s))
2026-08-01 14:35:50 PulseDaemon: cap write via daemon (2 node(s))
2026-08-01 14:35:51 PulseDaemon: telemetry read via daemon (16 path(s))
2026-08-01 14:35:52 PulseDaemon: telemetry read via daemon (16 path(s))
2026-08-01 14:35:52 PulseAutoTdp: tgt=90 fps=90.0 jank=0 tail=11ms act=HOLD bn=CPU cpuB=20 cpuPk=59 primePk=59 io=0 gpuB=29 gpuL=6 capped=0 prk=0 stl=0 draw=4.68W cT=47 gT=46 caps%[0:35,2:90,5:35,7:70,-100:40] curMHz[0:787,2:2841,5:1075,7:2112] gpu=231 gcap=422[10/13] lrn=100
2026-08-01 14:35:52 PulseDaemon: cap write via daemon (2 node(s))
2026-08-01 14:35:52 PulseDaemon: cap write via daemon (3 node(s))
2026-08-01 14:35:52 PulseDaemon: cap write via daemon (2 node(s))
2026-08-01 14:35:54 PulseDaemon: telemetry read via daemon (16 path(s))
2026-08-01 14:35:55 PulseDaemon: telemetry read via daemon (16 path(s))
2026-08-01 14:35:55 PulseAutoTdp: tgt=90 fps=90.0 jank=0 tail=11ms act=HOLD bn=CPU cpuB=20 cpuPk=62 primePk=62 io=0 gpuB=32 gpuL=7 capped=0 prk=0 stl=0 draw=4.21W cT=48 gT=46 caps%[0:35,2:90,5:35,7:70,-100:40] curMHz[0:787,2:2841,5:1075,7:2112] gpu=231 gcap=422[10/13] lrn=100
2026-08-01 14:35:55 PulseDaemon: cap write via daemon (2 node(s))
2026-08-01 14:35:55 PulseDaemon: cap write via daemon (3 node(s))
2026-08-01 14:35:55 PulseDaemon: cap write via daemon (2 node(s))
2026-08-01 14:35:56 PulseDaemon: telemetry read via daemon (16 path(s))
2026-08-01 14:35:58 PulseDaemon: telemetry read via daemon (16 path(s))
2026-08-01 14:35:58 PulseAutoTdp: tgt=90 fps=90.0 jank=0 tail=11ms act=HOLD bn=CPU cpuB=20 cpuPk=60 primePk=60 io=0 gpuB=33 gpuL=7 capped=0 prk=0 stl=0 draw=3.00W cT=48 gT=46 caps%[0:35,2:90,5:35,7:70,-100:40] curMHz[0:787,2:2841,5:1075,7:2112] gpu=231 gcap=422[10/13] lrn=100
2026-08-01 14:35:58 PulseDaemon: cap write via daemon (2 node(s))
2026-08-01 14:35:58 PulseDaemon: cap write via daemon (3 node(s))
2026-08-01 14:35:58 PulseDaemon: cap write via daemon (2 node(s))
2026-08-01 14:35:59 PulseDaemon: telemetry read via daemon (16 path(s))
2026-08-01 14:36:01 PulseDaemon: telemetry read via daemon (16 path(s))
2026-08-01 14:36:01 PulseAutoTdp: tgt=90 fps=90.0 jank=0 tail=11ms act=HOLD bn=CPU cpuB=20 cpuPk=61 primePk=61 io=0 gpuB=32 gpuL=7 capped=0 prk=0 stl=0 draw=4.39W cT=47 gT=46 caps%[0:35,2:90,5:35,7:70,-100:40] curMHz[0:787,2:2841,5:1075,7:2112] gpu=231 gcap=422[10/13] lrn=100
2026-08-01 14:36:01 PulseDaemon: cap write via daemon (2 node(s))
2026-08-01 14:36:01 PulseDaemon: cap write via daemon (3 node(s))
2026-08-01 14:36:01 PulseDaemon: cap write via daemon (2 node(s))
2026-08-01 14:36:02 PulseDaemon: telemetry read via daemon (16 path(s))
2026-08-01 14:36:03 PulseDaemon: telemetry read via daemon (16 path(s))
2026-08-01 14:36:04 PulseAutoTdp: tgt=90 fps=90.0 jank=0 tail=11ms act=HOLD bn=CPU cpuB=19 cpuPk=60 primePk=60 io=0 gpuB=32 gpuL=7 capped=0 prk=0 stl=0 draw=3.83W cT=47 gT=46 caps%[0:35,2:90,5:35,7:70,-100:40] curMHz[0:787,2:2841,5:1075,7:2112] gpu=231 gcap=422[10/13] lrn=100
2026-08-01 14:36:04 PulseDaemon: cap write via daemon (2 node(s))
2026-08-01 14:36:04 PulseDaemon: cap write via daemon (3 node(s))
2026-08-01 14:36:04 PulseDaemon: cap write via daemon (2 node(s))
2026-08-01 14:36:05 PulseDaemon: telemetry read via daemon (16 path(s))
2026-08-01 14:36:06 PulseDaemon: telemetry read via daemon (16 path(s))
2026-08-01 14:36:07 PulseAutoTdp: tgt=90 fps=90.0 jank=0 tail=11ms act=HOLD bn=CPU cpuB=18 cpuPk=60 primePk=60 io=0 gpuB=32 gpuL=7 capped=0 prk=0 stl=0 draw=4.85W cT=48 gT=46 caps%[0:35,2:90,5:35,7:70,-100:40] curMHz[0:787,2:2841,5:1075,7:2112] mn/mx[0:364/787,2:499/2841,5:499/1075,7:480/2112] gpu=231 gcap=422[10/13] lrn=100
2026-08-01 14:36:07 PulseDaemon: cap write via daemon (2 node(s))
2026-08-01 14:36:07 PulseDaemon: cap write via daemon (3 node(s))
2026-08-01 14:36:07 PulseDaemon: cap write via daemon (2 node(s))
2026-08-01 14:36:09 PulseDaemon: telemetry read via daemon (16 path(s))
2026-08-01 14:36:10 PulseDaemon: telemetry read via daemon (16 path(s))
2026-08-01 14:36:10 PulseAutoTdp: tgt=90 fps=90.0 jank=0 tail=11ms act=HOLD bn=CPU cpuB=20 cpuPk=66 primePk=66 io=0 gpuB=27 gpuL=5 capped=0 prk=0 stl=0 draw=3.61W cT=48 gT=46 caps%[0:35,2:90,5:35,7:70,-100:40] curMHz[0:787,2:2841,5:1075,7:2112] gpu=231 gcap=422[10/13] lrn=100
2026-08-01 14:36:10 PulseDaemon: cap write via daemon (2 node(s))
2026-08-01 14:36:10 PulseDaemon: cap write via daemon (3 node(s))
2026-08-01 14:36:10 PulseDaemon: cap write via daemon (2 node(s))
2026-08-01 14:36:11 PulseDaemon: telemetry read via daemon (16 path(s))
2026-08-01 14:36:13 PulseDaemon: telemetry read via daemon (16 path(s))
2026-08-01 14:36:13 PulseAutoTdp: tgt=90 fps=90.0 jank=0 tail=11ms act=HOLD bn=CPU cpuB=21 cpuPk=60 primePk=60 io=0 gpuB=22 gpuL=4 capped=0 prk=0 stl=0 draw=3.99W cT=48 gT=45 caps%[0:35,2:90,5:35,7:70,-100:40] curMHz[0:787,2:2841,5:1075,7:2112] gpu=231 gcap=422[10/13] lrn=100
2026-08-01 14:36:13 PulseDaemon: cap write via daemon (2 node(s))
2026-08-01 14:36:13 PulseDaemon: cap write via daemon (3 node(s))
2026-08-01 14:36:13 PulseDaemon: cap write via daemon (2 node(s))
2026-08-01 14:36:14 PulseDaemon: telemetry read via daemon (16 path(s))
2026-08-01 14:36:15 PulseDaemon: telemetry read via daemon (16 path(s))
2026-08-01 14:36:16 PulseAutoTdp: tgt=90 fps=90.0 jank=0 tail=11ms act=HOLD bn=CPU cpuB=27 cpuPk=75 primePk=75 io=0 gpuB=68 gpuL=14 capped=0 prk=0 stl=0 draw=4.72W cT=51 gT=48 caps%[0:35,2:90,5:35,7:70,-100:40] curMHz[0:787,2:2841,5:1075,7:2112] gpu=231 gcap=422[10/13] lrn=100
2026-08-01 14:36:16 PulseDaemon: cap write via daemon (2 node(s))
2026-08-01 14:36:16 PulseDaemon: cap write via daemon (3 node(s))
2026-08-01 14:36:16 PulseDaemon: cap write via daemon (2 node(s))
2026-08-01 14:36:17 PulseDaemon: telemetry read via daemon (16 path(s))
2026-08-01 14:36:18 PulseDaemon: telemetry read via daemon (16 path(s))
2026-08-01 14:36:18 PulseAutoTdp: tgt=90 fps=90.0 jank=0 tail=11ms act=HOLD bn=CPU cpuB=20 cpuPk=68 primePk=68 io=0 gpuB=37 gpuL=8 capped=0 prk=0 stl=0 draw=4.32W cT=49 gT=47 caps%[0:35,2:90,5:35,7:70,-100:40] curMHz[0:787,2:2841,5:1075,7:2112] gpu=231 gcap=422[10/13] lrn=100
2026-08-01 14:36:18 PulseDaemon: cap write via daemon (2 node(s))
2026-08-01 14:36:18 PulseDaemon: cap write via daemon (3 node(s))
2026-08-01 14:36:19 PulseDaemon: cap write via daemon (2 node(s))
2026-08-01 14:36:20 PulseDaemon: telemetry read via daemon (16 path(s))
2026-08-01 14:36:21 PulseDaemon: telemetry read via daemon (16 path(s))
2026-08-01 14:36:21 PulseAutoTdp: AUTOTDP-SESSION tgt=90 bias=EFFICIENT wattCap=0 policies=0:2265600:0,1;2:3148800:2,3,4;5:2956800:5,6;7:3052800:7;-100:1050000:
2026-08-01 14:36:21 PulseDaemon: cap write via daemon (2 node(s))
2026-08-01 14:36:21 PulseDaemon: cap write via daemon (3 node(s))
2026-08-01 14:36:21 PulseDaemon: cap write via daemon (2 node(s))
2026-08-01 14:36:23 PulseDaemon: telemetry read via daemon (16 path(s))
2026-08-01 14:36:24 PulseDaemon: telemetry read via daemon (16 path(s))
2026-08-01 14:36:24 PulseAutoTdp: tgt=90 fps=90.0 jank=0 tail=11ms act=HOLD bn=CPU cpuB=24 cpuPk=72 primePk=72 io=0 gpuB=17 gpuL=3 capped=0 prk=0 stl=0 draw=3.97W cT=49 gT=47 caps%[0:35,2:90,5:35,7:70,-100:40] curMHz[0:787,2:2841,5:1075,7:2112] gpu=231 gcap=422[10/13] lrn=100
2026-08-01 14:36:24 PulseDaemon: cap write via daemon (2 node(s))
2026-08-01 14:36:24 PulseDaemon: cap write via daemon (3 node(s))
2026-08-01 14:36:24 PulseDaemon: cap write via daemon (2 node(s))
2026-08-01 14:36:25 PulseDaemon: telemetry read via daemon (16 path(s))
2026-08-01 14:36:27 PulseDaemon: telemetry read via daemon (16 path(s))
2026-08-01 14:36:27 PulseAutoTdp: tgt=90 fps=90.0 jank=0 tail=11ms act=HOLD bn=CPU cpuB=24 cpuPk=72 primePk=72 io=0 gpuB=29 gpuL=6 capped=0 prk=0 stl=0 draw=5.18W cT=51 gT=47 caps%[0:35,2:90,5:35,7:70,-100:40] curMHz[0:787,2:2841,5:1075,7:2112] gpu=231 gcap=422[10/13] lrn=100
2026-08-01 14:36:27 PulseDaemon: cap write via daemon (3 node(s))
2026-08-01 14:36:27 PulseDaemon: cap write via daemon (2 node(s))
2026-08-01 14:36:28 PulseDaemon: telemetry read via daemon (16 path(s))
2026-08-01 14:36:29 PulseDaemon: telemetry read via daemon (16 path(s))
2026-08-01 14:36:29 PulseAutoTdp: tgt=90 fps=90.0 jank=0 tail=11ms act=HOLD bn=CPU cpuB=20 cpuPk=60 primePk=60 io=0 gpuB=19 gpuL=4 capped=0 prk=0 stl=0 draw=5.04W cT=49 gT=46 caps%[0:35,2:90,5:35,7:70,-100:40] curMHz[0:787,2:2841,5:1075,7:2112] gpu=231 gcap=422[10/13] lrn=100
2026-08-01 14:36:29 PulseDaemon: cap write via daemon (2 node(s))
2026-08-01 14:36:30 PulseDaemon: cap write via daemon (3 node(s))
2026-08-01 14:36:30 PulseDaemon: cap write via daemon (2 node(s))
2026-08-01 14:36:31 PulseDaemon: telemetry read via daemon (16 path(s))
2026-08-01 14:36:32 PulseDaemon: telemetry read via daemon (16 path(s))
2026-08-01 14:36:32 PulseAutoTdp: tgt=90 fps=90.0 jank=0 tail=11ms act=HOLD bn=CPU cpuB=20 cpuPk=62 primePk=62 io=0 gpuB=19 gpuL=4 capped=0 prk=0 stl=0 draw=4.01W cT=49 gT=46 caps%[0:35,2:90,5:35,7:70,-100:40] curMHz[0:787,2:2841,5:1075,7:2112] gpu=231 gcap=422[10/13] lrn=100
2026-08-01 14:36:32 PulseDaemon: cap write via daemon (2 node(s))
2026-08-01 14:36:32 PulseDaemon: cap write via daemon (3 node(s))
2026-08-01 14:36:32 PulseDaemon: cap write via daemon (2 node(s))
2026-08-01 14:36:34 PulseDaemon: telemetry read via daemon (16 path(s))
2026-08-01 14:36:35 PulseDaemon: telemetry read via daemon (16 path(s))
2026-08-01 14:36:36 PulseAutoTdp: tgt=90 fps=90.0 jank=0 tail=11ms act=HOLD bn=CPU cpuB=24 cpuPk=69 primePk=69 io=0 gpuB=73 gpuL=16 capped=0 prk=0 stl=0 draw=5.44W cT=50 gT=47 caps%[0:35,2:90,5:35,7:70,-100:40] curMHz[0:787,2:2841,5:1075,7:2112] mn/mx[0:787/787,2:499/2841,5:499/1075,7:480/2112] gpu=231 gcap=422[10/13] lrn=100
2026-08-01 14:36:36 PulseDaemon: cap write via daemon (2 node(s))
2026-08-01 14:36:36 PulseDaemon: cap write via daemon (3 node(s))
2026-08-01 14:36:36 PulseDaemon: cap write via daemon (2 node(s))
2026-08-01 14:36:37 PulseDaemon: telemetry read via daemon (16 path(s))
2026-08-01 14:36:38 PulseDaemon: telemetry read via daemon (16 path(s))
2026-08-01 14:36:39 PulseAutoTdp: tgt=90 fps=90.0 jank=0 tail=11ms act=HOLD bn=CPU cpuB=24 cpuPk=70 primePk=70 io=0 gpuB=19 gpuL=4 capped=0 prk=0 stl=0 draw=5.20W cT=50 gT=46 caps%[0:35,2:90,5:35,7:70,-100:40] curMHz[0:787,2:2841,5:1075,7:2112] gpu=231 gcap=422[10/13] lrn=100
2026-08-01 14:36:39 PulseDaemon: cap write via daemon (2 node(s))
2026-08-01 14:36:39 PulseDaemon: cap write via daemon (3 node(s))
2026-08-01 14:36:39 PulseDaemon: cap write via daemon (2 node(s))
2026-08-01 14:36:40 PulseDaemon: telemetry read via daemon (16 path(s))
2026-08-01 14:36:41 PulseDaemon: telemetry read via daemon (16 path(s))
2026-08-01 14:36:41 PulseAutoTdp: tgt=90 fps=90.0 jank=0 tail=11ms act=HOLD bn=CPU cpuB=22 cpuPk=66 primePk=66 io=0 gpuB=20 gpuL=4 capped=0 prk=0 stl=0 draw=4.16W cT=48 gT=47 caps%[0:35,2:90,5:35,7:70,-100:40] curMHz[0:787,2:2841,5:1075,7:2112] gpu=231 gcap=422[10/13] lrn=100
2026-08-01 14:36:41 PulseDaemon: cap write via daemon (2 node(s))
2026-08-01 14:36:42 PulseDaemon: cap write via daemon (3 node(s))
2026-08-01 14:36:42 PulseDaemon: cap write via daemon (2 node(s))
2026-08-01 14:36:43 PulseDaemon: telemetry read via daemon (16 path(s))
2026-08-01 14:36:44 PulseDaemon: telemetry read via daemon (16 path(s))
2026-08-01 14:36:44 PulseAutoTdp: tgt=90 fps=90.0 jank=0 tail=11ms act=HOLD bn=CPU cpuB=21 cpuPk=69 primePk=69 io=0 gpuB=47 gpuL=10 capped=0 prk=0 stl=0 draw=5.14W cT=49 gT=47 caps%[0:35,2:90,5:35,7:70,-100:40] curMHz[0:787,2:2841,5:1075,7:2112] gpu=231 gcap=422[10/13] lrn=100
2026-08-01 14:36:44 PulseDaemon: cap write via daemon (2 node(s))
2026-08-01 14:36:44 PulseDaemon: cap write via daemon (3 node(s))
2026-08-01 14:36:44 PulseDaemon: cap write via daemon (2 node(s))
2026-08-01 14:36:46 PulseDaemon: telemetry read via daemon (16 path(s))
2026-08-01 14:36:47 PulseDaemon: telemetry read via daemon (16 path(s))
2026-08-01 14:36:47 PulseAutoTdp: tgt=90 fps=90.0 jank=0 tail=11ms act=HOLD bn=CPU cpuB=19 cpuPk=61 primePk=61 io=0 gpuB=30 gpuL=6 capped=0 prk=0 stl=0 draw=5.33W cT=48 gT=46 caps%[0:35,2:90,5:35,7:70,-100:40] curMHz[0:787,2:2841,5:1075,7:2112] gpu=231 gcap=422[10/13] lrn=100
2026-08-01 14:36:47 PulseDaemon: cap write via daemon (2 node(s))
2026-08-01 14:36:47 PulseDaemon: cap write via daemon (3 node(s))
2026-08-01 14:36:47 PulseDaemon: cap write via daemon (2 node(s))
2026-08-01 14:36:48 PulseDaemon: telemetry read via daemon (16 path(s))
2026-08-01 14:36:50 PulseDaemon: telemetry read via daemon (16 path(s))
2026-08-01 14:36:50 PulseAutoTdp: tgt=90 fps=90.0 jank=0 tail=11ms act=HOLD bn=CPU cpuB=23 cpuPk=71 primePk=71 io=0 gpuB=28 gpuL=6 capped=0 prk=0 stl=0 draw=5.52W cT=49 gT=46 caps%[0:35,2:90,5:35,7:70,-100:40] curMHz[0:787,2:2841,5:1075,7:2112] gpu=231 gcap=422[10/13] lrn=100
2026-08-01 14:36:50 PulseDaemon: cap write via daemon (2 node(s))
2026-08-01 14:36:50 PulseDaemon: cap write via daemon (3 node(s))
2026-08-01 14:36:50 PulseDaemon: cap write via daemon (2 node(s))
2026-08-01 14:36:51 PulseDaemon: telemetry read via daemon (16 path(s))
2026-08-01 14:36:53 PulseDaemon: telemetry read via daemon (16 path(s))
2026-08-01 14:36:53 PulseAutoTdp: tgt=90 fps=90.0 jank=0 tail=11ms act=HOLD bn=CPU cpuB=22 cpuPk=70 primePk=70 io=0 gpuB=30 gpuL=6 capped=0 prk=0 stl=0 draw=4.31W cT=49 gT=47 caps%[0:35,2:90,5:35,7:70,-100:40] curMHz[0:787,2:2841,5:1075,7:2112] gpu=231 gcap=422[10/13] lrn=100
2026-08-01 14:36:53 PulseDaemon: cap write via daemon (2 node(s))
2026-08-01 14:36:53 PulseDaemon: cap write via daemon (3 node(s))
2026-08-01 14:36:53 PulseDaemon: cap write via daemon (2 node(s))
2026-08-01 14:36:54 PulseDaemon: telemetry read via daemon (16 path(s))
2026-08-01 14:36:55 PulseDaemon: telemetry read via daemon (16 path(s))
2026-08-01 14:36:56 PulseAutoTdp: tgt=90 fps=90.0 jank=0 tail=11ms act=HOLD bn=CPU cpuB=19 cpuPk=56 primePk=56 io=0 gpuB=26 gpuL=5 capped=0 prk=0 stl=0 draw=5.33W cT=48 gT=45 caps%[0:35,2:90,5:35,7:70,-100:40] curMHz[0:787,2:2841,5:1075,7:2112] gpu=231 gcap=422[10/13] lrn=100
2026-08-01 14:36:56 PulseDaemon: cap write via daemon (2 node(s))
2026-08-01 14:36:56 PulseDaemon: cap write via daemon (3 node(s))
2026-08-01 14:36:56 PulseDaemon: cap write via daemon (2 node(s))
2026-08-01 14:36:57 PulseDaemon: telemetry read via daemon (16 path(s))
2026-08-01 14:36:58 PulseDaemon: telemetry read via daemon (16 path(s))
2026-08-01 14:36:58 PulseAutoTdp: tgt=90 fps=90.0 jank=0 tail=11ms act=HOLD bn=CPU cpuB=20 cpuPk=59 primePk=59 io=0 gpuB=27 gpuL=5 capped=0 prk=0 stl=0 draw=5.08W cT=47 gT=46 caps%[0:35,2:90,5:35,7:70,-100:40] curMHz[0:787,2:2841,5:1075,7:2112] gpu=231 gcap=422[10/13] lrn=100
2026-08-01 14:36:58 PulseDaemon: cap write via daemon (2 node(s))
2026-08-01 14:36:58 PulseDaemon: cap write via daemon (3 node(s))
2026-08-01 14:36:59 PulseDaemon: cap write via daemon (2 node(s))
2026-08-01 14:37:00 PulseDaemon: telemetry read via daemon (16 path(s))
2026-08-01 14:37:01 PulseDaemon: telemetry read via daemon (16 path(s))
2026-08-01 14:37:01 PulseAutoTdp: tgt=90 fps=90.0 jank=0 tail=11ms act=HOLD bn=CPU cpuB=21 cpuPk=58 primePk=58 io=0 gpuB=27 gpuL=5 capped=0 prk=0 stl=0 draw=4.49W cT=48 gT=46 caps%[0:35,2:90,5:35,7:70,-100:40] curMHz[0:787,2:2841,5:1075,7:2112] gpu=231 gcap=422[10/13] lrn=100
2026-08-01 14:37:01 PulseDaemon: cap write via daemon (2 node(s))
2026-08-01 14:37:01 PulseDaemon: cap write via daemon (3 node(s))
2026-08-01 14:37:01 PulseDaemon: cap write via daemon (2 node(s))
2026-08-01 14:37:03 PulseDaemon: telemetry read via daemon (16 path(s))
2026-08-01 14:37:04 PulseDaemon: telemetry read via daemon (16 path(s))
2026-08-01 14:37:04 PulseAutoTdp: AUTOTDP-SESSION tgt=90 bias=EFFICIENT wattCap=0 policies=0:2265600:0,1;2:3148800:2,3,4;5:2956800:5,6;7:3052800:7;-100:1050000:
2026-08-01 14:37:05 PulseAutoTdp: tgt=90 fps=90.0 jank=0 tail=11ms act=HOLD bn=CPU cpuB=18 cpuPk=58 primePk=58 io=0 gpuB=24 gpuL=5 capped=0 prk=0 stl=0 draw=3.75W cT=48 gT=46 caps%[0:35,2:90,5:35,7:70,-100:40] curMHz[0:787,2:2841,5:1075,7:2112] mn/mx[0:364/787,2:499/2841,5:499/1075,7:480/2112] gpu=231 gcap=422[10/13] lrn=100
2026-08-01 14:37:05 PulseDaemon: cap write via daemon (2 node(s))
2026-08-01 14:37:05 PulseDaemon: cap write via daemon (3 node(s))
2026-08-01 14:37:05 PulseDaemon: cap write via daemon (2 node(s))
2026-08-01 14:37:06 PulseDaemon: telemetry read via daemon (16 path(s))
2026-08-01 14:37:07 PulseDaemon: telemetry read via daemon (16 path(s))
2026-08-01 14:37:07 PulseAutoTdp: tgt=90 fps=90.0 jank=0 tail=11ms act=HOLD bn=CPU cpuB=20 cpuPk=60 primePk=60 io=0 gpuB=23 gpuL=5 capped=0 prk=0 stl=0 draw=4.27W cT=47 gT=46 caps%[0:35,2:90,5:35,7:70,-100:40] curMHz[0:787,2:2841,5:1075,7:2112] gpu=231 gcap=422[10/13] lrn=100
2026-08-01 14:37:08 PulseDaemon: cap write via daemon (2 node(s))
2026-08-01 14:37:08 PulseDaemon: cap write via daemon (3 node(s))
2026-08-01 14:37:08 PulseDaemon: cap write via daemon (2 node(s))
2026-08-01 14:37:09 PulseDaemon: telemetry read via daemon (16 path(s))
2026-08-01 14:37:10 PulseDaemon: telemetry read via daemon (16 path(s))
2026-08-01 14:37:10 PulseAutoTdp: tgt=90 fps=90.0 jank=0 tail=11ms act=HOLD bn=CPU cpuB=20 cpuPk=60 primePk=60 io=0 gpuB=31 gpuL=6 capped=0 prk=0 stl=0 draw=4.88W cT=48 gT=45 caps%[0:35,2:90,5:35,7:70,-100:40] curMHz[0:787,2:2841,5:1075,7:2112] gpu=231 gcap=422[10/13] lrn=100
2026-08-01 14:37:10 PulseDaemon: cap write via daemon (2 node(s))
2026-08-01 14:37:10 PulseDaemon: cap write via daemon (3 node(s))
2026-08-01 14:37:10 PulseDaemon: cap write via daemon (2 node(s))
2026-08-01 14:37:12 PulseDaemon: telemetry read via daemon (16 path(s))
2026-08-01 14:37:13 PulseDaemon: telemetry read via daemon (16 path(s))
2026-08-01 14:37:13 PulseAutoTdp: tgt=90 fps=90.0 jank=0 tail=22ms act=HOLD bn=CPU cpuB=30 cpuPk=80 primePk=80 io=0 gpuB=55 gpuL=12 capped=0 prk=0 stl=0 draw=6.15W cT=53 gT=47 caps%[0:35,2:90,5:35,7:70,-100:40] curMHz[0:787,2:2841,5:1075,7:2112] gpu=231 gcap=422[10/13] lrn=100
2026-08-01 14:37:13 PulseDaemon: cap write via daemon (2 node(s))
2026-08-01 14:37:13 PulseDaemon: cap write via xsu fallback (2 node(s), ~290 chars, chunked)
2026-08-01 14:37:14 PulseDaemon: telemetry read via daemon (16 path(s))
2026-08-01 14:37:16 PulseDaemon: telemetry read via daemon (16 path(s))
2026-08-01 14:37:16 PulseAutoTdp: tgt=90 fps=90.0 jank=0 tail=11ms act=HOLD bn=CPU cpuB=18 cpuPk=61 primePk=61 io=0 gpuB=29 gpuL=6 capped=0 prk=0 stl=0 draw=4.30W cT=49 gT=46 caps%[0:35,2:90,5:35,7:70,-100:40] curMHz[0:787,2:2841,5:1075,7:2112] gpu=231 gcap=422[10/13] lrn=100
2026-08-01 14:37:16 PulseDaemon: cap write via daemon (2 node(s))
2026-08-01 14:37:16 PulseDaemon: cap write via daemon (3 node(s))
2026-08-01 14:37:16 PulseDaemon: cap write via daemon (2 node(s))
2026-08-01 14:37:17 PulseDaemon: telemetry read via daemon (16 path(s))
2026-08-01 14:37:18 PulseDaemon: telemetry read via daemon (16 path(s))
2026-08-01 14:37:19 PulseAutoTdp: tgt=90 fps=90.0 jank=0 tail=11ms act=HOLD bn=CPU cpuB=25 cpuPk=71 primePk=71 io=0 gpuB=28 gpuL=6 capped=0 prk=0 stl=0 draw=5.80W cT=50 gT=46 caps%[0:35,2:90,5:35,7:70,-100:40] curMHz[0:787,2:2841,5:1075,7:2112] gpu=231 gcap=422[10/13] lrn=100
2026-08-01 14:37:19 PulseDaemon: cap write via daemon (2 node(s))
2026-08-01 14:37:19 PulseDaemon: cap write via daemon (3 node(s))
2026-08-01 14:37:19 PulseDaemon: cap write via daemon (2 node(s))
2026-08-01 14:37:20 PulseDaemon: telemetry read via daemon (16 path(s))
2026-08-01 14:37:21 PulseDaemon: telemetry read via daemon (16 path(s))
2026-08-01 14:37:21 PulseAutoTdp: tgt=90 fps=90.0 jank=0 tail=11ms act=HOLD bn=CPU cpuB=22 cpuPk=67 primePk=67 io=0 gpuB=28 gpuL=6 capped=0 prk=0 stl=0 draw=4.36W cT=48 gT=46 caps%[0:35,2:90,5:35,7:70,-100:40] curMHz[0:787,2:2841,5:1075,7:2112] gpu=231 gcap=422[10/13] lrn=100
2026-08-01 14:37:23 PulseDaemon: telemetry read via daemon (16 path(s))
2026-08-01 14:37:24 PulseDaemon: telemetry read via daemon (16 path(s))
2026-08-01 14:37:24 PulseAutoTdp: tgt=90 fps=90.0 jank=0 tail=11ms act=HOLD bn=CPU cpuB=23 cpuPk=69 primePk=69 io=0 gpuB=38 gpuL=8 capped=0 prk=0 stl=0 draw=6.01W cT=49 gT=47 caps%[0:35,2:90,5:35,7:70,-100:40] curMHz[0:787,2:2841,5:1075,7:2112] gpu=231 gcap=422[10/13] lrn=100
2026-08-01 14:37:24 PulseDaemon: cap write via daemon (3 node(s))
2026-08-01 14:37:24 PulseDaemon: cap write via daemon (2 node(s))
2026-08-01 14:37:25 PulseDaemon: telemetry read via daemon (16 path(s))
2026-08-01 14:37:27 PulseDaemon: telemetry read via daemon (16 path(s))
2026-08-01 14:37:27 PulseAutoTdp: tgt=90 fps=90.0 jank=0 tail=11ms act=HOLD bn=CPU cpuB=18 cpuPk=62 primePk=62 io=0 gpuB=35 gpuL=7 capped=0 prk=0 stl=0 draw=5.96W cT=48 gT=46 caps%[0:35,2:90,5:35,7:70,-100:40] curMHz[0:787,2:2841,5:1075,7:2112] gpu=231 gcap=422[10/13] lrn=100
2026-08-01 14:37:27 PulseDaemon: cap write via daemon (2 node(s))
2026-08-01 14:37:27 PulseDaemon: cap write via daemon (3 node(s))
2026-08-01 14:37:27 PulseDaemon: cap write via daemon (2 node(s))
2026-08-01 14:37:28 PulseDaemon: telemetry read via daemon (16 path(s))
2026-08-01 14:37:30 PulseDaemon: telemetry read via daemon (16 path(s))
2026-08-01 14:37:30 PulseAutoTdp: tgt=90 fps=90.0 jank=0 tail=11ms act=HOLD bn=CPU cpuB=20 cpuPk=60 primePk=60 io=0 gpuB=34 gpuL=7 capped=0 prk=0 stl=0 draw=4.59W cT=48 gT=46 caps%[0:35,2:90,5:35,7:70,-100:40] curMHz[0:787,2:2841,5:1075,7:2112] gpu=231 gcap=422[10/13] lrn=100
2026-08-01 14:37:30 PulseDaemon: cap write via daemon (2 node(s))
2026-08-01 14:37:30 PulseDaemon: cap write via daemon (3 node(s))
2026-08-01 14:37:30 PulseDaemon: cap write via daemon (2 node(s))
2026-08-01 14:37:31 PulseDaemon: telemetry read via daemon (16 path(s))
2026-08-01 14:37:32 PulseDaemon: telemetry read via daemon (16 path(s))
2026-08-01 14:37:33 PulseAutoTdp: tgt=90 fps=90.0 jank=0 tail=11ms act=HOLD bn=CPU cpuB=20 cpuPk=63 primePk=63 io=0 gpuB=35 gpuL=7 capped=0 prk=0 stl=0 draw=6.03W cT=48 gT=47 caps%[0:35,2:90,5:35,7:70,-100:40] curMHz[0:787,2:2841,5:1075,7:2112] mn/mx[0:364/787,2:499/2841,5:499/1075,7:480/2112] gpu=231 gcap=422[10/13] lrn=100
2026-08-01 14:37:33 PulseDaemon: cap write via daemon (2 node(s))
2026-08-01 14:37:33 PulseDaemon: cap write via daemon (3 node(s))
2026-08-01 14:37:34 PulseDaemon: cap write via daemon (2 node(s))
2026-08-01 14:37:35 PulseDaemon: telemetry read via daemon (16 path(s))
2026-08-01 14:37:36 PulseDaemon: telemetry read via daemon (16 path(s))
2026-08-01 14:37:36 PulseAutoTdp: tgt=90 fps=90.0 jank=0 tail=11ms act=HOLD bn=CPU cpuB=20 cpuPk=63 primePk=63 io=0 gpuB=36 gpuL=7 capped=0 prk=0 stl=0 draw=5.17W cT=49 gT=46 caps%[0:35,2:90,5:35,7:70,-100:40] curMHz[0:787,2:2841,5:1075,7:2112] gpu=231 gcap=422[10/13] lrn=100
2026-08-01 14:37:36 PulseDaemon: cap write via daemon (2 node(s))
2026-08-01 14:37:36 PulseDaemon: cap write via daemon (3 node(s))
2026-08-01 14:37:36 PulseDaemon: cap write via daemon (2 node(s))
2026-08-01 14:37:37 PulseDaemon: telemetry read via daemon (16 path(s))
2026-08-01 14:37:39 PulseDaemon: telemetry read via daemon (16 path(s))
2026-08-01 14:37:39 PulseAutoTdp: tgt=90 fps=90.0 jank=0 tail=11ms act=HOLD bn=CPU cpuB=22 cpuPk=70 primePk=70 io=0 gpuB=41 gpuL=9 capped=0 prk=0 stl=0 draw=5.28W cT=50 gT=46 caps%[0:35,2:90,5:35,7:70,-100:40] curMHz[0:787,2:2841,5:1075,7:2112] gpu=231 gcap=422[10/13] lrn=100
2026-08-01 14:37:39 PulseDaemon: cap write via daemon (2 node(s))
2026-08-01 14:37:39 PulseDaemon: cap write via daemon (3 node(s))
2026-08-01 14:37:39 PulseDaemon: cap write via daemon (2 node(s))
2026-08-01 14:37:40 PulseDaemon: telemetry read via daemon (16 path(s))
2026-08-01 14:37:42 PulseDaemon: telemetry read via daemon (16 path(s))
2026-08-01 14:37:42 PulseAutoTdp: tgt=90 fps=90.0 jank=0 tail=11ms act=HOLD bn=CPU cpuB=23 cpuPk=71 primePk=71 io=0 gpuB=48 gpuL=10 capped=0 prk=0 stl=0 draw=4.90W cT=50 gT=46 caps%[0:35,2:90,5:35,7:70,-100:40] curMHz[0:787,2:2841,5:1075,7:2112] gpu=231 gcap=422[10/13] lrn=100
2026-08-01 14:37:42 PulseDaemon: cap write via daemon (2 node(s))
2026-08-01 14:37:42 PulseDaemon: cap write via daemon (3 node(s))
2026-08-01 14:37:42 PulseDaemon: cap write via daemon (2 node(s))
2026-08-01 14:37:43 PulseDaemon: telemetry read via daemon (16 path(s))
2026-08-01 14:37:44 PulseDaemon: telemetry read via daemon (16 path(s))
2026-08-01 14:37:44 PulseAutoTdp: tgt=90 fps=90.0 jank=0 tail=11ms act=HOLD bn=CPU cpuB=23 cpuPk=72 primePk=72 io=0 gpuB=49 gpuL=10 capped=0 prk=0 stl=0 draw=6.16W cT=50 gT=47 caps%[0:35,2:90,5:35,7:70,-100:40] curMHz[0:787,2:2841,5:1075,7:2112] gpu=231 gcap=422[10/13] lrn=100
2026-08-01 14:37:44 PulseDaemon: cap write via xsu fallback (2 node(s), ~413 chars, chunked)
2026-08-01 14:37:45 PulseDaemon: cap write via daemon (3 node(s))
2026-08-01 14:37:45 PulseDaemon: cap write via daemon (2 node(s))
2026-08-01 14:37:46 PulseDaemon: telemetry read via daemon (16 path(s))
2026-08-01 14:37:47 PulseDaemon: telemetry read via daemon (16 path(s))
2026-08-01 14:37:47 PulseAutoTdp: AUTOTDP-SESSION tgt=90 bias=EFFICIENT wattCap=0 policies=0:2265600:0,1;2:3148800:2,3,4;5:2956800:5,6;7:3052800:7;-100:1050000:
2026-08-01 14:37:47 PulseAutoTdp: tgt=90 fps=90.0 jank=0 tail=11ms act=HOLD bn=CPU cpuB=20 cpuPk=55 primePk=55 io=0 gpuB=43 gpuL=9 capped=0 prk=0 stl=0 draw=4.08W cT=49 gT=48 caps%[0:35,2:90,5:35,7:70,-100:40] curMHz[0:787,2:2841,5:1075,7:2112] gpu=231 gcap=422[10/13] lrn=100
2026-08-01 14:37:47 PulseDaemon: cap write via daemon (2 node(s))
2026-08-01 14:37:47 PulseDaemon: cap write via daemon (3 node(s))
2026-08-01 14:37:47 PulseDaemon: cap write via daemon (2 node(s))
2026-08-01 14:37:49 PulseDaemon: telemetry read via daemon (16 path(s))
2026-08-01 14:37:50 PulseDaemon: telemetry read via daemon (16 path(s))
2026-08-01 14:37:50 PulseAutoTdp: tgt=90 fps=86.3 jank=2 tail=44ms act=HOLD bn=CPU cpuB=29 cpuPk=78 primePk=78 io=0 gpuB=51 gpuL=11 capped=0 prk=0 stl=0 draw=5.50W cT=53 gT=47 caps%[0:35,2:90,5:35,7:70,-100:40] curMHz[0:787,2:2841,5:1075,7:2112] gpu=231 gcap=422[10/13] lrn=100
2026-08-01 14:37:51 PulseDaemon: telemetry read via daemon (16 path(s))
2026-08-01 14:37:53 PulseDaemon: telemetry read via daemon (16 path(s))
2026-08-01 14:37:53 PulseAutoTdp: tgt=90 fps=90.0 jank=0 tail=11ms act=HOLD bn=CPU cpuB=19 cpuPk=61 primePk=61 io=0 gpuB=26 gpuL=5 capped=0 prk=0 stl=0 draw=4.94W cT=50 gT=47 caps%[0:35,2:90,5:35,7:70,-100:40] curMHz[0:787,2:2841,5:1075,7:2112] gpu=231 gcap=422[10/13] lrn=100
2026-08-01 14:37:53 PulseDaemon: cap write via daemon (2 node(s))
2026-08-01 14:37:53 PulseDaemon: cap write via daemon (3 node(s))
2026-08-01 14:37:53 PulseDaemon: cap write via daemon (2 node(s))
2026-08-01 14:37:54 PulseDaemon: telemetry read via daemon (16 path(s))
2026-08-01 14:37:55 PulseDaemon: telemetry read via daemon (16 path(s))
2026-08-01 14:37:56 PulseAutoTdp: tgt=90 fps=90.0 jank=0 tail=11ms act=HOLD bn=CPU cpuB=17 cpuPk=60 primePk=60 io=0 gpuB=24 gpuL=5 capped=0 prk=0 stl=0 draw=3.86W cT=48 gT=46 caps%[0:35,2:90,5:35,7:70,-100:40] curMHz[0:787,2:2841,5:1075,7:2112] gpu=231 gcap=422[10/13] lrn=100
2026-08-01 14:37:56 PulseDaemon: cap write via daemon (2 node(s))
2026-08-01 14:37:56 PulseDaemon: cap write via daemon (3 node(s))
2026-08-01 14:37:56 PulseDaemon: cap write via daemon (2 node(s))
2026-08-01 14:37:57 PulseDaemon: telemetry read via daemon (16 path(s))
2026-08-01 14:37:58 PulseDaemon: telemetry read via daemon (16 path(s))
2026-08-01 14:37:58 PulseAutoTdp: tgt=90 fps=90.0 jank=0 tail=11ms act=HOLD bn=CPU cpuB=18 cpuPk=55 primePk=55 io=0 gpuB=18 gpuL=3 capped=0 prk=0 stl=0 draw=4.67W cT=48 gT=46 caps%[0:35,2:90,5:35,7:70,-100:40] curMHz[0:787,2:2841,5:1075,7:2112] gpu=231 gcap=422[10/13] lrn=100
2026-08-01 14:37:58 PulseDaemon: cap write via xsu fallback (2 node(s), ~413 chars, chunked)
2026-08-01 14:37:58 PulseDaemon: cap write via daemon (3 node(s))
2026-08-01 14:37:59 PulseDaemon: cap write via daemon (2 node(s))
2026-08-01 14:38:00 PulseDaemon: telemetry read via daemon (16 path(s))
2026-08-01 14:38:01 PulseDaemon: telemetry read via daemon (16 path(s))
2026-08-01 14:38:02 PulseAutoTdp: tgt=90 fps=90.0 jank=0 tail=11ms act=HOLD bn=CPU cpuB=24 cpuPk=66 primePk=66 io=0 gpuB=34 gpuL=7 capped=0 prk=0 stl=0 draw=4.66W cT=50 gT=47 caps%[0:35,2:90,5:35,7:70,-100:40] curMHz[0:787,2:2841,5:1075,7:2112] mn/mx[0:787/787,2:499/2841,5:499/1075,7:480/2112] gpu=231 gcap=422[10/13] lrn=100
2026-08-01 14:38:02 PulseDaemon: cap write via daemon (2 node(s))
2026-08-01 14:38:02 PulseDaemon: cap write via daemon (3 node(s))
2026-08-01 14:38:02 PulseDaemon: cap write via daemon (2 node(s))
2026-08-01 14:38:03 PulseDaemon: telemetry read via daemon (16 path(s))
2026-08-01 14:38:05 PulseDaemon: telemetry read via daemon (16 path(s))
2026-08-01 14:38:05 PulseAutoTdp: tgt=90 fps=90.0 jank=0 tail=11ms act=HOLD bn=CPU cpuB=22 cpuPk=67 primePk=67 io=0 gpuB=32 gpuL=7 capped=0 prk=0 stl=0 draw=4.94W cT=49 gT=47 caps%[0:35,2:90,5:35,7:70,-100:40] curMHz[0:787,2:2841,5:1075,7:2112] gpu=231 gcap=422[10/13] lrn=100
2026-08-01 14:38:05 PulseDaemon: cap write via daemon (2 node(s))
2026-08-01 14:38:05 PulseDaemon: cap write via daemon (3 node(s))
2026-08-01 14:38:06 PulseDaemon: telemetry read via daemon (16 path(s))
2026-08-01 14:38:07 PulseDaemon: telemetry read via daemon (16 path(s))
2026-08-01 14:38:07 PulseAutoTdp: tgt=90 fps=90.0 jank=0 tail=11ms act=HOLD bn=CPU cpuB=22 cpuPk=59 primePk=59 io=0 gpuB=32 gpuL=7 capped=0 prk=0 stl=0 draw=5.62W cT=50 gT=47 caps%[0:35,2:90,5:35,7:70,-100:40] curMHz[0:787,2:2841,5:1075,7:2112] gpu=231 gcap=422[10/13] lrn=100
2026-08-01 14:38:08 PulseDaemon: cap write via daemon (2 node(s))
2026-08-01 14:38:08 PulseDaemon: cap write via daemon (3 node(s))
2026-08-01 14:38:08 PulseDaemon: cap write via daemon (2 node(s))
2026-08-01 14:38:09 PulseDaemon: telemetry read via daemon (16 path(s))
2026-08-01 14:38:10 PulseDaemon: telemetry read via daemon (16 path(s))
2026-08-01 14:38:10 PulseAutoTdp: tgt=90 fps=90.0 jank=0 tail=11ms act=HOLD bn=CPU cpuB=20 cpuPk=60 primePk=60 io=0 gpuB=28 gpuL=6 capped=0 prk=0 stl=0 draw=4.49W cT=48 gT=46 caps%[0:35,2:90,5:35,7:70,-100:40] curMHz[0:787,2:2841,5:1075,7:2112] gpu=231 gcap=422[10/13] lrn=100
2026-08-01 14:38:10 PulseDaemon: cap write via daemon (2 node(s))
2026-08-01 14:38:10 PulseDaemon: cap write via daemon (3 node(s))
2026-08-01 14:38:10 PulseDaemon: cap write via daemon (2 node(s))
2026-08-01 14:38:12 PulseDaemon: telemetry read via daemon (16 path(s))
2026-08-01 14:38:13 PulseDaemon: telemetry read via daemon (16 path(s))
2026-08-01 14:38:13 PulseAutoTdp: tgt=90 fps=90.0 jank=0 tail=11ms act=HOLD bn=CPU cpuB=20 cpuPk=62 primePk=62 io=0 gpuB=35 gpuL=7 capped=0 prk=0 stl=0 draw=3.70W cT=48 gT=46 caps%[0:35,2:90,5:35,7:70,-100:40] curMHz[0:787,2:2841,5:1075,7:2112] gpu=231 gcap=422[10/13] lrn=100
2026-08-01 14:38:13 PulseDaemon: cap write via daemon (2 node(s))
2026-08-01 14:38:13 PulseDaemon: cap write via daemon (3 node(s))
2026-08-01 14:38:13 PulseDaemon: cap write via daemon (2 node(s))
2026-08-01 14:38:14 PulseDaemon: telemetry read via daemon (16 path(s))
2026-08-01 14:38:16 PulseDaemon: telemetry read via daemon (16 path(s))
2026-08-01 14:38:16 PulseAutoTdp: tgt=90 fps=90.0 jank=0 tail=11ms act=HOLD bn=CPU cpuB=17 cpuPk=57 primePk=57 io=0 gpuB=22 gpuL=4 capped=0 prk=0 stl=0 draw=4.66W cT=48 gT=46 caps%[0:35,2:90,5:35,7:70,-100:40] curMHz[0:787,2:2841,5:1075,7:2112] gpu=231 gcap=422[10/13] lrn=100
2026-08-01 14:38:16 PulseDaemon: cap write via daemon (2 node(s))
2026-08-01 14:38:16 PulseDaemon: cap write via daemon (3 node(s))
2026-08-01 14:38:16 PulseDaemon: cap write via daemon (2 node(s))
2026-08-01 14:38:17 PulseDaemon: telemetry read via daemon (16 path(s))
2026-08-01 14:38:19 PulseDaemon: telemetry read via daemon (16 path(s))
2026-08-01 14:38:19 PulseAutoTdp: tgt=90 fps=90.0 jank=0 tail=11ms act=HOLD bn=CPU cpuB=17 cpuPk=57 primePk=57 io=0 gpuB=22 gpuL=4 capped=0 prk=0 stl=0 draw=3.87W cT=47 gT=44 caps%[0:35,2:90,5:35,7:70,-100:40] curMHz[0:787,2:2841,5:1075,7:2112] gpu=231 gcap=422[10/13] lrn=100
2026-08-01 14:38:19 PulseDaemon: cap write via daemon (2 node(s))
2026-08-01 14:38:19 PulseDaemon: cap write via daemon (3 node(s))
2026-08-01 14:38:19 PulseDaemon: cap write via daemon (2 node(s))
2026-08-01 14:38:20 PulseDaemon: telemetry read via daemon (16 path(s))
2026-08-01 14:38:21 PulseDaemon: telemetry read via daemon (16 path(s))
2026-08-01 14:38:22 PulseAutoTdp: tgt=90 fps=90.0 jank=0 tail=11ms act=HOLD bn=CPU cpuB=20 cpuPk=66 primePk=66 io=0 gpuB=20 gpuL=4 capped=0 prk=0 stl=0 draw=4.11W cT=48 gT=45 caps%[0:35,2:90,5:35,7:70,-100:40] curMHz[0:787,2:2841,5:1075,7:2112] gpu=231 gcap=422[10/13] lrn=100
2026-08-01 14:38:22 PulseDaemon: cap write via daemon (3 node(s))
2026-08-01 14:38:22 PulseDaemon: cap write via daemon (2 node(s))
2026-08-01 14:38:23 PulseDaemon: telemetry read via daemon (16 path(s))
2026-08-01 14:38:24 PulseDaemon: telemetry read via daemon (16 path(s))
2026-08-01 14:38:24 PulseAutoTdp: tgt=90 fps=90.0 jank=0 tail=11ms act=HOLD bn=CPU cpuB=19 cpuPk=63 primePk=63 io=0 gpuB=23 gpuL=5 capped=0 prk=0 stl=0 draw=4.60W cT=49 gT=46 caps%[0:35,2:90,5:35,7:70,-100:40] curMHz[0:787,2:2841,5:1075,7:2112] gpu=231 gcap=422[10/13] lrn=100
2026-08-01 14:38:24 PulseDaemon: cap write via daemon (2 node(s))
2026-08-01 14:38:24 PulseDaemon: cap write via daemon (2 node(s))
2026-08-01 14:38:26 PulseDaemon: telemetry read via daemon (16 path(s))
2026-08-01 14:38:27 PulseDaemon: telemetry read via daemon (16 path(s))
2026-08-01 14:38:27 PulseAutoTdp: tgt=90 fps=90.0 jank=0 tail=11ms act=HOLD bn=CPU cpuB=21 cpuPk=63 primePk=63 io=0 gpuB=32 gpuL=7 capped=0 prk=0 stl=0 draw=5.17W cT=47 gT=46 caps%[0:35,2:90,5:35,7:70,-100:40] curMHz[0:787,2:2841,5:1075,7:2112] gpu=231 gcap=422[10/13] lrn=100
2026-08-01 14:38:27 PulseDaemon: cap write via daemon (2 node(s))
2026-08-01 14:38:27 PulseDaemon: cap write via daemon (3 node(s))
2026-08-01 14:38:27 PulseDaemon: cap write via daemon (2 node(s))
2026-08-01 14:38:28 PulseDaemon: telemetry read via daemon (16 path(s))
2026-08-01 14:38:30 PulseDaemon: telemetry read via daemon (16 path(s))
2026-08-01 14:38:30 PulseAutoTdp: AUTOTDP-SESSION tgt=90 bias=EFFICIENT wattCap=0 policies=0:2265600:0,1;2:3148800:2,3,4;5:2956800:5,6;7:3052800:7;-100:1050000:
2026-08-01 14:38:31 PulseAutoTdp: tgt=90 fps=90.0 jank=0 tail=11ms act=HOLD bn=CPU cpuB=20 cpuPk=64 primePk=64 io=0 gpuB=26 gpuL=5 capped=0 prk=0 stl=0 draw=3.72W cT=48 gT=46 caps%[0:35,2:90,5:35,7:70,-100:40] curMHz[0:787,2:2841,5:1075,7:2112] mn/mx[0:787/787,2:499/2841,5:499/1075,7:480/2112] gpu=231 gcap=422[10/13] lrn=100
2026-08-01 14:38:31 PulseDaemon: cap write via daemon (2 node(s))
2026-08-01 14:38:31 PulseDaemon: cap write via daemon (3 node(s))
2026-08-01 14:38:31 PulseDaemon: cap write via daemon (2 node(s))
2026-08-01 14:38:32 PulseDaemon: telemetry read via daemon (16 path(s))
2026-08-01 14:38:33 PulseDaemon: telemetry read via daemon (16 path(s))
2026-08-01 14:38:33 PulseAutoTdp: tgt=90 fps=90.0 jank=0 tail=11ms act=HOLD bn=CPU cpuB=19 cpuPk=61 primePk=61 io=0 gpuB=34 gpuL=7 capped=0 prk=0 stl=0 draw=3.46W cT=48 gT=45 caps%[0:35,2:90,5:35,7:70,-100:40] curMHz[0:787,2:2841,5:1075,7:2112] gpu=231 gcap=422[10/13] lrn=100
2026-08-01 14:38:33 PulseDaemon: cap write via daemon (2 node(s))
2026-08-01 14:38:34 PulseDaemon: cap write via daemon (3 node(s))
2026-08-01 14:38:34 PulseDaemon: cap write via daemon (2 node(s))
2026-08-01 14:38:35 PulseDaemon: telemetry read via daemon (16 path(s))
2026-08-01 14:38:36 PulseDaemon: telemetry read via daemon (16 path(s))
2026-08-01 14:38:36 PulseAutoTdp: tgt=90 fps=90.0 jank=0 tail=11ms act=HOLD bn=CPU cpuB=20 cpuPk=61 primePk=61 io=0 gpuB=31 gpuL=6 capped=0 prk=0 stl=0 draw=3.95W cT=47 gT=45 caps%[0:35,2:90,5:35,7:70,-100:40] curMHz[0:787,2:2841,5:1075,7:2112] gpu=231 gcap=422[10/13] lrn=100
2026-08-01 14:38:36 PulseDaemon: cap write via daemon (2 node(s))
2026-08-01 14:38:36 PulseDaemon: cap write via daemon (3 node(s))
2026-08-01 14:38:36 PulseDaemon: cap write via daemon (2 node(s))
2026-08-01 14:38:38 PulseDaemon: telemetry read via daemon (16 path(s))
2026-08-01 14:38:39 PulseDaemon: telemetry read via daemon (16 path(s))
2026-08-01 14:38:39 PulseAutoTdp: tgt=90 fps=90.0 jank=0 tail=11ms act=HOLD bn=CPU cpuB=19 cpuPk=67 primePk=67 io=0 gpuB=33 gpuL=7 capped=0 prk=0 stl=0 draw=5.55W cT=48 gT=45 caps%[0:35,2:90,5:35,7:70,-100:40] curMHz[0:787,2:2841,5:1075,7:2112] gpu=231 gcap=422[10/13] lrn=100
2026-08-01 14:38:39 PulseDaemon: cap write via daemon (2 node(s))
2026-08-01 14:38:39 PulseDaemon: cap write via daemon (3 node(s))
2026-08-01 14:38:39 PulseDaemon: cap write via daemon (2 node(s))
2026-08-01 14:38:40 PulseDaemon: telemetry read via daemon (16 path(s))
2026-08-01 14:38:42 PulseDaemon: telemetry read via daemon (16 path(s))
2026-08-01 14:38:42 PulseAutoTdp: tgt=90 fps=90.0 jank=0 tail=11ms act=HOLD bn=CPU cpuB=19 cpuPk=60 primePk=60 io=0 gpuB=35 gpuL=7 capped=0 prk=0 stl=0 draw=5.42W cT=47 gT=45 caps%[0:35,2:90,5:35,7:70,-100:40] curMHz[0:787,2:2841,5:1075,7:2112] gpu=231 gcap=422[10/13] lrn=100
2026-08-01 14:38:42 PulseDaemon: cap write via daemon (2 node(s))
2026-08-01 14:38:42 PulseDaemon: cap write via daemon (3 node(s))
2026-08-01 14:38:42 PulseDaemon: cap write via daemon (2 node(s))
2026-08-01 14:38:43 PulseDaemon: telemetry read via daemon (16 path(s))
2026-08-01 14:38:44 PulseDaemon: telemetry read via daemon (16 path(s))
2026-08-01 14:38:44 PulseAutoTdp: tgt=90 fps=90.0 jank=0 tail=11ms act=HOLD bn=CPU cpuB=19 cpuPk=62 primePk=62 io=0 gpuB=30 gpuL=6 capped=0 prk=0 stl=0 draw=5.20W cT=48 gT=46 caps%[0:35,2:90,5:35,7:70,-100:40] curMHz[0:787,2:2841,5:1075,7:2112] gpu=231 gcap=422[10/13] lrn=100
2026-08-01 14:38:44 PulseDaemon: cap write via xsu fallback (2 node(s), ~413 chars, chunked)
2026-08-01 14:38:45 PulseDaemon: cap write via daemon (3 node(s))
2026-08-01 14:38:45 PulseDaemon: cap write via daemon (2 node(s))
2026-08-01 14:38:46 PulseDaemon: telemetry read via daemon (16 path(s))
2026-08-01 14:38:47 PulseDaemon: telemetry read via daemon (16 path(s))
2026-08-01 14:38:47 PulseAutoTdp: tgt=90 fps=90.0 jank=0 tail=11ms act=HOLD bn=CPU cpuB=20 cpuPk=64 primePk=64 io=0 gpuB=23 gpuL=5 capped=0 prk=0 stl=0 draw=5.55W cT=48 gT=46 caps%[0:35,2:90,5:35,7:70,-100:40] curMHz[0:787,2:2841,5:1075,7:2112] gpu=231 gcap=422[10/13] lrn=100
2026-08-01 14:38:47 PulseDaemon: cap write via xsu fallback (2 node(s), ~413 chars, chunked)
2026-08-01 14:38:48 PulseDaemon: cap write via daemon (2 node(s))
2026-08-01 14:38:49 PulseDaemon: telemetry read via daemon (16 path(s))
2026-08-01 14:38:50 PulseDaemon: telemetry read via daemon (16 path(s))
2026-08-01 14:38:50 PulseAutoTdp: tgt=90 fps=90.0 jank=0 tail=11ms act=HOLD bn=CPU cpuB=21 cpuPk=63 primePk=63 io=0 gpuB=23 gpuL=5 capped=0 prk=0 stl=0 draw=3.47W cT=47 gT=46 caps%[0:35,2:90,5:35,7:70,-100:40] curMHz[0:787,2:2841,5:1075,7:2112] gpu=231 gcap=422[10/13] lrn=100
2026-08-01 14:38:50 PulseDaemon: cap write via daemon (2 node(s))
2026-08-01 14:38:50 PulseDaemon: cap write via daemon (3 node(s))
2026-08-01 14:38:50 PulseDaemon: cap write via daemon (2 node(s))
2026-08-01 14:38:52 PulseDaemon: telemetry read via daemon (16 path(s))
2026-08-01 14:38:53 PulseDaemon: telemetry read via daemon (16 path(s))
2026-08-01 14:38:53 PulseAutoTdp: tgt=90 fps=90.0 jank=0 tail=11ms act=HOLD bn=CPU cpuB=19 cpuPk=63 primePk=63 io=0 gpuB=25 gpuL=5 capped=0 prk=0 stl=0 draw=4.13W cT=48 gT=46 caps%[0:35,2:90,5:35,7:70,-100:40] curMHz[0:787,2:2841,5:1075,7:2112] gpu=231 gcap=422[10/13] lrn=100
2026-08-01 14:38:53 PulseDaemon: cap write via daemon (2 node(s))
2026-08-01 14:38:53 PulseDaemon: cap write via daemon (3 node(s))
2026-08-01 14:38:53 PulseDaemon: cap write via daemon (2 node(s))
2026-08-01 14:38:54 PulseDaemon: telemetry read via daemon (16 path(s))
2026-08-01 14:38:56 PulseDaemon: telemetry read via daemon (16 path(s))
2026-08-01 14:38:56 PulseAutoTdp: tgt=90 fps=90.0 jank=0 tail=11ms act=HOLD bn=CPU cpuB=19 cpuPk=61 primePk=61 io=0 gpuB=23 gpuL=5 capped=0 prk=0 stl=0 draw=5.49W cT=48 gT=46 caps%[0:35,2:90,5:35,7:70,-100:40] curMHz[0:787,2:2841,5:1075,7:2112] gpu=231 gcap=422[10/13] lrn=100
2026-08-01 14:38:56 PulseDaemon: cap write via daemon (3 node(s))
2026-08-01 14:38:56 PulseDaemon: cap write via daemon (2 node(s))
2026-08-01 14:38:57 PulseDaemon: telemetry read via daemon (16 path(s))
2026-08-01 14:38:58 PulseDaemon: telemetry read via daemon (16 path(s))
2026-08-01 14:38:59 PulseAutoTdp: tgt=90 fps=90.0 jank=0 tail=11ms act=HOLD bn=CPU cpuB=21 cpuPk=63 primePk=63 io=0 gpuB=28 gpuL=6 capped=0 prk=0 stl=0 draw=5.98W cT=48 gT=46 caps%[0:35,2:90,5:35,7:70,-100:40] curMHz[0:787,2:2841,5:1075,7:2112] mn/mx[0:787/787,2:499/2841,5:499/1075,7:480/2112] gpu=231 gcap=422[10/13] lrn=100
2026-08-01 14:38:59 PulseDaemon: cap write via daemon (2 node(s))
2026-08-01 14:38:59 PulseDaemon: cap write via daemon (3 node(s))
2026-08-01 14:38:59 PulseDaemon: cap write via daemon (2 node(s))
2026-08-01 14:39:01 PulseDaemon: telemetry read via daemon (16 path(s))
2026-08-01 14:39:02 PulseDaemon: telemetry read via daemon (16 path(s))
2026-08-01 14:39:02 PulseAutoTdp: tgt=90 fps=90.0 jank=0 tail=11ms act=HOLD bn=CPU cpuB=18 cpuPk=56 primePk=56 io=0 gpuB=25 gpuL=5 capped=0 prk=0 stl=0 draw=3.16W cT=48 gT=45 caps%[0:35,2:90,5:35,7:70,-100:40] curMHz[0:787,2:2841,5:1075,7:2112] gpu=231 gcap=422[10/13] lrn=100
2026-08-01 14:39:02 PulseDaemon: cap write via daemon (2 node(s))
2026-08-01 14:39:02 PulseDaemon: cap write via daemon (3 node(s))
2026-08-01 14:39:02 PulseDaemon: cap write via daemon (2 node(s))
2026-08-01 14:39:03 PulseDaemon: telemetry read via daemon (16 path(s))
2026-08-01 14:39:05 PulseDaemon: telemetry read via daemon (16 path(s))
2026-08-01 14:39:05 PulseAutoTdp: tgt=90 fps=90.0 jank=0 tail=11ms act=HOLD bn=CPU cpuB=19 cpuPk=63 primePk=63 io=0 gpuB=26 gpuL=5 capped=0 prk=0 stl=0 draw=4.64W cT=46 gT=46 caps%[0:35,2:90,5:35,7:70,-100:40] curMHz[0:787,2:2841,5:1075,7:2112] gpu=231 gcap=422[10/13] lrn=100
2026-08-01 14:39:05 PulseDaemon: cap write via daemon (2 node(s))
2026-08-01 14:39:05 PulseDaemon: cap write via daemon (3 node(s))
2026-08-01 14:39:05 PulseDaemon: cap write via daemon (2 node(s))
2026-08-01 14:39:06 PulseDaemon: telemetry read via daemon (16 path(s))
2026-08-01 14:39:08 PulseDaemon: telemetry read via daemon (16 path(s))
2026-08-01 14:39:08 PulseAutoTdp: tgt=90 fps=90.0 jank=0 tail=11ms act=HOLD bn=CPU cpuB=20 cpuPk=71 primePk=71 io=0 gpuB=28 gpuL=6 capped=0 prk=0 stl=0 draw=3.37W cT=47 gT=45 caps%[0:35,2:90,5:35,7:70,-100:40] curMHz[0:787,2:2841,5:1075,7:2112] gpu=231 gcap=422[10/13] lrn=100
2026-08-01 14:39:08 PulseDaemon: cap write via daemon (2 node(s))
2026-08-01 14:39:08 PulseDaemon: cap write via daemon (2 node(s))
2026-08-01 14:39:09 PulseDaemon: telemetry read via daemon (16 path(s))
2026-08-01 14:39:10 PulseDaemon: telemetry read via daemon (16 path(s))
2026-08-01 14:39:10 PulseAutoTdp: tgt=90 fps=90.0 jank=0 tail=11ms act=HOLD bn=CPU cpuB=20 cpuPk=62 primePk=62 io=0 gpuB=25 gpuL=5 capped=0 prk=0 stl=0 draw=2.98W cT=47 gT=45 caps%[0:35,2:90,5:35,7:70,-100:40] curMHz[0:787,2:2841,5:1075,7:2112] gpu=231 gcap=422[10/13] lrn=100
2026-08-01 14:39:10 PulseDaemon: cap write via daemon (2 node(s))
2026-08-01 14:39:11 PulseDaemon: cap write via daemon (2 node(s))
2026-08-01 14:39:12 PulseDaemon: telemetry read via daemon (16 path(s))
2026-08-01 14:39:13 PulseDaemon: telemetry read via daemon (16 path(s))
2026-08-01 14:39:13 PulseAutoTdp: AUTOTDP-SESSION tgt=90 bias=EFFICIENT wattCap=0 policies=0:2265600:0,1;2:3148800:2,3,4;5:2956800:5,6;7:3052800:7;-100:1050000:
2026-08-01 14:39:13 PulseAutoTdp: tgt=90 fps=90.0 jank=0 tail=11ms act=HOLD bn=CPU cpuB=18 cpuPk=58 primePk=58 io=0 gpuB=26 gpuL=5 capped=0 prk=0 stl=0 draw=4.43W cT=47 gT=44 caps%[0:35,2:90,5:35,7:70,-100:40] curMHz[0:787,2:2841,5:1075,7:2112] gpu=231 gcap=422[10/13] lrn=100
2026-08-01 14:39:13 PulseDaemon: cap write via daemon (2 node(s))
2026-08-01 14:39:13 PulseDaemon: cap write via daemon (3 node(s))
2026-08-01 14:39:13 PulseDaemon: cap write via daemon (2 node(s))
2026-08-01 14:39:15 PulseDaemon: telemetry read via daemon (16 path(s))
2026-08-01 14:39:16 PulseDaemon: telemetry read via daemon (16 path(s))
2026-08-01 14:39:16 PulseAutoTdp: tgt=90 fps=90.0 jank=0 tail=11ms act=HOLD bn=CPU cpuB=19 cpuPk=62 primePk=62 io=0 gpuB=25 gpuL=5 capped=0 prk=0 stl=0 draw=4.44W cT=47 gT=45 caps%[0:35,2:90,5:35,7:70,-100:40] curMHz[0:787,2:2841,5:1075,7:2112] gpu=231 gcap=422[10/13] lrn=100
2026-08-01 14:39:16 PulseDaemon: cap write via daemon (2 node(s))
2026-08-01 14:39:16 PulseDaemon: cap write via daemon (3 node(s))
2026-08-01 14:39:16 PulseDaemon: cap write via daemon (2 node(s))
2026-08-01 14:39:17 PulseDaemon: telemetry read via daemon (16 path(s))
2026-08-01 14:39:19 PulseDaemon: telemetry read via daemon (16 path(s))
2026-08-01 14:39:19 PulseAutoTdp: tgt=90 fps=90.0 jank=0 tail=11ms act=HOLD bn=CPU cpuB=20 cpuPk=63 primePk=63 io=0 gpuB=30 gpuL=6 capped=0 prk=0 stl=0 draw=3.06W cT=46 gT=44 caps%[0:35,2:90,5:35,7:70,-100:40] curMHz[0:787,2:2841,5:1075,7:2112] gpu=231 gcap=422[10/13] lrn=100
2026-08-01 14:39:19 PulseDaemon: cap write via daemon (2 node(s))
2026-08-01 14:39:19 PulseDaemon: cap write via daemon (3 node(s))
2026-08-01 14:39:19 PulseDaemon: cap write via daemon (2 node(s))
2026-08-01 14:39:20 PulseDaemon: telemetry read via daemon (16 path(s))
2026-08-01 14:39:22 PulseDaemon: telemetry read via daemon (16 path(s))
2026-08-01 14:39:22 PulseAutoTdp: tgt=90 fps=90.0 jank=0 tail=11ms act=HOLD bn=CPU cpuB=19 cpuPk=58 primePk=58 io=0 gpuB=29 gpuL=6 capped=0 prk=0 stl=0 draw=5.49W cT=47 gT=45 caps%[0:35,2:90,5:35,7:70,-100:40] curMHz[0:787,2:2841,5:1075,7:2112] gpu=231 gcap=422[10/13] lrn=100
2026-08-01 14:39:22 PulseDaemon: cap write via xsu fallback (2 node(s), ~413 chars, chunked)
2026-08-01 14:39:22 PulseDaemon: cap write via daemon (3 node(s))
2026-08-01 14:39:22 PulseDaemon: cap write via daemon (2 node(s))
2026-08-01 14:39:23 PulseDaemon: telemetry read via daemon (16 path(s))
2026-08-01 14:39:24 PulseDaemon: telemetry read via daemon (16 path(s))
2026-08-01 14:39:25 PulseAutoTdp: tgt=90 fps=90.0 jank=0 tail=11ms act=HOLD bn=CPU cpuB=20 cpuPk=61 primePk=61 io=0 gpuB=28 gpuL=6 capped=0 prk=0 stl=0 draw=3.26W cT=47 gT=45 caps%[0:35,2:90,5:35,7:70,-100:40] curMHz[0:787,2:2841,5:1075,7:2112] gpu=231 gcap=422[10/13] lrn=100
2026-08-01 14:39:25 PulseDaemon: cap write via daemon (2 node(s))
2026-08-01 14:39:25 PulseDaemon: cap write via daemon (3 node(s))
2026-08-01 14:39:25 PulseDaemon: cap write via daemon (2 node(s))
2026-08-01 14:39:26 PulseDaemon: telemetry read via daemon (16 path(s))
2026-08-01 14:39:27 PulseDaemon: telemetry read via daemon (16 path(s))
2026-08-01 14:39:28 PulseAutoTdp: tgt=90 fps=90.0 jank=0 tail=11ms act=HOLD bn=CPU cpuB=18 cpuPk=59 primePk=59 io=0 gpuB=26 gpuL=5 capped=0 prk=0 stl=0 draw=4.74W cT=47 gT=44 caps%[0:35,2:90,5:35,7:70,-100:40] curMHz[0:787,2:2841,5:1075,7:2112] mn/mx[0:364/787,2:499/2841,5:499/1075,7:480/2112] gpu=231 gcap=422[10/13] lrn=100
2026-08-01 14:39:28 PulseDaemon: cap write via daemon (2 node(s))
2026-08-01 14:39:28 PulseDaemon: cap write via daemon (3 node(s))
2026-08-01 14:39:28 PulseDaemon: cap write via daemon (2 node(s))
2026-08-01 14:39:30 PulseDaemon: telemetry read via daemon (16 path(s))
2026-08-01 14:39:31 PulseDaemon: telemetry read via daemon (16 path(s))
2026-08-01 14:39:31 PulseAutoTdp: tgt=90 fps=90.0 jank=0 tail=11ms act=HOLD bn=CPU cpuB=19 cpuPk=67 primePk=67 io=0 gpuB=28 gpuL=6 capped=0 prk=0 stl=0 draw=3.42W cT=48 gT=45 caps%[0:35,2:90,5:35,7:70,-100:40] curMHz[0:787,2:2841,5:1075,7:2112] gpu=231 gcap=422[10/13] lrn=100
2026-08-01 14:39:31 PulseDaemon: cap write via daemon (2 node(s))
2026-08-01 14:39:31 PulseDaemon: cap write via daemon (3 node(s))
2026-08-01 14:39:31 PulseDaemon: cap write via daemon (2 node(s))
2026-08-01 14:39:32 PulseDaemon: telemetry read via daemon (16 path(s))
2026-08-01 14:39:34 PulseDaemon: telemetry read via daemon (16 path(s))
2026-08-01 14:39:34 PulseAutoTdp: tgt=90 fps=90.0 jank=0 tail=11ms act=HOLD bn=CPU cpuB=18 cpuPk=58 primePk=58 io=0 gpuB=27 gpuL=5 capped=0 prk=0 stl=0 draw=4.29W cT=48 gT=44 caps%[0:35,2:90,5:35,7:70,-100:40] curMHz[0:787,2:2841,5:1075,7:2112] gpu=231 gcap=422[10/13] lrn=100
2026-08-01 14:39:34 PulseDaemon: cap write via daemon (2 node(s))
2026-08-01 14:39:34 PulseDaemon: cap write via daemon (3 node(s))
2026-08-01 14:39:34 PulseDaemon: cap write via daemon (2 node(s))
2026-08-01 14:39:35 PulseDaemon: telemetry read via daemon (16 path(s))
2026-08-01 14:39:36 PulseDaemon: telemetry read via daemon (16 path(s))
2026-08-01 14:39:37 PulseAutoTdp: tgt=90 fps=90.0 jank=0 tail=11ms act=HOLD bn=CPU cpuB=20 cpuPk=63 primePk=63 io=0 gpuB=27 gpuL=5 capped=0 prk=0 stl=0 draw=3.67W cT=47 gT=44 caps%[0:35,2:90,5:35,7:70,-100:40] curMHz[0:787,2:2841,5:1075,7:2112] gpu=231 gcap=422[10/13] lrn=100
2026-08-01 14:39:37 PulseDaemon: cap write via daemon (2 node(s))
2026-08-01 14:39:37 PulseDaemon: cap write via daemon (3 node(s))
2026-08-01 14:39:37 PulseDaemon: cap write via daemon (2 node(s))
2026-08-01 14:39:38 PulseDaemon: telemetry read via daemon (16 path(s))
2026-08-01 14:39:39 PulseDaemon: telemetry read via daemon (16 path(s))
2026-08-01 14:39:39 PulseAutoTdp: tgt=90 fps=90.0 jank=0 tail=11ms act=HOLD bn=CPU cpuB=19 cpuPk=58 primePk=58 io=0 gpuB=32 gpuL=7 capped=0 prk=0 stl=0 draw=3.94W cT=47 gT=44 caps%[0:35,2:90,5:35,7:70,-100:40] curMHz[0:787,2:2841,5:1075,7:2112] gpu=231 gcap=422[10/13] lrn=100
2026-08-01 14:39:39 PulseDaemon: cap write via daemon (2 node(s))
2026-08-01 14:39:39 PulseDaemon: cap write via daemon (3 node(s))
2026-08-01 14:39:39 PulseDaemon: cap write via daemon (2 node(s))
2026-08-01 14:39:41 PulseDaemon: telemetry read via daemon (16 path(s))
2026-08-01 14:39:42 PulseDaemon: telemetry read via daemon (16 path(s))
2026-08-01 14:39:42 PulseAutoTdp: tgt=90 fps=90.0 jank=0 tail=11ms act=HOLD bn=CPU cpuB=19 cpuPk=57 primePk=57 io=0 gpuB=28 gpuL=6 capped=0 prk=0 stl=0 draw=4.97W cT=46 gT=44 caps%[0:35,2:90,5:35,7:70,-100:40] curMHz[0:787,2:2841,5:1075,7:2112] gpu=231 gcap=422[10/13] lrn=100
2026-08-01 14:39:42 PulseDaemon: cap write via daemon (2 node(s))
2026-08-01 14:39:42 PulseDaemon: cap write via daemon (3 node(s))
2026-08-01 14:39:42 PulseDaemon: cap write via daemon (2 node(s))
2026-08-01 14:39:43 PulseDaemon: telemetry read via daemon (16 path(s))
2026-08-01 14:39:45 PulseDaemon: telemetry read via daemon (16 path(s))
2026-08-01 14:39:45 PulseAutoTdp: tgt=90 fps=90.0 jank=0 tail=11ms act=HOLD bn=CPU cpuB=20 cpuPk=67 primePk=67 io=0 gpuB=25 gpuL=5 capped=0 prk=0 stl=0 draw=4.85W cT=48 gT=44 caps%[0:35,2:90,5:35,7:70,-100:40] curMHz[0:787,2:2841,5:1075,7:2112] gpu=231 gcap=422[10/13] lrn=100
2026-08-01 14:39:45 PulseDaemon: cap write via daemon (2 node(s))
2026-08-01 14:39:45 PulseDaemon: cap write via daemon (3 node(s))
2026-08-01 14:39:45 PulseDaemon: cap write via daemon (2 node(s))
2026-08-01 14:39:46 PulseDaemon: telemetry read via daemon (16 path(s))
2026-08-01 14:39:48 PulseDaemon: telemetry read via daemon (16 path(s))
2026-08-01 14:39:48 PulseAutoTdp: tgt=90 fps=90.0 jank=0 tail=11ms act=HOLD bn=CPU cpuB=18 cpuPk=65 primePk=65 io=0 gpuB=23 gpuL=5 capped=0 prk=0 stl=0 draw=4.15W cT=47 gT=45 caps%[0:35,2:90,5:35,7:70,-100:40] curMHz[0:787,2:2841,5:1075,7:2112] gpu=231 gcap=422[10/13] lrn=100
2026-08-01 14:39:48 PulseDaemon: cap write via daemon (2 node(s))
2026-08-01 14:39:48 PulseDaemon: cap write via daemon (3 node(s))
2026-08-01 14:39:48 PulseDaemon: cap write via daemon (2 node(s))
2026-08-01 14:39:49 PulseDaemon: telemetry read via daemon (16 path(s))
2026-08-01 14:39:50 PulseDaemon: telemetry read via daemon (16 path(s))
2026-08-01 14:39:51 PulseAutoTdp: tgt=90 fps=90.0 jank=0 tail=11ms act=HOLD bn=CPU cpuB=17 cpuPk=55 primePk=55 io=0 gpuB=20 gpuL=4 capped=0 prk=0 stl=0 draw=3.33W cT=46 gT=45 caps%[0:35,2:90,5:35,7:70,-100:40] curMHz[0:787,2:2841,5:1075,7:2112] gpu=231 gcap=422[10/13] lrn=100
2026-08-01 14:39:51 PulseDaemon: cap write via daemon (2 node(s))
2026-08-01 14:39:51 PulseDaemon: cap write via daemon (3 node(s))
2026-08-01 14:39:51 PulseDaemon: cap write via daemon (2 node(s))
2026-08-01 14:39:52 PulseDaemon: telemetry read via daemon (16 path(s))
2026-08-01 14:39:53 PulseDaemon: telemetry read via daemon (16 path(s))
2026-08-01 14:39:53 PulseAutoTdp: tgt=90 fps=90.0 jank=0 tail=11ms act=HOLD bn=CPU cpuB=17 cpuPk=64 primePk=64 io=0 gpuB=21 gpuL=4 capped=0 prk=0 stl=0 draw=4.80W cT=48 gT=45 caps%[0:35,2:90,5:35,7:70,-100:40] curMHz[0:787,2:2841,5:1075,7:2112] gpu=231 gcap=422[10/13] lrn=100
2026-08-01 14:39:53 PulseDaemon: cap write via daemon (2 node(s))
2026-08-01 14:39:54 PulseDaemon: cap write via daemon (3 node(s))
2026-08-01 14:39:54 PulseDaemon: cap write via daemon (2 node(s))
2026-08-01 14:39:55 PulseDaemon: telemetry read via daemon (16 path(s))
2026-08-01 14:39:56 PulseDaemon: telemetry read via daemon (16 path(s))
2026-08-01 14:39:56 PulseAutoTdp: AUTOTDP-SESSION tgt=90 bias=EFFICIENT wattCap=0 policies=0:2265600:0,1;2:3148800:2,3,4;5:2956800:5,6;7:3052800:7;-100:1050000:
2026-08-01 14:39:57 PulseAutoTdp: tgt=90 fps=90.0 jank=0 tail=11ms act=HOLD bn=CPU cpuB=17 cpuPk=57 primePk=57 io=0 gpuB=21 gpuL=4 capped=0 prk=0 stl=0 draw=3.59W cT=47 gT=45 caps%[0:35,2:90,5:35,7:70,-100:40] curMHz[0:787,2:2841,5:1075,7:2112] mn/mx[0:787/787,2:499/2841,5:499/1075,7:480/2112] gpu=231 gcap=422[10/13] lrn=100
2026-08-01 14:39:57 PulseDaemon: cap write via daemon (2 node(s))
2026-08-01 14:39:57 PulseDaemon: cap write via daemon (3 node(s))
2026-08-01 14:39:57 PulseDaemon: cap write via daemon (2 node(s))
2026-08-01 14:39:58 PulseDaemon: telemetry read via daemon (16 path(s))
2026-08-01 14:40:00 PulseDaemon: telemetry read via daemon (16 path(s))
2026-08-01 14:40:00 PulseAutoTdp: tgt=90 fps=90.0 jank=0 tail=11ms act=HOLD bn=CPU cpuB=17 cpuPk=65 primePk=65 io=0 gpuB=21 gpuL=4 capped=0 prk=0 stl=0 draw=5.27W cT=48 gT=45 caps%[0:35,2:90,5:35,7:70,-100:40] curMHz[0:787,2:2841,5:1075,7:2112] gpu=231 gcap=422[10/13] lrn=100
2026-08-01 14:40:00 PulseDaemon: cap write via daemon (2 node(s))
2026-08-01 14:40:00 PulseDaemon: cap write via daemon (3 node(s))
2026-08-01 14:40:00 PulseDaemon: cap write via daemon (2 node(s))
2026-08-01 14:40:01 PulseDaemon: telemetry read via daemon (16 path(s))
2026-08-01 14:40:02 PulseDaemon: telemetry read via daemon (16 path(s))
2026-08-01 14:40:03 PulseAutoTdp: tgt=90 fps=90.0 jank=0 tail=11ms act=HOLD bn=CPU cpuB=18 cpuPk=68 primePk=68 io=0 gpuB=21 gpuL=4 capped=0 prk=0 stl=0 draw=4.48W cT=47 gT=45 caps%[0:35,2:90,5:35,7:70,-100:40] curMHz[0:787,2:2841,5:1075,7:2112] gpu=231 gcap=422[10/13] lrn=100
2026-08-01 14:40:03 PulseDaemon: cap write via daemon (2 node(s))
2026-08-01 14:40:03 PulseDaemon: cap write via daemon (3 node(s))
2026-08-01 14:40:03 PulseDaemon: cap write via daemon (2 node(s))
2026-08-01 14:40:04 PulseDaemon: telemetry read via daemon (16 path(s))
2026-08-01 14:40:05 PulseDaemon: telemetry read via daemon (16 path(s))
2026-08-01 14:40:05 PulseAutoTdp: tgt=90 fps=90.0 jank=0 tail=11ms act=HOLD bn=CPU cpuB=24 cpuPk=68 primePk=68 io=0 gpuB=23 gpuL=5 capped=0 prk=0 stl=0 draw=6.09W cT=48 gT=45 caps%[0:35,2:90,5:35,7:70,-100:40] curMHz[0:787,2:2841,5:1075,7:2112] gpu=231 gcap=422[10/13] lrn=100
2026-08-01 14:40:05 PulseDaemon: cap write via daemon (2 node(s))
2026-08-01 14:40:05 PulseDaemon: cap write via daemon (3 node(s))
2026-08-01 14:40:05 PulseDaemon: cap write via daemon (2 node(s))
2026-08-01 14:40:07 PulseDaemon: telemetry read via daemon (16 path(s))
2026-08-01 14:40:08 PulseDaemon: telemetry read via daemon (16 path(s))
2026-08-01 14:40:08 PulseAutoTdp: tgt=90 fps=90.0 jank=0 tail=11ms act=HOLD bn=CPU cpuB=19 cpuPk=64 primePk=64 io=0 gpuB=24 gpuL=5 capped=0 prk=0 stl=0 draw=5.07W cT=47 gT=45 caps%[0:35,2:90,5:35,7:70,-100:40] curMHz[0:787,2:2841,5:1075,7:2112] gpu=231 gcap=422[10/13] lrn=100
2026-08-01 14:40:08 PulseDaemon: cap write via daemon (2 node(s))
2026-08-01 14:40:09 PulseDaemon: telemetry read via daemon (16 path(s))
2026-08-01 14:40:11 PulseDaemon: telemetry read via daemon (16 path(s))
2026-08-01 14:40:11 PulseAutoTdp: tgt=90 fps=90.0 jank=0 tail=11ms act=HOLD bn=CPU cpuB=19 cpuPk=61 primePk=61 io=0 gpuB=26 gpuL=5 capped=0 prk=0 stl=0 draw=3.38W cT=47 gT=45 caps%[0:35,2:90,5:35,7:70,-100:40] curMHz[0:787,2:2841,5:1075,7:2112] gpu=231 gcap=422[10/13] lrn=100
2026-08-01 14:40:11 PulseDaemon: cap write via daemon (2 node(s))
2026-08-01 14:40:11 PulseDaemon: cap write via daemon (3 node(s))
2026-08-01 14:40:11 PulseDaemon: cap write via daemon (2 node(s))
2026-08-01 14:40:12 PulseDaemon: telemetry read via daemon (16 path(s))
2026-08-01 14:40:14 PulseDaemon: telemetry read via daemon (16 path(s))
2026-08-01 14:40:14 PulseAutoTdp: tgt=90 fps=90.0 jank=0 tail=11ms act=HOLD bn=CPU cpuB=20 cpuPk=62 primePk=62 io=0 gpuB=32 gpuL=7 capped=0 prk=0 stl=0 draw=4.45W cT=47 gT=45 caps%[0:35,2:90,5:35,7:70,-100:40] curMHz[0:787,2:2841,5:1075,7:2112] gpu=231 gcap=422[10/13] lrn=100
2026-08-01 14:40:14 PulseDaemon: cap write via daemon (2 node(s))
2026-08-01 14:40:14 PulseDaemon: cap write via daemon (3 node(s))
2026-08-01 14:40:14 PulseDaemon: cap write via daemon (2 node(s))
2026-08-01 14:40:15 PulseDaemon: telemetry read via daemon (16 path(s))
2026-08-01 14:40:16 PulseDaemon: telemetry read via daemon (16 path(s))
2026-08-01 14:40:16 PulseAutoTdp: tgt=90 fps=90.0 jank=0 tail=11ms act=HOLD bn=CPU cpuB=21 cpuPk=61 primePk=61 io=0 gpuB=32 gpuL=7 capped=0 prk=0 stl=0 draw=4.68W cT=47 gT=45 caps%[0:35,2:90,5:35,7:70,-100:40] curMHz[0:787,2:2841,5:1075,7:2112] gpu=231 gcap=422[10/13] lrn=100
2026-08-01 14:40:17 PulseDaemon: cap write via daemon (3 node(s))
2026-08-01 14:40:17 PulseDaemon: cap write via daemon (2 node(s))
2026-08-01 14:40:18 PulseDaemon: telemetry read via daemon (16 path(s))
2026-08-01 14:40:19 PulseDaemon: telemetry read via daemon (16 path(s))
2026-08-01 14:40:19 PulseAutoTdp: tgt=90 fps=90.0 jank=0 tail=11ms act=HOLD bn=CPU cpuB=20 cpuPk=61 primePk=61 io=0 gpuB=31 gpuL=6 capped=0 prk=0 stl=0 draw=3.70W cT=46 gT=44 caps%[0:35,2:90,5:35,7:70,-100:40] curMHz[0:787,2:2841,5:1075,7:2112] gpu=231 gcap=422[10/13] lrn=100
2026-08-01 14:40:19 PulseDaemon: cap write via daemon (2 node(s))
2026-08-01 14:40:19 PulseDaemon: cap write via daemon (3 node(s))
2026-08-01 14:40:19 PulseDaemon: cap write via daemon (2 node(s))
2026-08-01 14:40:21 PulseDaemon: telemetry read via daemon (16 path(s))
2026-08-01 14:40:22 PulseDaemon: telemetry read via daemon (16 path(s))
2026-08-01 14:40:22 PulseAutoTdp: tgt=90 fps=90.0 jank=0 tail=11ms act=HOLD bn=CPU cpuB=21 cpuPk=59 primePk=59 io=0 gpuB=31 gpuL=6 capped=0 prk=0 stl=0 draw=4.77W cT=46 gT=45 caps%[0:35,2:90,5:35,7:70,-100:40] curMHz[0:787,2:2841,5:1075,7:2112] gpu=231 gcap=422[10/13] lrn=100
2026-08-01 14:40:22 PulseDaemon: cap write via daemon (2 node(s))
2026-08-01 14:40:22 PulseDaemon: cap write via daemon (2 node(s))
2026-08-01 14:40:23 PulseDaemon: telemetry read via daemon (16 path(s))
2026-08-01 14:40:25 PulseDaemon: telemetry read via daemon (16 path(s))
2026-08-01 14:40:26 PulseAutoTdp: tgt=90 fps=90.0 jank=0 tail=11ms act=HOLD bn=CPU cpuB=24 cpuPk=70 primePk=70 io=0 gpuB=35 gpuL=7 capped=0 prk=0 stl=0 draw=4.78W cT=48 gT=46 caps%[0:35,2:90,5:35,7:70,-100:40] curMHz[0:787,2:2841,5:1075,7:2112] mn/mx[0:787/787,2:499/2841,5:499/1075,7:480/2112] gpu=231 gcap=422[10/13] lrn=100
2026-08-01 14:40:26 PulseDaemon: cap write via daemon (2 node(s))
2026-08-01 14:40:26 PulseDaemon: cap write via daemon (3 node(s))
2026-08-01 14:40:26 PulseDaemon: cap write via daemon (2 node(s))
2026-08-01 14:40:27 PulseDaemon: telemetry read via daemon (16 path(s))
2026-08-01 14:40:28 PulseDaemon: telemetry read via daemon (16 path(s))
2026-08-01 14:40:28 PulseAutoTdp: tgt=90 fps=90.0 jank=0 tail=11ms act=HOLD bn=CPU cpuB=23 cpuPk=70 primePk=70 io=0 gpuB=38 gpuL=8 capped=0 prk=0 stl=0 draw=4.64W cT=48 gT=45 caps%[0:35,2:90,5:35,7:70,-100:40] curMHz[0:787,2:2841,5:1075,7:2112] gpu=231 gcap=422[10/13] lrn=100
2026-08-01 14:40:29 PulseDaemon: cap write via daemon (2 node(s))
2026-08-01 14:40:29 PulseDaemon: cap write via daemon (3 node(s))
2026-08-01 14:40:29 PulseDaemon: cap write via daemon (2 node(s))
2026-08-01 14:40:30 PulseDaemon: telemetry read via daemon (16 path(s))
2026-08-01 14:40:31 PulseDaemon: telemetry read via daemon (16 path(s))
2026-08-01 14:40:31 PulseAutoTdp: tgt=90 fps=90.0 jank=0 tail=11ms act=HOLD bn=CPU cpuB=22 cpuPk=71 primePk=71 io=0 gpuB=38 gpuL=8 capped=0 prk=0 stl=0 draw=4.02W cT=48 gT=45 caps%[0:35,2:90,5:35,7:70,-100:40] curMHz[0:787,2:2841,5:1075,7:2112] gpu=231 gcap=422[10/13] lrn=100
2026-08-01 14:40:31 PulseDaemon: cap write via daemon (2 node(s))
2026-08-01 14:40:31 PulseDaemon: cap write via daemon (3 node(s))
2026-08-01 14:40:31 PulseDaemon: cap write via daemon (2 node(s))
2026-08-01 14:40:33 PulseDaemon: telemetry read via daemon (16 path(s))
2026-08-01 14:40:34 PulseDaemon: telemetry read via daemon (16 path(s))
2026-08-01 14:40:34 PulseAutoTdp: tgt=90 fps=90.0 jank=0 tail=11ms act=HOLD bn=CPU cpuB=22 cpuPk=73 primePk=73 io=0 gpuB=38 gpuL=8 capped=0 prk=0 stl=0 draw=4.71W cT=48 gT=45 caps%[0:35,2:90,5:35,7:70,-100:40] curMHz[0:787,2:2841,5:1075,7:2112] gpu=231 gcap=422[10/13] lrn=100
2026-08-01 14:40:34 PulseDaemon: cap write via daemon (3 node(s))
2026-08-01 14:40:34 PulseDaemon: cap write via daemon (2 node(s))
2026-08-01 14:40:35 PulseDaemon: telemetry read via daemon (16 path(s))
2026-08-01 14:40:37 PulseDaemon: telemetry read via daemon (16 path(s))
2026-08-01 14:40:37 PulseAutoTdp: tgt=90 fps=90.0 jank=0 tail=11ms act=HOLD bn=CPU cpuB=20 cpuPk=60 primePk=60 io=0 gpuB=34 gpuL=7 capped=0 prk=0 stl=0 draw=4.34W cT=47 gT=45 caps%[0:35,2:90,5:35,7:70,-100:40] curMHz[0:787,2:2841,5:1075,7:2112] gpu=231 gcap=422[10/13] lrn=100
2026-08-01 14:40:37 PulseDaemon: cap write via daemon (2 node(s))
2026-08-01 14:40:37 PulseDaemon: cap write via daemon (2 node(s))
2026-08-01 14:40:38 PulseDaemon: telemetry read via daemon (16 path(s))
2026-08-01 14:40:39 PulseDaemon: telemetry read via daemon (16 path(s))
2026-08-01 14:40:40 PulseAutoTdp: AUTOTDP-SESSION tgt=90 bias=EFFICIENT wattCap=0 policies=0:2265600:0,1;2:3148800:2,3,4;5:2956800:5,6;7:3052800:7;-100:1050000:
2026-08-01 14:40:40 PulseDaemon: cap write via daemon (2 node(s))
2026-08-01 14:40:40 PulseDaemon: cap write via daemon (3 node(s))
2026-08-01 14:40:41 PulseDaemon: telemetry read via daemon (16 path(s))
2026-08-01 14:40:42 PulseDaemon: telemetry read via daemon (16 path(s))
2026-08-01 14:40:42 PulseDaemon: cap write via daemon (7 node(s))
2026-08-01 14:40:42 PulseAutoTdp: tgt=90 fps=90.0 jank=0 tail=11ms act=TRIM bn=- cpuB=19 cpuPk=53 primePk=53 io=0 gpuB=30 gpuL=6 capped=0 prk=0 stl=0 draw=3.80W cT=47 gT=44 caps%[0:35,2:85,5:35,7:70,-100:40] curMHz[0:787,2:2841,5:1075,7:2112] gpu=231 gcap=422[10/13] lrn=100
2026-08-01 14:40:42 PulseDaemon: cap write via daemon (2 node(s))
2026-08-01 14:40:43 PulseDaemon: cap write via daemon (2 node(s))
2026-08-01 14:40:44 PulseDaemon: telemetry read via daemon (16 path(s))
2026-08-01 14:40:45 PulseDaemon: telemetry read via daemon (16 path(s))
2026-08-01 14:40:45 PulseAutoTdp: tgt=90 fps=90.0 jank=0 tail=11ms act=HOLD bn=CPU cpuB=19 cpuPk=65 primePk=65 io=0 gpuB=32 gpuL=7 capped=0 prk=0 stl=0 draw=5.65W cT=46 gT=46 caps%[0:35,2:85,5:35,7:70,-100:40] curMHz[0:787,2:2707,5:1075,7:2112] gpu=231 gcap=422[10/13] lrn=100
2026-08-01 14:40:45 PulseDaemon: cap write via daemon (2 node(s))
2026-08-01 14:40:45 PulseDaemon: cap write via daemon (3 node(s))
2026-08-01 14:40:45 PulseDaemon: cap write via daemon (2 node(s))
2026-08-01 14:40:47 PulseDaemon: telemetry read via daemon (16 path(s))
2026-08-01 14:40:48 PulseDaemon: telemetry read via daemon (16 path(s))
2026-08-01 14:40:48 PulseAutoTdp: tgt=90 fps=90.0 jank=0 tail=11ms act=HOLD bn=CPU cpuB=24 cpuPk=71 primePk=71 io=0 gpuB=37 gpuL=8 capped=0 prk=0 stl=0 draw=4.77W cT=48 gT=46 caps%[0:35,2:85,5:35,7:70,-100:40] curMHz[0:787,2:2707,5:1075,7:2112] gpu=231 gcap=422[10/13] lrn=100
2026-08-01 14:40:48 PulseDaemon: cap write via daemon (2 node(s))
2026-08-01 14:40:48 PulseDaemon: cap write via daemon (3 node(s))
2026-08-01 14:40:48 PulseDaemon: cap write via daemon (2 node(s))
2026-08-01 14:40:49 PulseDaemon: telemetry read via daemon (16 path(s))
2026-08-01 14:40:51 PulseDaemon: telemetry read via daemon (16 path(s))
2026-08-01 14:40:51 PulseAutoTdp: tgt=90 fps=90.0 jank=0 tail=11ms act=HOLD bn=CPU cpuB=20 cpuPk=64 primePk=64 io=0 gpuB=36 gpuL=7 capped=0 prk=0 stl=0 draw=4.96W cT=47 gT=46 caps%[0:35,2:85,5:35,7:70,-100:40] curMHz[0:787,2:2707,5:1075,7:2112] gpu=231 gcap=422[10/13] lrn=100
2026-08-01 14:40:51 PulseDaemon: cap write via daemon (2 node(s))
2026-08-01 14:40:51 PulseDaemon: cap write via daemon (3 node(s))
2026-08-01 14:40:51 PulseDaemon: cap write via daemon (2 node(s))
2026-08-01 14:40:52 PulseDaemon: telemetry read via daemon (16 path(s))
2026-08-01 14:40:53 PulseDaemon: telemetry read via daemon (16 path(s))
2026-08-01 14:40:54 PulseAutoTdp: tgt=90 fps=90.0 jank=0 tail=11ms act=HOLD bn=CPU cpuB=19 cpuPk=65 primePk=65 io=0 gpuB=27 gpuL=5 capped=0 prk=0 stl=0 draw=4.83W cT=47 gT=45 caps%[0:35,2:85,5:35,7:70,-100:40] curMHz[0:787,2:2707,5:1075,7:2112] mn/mx[0:364/787,2:499/2707,5:499/1075,7:480/2112] gpu=231 gcap=422[10/13] lrn=100
2026-08-01 14:40:54 PulseDaemon: cap write via xsu fallback (2 node(s), ~413 chars, chunked)
2026-08-01 14:40:55 PulseDaemon: cap write via daemon (3 node(s))
2026-08-01 14:40:55 PulseDaemon: cap write via daemon (2 node(s))
2026-08-01 14:40:56 PulseDaemon: telemetry read via daemon (16 path(s))
2026-08-01 14:40:57 PulseDaemon: telemetry read via daemon (16 path(s))
2026-08-01 14:40:57 PulseAutoTdp: tgt=90 fps=90.0 jank=0 tail=11ms act=HOLD bn=CPU cpuB=21 cpuPk=67 primePk=67 io=0 gpuB=30 gpuL=6 capped=0 prk=0 stl=0 draw=5.36W cT=46 gT=46 caps%[0:35,2:85,5:35,7:70,-100:40] curMHz[0:787,2:2707,5:1075,7:2112] gpu=231 gcap=422[10/13] lrn=100
2026-08-01 14:40:57 PulseDaemon: cap write via daemon (2 node(s))
2026-08-01 14:40:57 PulseDaemon: cap write via daemon (3 node(s))
2026-08-01 14:40:57 PulseDaemon: cap write via daemon (2 node(s))
2026-08-01 14:40:59 PulseDaemon: telemetry read via daemon (16 path(s))
2026-08-01 14:41:00 PulseDaemon: telemetry read via daemon (16 path(s))
2026-08-01 14:41:00 PulseAutoTdp: tgt=90 fps=90.0 jank=0 tail=11ms act=HOLD bn=CPU cpuB=20 cpuPk=62 primePk=62 io=0 gpuB=26 gpuL=5 capped=0 prk=0 stl=0 draw=3.68W cT=47 gT=44 caps%[0:35,2:85,5:35,7:70,-100:40] curMHz[0:787,2:2707,5:1075,7:2112] gpu=231 gcap=422[10/13] lrn=100
2026-08-01 14:41:00 PulseDaemon: cap write via daemon (2 node(s))
2026-08-01 14:41:00 PulseDaemon: cap write via daemon (3 node(s))
2026-08-01 14:41:00 PulseDaemon: cap write via daemon (2 node(s))
2026-08-01 14:41:01 PulseDaemon: telemetry read via daemon (16 path(s))
2026-08-01 14:41:03 PulseDaemon: telemetry read via daemon (16 path(s))
2026-08-01 14:41:03 PulseAutoTdp: tgt=90 fps=90.0 jank=0 tail=11ms act=HOLD bn=CPU cpuB=21 cpuPk=65 primePk=65 io=0 gpuB=29 gpuL=6 capped=0 prk=0 stl=0 draw=4.88W cT=47 gT=44 caps%[0:35,2:85,5:35,7:70,-100:40] curMHz[0:787,2:2707,5:1075,7:2112] gpu=231 gcap=422[10/13] lrn=100
2026-08-01 14:41:03 PulseDaemon: cap write via daemon (2 node(s))
2026-08-01 14:41:03 PulseDaemon: cap write via daemon (3 node(s))
2026-08-01 14:41:03 PulseDaemon: cap write via daemon (2 node(s))
2026-08-01 14:41:04 PulseDaemon: telemetry read via daemon (16 path(s))
2026-08-01 14:41:06 PulseDaemon: telemetry read via daemon (16 path(s))
2026-08-01 14:41:06 PulseAutoTdp: tgt=90 fps=90.0 jank=0 tail=11ms act=HOLD bn=CPU cpuB=20 cpuPk=61 primePk=61 io=0 gpuB=29 gpuL=6 capped=0 prk=0 stl=0 draw=3.69W cT=47 gT=45 caps%[0:35,2:85,5:35,7:70,-100:40] curMHz[0:787,2:2707,5:1075,7:2112] gpu=231 gcap=422[10/13] lrn=100
2026-08-01 14:41:06 PulseDaemon: cap write via daemon (2 node(s))
2026-08-01 14:41:06 PulseDaemon: cap write via daemon (3 node(s))
2026-08-01 14:41:06 PulseDaemon: cap write via daemon (2 node(s))
2026-08-01 14:41:07 PulseDaemon: telemetry read via daemon (16 path(s))
2026-08-01 14:41:09 PulseDaemon: telemetry read via daemon (16 path(s))
2026-08-01 14:41:09 PulseAutoTdp: tgt=90 fps=90.0 jank=0 tail=22ms act=HOLD bn=CPU cpuB=21 cpuPk=68 primePk=68 io=0 gpuB=21 gpuL=4 capped=0 prk=0 stl=0 draw=4.51W cT=48 gT=45 caps%[0:35,2:85,5:35,7:70,-100:40] curMHz[0:787,2:2707,5:1075,7:2112] gpu=231 gcap=422[10/13] lrn=100
2026-08-01 14:41:10 PulseDaemon: telemetry read via daemon (16 path(s))
2026-08-01 14:41:11 PulseDaemon: telemetry read via daemon (16 path(s))
2026-08-01 14:41:11 PulseAutoTdp: tgt=90 fps=90.0 jank=0 tail=11ms act=HOLD bn=CPU cpuB=22 cpuPk=78 primePk=78 io=0 gpuB=24 gpuL=5 capped=0 prk=0 stl=0 draw=6.35W cT=48 gT=45 caps%[0:35,2:85,5:35,7:70,-100:40] curMHz[0:787,2:2707,5:1075,7:2112] gpu=231 gcap=422[10/13] lrn=100
2026-08-01 14:41:11 PulseDaemon: cap write via daemon (2 node(s))
2026-08-01 14:41:11 PulseDaemon: cap write via daemon (3 node(s))
2026-08-01 14:41:12 PulseDaemon: cap write via daemon (2 node(s))
2026-08-01 14:41:13 PulseDaemon: telemetry read via daemon (16 path(s))
2026-08-01 14:41:14 PulseDaemon: telemetry read via daemon (16 path(s))
2026-08-01 14:41:14 PulseAutoTdp: tgt=90 fps=90.0 jank=0 tail=11ms act=HOLD bn=CPU cpuB=21 cpuPk=75 primePk=75 io=0 gpuB=24 gpuL=5 capped=0 prk=0 stl=0 draw=4.37W cT=48 gT=45 caps%[0:35,2:85,5:35,7:70,-100:40] curMHz[0:787,2:2707,5:1075,7:2112] gpu=231 gcap=422[10/13] lrn=100
2026-08-01 14:41:14 PulseDaemon: cap write via daemon (2 node(s))
2026-08-01 14:41:14 PulseDaemon: cap write via daemon (3 node(s))
2026-08-01 14:41:14 PulseDaemon: cap write via daemon (2 node(s))
2026-08-01 14:41:16 PulseDaemon: telemetry read via daemon (16 path(s))
2026-08-01 14:41:17 PulseDaemon: telemetry read via daemon (16 path(s))
2026-08-01 14:41:17 PulseAutoTdp: tgt=90 fps=90.0 jank=0 tail=11ms act=HOLD bn=CPU cpuB=22 cpuPk=72 primePk=72 io=0 gpuB=24 gpuL=5 capped=0 prk=0 stl=0 draw=5.22W cT=48 gT=45 caps%[0:35,2:85,5:35,7:70,-100:40] curMHz[0:787,2:2707,5:1075,7:2112] gpu=231 gcap=422[10/13] lrn=100
2026-08-01 14:41:17 PulseDaemon: cap write via daemon (3 node(s))
2026-08-01 14:41:17 PulseDaemon: cap write via daemon (2 node(s))
2026-08-01 14:41:18 PulseDaemon: telemetry read via daemon (16 path(s))
2026-08-01 14:41:20 PulseDaemon: telemetry read via daemon (16 path(s))
2026-08-01 14:41:20 PulseAutoTdp: tgt=90 fps=90.0 jank=0 tail=11ms act=HOLD bn=CPU cpuB=22 cpuPk=74 primePk=74 io=0 gpuB=24 gpuL=5 capped=0 prk=0 stl=0 draw=5.79W cT=48 gT=46 caps%[0:35,2:85,5:35,7:70,-100:40] curMHz[0:787,2:2707,5:1075,7:2112] gpu=231 gcap=422[10/13] lrn=100
2026-08-01 14:41:20 PulseDaemon: cap write via daemon (2 node(s))
2026-08-01 14:41:20 PulseDaemon: cap write via daemon (3 node(s))
2026-08-01 14:41:20 PulseDaemon: cap write via daemon (2 node(s))
2026-08-01 14:41:21 PulseDaemon: telemetry read via daemon (16 path(s))
2026-08-01 14:41:22 PulseDaemon: telemetry read via daemon (16 path(s))
2026-08-01 14:41:23 PulseAutoTdp: AUTOTDP-SESSION tgt=90 bias=EFFICIENT wattCap=0 policies=0:2265600:0,1;2:3148800:2,3,4;5:2956800:5,6;7:3052800:7;-100:1050000:
2026-08-01 14:41:23 PulseAutoTdp: tgt=90 fps=90.0 jank=0 tail=11ms act=HOLD bn=CPU cpuB=21 cpuPk=79 primePk=79 io=0 gpuB=24 gpuL=5 capped=0 prk=0 stl=0 draw=5.07W cT=48 gT=45 caps%[0:35,2:85,5:35,7:70,-100:40] curMHz[0:787,2:2707,5:1075,7:2112] mn/mx[0:364/787,2:499/2707,5:499/1075,7:480/2112] gpu=231 gcap=422[10/13] lrn=100
2026-08-01 14:41:23 PulseDaemon: cap write via daemon (2 node(s))
2026-08-01 14:41:23 PulseDaemon: cap write via daemon (3 node(s))
2026-08-01 14:41:24 PulseDaemon: cap write via daemon (2 node(s))
2026-08-01 14:41:25 PulseDaemon: telemetry read via daemon (16 path(s))
2026-08-01 14:41:26 PulseDaemon: telemetry read via daemon (16 path(s))
2026-08-01 14:41:26 PulseAutoTdp: tgt=90 fps=90.0 jank=0 tail=11ms act=HOLD bn=CPU cpuB=22 cpuPk=77 primePk=77 io=0 gpuB=24 gpuL=5 capped=0 prk=0 stl=0 draw=4.77W cT=48 gT=46 caps%[0:35,2:85,5:35,7:70,-100:40] curMHz[0:787,2:2707,5:1075,7:2112] gpu=231 gcap=422[10/13] lrn=100
2026-08-01 14:41:26 PulseDaemon: cap write via daemon (2 node(s))
2026-08-01 14:41:26 PulseDaemon: cap write via daemon (3 node(s))
2026-08-01 14:41:26 PulseDaemon: cap write via daemon (2 node(s))
2026-08-01 14:41:28 PulseDaemon: telemetry read via daemon (16 path(s))
2026-08-01 14:41:29 PulseDaemon: telemetry read via daemon (16 path(s))
2026-08-01 14:41:29 PulseAutoTdp: tgt=90 fps=90.0 jank=0 tail=11ms act=HOLD bn=CPU cpuB=22 cpuPk=72 primePk=72 io=0 gpuB=24 gpuL=5 capped=0 prk=0 stl=0 draw=4.30W cT=48 gT=46 caps%[0:35,2:85,5:35,7:70,-100:40] curMHz[0:787,2:2707,5:1075,7:2112] gpu=231 gcap=422[10/13] lrn=100
2026-08-01 14:41:29 PulseDaemon: cap write via daemon (2 node(s))
2026-08-01 14:41:29 PulseDaemon: cap write via daemon (3 node(s))
2026-08-01 14:41:29 PulseDaemon: cap write via daemon (2 node(s))
2026-08-01 14:41:30 PulseDaemon: telemetry read via daemon (16 path(s))
2026-08-01 14:41:32 PulseDaemon: telemetry read via daemon (16 path(s))
2026-08-01 14:41:32 PulseAutoTdp: tgt=90 fps=90.0 jank=0 tail=11ms act=HOLD bn=CPU cpuB=21 cpuPk=69 primePk=69 io=0 gpuB=23 gpuL=5 capped=0 prk=0 stl=0 draw=4.48W cT=47 gT=45 caps%[0:35,2:85,5:35,7:70,-100:40] curMHz[0:787,2:2707,5:1075,7:2112] gpu=231 gcap=422[10/13] lrn=100
2026-08-01 14:41:32 PulseDaemon: cap write via daemon (2 node(s))
2026-08-01 14:41:32 PulseDaemon: cap write via daemon (3 node(s))
2026-08-01 14:41:32 PulseDaemon: cap write via daemon (2 node(s))
2026-08-01 14:41:33 PulseDaemon: telemetry read via daemon (16 path(s))
2026-08-01 14:41:35 PulseDaemon: telemetry read via daemon (16 path(s))
2026-08-01 14:41:35 PulseAutoTdp: tgt=90 fps=90.0 jank=0 tail=11ms act=HOLD bn=CPU cpuB=20 cpuPk=67 primePk=67 io=0 gpuB=32 gpuL=7 capped=0 prk=0 stl=0 draw=4.05W cT=47 gT=46 caps%[0:35,2:85,5:35,7:70,-100:40] curMHz[0:787,2:2707,5:1075,7:2112] gpu=231 gcap=422[10/13] lrn=100
2026-08-01 14:41:35 PulseDaemon: cap write via daemon (2 node(s))
2026-08-01 14:41:35 PulseDaemon: cap write via daemon (3 node(s))
2026-08-01 14:41:35 PulseDaemon: cap write via daemon (2 node(s))
2026-08-01 14:41:36 PulseDaemon: telemetry read via daemon (16 path(s))
2026-08-01 14:41:37 PulseDaemon: telemetry read via daemon (16 path(s))
2026-08-01 14:41:37 PulseAutoTdp: tgt=90 fps=90.0 jank=0 tail=11ms act=HOLD bn=CPU cpuB=21 cpuPk=68 primePk=68 io=0 gpuB=30 gpuL=6 capped=0 prk=0 stl=0 draw=5.58W cT=47 gT=45 caps%[0:35,2:85,5:35,7:70,-100:40] curMHz[0:787,2:2707,5:1075,7:2112] gpu=231 gcap=422[10/13] lrn=100
2026-08-01 14:41:38 PulseDaemon: cap write via daemon (2 node(s))
2026-08-01 14:41:38 PulseDaemon: cap write via daemon (3 node(s))
2026-08-01 14:41:38 PulseDaemon: cap write via daemon (2 node(s))
2026-08-01 14:41:39 PulseDaemon: telemetry read via daemon (16 path(s))
2026-08-01 14:41:40 PulseDaemon: telemetry read via daemon (16 path(s))
2026-08-01 14:41:40 PulseAutoTdp: tgt=90 fps=90.0 jank=0 tail=11ms act=HOLD bn=CPU cpuB=21 cpuPk=74 primePk=74 io=0 gpuB=34 gpuL=7 capped=0 prk=0 stl=0 draw=4.79W cT=48 gT=46 caps%[0:35,2:85,5:35,7:70,-100:40] curMHz[0:787,2:2707,5:1075,7:2112] gpu=231 gcap=422[10/13] lrn=100
2026-08-01 14:41:40 PulseDaemon: cap write via daemon (2 node(s))
2026-08-01 14:41:40 PulseDaemon: cap write via daemon (3 node(s))
2026-08-01 14:41:41 PulseDaemon: cap write via daemon (2 node(s))
2026-08-01 14:41:42 PulseDaemon: telemetry read via daemon (16 path(s))
2026-08-01 14:41:43 PulseDaemon: telemetry read via daemon (16 path(s))
2026-08-01 14:41:43 PulseAutoTdp: tgt=90 fps=90.0 jank=0 tail=11ms act=HOLD bn=CPU cpuB=21 cpuPk=66 primePk=66 io=0 gpuB=31 gpuL=6 capped=0 prk=0 stl=0 draw=3.97W cT=47 gT=46 caps%[0:35,2:85,5:35,7:70,-100:40] curMHz[0:787,2:2707,5:1075,7:2112] gpu=231 gcap=422[10/13] lrn=100
2026-08-01 14:41:43 PulseDaemon: cap write via daemon (2 node(s))
2026-08-01 14:41:43 PulseDaemon: cap write via daemon (3 node(s))
2026-08-01 14:41:43 PulseDaemon: cap write via daemon (2 node(s))
2026-08-01 14:41:45 PulseDaemon: telemetry read via daemon (16 path(s))
2026-08-01 14:41:46 PulseDaemon: telemetry read via daemon (16 path(s))
2026-08-01 14:41:46 PulseAutoTdp: tgt=90 fps=90.0 jank=0 tail=11ms act=HOLD bn=CPU cpuB=20 cpuPk=68 primePk=68 io=0 gpuB=26 gpuL=5 capped=0 prk=0 stl=0 draw=3.96W cT=47 gT=45 caps%[0:35,2:85,5:35,7:70,-100:40] curMHz[0:787,2:2707,5:1075,7:2112] gpu=231 gcap=422[10/13] lrn=100
2026-08-01 14:41:46 PulseDaemon: cap write via daemon (2 node(s))
2026-08-01 14:41:46 PulseDaemon: cap write via daemon (3 node(s))
2026-08-01 14:41:46 PulseDaemon: cap write via daemon (2 node(s))
2026-08-01 14:41:47 PulseDaemon: telemetry read via daemon (16 path(s))
2026-08-01 14:41:49 PulseDaemon: telemetry read via daemon (16 path(s))
2026-08-01 14:41:49 PulseAutoTdp: tgt=90 fps=90.0 jank=0 tail=11ms act=HOLD bn=CPU cpuB=19 cpuPk=67 primePk=67 io=0 gpuB=28 gpuL=6 capped=0 prk=0 stl=0 draw=3.59W cT=48 gT=45 caps%[0:35,2:85,5:35,7:70,-100:40] curMHz[0:787,2:2707,5:1075,7:2112] gpu=231 gcap=422[10/13] lrn=100
2026-08-01 14:41:49 PulseDaemon: cap write via daemon (2 node(s))
2026-08-01 14:41:49 PulseDaemon: cap write via daemon (3 node(s))
2026-08-01 14:41:49 PulseDaemon: cap write via daemon (2 node(s))
2026-08-01 14:41:50 PulseDaemon: telemetry read via daemon (16 path(s))
2026-08-01 14:41:52 PulseDaemon: telemetry read via daemon (16 path(s))
2026-08-01 14:41:52 PulseAutoTdp: tgt=90 fps=90.0 jank=0 tail=11ms act=HOLD bn=CPU cpuB=18 cpuPk=64 primePk=64 io=0 gpuB=29 gpuL=6 capped=0 prk=0 stl=0 draw=4.95W cT=47 gT=45 caps%[0:35,2:85,5:35,7:70,-100:40] curMHz[0:787,2:2707,5:1075,7:2112] mn/mx[0:364/787,2:499/2707,5:499/1075,7:480/2112] gpu=231 gcap=422[10/13] lrn=100
2026-08-01 14:41:53 PulseDaemon: cap write via daemon (2 node(s))
2026-08-01 14:41:53 PulseDaemon: cap write via daemon (3 node(s))
2026-08-01 14:41:53 PulseDaemon: cap write via daemon (2 node(s))
2026-08-01 14:41:54 PulseDaemon: telemetry read via daemon (16 path(s))
2026-08-01 14:41:55 PulseDaemon: telemetry read via daemon (16 path(s))
2026-08-01 14:41:55 PulseAutoTdp: tgt=90 fps=90.0 jank=0 tail=11ms act=HOLD bn=CPU cpuB=19 cpuPk=73 primePk=73 io=0 gpuB=29 gpuL=6 capped=0 prk=0 stl=0 draw=4.67W cT=47 gT=45 caps%[0:35,2:85,5:35,7:70,-100:40] curMHz[0:787,2:2707,5:1075,7:2112] gpu=231 gcap=422[10/13] lrn=100
2026-08-01 14:41:55 PulseDaemon: cap write via daemon (2 node(s))
2026-08-01 14:41:55 PulseDaemon: cap write via daemon (3 node(s))
2026-08-01 14:41:56 PulseDaemon: cap write via daemon (2 node(s))
2026-08-01 14:41:57 PulseDaemon: telemetry read via daemon (16 path(s))
2026-08-01 14:41:58 PulseDaemon: telemetry read via daemon (16 path(s))
2026-08-01 14:41:58 PulseAutoTdp: tgt=90 fps=90.0 jank=0 tail=11ms act=HOLD bn=CPU cpuB=19 cpuPk=66 primePk=66 io=0 gpuB=28 gpuL=6 capped=0 prk=0 stl=0 draw=4.32W cT=46 gT=45 caps%[0:35,2:85,5:35,7:70,-100:40] curMHz[0:787,2:2707,5:1075,7:2112] gpu=231 gcap=422[10/13] lrn=100
2026-08-01 14:41:58 PulseDaemon: cap write via daemon (2 node(s))
2026-08-01 14:41:58 PulseDaemon: cap write via daemon (3 node(s))
2026-08-01 14:41:58 PulseDaemon: cap write via daemon (2 node(s))
2026-08-01 14:42:00 PulseDaemon: telemetry read via daemon (16 path(s))
2026-08-01 14:42:01 PulseDaemon: telemetry read via daemon (16 path(s))
2026-08-01 14:42:01 PulseAutoTdp: tgt=90 fps=90.0 jank=0 tail=22ms act=HOLD bn=CPU cpuB=20 cpuPk=69 primePk=69 io=0 gpuB=28 gpuL=6 capped=0 prk=0 stl=0 draw=4.06W cT=48 gT=45 caps%[0:35,2:85,5:35,7:70,-100:40] curMHz[0:787,2:2707,5:1075,7:2112] gpu=231 gcap=422[10/13] lrn=100
2026-08-01 14:42:01 PulseDaemon: cap write via daemon (2 node(s))
2026-08-01 14:42:01 PulseDaemon: cap write via daemon (3 node(s))
2026-08-01 14:42:01 PulseDaemon: cap write via daemon (2 node(s))
2026-08-01 14:42:02 PulseDaemon: telemetry read via daemon (16 path(s))
2026-08-01 14:42:04 PulseDaemon: telemetry read via daemon (16 path(s))
2026-08-01 14:42:04 PulseAutoTdp: tgt=90 fps=90.0 jank=0 tail=11ms act=HOLD bn=CPU cpuB=23 cpuPk=74 primePk=74 io=0 gpuB=36 gpuL=7 capped=0 prk=0 stl=0 draw=4.64W cT=48 gT=46 caps%[0:35,2:85,5:35,7:70,-100:40] curMHz[0:787,2:2707,5:1075,7:2112] gpu=231 gcap=422[10/13] lrn=100
2026-08-01 14:42:04 PulseDaemon: cap write via daemon (2 node(s))
2026-08-01 14:42:04 PulseDaemon: cap write via daemon (3 node(s))
2026-08-01 14:42:04 PulseDaemon: cap write via daemon (2 node(s))
2026-08-01 14:42:05 PulseDaemon: telemetry read via daemon (16 path(s))
2026-08-01 14:42:07 PulseDaemon: telemetry read via daemon (16 path(s))
2026-08-01 14:42:07 PulseAutoTdp: AUTOTDP-SESSION tgt=90 bias=EFFICIENT wattCap=0 policies=0:2265600:0,1;2:3148800:2,3,4;5:2956800:5,6;7:3052800:7;-100:1050000:
2026-08-01 14:42:07 PulseAutoTdp: tgt=90 fps=90.0 jank=0 tail=11ms act=HOLD bn=CPU cpuB=22 cpuPk=74 primePk=74 io=0 gpuB=37 gpuL=8 capped=0 prk=0 stl=0 draw=4.70W cT=48 gT=46 caps%[0:35,2:85,5:35,7:70,-100:40] curMHz[0:787,2:2707,5:1075,7:2112] gpu=231 gcap=422[10/13] lrn=100
2026-08-01 14:42:07 PulseDaemon: cap write via daemon (2 node(s))
2026-08-01 14:42:07 PulseDaemon: cap write via daemon (3 node(s))
2026-08-01 14:42:07 PulseDaemon: cap write via daemon (2 node(s))
2026-08-01 14:42:08 PulseDaemon: telemetry read via daemon (16 path(s))
2026-08-01 14:42:09 PulseDaemon: telemetry read via daemon (16 path(s))
2026-08-01 14:42:09 PulseAutoTdp: tgt=90 fps=90.0 jank=0 tail=11ms act=HOLD bn=CPU cpuB=23 cpuPk=75 primePk=75 io=0 gpuB=37 gpuL=8 capped=0 prk=0 stl=0 draw=5.34W cT=48 gT=46 caps%[0:35,2:85,5:35,7:70,-100:40] curMHz[0:787,2:2707,5:1075,7:2112] gpu=231 gcap=422[10/13] lrn=100
2026-08-01 14:42:10 PulseDaemon: cap write via daemon (2 node(s))
2026-08-01 14:42:10 PulseDaemon: cap write via daemon (3 node(s))
2026-08-01 14:42:10 PulseDaemon: cap write via daemon (2 node(s))
2026-08-01 14:42:11 PulseDaemon: telemetry read via daemon (16 path(s))
2026-08-01 14:42:12 PulseDaemon: telemetry read via daemon (16 path(s))
2026-08-01 14:42:12 PulseAutoTdp: tgt=90 fps=90.0 jank=0 tail=11ms act=HOLD bn=CPU cpuB=23 cpuPk=74 primePk=74 io=0 gpuB=37 gpuL=8 capped=0 prk=0 stl=0 draw=4.21W cT=48 gT=46 caps%[0:35,2:85,5:35,7:70,-100:40] curMHz[0:787,2:2707,5:1075,7:2112] gpu=231 gcap=422[10/13] lrn=100
2026-08-01 14:42:12 PulseDaemon: cap write via xsu fallback (3 node(s), ~620 chars, chunked)
2026-08-01 14:42:12 PulseDaemon: cap write via daemon (2 node(s))
2026-08-01 14:42:14 PulseDaemon: telemetry read via daemon (16 path(s))
2026-08-01 14:42:15 PulseDaemon: telemetry read via daemon (16 path(s))
2026-08-01 14:42:15 PulseAutoTdp: tgt=90 fps=90.0 jank=0 tail=11ms act=HOLD bn=CPU cpuB=24 cpuPk=73 primePk=73 io=0 gpuB=40 gpuL=8 capped=0 prk=0 stl=0 draw=4.68W cT=49 gT=46 caps%[0:35,2:85,5:35,7:70,-100:40] curMHz[0:787,2:2707,5:1075,7:2112] gpu=231 gcap=422[10/13] lrn=100
2026-08-01 14:42:15 PulseDaemon: cap write via daemon (2 node(s))
2026-08-01 14:42:15 PulseDaemon: cap write via daemon (3 node(s))
2026-08-01 14:42:15 PulseDaemon: cap write via daemon (2 node(s))
2026-08-01 14:42:16 PulseDaemon: telemetry read via daemon (16 path(s))
2026-08-01 14:42:18 PulseDaemon: telemetry read via daemon (16 path(s))
2026-08-01 14:42:18 PulseAutoTdp: tgt=90 fps=90.0 jank=0 tail=11ms act=HOLD bn=CPU cpuB=23 cpuPk=78 primePk=78 io=0 gpuB=38 gpuL=8 capped=0 prk=0 stl=0 draw=5.04W cT=49 gT=46 caps%[0:35,2:85,5:35,7:70,-100:40] curMHz[0:787,2:2707,5:1075,7:2112] gpu=231 gcap=422[10/13] lrn=100
2026-08-01 14:42:18 PulseDaemon: cap write via daemon (2 node(s))
2026-08-01 14:42:18 PulseDaemon: cap write via xsu fallback (3 node(s), ~620 chars, chunked)
2026-08-01 14:42:18 PulseDaemon: cap write via daemon (2 node(s))
2026-08-01 14:42:19 PulseDaemon: telemetry read via daemon (16 path(s))
2026-08-01 14:42:20 PulseDaemon: telemetry read via daemon (16 path(s))
2026-08-01 14:42:21 PulseAutoTdp: tgt=90 fps=90.0 jank=0 tail=11ms act=HOLD bn=CPU cpuB=22 cpuPk=63 primePk=63 io=0 gpuB=31 gpuL=6 capped=0 prk=0 stl=0 draw=4.69W cT=48 gT=46 caps%[0:35,2:85,5:35,7:70,-100:40] curMHz[0:787,2:2707,5:1075,7:2112] mn/mx[0:364/787,2:499/2707,5:499/1075,7:480/2112] gpu=231 gcap=422[10/13] lrn=100
2026-08-01 14:42:21 PulseDaemon: cap write via daemon (2 node(s))
2026-08-01 14:42:22 PulseDaemon: cap write via daemon (3 node(s))
2026-08-01 14:42:22 PulseDaemon: cap write via daemon (2 node(s))
2026-08-01 14:42:23 PulseDaemon: telemetry read via daemon (16 path(s))
2026-08-01 14:42:24 PulseDaemon: telemetry read via daemon (16 path(s))
2026-08-01 14:42:24 PulseAutoTdp: tgt=90 fps=90.0 jank=0 tail=11ms act=HOLD bn=CPU cpuB=22 cpuPk=71 primePk=71 io=0 gpuB=28 gpuL=6 capped=0 prk=0 stl=0 draw=5.22W cT=48 gT=46 caps%[0:35,2:85,5:35,7:70,-100:40] curMHz[0:787,2:2707,5:1075,7:2112] gpu=231 gcap=422[10/13] lrn=100
2026-08-01 14:42:24 PulseDaemon: cap write via xsu fallback (2 node(s), ~413 chars, chunked)
2026-08-01 14:42:24 PulseDaemon: cap write via daemon (3 node(s))
2026-08-01 14:42:24 PulseDaemon: cap write via daemon (2 node(s))
2026-08-01 14:42:26 PulseDaemon: telemetry read via daemon (16 path(s))
2026-08-01 14:42:27 PulseDaemon: telemetry read via daemon (16 path(s))
2026-08-01 14:42:27 PulseAutoTdp: tgt=90 fps=90.0 jank=0 tail=11ms act=HOLD bn=CPU cpuB=20 cpuPk=66 primePk=66 io=0 gpuB=30 gpuL=6 capped=0 prk=0 stl=0 draw=4.35W cT=47 gT=45 caps%[0:35,2:85,5:35,7:70,-100:40] curMHz[0:787,2:2707,5:1075,7:2112] gpu=231 gcap=422[10/13] lrn=100
2026-08-01 14:42:27 PulseDaemon: cap write via daemon (2 node(s))
2026-08-01 14:42:27 PulseDaemon: cap write via daemon (3 node(s))
2026-08-01 14:42:27 PulseDaemon: cap write via daemon (2 node(s))
2026-08-01 14:42:28 PulseDaemon: telemetry read via daemon (16 path(s))
2026-08-01 14:42:30 PulseDaemon: telemetry read via daemon (16 path(s))
2026-08-01 14:42:30 PulseAutoTdp: tgt=90 fps=90.0 jank=0 tail=11ms act=HOLD bn=CPU cpuB=22 cpuPk=67 primePk=67 io=0 gpuB=29 gpuL=6 capped=0 prk=0 stl=0 draw=4.82W cT=48 gT=46 caps%[0:35,2:85,5:35,7:70,-100:40] curMHz[0:787,2:2707,5:1075,7:2112] gpu=231 gcap=422[10/13] lrn=100
2026-08-01 14:42:30 PulseDaemon: cap write via daemon (2 node(s))
2026-08-01 14:42:30 PulseDaemon: cap write via daemon (3 node(s))
2026-08-01 14:42:30 PulseDaemon: cap write via daemon (2 node(s))
2026-08-01 14:42:31 PulseDaemon: telemetry read via daemon (16 path(s))
2026-08-01 14:42:33 PulseDaemon: telemetry read via daemon (16 path(s))
2026-08-01 14:42:33 PulseAutoTdp: tgt=90 fps=90.0 jank=0 tail=11ms act=HOLD bn=CPU cpuB=21 cpuPk=64 primePk=64 io=0 gpuB=26 gpuL=5 capped=0 prk=0 stl=0 draw=4.77W cT=48 gT=46 caps%[0:35,2:85,5:35,7:70,-100:40] curMHz[0:787,2:2707,5:1075,7:2112] gpu=231 gcap=422[10/13] lrn=100
2026-08-01 14:42:33 PulseDaemon: cap write via daemon (2 node(s))
2026-08-01 14:42:33 PulseDaemon: cap write via daemon (3 node(s))
2026-08-01 14:42:33 PulseDaemon: cap write via daemon (2 node(s))
2026-08-01 14:42:34 PulseDaemon: telemetry read via daemon (16 path(s))
2026-08-01 14:42:35 PulseDaemon: telemetry read via daemon (16 path(s))
2026-08-01 14:42:36 PulseAutoTdp: tgt=90 fps=90.0 jank=0 tail=11ms act=HOLD bn=CPU cpuB=18 cpuPk=64 primePk=64 io=0 gpuB=21 gpuL=4 capped=0 prk=0 stl=0 draw=4.43W cT=47 gT=46 caps%[0:35,2:85,5:35,7:70,-100:40] curMHz[0:787,2:2707,5:1075,7:2112] gpu=231 gcap=422[10/13] lrn=100
2026-08-01 14:42:36 PulseDaemon: cap write via daemon (3 node(s))
2026-08-01 14:42:36 PulseDaemon: cap write via daemon (2 node(s))
2026-08-01 14:42:37 PulseDaemon: telemetry read via daemon (16 path(s))
2026-08-01 14:42:38 PulseDaemon: telemetry read via daemon (16 path(s))
2026-08-01 14:42:38 PulseAutoTdp: tgt=90 fps=90.0 jank=0 tail=11ms act=HOLD bn=CPU cpuB=19 cpuPk=64 primePk=64 io=0 gpuB=23 gpuL=5 capped=0 prk=0 stl=0 draw=3.20W cT=47 gT=46 caps%[0:35,2:85,5:35,7:70,-100:40] curMHz[0:787,2:2707,5:1075,7:2112] gpu=231 gcap=422[10/13] lrn=100
2026-08-01 14:42:38 PulseDaemon: cap write via xsu fallback (2 node(s), ~413 chars, chunked)
2026-08-01 14:42:39 PulseDaemon: cap write via daemon (3 node(s))
2026-08-01 14:42:39 PulseDaemon: cap write via daemon (2 node(s))
2026-08-01 14:42:40 PulseDaemon: telemetry read via daemon (16 path(s))
2026-08-01 14:42:41 PulseDaemon: telemetry read via daemon (16 path(s))
2026-08-01 14:42:41 PulseAutoTdp: tgt=90 fps=90.0 jank=0 tail=11ms act=HOLD bn=CPU cpuB=20 cpuPk=61 primePk=61 io=0 gpuB=25 gpuL=5 capped=0 prk=0 stl=0 draw=4.92W cT=47 gT=45 caps%[0:35,2:85,5:35,7:70,-100:40] curMHz[0:787,2:2707,5:1075,7:2112] gpu=231 gcap=422[10/13] lrn=100
2026-08-01 14:42:41 PulseDaemon: cap write via daemon (2 node(s))
2026-08-01 14:42:41 PulseDaemon: cap write via daemon (3 node(s))
2026-08-01 14:42:42 PulseDaemon: cap write via daemon (2 node(s))
2026-08-01 14:42:43 PulseDaemon: telemetry read via daemon (16 path(s))
2026-08-01 14:42:44 PulseDaemon: telemetry read via daemon (16 path(s))
2026-08-01 14:42:44 PulseAutoTdp: tgt=90 fps=90.0 jank=0 tail=11ms act=HOLD bn=CPU cpuB=19 cpuPk=70 primePk=70 io=0 gpuB=24 gpuL=5 capped=0 prk=0 stl=0 draw=3.41W cT=48 gT=45 caps%[0:35,2:85,5:35,7:70,-100:40] curMHz[0:787,2:2707,5:1075,7:2112] gpu=231 gcap=422[10/13] lrn=100
2026-08-01 14:42:45 PulseDaemon: telemetry read via daemon (16 path(s))
2026-08-01 14:42:47 PulseDaemon: telemetry read via daemon (16 path(s))
2026-08-01 14:42:47 PulseAutoTdp: tgt=90 fps=90.0 jank=0 tail=11ms act=HOLD bn=CPU cpuB=20 cpuPk=64 primePk=64 io=0 gpuB=24 gpuL=5 capped=0 prk=0 stl=0 draw=3.64W cT=46 gT=44 caps%[0:35,2:85,5:35,7:70,-100:40] curMHz[0:787,2:2707,5:1075,7:2112] gpu=231 gcap=422[10/13] lrn=100
2026-08-01 14:42:47 PulseDaemon: cap write via daemon (2 node(s))
2026-08-01 14:42:47 PulseDaemon: cap write via daemon (3 node(s))
2026-08-01 14:42:47 PulseDaemon: cap write via daemon (2 node(s))
2026-08-01 14:42:48 PulseDaemon: telemetry read via daemon (16 path(s))
2026-08-01 14:42:49 PulseDaemon: telemetry read via daemon (16 path(s))
2026-08-01 14:42:50 PulseAutoTdp: AUTOTDP-SESSION tgt=90 bias=EFFICIENT wattCap=0 policies=0:2265600:0,1;2:3148800:2,3,4;5:2956800:5,6;7:3052800:7;-100:1050000:
2026-08-01 14:42:50 PulseAutoTdp: tgt=90 fps=90.0 jank=0 tail=11ms act=HOLD bn=CPU cpuB=20 cpuPk=68 primePk=68 io=0 gpuB=25 gpuL=5 capped=0 prk=0 stl=0 draw=3.72W cT=47 gT=44 caps%[0:35,2:85,5:35,7:70,-100:40] curMHz[0:787,2:2707,5:1075,7:2112] mn/mx[0:364/787,2:499/2707,5:499/1075,7:480/2112] gpu=231 gcap=422[10/13] lrn=100
2026-08-01 14:42:51 PulseDaemon: cap write via daemon (2 node(s))
2026-08-01 14:42:51 PulseDaemon: cap write via daemon (3 node(s))
2026-08-01 14:42:51 PulseDaemon: cap write via daemon (2 node(s))
2026-08-01 14:42:52 PulseDaemon: telemetry read via daemon (16 path(s))
2026-08-01 14:42:53 PulseDaemon: telemetry read via daemon (16 path(s))
2026-08-01 14:42:53 PulseAutoTdp: tgt=90 fps=90.0 jank=0 tail=11ms act=HOLD bn=CPU cpuB=22 cpuPk=66 primePk=66 io=0 gpuB=27 gpuL=5 capped=0 prk=0 stl=0 draw=4.42W cT=47 gT=46 caps%[0:35,2:85,5:35,7:70,-100:40] curMHz[0:787,2:2707,5:1075,7:2112] gpu=231 gcap=422[10/13] lrn=100
2026-08-01 14:42:53 PulseDaemon: cap write via daemon (2 node(s))
2026-08-01 14:42:53 PulseDaemon: cap write via daemon (3 node(s))
2026-08-01 14:42:54 PulseDaemon: cap write via daemon (2 node(s))
2026-08-01 14:42:55 PulseDaemon: telemetry read via daemon (16 path(s))
2026-08-01 14:42:56 PulseDaemon: telemetry read via daemon (16 path(s))
2026-08-01 14:42:56 PulseAutoTdp: tgt=90 fps=90.0 jank=0 tail=11ms act=HOLD bn=CPU cpuB=21 cpuPk=65 primePk=65 io=0 gpuB=31 gpuL=6 capped=0 prk=0 stl=0 draw=4.74W cT=48 gT=46 caps%[0:35,2:85,5:35,7:70,-100:40] curMHz[0:787,2:2707,5:1075,7:2112] gpu=231 gcap=422[10/13] lrn=100
2026-08-01 14:42:56 PulseDaemon: cap write via daemon (2 node(s))
2026-08-01 14:42:56 PulseDaemon: cap write via daemon (3 node(s))
2026-08-01 14:42:56 PulseDaemon: cap write via daemon (2 node(s))
2026-08-01 14:42:58 PulseDaemon: telemetry read via daemon (16 path(s))
2026-08-01 14:42:59 PulseDaemon: telemetry read via daemon (16 path(s))
2026-08-01 14:42:59 PulseAutoTdp: tgt=90 fps=90.0 jank=0 tail=11ms act=HOLD bn=CPU cpuB=20 cpuPk=62 primePk=62 io=0 gpuB=30 gpuL=6 capped=0 prk=0 stl=0 draw=3.16W cT=46 gT=45 caps%[0:35,2:85,5:35,7:70,-100:40] curMHz[0:787,2:2707,5:1075,7:2112] gpu=231 gcap=422[10/13] lrn=100
2026-08-01 14:42:59 PulseDaemon: cap write via daemon (2 node(s))
2026-08-01 14:42:59 PulseDaemon: cap write via daemon (3 node(s))
2026-08-01 14:42:59 PulseDaemon: cap write via daemon (2 node(s))
2026-08-01 14:43:00 PulseDaemon: telemetry read via daemon (16 path(s))
2026-08-01 14:43:02 PulseDaemon: telemetry read via daemon (16 path(s))
2026-08-01 14:43:02 PulseAutoTdp: tgt=90 fps=90.0 jank=0 tail=11ms act=HOLD bn=CPU cpuB=18 cpuPk=63 primePk=63 io=0 gpuB=32 gpuL=7 capped=0 prk=0 stl=0 draw=3.64W cT=47 gT=45 caps%[0:35,2:85,5:35,7:70,-100:40] curMHz[0:787,2:2707,5:1075,7:2112] gpu=231 gcap=422[10/13] lrn=100
2026-08-01 14:43:02 PulseDaemon: cap write via daemon (2 node(s))
2026-08-01 14:43:02 PulseDaemon: cap write via daemon (3 node(s))
2026-08-01 14:43:02 PulseDaemon: cap write via daemon (2 node(s))
2026-08-01 14:43:03 PulseDaemon: telemetry read via daemon (16 path(s))
2026-08-01 14:43:05 PulseDaemon: telemetry read via daemon (16 path(s))
2026-08-01 14:43:05 PulseAutoTdp: tgt=90 fps=90.0 jank=0 tail=11ms act=HOLD bn=CPU cpuB=21 cpuPk=66 primePk=66 io=0 gpuB=28 gpuL=6 capped=0 prk=0 stl=0 draw=4.79W cT=47 gT=46 caps%[0:35,2:85,5:35,7:70,-100:40] curMHz[0:787,2:2707,5:1075,7:2112] gpu=231 gcap=422[10/13] lrn=100
2026-08-01 14:43:05 PulseDaemon: cap write via daemon (2 node(s))
2026-08-01 14:43:05 PulseDaemon: cap write via daemon (3 node(s))
2026-08-01 14:43:05 PulseDaemon: cap write via daemon (2 node(s))
2026-08-01 14:43:06 PulseDaemon: telemetry read via daemon (16 path(s))
2026-08-01 14:43:08 PulseDaemon: telemetry read via daemon (16 path(s))
2026-08-01 14:43:08 PulseAutoTdp: tgt=90 fps=90.0 jank=0 tail=11ms act=HOLD bn=CPU cpuB=21 cpuPk=64 primePk=64 io=0 gpuB=29 gpuL=6 capped=0 prk=0 stl=0 draw=4.62W cT=47 gT=45 caps%[0:35,2:85,5:35,7:70,-100:40] curMHz[0:787,2:2707,5:1075,7:2112] gpu=231 gcap=422[10/13] lrn=100
2026-08-01 14:43:08 PulseDaemon: cap write via daemon (2 node(s))
2026-08-01 14:43:08 PulseDaemon: cap write via daemon (3 node(s))
2026-08-01 14:43:08 PulseDaemon: cap write via daemon (2 node(s))
2026-08-01 14:43:09 PulseDaemon: telemetry read via daemon (16 path(s))
2026-08-01 14:43:10 PulseDaemon: telemetry read via daemon (16 path(s))
2026-08-01 14:43:11 PulseAutoTdp: tgt=90 fps=90.0 jank=0 tail=11ms act=HOLD bn=CPU cpuB=22 cpuPk=69 primePk=69 io=0 gpuB=31 gpuL=6 capped=0 prk=0 stl=0 draw=4.67W cT=47 gT=45 caps%[0:35,2:85,5:35,7:70,-100:40] curMHz[0:787,2:2707,5:1075,7:2112] gpu=231 gcap=422[10/13] lrn=100
2026-08-01 14:43:11 PulseDaemon: cap write via daemon (2 node(s))
2026-08-01 14:43:11 PulseDaemon: cap write via daemon (3 node(s))
2026-08-01 14:43:11 PulseDaemon: cap write via daemon (2 node(s))
2026-08-01 14:43:12 PulseDaemon: telemetry read via daemon (16 path(s))
2026-08-01 14:43:13 PulseDaemon: telemetry read via daemon (16 path(s))
2026-08-01 14:43:13 PulseAutoTdp: tgt=90 fps=90.0 jank=0 tail=11ms act=HOLD bn=CPU cpuB=21 cpuPk=61 primePk=61 io=0 gpuB=29 gpuL=6 capped=0 prk=0 stl=0 draw=5.58W cT=48 gT=44 caps%[0:35,2:85,5:35,7:70,-100:40] curMHz[0:787,2:2707,5:1075,7:2112] gpu=231 gcap=422[10/13] lrn=100
2026-08-01 14:43:13 PulseDaemon: cap write via daemon (2 node(s))
2026-08-01 14:43:13 PulseDaemon: cap write via daemon (3 node(s))
2026-08-01 14:43:14 PulseDaemon: cap write via daemon (2 node(s))
2026-08-01 14:43:15 PulseDaemon: telemetry read via daemon (16 path(s))
2026-08-01 14:43:16 PulseDaemon: telemetry read via daemon (16 path(s))
2026-08-01 14:43:16 PulseAutoTdp: tgt=90 fps=90.0 jank=0 tail=11ms act=HOLD bn=CPU cpuB=19 cpuPk=64 primePk=64 io=0 gpuB=32 gpuL=7 capped=0 prk=0 stl=0 draw=4.55W cT=47 gT=44 caps%[0:35,2:85,5:35,7:70,-100:40] curMHz[0:787,2:2707,5:1075,7:2112] gpu=231 gcap=422[10/13] lrn=100
2026-08-01 14:43:16 PulseDaemon: cap write via daemon (2 node(s))
2026-08-01 14:43:16 PulseDaemon: cap write via daemon (3 node(s))
2026-08-01 14:43:18 PulseDaemon: telemetry read via daemon (16 path(s))
2026-08-01 14:43:19 PulseDaemon: telemetry read via daemon (16 path(s))
2026-08-01 14:43:20 PulseAutoTdp: tgt=90 fps=90.0 jank=0 tail=11ms act=HOLD bn=CPU cpuB=20 cpuPk=72 primePk=72 io=0 gpuB=35 gpuL=7 capped=0 prk=0 stl=0 draw=4.63W cT=48 gT=45 caps%[0:35,2:85,5:35,7:70,-100:40] curMHz[0:787,2:2707,5:1075,7:2112] mn/mx[0:787/787,2:499/2707,5:499/1075,7:480/2112] gpu=231 gcap=422[10/13] lrn=100
2026-08-01 14:43:20 PulseDaemon: cap write via daemon (2 node(s))
2026-08-01 14:43:20 PulseDaemon: cap write via daemon (3 node(s))
2026-08-01 14:43:20 PulseDaemon: cap write via daemon (2 node(s))
2026-08-01 14:43:21 PulseDaemon: telemetry read via daemon (16 path(s))
2026-08-01 14:43:22 PulseDaemon: telemetry read via daemon (16 path(s))
2026-08-01 14:43:22 PulseAutoTdp: tgt=90 fps=90.0 jank=0 tail=11ms act=HOLD bn=CPU cpuB=19 cpuPk=68 primePk=68 io=0 gpuB=35 gpuL=7 capped=0 prk=0 stl=0 draw=4.62W cT=48 gT=46 caps%[0:35,2:85,5:35,7:70,-100:40] curMHz[0:787,2:2707,5:1075,7:2112] gpu=231 gcap=422[10/13] lrn=100
2026-08-01 14:43:23 PulseDaemon: cap write via daemon (2 node(s))
2026-08-01 14:43:23 PulseDaemon: cap write via daemon (3 node(s))
2026-08-01 14:43:23 PulseDaemon: cap write via daemon (2 node(s))
2026-08-01 14:43:24 PulseDaemon: telemetry read via daemon (16 path(s))
2026-08-01 14:43:25 PulseDaemon: telemetry read via daemon (16 path(s))
2026-08-01 14:43:25 PulseAutoTdp: tgt=90 fps=90.0 jank=0 tail=11ms act=HOLD bn=CPU cpuB=20 cpuPk=64 primePk=64 io=0 gpuB=37 gpuL=8 capped=0 prk=0 stl=0 draw=3.60W cT=47 gT=46 caps%[0:35,2:85,5:35,7:70,-100:40] curMHz[0:787,2:2707,5:1075,7:2112] gpu=231 gcap=422[10/13] lrn=100
2026-08-01 14:43:25 PulseDaemon: cap write via daemon (2 node(s))
2026-08-01 14:43:25 PulseDaemon: cap write via daemon (3 node(s))
2026-08-01 14:43:25 PulseDaemon: cap write via daemon (2 node(s))
2026-08-01 14:43:27 PulseDaemon: telemetry read via daemon (16 path(s))
2026-08-01 14:43:28 PulseDaemon: telemetry read via daemon (16 path(s))
2026-08-01 14:43:28 PulseAutoTdp: tgt=90 fps=90.0 jank=0 tail=11ms act=HOLD bn=CPU cpuB=20 cpuPk=63 primePk=63 io=0 gpuB=32 gpuL=7 capped=0 prk=0 stl=0 draw=4.98W cT=48 gT=45 caps%[0:35,2:85,5:35,7:70,-100:40] curMHz[0:787,2:2707,5:1075,7:2112] gpu=231 gcap=422[10/13] lrn=100
2026-08-01 14:43:28 PulseDaemon: cap write via daemon (2 node(s))
2026-08-01 14:43:28 PulseDaemon: cap write via daemon (3 node(s))
2026-08-01 14:43:28 PulseDaemon: cap write via daemon (2 node(s))
2026-08-01 14:43:29 PulseDaemon: telemetry read via daemon (16 path(s))
2026-08-01 14:43:31 PulseDaemon: telemetry read via daemon (16 path(s))
2026-08-01 14:43:31 PulseAutoTdp: tgt=90 fps=90.0 jank=0 tail=11ms act=HOLD bn=CPU cpuB=18 cpuPk=60 primePk=60 io=0 gpuB=41 gpuL=9 capped=0 prk=0 stl=0 draw=4.65W cT=47 gT=46 caps%[0:35,2:85,5:35,7:70,-100:40] curMHz[0:787,2:2707,5:1075,7:2112] gpu=231 gcap=422[10/13] lrn=100
2026-08-01 14:43:31 PulseDaemon: cap write via daemon (2 node(s))
2026-08-01 14:43:31 PulseDaemon: cap write via daemon (3 node(s))
2026-08-01 14:43:31 PulseDaemon: cap write via daemon (2 node(s))
2026-08-01 14:43:32 PulseDaemon: telemetry read via daemon (16 path(s))
2026-08-01 14:43:34 PulseDaemon: telemetry read via daemon (16 path(s))
2026-08-01 14:43:34 PulseAutoTdp: AUTOTDP-SESSION tgt=90 bias=EFFICIENT wattCap=0 policies=0:2265600:0,1;2:3148800:2,3,4;5:2956800:5,6;7:3052800:7;-100:1050000:
2026-08-01 14:43:34 PulseAutoTdp: tgt=90 fps=90.0 jank=0 tail=11ms act=HOLD bn=CPU cpuB=20 cpuPk=64 primePk=64 io=0 gpuB=19 gpuL=4 capped=0 prk=0 stl=0 draw=4.55W cT=47 gT=45 caps%[0:35,2:85,5:35,7:70,-100:40] curMHz[0:787,2:2707,5:1075,7:2112] gpu=231 gcap=422[10/13] lrn=100
2026-08-01 14:43:34 PulseDaemon: cap write via daemon (2 node(s))
2026-08-01 14:43:34 PulseDaemon: cap write via daemon (3 node(s))
2026-08-01 14:43:34 PulseDaemon: cap write via daemon (2 node(s))
2026-08-01 14:43:35 PulseDaemon: telemetry read via daemon (16 path(s))
2026-08-01 14:43:36 PulseDaemon: telemetry read via daemon (16 path(s))
2026-08-01 14:43:37 PulseAutoTdp: tgt=90 fps=90.0 jank=0 tail=11ms act=HOLD bn=CPU cpuB=21 cpuPk=68 primePk=68 io=0 gpuB=20 gpuL=4 capped=0 prk=0 stl=0 draw=3.32W cT=48 gT=46 caps%[0:35,2:85,5:35,7:70,-100:40] curMHz[0:787,2:2707,5:1075,7:2112] gpu=231 gcap=422[10/13] lrn=100
2026-08-01 14:43:37 PulseDaemon: cap write via daemon (2 node(s))
2026-08-01 14:43:37 PulseDaemon: cap write via daemon (3 node(s))
2026-08-01 14:43:37 PulseDaemon: cap write via daemon (2 node(s))
2026-08-01 14:43:38 PulseDaemon: telemetry read via daemon (16 path(s))
2026-08-01 14:43:39 PulseDaemon: telemetry read via daemon (16 path(s))
2026-08-01 14:43:39 PulseAutoTdp: tgt=90 fps=90.0 jank=0 tail=11ms act=HOLD bn=CPU cpuB=23 cpuPk=80 primePk=80 io=0 gpuB=25 gpuL=5 capped=0 prk=0 stl=0 draw=4.73W cT=48 gT=46 caps%[0:35,2:85,5:35,7:70,-100:40] curMHz[0:787,2:2707,5:1075,7:2112] gpu=231 gcap=422[10/13] lrn=100
2026-08-01 14:43:39 PulseDaemon: cap write via daemon (2 node(s))
2026-08-01 14:43:39 PulseDaemon: cap write via daemon (3 node(s))
2026-08-01 14:43:40 PulseDaemon: cap write via daemon (2 node(s))
2026-08-01 14:43:41 PulseDaemon: telemetry read via daemon (16 path(s))
2026-08-01 14:43:42 PulseDaemon: telemetry read via daemon (16 path(s))
2026-08-01 14:43:42 PulseAutoTdp: tgt=90 fps=90.0 jank=0 tail=11ms act=HOLD bn=CPU cpuB=19 cpuPk=66 primePk=66 io=0 gpuB=23 gpuL=5 capped=0 prk=0 stl=0 draw=4.31W cT=47 gT=45 caps%[0:35,2:85,5:35,7:70,-100:40] curMHz[0:787,2:2707,5:1075,7:2112] gpu=231 gcap=422[10/13] lrn=100
2026-08-01 14:43:42 PulseDaemon: cap write via daemon (2 node(s))
2026-08-01 14:43:42 PulseDaemon: cap write via daemon (3 node(s))
2026-08-01 14:43:42 PulseDaemon: cap write via daemon (2 node(s))
2026-08-01 14:43:44 PulseDaemon: telemetry read via daemon (16 path(s))
2026-08-01 14:43:45 PulseDaemon: telemetry read via daemon (16 path(s))
2026-08-01 14:43:45 PulseAutoTdp: tgt=90 fps=90.0 jank=0 tail=11ms act=HOLD bn=CPU cpuB=19 cpuPk=72 primePk=72 io=0 gpuB=24 gpuL=5 capped=0 prk=0 stl=0 draw=4.40W cT=48 gT=45 caps%[0:35,2:85,5:35,7:70,-100:40] curMHz[0:787,2:2707,5:1075,7:2112] gpu=231 gcap=422[10/13] lrn=100
2026-08-01 14:43:45 PulseDaemon: cap write via daemon (2 node(s))
2026-08-01 14:43:45 PulseDaemon: cap write via daemon (3 node(s))
2026-08-01 14:43:45 PulseDaemon: cap write via daemon (2 node(s))
2026-08-01 14:43:46 PulseDaemon: telemetry read via daemon (16 path(s))
2026-08-01 14:43:48 PulseDaemon: telemetry read via daemon (16 path(s))
2026-08-01 14:43:49 PulseAutoTdp: tgt=90 fps=90.0 jank=0 tail=22ms act=HOLD bn=CPU cpuB=21 cpuPk=73 primePk=73 io=0 gpuB=22 gpuL=4 capped=0 prk=0 stl=0 draw=5.19W cT=48 gT=45 caps%[0:35,2:85,5:35,7:70,-100:40] curMHz[0:787,2:2707,5:1075,7:2112] mn/mx[0:364/787,2:499/2707,5:499/1075,7:480/2112] gpu=231 gcap=422[10/13] lrn=100
2026-08-01 14:43:49 PulseDaemon: cap write via daemon (2 node(s))
2026-08-01 14:43:49 PulseDaemon: cap write via daemon (3 node(s))
2026-08-01 14:43:49 PulseDaemon: cap write via daemon (2 node(s))
2026-08-01 14:43:50 PulseDaemon: telemetry read via daemon (16 path(s))
2026-08-01 14:43:51 PulseDaemon: telemetry read via daemon (16 path(s))
2026-08-01 14:43:51 PulseAutoTdp: tgt=90 fps=90.0 jank=0 tail=11ms act=HOLD bn=CPU cpuB=21 cpuPk=77 primePk=77 io=0 gpuB=25 gpuL=5 capped=0 prk=0 stl=0 draw=3.90W cT=48 gT=45 caps%[0:35,2:85,5:35,7:70,-100:40] curMHz[0:787,2:2707,5:1075,7:2112] gpu=231 gcap=422[10/13] lrn=100
2026-08-01 14:43:51 PulseDaemon: cap write via daemon (2 node(s))
2026-08-01 14:43:51 PulseDaemon: cap write via daemon (3 node(s))
2026-08-01 14:43:52 PulseDaemon: cap write via daemon (2 node(s))
2026-08-01 14:43:53 PulseDaemon: telemetry read via daemon (16 path(s))
2026-08-01 14:43:54 PulseDaemon: telemetry read via daemon (16 path(s))
2026-08-01 14:43:54 PulseAutoTdp: tgt=90 fps=90.0 jank=0 tail=11ms act=HOLD bn=CPU cpuB=22 cpuPk=71 primePk=71 io=0 gpuB=24 gpuL=5 capped=0 prk=0 stl=0 draw=4.50W cT=48 gT=45 caps%[0:35,2:85,5:35,7:70,-100:40] curMHz[0:787,2:2707,5:1075,7:2112] gpu=231 gcap=422[10/13] lrn=100
2026-08-01 14:43:54 PulseDaemon: cap write via daemon (2 node(s))
2026-08-01 14:43:54 PulseDaemon: cap write via daemon (3 node(s))
2026-08-01 14:43:54 PulseDaemon: cap write via daemon (2 node(s))
2026-08-01 14:43:56 PulseDaemon: telemetry read via daemon (16 path(s))
2026-08-01 14:43:57 PulseDaemon: telemetry read via daemon (16 path(s))
2026-08-01 14:43:57 PulseAutoTdp: tgt=90 fps=90.0 jank=0 tail=11ms act=HOLD bn=CPU cpuB=22 cpuPk=74 primePk=74 io=0 gpuB=24 gpuL=5 capped=0 prk=0 stl=0 draw=4.16W cT=48 gT=45 caps%[0:35,2:85,5:35,7:70,-100:40] curMHz[0:787,2:2707,5:1075,7:2112] gpu=231 gcap=422[10/13] lrn=100
2026-08-01 14:43:58 PulseDaemon: telemetry read via daemon (16 path(s))
2026-08-01 14:43:59 PulseDaemon: telemetry read via daemon (16 path(s))
2026-08-01 14:44:00 PulseAutoTdp: tgt=90 fps=90.0 jank=0 tail=11ms act=HOLD bn=CPU cpuB=22 cpuPk=76 primePk=76 io=0 gpuB=31 gpuL=6 capped=0 prk=0 stl=0 draw=4.50W cT=48 gT=46 caps%[0:35,2:85,5:35,7:70,-100:40] curMHz[0:787,2:2707,5:1075,7:2112] gpu=231 gcap=422[10/13] lrn=100
2026-08-01 14:44:00 PulseDaemon: cap write via daemon (2 node(s))
2026-08-01 14:44:00 PulseDaemon: cap write via daemon (3 node(s))
2026-08-01 14:44:00 PulseDaemon: cap write via daemon (2 node(s))
2026-08-01 14:44:01 PulseDaemon: telemetry read via daemon (16 path(s))
2026-08-01 14:44:02 PulseDaemon: telemetry read via daemon (16 path(s))
2026-08-01 14:44:02 PulseAutoTdp: tgt=90 fps=90.0 jank=0 tail=11ms act=HOLD bn=CPU cpuB=19 cpuPk=68 primePk=68 io=0 gpuB=31 gpuL=6 capped=0 prk=0 stl=0 draw=5.14W cT=47 gT=46 caps%[0:35,2:85,5:35,7:70,-100:40] curMHz[0:787,2:2707,5:1075,7:2112] gpu=231 gcap=422[10/13] lrn=100
2026-08-01 14:44:02 PulseDaemon: cap write via daemon (2 node(s))
2026-08-01 14:44:03 PulseDaemon: cap write via daemon (3 node(s))
2026-08-01 14:44:03 PulseDaemon: cap write via daemon (2 node(s))
2026-08-01 14:44:04 PulseDaemon: telemetry read via daemon (16 path(s))
2026-08-01 14:44:05 PulseDaemon: telemetry read via daemon (16 path(s))
2026-08-01 14:44:05 PulseAutoTdp: tgt=90 fps=90.0 jank=0 tail=11ms act=HOLD bn=CPU cpuB=21 cpuPk=68 primePk=68 io=0 gpuB=29 gpuL=6 capped=0 prk=0 stl=0 draw=4.04W cT=48 gT=46 caps%[0:35,2:85,5:35,7:70,-100:40] curMHz[0:787,2:2707,5:1075,7:2112] gpu=231 gcap=422[10/13] lrn=100
2026-08-01 14:44:05 PulseDaemon: cap write via daemon (2 node(s))
2026-08-01 14:44:05 PulseDaemon: cap write via daemon (3 node(s))
2026-08-01 14:44:05 PulseDaemon: cap write via daemon (2 node(s))
2026-08-01 14:44:07 PulseDaemon: telemetry read via daemon (16 path(s))
2026-08-01 14:44:08 PulseDaemon: telemetry read via daemon (16 path(s))
2026-08-01 14:44:08 PulseAutoTdp: tgt=90 fps=90.0 jank=0 tail=11ms act=HOLD bn=CPU cpuB=19 cpuPk=68 primePk=68 io=0 gpuB=24 gpuL=5 capped=0 prk=0 stl=0 draw=4.02W cT=47 gT=45 caps%[0:35,2:85,5:35,7:70,-100:40] curMHz[0:787,2:2707,5:1075,7:2112] gpu=231 gcap=422[10/13] lrn=100
2026-08-01 14:44:08 PulseDaemon: cap write via daemon (2 node(s))
2026-08-01 14:44:08 PulseDaemon: cap write via daemon (3 node(s))
2026-08-01 14:44:08 PulseDaemon: cap write via daemon (2 node(s))
2026-08-01 14:44:09 PulseDaemon: telemetry read via daemon (16 path(s))
2026-08-01 14:44:11 PulseDaemon: telemetry read via daemon (16 path(s))
2026-08-01 14:44:11 PulseAutoTdp: tgt=90 fps=90.0 jank=0 tail=11ms act=HOLD bn=CPU cpuB=18 cpuPk=64 primePk=64 io=0 gpuB=24 gpuL=5 capped=0 prk=0 stl=0 draw=5.42W cT=46 gT=45 caps%[0:35,2:85,5:35,7:70,-100:40] curMHz[0:787,2:2707,5:1075,7:2112] gpu=231 gcap=422[10/13] lrn=100
2026-08-01 14:44:11 PulseDaemon: cap write via daemon (2 node(s))
2026-08-01 14:44:11 PulseDaemon: cap write via daemon (3 node(s))
2026-08-01 14:44:11 PulseDaemon: cap write via daemon (2 node(s))
2026-08-01 14:44:12 PulseDaemon: telemetry read via daemon (16 path(s))
2026-08-01 14:44:14 PulseDaemon: telemetry read via daemon (16 path(s))
2026-08-01 14:44:14 PulseAutoTdp: tgt=90 fps=90.0 jank=0 tail=11ms act=HOLD bn=CPU cpuB=19 cpuPk=66 primePk=66 io=0 gpuB=23 gpuL=5 capped=0 prk=0 stl=0 draw=3.88W cT=46 gT=45 caps%[0:35,2:85,5:35,7:70,-100:40] curMHz[0:787,2:2707,5:1075,7:2112] gpu=231 gcap=422[10/13] lrn=100
2026-08-01 14:44:14 PulseDaemon: cap write via daemon (2 node(s))
2026-08-01 14:44:14 PulseDaemon: cap write via daemon (3 node(s))
2026-08-01 14:44:14 PulseDaemon: cap write via daemon (2 node(s))
2026-08-01 14:44:15 PulseDaemon: telemetry read via daemon (16 path(s))
2026-08-01 14:44:17 PulseDaemon: telemetry read via daemon (16 path(s))
2026-08-01 14:44:17 PulseAutoTdp: AUTOTDP-SESSION tgt=90 bias=EFFICIENT wattCap=0 policies=0:2265600:0,1;2:3148800:2,3,4;5:2956800:5,6;7:3052800:7;-100:1050000:
2026-08-01 14:44:17 PulseAutoTdp: tgt=90 fps=90.0 jank=0 tail=11ms act=HOLD bn=CPU cpuB=20 cpuPk=67 primePk=67 io=0 gpuB=23 gpuL=5 capped=0 prk=0 stl=0 draw=4.57W cT=48 gT=45 caps%[0:35,2:85,5:35,7:70,-100:40] curMHz[0:787,2:2707,5:1075,7:2112] mn/mx[0:364/787,2:499/2707,5:499/1075,7:480/2112] gpu=231 gcap=422[10/13] lrn=100
2026-08-01 14:44:18 PulseDaemon: cap write via daemon (2 node(s))
2026-08-01 14:44:18 PulseDaemon: cap write via daemon (3 node(s))
2026-08-01 14:44:18 PulseDaemon: cap write via daemon (2 node(s))
2026-08-01 14:44:19 PulseDaemon: telemetry read via daemon (16 path(s))
2026-08-01 14:44:20 PulseDaemon: telemetry read via daemon (16 path(s))
2026-08-01 14:44:20 PulseAutoTdp: tgt=90 fps=90.0 jank=0 tail=11ms act=HOLD bn=CPU cpuB=23 cpuPk=74 primePk=74 io=0 gpuB=37 gpuL=8 capped=0 prk=0 stl=0 draw=5.34W cT=49 gT=45 caps%[0:35,2:85,5:35,7:70,-100:40] curMHz[0:787,2:2707,5:1075,7:2112] gpu=231 gcap=422[10/13] lrn=100
2026-08-01 14:44:20 PulseDaemon: cap write via xsu fallback (2 node(s), ~413 chars, chunked)
2026-08-01 14:44:20 PulseDaemon: cap write via daemon (3 node(s))
2026-08-01 14:44:20 PulseDaemon: cap write via daemon (2 node(s))
2026-08-01 14:44:22 PulseDaemon: telemetry read via daemon (16 path(s))
2026-08-01 14:44:23 PulseDaemon: telemetry read via daemon (16 path(s))
2026-08-01 14:44:23 PulseAutoTdp: tgt=90 fps=90.0 jank=0 tail=11ms act=HOLD bn=CPU cpuB=21 cpuPk=67 primePk=67 io=0 gpuB=32 gpuL=7 capped=0 prk=0 stl=0 draw=3.77W cT=48 gT=44 caps%[0:35,2:85,5:35,7:70,-100:40] curMHz[0:787,2:2707,5:1075,7:2112] gpu=231 gcap=422[10/13] lrn=100
2026-08-01 14:44:23 PulseDaemon: cap write via daemon (2 node(s))
2026-08-01 14:44:23 PulseDaemon: cap write via daemon (3 node(s))
2026-08-01 14:44:23 PulseDaemon: cap write via daemon (2 node(s))
2026-08-01 14:44:25 PulseDaemon: telemetry read via daemon (16 path(s))
2026-08-01 14:44:26 PulseDaemon: telemetry read via daemon (16 path(s))
2026-08-01 14:44:26 PulseAutoTdp: tgt=90 fps=90.0 jank=0 tail=11ms act=HOLD bn=CPU cpuB=20 cpuPk=65 primePk=65 io=0 gpuB=32 gpuL=7 capped=0 prk=0 stl=0 draw=4.64W cT=47 gT=45 caps%[0:35,2:85,5:35,7:70,-100:40] curMHz[0:787,2:2707,5:1075,7:2112] gpu=231 gcap=422[10/13] lrn=100
2026-08-01 14:44:26 PulseDaemon: cap write via daemon (2 node(s))
2026-08-01 14:44:26 PulseDaemon: cap write via daemon (3 node(s))
2026-08-01 14:44:26 PulseDaemon: cap write via daemon (2 node(s))
2026-08-01 14:44:27 PulseDaemon: telemetry read via daemon (16 path(s))
2026-08-01 14:44:29 PulseDaemon: telemetry read via daemon (16 path(s))
2026-08-01 14:44:29 PulseAutoTdp: tgt=90 fps=90.0 jank=0 tail=11ms act=HOLD bn=CPU cpuB=19 cpuPk=64 primePk=64 io=0 gpuB=32 gpuL=7 capped=0 prk=0 stl=0 draw=3.65W cT=48 gT=45 caps%[0:35,2:85,5:35,7:70,-100:40] curMHz[0:787,2:2707,5:1075,7:2112] gpu=231 gcap=422[10/13] lrn=100
2026-08-01 14:44:29 PulseDaemon: cap write via daemon (2 node(s))
2026-08-01 14:44:29 PulseDaemon: cap write via daemon (3 node(s))
2026-08-01 14:44:29 PulseDaemon: cap write via daemon (2 node(s))
2026-08-01 14:44:30 PulseDaemon: telemetry read via daemon (16 path(s))
2026-08-01 14:44:32 PulseDaemon: telemetry read via daemon (16 path(s))
2026-08-01 14:44:32 PulseAutoTdp: tgt=90 fps=90.0 jank=0 tail=11ms act=HOLD bn=CPU cpuB=20 cpuPk=66 primePk=66 io=0 gpuB=32 gpuL=7 capped=0 prk=0 stl=0 draw=4.19W cT=47 gT=46 caps%[0:35,2:85,5:35,7:70,-100:40] curMHz[0:787,2:2707,5:1075,7:2112] gpu=231 gcap=422[10/13] lrn=100
2026-08-01 14:44:32 PulseDaemon: cap write via daemon (3 node(s))
2026-08-01 14:44:32 PulseDaemon: cap write via daemon (2 node(s))
2026-08-01 14:44:33 PulseDaemon: telemetry read via daemon (16 path(s))
2026-08-01 14:44:34 PulseDaemon: telemetry read via daemon (16 path(s))
2026-08-01 14:44:34 PulseAutoTdp: tgt=90 fps=90.0 jank=0 tail=11ms act=HOLD bn=CPU cpuB=20 cpuPk=75 primePk=75 io=0 gpuB=31 gpuL=6 capped=0 prk=0 stl=0 draw=4.81W cT=48 gT=46 caps%[0:35,2:85,5:35,7:70,-100:40] curMHz[0:787,2:2707,5:1075,7:2112] gpu=231 gcap=422[10/13] lrn=100
2026-08-01 14:44:35 PulseDaemon: cap write via daemon (2 node(s))
2026-08-01 14:44:35 PulseDaemon: cap write via daemon (3 node(s))
2026-08-01 14:44:35 PulseDaemon: cap write via daemon (2 node(s))
2026-08-01 14:44:36 PulseDaemon: telemetry read via daemon (16 path(s))
2026-08-01 14:44:37 PulseDaemon: telemetry read via daemon (16 path(s))
2026-08-01 14:44:37 PulseAutoTdp: tgt=90 fps=90.0 jank=0 tail=11ms act=HOLD bn=CPU cpuB=19 cpuPk=67 primePk=67 io=0 gpuB=32 gpuL=7 capped=0 prk=0 stl=0 draw=4.64W cT=48 gT=46 caps%[0:35,2:85,5:35,7:70,-100:40] curMHz[0:787,2:2707,5:1075,7:2112] gpu=231 gcap=422[10/13] lrn=100
2026-08-01 14:44:37 PulseDaemon: cap write via daemon (2 node(s))
2026-08-01 14:44:37 PulseDaemon: cap write via daemon (3 node(s))
2026-08-01 14:44:38 PulseDaemon: cap write via daemon (2 node(s))
2026-08-01 14:44:39 PulseDaemon: telemetry read via daemon (16 path(s))
2026-08-01 14:44:40 PulseDaemon: telemetry read via daemon (16 path(s))
2026-08-01 14:44:40 PulseAutoTdp: tgt=90 fps=90.0 jank=0 tail=11ms act=HOLD bn=CPU cpuB=19 cpuPk=67 primePk=67 io=0 gpuB=32 gpuL=7 capped=0 prk=0 stl=0 draw=5.12W cT=48 gT=46 caps%[0:35,2:85,5:35,7:70,-100:40] curMHz[0:787,2:2707,5:1075,7:2112] gpu=231 gcap=422[10/13] lrn=100
2026-08-01 14:44:40 PulseDaemon: cap write via daemon (2 node(s))
2026-08-01 14:44:40 PulseDaemon: cap write via daemon (3 node(s))
2026-08-01 14:44:40 PulseDaemon: cap write via daemon (2 node(s))
2026-08-01 14:44:42 PulseDaemon: telemetry read via daemon (16 path(s))
2026-08-01 14:44:43 PulseDaemon: telemetry read via daemon (16 path(s))
2026-08-01 14:44:43 PulseAutoTdp: tgt=90 fps=90.0 jank=0 tail=11ms act=HOLD bn=CPU cpuB=20 cpuPk=64 primePk=64 io=0 gpuB=32 gpuL=7 capped=0 prk=0 stl=0 draw=4.19W cT=47 gT=46 caps%[0:35,2:85,5:35,7:70,-100:40] curMHz[0:787,2:2707,5:1075,7:2112] gpu=231 gcap=422[10/13] lrn=100
2026-08-01 14:44:43 PulseDaemon: cap write via daemon (2 node(s))
2026-08-01 14:44:43 PulseDaemon: cap write via daemon (3 node(s))
2026-08-01 14:44:43 PulseDaemon: cap write via daemon (2 node(s))
2026-08-01 14:44:44 PulseDaemon: telemetry read via daemon (16 path(s))
2026-08-01 14:44:46 PulseDaemon: telemetry read via daemon (16 path(s))
2026-08-01 14:44:47 PulseAutoTdp: tgt=90 fps=90.0 jank=0 tail=11ms act=HOLD bn=CPU cpuB=21 cpuPk=70 primePk=70 io=0 gpuB=31 gpuL=6 capped=0 prk=0 stl=0 draw=5.04W cT=48 gT=46 caps%[0:35,2:85,5:35,7:70,-100:40] curMHz[0:787,2:2707,5:1075,7:2112] mn/mx[0:787/787,2:499/2707,5:499/1075,7:480/2112] gpu=231 gcap=422[10/13] lrn=100
2026-08-01 14:44:47 PulseDaemon: cap write via daemon (2 node(s))
2026-08-01 14:44:47 PulseDaemon: cap write via daemon (3 node(s))
2026-08-01 14:44:47 PulseDaemon: cap write via daemon (2 node(s))
2026-08-01 14:44:48 PulseDaemon: telemetry read via daemon (16 path(s))
2026-08-01 14:44:49 PulseDaemon: telemetry read via daemon (16 path(s))
2026-08-01 14:44:49 PulseAutoTdp: tgt=90 fps=90.0 jank=0 tail=11ms act=HOLD bn=CPU cpuB=19 cpuPk=67 primePk=67 io=0 gpuB=32 gpuL=7 capped=0 prk=0 stl=0 draw=4.50W cT=48 gT=46 caps%[0:35,2:85,5:35,7:70,-100:40] curMHz[0:787,2:2707,5:1075,7:2112] gpu=231 gcap=422[10/13] lrn=100
2026-08-01 14:44:49 PulseDaemon: cap write via daemon (2 node(s))
2026-08-01 14:44:50 PulseDaemon: cap write via daemon (3 node(s))
2026-08-01 14:44:50 PulseDaemon: cap write via daemon (2 node(s))
2026-08-01 14:44:51 PulseDaemon: telemetry read via daemon (16 path(s))
2026-08-01 14:44:52 PulseDaemon: telemetry read via daemon (16 path(s))
2026-08-01 14:44:52 PulseAutoTdp: tgt=90 fps=90.0 jank=0 tail=11ms act=HOLD bn=CPU cpuB=20 cpuPk=64 primePk=64 io=0 gpuB=32 gpuL=7 capped=0 prk=0 stl=0 draw=5.01W cT=47 gT=46 caps%[0:35,2:85,5:35,7:70,-100:40] curMHz[0:787,2:2707,5:1075,7:2112] gpu=231 gcap=422[10/13] lrn=100
2026-08-01 14:44:52 PulseDaemon: cap write via daemon (2 node(s))
2026-08-01 14:44:52 PulseDaemon: cap write via daemon (3 node(s))
2026-08-01 14:44:52 PulseDaemon: cap write via daemon (2 node(s))
2026-08-01 14:44:54 PulseDaemon: telemetry read via daemon (16 path(s))
2026-08-01 14:44:55 PulseDaemon: telemetry read via daemon (16 path(s))
2026-08-01 14:44:55 PulseAutoTdp: tgt=90 fps=90.0 jank=0 tail=11ms act=HOLD bn=CPU cpuB=18 cpuPk=67 primePk=67 io=0 gpuB=32 gpuL=7 capped=0 prk=0 stl=0 draw=4.71W cT=47 gT=45 caps%[0:35,2:85,5:35,7:70,-100:40] curMHz[0:787,2:2707,5:1075,7:2112] gpu=231 gcap=422[10/13] lrn=100
2026-08-01 14:44:55 PulseDaemon: cap write via daemon (2 node(s))
2026-08-01 14:44:55 PulseDaemon: cap write via daemon (3 node(s))
2026-08-01 14:44:55 PulseDaemon: cap write via daemon (2 node(s))
2026-08-01 14:44:57 PulseDaemon: telemetry read via daemon (16 path(s))
2026-08-01 14:44:58 PulseDaemon: telemetry read via daemon (16 path(s))
2026-08-01 14:44:58 PulseAutoTdp: tgt=90 fps=90.0 jank=0 tail=11ms act=HOLD bn=CPU cpuB=19 cpuPk=70 primePk=70 io=0 gpuB=32 gpuL=7 capped=0 prk=0 stl=0 draw=4.22W cT=48 gT=46 caps%[0:35,2:85,5:35,7:70,-100:40] curMHz[0:787,2:2707,5:1075,7:2112] gpu=231 gcap=422[10/13] lrn=100
2026-08-01 14:44:58 PulseDaemon: cap write via daemon (2 node(s))
2026-08-01 14:44:58 PulseDaemon: cap write via daemon (3 node(s))
2026-08-01 14:44:58 PulseDaemon: cap write via daemon (2 node(s))
2026-08-01 14:44:59 PulseDaemon: telemetry read via daemon (16 path(s))
2026-08-01 14:45:01 PulseDaemon: telemetry read via daemon (16 path(s))
2026-08-01 14:45:01 PulseAutoTdp: AUTOTDP-SESSION tgt=90 bias=EFFICIENT wattCap=0 policies=0:2265600:0,1;2:3148800:2,3,4;5:2956800:5,6;7:3052800:7;-100:1050000:
2026-08-01 14:45:01 PulseAutoTdp: tgt=90 fps=90.0 jank=0 tail=11ms act=HOLD bn=CPU cpuB=20 cpuPk=64 primePk=64 io=0 gpuB=32 gpuL=7 capped=0 prk=0 stl=0 draw=4.01W cT=48 gT=46 caps%[0:35,2:85,5:35,7:70,-100:40] curMHz[0:787,2:2707,5:1075,7:2112] gpu=231 gcap=422[10/13] lrn=100
2026-08-01 14:45:01 PulseDaemon: cap write via daemon (2 node(s))
2026-08-01 14:45:01 PulseDaemon: cap write via daemon (3 node(s))
2026-08-01 14:45:01 PulseDaemon: cap write via daemon (2 node(s))
2026-08-01 14:45:02 PulseDaemon: telemetry read via daemon (16 path(s))
2026-08-01 14:45:04 PulseDaemon: telemetry read via daemon (16 path(s))
2026-08-01 14:45:04 PulseAutoTdp: tgt=90 fps=90.0 jank=0 tail=11ms act=HOLD bn=CPU cpuB=21 cpuPk=66 primePk=66 io=0 gpuB=29 gpuL=6 capped=0 prk=0 stl=0 draw=4.01W cT=47 gT=45 caps%[0:35,2:85,5:35,7:70,-100:40] curMHz[0:787,2:2707,5:1075,7:2112] gpu=231 gcap=422[10/13] lrn=100
2026-08-01 14:45:04 PulseDaemon: cap write via daemon (2 node(s))
2026-08-01 14:45:04 PulseDaemon: cap write via daemon (3 node(s))
2026-08-01 14:45:04 PulseDaemon: cap write via daemon (2 node(s))
2026-08-01 14:45:05 PulseDaemon: telemetry read via daemon (16 path(s))
2026-08-01 14:45:06 PulseDaemon: telemetry read via daemon (16 path(s))
2026-08-01 14:45:06 PulseAutoTdp: tgt=90 fps=90.0 jank=0 tail=11ms act=HOLD bn=CPU cpuB=21 cpuPk=67 primePk=67 io=0 gpuB=33 gpuL=7 capped=0 prk=0 stl=0 draw=4.64W cT=47 gT=46 caps%[0:35,2:85,5:35,7:70,-100:40] curMHz[0:787,2:2707,5:1075,7:2112] gpu=231 gcap=422[10/13] lrn=100
2026-08-01 14:45:07 PulseDaemon: cap write via daemon (3 node(s))
2026-08-01 14:45:07 PulseDaemon: cap write via daemon (2 node(s))
2026-08-01 14:45:08 PulseDaemon: telemetry read via daemon (16 path(s))
2026-08-01 14:45:09 PulseDaemon: telemetry read via daemon (16 path(s))
2026-08-01 14:45:09 PulseAutoTdp: tgt=90 fps=90.0 jank=0 tail=11ms act=HOLD bn=CPU cpuB=19 cpuPk=64 primePk=64 io=0 gpuB=25 gpuL=5 capped=0 prk=0 stl=0 draw=4.34W cT=48 gT=45 caps%[0:35,2:85,5:35,7:70,-100:40] curMHz[0:787,2:2707,5:1075,7:2112] gpu=231 gcap=422[10/13] lrn=100
2026-08-01 14:45:09 PulseDaemon: cap write via daemon (2 node(s))
2026-08-01 14:45:09 PulseDaemon: cap write via daemon (3 node(s))
2026-08-01 14:45:09 PulseDaemon: cap write via daemon (2 node(s))
2026-08-01 14:45:11 PulseDaemon: telemetry read via daemon (16 path(s))
2026-08-01 14:45:12 PulseDaemon: telemetry read via daemon (16 path(s))
2026-08-01 14:45:12 PulseAutoTdp: tgt=90 fps=90.0 jank=0 tail=11ms act=HOLD bn=CPU cpuB=20 cpuPk=73 primePk=73 io=0 gpuB=21 gpuL=4 capped=0 prk=0 stl=0 draw=4.89W cT=47 gT=46 caps%[0:35,2:85,5:35,7:70,-100:40] curMHz[0:787,2:2707,5:1075,7:2112] gpu=231 gcap=422[10/13] lrn=100
2026-08-01 14:45:12 PulseDaemon: cap write via daemon (2 node(s))
2026-08-01 14:45:12 PulseDaemon: cap write via daemon (3 node(s))
2026-08-01 14:45:12 PulseDaemon: cap write via daemon (2 node(s))
2026-08-01 14:45:13 PulseDaemon: telemetry read via daemon (16 path(s))
2026-08-01 14:45:15 PulseDaemon: telemetry read via daemon (16 path(s))
2026-08-01 14:45:16 PulseAutoTdp: tgt=90 fps=90.0 jank=0 tail=11ms act=HOLD bn=CPU cpuB=20 cpuPk=70 primePk=70 io=0 gpuB=20 gpuL=4 capped=0 prk=0 stl=0 draw=4.85W cT=47 gT=45 caps%[0:35,2:85,5:35,7:70,-100:40] curMHz[0:787,2:2707,5:1075,7:2112] mn/mx[0:787/787,2:499/2707,5:499/1075,7:480/2112] gpu=231 gcap=422[10/13] lrn=100
2026-08-01 14:45:16 PulseDaemon: cap write via daemon (2 node(s))
2026-08-01 14:45:16 PulseDaemon: cap write via daemon (3 node(s))
2026-08-01 14:45:16 PulseDaemon: cap write via daemon (2 node(s))
2026-08-01 14:45:17 PulseDaemon: telemetry read via daemon (16 path(s))
2026-08-01 14:45:18 PulseDaemon: telemetry read via daemon (16 path(s))
2026-08-01 14:45:19 PulseAutoTdp: tgt=90 fps=90.0 jank=0 tail=11ms act=HOLD bn=CPU cpuB=18 cpuPk=63 primePk=63 io=0 gpuB=21 gpuL=4 capped=0 prk=0 stl=0 draw=5.02W cT=46 gT=44 caps%[0:35,2:85,5:35,7:70,-100:40] curMHz[0:787,2:2707,5:1075,7:2112] gpu=231 gcap=422[10/13] lrn=100
2026-08-01 14:45:19 PulseDaemon: cap write via daemon (2 node(s))
2026-08-01 14:45:19 PulseDaemon: cap write via daemon (3 node(s))
2026-08-01 14:45:19 PulseDaemon: cap write via daemon (2 node(s))
2026-08-01 14:45:20 PulseDaemon: telemetry read via daemon (16 path(s))
2026-08-01 14:45:21 PulseDaemon: telemetry read via daemon (16 path(s))
2026-08-01 14:45:21 PulseAutoTdp: tgt=90 fps=90.0 jank=0 tail=11ms act=HOLD bn=CPU cpuB=21 cpuPk=65 primePk=65 io=0 gpuB=25 gpuL=5 capped=0 prk=0 stl=0 draw=3.78W cT=48 gT=44 caps%[0:35,2:85,5:35,7:70,-100:40] curMHz[0:787,2:2707,5:1075,7:2112] gpu=231 gcap=422[10/13] lrn=100
2026-08-01 14:45:22 PulseDaemon: cap write via daemon (2 node(s))
2026-08-01 14:45:22 PulseDaemon: cap write via daemon (3 node(s))
2026-08-01 14:45:22 PulseDaemon: cap write via daemon (2 node(s))
2026-08-01 14:45:23 PulseDaemon: telemetry read via daemon (16 path(s))
2026-08-01 14:45:24 PulseDaemon: telemetry read via daemon (16 path(s))
2026-08-01 14:45:24 PulseAutoTdp: tgt=90 fps=90.0 jank=0 tail=11ms act=HOLD bn=CPU cpuB=21 cpuPk=66 primePk=66 io=0 gpuB=35 gpuL=7 capped=0 prk=0 stl=0 draw=3.60W cT=47 gT=44 caps%[0:35,2:85,5:35,7:70,-100:40] curMHz[0:787,2:2707,5:1075,7:2112] gpu=231 gcap=422[10/13] lrn=100
2026-08-01 14:45:24 PulseDaemon: cap write via daemon (2 node(s))
2026-08-01 14:45:24 PulseDaemon: cap write via daemon (3 node(s))
2026-08-01 14:45:25 PulseDaemon: cap write via daemon (2 node(s))
2026-08-01 14:45:26 PulseDaemon: telemetry read via daemon (16 path(s))
2026-08-01 14:45:27 PulseDaemon: telemetry read via daemon (16 path(s))
2026-08-01 14:45:27 PulseAutoTdp: tgt=90 fps=90.0 jank=0 tail=11ms act=HOLD bn=CPU cpuB=20 cpuPk=68 primePk=68 io=0 gpuB=31 gpuL=6 capped=0 prk=0 stl=0 draw=4.25W cT=47 gT=45 caps%[0:35,2:85,5:35,7:70,-100:40] curMHz[0:787,2:2707,5:1075,7:2112] gpu=231 gcap=422[10/13] lrn=100
2026-08-01 14:45:27 PulseDaemon: cap write via daemon (2 node(s))
2026-08-01 14:45:27 PulseDaemon: cap write via daemon (3 node(s))
2026-08-01 14:45:27 PulseDaemon: cap write via daemon (2 node(s))
2026-08-01 14:45:29 PulseDaemon: telemetry read via daemon (16 path(s))
2026-08-01 14:45:30 PulseDaemon: telemetry read via daemon (16 path(s))
2026-08-01 14:45:30 PulseAutoTdp: tgt=90 fps=90.0 jank=0 tail=11ms act=HOLD bn=CPU cpuB=20 cpuPk=64 primePk=64 io=0 gpuB=33 gpuL=7 capped=0 prk=0 stl=0 draw=3.15W cT=47 gT=45 caps%[0:35,2:85,5:35,7:70,-100:40] curMHz[0:787,2:2707,5:1075,7:2112] gpu=231 gcap=422[10/13] lrn=100
2026-08-01 14:45:30 PulseDaemon: cap write via daemon (2 node(s))
2026-08-01 14:45:30 PulseDaemon: cap write via daemon (3 node(s))
2026-08-01 14:45:30 PulseDaemon: cap write via daemon (2 node(s))
2026-08-01 14:45:31 PulseDaemon: telemetry read via daemon (16 path(s))
2026-08-01 14:45:33 PulseDaemon: telemetry read via daemon (16 path(s))
2026-08-01 14:45:33 PulseAutoTdp: tgt=90 fps=90.0 jank=0 tail=11ms act=HOLD bn=CPU cpuB=20 cpuPk=65 primePk=65 io=0 gpuB=37 gpuL=8 capped=0 prk=0 stl=0 draw=4.67W cT=47 gT=44 caps%[0:35,2:85,5:35,7:70,-100:40] curMHz[0:787,2:2707,5:1075,7:2112] gpu=231 gcap=422[10/13] lrn=100
2026-08-01 14:45:33 PulseDaemon: cap write via daemon (2 node(s))
2026-08-01 14:45:33 PulseDaemon: cap write via daemon (3 node(s))
2026-08-01 14:45:33 PulseDaemon: cap write via daemon (2 node(s))
2026-08-01 14:45:34 PulseDaemon: telemetry read via daemon (16 path(s))
2026-08-01 14:45:35 PulseDaemon: telemetry read via daemon (16 path(s))
2026-08-01 14:45:36 PulseAutoTdp: tgt=90 fps=90.0 jank=0 tail=11ms act=HOLD bn=CPU cpuB=18 cpuPk=64 primePk=64 io=0 gpuB=37 gpuL=8 capped=0 prk=0 stl=0 draw=3.73W cT=46 gT=45 caps%[0:35,2:85,5:35,7:70,-100:40] curMHz[0:787,2:2707,5:1075,7:2112] gpu=231 gcap=422[10/13] lrn=100
2026-08-01 14:45:36 PulseDaemon: cap write via daemon (2 node(s))
2026-08-01 14:45:36 PulseDaemon: cap write via daemon (3 node(s))
2026-08-01 14:45:36 PulseDaemon: cap write via daemon (2 node(s))
2026-08-01 14:45:37 PulseDaemon: telemetry read via daemon (16 path(s))
2026-08-01 14:45:38 PulseDaemon: telemetry read via daemon (16 path(s))
2026-08-01 14:45:38 PulseAutoTdp: tgt=90 fps=90.0 jank=0 tail=11ms act=HOLD bn=CPU cpuB=19 cpuPk=65 primePk=65 io=0 gpuB=37 gpuL=8 capped=0 prk=0 stl=0 draw=5.13W cT=47 gT=45 caps%[0:35,2:85,5:35,7:70,-100:40] curMHz[0:787,2:2707,5:1075,7:2112] gpu=231 gcap=422[10/13] lrn=100
2026-08-01 14:45:38 PulseDaemon: cap write via xsu fallback (2 node(s), ~413 chars, chunked)
2026-08-01 14:45:39 PulseDaemon: cap write via daemon (3 node(s))
2026-08-01 14:45:39 PulseDaemon: cap write via daemon (2 node(s))
2026-08-01 14:45:40 PulseDaemon: telemetry read via daemon (16 path(s))
2026-08-01 14:45:41 PulseDaemon: telemetry read via daemon (16 path(s))
2026-08-01 14:45:41 PulseAutoTdp: tgt=90 fps=90.0 jank=0 tail=11ms act=HOLD bn=CPU cpuB=20 cpuPk=65 primePk=65 io=0 gpuB=33 gpuL=7 capped=0 prk=0 stl=0 draw=3.74W cT=47 gT=46 caps%[0:35,2:85,5:35,7:70,-100:40] curMHz[0:787,2:2707,5:1075,7:2112] gpu=231 gcap=422[10/13] lrn=100
2026-08-01 14:45:41 PulseDaemon: cap write via xsu fallback (2 node(s), ~413 chars, chunked)
2026-08-01 14:45:43 PulseDaemon: telemetry read via daemon (16 path(s))
2026-08-01 14:45:44 PulseDaemon: telemetry read via daemon (16 path(s))
2026-08-01 14:45:44 PulseAutoTdp: AUTOTDP-SESSION tgt=90 bias=EFFICIENT wattCap=0 policies=0:2265600:0,1;2:3148800:2,3,4;5:2956800:5,6;7:3052800:7;-100:1050000:
2026-08-01 14:45:45 PulseAutoTdp: tgt=90 fps=90.0 jank=0 tail=11ms act=HOLD bn=CPU cpuB=20 cpuPk=63 primePk=63 io=0 gpuB=55 gpuL=12 capped=0 prk=0 stl=0 draw=4.62W cT=46 gT=45 caps%[0:35,2:85,5:35,7:70,-100:40] curMHz[0:787,2:2707,5:1075,7:2112] mn/mx[0:364/787,2:499/2707,5:499/1075,7:480/2112] gpu=231 gcap=422[10/13] lrn=100
2026-08-01 14:45:45 PulseDaemon: cap write via daemon (2 node(s))
2026-08-01 14:45:45 PulseDaemon: cap write via xsu fallback (3 node(s), ~620 chars, chunked)
2026-08-01 14:45:45 PulseDaemon: cap write via daemon (2 node(s))
2026-08-01 14:45:46 PulseDaemon: telemetry read via daemon (16 path(s))
2026-08-01 14:45:48 PulseDaemon: telemetry read via daemon (16 path(s))
2026-08-01 14:45:48 PulseAutoTdp: tgt=90 fps=90.0 jank=0 tail=11ms act=HOLD bn=CPU cpuB=21 cpuPk=76 primePk=76 io=0 gpuB=22 gpuL=4 capped=0 prk=0 stl=0 draw=4.66W cT=47 gT=45 caps%[0:35,2:85,5:35,7:70,-100:40] curMHz[0:787,2:2707,5:1075,7:2112] gpu=231 gcap=422[10/13] lrn=100
2026-08-01 14:45:48 PulseDaemon: cap write via daemon (2 node(s))
2026-08-01 14:45:48 PulseDaemon: cap write via daemon (3 node(s))
2026-08-01 14:45:48 PulseDaemon: cap write via daemon (2 node(s))
2026-08-01 14:45:49 PulseDaemon: telemetry read via daemon (16 path(s))
2026-08-01 14:45:51 PulseDaemon: telemetry read via daemon (16 path(s))
2026-08-01 14:45:51 PulseAutoTdp: tgt=90 fps=90.0 jank=0 tail=11ms act=HOLD bn=CPU cpuB=20 cpuPk=67 primePk=67 io=0 gpuB=26 gpuL=5 capped=0 prk=0 stl=0 draw=4.28W cT=47 gT=45 caps%[0:35,2:85,5:35,7:70,-100:40] curMHz[0:787,2:2707,5:1075,7:2112] gpu=231 gcap=422[10/13] lrn=100
2026-08-01 14:45:51 PulseDaemon: cap write via xsu fallback (2 node(s), ~413 chars, chunked)
2026-08-01 14:45:52 PulseDaemon: telemetry read via daemon (16 path(s))
2026-08-01 14:45:53 PulseDaemon: telemetry read via daemon (16 path(s))
2026-08-01 14:45:53 PulseAutoTdp: tgt=90 fps=90.0 jank=0 tail=11ms act=HOLD bn=CPU cpuB=20 cpuPk=64 primePk=64 io=0 gpuB=21 gpuL=4 capped=0 prk=0 stl=0 draw=3.76W cT=47 gT=45 caps%[0:35,2:85,5:35,7:70,-100:40] curMHz[0:787,2:2707,5:1075,7:2112] gpu=231 gcap=422[10/13] lrn=100
2026-08-01 14:45:55 PulseDaemon: telemetry read via daemon (16 path(s))
2026-08-01 14:45:56 PulseDaemon: telemetry read via daemon (16 path(s))
2026-08-01 14:45:56 PulseAutoTdp: tgt=90 fps=90.0 jank=0 tail=11ms act=HOLD bn=CPU cpuB=19 cpuPk=67 primePk=67 io=0 gpuB=23 gpuL=5 capped=0 prk=0 stl=0 draw=3.69W cT=46 gT=45 caps%[0:35,2:85,5:35,7:70,-100:40] curMHz[0:787,2:2707,5:1075,7:2112] gpu=231 gcap=422[10/13] lrn=100
2026-08-01 14:45:56 PulseDaemon: cap write via daemon (2 node(s))
2026-08-01 14:45:56 PulseDaemon: cap write via daemon (3 node(s))
2026-08-01 14:45:56 PulseDaemon: cap write via daemon (2 node(s))
2026-08-01 14:45:57 PulseDaemon: telemetry read via daemon (16 path(s))
2026-08-01 14:45:59 PulseDaemon: telemetry read via daemon (16 path(s))
2026-08-01 14:45:59 PulseAutoTdp: tgt=90 fps=90.0 jank=0 tail=11ms act=HOLD bn=CPU cpuB=18 cpuPk=66 primePk=66 io=0 gpuB=24 gpuL=5 capped=0 prk=0 stl=0 draw=4.66W cT=46 gT=45 caps%[0:35,2:85,5:35,7:70,-100:40] curMHz[0:787,2:2707,5:1075,7:2112] gpu=231 gcap=422[10/13] lrn=100
2026-08-01 14:45:59 PulseDaemon: cap write via daemon (2 node(s))
2026-08-01 14:45:59 PulseDaemon: cap write via daemon (3 node(s))
2026-08-01 14:45:59 PulseDaemon: cap write via daemon (2 node(s))
2026-08-01 14:46:00 PulseDaemon: telemetry read via daemon (16 path(s))
2026-08-01 14:46:02 PulseDaemon: telemetry read via daemon (16 path(s))
2026-08-01 14:46:02 PulseAutoTdp: tgt=90 fps=90.0 jank=0 tail=11ms act=HOLD bn=CPU cpuB=23 cpuPk=74 primePk=74 io=0 gpuB=28 gpuL=6 capped=0 prk=0 stl=0 draw=4.25W cT=47 gT=45 caps%[0:35,2:85,5:35,7:70,-100:40] curMHz[0:787,2:2707,5:1075,7:2112] gpu=231 gcap=422[10/13] lrn=100
2026-08-01 14:46:02 PulseDaemon: cap write via daemon (2 node(s))
2026-08-01 14:46:02 PulseDaemon: cap write via daemon (3 node(s))
2026-08-01 14:46:02 PulseDaemon: cap write via daemon (2 node(s))
2026-08-01 14:46:03 PulseDaemon: telemetry read via daemon (16 path(s))
2026-08-01 14:46:04 PulseDaemon: telemetry read via daemon (16 path(s))
2026-08-01 14:46:04 PulseAutoTdp: tgt=90 fps=90.0 jank=0 tail=11ms act=HOLD bn=CPU cpuB=20 cpuPk=69 primePk=69 io=0 gpuB=28 gpuL=6 capped=0 prk=0 stl=0 draw=4.95W cT=47 gT=45 caps%[0:35,2:85,5:35,7:70,-100:40] curMHz[0:787,2:2707,5:1075,7:2112] gpu=231 gcap=422[10/13] lrn=100
2026-08-01 14:46:05 PulseDaemon: cap write via daemon (2 node(s))
2026-08-01 14:46:05 PulseDaemon: cap write via daemon (3 node(s))
2026-08-01 14:46:05 PulseDaemon: cap write via daemon (2 node(s))
2026-08-01 14:46:06 PulseDaemon: telemetry read via daemon (16 path(s))
2026-08-01 14:46:07 PulseDaemon: telemetry read via daemon (16 path(s))
2026-08-01 14:46:07 PulseAutoTdp: tgt=90 fps=90.0 jank=0 tail=11ms act=HOLD bn=CPU cpuB=20 cpuPk=69 primePk=69 io=0 gpuB=32 gpuL=7 capped=0 prk=0 stl=0 draw=4.51W cT=47 gT=46 caps%[0:35,2:85,5:35,7:70,-100:40] curMHz[0:787,2:2707,5:1075,7:2112] gpu=231 gcap=422[10/13] lrn=100
2026-08-01 14:46:07 PulseDaemon: cap write via daemon (2 node(s))
2026-08-01 14:46:07 PulseDaemon: cap write via daemon (3 node(s))
2026-08-01 14:46:08 PulseDaemon: cap write via daemon (2 node(s))
2026-08-01 14:46:09 PulseDaemon: telemetry read via daemon (16 path(s))
2026-08-01 14:46:10 PulseDaemon: telemetry read via daemon (16 path(s))
2026-08-01 14:46:10 PulseAutoTdp: tgt=90 fps=90.0 jank=0 tail=11ms act=HOLD bn=CPU cpuB=19 cpuPk=64 primePk=64 io=0 gpuB=34 gpuL=7 capped=0 prk=0 stl=0 draw=3.69W cT=46 gT=46 caps%[0:35,2:85,5:35,7:70,-100:40] curMHz[0:787,2:2707,5:1075,7:2112] gpu=231 gcap=422[10/13] lrn=100
2026-08-01 14:46:10 PulseDaemon: cap write via daemon (2 node(s))
2026-08-01 14:46:10 PulseDaemon: cap write via daemon (3 node(s))
2026-08-01 14:46:10 PulseDaemon: cap write via daemon (2 node(s))
2026-08-01 14:46:12 PulseDaemon: telemetry read via daemon (16 path(s))
2026-08-01 14:46:13 PulseDaemon: telemetry read via daemon (16 path(s))
2026-08-01 14:46:14 PulseAutoTdp: tgt=90 fps=90.0 jank=0 tail=11ms act=HOLD bn=CPU cpuB=20 cpuPk=73 primePk=73 io=0 gpuB=35 gpuL=7 capped=0 prk=0 stl=0 draw=3.95W cT=48 gT=45 caps%[0:35,2:85,5:35,7:70,-100:40] curMHz[0:787,2:2707,5:1075,7:2112] mn/mx[0:364/787,2:499/2707,5:499/1075,7:480/2112] gpu=231 gcap=422[10/13] lrn=100
2026-08-01 14:46:14 PulseDaemon: cap write via daemon (2 node(s))
2026-08-01 14:46:14 PulseDaemon: cap write via daemon (3 node(s))
2026-08-01 14:46:14 PulseDaemon: cap write via daemon (2 node(s))
2026-08-01 14:46:15 PulseDaemon: telemetry read via daemon (16 path(s))
2026-08-01 14:46:16 PulseDaemon: telemetry read via daemon (16 path(s))
2026-08-01 14:46:17 PulseAutoTdp: tgt=90 fps=90.0 jank=0 tail=11ms act=HOLD bn=CPU cpuB=21 cpuPk=66 primePk=66 io=0 gpuB=39 gpuL=8 capped=0 prk=0 stl=0 draw=5.67W cT=48 gT=46 caps%[0:35,2:85,5:35,7:70,-100:40] curMHz[0:787,2:2707,5:1075,7:2112] gpu=231 gcap=422[10/13] lrn=100
2026-08-01 14:46:17 PulseDaemon: cap write via daemon (2 node(s))
2026-08-01 14:46:17 PulseDaemon: cap write via daemon (3 node(s))
2026-08-01 14:46:17 PulseDaemon: cap write via daemon (2 node(s))
2026-08-01 14:46:18 PulseDaemon: telemetry read via daemon (16 path(s))
2026-08-01 14:46:19 PulseDaemon: telemetry read via daemon (16 path(s))
2026-08-01 14:46:19 PulseAutoTdp: tgt=90 fps=90.0 jank=0 tail=11ms act=HOLD bn=CPU cpuB=21 cpuPk=73 primePk=73 io=0 gpuB=39 gpuL=8 capped=0 prk=0 stl=0 draw=4.92W cT=47 gT=45 caps%[0:35,2:85,5:35,7:70,-100:40] curMHz[0:787,2:2707,5:1075,7:2112] gpu=231 gcap=422[10/13] lrn=100
2026-08-01 14:46:19 PulseDaemon: cap write via daemon (2 node(s))
2026-08-01 14:46:20 PulseDaemon: cap write via daemon (3 node(s))
2026-08-01 14:46:20 PulseDaemon: cap write via daemon (2 node(s))
2026-08-01 14:46:21 PulseDaemon: telemetry read via daemon (16 path(s))
2026-08-01 14:46:22 PulseDaemon: telemetry read via daemon (16 path(s))
2026-08-01 14:46:22 PulseAutoTdp: tgt=90 fps=90.0 jank=0 tail=11ms act=HOLD bn=CPU cpuB=19 cpuPk=69 primePk=69 io=0 gpuB=27 gpuL=5 capped=0 prk=0 stl=0 draw=3.97W cT=46 gT=45 caps%[0:35,2:85,5:35,7:70,-100:40] curMHz[0:787,2:2707,5:1075,7:2112] gpu=231 gcap=422[10/13] lrn=100
2026-08-01 14:46:22 PulseDaemon: cap write via daemon (2 node(s))
2026-08-01 14:46:22 PulseDaemon: cap write via daemon (3 node(s))
2026-08-01 14:46:22 PulseDaemon: cap write via daemon (2 node(s))
2026-08-01 14:46:24 PulseDaemon: telemetry read via daemon (16 path(s))
2026-08-01 14:46:25 PulseDaemon: telemetry read via daemon (16 path(s))
2026-08-01 14:46:25 PulseAutoTdp: tgt=90 fps=90.0 jank=0 tail=11ms act=HOLD bn=CPU cpuB=25 cpuPk=72 primePk=72 io=0 gpuB=33 gpuL=7 capped=0 prk=0 stl=0 draw=5.87W cT=49 gT=46 caps%[0:35,2:85,5:35,7:70,-100:40] curMHz[0:787,2:2707,5:1075,7:2112] gpu=231 gcap=422[10/13] lrn=100
2026-08-01 14:46:25 PulseDaemon: cap write via daemon (2 node(s))
2026-08-01 14:46:25 PulseDaemon: cap write via daemon (3 node(s))
2026-08-01 14:46:25 PulseDaemon: cap write via daemon (2 node(s))
2026-08-01 14:46:26 PulseDaemon: telemetry read via daemon (16 path(s))
2026-08-01 14:46:28 PulseDaemon: telemetry read via daemon (16 path(s))
2026-08-01 14:46:28 PulseAutoTdp: AUTOTDP-SESSION tgt=90 bias=EFFICIENT wattCap=0 policies=0:2265600:0,1;2:3148800:2,3,4;5:2956800:5,6;7:3052800:7;-100:1050000:
2026-08-01 14:46:28 PulseAutoTdp: tgt=90 fps=90.0 jank=0 tail=11ms act=HOLD bn=CPU cpuB=23 cpuPk=79 primePk=79 io=0 gpuB=35 gpuL=7 capped=0 prk=0 stl=0 draw=5.29W cT=48 gT=46 caps%[0:35,2:85,5:35,7:70,-100:40] curMHz[0:787,2:2707,5:1075,7:2112] gpu=231 gcap=422[10/13] lrn=100
2026-08-01 14:46:28 PulseDaemon: cap write via daemon (2 node(s))
2026-08-01 14:46:28 PulseDaemon: cap write via daemon (3 node(s))
2026-08-01 14:46:28 PulseDaemon: cap write via daemon (2 node(s))
2026-08-01 14:46:29 PulseDaemon: telemetry read via daemon (16 path(s))
2026-08-01 14:46:30 PulseDaemon: telemetry read via daemon (16 path(s))
2026-08-01 14:46:31 PulseAutoTdp: tgt=90 fps=90.0 jank=0 tail=11ms act=HOLD bn=CPU cpuB=22 cpuPk=64 primePk=64 io=0 gpuB=36 gpuL=7 capped=0 prk=0 stl=0 draw=4.37W cT=49 gT=46 caps%[0:35,2:85,5:35,7:70,-100:40] curMHz[0:787,2:2707,5:1075,7:2112] gpu=231 gcap=422[10/13] lrn=100
2026-08-01 14:46:31 PulseDaemon: cap write via daemon (2 node(s))
2026-08-01 14:46:31 PulseDaemon: cap write via daemon (3 node(s))
2026-08-01 14:46:31 PulseDaemon: cap write via daemon (2 node(s))
2026-08-01 14:46:32 PulseDaemon: telemetry read via daemon (16 path(s))
2026-08-01 14:46:33 PulseDaemon: telemetry read via daemon (16 path(s))
2026-08-01 14:46:33 PulseAutoTdp: tgt=90 fps=90.0 jank=0 tail=11ms act=HOLD bn=CPU cpuB=23 cpuPk=72 primePk=72 io=0 gpuB=35 gpuL=7 capped=0 prk=0 stl=0 draw=4.33W cT=48 gT=46 caps%[0:35,2:85,5:35,7:70,-100:40] curMHz[0:787,2:2707,5:1075,7:2112] gpu=231 gcap=422[10/13] lrn=100
2026-08-01 14:46:33 PulseDaemon: cap write via daemon (2 node(s))
2026-08-01 14:46:33 PulseDaemon: cap write via daemon (3 node(s))
2026-08-01 14:46:33 PulseDaemon: cap write via daemon (2 node(s))
2026-08-01 14:46:35 PulseDaemon: telemetry read via daemon (16 path(s))
2026-08-01 14:46:36 PulseDaemon: telemetry read via daemon (16 path(s))
2026-08-01 14:46:36 PulseAutoTdp: tgt=90 fps=90.0 jank=0 tail=11ms act=HOLD bn=CPU cpuB=22 cpuPk=75 primePk=75 io=0 gpuB=36 gpuL=7 capped=0 prk=0 stl=0 draw=5.42W cT=48 gT=46 caps%[0:35,2:85,5:35,7:70,-100:40] curMHz[0:787,2:2707,5:1075,7:2112] gpu=231 gcap=422[10/13] lrn=100
2026-08-01 14:46:36 PulseDaemon: cap write via daemon (2 node(s))
2026-08-01 14:46:36 PulseDaemon: cap write via daemon (3 node(s))
2026-08-01 14:46:36 PulseDaemon: cap write via daemon (2 node(s))
2026-08-01 14:46:37 PulseDaemon: telemetry read via daemon (16 path(s))
2026-08-01 14:46:39 PulseDaemon: telemetry read via daemon (16 path(s))
2026-08-01 14:46:39 PulseAutoTdp: tgt=90 fps=90.0 jank=0 tail=11ms act=HOLD bn=CPU cpuB=22 cpuPk=74 primePk=74 io=0 gpuB=35 gpuL=7 capped=0 prk=0 stl=0 draw=4.43W cT=48 gT=46 caps%[0:35,2:85,5:35,7:70,-100:40] curMHz[0:787,2:2707,5:1075,7:2112] gpu=231 gcap=422[10/13] lrn=100
2026-08-01 14:46:39 PulseDaemon: cap write via daemon (2 node(s))
2026-08-01 14:46:40 PulseDaemon: telemetry read via daemon (16 path(s))
2026-08-01 14:46:41 PulseDaemon: telemetry read via daemon (16 path(s))
2026-08-01 14:46:42 PulseAutoTdp: tgt=90 fps=90.0 jank=0 tail=11ms act=HOLD bn=CPU cpuB=23 cpuPk=77 primePk=77 io=0 gpuB=36 gpuL=7 capped=0 prk=0 stl=0 draw=4.77W cT=48 gT=46 caps%[0:35,2:85,5:35,7:70,-100:40] curMHz[0:787,2:2707,5:1075,7:2112] mn/mx[0:787/787,2:499/2707,5:499/1075,7:480/2112] gpu=231 gcap=422[10/13] lrn=100
2026-08-01 14:46:42 PulseDaemon: cap write via daemon (2 node(s))
2026-08-01 14:46:43 PulseDaemon: cap write via daemon (3 node(s))
2026-08-01 14:46:43 PulseDaemon: cap write via daemon (2 node(s))
2026-08-01 14:46:44 PulseDaemon: telemetry read via daemon (16 path(s))
2026-08-01 14:46:45 PulseDaemon: telemetry read via daemon (16 path(s))
2026-08-01 14:46:45 PulseAutoTdp: tgt=90 fps=90.0 jank=0 tail=11ms act=HOLD bn=CPU cpuB=20 cpuPk=66 primePk=66 io=0 gpuB=30 gpuL=6 capped=0 prk=0 stl=0 draw=4.49W cT=47 gT=46 caps%[0:35,2:85,5:35,7:70,-100:40] curMHz[0:787,2:2707,5:1075,7:2112] gpu=231 gcap=422[10/13] lrn=100
2026-08-01 14:46:45 PulseDaemon: cap write via daemon (2 node(s))
2026-08-01 14:46:45 PulseDaemon: cap write via daemon (3 node(s))
2026-08-01 14:46:45 PulseDaemon: cap write via daemon (2 node(s))
2026-08-01 14:46:47 PulseDaemon: telemetry read via daemon (16 path(s))
2026-08-01 14:46:48 PulseDaemon: telemetry read via daemon (16 path(s))
2026-08-01 14:46:48 PulseAutoTdp: tgt=90 fps=90.0 jank=0 tail=11ms act=HOLD bn=CPU cpuB=22 cpuPk=67 primePk=67 io=0 gpuB=28 gpuL=6 capped=0 prk=0 stl=0 draw=4.30W cT=48 gT=45 caps%[0:35,2:85,5:35,7:70,-100:40] curMHz[0:787,2:2707,5:1075,7:2112] gpu=231 gcap=422[10/13] lrn=100
2026-08-01 14:46:48 PulseDaemon: cap write via daemon (2 node(s))
2026-08-01 14:46:48 PulseDaemon: cap write via daemon (3 node(s))
2026-08-01 14:46:48 PulseDaemon: cap write via daemon (2 node(s))
2026-08-01 14:46:50 PulseDaemon: telemetry read via daemon (16 path(s))
2026-08-01 14:46:51 PulseDaemon: telemetry read via daemon (16 path(s))
2026-08-01 14:46:51 PulseAutoTdp: tgt=90 fps=90.0 jank=0 tail=11ms act=HOLD bn=CPU cpuB=21 cpuPk=68 primePk=68 io=0 gpuB=29 gpuL=6 capped=0 prk=0 stl=0 draw=5.38W cT=48 gT=45 caps%[0:35,2:85,5:35,7:70,-100:40] curMHz[0:787,2:2707,5:1075,7:2112] gpu=231 gcap=422[10/13] lrn=100
2026-08-01 14:46:51 PulseDaemon: cap write via daemon (2 node(s))
2026-08-01 14:46:51 PulseDaemon: cap write via daemon (3 node(s))
2026-08-01 14:46:51 PulseDaemon: cap write via daemon (2 node(s))
2026-08-01 14:46:52 PulseDaemon: telemetry read via daemon (16 path(s))
2026-08-01 14:46:54 PulseDaemon: telemetry read via daemon (16 path(s))
2026-08-01 14:46:54 PulseAutoTdp: tgt=90 fps=90.0 jank=0 tail=11ms act=HOLD bn=CPU cpuB=21 cpuPk=66 primePk=66 io=0 gpuB=30 gpuL=6 capped=0 prk=0 stl=0 draw=5.21W cT=47 gT=45 caps%[0:35,2:85,5:35,7:70,-100:40] curMHz[0:787,2:2707,5:1075,7:2112] gpu=231 gcap=422[10/13] lrn=100
2026-08-01 14:46:54 PulseDaemon: cap write via daemon (2 node(s))
2026-08-01 14:46:54 PulseDaemon: cap write via daemon (3 node(s))
2026-08-01 14:46:54 PulseDaemon: cap write via daemon (2 node(s))
2026-08-01 14:46:55 PulseDaemon: telemetry read via daemon (16 path(s))
2026-08-01 14:46:57 PulseDaemon: telemetry read via daemon (16 path(s))
2026-08-01 14:46:57 PulseAutoTdp: tgt=90 fps=90.0 jank=0 tail=11ms act=HOLD bn=CPU cpuB=22 cpuPk=69 primePk=69 io=0 gpuB=28 gpuL=6 capped=0 prk=0 stl=0 draw=4.56W cT=48 gT=45 caps%[0:35,2:85,5:35,7:70,-100:40] curMHz[0:787,2:2707,5:1075,7:2112] gpu=231 gcap=422[10/13] lrn=100
2026-08-01 14:46:57 PulseDaemon: cap write via daemon (2 node(s))
2026-08-01 14:46:57 PulseDaemon: cap write via daemon (3 node(s))
2026-08-01 14:46:57 PulseDaemon: cap write via daemon (2 node(s))
2026-08-01 14:46:58 PulseDaemon: telemetry read via daemon (16 path(s))
2026-08-01 14:46:59 PulseDaemon: telemetry read via daemon (16 path(s))
2026-08-01 14:47:00 PulseAutoTdp: tgt=90 fps=90.0 jank=0 tail=11ms act=HOLD bn=CPU cpuB=20 cpuPk=68 primePk=68 io=0 gpuB=26 gpuL=5 capped=0 prk=0 stl=0 draw=5.14W cT=47 gT=45 caps%[0:35,2:85,5:35,7:70,-100:40] curMHz[0:787,2:2707,5:1075,7:2112] gpu=231 gcap=422[10/13] lrn=100
2026-08-01 14:47:00 PulseDaemon: cap write via daemon (2 node(s))
2026-08-01 14:47:00 PulseDaemon: cap write via daemon (3 node(s))
2026-08-01 14:47:00 PulseDaemon: cap write via daemon (2 node(s))
2026-08-01 14:47:01 PulseDaemon: telemetry read via daemon (16 path(s))
2026-08-01 14:47:02 PulseDaemon: telemetry read via daemon (16 path(s))
2026-08-01 14:47:02 PulseAutoTdp: tgt=90 fps=90.0 jank=0 tail=11ms act=HOLD bn=CPU cpuB=20 cpuPk=66 primePk=66 io=0 gpuB=26 gpuL=5 capped=0 prk=0 stl=0 draw=3.60W cT=46 gT=45 caps%[0:35,2:85,5:35,7:70,-100:40] curMHz[0:787,2:2707,5:1075,7:2112] gpu=231 gcap=422[10/13] lrn=100
2026-08-01 14:47:02 PulseDaemon: cap write via daemon (2 node(s))
2026-08-01 14:47:03 PulseDaemon: cap write via daemon (3 node(s))
2026-08-01 14:47:03 PulseDaemon: cap write via daemon (2 node(s))
2026-08-01 14:47:04 PulseDaemon: telemetry read via daemon (16 path(s))
2026-08-01 14:47:05 PulseDaemon: telemetry read via daemon (16 path(s))
2026-08-01 14:47:05 PulseAutoTdp: tgt=90 fps=90.0 jank=0 tail=11ms act=HOLD bn=CPU cpuB=20 cpuPk=70 primePk=70 io=0 gpuB=28 gpuL=6 capped=0 prk=0 stl=0 draw=5.16W cT=48 gT=45 caps%[0:35,2:85,5:35,7:70,-100:40] curMHz[0:787,2:2707,5:1075,7:2112] gpu=231 gcap=422[10/13] lrn=100
2026-08-01 14:47:05 PulseDaemon: cap write via daemon (2 node(s))
2026-08-01 14:47:05 PulseDaemon: cap write via daemon (3 node(s))
2026-08-01 14:47:05 PulseDaemon: cap write via daemon (2 node(s))
2026-08-01 14:47:07 PulseDaemon: telemetry read via daemon (16 path(s))
2026-08-01 14:47:08 PulseDaemon: telemetry read via daemon (16 path(s))
2026-08-01 14:47:08 PulseAutoTdp: tgt=90 fps=90.0 jank=0 tail=11ms act=HOLD bn=CPU cpuB=20 cpuPk=67 primePk=67 io=0 gpuB=27 gpuL=5 capped=0 prk=0 stl=0 draw=4.69W cT=47 gT=46 caps%[0:35,2:85,5:35,7:70,-100:40] curMHz[0:787,2:2707,5:1075,7:2112] gpu=231 gcap=422[10/13] lrn=100
2026-08-01 14:47:08 PulseDaemon: cap write via daemon (2 node(s))
2026-08-01 14:47:08 PulseDaemon: cap write via daemon (3 node(s))
2026-08-01 14:47:08 PulseDaemon: cap write via daemon (2 node(s))
2026-08-01 14:47:09 PulseDaemon: telemetry read via daemon (16 path(s))
2026-08-01 14:47:11 PulseDaemon: telemetry read via daemon (16 path(s))
2026-08-01 14:47:11 PulseAutoTdp: AUTOTDP-SESSION tgt=90 bias=EFFICIENT wattCap=0 policies=0:2265600:0,1;2:3148800:2,3,4;5:2956800:5,6;7:3052800:7;-100:1050000:
2026-08-01 14:47:12 PulseAutoTdp: tgt=90 fps=90.0 jank=0 tail=11ms act=HOLD bn=CPU cpuB=20 cpuPk=62 primePk=62 io=0 gpuB=26 gpuL=5 capped=0 prk=0 stl=0 draw=4.22W cT=46 gT=45 caps%[0:35,2:85,5:35,7:70,-100:40] curMHz[0:787,2:2707,5:1075,7:2112] mn/mx[0:364/787,2:499/2707,5:499/1075,7:480/2112] gpu=231 gcap=422[10/13] lrn=100
2026-08-01 14:47:12 PulseDaemon: cap write via xsu fallback (2 node(s), ~413 chars, chunked)
2026-08-01 14:47:12 PulseDaemon: cap write via daemon (3 node(s))
2026-08-01 14:47:12 PulseDaemon: cap write via daemon (2 node(s))
2026-08-01 14:47:13 PulseDaemon: telemetry read via daemon (16 path(s))
2026-08-01 14:47:14 PulseDaemon: telemetry read via daemon (16 path(s))
2026-08-01 14:47:15 PulseAutoTdp: tgt=90 fps=90.0 jank=0 tail=11ms act=HOLD bn=CPU cpuB=19 cpuPk=63 primePk=63 io=0 gpuB=26 gpuL=5 capped=0 prk=0 stl=0 draw=3.62W cT=47 gT=45 caps%[0:35,2:85,5:35,7:70,-100:40] curMHz[0:787,2:2707,5:1075,7:2112] gpu=231 gcap=422[10/13] lrn=100
2026-08-01 14:47:15 PulseDaemon: cap write via daemon (2 node(s))
2026-08-01 14:47:15 PulseDaemon: cap write via daemon (3 node(s))
2026-08-01 14:47:15 PulseDaemon: cap write via daemon (2 node(s))
2026-08-01 14:47:16 PulseDaemon: telemetry read via daemon (16 path(s))
2026-08-01 14:47:17 PulseDaemon: telemetry read via daemon (16 path(s))
2026-08-01 14:47:18 PulseAutoTdp: tgt=90 fps=90.0 jank=0 tail=11ms act=HOLD bn=CPU cpuB=19 cpuPk=61 primePk=61 io=0 gpuB=27 gpuL=5 capped=0 prk=0 stl=0 draw=5.16W cT=47 gT=45 caps%[0:35,2:85,5:35,7:70,-100:40] curMHz[0:787,2:2707,5:1075,7:2112] gpu=231 gcap=422[10/13] lrn=100
2026-08-01 14:47:18 PulseDaemon: cap write via daemon (2 node(s))
2026-08-01 14:47:18 PulseDaemon: cap write via daemon (3 node(s))
2026-08-01 14:47:18 PulseDaemon: cap write via daemon (2 node(s))
2026-08-01 14:47:19 PulseDaemon: telemetry read via daemon (16 path(s))
2026-08-01 14:47:20 PulseDaemon: telemetry read via daemon (16 path(s))
2026-08-01 14:47:20 PulseAutoTdp: tgt=90 fps=90.0 jank=0 tail=11ms act=HOLD bn=CPU cpuB=20 cpuPk=65 primePk=65 io=0 gpuB=25 gpuL=5 capped=0 prk=0 stl=0 draw=3.58W cT=46 gT=45 caps%[0:35,2:85,5:35,7:70,-100:40] curMHz[0:787,2:2707,5:1075,7:2112] gpu=231 gcap=422[10/13] lrn=100
2026-08-01 14:47:20 PulseDaemon: cap write via daemon (2 node(s))
2026-08-01 14:47:21 PulseDaemon: cap write via daemon (3 node(s))
2026-08-01 14:47:21 PulseDaemon: cap write via daemon (2 node(s))
2026-08-01 14:47:22 PulseDaemon: telemetry read via daemon (16 path(s))
2026-08-01 14:47:23 PulseDaemon: telemetry read via daemon (16 path(s))
2026-08-01 14:47:23 PulseAutoTdp: tgt=90 fps=90.0 jank=0 tail=11ms act=HOLD bn=CPU cpuB=19 cpuPk=71 primePk=71 io=0 gpuB=27 gpuL=5 capped=0 prk=0 stl=0 draw=4.18W cT=47 gT=45 caps%[0:35,2:85,5:35,7:70,-100:40] curMHz[0:787,2:2707,5:1075,7:2112] gpu=231 gcap=422[10/13] lrn=100
2026-08-01 14:47:23 PulseDaemon: cap write via daemon (2 node(s))
2026-08-01 14:47:23 PulseDaemon: cap write via daemon (3 node(s))
2026-08-01 14:47:25 PulseDaemon: telemetry read via daemon (16 path(s))
2026-08-01 14:47:26 PulseDaemon: telemetry read via daemon (16 path(s))
2026-08-01 14:47:26 PulseAutoTdp: tgt=90 fps=90.0 jank=0 tail=11ms act=HOLD bn=CPU cpuB=21 cpuPk=67 primePk=67 io=0 gpuB=28 gpuL=6 capped=0 prk=0 stl=0 draw=5.71W cT=47 gT=46 caps%[0:35,2:85,5:35,7:70,-100:40] curMHz[0:787,2:2707,5:1075,7:2112] gpu=231 gcap=422[10/13] lrn=100
2026-08-01 14:47:26 PulseDaemon: cap write via xsu fallback (2 node(s), ~413 chars, chunked)
2026-08-01 14:47:26 PulseDaemon: cap write via daemon (3 node(s))
2026-08-01 14:47:26 PulseDaemon: cap write via daemon (2 node(s))
2026-08-01 14:47:28 PulseDaemon: telemetry read via daemon (16 path(s))
2026-08-01 14:47:29 PulseDaemon: telemetry read via daemon (16 path(s))
2026-08-01 14:47:29 PulseAutoTdp: tgt=90 fps=90.0 jank=0 tail=11ms act=HOLD bn=CPU cpuB=21 cpuPk=66 primePk=66 io=0 gpuB=28 gpuL=6 capped=0 prk=0 stl=0 draw=4.57W cT=46 gT=45 caps%[0:35,2:85,5:35,7:70,-100:40] curMHz[0:787,2:2707,5:1075,7:2112] gpu=231 gcap=422[10/13] lrn=100
2026-08-01 14:47:29 PulseDaemon: cap write via daemon (2 node(s))
2026-08-01 14:47:29 PulseDaemon: cap write via daemon (3 node(s))
2026-08-01 14:47:29 PulseDaemon: cap write via daemon (2 node(s))
2026-08-01 14:47:30 PulseDaemon: telemetry read via daemon (16 path(s))
2026-08-01 14:47:32 PulseDaemon: telemetry read via daemon (16 path(s))
2026-08-01 14:47:32 PulseAutoTdp: tgt=90 fps=90.0 jank=0 tail=11ms act=HOLD bn=CPU cpuB=20 cpuPk=66 primePk=66 io=0 gpuB=27 gpuL=5 capped=0 prk=0 stl=0 draw=4.34W cT=46 gT=44 caps%[0:35,2:85,5:35,7:70,-100:40] curMHz[0:787,2:2707,5:1075,7:2112] gpu=231 gcap=422[10/13] lrn=100
2026-08-01 14:47:33 PulseDaemon: telemetry read via daemon (16 path(s))
2026-08-01 14:47:34 PulseDaemon: telemetry read via daemon (16 path(s))
2026-08-01 14:47:34 PulseAutoTdp: tgt=90 fps=90.0 jank=0 tail=11ms act=HOLD bn=CPU cpuB=20 cpuPk=69 primePk=69 io=0 gpuB=27 gpuL=5 capped=0 prk=0 stl=0 draw=3.78W cT=47 gT=45 caps%[0:35,2:85,5:35,7:70,-100:40] curMHz[0:787,2:2707,5:1075,7:2112] gpu=231 gcap=422[10/13] lrn=100
2026-08-01 14:47:35 PulseDaemon: cap write via daemon (3 node(s))
2026-08-01 14:47:35 PulseDaemon: cap write via daemon (2 node(s))
2026-08-01 14:47:36 PulseDaemon: telemetry read via daemon (16 path(s))
2026-08-01 14:47:37 PulseDaemon: telemetry read via daemon (16 path(s))
2026-08-01 14:47:37 PulseAutoTdp: tgt=90 fps=90.0 jank=0 tail=11ms act=HOLD bn=CPU cpuB=21 cpuPk=67 primePk=67 io=0 gpuB=27 gpuL=5 capped=0 prk=0 stl=0 draw=4.99W cT=47 gT=45 caps%[0:35,2:85,5:35,7:70,-100:40] curMHz[0:787,2:2707,5:1075,7:2112] gpu=231 gcap=422[10/13] lrn=100
2026-08-01 14:47:37 PulseDaemon: cap write via daemon (2 node(s))
2026-08-01 14:47:37 PulseDaemon: cap write via daemon (3 node(s))
2026-08-01 14:47:37 PulseDaemon: cap write via daemon (2 node(s))
2026-08-01 14:47:39 PulseDaemon: telemetry read via daemon (16 path(s))
2026-08-01 14:47:40 PulseDaemon: telemetry read via daemon (16 path(s))
2026-08-01 14:47:41 PulseAutoTdp: tgt=90 fps=90.0 jank=0 tail=11ms act=HOLD bn=CPU cpuB=21 cpuPk=72 primePk=72 io=0 gpuB=27 gpuL=5 capped=0 prk=0 stl=0 draw=4.36W cT=48 gT=45 caps%[0:35,2:85,5:35,7:70,-100:40] curMHz[0:787,2:2707,5:1075,7:2112] mn/mx[0:364/787,2:499/2707,5:499/1075,7:480/2112] gpu=231 gcap=422[10/13] lrn=100
2026-08-01 14:47:41 PulseDaemon: cap write via daemon (2 node(s))
2026-08-01 14:47:41 PulseDaemon: cap write via daemon (3 node(s))
2026-08-01 14:47:41 PulseDaemon: cap write via daemon (2 node(s))
2026-08-01 14:47:42 PulseDaemon: telemetry read via daemon (16 path(s))
2026-08-01 14:47:44 PulseDaemon: telemetry read via daemon (16 path(s))
2026-08-01 14:47:44 PulseAutoTdp: tgt=90 fps=90.0 jank=0 tail=11ms act=HOLD bn=CPU cpuB=21 cpuPk=70 primePk=70 io=0 gpuB=28 gpuL=6 capped=0 prk=0 stl=0 draw=4.45W cT=48 gT=45 caps%[0:35,2:85,5:35,7:70,-100:40] curMHz[0:787,2:2707,5:1075,7:2112] gpu=231 gcap=422[10/13] lrn=100
2026-08-01 14:47:44 PulseDaemon: cap write via daemon (2 node(s))
2026-08-01 14:47:44 PulseDaemon: cap write via daemon (3 node(s))
2026-08-01 14:47:44 PulseDaemon: cap write via daemon (2 node(s))
2026-08-01 14:47:45 PulseDaemon: telemetry read via daemon (16 path(s))
2026-08-01 14:47:46 PulseDaemon: telemetry read via daemon (16 path(s))
2026-08-01 14:47:47 PulseAutoTdp: tgt=90 fps=90.0 jank=0 tail=11ms act=HOLD bn=CPU cpuB=21 cpuPk=66 primePk=66 io=0 gpuB=27 gpuL=5 capped=0 prk=0 stl=0 draw=4.75W cT=47 gT=45 caps%[0:35,2:85,5:35,7:70,-100:40] curMHz[0:787,2:2707,5:1075,7:2112] gpu=231 gcap=422[10/13] lrn=100
2026-08-01 14:47:47 PulseDaemon: cap write via daemon (2 node(s))
2026-08-01 14:47:47 PulseDaemon: cap write via daemon (3 node(s))
2026-08-01 14:47:47 PulseDaemon: cap write via daemon (2 node(s))
2026-08-01 14:47:48 PulseDaemon: telemetry read via daemon (16 path(s))
2026-08-01 14:47:49 PulseDaemon: telemetry read via daemon (16 path(s))
2026-08-01 14:47:49 PulseAutoTdp: tgt=90 fps=90.0 jank=0 tail=11ms act=HOLD bn=CPU cpuB=22 cpuPk=69 primePk=69 io=0 gpuB=27 gpuL=5 capped=0 prk=0 stl=0 draw=5.03W cT=48 gT=45 caps%[0:35,2:85,5:35,7:70,-100:40] curMHz[0:787,2:2707,5:1075,7:2112] gpu=231 gcap=422[10/13] lrn=100
2026-08-01 14:47:49 PulseDaemon: cap write via daemon (2 node(s))
2026-08-01 14:47:49 PulseDaemon: cap write via daemon (3 node(s))
2026-08-01 14:47:50 PulseDaemon: cap write via daemon (2 node(s))
2026-08-01 14:47:51 PulseDaemon: telemetry read via daemon (16 path(s))
2026-08-01 14:47:52 PulseDaemon: telemetry read via daemon (16 path(s))
2026-08-01 14:47:52 PulseAutoTdp: tgt=90 fps=90.0 jank=0 tail=11ms act=HOLD bn=CPU cpuB=19 cpuPk=68 primePk=68 io=0 gpuB=25 gpuL=5 capped=0 prk=0 stl=0 draw=3.01W cT=47 gT=45 caps%[0:35,2:85,5:35,7:70,-100:40] curMHz[0:787,2:2707,5:1075,7:2112] gpu=231 gcap=422[10/13] lrn=100
2026-08-01 14:47:52 PulseDaemon: cap write via daemon (2 node(s))
2026-08-01 14:47:52 PulseDaemon: cap write via daemon (3 node(s))
2026-08-01 14:47:52 PulseDaemon: cap write via daemon (2 node(s))
2026-08-01 14:47:54 PulseDaemon: telemetry read via daemon (16 path(s))
2026-08-01 14:47:55 PulseDaemon: telemetry read via daemon (16 path(s))
2026-08-01 14:47:55 PulseAutoTdp: AUTOTDP-SESSION tgt=90 bias=EFFICIENT wattCap=0 policies=0:2265600:0,1;2:3148800:2,3,4;5:2956800:5,6;7:3052800:7;-100:1050000:
2026-08-01 14:47:55 PulseAutoTdp: tgt=90 fps=90.0 jank=0 tail=11ms act=HOLD bn=CPU cpuB=20 cpuPk=66 primePk=66 io=0 gpuB=25 gpuL=5 capped=0 prk=0 stl=0 draw=4.84W cT=46 gT=45 caps%[0:35,2:85,5:35,7:70,-100:40] curMHz[0:787,2:2707,5:1075,7:2112] gpu=231 gcap=422[10/13] lrn=100
2026-08-01 14:47:55 PulseDaemon: cap write via daemon (2 node(s))
2026-08-01 14:47:55 PulseDaemon: cap write via daemon (3 node(s))
2026-08-01 14:47:55 PulseDaemon: cap write via daemon (2 node(s))
2026-08-01 14:47:56 PulseDaemon: telemetry read via daemon (16 path(s))
2026-08-01 14:47:58 PulseDaemon: telemetry read via daemon (16 path(s))
2026-08-01 14:47:58 PulseAutoTdp: tgt=90 fps=90.0 jank=0 tail=11ms act=HOLD bn=CPU cpuB=20 cpuPk=65 primePk=65 io=0 gpuB=25 gpuL=5 capped=0 prk=0 stl=0 draw=6.05W cT=48 gT=45 caps%[0:35,2:85,5:35,7:70,-100:40] curMHz[0:787,2:2707,5:1075,7:2112] gpu=231 gcap=422[10/13] lrn=100
2026-08-01 14:47:58 PulseDaemon: cap write via daemon (2 node(s))
2026-08-01 14:47:58 PulseDaemon: cap write via daemon (3 node(s))
2026-08-01 14:47:58 PulseDaemon: cap write via daemon (2 node(s))
2026-08-01 14:47:59 PulseDaemon: telemetry read via daemon (16 path(s))
2026-08-01 14:48:01 PulseDaemon: telemetry read via daemon (16 path(s))
2026-08-01 14:48:01 PulseAutoTdp: tgt=90 fps=90.0 jank=0 tail=11ms act=HOLD bn=CPU cpuB=21 cpuPk=67 primePk=67 io=0 gpuB=28 gpuL=6 capped=0 prk=0 stl=0 draw=4.14W cT=47 gT=45 caps%[0:35,2:85,5:35,7:70,-100:40] curMHz[0:787,2:2707,5:1075,7:2112] gpu=231 gcap=422[10/13] lrn=100
2026-08-01 14:48:01 PulseDaemon: cap write via daemon (2 node(s))
2026-08-01 14:48:01 PulseDaemon: cap write via daemon (3 node(s))
2026-08-01 14:48:01 PulseDaemon: cap write via daemon (2 node(s))
2026-08-01 14:48:02 PulseDaemon: telemetry read via daemon (16 path(s))
2026-08-01 14:48:03 PulseDaemon: telemetry read via daemon (16 path(s))
2026-08-01 14:48:04 PulseAutoTdp: tgt=90 fps=90.0 jank=0 tail=11ms act=HOLD bn=CPU cpuB=22 cpuPk=66 primePk=66 io=0 gpuB=28 gpuL=6 capped=0 prk=0 stl=0 draw=4.25W cT=47 gT=45 caps%[0:35,2:85,5:35,7:70,-100:40] curMHz[0:787,2:2707,5:1075,7:2112] gpu=231 gcap=422[10/13] lrn=100
2026-08-01 14:48:04 PulseDaemon: cap write via daemon (2 node(s))
2026-08-01 14:48:04 PulseDaemon: cap write via daemon (3 node(s))
2026-08-01 14:48:04 PulseDaemon: cap write via daemon (2 node(s))
2026-08-01 14:48:05 PulseDaemon: telemetry read via daemon (16 path(s))
2026-08-01 14:48:06 PulseDaemon: telemetry read via daemon (16 path(s))
2026-08-01 14:48:06 PulseAutoTdp: tgt=90 fps=90.0 jank=0 tail=11ms act=HOLD bn=CPU cpuB=22 cpuPk=67 primePk=67 io=0 gpuB=28 gpuL=6 capped=0 prk=0 stl=0 draw=5.30W cT=47 gT=45 caps%[0:35,2:85,5:35,7:70,-100:40] curMHz[0:787,2:2707,5:1075,7:2112] gpu=231 gcap=422[10/13] lrn=100
2026-08-01 14:48:08 PulseDaemon: telemetry read via daemon (16 path(s))
2026-08-01 14:48:09 PulseDaemon: telemetry read via daemon (16 path(s))
2026-08-01 14:48:10 PulseAutoTdp: tgt=90 fps=90.0 jank=0 tail=11ms act=HOLD bn=CPU cpuB=21 cpuPk=67 primePk=67 io=0 gpuB=28 gpuL=6 capped=0 prk=0 stl=0 draw=4.00W cT=46 gT=45 caps%[0:35,2:85,5:35,7:70,-100:40] curMHz[0:787,2:2707,5:1075,7:2112] mn/mx[0:787/787,2:499/2707,5:499/1075,7:480/2112] gpu=231 gcap=422[10/13] lrn=100
2026-08-01 14:48:10 PulseDaemon: cap write via daemon (2 node(s))
2026-08-01 14:48:10 PulseDaemon: cap write via daemon (3 node(s))
2026-08-01 14:48:10 PulseDaemon: cap write via daemon (2 node(s))
2026-08-01 14:48:11 PulseDaemon: telemetry read via daemon (16 path(s))
2026-08-01 14:48:13 PulseDaemon: telemetry read via daemon (16 path(s))
2026-08-01 14:48:13 PulseAutoTdp: tgt=90 fps=90.0 jank=0 tail=11ms act=HOLD bn=CPU cpuB=21 cpuPk=66 primePk=66 io=0 gpuB=29 gpuL=6 capped=0 prk=0 stl=0 draw=4.38W cT=48 gT=45 caps%[0:35,2:85,5:35,7:70,-100:40] curMHz[0:787,2:2707,5:1075,7:2112] gpu=231 gcap=422[10/13] lrn=100
2026-08-01 14:48:13 PulseDaemon: cap write via daemon (2 node(s))
2026-08-01 14:48:13 PulseDaemon: cap write via daemon (3 node(s))
2026-08-01 14:48:13 PulseDaemon: cap write via daemon (2 node(s))
2026-08-01 14:48:14 PulseDaemon: telemetry read via daemon (16 path(s))
2026-08-01 14:48:15 PulseDaemon: telemetry read via daemon (16 path(s))
2026-08-01 14:48:15 PulseAutoTdp: tgt=90 fps=90.0 jank=0 tail=11ms act=HOLD bn=CPU cpuB=21 cpuPk=68 primePk=68 io=0 gpuB=28 gpuL=6 capped=0 prk=0 stl=0 draw=4.90W cT=46 gT=45 caps%[0:35,2:85,5:35,7:70,-100:40] curMHz[0:787,2:2707,5:1075,7:2112] gpu=231 gcap=422[10/13] lrn=100
2026-08-01 14:48:16 PulseDaemon: cap write via daemon (3 node(s))
2026-08-01 14:48:16 PulseDaemon: cap write via daemon (2 node(s))
2026-08-01 14:48:17 PulseDaemon: telemetry read via daemon (16 path(s))
2026-08-01 14:48:18 PulseDaemon: telemetry read via daemon (16 path(s))
2026-08-01 14:48:18 PulseAutoTdp: tgt=90 fps=90.0 jank=0 tail=11ms act=HOLD bn=CPU cpuB=21 cpuPk=67 primePk=67 io=0 gpuB=30 gpuL=6 capped=0 prk=0 stl=0 draw=4.31W cT=46 gT=45 caps%[0:35,2:85,5:35,7:70,-100:40] curMHz[0:787,2:2707,5:1075,7:2112] gpu=231 gcap=422[10/13] lrn=100
2026-08-01 14:48:18 PulseDaemon: cap write via daemon (2 node(s))
2026-08-01 14:48:18 PulseDaemon: cap write via daemon (3 node(s))
2026-08-01 14:48:18 PulseDaemon: cap write via daemon (2 node(s))
2026-08-01 14:48:20 PulseDaemon: telemetry read via daemon (16 path(s))
2026-08-01 14:48:21 PulseDaemon: telemetry read via daemon (16 path(s))
2026-08-01 14:48:21 PulseAutoTdp: tgt=90 fps=90.0 jank=0 tail=11ms act=HOLD bn=CPU cpuB=21 cpuPk=67 primePk=67 io=0 gpuB=27 gpuL=5 capped=0 prk=0 stl=0 draw=3.32W cT=47 gT=45 caps%[0:35,2:85,5:35,7:70,-100:40] curMHz[0:787,2:2707,5:1075,7:2112] gpu=231 gcap=422[10/13] lrn=100
2026-08-01 14:48:21 PulseDaemon: cap write via daemon (2 node(s))
2026-08-01 14:48:21 PulseDaemon: cap write via daemon (3 node(s))
2026-08-01 14:48:21 PulseDaemon: cap write via daemon (2 node(s))
2026-08-01 14:48:22 PulseDaemon: telemetry read via daemon (16 path(s))
2026-08-01 14:48:24 PulseDaemon: telemetry read via daemon (16 path(s))
2026-08-01 14:48:24 PulseAutoTdp: tgt=90 fps=90.0 jank=0 tail=11ms act=HOLD bn=CPU cpuB=21 cpuPk=68 primePk=68 io=0 gpuB=30 gpuL=6 capped=0 prk=0 stl=0 draw=4.90W cT=47 gT=46 caps%[0:35,2:85,5:35,7:70,-100:40] curMHz[0:787,2:2707,5:1075,7:2112] gpu=231 gcap=422[10/13] lrn=100
2026-08-01 14:48:24 PulseDaemon: cap write via daemon (2 node(s))
2026-08-01 14:48:24 PulseDaemon: cap write via daemon (3 node(s))
2026-08-01 14:48:24 PulseDaemon: cap write via daemon (2 node(s))
2026-08-01 14:48:25 PulseDaemon: telemetry read via daemon (16 path(s))
2026-08-01 14:48:27 PulseDaemon: telemetry read via daemon (16 path(s))
2026-08-01 14:48:27 PulseAutoTdp: tgt=90 fps=90.0 jank=0 tail=11ms act=HOLD bn=CPU cpuB=21 cpuPk=67 primePk=67 io=0 gpuB=31 gpuL=6 capped=0 prk=0 stl=0 draw=3.29W cT=47 gT=46 caps%[0:35,2:85,5:35,7:70,-100:40] curMHz[0:787,2:2707,5:1075,7:2112] gpu=231 gcap=422[10/13] lrn=100
2026-08-01 14:48:27 PulseDaemon: cap write via daemon (2 node(s))
2026-08-01 14:48:27 PulseDaemon: cap write via daemon (3 node(s))
2026-08-01 14:48:27 PulseDaemon: cap write via daemon (2 node(s))
2026-08-01 14:48:28 PulseDaemon: telemetry read via daemon (16 path(s))
2026-08-01 14:48:30 PulseDaemon: telemetry read via daemon (16 path(s))
2026-08-01 14:48:30 PulseAutoTdp: tgt=90 fps=90.0 jank=0 tail=11ms act=HOLD bn=CPU cpuB=21 cpuPk=66 primePk=66 io=0 gpuB=28 gpuL=6 capped=0 prk=0 stl=0 draw=4.62W cT=47 gT=44 caps%[0:35,2:85,5:35,7:70,-100:40] curMHz[0:787,2:2707,5:1075,7:2112] gpu=231 gcap=422[10/13] lrn=100
2026-08-01 14:48:30 PulseDaemon: cap write via daemon (2 node(s))
2026-08-01 14:48:30 PulseDaemon: cap write via daemon (3 node(s))
2026-08-01 14:48:30 PulseDaemon: cap write via daemon (2 node(s))
2026-08-01 14:48:31 PulseDaemon: telemetry read via daemon (16 path(s))
2026-08-01 14:48:32 PulseDaemon: telemetry read via daemon (16 path(s))
2026-08-01 14:48:32 PulseAutoTdp: tgt=90 fps=90.0 jank=0 tail=11ms act=HOLD bn=CPU cpuB=20 cpuPk=66 primePk=66 io=0 gpuB=27 gpuL=5 capped=0 prk=0 stl=0 draw=4.54W cT=47 gT=44 caps%[0:35,2:85,5:35,7:70,-100:40] curMHz[0:787,2:2707,5:1075,7:2112] gpu=231 gcap=422[10/13] lrn=100
2026-08-01 14:48:33 PulseDaemon: cap write via daemon (2 node(s))
2026-08-01 14:48:33 PulseDaemon: cap write via daemon (3 node(s))
2026-08-01 14:48:33 PulseDaemon: cap write via daemon (2 node(s))
2026-08-01 14:48:34 PulseDaemon: telemetry read via daemon (16 path(s))
2026-08-01 14:48:35 PulseDaemon: telemetry read via daemon (16 path(s))
2026-08-01 14:48:35 PulseAutoTdp: tgt=90 fps=90.0 jank=0 tail=11ms act=HOLD bn=CPU cpuB=21 cpuPk=70 primePk=70 io=0 gpuB=26 gpuL=5 capped=0 prk=0 stl=0 draw=4.49W cT=47 gT=44 caps%[0:35,2:85,5:35,7:70,-100:40] curMHz[0:787,2:2707,5:1075,7:2112] gpu=231 gcap=422[10/13] lrn=100
2026-08-01 14:48:35 PulseDaemon: cap write via daemon (2 node(s))
2026-08-01 14:48:35 PulseDaemon: cap write via daemon (3 node(s))
2026-08-01 14:48:35 PulseDaemon: cap write via daemon (2 node(s))
2026-08-01 14:48:37 PulseDaemon: telemetry read via daemon (16 path(s))
2026-08-01 14:48:38 PulseDaemon: telemetry read via daemon (16 path(s))
2026-08-01 14:48:38 PulseAutoTdp: AUTOTDP-SESSION tgt=90 bias=EFFICIENT wattCap=0 policies=0:2265600:0,1;2:3148800:2,3,4;5:2956800:5,6;7:3052800:7;-100:1050000:
2026-08-01 14:48:39 PulseAutoTdp: tgt=90 fps=90.0 jank=0 tail=11ms act=HOLD bn=CPU cpuB=21 cpuPk=68 primePk=68 io=0 gpuB=26 gpuL=5 capped=0 prk=0 stl=0 draw=5.04W cT=47 gT=45 caps%[0:35,2:85,5:35,7:70,-100:40] curMHz[0:787,2:2707,5:1075,7:2112] mn/mx[0:787/787,2:499/2707,5:499/1075,7:480/2112] gpu=231 gcap=422[10/13] lrn=100
2026-08-01 14:48:39 PulseDaemon: cap write via daemon (2 node(s))
2026-08-01 14:48:39 PulseDaemon: cap write via daemon (3 node(s))
2026-08-01 14:48:39 PulseDaemon: cap write via daemon (2 node(s))
2026-08-01 14:48:40 PulseDaemon: telemetry read via daemon (16 path(s))
2026-08-01 14:48:42 PulseDaemon: telemetry read via daemon (16 path(s))
2026-08-01 14:48:42 PulseAutoTdp: tgt=90 fps=90.0 jank=0 tail=11ms act=HOLD bn=CPU cpuB=24 cpuPk=74 primePk=74 io=0 gpuB=35 gpuL=7 capped=0 prk=0 stl=0 draw=4.77W cT=48 gT=46 caps%[0:35,2:85,5:35,7:70,-100:40] curMHz[0:787,2:2707,5:1075,7:2112] gpu=231 gcap=422[10/13] lrn=100
2026-08-01 14:48:42 PulseDaemon: cap write via daemon (2 node(s))
2026-08-01 14:48:42 PulseDaemon: cap write via daemon (3 node(s))
2026-08-01 14:48:42 PulseDaemon: cap write via daemon (2 node(s))
2026-08-01 14:48:43 PulseDaemon: telemetry read via daemon (16 path(s))
2026-08-01 14:48:44 PulseDaemon: telemetry read via daemon (16 path(s))
2026-08-01 14:48:44 PulseAutoTdp: tgt=90 fps=90.0 jank=0 tail=11ms act=HOLD bn=CPU cpuB=24 cpuPk=77 primePk=77 io=0 gpuB=33 gpuL=7 capped=0 prk=0 stl=0 draw=4.61W cT=48 gT=46 caps%[0:35,2:85,5:35,7:70,-100:40] curMHz[0:787,2:2707,5:1075,7:2112] gpu=231 gcap=422[10/13] lrn=100
2026-08-01 14:48:44 PulseDaemon: cap write via daemon (2 node(s))
2026-08-01 14:48:45 PulseDaemon: cap write via daemon (3 node(s))
2026-08-01 14:48:45 PulseDaemon: cap write via daemon (2 node(s))
2026-08-01 14:48:46 PulseDaemon: telemetry read via daemon (16 path(s))
2026-08-01 14:48:47 PulseDaemon: telemetry read via daemon (16 path(s))
2026-08-01 14:48:47 PulseAutoTdp: tgt=90 fps=90.0 jank=0 tail=11ms act=HOLD bn=CPU cpuB=23 cpuPk=77 primePk=77 io=0 gpuB=34 gpuL=7 capped=0 prk=0 stl=0 draw=4.93W cT=48 gT=46 caps%[0:35,2:85,5:35,7:70,-100:40] curMHz[0:787,2:2707,5:1075,7:2112] gpu=231 gcap=422[10/13] lrn=100
2026-08-01 14:48:47 PulseDaemon: cap write via daemon (2 node(s))
2026-08-01 14:48:47 PulseDaemon: cap write via daemon (3 node(s))
2026-08-01 14:48:47 PulseDaemon: cap write via daemon (2 node(s))
2026-08-01 14:48:49 PulseDaemon: telemetry read via daemon (16 path(s))
2026-08-01 14:48:50 PulseDaemon: telemetry read via daemon (16 path(s))
2026-08-01 14:48:50 PulseAutoTdp: tgt=90 fps=90.0 jank=0 tail=11ms act=HOLD bn=CPU cpuB=23 cpuPk=75 primePk=75 io=0 gpuB=34 gpuL=7 capped=0 prk=0 stl=0 draw=4.34W cT=48 gT=46 caps%[0:35,2:85,5:35,7:70,-100:40] curMHz[0:787,2:2707,5:1075,7:2112] gpu=231 gcap=422[10/13] lrn=100
2026-08-01 14:48:50 PulseDaemon: cap write via xsu fallback (2 node(s), ~413 chars, chunked)
2026-08-01 14:48:51 PulseDaemon: telemetry read via daemon (16 path(s))
2026-08-01 14:48:53 PulseDaemon: telemetry read via daemon (16 path(s))
2026-08-01 14:48:53 PulseAutoTdp: tgt=90 fps=90.0 jank=0 tail=11ms act=HOLD bn=CPU cpuB=24 cpuPk=73 primePk=73 io=0 gpuB=35 gpuL=7 capped=0 prk=0 stl=0 draw=4.98W cT=48 gT=46 caps%[0:35,2:85,5:35,7:70,-100:40] curMHz[0:787,2:2707,5:1075,7:2112] gpu=231 gcap=422[10/13] lrn=100
2026-08-01 14:48:53 PulseDaemon: cap write via daemon (2 node(s))
2026-08-01 14:48:53 PulseDaemon: cap write via daemon (3 node(s))
2026-08-01 14:48:53 PulseDaemon: cap write via daemon (2 node(s))
2026-08-01 14:48:54 PulseDaemon: telemetry read via daemon (16 path(s))
2026-08-01 14:48:56 PulseDaemon: telemetry read via daemon (16 path(s))
2026-08-01 14:48:56 PulseAutoTdp: tgt=90 fps=90.0 jank=0 tail=11ms act=HOLD bn=CPU cpuB=25 cpuPk=73 primePk=73 io=0 gpuB=35 gpuL=7 capped=0 prk=0 stl=0 draw=5.20W cT=49 gT=46 caps%[0:35,2:85,5:35,7:70,-100:40] curMHz[0:787,2:2707,5:1075,7:2112] gpu=231 gcap=422[10/13] lrn=100
2026-08-01 14:48:56 PulseDaemon: cap write via daemon (2 node(s))
2026-08-01 14:48:56 PulseDaemon: cap write via daemon (3 node(s))
2026-08-01 14:48:56 PulseDaemon: cap write via daemon (2 node(s))
2026-08-01 14:48:57 PulseDaemon: telemetry read via daemon (16 path(s))
2026-08-01 14:48:58 PulseDaemon: telemetry read via daemon (16 path(s))
2026-08-01 14:48:58 PulseAutoTdp: tgt=90 fps=90.0 jank=0 tail=11ms act=HOLD bn=CPU cpuB=23 cpuPk=75 primePk=75 io=0 gpuB=35 gpuL=7 capped=0 prk=0 stl=0 draw=4.57W cT=48 gT=46 caps%[0:35,2:85,5:35,7:70,-100:40] curMHz[0:787,2:2707,5:1075,7:2112] gpu=231 gcap=422[10/13] lrn=100
2026-08-01 14:48:58 PulseDaemon: cap write via daemon (2 node(s))
2026-08-01 14:48:58 PulseDaemon: cap write via daemon (3 node(s))
2026-08-01 14:48:59 PulseDaemon: cap write via daemon (2 node(s))
2026-08-01 14:49:00 PulseDaemon: telemetry read via daemon (16 path(s))
2026-08-01 14:49:01 PulseDaemon: telemetry read via daemon (16 path(s))
2026-08-01 14:49:01 PulseAutoTdp: tgt=90 fps=90.0 jank=0 tail=11ms act=HOLD bn=CPU cpuB=21 cpuPk=67 primePk=67 io=0 gpuB=27 gpuL=5 capped=0 prk=0 stl=0 draw=4.16W cT=47 gT=46 caps%[0:35,2:85,5:35,7:70,-100:40] curMHz[0:787,2:2707,5:1075,7:2112] gpu=231 gcap=422[10/13] lrn=100
2026-08-01 14:49:01 PulseDaemon: cap write via daemon (2 node(s))
2026-08-01 14:49:01 PulseDaemon: cap write via daemon (3 node(s))
2026-08-01 14:49:01 PulseDaemon: cap write via daemon (2 node(s))
2026-08-01 14:49:03 PulseDaemon: telemetry read via daemon (16 path(s))
2026-08-01 14:49:04 PulseDaemon: telemetry read via daemon (16 path(s))
2026-08-01 14:49:04 PulseAutoTdp: tgt=90 fps=90.0 jank=0 tail=11ms act=HOLD bn=CPU cpuB=19 cpuPk=65 primePk=65 io=0 gpuB=26 gpuL=5 capped=0 prk=0 stl=0 draw=3.66W cT=47 gT=45 caps%[0:35,2:85,5:35,7:70,-100:40] curMHz[0:787,2:2707,5:1075,7:2112] gpu=231 gcap=422[10/13] lrn=100
2026-08-01 14:49:04 PulseDaemon: cap write via daemon (2 node(s))
2026-08-01 14:49:04 PulseDaemon: cap write via daemon (3 node(s))
2026-08-01 14:49:04 PulseDaemon: cap write via daemon (2 node(s))
2026-08-01 14:49:05 PulseDaemon: telemetry read via daemon (16 path(s))
2026-08-01 14:49:07 PulseDaemon: telemetry read via daemon (16 path(s))
2026-08-01 14:49:08 PulseAutoTdp: tgt=90 fps=90.0 jank=0 tail=11ms act=HOLD bn=CPU cpuB=20 cpuPk=63 primePk=63 io=0 gpuB=26 gpuL=5 capped=0 prk=0 stl=0 draw=5.30W cT=47 gT=45 caps%[0:35,2:85,5:35,7:70,-100:40] curMHz[0:787,2:2707,5:1075,7:2112] mn/mx[0:787/787,2:499/2707,5:499/1075,7:480/2112] gpu=231 gcap=422[10/13] lrn=100
2026-08-01 14:49:08 PulseDaemon: cap write via daemon (2 node(s))
2026-08-01 14:49:08 PulseDaemon: cap write via daemon (3 node(s))
2026-08-01 14:49:08 PulseDaemon: cap write via daemon (2 node(s))
2026-08-01 14:49:09 PulseDaemon: telemetry read via daemon (16 path(s))
2026-08-01 14:49:10 PulseDaemon: telemetry read via daemon (16 path(s))
2026-08-01 14:49:10 PulseAutoTdp: tgt=90 fps=90.0 jank=0 tail=11ms act=HOLD bn=CPU cpuB=20 cpuPk=66 primePk=66 io=0 gpuB=28 gpuL=6 capped=0 prk=0 stl=0 draw=5.36W cT=47 gT=45 caps%[0:35,2:85,5:35,7:70,-100:40] curMHz[0:787,2:2707,5:1075,7:2112] gpu=231 gcap=422[10/13] lrn=100
2026-08-01 14:49:10 PulseDaemon: cap write via xsu fallback (2 node(s), ~413 chars, chunked)
2026-08-01 14:49:11 PulseDaemon: cap write via daemon (3 node(s))
2026-08-01 14:49:11 PulseDaemon: cap write via daemon (2 node(s))
2026-08-01 14:49:12 PulseDaemon: telemetry read via daemon (16 path(s))
2026-08-01 14:49:13 PulseDaemon: telemetry read via daemon (16 path(s))
2026-08-01 14:49:13 PulseAutoTdp: tgt=90 fps=90.0 jank=0 tail=11ms act=HOLD bn=CPU cpuB=21 cpuPk=68 primePk=68 io=0 gpuB=27 gpuL=5 capped=0 prk=0 stl=0 draw=4.41W cT=48 gT=45 caps%[0:35,2:85,5:35,7:70,-100:40] curMHz[0:787,2:2707,5:1075,7:2112] gpu=231 gcap=422[10/13] lrn=100
2026-08-01 14:49:13 PulseDaemon: cap write via daemon (2 node(s))
2026-08-01 14:49:13 PulseDaemon: cap write via daemon (3 node(s))
2026-08-01 14:49:14 PulseDaemon: cap write via daemon (2 node(s))
2026-08-01 14:49:15 PulseDaemon: telemetry read via daemon (16 path(s))
2026-08-01 14:49:16 PulseDaemon: telemetry read via daemon (16 path(s))
2026-08-01 14:49:16 PulseAutoTdp: tgt=90 fps=90.0 jank=0 tail=11ms act=HOLD bn=CPU cpuB=20 cpuPk=62 primePk=62 io=0 gpuB=30 gpuL=6 capped=0 prk=0 stl=0 draw=3.81W cT=46 gT=45 caps%[0:35,2:85,5:35,7:70,-100:40] curMHz[0:787,2:2707,5:1075,7:2112] gpu=231 gcap=422[10/13] lrn=100
2026-08-01 14:49:16 PulseDaemon: cap write via daemon (2 node(s))
2026-08-01 14:49:16 PulseDaemon: cap write via daemon (3 node(s))
2026-08-01 14:49:16 PulseDaemon: cap write via daemon (2 node(s))
2026-08-01 14:49:18 PulseDaemon: telemetry read via daemon (16 path(s))
2026-08-01 14:49:19 PulseDaemon: telemetry read via daemon (16 path(s))
2026-08-01 14:49:19 PulseAutoTdp: tgt=90 fps=90.0 jank=0 tail=11ms act=HOLD bn=CPU cpuB=20 cpuPk=65 primePk=65 io=0 gpuB=26 gpuL=5 capped=0 prk=0 stl=0 draw=4.37W cT=47 gT=45 caps%[0:35,2:85,5:35,7:70,-100:40] curMHz[0:787,2:2707,5:1075,7:2112] gpu=231 gcap=422[10/13] lrn=100
2026-08-01 14:49:19 PulseDaemon: cap write via daemon (2 node(s))
2026-08-01 14:49:19 PulseDaemon: cap write via daemon (3 node(s))
2026-08-01 14:49:19 PulseDaemon: cap write via daemon (2 node(s))
2026-08-01 14:49:20 PulseDaemon: telemetry read via daemon (16 path(s))
2026-08-01 14:49:22 PulseDaemon: telemetry read via daemon (16 path(s))
2026-08-01 14:49:22 PulseAutoTdp: AUTOTDP-SESSION tgt=90 bias=EFFICIENT wattCap=0 policies=0:2265600:0,1;2:3148800:2,3,4;5:2956800:5,6;7:3052800:7;-100:1050000:
2026-08-01 14:49:22 PulseAutoTdp: tgt=90 fps=90.0 jank=0 tail=11ms act=HOLD bn=CPU cpuB=20 cpuPk=65 primePk=65 io=0 gpuB=25 gpuL=5 capped=0 prk=0 stl=0 draw=3.47W cT=46 gT=44 caps%[0:35,2:85,5:35,7:70,-100:40] curMHz[0:787,2:2707,5:1075,7:2112] gpu=231 gcap=422[10/13] lrn=100
2026-08-01 14:49:22 PulseDaemon: cap write via daemon (2 node(s))
2026-08-01 14:49:22 PulseDaemon: cap write via daemon (3 node(s))
2026-08-01 14:49:22 PulseDaemon: cap write via daemon (2 node(s))
2026-08-01 14:49:23 PulseDaemon: telemetry read via daemon (16 path(s))
2026-08-01 14:49:25 PulseDaemon: telemetry read via daemon (16 path(s))
2026-08-01 14:49:25 PulseAutoTdp: tgt=90 fps=90.0 jank=0 tail=11ms act=HOLD bn=CPU cpuB=20 cpuPk=67 primePk=67 io=0 gpuB=26 gpuL=5 capped=0 prk=0 stl=0 draw=3.97W cT=46 gT=45 caps%[0:35,2:85,5:35,7:70,-100:40] curMHz[0:787,2:2707,5:1075,7:2112] gpu=231 gcap=422[10/13] lrn=100
2026-08-01 14:49:25 PulseDaemon: cap write via daemon (3 node(s))
2026-08-01 14:49:25 PulseDaemon: cap write via daemon (2 node(s))
2026-08-01 14:49:26 PulseDaemon: telemetry read via daemon (16 path(s))
2026-08-01 14:49:27 PulseDaemon: telemetry read via daemon (16 path(s))
2026-08-01 14:49:27 PulseAutoTdp: tgt=90 fps=90.0 jank=0 tail=11ms act=HOLD bn=CPU cpuB=20 cpuPk=65 primePk=65 io=0 gpuB=26 gpuL=5 capped=0 prk=0 stl=0 draw=3.49W cT=47 gT=45 caps%[0:35,2:85,5:35,7:70,-100:40] curMHz[0:787,2:2707,5:1075,7:2112] gpu=231 gcap=422[10/13] lrn=100
2026-08-01 14:49:28 PulseDaemon: cap write via daemon (2 node(s))
2026-08-01 14:49:28 PulseDaemon: cap write via daemon (3 node(s))
2026-08-01 14:49:28 PulseDaemon: cap write via daemon (2 node(s))
2026-08-01 14:49:29 PulseDaemon: telemetry read via daemon (16 path(s))
2026-08-01 14:49:30 PulseDaemon: telemetry read via daemon (16 path(s))
2026-08-01 14:49:30 PulseAutoTdp: tgt=90 fps=90.0 jank=0 tail=11ms act=HOLD bn=CPU cpuB=20 cpuPk=71 primePk=71 io=0 gpuB=26 gpuL=5 capped=0 prk=0 stl=0 draw=4.66W cT=47 gT=45 caps%[0:35,2:85,5:35,7:70,-100:40] curMHz[0:787,2:2707,5:1075,7:2112] gpu=231 gcap=422[10/13] lrn=100
2026-08-01 14:49:30 PulseDaemon: cap write via daemon (2 node(s))
2026-08-01 14:49:30 PulseDaemon: cap write via daemon (2 node(s))
2026-08-01 14:49:32 PulseDaemon: telemetry read via daemon (16 path(s))
2026-08-01 14:49:33 PulseDaemon: telemetry read via daemon (16 path(s))
2026-08-01 14:49:33 PulseAutoTdp: tgt=90 fps=90.0 jank=0 tail=11ms act=HOLD bn=CPU cpuB=19 cpuPk=68 primePk=68 io=0 gpuB=26 gpuL=5 capped=0 prk=0 stl=0 draw=4.08W cT=47 gT=45 caps%[0:35,2:85,5:35,7:70,-100:40] curMHz[0:787,2:2707,5:1075,7:2112] gpu=231 gcap=422[10/13] lrn=100
2026-08-01 14:49:33 PulseDaemon: cap write via daemon (2 node(s))
2026-08-01 14:49:33 PulseDaemon: cap write via daemon (3 node(s))
2026-08-01 14:49:33 PulseDaemon: cap write via daemon (2 node(s))
2026-08-01 14:49:35 PulseDaemon: telemetry read via daemon (16 path(s))
2026-08-01 14:49:36 PulseDaemon: telemetry read via daemon (16 path(s))
2026-08-01 14:49:37 PulseAutoTdp: tgt=90 fps=90.0 jank=0 tail=11ms act=HOLD bn=CPU cpuB=20 cpuPk=69 primePk=69 io=0 gpuB=25 gpuL=5 capped=0 prk=0 stl=0 draw=3.32W cT=47 gT=45 caps%[0:35,2:85,5:35,7:70,-100:40] curMHz[0:787,2:2707,5:1075,7:2112] mn/mx[0:364/787,2:499/2707,5:499/1075,7:480/2112] gpu=231 gcap=422[10/13] lrn=100
2026-08-01 14:49:37 PulseDaemon: cap write via daemon (3 node(s))
2026-08-01 14:49:37 PulseDaemon: cap write via daemon (2 node(s))
2026-08-01 14:49:38 PulseDaemon: telemetry read via daemon (16 path(s))
2026-08-01 14:49:39 PulseDaemon: telemetry read via daemon (16 path(s))
2026-08-01 14:49:40 PulseAutoTdp: tgt=90 fps=90.0 jank=0 tail=11ms act=HOLD bn=CPU cpuB=20 cpuPk=63 primePk=63 io=0 gpuB=26 gpuL=5 capped=0 prk=0 stl=0 draw=3.77W cT=46 gT=45 caps%[0:35,2:85,5:35,7:70,-100:40] curMHz[0:787,2:2707,5:1075,7:2112] gpu=231 gcap=422[10/13] lrn=100
2026-08-01 14:49:40 PulseDaemon: cap write via xsu fallback (2 node(s), ~413 chars, chunked)
2026-08-01 14:49:40 PulseDaemon: cap write via daemon (3 node(s))
2026-08-01 14:49:40 PulseDaemon: cap write via daemon (2 node(s))
2026-08-01 14:49:41 PulseDaemon: telemetry read via daemon (16 path(s))
2026-08-01 14:49:42 PulseDaemon: telemetry read via daemon (16 path(s))
2026-08-01 14:49:42 PulseAutoTdp: tgt=90 fps=90.0 jank=0 tail=11ms act=HOLD bn=CPU cpuB=20 cpuPk=66 primePk=66 io=0 gpuB=26 gpuL=5 capped=0 prk=0 stl=0 draw=4.93W cT=47 gT=45 caps%[0:35,2:85,5:35,7:70,-100:40] curMHz[0:787,2:2707,5:1075,7:2112] gpu=231 gcap=422[10/13] lrn=100
2026-08-01 14:49:43 PulseDaemon: cap write via daemon (2 node(s))
2026-08-01 14:49:43 PulseDaemon: cap write via daemon (3 node(s))
2026-08-01 14:49:43 PulseDaemon: cap write via daemon (2 node(s))
2026-08-01 14:49:44 PulseDaemon: telemetry read via daemon (16 path(s))
2026-08-01 14:49:45 PulseDaemon: telemetry read via daemon (16 path(s))
2026-08-01 14:49:45 PulseAutoTdp: tgt=90 fps=90.0 jank=0 tail=11ms act=HOLD bn=CPU cpuB=22 cpuPk=71 primePk=71 io=0 gpuB=43 gpuL=9 capped=0 prk=0 stl=0 draw=3.99W cT=47 gT=46 caps%[0:35,2:85,5:35,7:70,-100:40] curMHz[0:787,2:2707,5:1075,7:2112] gpu=231 gcap=422[10/13] lrn=100
2026-08-01 14:49:45 PulseDaemon: cap write via daemon (2 node(s))
2026-08-01 14:49:45 PulseDaemon: cap write via daemon (3 node(s))
2026-08-01 14:49:45 PulseDaemon: cap write via daemon (2 node(s))
2026-08-01 14:49:47 PulseDaemon: telemetry read via daemon (16 path(s))
2026-08-01 14:49:48 PulseDaemon: telemetry read via daemon (16 path(s))
2026-08-01 14:49:48 PulseAutoTdp: tgt=90 fps=90.0 jank=0 tail=11ms act=HOLD bn=CPU cpuB=22 cpuPk=68 primePk=68 io=0 gpuB=37 gpuL=8 capped=0 prk=0 stl=0 draw=5.06W cT=47 gT=45 caps%[0:35,2:85,5:35,7:70,-100:40] curMHz[0:787,2:2707,5:1075,7:2112] gpu=231 gcap=422[10/13] lrn=100
2026-08-01 14:49:48 PulseDaemon: cap write via daemon (2 node(s))
2026-08-01 14:49:48 PulseDaemon: cap write via daemon (3 node(s))
2026-08-01 14:49:48 PulseDaemon: cap write via daemon (2 node(s))
2026-08-01 14:49:50 PulseDaemon: telemetry read via daemon (16 path(s))
2026-08-01 14:49:51 PulseDaemon: telemetry read via daemon (16 path(s))
2026-08-01 14:49:51 PulseAutoTdp: tgt=90 fps=90.0 jank=0 tail=11ms act=HOLD bn=CPU cpuB=20 cpuPk=67 primePk=67 io=0 gpuB=29 gpuL=6 capped=0 prk=0 stl=0 draw=5.28W cT=47 gT=45 caps%[0:35,2:85,5:35,7:70,-100:40] curMHz[0:787,2:2707,5:1075,7:2112] gpu=231 gcap=422[10/13] lrn=100
2026-08-01 14:49:51 PulseDaemon: cap write via daemon (3 node(s))
2026-08-01 14:49:51 PulseDaemon: cap write via daemon (2 node(s))
2026-08-01 14:49:52 PulseDaemon: telemetry read via daemon (16 path(s))
2026-08-01 14:49:54 PulseDaemon: telemetry read via daemon (16 path(s))
2026-08-01 14:49:54 PulseAutoTdp: tgt=90 fps=90.0 jank=0 tail=11ms act=HOLD bn=CPU cpuB=21 cpuPk=69 primePk=69 io=0 gpuB=29 gpuL=6 capped=0 prk=0 stl=0 draw=4.79W cT=48 gT=45 caps%[0:35,2:85,5:35,7:70,-100:40] curMHz[0:787,2:2707,5:1075,7:2112] gpu=231 gcap=422[10/13] lrn=100
2026-08-01 14:49:54 PulseDaemon: cap write via daemon (2 node(s))
2026-08-01 14:49:54 PulseDaemon: cap write via daemon (3 node(s))
2026-08-01 14:49:54 PulseDaemon: cap write via daemon (2 node(s))
2026-08-01 14:49:55 PulseDaemon: telemetry read via daemon (16 path(s))
2026-08-01 14:49:56 PulseDaemon: telemetry read via daemon (16 path(s))
2026-08-01 14:49:57 PulseAutoTdp: tgt=90 fps=90.0 jank=0 tail=11ms act=HOLD bn=CPU cpuB=20 cpuPk=64 primePk=64 io=0 gpuB=29 gpuL=6 capped=0 prk=0 stl=0 draw=4.91W cT=47 gT=46 caps%[0:35,2:85,5:35,7:70,-100:40] curMHz[0:787,2:2707,5:1075,7:2112] gpu=231 gcap=422[10/13] lrn=100
2026-08-01 14:49:57 PulseDaemon: cap write via daemon (2 node(s))
2026-08-01 14:49:57 PulseDaemon: cap write via daemon (3 node(s))
2026-08-01 14:49:57 PulseDaemon: cap write via daemon (2 node(s))
2026-08-01 14:49:58 PulseDaemon: telemetry read via daemon (16 path(s))
2026-08-01 14:49:59 PulseDaemon: telemetry read via daemon (16 path(s))
2026-08-01 14:49:59 PulseAutoTdp: tgt=90 fps=90.0 jank=0 tail=11ms act=HOLD bn=CPU cpuB=22 cpuPk=63 primePk=63 io=0 gpuB=32 gpuL=7 capped=0 prk=0 stl=0 draw=3.60W cT=47 gT=45 caps%[0:35,2:85,5:35,7:70,-100:40] curMHz[0:787,2:2707,5:1075,7:2112] gpu=231 gcap=422[10/13] lrn=100
2026-08-01 14:49:59 PulseDaemon: cap write via daemon (2 node(s))
2026-08-01 14:49:59 PulseDaemon: cap write via daemon (3 node(s))
2026-08-01 14:49:59 PulseDaemon: cap write via daemon (2 node(s))
2026-08-01 14:50:01 PulseDaemon: telemetry read via daemon (16 path(s))
2026-08-01 14:50:02 PulseDaemon: telemetry read via daemon (16 path(s))
2026-08-01 14:50:02 PulseAutoTdp: tgt=90 fps=90.0 jank=0 tail=11ms act=HOLD bn=CPU cpuB=21 cpuPk=72 primePk=72 io=0 gpuB=31 gpuL=6 capped=0 prk=0 stl=0 draw=4.70W cT=47 gT=45 caps%[0:35,2:85,5:35,7:70,-100:40] curMHz[0:787,2:2707,5:1075,7:2112] gpu=231 gcap=422[10/13] lrn=100
2026-08-01 14:50:02 PulseDaemon: cap write via daemon (2 node(s))
2026-08-01 14:50:02 PulseDaemon: cap write via daemon (3 node(s))
2026-08-01 14:50:02 PulseDaemon: cap write via daemon (2 node(s))
2026-08-01 14:50:04 PulseDaemon: telemetry read via daemon (16 path(s))
2026-08-01 14:50:05 PulseDaemon: telemetry read via daemon (16 path(s))
2026-08-01 14:50:05 PulseAutoTdp: AUTOTDP-SESSION tgt=90 bias=EFFICIENT wattCap=0 policies=0:2265600:0,1;2:3148800:2,3,4;5:2956800:5,6;7:3052800:7;-100:1050000:
2026-08-01 14:50:06 PulseAutoTdp: tgt=90 fps=90.0 jank=0 tail=11ms act=HOLD bn=CPU cpuB=21 cpuPk=70 primePk=70 io=0 gpuB=30 gpuL=6 capped=0 prk=0 stl=0 draw=4.58W cT=46 gT=45 caps%[0:35,2:85,5:35,7:70,-100:40] curMHz[0:787,2:2707,5:1075,7:2112] mn/mx[0:787/787,2:499/2707,5:499/1075,7:480/2112] gpu=231 gcap=422[10/13] lrn=100
2026-08-01 14:50:06 PulseDaemon: cap write via daemon (2 node(s))
2026-08-01 14:50:06 PulseDaemon: cap write via daemon (3 node(s))
2026-08-01 14:50:06 PulseDaemon: cap write via daemon (2 node(s))
2026-08-01 14:50:07 PulseDaemon: telemetry read via daemon (16 path(s))
2026-08-01 14:50:09 PulseDaemon: telemetry read via daemon (16 path(s))
2026-08-01 14:50:09 PulseAutoTdp: tgt=90 fps=90.0 jank=0 tail=11ms act=HOLD bn=CPU cpuB=20 cpuPk=68 primePk=68 io=0 gpuB=30 gpuL=6 capped=0 prk=0 stl=0 draw=4.74W cT=46 gT=45 caps%[0:35,2:85,5:35,7:70,-100:40] curMHz[0:787,2:2707,5:1075,7:2112] gpu=231 gcap=422[10/13] lrn=100
2026-08-01 14:50:09 PulseDaemon: cap write via daemon (2 node(s))
2026-08-01 14:50:09 PulseDaemon: cap write via daemon (3 node(s))
2026-08-01 14:50:09 PulseDaemon: cap write via daemon (2 node(s))
2026-08-01 14:50:10 PulseDaemon: telemetry read via daemon (16 path(s))
2026-08-01 14:50:11 PulseDaemon: telemetry read via daemon (16 path(s))
2026-08-01 14:50:12 PulseAutoTdp: tgt=90 fps=90.0 jank=0 tail=11ms act=HOLD bn=CPU cpuB=21 cpuPk=64 primePk=64 io=0 gpuB=27 gpuL=5 capped=0 prk=0 stl=0 draw=4.86W cT=47 gT=45 caps%[0:35,2:85,5:35,7:70,-100:40] curMHz[0:787,2:2707,5:1075,7:2112] gpu=231 gcap=422[10/13] lrn=100
2026-08-01 14:50:12 PulseDaemon: cap write via daemon (2 node(s))
2026-08-01 14:50:12 PulseDaemon: cap write via daemon (3 node(s))
2026-08-01 14:50:12 PulseDaemon: cap write via daemon (2 node(s))
2026-08-01 14:50:13 PulseDaemon: telemetry read via daemon (16 path(s))
2026-08-01 14:50:14 PulseDaemon: telemetry read via daemon (16 path(s))
2026-08-01 14:50:14 PulseAutoTdp: tgt=90 fps=90.0 jank=0 tail=11ms act=HOLD bn=CPU cpuB=20 cpuPk=67 primePk=67 io=0 gpuB=28 gpuL=6 capped=0 prk=0 stl=0 draw=5.17W cT=47 gT=45 caps%[0:35,2:85,5:35,7:70,-100:40] curMHz[0:787,2:2707,5:1075,7:2112] gpu=231 gcap=422[10/13] lrn=100
2026-08-01 14:50:14 PulseDaemon: cap write via daemon (2 node(s))
2026-08-01 14:50:15 PulseDaemon: cap write via daemon (3 node(s))
2026-08-01 14:50:15 PulseDaemon: cap write via daemon (2 node(s))
2026-08-01 14:50:16 PulseDaemon: telemetry read via daemon (16 path(s))
2026-08-01 14:50:17 PulseDaemon: telemetry read via daemon (16 path(s))
2026-08-01 14:50:17 PulseAutoTdp: tgt=90 fps=90.0 jank=0 tail=11ms act=HOLD bn=CPU cpuB=20 cpuPk=65 primePk=65 io=0 gpuB=28 gpuL=6 capped=0 prk=0 stl=0 draw=5.23W cT=47 gT=45 caps%[0:35,2:85,5:35,7:70,-100:40] curMHz[0:787,2:2707,5:1075,7:2112] gpu=231 gcap=422[10/13] lrn=100
2026-08-01 14:50:17 PulseDaemon: cap write via daemon (2 node(s))
2026-08-01 14:50:19 PulseDaemon: telemetry read via daemon (16 path(s))
2026-08-01 14:50:20 PulseDaemon: telemetry read via daemon (16 path(s))
2026-08-01 14:50:20 PulseAutoTdp: tgt=90 fps=90.0 jank=0 tail=11ms act=HOLD bn=CPU cpuB=21 cpuPk=69 primePk=69 io=0 gpuB=32 gpuL=7 capped=0 prk=0 stl=0 draw=4.40W cT=47 gT=45 caps%[0:35,2:85,5:35,7:70,-100:40] curMHz[0:787,2:2707,5:1075,7:2112] gpu=231 gcap=422[10/13] lrn=100
2026-08-01 14:50:20 PulseDaemon: cap write via daemon (3 node(s))
2026-08-01 14:50:20 PulseDaemon: cap write via daemon (2 node(s))
2026-08-01 14:50:21 PulseDaemon: telemetry read via daemon (16 path(s))
2026-08-01 14:50:23 PulseDaemon: telemetry read via daemon (16 path(s))
2026-08-01 14:50:23 PulseAutoTdp: tgt=90 fps=90.0 jank=0 tail=11ms act=HOLD bn=CPU cpuB=20 cpuPk=61 primePk=61 io=0 gpuB=26 gpuL=5 capped=0 prk=0 stl=0 draw=5.28W cT=46 gT=45 caps%[0:35,2:85,5:35,7:70,-100:40] curMHz[0:787,2:2707,5:1075,7:2112] gpu=231 gcap=422[10/13] lrn=100
2026-08-01 14:50:23 PulseDaemon: cap write via daemon (2 node(s))
2026-08-01 14:50:23 PulseDaemon: cap write via daemon (3 node(s))
2026-08-01 14:50:23 PulseDaemon: cap write via daemon (2 node(s))
2026-08-01 14:50:24 PulseDaemon: telemetry read via daemon (16 path(s))
2026-08-01 14:50:25 PulseDaemon: telemetry read via daemon (16 path(s))
2026-08-01 14:50:26 PulseAutoTdp: tgt=90 fps=90.0 jank=0 tail=11ms act=HOLD bn=CPU cpuB=20 cpuPk=66 primePk=66 io=0 gpuB=26 gpuL=5 capped=0 prk=0 stl=0 draw=3.86W cT=47 gT=45 caps%[0:35,2:85,5:35,7:70,-100:40] curMHz[0:787,2:2707,5:1075,7:2112] gpu=231 gcap=422[10/13] lrn=100
2026-08-01 14:50:26 PulseDaemon: cap write via daemon (2 node(s))
2026-08-01 14:50:26 PulseDaemon: cap write via daemon (3 node(s))
2026-08-01 14:50:26 PulseDaemon: cap write via daemon (2 node(s))
2026-08-01 14:50:27 PulseDaemon: telemetry read via daemon (16 path(s))
2026-08-01 14:50:28 PulseDaemon: telemetry read via daemon (16 path(s))
2026-08-01 14:50:28 PulseAutoTdp: tgt=90 fps=90.0 jank=0 tail=11ms act=HOLD bn=CPU cpuB=21 cpuPk=69 primePk=69 io=0 gpuB=30 gpuL=6 capped=0 prk=0 stl=0 draw=4.91W cT=46 gT=44 caps%[0:35,2:85,5:35,7:70,-100:40] curMHz[0:787,2:2707,5:1075,7:2112] gpu=231 gcap=422[10/13] lrn=100
2026-08-01 14:50:28 PulseDaemon: cap write via daemon (2 node(s))
2026-08-01 14:50:28 PulseDaemon: cap write via daemon (3 node(s))
2026-08-01 14:50:29 PulseDaemon: cap write via daemon (2 node(s))
2026-08-01 14:50:30 PulseDaemon: telemetry read via daemon (16 path(s))
2026-08-01 14:50:31 PulseDaemon: telemetry read via daemon (16 path(s))
2026-08-01 14:50:31 PulseAutoTdp: tgt=90 fps=90.0 jank=0 tail=11ms act=HOLD bn=CPU cpuB=22 cpuPk=66 primePk=66 io=0 gpuB=27 gpuL=5 capped=0 prk=0 stl=0 draw=5.47W cT=48 gT=44 caps%[0:35,2:85,5:35,7:70,-100:40] curMHz[0:787,2:2707,5:1075,7:2112] gpu=231 gcap=422[10/13] lrn=100
2026-08-01 14:50:31 PulseDaemon: cap write via daemon (2 node(s))
2026-08-01 14:50:31 PulseDaemon: cap write via daemon (3 node(s))
2026-08-01 14:50:31 PulseDaemon: cap write via daemon (2 node(s))
2026-08-01 14:50:33 PulseDaemon: telemetry read via daemon (16 path(s))
2026-08-01 14:50:34 PulseDaemon: telemetry read via daemon (16 path(s))
2026-08-01 14:50:35 PulseAutoTdp: tgt=90 fps=90.0 jank=0 tail=11ms act=HOLD bn=CPU cpuB=22 cpuPk=68 primePk=68 io=0 gpuB=31 gpuL=6 capped=0 prk=0 stl=0 draw=3.66W cT=47 gT=45 caps%[0:35,2:85,5:35,7:70,-100:40] curMHz[0:787,2:2707,5:1075,7:2112] mn/mx[0:364/787,2:499/2707,5:499/1075,7:480/2112] gpu=231 gcap=422[10/13] lrn=100
2026-08-01 14:50:35 PulseDaemon: cap write via daemon (2 node(s))
2026-08-01 14:50:35 PulseDaemon: cap write via daemon (3 node(s))
2026-08-01 14:50:35 PulseDaemon: cap write via daemon (2 node(s))
2026-08-01 14:50:36 PulseDaemon: telemetry read via daemon (16 path(s))
2026-08-01 14:50:38 PulseDaemon: telemetry read via daemon (16 path(s))
2026-08-01 14:50:38 PulseAutoTdp: tgt=90 fps=90.0 jank=0 tail=11ms act=HOLD bn=CPU cpuB=21 cpuPk=71 primePk=71 io=0 gpuB=30 gpuL=6 capped=0 prk=0 stl=0 draw=3.37W cT=47 gT=45 caps%[0:35,2:85,5:35,7:70,-100:40] curMHz[0:787,2:2707,5:1075,7:2112] gpu=231 gcap=422[10/13] lrn=100
2026-08-01 14:50:38 PulseDaemon: cap write via daemon (2 node(s))
2026-08-01 14:50:38 PulseDaemon: cap write via daemon (3 node(s))
2026-08-01 14:50:38 PulseDaemon: cap write via daemon (2 node(s))
2026-08-01 14:50:39 PulseDaemon: telemetry read via daemon (16 path(s))
2026-08-01 14:50:40 PulseDaemon: telemetry read via daemon (16 path(s))
2026-08-01 14:50:41 PulseAutoTdp: tgt=90 fps=90.0 jank=0 tail=11ms act=HOLD bn=CPU cpuB=20 cpuPk=64 primePk=64 io=0 gpuB=49 gpuL=10 capped=0 prk=0 stl=0 draw=4.25W cT=47 gT=46 caps%[0:35,2:85,5:35,7:70,-100:40] curMHz[0:787,2:2707,5:1075,7:2112] gpu=231 gcap=422[10/13] lrn=100
2026-08-01 14:50:41 PulseDaemon: cap write via daemon (2 node(s))
2026-08-01 14:50:41 PulseDaemon: cap write via daemon (3 node(s))
2026-08-01 14:50:41 PulseDaemon: cap write via daemon (2 node(s))
2026-08-01 14:50:42 PulseDaemon: telemetry read via daemon (16 path(s))
2026-08-01 14:50:43 PulseDaemon: telemetry read via daemon (16 path(s))
2026-08-01 14:50:43 PulseAutoTdp: tgt=90 fps=90.0 jank=0 tail=11ms act=HOLD bn=CPU cpuB=21 cpuPk=65 primePk=65 io=0 gpuB=49 gpuL=10 capped=0 prk=0 stl=0 draw=5.74W cT=47 gT=46 caps%[0:35,2:85,5:35,7:70,-100:40] curMHz[0:787,2:2707,5:1075,7:2112] gpu=231 gcap=422[10/13] lrn=100
2026-08-01 14:50:43 PulseDaemon: cap write via daemon (2 node(s))
2026-08-01 14:50:44 PulseDaemon: cap write via daemon (3 node(s))
2026-08-01 14:50:44 PulseDaemon: cap write via daemon (2 node(s))
2026-08-01 14:50:45 PulseDaemon: telemetry read via daemon (16 path(s))
2026-08-01 14:50:46 PulseDaemon: telemetry read via daemon (16 path(s))
2026-08-01 14:50:46 PulseAutoTdp: tgt=90 fps=90.0 jank=0 tail=11ms act=HOLD bn=CPU cpuB=19 cpuPk=64 primePk=64 io=0 gpuB=28 gpuL=6 capped=0 prk=0 stl=0 draw=3.78W cT=47 gT=45 caps%[0:35,2:85,5:35,7:70,-100:40] curMHz[0:787,2:2707,5:1075,7:2112] gpu=231 gcap=422[10/13] lrn=100
2026-08-01 14:50:46 PulseDaemon: cap write via daemon (2 node(s))
2026-08-01 14:50:46 PulseDaemon: cap write via daemon (3 node(s))
2026-08-01 14:50:46 PulseDaemon: cap write via daemon (2 node(s))
2026-08-01 14:50:48 PulseDaemon: telemetry read via daemon (16 path(s))
2026-08-01 14:50:49 PulseDaemon: telemetry read via daemon (16 path(s))
2026-08-01 14:50:49 PulseAutoTdp: AUTOTDP-SESSION tgt=90 bias=EFFICIENT wattCap=0 policies=0:2265600:0,1;2:3148800:2,3,4;5:2956800:5,6;7:3052800:7;-100:1050000:
2026-08-01 14:50:49 PulseAutoTdp: tgt=90 fps=90.0 jank=0 tail=11ms act=HOLD bn=CPU cpuB=21 cpuPk=66 primePk=66 io=0 gpuB=27 gpuL=5 capped=0 prk=0 stl=0 draw=4.69W cT=46 gT=45 caps%[0:35,2:85,5:35,7:70,-100:40] curMHz[0:787,2:2707,5:1075,7:2112] gpu=231 gcap=422[10/13] lrn=100
2026-08-01 14:50:49 PulseDaemon: cap write via daemon (2 node(s))
2026-08-01 14:50:49 PulseDaemon: cap write via daemon (3 node(s))
2026-08-01 14:50:49 PulseDaemon: cap write via daemon (2 node(s))
2026-08-01 14:50:51 PulseDaemon: telemetry read via daemon (16 path(s))
2026-08-01 14:50:52 PulseDaemon: telemetry read via daemon (16 path(s))
2026-08-01 14:50:52 PulseAutoTdp: tgt=90 fps=90.0 jank=0 tail=11ms act=HOLD bn=CPU cpuB=21 cpuPk=64 primePk=64 io=0 gpuB=28 gpuL=6 capped=0 prk=0 stl=0 draw=4.95W cT=47 gT=45 caps%[0:35,2:85,5:35,7:70,-100:40] curMHz[0:787,2:2707,5:1075,7:2112] gpu=231 gcap=422[10/13] lrn=100
2026-08-01 14:50:52 PulseDaemon: cap write via daemon (2 node(s))
2026-08-01 14:50:52 PulseDaemon: cap write via daemon (3 node(s))
2026-08-01 14:50:52 PulseDaemon: cap write via daemon (2 node(s))
2026-08-01 14:50:53 PulseDaemon: telemetry read via daemon (16 path(s))
2026-08-01 14:50:55 PulseDaemon: telemetry read via daemon (16 path(s))
2026-08-01 14:50:55 PulseAutoTdp: tgt=90 fps=90.0 jank=0 tail=11ms act=HOLD bn=CPU cpuB=19 cpuPk=64 primePk=64 io=0 gpuB=33 gpuL=7 capped=0 prk=0 stl=0 draw=3.36W cT=46 gT=45 caps%[0:35,2:85,5:35,7:70,-100:40] curMHz[0:787,2:2707,5:1075,7:2112] gpu=231 gcap=422[10/13] lrn=100
2026-08-01 14:50:55 PulseDaemon: cap write via daemon (2 node(s))
2026-08-01 14:50:55 PulseDaemon: cap write via daemon (3 node(s))
2026-08-01 14:50:55 PulseDaemon: cap write via daemon (2 node(s))
2026-08-01 14:50:56 PulseDaemon: telemetry read via daemon (16 path(s))
2026-08-01 14:50:58 PulseDaemon: telemetry read via daemon (16 path(s))
2026-08-01 14:50:58 PulseAutoTdp: tgt=90 fps=90.0 jank=0 tail=11ms act=HOLD bn=CPU cpuB=20 cpuPk=62 primePk=62 io=0 gpuB=42 gpuL=9 capped=0 prk=0 stl=0 draw=4.83W cT=47 gT=46 caps%[0:35,2:85,5:35,7:70,-100:40] curMHz[0:787,2:2707,5:1075,7:2112] gpu=231 gcap=422[10/13] lrn=100
2026-08-01 14:50:58 PulseDaemon: cap write via daemon (2 node(s))
2026-08-01 14:50:58 PulseDaemon: cap write via daemon (2 node(s))
2026-08-01 14:50:59 PulseDaemon: telemetry read via daemon (16 path(s))
2026-08-01 14:51:00 PulseDaemon: telemetry read via daemon (16 path(s))
2026-08-01 14:51:00 PulseAutoTdp: tgt=90 fps=90.0 jank=0 tail=11ms act=HOLD bn=CPU cpuB=20 cpuPk=66 primePk=66 io=0 gpuB=43 gpuL=9 capped=0 prk=0 stl=0 draw=4.38W cT=47 gT=45 caps%[0:35,2:85,5:35,7:70,-100:40] curMHz[0:787,2:2707,5:1075,7:2112] gpu=231 gcap=422[10/13] lrn=100
2026-08-01 14:51:00 PulseDaemon: cap write via daemon (2 node(s))
2026-08-01 14:51:01 PulseDaemon: cap write via daemon (3 node(s))
2026-08-01 14:51:01 PulseDaemon: cap write via daemon (2 node(s))
2026-08-01 14:51:02 PulseDaemon: telemetry read via daemon (16 path(s))
2026-08-01 14:51:03 PulseDaemon: telemetry read via daemon (16 path(s))
2026-08-01 14:51:04 PulseAutoTdp: tgt=90 fps=90.0 jank=0 tail=11ms act=HOLD bn=CPU cpuB=21 cpuPk=69 primePk=69 io=0 gpuB=29 gpuL=6 capped=0 prk=0 stl=0 draw=4.92W cT=46 gT=45 caps%[0:35,2:85,5:35,7:70,-100:40] curMHz[0:787,2:2707,5:1075,7:2112] mn/mx[0:364/787,2:499/2707,5:499/1075,7:480/2112] gpu=231 gcap=422[10/13] lrn=100
2026-08-01 14:51:04 PulseDaemon: cap write via daemon (2 node(s))
2026-08-01 14:51:04 PulseDaemon: cap write via daemon (3 node(s))
2026-08-01 14:51:04 PulseDaemon: cap write via daemon (2 node(s))
2026-08-01 14:51:06 PulseDaemon: telemetry read via daemon (16 path(s))
2026-08-01 14:51:07 PulseDaemon: telemetry read via daemon (16 path(s))
2026-08-01 14:51:07 PulseAutoTdp: tgt=90 fps=90.0 jank=0 tail=11ms act=HOLD bn=CPU cpuB=21 cpuPk=67 primePk=67 io=0 gpuB=30 gpuL=6 capped=0 prk=0 stl=0 draw=4.16W cT=47 gT=46 caps%[0:35,2:85,5:35,7:70,-100:40] curMHz[0:787,2:2707,5:1075,7:2112] gpu=231 gcap=422[10/13] lrn=100
2026-08-01 14:51:07 PulseDaemon: cap write via daemon (2 node(s))
2026-08-01 14:51:07 PulseDaemon: cap write via daemon (3 node(s))
2026-08-01 14:51:07 PulseDaemon: cap write via daemon (2 node(s))
2026-08-01 14:51:08 PulseDaemon: telemetry read via daemon (16 path(s))
2026-08-01 14:51:10 PulseDaemon: telemetry read via daemon (16 path(s))
2026-08-01 14:51:10 PulseAutoTdp: tgt=90 fps=90.0 jank=0 tail=11ms act=HOLD bn=CPU cpuB=21 cpuPk=62 primePk=62 io=0 gpuB=41 gpuL=9 capped=0 prk=0 stl=0 draw=4.47W cT=47 gT=46 caps%[0:35,2:85,5:35,7:70,-100:40] curMHz[0:787,2:2707,5:1075,7:2112] gpu=231 gcap=422[10/13] lrn=100
2026-08-01 14:51:10 PulseDaemon: cap write via daemon (2 node(s))
2026-08-01 14:51:10 PulseDaemon: cap write via daemon (3 node(s))
2026-08-01 14:51:10 PulseDaemon: cap write via daemon (2 node(s))
2026-08-01 14:51:11 PulseDaemon: telemetry read via daemon (16 path(s))
2026-08-01 14:51:13 PulseDaemon: telemetry read via daemon (16 path(s))
2026-08-01 14:51:13 PulseAutoTdp: tgt=90 fps=90.0 jank=0 tail=11ms act=HOLD bn=CPU cpuB=21 cpuPk=65 primePk=65 io=0 gpuB=41 gpuL=9 capped=0 prk=0 stl=0 draw=5.00W cT=48 gT=45 caps%[0:35,2:85,5:35,7:70,-100:40] curMHz[0:787,2:2707,5:1075,7:2112] gpu=231 gcap=422[10/13] lrn=100
2026-08-01 14:51:13 PulseDaemon: cap write via daemon (2 node(s))
2026-08-01 14:51:13 PulseDaemon: cap write via daemon (3 node(s))
2026-08-01 14:51:13 PulseDaemon: cap write via daemon (2 node(s))
2026-08-01 14:51:14 PulseDaemon: telemetry read via daemon (16 path(s))
2026-08-01 14:51:15 PulseDaemon: telemetry read via daemon (16 path(s))
2026-08-01 14:51:16 PulseAutoTdp: tgt=90 fps=90.0 jank=0 tail=11ms act=HOLD bn=CPU cpuB=19 cpuPk=65 primePk=65 io=0 gpuB=20 gpuL=4 capped=0 prk=0 stl=0 draw=3.08W cT=47 gT=44 caps%[0:35,2:85,5:35,7:70,-100:40] curMHz[0:787,2:2707,5:1075,7:2112] gpu=231 gcap=422[10/13] lrn=100
2026-08-01 14:51:16 PulseDaemon: cap write via daemon (2 node(s))
2026-08-01 14:51:16 PulseDaemon: cap write via daemon (3 node(s))
2026-08-01 14:51:16 PulseDaemon: cap write via daemon (2 node(s))
2026-08-01 14:51:17 PulseDaemon: telemetry read via daemon (16 path(s))
2026-08-01 14:51:18 PulseDaemon: telemetry read via daemon (16 path(s))
2026-08-01 14:51:18 PulseAutoTdp: tgt=90 fps=90.0 jank=0 tail=11ms act=HOLD bn=CPU cpuB=21 cpuPk=67 primePk=67 io=0 gpuB=21 gpuL=4 capped=0 prk=0 stl=0 draw=4.68W cT=47 gT=44 caps%[0:35,2:85,5:35,7:70,-100:40] curMHz[0:787,2:2707,5:1075,7:2112] gpu=231 gcap=422[10/13] lrn=100
2026-08-01 14:51:18 PulseDaemon: cap write via daemon (2 node(s))
2026-08-01 14:51:19 PulseDaemon: cap write via daemon (3 node(s))
2026-08-01 14:51:20 PulseDaemon: telemetry read via daemon (16 path(s))
2026-08-01 14:51:21 PulseDaemon: telemetry read via daemon (16 path(s))
2026-08-01 14:51:21 PulseAutoTdp: tgt=90 fps=90.0 jank=0 tail=11ms act=HOLD bn=CPU cpuB=20 cpuPk=64 primePk=64 io=0 gpuB=26 gpuL=5 capped=0 prk=0 stl=0 draw=4.51W cT=47 gT=44 caps%[0:35,2:85,5:35,7:70,-100:40] curMHz[0:787,2:2707,5:1075,7:2112] gpu=231 gcap=422[10/13] lrn=100
2026-08-01 14:51:21 PulseDaemon: cap write via daemon (2 node(s))
2026-08-01 14:51:21 PulseDaemon: cap write via daemon (3 node(s))
2026-08-01 14:51:21 PulseDaemon: cap write via daemon (2 node(s))
2026-08-01 14:51:23 PulseDaemon: telemetry read via daemon (16 path(s))
2026-08-01 14:51:24 PulseDaemon: telemetry read via daemon (16 path(s))
2026-08-01 14:51:24 PulseAutoTdp: tgt=90 fps=90.0 jank=0 tail=11ms act=HOLD bn=CPU cpuB=21 cpuPk=68 primePk=68 io=0 gpuB=24 gpuL=5 capped=0 prk=0 stl=0 draw=4.25W cT=47 gT=44 caps%[0:35,2:85,5:35,7:70,-100:40] curMHz[0:787,2:2707,5:1075,7:2112] gpu=231 gcap=422[10/13] lrn=100
2026-08-01 14:51:24 PulseDaemon: cap write via daemon (2 node(s))
2026-08-01 14:51:24 PulseDaemon: cap write via daemon (3 node(s))
2026-08-01 14:51:24 PulseDaemon: cap write via daemon (2 node(s))
2026-08-01 14:51:25 PulseDaemon: telemetry read via daemon (16 path(s))
2026-08-01 14:51:27 PulseDaemon: telemetry read via daemon (16 path(s))
2026-08-01 14:51:27 PulseAutoTdp: tgt=90 fps=90.0 jank=0 tail=11ms act=HOLD bn=CPU cpuB=19 cpuPk=67 primePk=67 io=0 gpuB=37 gpuL=8 capped=0 prk=0 stl=0 draw=4.37W cT=47 gT=45 caps%[0:35,2:85,5:35,7:70,-100:40] curMHz[0:787,2:2707,5:1075,7:2112] gpu=231 gcap=422[10/13] lrn=100
2026-08-01 14:51:27 PulseDaemon: cap write via daemon (2 node(s))
2026-08-01 14:51:27 PulseDaemon: cap write via daemon (3 node(s))
2026-08-01 14:51:27 PulseDaemon: cap write via daemon (2 node(s))
2026-08-01 14:51:28 PulseDaemon: telemetry read via daemon (16 path(s))
2026-08-01 14:51:30 PulseDaemon: telemetry read via daemon (16 path(s))
2026-08-01 14:51:30 PulseAutoTdp: tgt=90 fps=90.0 jank=0 tail=11ms act=HOLD bn=CPU cpuB=20 cpuPk=69 primePk=69 io=0 gpuB=35 gpuL=7 capped=0 prk=0 stl=0 draw=3.84W cT=46 gT=45 caps%[0:35,2:85,5:35,7:70,-100:40] curMHz[0:787,2:2707,5:1075,7:2112] gpu=231 gcap=422[10/13] lrn=100
2026-08-01 14:51:30 PulseDaemon: cap write via daemon (2 node(s))
2026-08-01 14:51:30 PulseDaemon: cap write via daemon (3 node(s))
2026-08-01 14:51:30 PulseDaemon: cap write via daemon (2 node(s))
2026-08-01 14:51:31 PulseDaemon: telemetry read via daemon (16 path(s))
2026-08-01 14:51:32 PulseDaemon: telemetry read via daemon (16 path(s))
2026-08-01 14:51:33 PulseAutoTdp: AUTOTDP-SESSION tgt=90 bias=EFFICIENT wattCap=0 policies=0:2265600:0,1;2:3148800:2,3,4;5:2956800:5,6;7:3052800:7;-100:1050000:
2026-08-01 14:51:33 PulseAutoTdp: tgt=90 fps=90.0 jank=0 tail=11ms act=HOLD bn=CPU cpuB=21 cpuPk=71 primePk=71 io=0 gpuB=29 gpuL=6 capped=0 prk=0 stl=0 draw=4.21W cT=48 gT=45 caps%[0:35,2:85,5:35,7:70,-100:40] curMHz[0:787,2:2707,5:1075,7:2112] mn/mx[0:364/787,2:499/2707,5:499/1075,7:480/2112] gpu=231 gcap=422[10/13] lrn=100
2026-08-01 14:51:33 PulseDaemon: cap write via daemon (2 node(s))
2026-08-01 14:51:34 PulseDaemon: cap write via daemon (3 node(s))
2026-08-01 14:51:35 PulseDaemon: telemetry read via daemon (16 path(s))
2026-08-01 14:51:36 PulseDaemon: telemetry read via daemon (16 path(s))
2026-08-01 14:51:36 PulseAutoTdp: tgt=90 fps=90.0 jank=0 tail=11ms act=HOLD bn=CPU cpuB=21 cpuPk=65 primePk=65 io=0 gpuB=28 gpuL=6 capped=0 prk=0 stl=0 draw=5.35W cT=48 gT=45 caps%[0:35,2:85,5:35,7:70,-100:40] curMHz[0:787,2:2707,5:1075,7:2112] gpu=231 gcap=422[10/13] lrn=100
2026-08-01 14:51:36 PulseDaemon: cap write via daemon (2 node(s))
2026-08-01 14:51:36 PulseDaemon: cap write via daemon (3 node(s))
2026-08-01 14:51:36 PulseDaemon: cap write via daemon (2 node(s))
2026-08-01 14:51:38 PulseDaemon: telemetry read via daemon (16 path(s))
2026-08-01 14:51:39 PulseDaemon: telemetry read via daemon (16 path(s))
2026-08-01 14:51:39 PulseAutoTdp: tgt=90 fps=90.0 jank=0 tail=11ms act=HOLD bn=CPU cpuB=21 cpuPk=70 primePk=70 io=0 gpuB=29 gpuL=6 capped=0 prk=0 stl=0 draw=4.76W cT=48 gT=45 caps%[0:35,2:85,5:35,7:70,-100:40] curMHz[0:787,2:2707,5:1075,7:2112] gpu=231 gcap=422[10/13] lrn=100
2026-08-01 14:51:39 PulseDaemon: cap write via daemon (2 node(s))
2026-08-01 14:51:39 PulseDaemon: cap write via daemon (3 node(s))
2026-08-01 14:51:39 PulseDaemon: cap write via daemon (2 node(s))
2026-08-01 14:51:40 PulseDaemon: telemetry read via daemon (16 path(s))
2026-08-01 14:51:42 PulseDaemon: telemetry read via daemon (16 path(s))
2026-08-01 14:51:42 PulseAutoTdp: tgt=90 fps=90.0 jank=0 tail=11ms act=HOLD bn=CPU cpuB=22 cpuPk=69 primePk=69 io=0 gpuB=35 gpuL=7 capped=0 prk=0 stl=0 draw=4.80W cT=47 gT=45 caps%[0:35,2:85,5:35,7:70,-100:40] curMHz[0:787,2:2707,5:1075,7:2112] gpu=231 gcap=422[10/13] lrn=100
2026-08-01 14:51:42 PulseDaemon: cap write via daemon (2 node(s))
2026-08-01 14:51:42 PulseDaemon: cap write via daemon (3 node(s))
2026-08-01 14:51:42 PulseDaemon: cap write via daemon (2 node(s))
2026-08-01 14:51:43 PulseDaemon: telemetry read via daemon (16 path(s))
2026-08-01 14:51:44 PulseDaemon: telemetry read via daemon (16 path(s))
2026-08-01 14:51:45 PulseAutoTdp: tgt=90 fps=90.0 jank=0 tail=11ms act=HOLD bn=CPU cpuB=20 cpuPk=66 primePk=66 io=0 gpuB=38 gpuL=8 capped=0 prk=0 stl=0 draw=4.29W cT=47 gT=46 caps%[0:35,2:85,5:35,7:70,-100:40] curMHz[0:787,2:2707,5:1075,7:2112] gpu=231 gcap=422[10/13] lrn=100
2026-08-01 14:51:45 PulseDaemon: cap write via daemon (2 node(s))
2026-08-01 14:51:45 PulseDaemon: cap write via daemon (3 node(s))
2026-08-01 14:51:45 PulseDaemon: cap write via daemon (2 node(s))
2026-08-01 14:51:46 PulseDaemon: telemetry read via daemon (16 path(s))
2026-08-01 14:51:47 PulseDaemon: telemetry read via daemon (16 path(s))
2026-08-01 14:51:47 PulseAutoTdp: tgt=90 fps=90.0 jank=0 tail=11ms act=HOLD bn=CPU cpuB=20 cpuPk=68 primePk=68 io=0 gpuB=36 gpuL=7 capped=0 prk=0 stl=0 draw=4.87W cT=47 gT=45 caps%[0:35,2:85,5:35,7:70,-100:40] curMHz[0:787,2:2707,5:1075,7:2112] gpu=231 gcap=422[10/13] lrn=100
2026-08-01 14:51:47 PulseDaemon: cap write via daemon (3 node(s))
2026-08-01 14:51:48 PulseDaemon: cap write via daemon (2 node(s))
2026-08-01 14:51:49 PulseDaemon: telemetry read via daemon (16 path(s))
2026-08-01 14:51:50 PulseDaemon: telemetry read via daemon (16 path(s))
2026-08-01 14:51:50 PulseAutoTdp: tgt=90 fps=90.0 jank=0 tail=11ms act=HOLD bn=CPU cpuB=22 cpuPk=70 primePk=70 io=0 gpuB=30 gpuL=6 capped=0 prk=0 stl=0 draw=4.23W cT=47 gT=45 caps%[0:35,2:85,5:35,7:70,-100:40] curMHz[0:787,2:2707,5:1075,7:2112] gpu=231 gcap=422[10/13] lrn=100
2026-08-01 14:51:50 PulseDaemon: cap write via daemon (2 node(s))
2026-08-01 14:51:50 PulseDaemon: cap write via daemon (3 node(s))
2026-08-01 14:51:52 PulseDaemon: telemetry read via daemon (16 path(s))
2026-08-01 14:51:53 PulseDaemon: telemetry read via daemon (16 path(s))
2026-08-01 14:51:53 PulseAutoTdp: tgt=90 fps=90.0 jank=0 tail=11ms act=HOLD bn=CPU cpuB=21 cpuPk=65 primePk=65 io=0 gpuB=30 gpuL=6 capped=0 prk=0 stl=0 draw=4.08W cT=47 gT=45 caps%[0:35,2:85,5:35,7:70,-100:40] curMHz[0:787,2:2707,5:1075,7:2112] gpu=231 gcap=422[10/13] lrn=100
2026-08-01 14:51:53 PulseDaemon: cap write via daemon (2 node(s))
2026-08-01 14:51:53 PulseDaemon: cap write via daemon (3 node(s))
2026-08-01 14:51:53 PulseDaemon: cap write via daemon (2 node(s))
2026-08-01 14:51:54 PulseDaemon: telemetry read via daemon (16 path(s))
2026-08-01 14:51:56 PulseDaemon: telemetry read via daemon (16 path(s))
2026-08-01 14:51:56 PulseAutoTdp: tgt=90 fps=90.0 jank=0 tail=11ms act=HOLD bn=CPU cpuB=20 cpuPk=65 primePk=65 io=0 gpuB=46 gpuL=10 capped=0 prk=0 stl=0 draw=6.17W cT=47 gT=45 caps%[0:35,2:85,5:35,7:70,-100:40] curMHz[0:787,2:2707,5:1075,7:2112] gpu=231 gcap=422[10/13] lrn=100
2026-08-01 14:51:56 PulseDaemon: cap write via daemon (2 node(s))
2026-08-01 14:51:56 PulseDaemon: cap write via daemon (3 node(s))
2026-08-01 14:51:56 PulseDaemon: cap write via daemon (2 node(s))
2026-08-01 14:51:57 PulseDaemon: telemetry read via daemon (16 path(s))
2026-08-01 14:51:59 PulseDaemon: telemetry read via daemon (16 path(s))
2026-08-01 14:51:59 PulseAutoTdp: tgt=90 fps=90.0 jank=0 tail=11ms act=HOLD bn=CPU cpuB=20 cpuPk=67 primePk=67 io=0 gpuB=47 gpuL=10 capped=0 prk=0 stl=0 draw=4.25W cT=47 gT=45 caps%[0:35,2:85,5:35,7:70,-100:40] curMHz[0:787,2:2707,5:1075,7:2112] gpu=231 gcap=422[10/13] lrn=100
2026-08-01 14:51:59 PulseDaemon: cap write via daemon (2 node(s))
2026-08-01 14:51:59 PulseDaemon: cap write via daemon (3 node(s))
2026-08-01 14:51:59 PulseDaemon: cap write via daemon (2 node(s))
2026-08-01 14:52:00 PulseDaemon: telemetry read via daemon (16 path(s))
2026-08-01 14:52:01 PulseDaemon: telemetry read via daemon (16 path(s))
2026-08-01 14:52:02 PulseAutoTdp: tgt=90 fps=90.0 jank=0 tail=11ms act=HOLD bn=CPU cpuB=19 cpuPk=66 primePk=66 io=0 gpuB=26 gpuL=5 capped=0 prk=0 stl=0 draw=5.02W cT=46 gT=45 caps%[0:35,2:85,5:35,7:70,-100:40] curMHz[0:787,2:2707,5:1075,7:2112] mn/mx[0:787/787,2:499/2707,5:499/1075,7:480/2112] gpu=231 gcap=422[10/13] lrn=100
2026-08-01 14:52:02 PulseDaemon: cap write via daemon (2 node(s))
2026-08-01 14:52:03 PulseDaemon: cap write via daemon (3 node(s))
2026-08-01 14:52:03 PulseDaemon: cap write via daemon (2 node(s))
2026-08-01 14:52:04 PulseDaemon: telemetry read via daemon (16 path(s))
2026-08-01 14:52:05 PulseDaemon: telemetry read via daemon (16 path(s))
2026-08-01 14:52:05 PulseAutoTdp: tgt=90 fps=90.0 jank=0 tail=11ms act=HOLD bn=CPU cpuB=21 cpuPk=70 primePk=70 io=0 gpuB=32 gpuL=7 capped=0 prk=0 stl=0 draw=5.43W cT=47 gT=45 caps%[0:35,2:85,5:35,7:70,-100:40] curMHz[0:787,2:2707,5:1075,7:2112] gpu=231 gcap=422[10/13] lrn=100
2026-08-01 14:52:05 PulseDaemon: cap write via daemon (2 node(s))
2026-08-01 14:52:05 PulseDaemon: cap write via daemon (2 node(s))
2026-08-01 14:52:07 PulseDaemon: telemetry read via daemon (16 path(s))
2026-08-01 14:52:08 PulseDaemon: telemetry read via daemon (16 path(s))
2026-08-01 14:52:08 PulseAutoTdp: tgt=90 fps=90.0 jank=0 tail=11ms act=HOLD bn=CPU cpuB=22 cpuPk=68 primePk=68 io=0 gpuB=29 gpuL=6 capped=0 prk=0 stl=0 draw=4.18W cT=47 gT=45 caps%[0:35,2:85,5:35,7:70,-100:40] curMHz[0:787,2:2707,5:1075,7:2112] gpu=231 gcap=422[10/13] lrn=100
2026-08-01 14:52:08 PulseDaemon: cap write via daemon (2 node(s))
2026-08-01 14:52:08 PulseDaemon: cap write via daemon (3 node(s))
2026-08-01 14:52:08 PulseDaemon: cap write via daemon (2 node(s))
2026-08-01 14:52:10 PulseDaemon: telemetry read via daemon (16 path(s))
2026-08-01 14:52:11 PulseDaemon: telemetry read via daemon (16 path(s))
2026-08-01 14:52:11 PulseAutoTdp: tgt=90 fps=90.0 jank=0 tail=11ms act=HOLD bn=CPU cpuB=21 cpuPk=69 primePk=69 io=0 gpuB=28 gpuL=6 capped=0 prk=0 stl=0 draw=4.04W cT=47 gT=45 caps%[0:35,2:85,5:35,7:70,-100:40] curMHz[0:787,2:2707,5:1075,7:2112] gpu=231 gcap=422[10/13] lrn=100
2026-08-01 14:52:11 PulseDaemon: cap write via daemon (2 node(s))
2026-08-01 14:52:11 PulseDaemon: cap write via daemon (3 node(s))
2026-08-01 14:52:11 PulseDaemon: cap write via daemon (2 node(s))
2026-08-01 14:52:12 PulseDaemon: telemetry read via daemon (16 path(s))
2026-08-01 14:52:14 PulseDaemon: telemetry read via daemon (16 path(s))
2026-08-01 14:52:14 PulseAutoTdp: tgt=90 fps=90.0 jank=0 tail=11ms act=HOLD bn=CPU cpuB=22 cpuPk=70 primePk=70 io=0 gpuB=28 gpuL=6 capped=0 prk=0 stl=0 draw=3.65W cT=46 gT=45 caps%[0:35,2:85,5:35,7:70,-100:40] curMHz[0:787,2:2707,5:1075,7:2112] gpu=231 gcap=422[10/13] lrn=100
2026-08-01 14:52:14 PulseDaemon: cap write via daemon (2 node(s))
2026-08-01 14:52:14 PulseDaemon: cap write via daemon (3 node(s))
2026-08-01 14:52:14 PulseDaemon: cap write via daemon (2 node(s))
2026-08-01 14:52:15 PulseDaemon: telemetry read via daemon (16 path(s))
2026-08-01 14:52:17 PulseDaemon: telemetry read via daemon (16 path(s))
2026-08-01 14:52:17 PulseAutoTdp: AUTOTDP-SESSION tgt=90 bias=EFFICIENT wattCap=0 policies=0:2265600:0,1;2:3148800:2,3,4;5:2956800:5,6;7:3052800:7;-100:1050000:
2026-08-01 14:52:17 PulseAutoTdp: tgt=90 fps=90.0 jank=0 tail=11ms act=HOLD bn=CPU cpuB=21 cpuPk=69 primePk=69 io=0 gpuB=29 gpuL=6 capped=0 prk=0 stl=0 draw=4.31W cT=48 gT=45 caps%[0:35,2:85,5:35,7:70,-100:40] curMHz[0:787,2:2707,5:1075,7:2112] gpu=231 gcap=422[10/13] lrn=100
2026-08-01 14:52:17 PulseDaemon: cap write via daemon (3 node(s))
2026-08-01 14:52:17 PulseDaemon: cap write via daemon (2 node(s))
2026-08-01 14:52:18 PulseDaemon: telemetry read via daemon (16 path(s))
2026-08-01 14:52:19 PulseDaemon: telemetry read via daemon (16 path(s))
2026-08-01 14:52:19 PulseAutoTdp: tgt=90 fps=90.0 jank=0 tail=11ms act=HOLD bn=CPU cpuB=22 cpuPk=70 primePk=70 io=0 gpuB=25 gpuL=5 capped=0 prk=0 stl=0 draw=4.51W cT=47 gT=45 caps%[0:35,2:85,5:35,7:70,-100:40] curMHz[0:787,2:2707,5:1075,7:2112] gpu=231 gcap=422[10/13] lrn=100
2026-08-01 14:52:20 PulseDaemon: cap write via daemon (2 node(s))
2026-08-01 14:52:20 PulseDaemon: cap write via daemon (3 node(s))
2026-08-01 14:52:20 PulseDaemon: cap write via daemon (2 node(s))
2026-08-01 14:52:21 PulseDaemon: telemetry read via daemon (16 path(s))
2026-08-01 14:52:22 PulseDaemon: telemetry read via daemon (16 path(s))
2026-08-01 14:52:22 PulseAutoTdp: tgt=90 fps=90.0 jank=0 tail=11ms act=HOLD bn=CPU cpuB=20 cpuPk=67 primePk=67 io=0 gpuB=27 gpuL=5 capped=0 prk=0 stl=0 draw=3.76W cT=47 gT=45 caps%[0:35,2:85,5:35,7:70,-100:40] curMHz[0:787,2:2707,5:1075,7:2112] gpu=231 gcap=422[10/13] lrn=100
2026-08-01 14:52:22 PulseDaemon: cap write via daemon (2 node(s))
2026-08-01 14:52:22 PulseDaemon: cap write via daemon (3 node(s))
2026-08-01 14:52:22 PulseDaemon: cap write via daemon (2 node(s))
2026-08-01 14:52:24 PulseDaemon: telemetry read via daemon (16 path(s))
2026-08-01 14:52:25 PulseDaemon: telemetry read via daemon (16 path(s))
2026-08-01 14:52:25 PulseAutoTdp: tgt=90 fps=90.0 jank=0 tail=11ms act=HOLD bn=CPU cpuB=20 cpuPk=67 primePk=67 io=0 gpuB=29 gpuL=6 capped=0 prk=0 stl=0 draw=3.35W cT=47 gT=45 caps%[0:35,2:85,5:35,7:70,-100:40] curMHz[0:787,2:2707,5:1075,7:2112] gpu=231 gcap=422[10/13] lrn=100
2026-08-01 14:52:25 PulseDaemon: cap write via daemon (2 node(s))
2026-08-01 14:52:25 PulseDaemon: cap write via daemon (3 node(s))
2026-08-01 14:52:25 PulseDaemon: cap write via daemon (2 node(s))
2026-08-01 14:52:26 PulseDaemon: telemetry read via daemon (16 path(s))
2026-08-01 14:52:28 PulseDaemon: telemetry read via daemon (16 path(s))
2026-08-01 14:52:28 PulseAutoTdp: tgt=90 fps=90.0 jank=0 tail=11ms act=HOLD bn=CPU cpuB=20 cpuPk=65 primePk=65 io=0 gpuB=28 gpuL=6 capped=0 prk=0 stl=0 draw=4.00W cT=47 gT=45 caps%[0:35,2:85,5:35,7:70,-100:40] curMHz[0:787,2:2707,5:1075,7:2112] gpu=231 gcap=422[10/13] lrn=100
2026-08-01 14:52:28 PulseDaemon: cap write via daemon (2 node(s))
2026-08-01 14:52:28 PulseDaemon: cap write via daemon (3 node(s))
2026-08-01 14:52:28 PulseDaemon: cap write via daemon (2 node(s))
2026-08-01 14:52:29 PulseDaemon: telemetry read via daemon (16 path(s))
2026-08-01 14:52:31 PulseDaemon: telemetry read via daemon (16 path(s))
2026-08-01 14:52:32 PulseAutoTdp: tgt=90 fps=90.0 jank=0 tail=11ms act=HOLD bn=CPU cpuB=19 cpuPk=66 primePk=66 io=0 gpuB=31 gpuL=6 capped=0 prk=0 stl=0 draw=3.31W cT=47 gT=46 caps%[0:35,2:85,5:35,7:70,-100:40] curMHz[0:787,2:2707,5:1075,7:2112] mn/mx[0:364/787,2:499/2707,5:499/1075,7:480/2112] gpu=231 gcap=422[10/13] lrn=100
2026-08-01 14:52:32 PulseDaemon: cap write via daemon (2 node(s))
2026-08-01 14:52:32 PulseDaemon: cap write via daemon (3 node(s))
2026-08-01 14:52:32 PulseDaemon: cap write via daemon (2 node(s))
2026-08-01 14:52:33 PulseDaemon: telemetry read via daemon (16 path(s))
2026-08-01 14:52:34 PulseDaemon: telemetry read via daemon (16 path(s))
2026-08-01 14:52:34 PulseAutoTdp: tgt=90 fps=90.0 jank=0 tail=11ms act=HOLD bn=CPU cpuB=19 cpuPk=65 primePk=65 io=0 gpuB=47 gpuL=10 capped=0 prk=0 stl=0 draw=3.66W cT=47 gT=45 caps%[0:35,2:85,5:35,7:70,-100:40] curMHz[0:787,2:2707,5:1075,7:2112] gpu=231 gcap=422[10/13] lrn=100
2026-08-01 14:52:34 PulseDaemon: cap write via daemon (2 node(s))
2026-08-01 14:52:35 PulseDaemon: cap write via daemon (3 node(s))
2026-08-01 14:52:35 PulseDaemon: cap write via daemon (2 node(s))
2026-08-01 14:52:36 PulseDaemon: telemetry read via daemon (16 path(s))
2026-08-01 14:52:37 PulseDaemon: telemetry read via daemon (16 path(s))
2026-08-01 14:52:37 PulseAutoTdp: tgt=90 fps=90.0 jank=0 tail=11ms act=HOLD bn=CPU cpuB=19 cpuPk=63 primePk=63 io=0 gpuB=27 gpuL=5 capped=0 prk=0 stl=0 draw=4.05W cT=47 gT=46 caps%[0:35,2:85,5:35,7:70,-100:40] curMHz[0:787,2:2707,5:1075,7:2112] gpu=231 gcap=422[10/13] lrn=100
2026-08-01 14:52:37 PulseDaemon: cap write via daemon (2 node(s))
2026-08-01 14:52:37 PulseDaemon: cap write via daemon (3 node(s))
2026-08-01 14:52:37 PulseDaemon: cap write via daemon (2 node(s))
2026-08-01 14:52:39 PulseDaemon: telemetry read via daemon (16 path(s))
2026-08-01 14:52:40 PulseDaemon: telemetry read via daemon (16 path(s))
2026-08-01 14:52:40 PulseAutoTdp: tgt=90 fps=90.0 jank=0 tail=11ms act=HOLD bn=CPU cpuB=19 cpuPk=68 primePk=68 io=0 gpuB=31 gpuL=6 capped=0 prk=0 stl=0 draw=3.94W cT=47 gT=46 caps%[0:35,2:85,5:35,7:70,-100:40] curMHz[0:787,2:2707,5:1075,7:2112] gpu=231 gcap=422[10/13] lrn=100
2026-08-01 14:52:40 PulseDaemon: cap write via daemon (2 node(s))
2026-08-01 14:52:40 PulseDaemon: cap write via daemon (3 node(s))
2026-08-01 14:52:40 PulseDaemon: cap write via daemon (2 node(s))
2026-08-01 14:52:41 PulseDaemon: telemetry read via daemon (16 path(s))
2026-08-01 14:52:43 PulseDaemon: telemetry read via daemon (16 path(s))
2026-08-01 14:52:43 PulseAutoTdp: tgt=90 fps=90.0 jank=0 tail=11ms act=HOLD bn=CPU cpuB=20 cpuPk=68 primePk=68 io=0 gpuB=34 gpuL=7 capped=0 prk=0 stl=0 draw=4.15W cT=47 gT=46 caps%[0:35,2:85,5:35,7:70,-100:40] curMHz[0:787,2:2707,5:1075,7:2112] gpu=231 gcap=422[10/13] lrn=100
2026-08-01 14:52:43 PulseDaemon: cap write via daemon (2 node(s))
2026-08-01 14:52:43 PulseDaemon: cap write via daemon (3 node(s))
2026-08-01 14:52:43 PulseDaemon: cap write via daemon (2 node(s))
2026-08-01 14:52:44 PulseDaemon: telemetry read via daemon (16 path(s))
2026-08-01 14:52:46 PulseDaemon: telemetry read via daemon (16 path(s))
2026-08-01 14:52:46 PulseAutoTdp: tgt=90 fps=90.0 jank=0 tail=11ms act=HOLD bn=CPU cpuB=19 cpuPk=65 primePk=65 io=0 gpuB=36 gpuL=7 capped=0 prk=0 stl=0 draw=4.19W cT=47 gT=46 caps%[0:35,2:85,5:35,7:70,-100:40] curMHz[0:787,2:2707,5:1075,7:2112] gpu=231 gcap=422[10/13] lrn=100
2026-08-01 14:52:46 PulseDaemon: cap write via daemon (2 node(s))
2026-08-01 14:52:46 PulseDaemon: cap write via daemon (2 node(s))
2026-08-01 14:52:47 PulseDaemon: telemetry read via daemon (16 path(s))
2026-08-01 14:52:48 PulseDaemon: telemetry read via daemon (16 path(s))
2026-08-01 14:52:48 PulseAutoTdp: tgt=90 fps=90.0 jank=0 tail=11ms act=HOLD bn=CPU cpuB=20 cpuPk=62 primePk=62 io=0 gpuB=35 gpuL=7 capped=0 prk=0 stl=0 draw=4.35W cT=48 gT=46 caps%[0:35,2:85,5:35,7:70,-100:40] curMHz[0:787,2:2707,5:1075,7:2112] gpu=231 gcap=422[10/13] lrn=100
2026-08-01 14:52:48 PulseDaemon: cap write via xsu fallback (2 node(s), ~413 chars, chunked)
2026-08-01 14:52:49 PulseDaemon: cap write via daemon (3 node(s))
2026-08-01 14:52:49 PulseDaemon: cap write via daemon (2 node(s))
2026-08-01 14:52:50 PulseDaemon: telemetry read via daemon (16 path(s))
2026-08-01 14:52:51 PulseDaemon: telemetry read via daemon (16 path(s))
2026-08-01 14:52:51 PulseAutoTdp: tgt=90 fps=90.0 jank=0 tail=11ms act=HOLD bn=CPU cpuB=19 cpuPk=62 primePk=62 io=0 gpuB=36 gpuL=7 capped=0 prk=0 stl=0 draw=4.80W cT=46 gT=46 caps%[0:35,2:85,5:35,7:70,-100:40] curMHz[0:787,2:2707,5:1075,7:2112] gpu=231 gcap=422[10/13] lrn=100
2026-08-01 14:52:51 PulseDaemon: cap write via daemon (2 node(s))
2026-08-01 14:52:52 PulseDaemon: cap write via daemon (3 node(s))
2026-08-01 14:52:52 PulseDaemon: cap write via daemon (2 node(s))
2026-08-01 14:52:53 PulseDaemon: telemetry read via daemon (16 path(s))
2026-08-01 14:52:54 PulseDaemon: telemetry read via daemon (16 path(s))
2026-08-01 14:52:54 PulseAutoTdp: tgt=90 fps=90.0 jank=0 tail=11ms act=HOLD bn=CPU cpuB=18 cpuPk=62 primePk=62 io=0 gpuB=36 gpuL=7 capped=0 prk=0 stl=0 draw=5.40W cT=47 gT=46 caps%[0:35,2:85,5:35,7:70,-100:40] curMHz[0:787,2:2707,5:1075,7:2112] gpu=231 gcap=422[10/13] lrn=100
2026-08-01 14:52:54 PulseDaemon: cap write via daemon (2 node(s))
2026-08-01 14:52:54 PulseDaemon: cap write via daemon (3 node(s))
2026-08-01 14:52:54 PulseDaemon: cap write via daemon (2 node(s))
2026-08-01 14:52:56 PulseDaemon: telemetry read via daemon (16 path(s))
2026-08-01 14:52:57 PulseDaemon: telemetry read via daemon (16 path(s))
2026-08-01 14:52:57 PulseAutoTdp: tgt=90 fps=90.0 jank=0 tail=11ms act=HOLD bn=CPU cpuB=19 cpuPk=64 primePk=64 io=0 gpuB=36 gpuL=7 capped=0 prk=0 stl=0 draw=3.99W cT=47 gT=45 caps%[0:35,2:85,5:35,7:70,-100:40] curMHz[0:787,2:2707,5:1075,7:2112] gpu=231 gcap=422[10/13] lrn=100
2026-08-01 14:52:57 PulseDaemon: cap write via daemon (2 node(s))
2026-08-01 14:52:57 PulseDaemon: cap write via daemon (3 node(s))
2026-08-01 14:52:57 PulseDaemon: cap write via daemon (2 node(s))
2026-08-01 14:52:58 PulseDaemon: telemetry read via daemon (16 path(s))
2026-08-01 14:53:00 PulseDaemon: telemetry read via daemon (16 path(s))
2026-08-01 14:53:00 PulseAutoTdp: AUTOTDP-SESSION tgt=90 bias=EFFICIENT wattCap=0 policies=0:2265600:0,1;2:3148800:2,3,4;5:2956800:5,6;7:3052800:7;-100:1050000:
2026-08-01 14:53:01 PulseAutoTdp: tgt=90 fps=90.0 jank=0 tail=11ms act=HOLD bn=CPU cpuB=21 cpuPk=64 primePk=64 io=0 gpuB=36 gpuL=7 capped=0 prk=0 stl=0 draw=4.44W cT=48 gT=46 caps%[0:35,2:85,5:35,7:70,-100:40] curMHz[0:787,2:2707,5:1075,7:2112] mn/mx[0:364/787,2:499/2707,5:499/1075,7:480/2112] gpu=231 gcap=422[10/13] lrn=100
2026-08-01 14:53:01 PulseDaemon: cap write via daemon (2 node(s))
2026-08-01 14:53:01 PulseDaemon: cap write via daemon (3 node(s))
2026-08-01 14:53:01 PulseDaemon: cap write via daemon (2 node(s))
2026-08-01 14:53:02 PulseDaemon: telemetry read via daemon (16 path(s))
2026-08-01 14:53:03 PulseDaemon: telemetry read via daemon (16 path(s))
2026-08-01 14:53:04 PulseAutoTdp: tgt=90 fps=90.0 jank=0 tail=11ms act=HOLD bn=CPU cpuB=19 cpuPk=65 primePk=65 io=0 gpuB=36 gpuL=7 capped=0 prk=0 stl=0 draw=4.37W cT=47 gT=46 caps%[0:35,2:85,5:35,7:70,-100:40] curMHz[0:787,2:2707,5:1075,7:2112] gpu=231 gcap=422[10/13] lrn=100
2026-08-01 14:53:04 PulseDaemon: cap write via daemon (2 node(s))
2026-08-01 14:53:04 PulseDaemon: cap write via daemon (3 node(s))
2026-08-01 14:53:04 PulseDaemon: cap write via daemon (2 node(s))
2026-08-01 14:53:05 PulseDaemon: telemetry read via daemon (16 path(s))
2026-08-01 14:53:06 PulseDaemon: telemetry read via daemon (16 path(s))
2026-08-01 14:53:06 PulseAutoTdp: tgt=90 fps=90.0 jank=0 tail=11ms act=HOLD bn=CPU cpuB=18 cpuPk=61 primePk=61 io=0 gpuB=36 gpuL=7 capped=0 prk=0 stl=0 draw=3.31W cT=47 gT=45 caps%[0:35,2:85,5:35,7:70,-100:40] curMHz[0:787,2:2707,5:1075,7:2112] gpu=231 gcap=422[10/13] lrn=100
2026-08-01 14:53:06 PulseDaemon: cap write via daemon (2 node(s))
2026-08-01 14:53:06 PulseDaemon: cap write via daemon (3 node(s))
2026-08-01 14:53:06 PulseDaemon: cap write via daemon (2 node(s))
2026-08-01 14:53:08 PulseDaemon: telemetry read via daemon (16 path(s))
2026-08-01 14:53:09 PulseDaemon: telemetry read via daemon (16 path(s))
2026-08-01 14:53:09 PulseAutoTdp: tgt=90 fps=90.0 jank=0 tail=11ms act=HOLD bn=CPU cpuB=19 cpuPk=61 primePk=61 io=0 gpuB=35 gpuL=7 capped=0 prk=0 stl=0 draw=4.76W cT=46 gT=46 caps%[0:35,2:85,5:35,7:70,-100:40] curMHz[0:787,2:2707,5:1075,7:2112] gpu=231 gcap=422[10/13] lrn=100
2026-08-01 14:53:09 PulseDaemon: cap write via daemon (2 node(s))
2026-08-01 14:53:09 PulseDaemon: cap write via daemon (3 node(s))
2026-08-01 14:53:09 PulseDaemon: cap write via daemon (2 node(s))
2026-08-01 14:53:10 PulseDaemon: telemetry read via daemon (16 path(s))
2026-08-01 14:53:12 PulseDaemon: telemetry read via daemon (16 path(s))
2026-08-01 14:53:12 PulseAutoTdp: tgt=90 fps=90.0 jank=0 tail=11ms act=HOLD bn=CPU cpuB=20 cpuPk=62 primePk=62 io=0 gpuB=36 gpuL=7 capped=0 prk=0 stl=0 draw=5.17W cT=46 gT=46 caps%[0:35,2:85,5:35,7:70,-100:40] curMHz[0:787,2:2707,5:1075,7:2112] gpu=231 gcap=422[10/13] lrn=100
2026-08-01 14:53:12 PulseDaemon: cap write via daemon (2 node(s))
2026-08-01 14:53:12 PulseDaemon: cap write via daemon (3 node(s))
2026-08-01 14:53:12 PulseDaemon: cap write via daemon (2 node(s))
2026-08-01 14:53:13 PulseDaemon: telemetry read via daemon (16 path(s))
2026-08-01 14:53:15 PulseDaemon: telemetry read via daemon (16 path(s))
2026-08-01 14:53:15 PulseAutoTdp: tgt=90 fps=90.0 jank=0 tail=11ms act=HOLD bn=CPU cpuB=20 cpuPk=63 primePk=63 io=0 gpuB=30 gpuL=6 capped=0 prk=0 stl=0 draw=4.64W cT=47 gT=45 caps%[0:35,2:85,5:35,7:70,-100:40] curMHz[0:787,2:2707,5:1075,7:2112] gpu=231 gcap=422[10/13] lrn=100
2026-08-01 14:53:15 PulseDaemon: cap write via daemon (2 node(s))
2026-08-01 14:53:15 PulseDaemon: cap write via daemon (3 node(s))
2026-08-01 14:53:16 PulseDaemon: telemetry read via daemon (16 path(s))
2026-08-01 14:53:17 PulseDaemon: telemetry read via daemon (16 path(s))
2026-08-01 14:53:18 PulseAutoTdp: tgt=90 fps=90.0 jank=0 tail=11ms act=HOLD bn=CPU cpuB=19 cpuPk=64 primePk=64 io=0 gpuB=26 gpuL=5 capped=0 prk=0 stl=0 draw=4.61W cT=47 gT=45 caps%[0:35,2:85,5:35,7:70,-100:40] curMHz[0:787,2:2707,5:1075,7:2112] gpu=231 gcap=422[10/13] lrn=100
2026-08-01 14:53:18 PulseDaemon: cap write via daemon (2 node(s))
2026-08-01 14:53:18 PulseDaemon: cap write via daemon (2 node(s))
2026-08-01 14:53:19 PulseDaemon: telemetry read via daemon (16 path(s))
2026-08-01 14:53:20 PulseDaemon: telemetry read via daemon (16 path(s))
2026-08-01 14:53:20 PulseAutoTdp: tgt=90 fps=90.0 jank=0 tail=11ms act=HOLD bn=CPU cpuB=19 cpuPk=61 primePk=61 io=0 gpuB=30 gpuL=6 capped=0 prk=0 stl=0 draw=4.33W cT=48 gT=46 caps%[0:35,2:85,5:35,7:70,-100:40] curMHz[0:787,2:2707,5:1075,7:2112] gpu=231 gcap=422[10/13] lrn=100
2026-08-01 14:53:20 PulseDaemon: cap write via daemon (2 node(s))
2026-08-01 14:53:22 PulseDaemon: telemetry read via daemon (16 path(s))
2026-08-01 14:53:23 PulseDaemon: telemetry read via daemon (16 path(s))
2026-08-01 14:53:23 PulseAutoTdp: tgt=90 fps=90.0 jank=0 tail=11ms act=HOLD bn=CPU cpuB=18 cpuPk=63 primePk=63 io=0 gpuB=33 gpuL=7 capped=0 prk=0 stl=0 draw=3.76W cT=47 gT=44 caps%[0:35,2:85,5:35,7:70,-100:40] curMHz[0:787,2:2707,5:1075,7:2112] gpu=231 gcap=422[10/13] lrn=100
2026-08-01 14:53:23 PulseDaemon: cap write via daemon (2 node(s))
2026-08-01 14:53:23 PulseDaemon: cap write via daemon (3 node(s))
2026-08-01 14:53:23 PulseDaemon: cap write via daemon (2 node(s))
2026-08-01 14:53:25 PulseDaemon: telemetry read via daemon (16 path(s))
2026-08-01 14:53:26 PulseDaemon: telemetry read via daemon (16 path(s))
2026-08-01 14:53:26 PulseAutoTdp: tgt=90 fps=90.0 jank=0 tail=11ms act=HOLD bn=CPU cpuB=19 cpuPk=62 primePk=62 io=0 gpuB=36 gpuL=7 capped=0 prk=0 stl=0 draw=4.95W cT=47 gT=45 caps%[0:35,2:85,5:35,7:70,-100:40] curMHz[0:787,2:2707,5:1075,7:2112] gpu=231 gcap=422[10/13] lrn=100
2026-08-01 14:53:26 PulseDaemon: cap write via daemon (2 node(s))
2026-08-01 14:53:26 PulseDaemon: cap write via daemon (3 node(s))
2026-08-01 14:53:26 PulseDaemon: cap write via daemon (2 node(s))
2026-08-01 14:53:27 PulseDaemon: telemetry read via daemon (16 path(s))
2026-08-01 14:53:29 PulseDaemon: telemetry read via daemon (16 path(s))
2026-08-01 14:53:30 PulseAutoTdp: tgt=90 fps=90.0 jank=0 tail=11ms act=HOLD bn=CPU cpuB=19 cpuPk=57 primePk=57 io=0 gpuB=36 gpuL=7 capped=0 prk=0 stl=0 draw=5.92W cT=47 gT=45 caps%[0:35,2:85,5:35,7:70,-100:40] curMHz[0:787,2:2707,5:1075,7:2112] mn/mx[0:364/787,2:499/2707,5:499/1075,7:480/2112] gpu=231 gcap=422[10/13] lrn=100
2026-08-01 14:53:30 PulseDaemon: cap write via daemon (2 node(s))
2026-08-01 14:53:30 PulseDaemon: cap write via daemon (3 node(s))
2026-08-01 14:53:30 PulseDaemon: cap write via daemon (2 node(s))
2026-08-01 14:53:31 PulseDaemon: telemetry read via daemon (16 path(s))
2026-08-01 14:53:32 PulseDaemon: telemetry read via daemon (16 path(s))
2026-08-01 14:53:33 PulseAutoTdp: tgt=90 fps=90.0 jank=0 tail=11ms act=HOLD bn=CPU cpuB=19 cpuPk=60 primePk=60 io=0 gpuB=36 gpuL=7 capped=0 prk=0 stl=0 draw=5.06W cT=47 gT=46 caps%[0:35,2:85,5:35,7:70,-100:40] curMHz[0:787,2:2707,5:1075,7:2112] gpu=231 gcap=422[10/13] lrn=100
2026-08-01 14:53:33 PulseDaemon: cap write via daemon (2 node(s))
2026-08-01 14:53:33 PulseDaemon: cap write via daemon (3 node(s))
2026-08-01 14:53:33 PulseDaemon: cap write via daemon (2 node(s))
2026-08-01 14:53:34 PulseDaemon: telemetry read via daemon (16 path(s))
2026-08-01 14:53:35 PulseDaemon: telemetry read via daemon (16 path(s))
2026-08-01 14:53:35 PulseAutoTdp: tgt=90 fps=90.0 jank=0 tail=11ms act=HOLD bn=CPU cpuB=19 cpuPk=63 primePk=63 io=0 gpuB=35 gpuL=7 capped=0 prk=0 stl=0 draw=4.17W cT=47 gT=45 caps%[0:35,2:85,5:35,7:70,-100:40] curMHz[0:787,2:2707,5:1075,7:2112] gpu=231 gcap=422[10/13] lrn=100
2026-08-01 14:53:35 PulseDaemon: cap write via daemon (2 node(s))
2026-08-01 14:53:36 PulseDaemon: cap write via daemon (3 node(s))
2026-08-01 14:53:36 PulseDaemon: cap write via daemon (2 node(s))
2026-08-01 14:53:37 PulseDaemon: telemetry read via daemon (16 path(s))
2026-08-01 14:53:38 PulseDaemon: telemetry read via daemon (16 path(s))
2026-08-01 14:53:38 PulseAutoTdp: tgt=90 fps=90.0 jank=0 tail=11ms act=HOLD bn=CPU cpuB=19 cpuPk=62 primePk=62 io=0 gpuB=36 gpuL=7 capped=0 prk=0 stl=0 draw=5.66W cT=46 gT=46 caps%[0:35,2:85,5:35,7:70,-100:40] curMHz[0:787,2:2707,5:1075,7:2112] gpu=231 gcap=422[10/13] lrn=100
2026-08-01 14:53:38 PulseDaemon: cap write via daemon (2 node(s))
2026-08-01 14:53:38 PulseDaemon: cap write via daemon (3 node(s))
2026-08-01 14:53:38 PulseDaemon: cap write via daemon (2 node(s))
2026-08-01 14:53:40 PulseDaemon: telemetry read via daemon (16 path(s))
2026-08-01 14:53:41 PulseDaemon: telemetry read via daemon (16 path(s))
2026-08-01 14:53:41 PulseAutoTdp: tgt=90 fps=90.0 jank=0 tail=11ms act=HOLD bn=CPU cpuB=19 cpuPk=64 primePk=64 io=0 gpuB=37 gpuL=8 capped=0 prk=0 stl=0 draw=3.93W cT=47 gT=46 caps%[0:35,2:85,5:35,7:70,-100:40] curMHz[0:787,2:2707,5:1075,7:2112] gpu=231 gcap=422[10/13] lrn=100
2026-08-01 14:53:41 PulseDaemon: cap write via daemon (2 node(s))
2026-08-01 14:53:41 PulseDaemon: cap write via daemon (3 node(s))
2026-08-01 14:53:41 PulseDaemon: cap write via daemon (2 node(s))
2026-08-01 14:53:42 PulseDaemon: telemetry read via daemon (16 path(s))
2026-08-01 14:53:44 PulseDaemon: telemetry read via daemon (16 path(s))
2026-08-01 14:53:44 PulseAutoTdp: AUTOTDP-SESSION tgt=90 bias=EFFICIENT wattCap=0 policies=0:2265600:0,1;2:3148800:2,3,4;5:2956800:5,6;7:3052800:7;-100:1050000:
2026-08-01 14:53:44 PulseAutoTdp: tgt=90 fps=90.0 jank=0 tail=11ms act=HOLD bn=CPU cpuB=18 cpuPk=63 primePk=63 io=0 gpuB=36 gpuL=7 capped=0 prk=0 stl=0 draw=4.78W cT=46 gT=45 caps%[0:35,2:85,5:35,7:70,-100:40] curMHz[0:787,2:2707,5:1075,7:2112] gpu=231 gcap=422[10/13] lrn=100
2026-08-01 14:53:44 PulseDaemon: cap write via daemon (2 node(s))
2026-08-01 14:53:44 PulseDaemon: cap write via daemon (3 node(s))
2026-08-01 14:53:44 PulseDaemon: cap write via daemon (2 node(s))
2026-08-01 14:53:45 PulseDaemon: telemetry read via daemon (16 path(s))
2026-08-01 14:53:47 PulseDaemon: telemetry read via daemon (16 path(s))
2026-08-01 14:53:47 PulseAutoTdp: tgt=90 fps=90.0 jank=0 tail=11ms act=HOLD bn=CPU cpuB=18 cpuPk=62 primePk=62 io=0 gpuB=35 gpuL=7 capped=0 prk=0 stl=0 draw=4.20W cT=47 gT=45 caps%[0:35,2:85,5:35,7:70,-100:40] curMHz[0:787,2:2707,5:1075,7:2112] gpu=231 gcap=422[10/13] lrn=100
2026-08-01 14:53:47 PulseDaemon: cap write via daemon (2 node(s))
2026-08-01 14:53:47 PulseDaemon: cap write via daemon (3 node(s))
2026-08-01 14:53:47 PulseDaemon: cap write via daemon (2 node(s))
2026-08-01 14:53:48 PulseDaemon: telemetry read via daemon (16 path(s))
2026-08-01 14:53:50 PulseDaemon: telemetry read via daemon (16 path(s))
2026-08-01 14:53:50 PulseAutoTdp: tgt=90 fps=90.0 jank=0 tail=11ms act=HOLD bn=CPU cpuB=18 cpuPk=59 primePk=59 io=0 gpuB=34 gpuL=7 capped=0 prk=0 stl=0 draw=3.81W cT=47 gT=45 caps%[0:35,2:85,5:35,7:70,-100:40] curMHz[0:787,2:2707,5:1075,7:2112] gpu=231 gcap=422[10/13] lrn=100
2026-08-01 14:53:50 PulseDaemon: cap write via daemon (2 node(s))
2026-08-01 14:53:50 PulseDaemon: cap write via daemon (3 node(s))
2026-08-01 14:53:50 PulseDaemon: cap write via daemon (2 node(s))
2026-08-01 14:53:51 PulseDaemon: telemetry read via daemon (16 path(s))
2026-08-01 14:53:52 PulseDaemon: telemetry read via daemon (16 path(s))
2026-08-01 14:53:52 PulseAutoTdp: tgt=90 fps=90.0 jank=0 tail=11ms act=HOLD bn=CPU cpuB=18 cpuPk=63 primePk=63 io=0 gpuB=33 gpuL=7 capped=0 prk=0 stl=0 draw=5.21W cT=47 gT=45 caps%[0:35,2:85,5:35,7:70,-100:40] curMHz[0:787,2:2707,5:1075,7:2112] gpu=231 gcap=422[10/13] lrn=100
2026-08-01 14:53:52 PulseDaemon: cap write via daemon (3 node(s))
2026-08-01 14:53:52 PulseDaemon: cap write via daemon (2 node(s))
2026-08-01 14:53:54 PulseDaemon: telemetry read via daemon (16 path(s))
2026-08-01 14:53:55 PulseDaemon: telemetry read via daemon (16 path(s))
2026-08-01 14:53:55 PulseAutoTdp: tgt=90 fps=90.0 jank=0 tail=11ms act=HOLD bn=CPU cpuB=19 cpuPk=59 primePk=59 io=0 gpuB=35 gpuL=7 capped=0 prk=0 stl=0 draw=4.47W cT=47 gT=45 caps%[0:35,2:85,5:35,7:70,-100:40] curMHz[0:787,2:2707,5:1075,7:2112] gpu=231 gcap=422[10/13] lrn=100
2026-08-01 14:53:55 PulseDaemon: cap write via daemon (2 node(s))
2026-08-01 14:53:55 PulseDaemon: cap write via daemon (3 node(s))
2026-08-01 14:53:55 PulseDaemon: cap write via daemon (2 node(s))
2026-08-01 14:53:57 PulseDaemon: telemetry read via daemon (16 path(s))
2026-08-01 14:53:58 PulseDaemon: telemetry read via daemon (16 path(s))
2026-08-01 14:53:59 PulseAutoTdp: tgt=90 fps=90.0 jank=0 tail=11ms act=HOLD bn=CPU cpuB=19 cpuPk=62 primePk=62 io=0 gpuB=36 gpuL=7 capped=0 prk=0 stl=0 draw=5.03W cT=47 gT=46 caps%[0:35,2:85,5:35,7:70,-100:40] curMHz[0:787,2:2707,5:1075,7:2112] mn/mx[0:364/787,2:499/2707,5:499/1075,7:480/2112] gpu=231 gcap=422[10/13] lrn=100
2026-08-01 14:53:59 PulseDaemon: cap write via daemon (2 node(s))
2026-08-01 14:53:59 PulseDaemon: cap write via daemon (3 node(s))
2026-08-01 14:54:00 PulseDaemon: telemetry read via daemon (16 path(s))
2026-08-01 14:54:01 PulseDaemon: telemetry read via daemon (16 path(s))
2026-08-01 14:54:02 PulseAutoTdp: tgt=90 fps=90.0 jank=0 tail=11ms act=HOLD bn=CPU cpuB=18 cpuPk=60 primePk=60 io=0 gpuB=47 gpuL=10 capped=0 prk=0 stl=0 draw=4.01W cT=47 gT=46 caps%[0:35,2:85,5:35,7:70,-100:40] curMHz[0:787,2:2707,5:1075,7:2112] gpu=231 gcap=422[10/13] lrn=100
2026-08-01 14:54:02 PulseDaemon: cap write via daemon (2 node(s))
2026-08-01 14:54:02 PulseDaemon: cap write via daemon (3 node(s))
2026-08-01 14:54:02 PulseDaemon: cap write via daemon (2 node(s))
2026-08-01 14:54:03 PulseDaemon: telemetry read via daemon (16 path(s))
2026-08-01 14:54:04 PulseDaemon: telemetry read via daemon (16 path(s))
2026-08-01 14:54:04 PulseAutoTdp: tgt=90 fps=90.0 jank=0 tail=11ms act=HOLD bn=CPU cpuB=21 cpuPk=68 primePk=68 io=0 gpuB=22 gpuL=4 capped=0 prk=0 stl=0 draw=4.39W cT=47 gT=45 caps%[0:35,2:85,5:35,7:70,-100:40] curMHz[0:787,2:2707,5:1075,7:2112] gpu=231 gcap=422[10/13] lrn=100
2026-08-01 14:54:04 PulseDaemon: cap write via daemon (2 node(s))
2026-08-01 14:54:04 PulseDaemon: cap write via daemon (3 node(s))
2026-08-01 14:54:05 PulseDaemon: cap write via daemon (2 node(s))
2026-08-01 14:54:06 PulseDaemon: telemetry read via daemon (16 path(s))
2026-08-01 14:54:07 PulseDaemon: telemetry read via daemon (16 path(s))
2026-08-01 14:54:07 PulseAutoTdp: tgt=90 fps=90.0 jank=0 tail=11ms act=HOLD bn=CPU cpuB=21 cpuPk=71 primePk=71 io=0 gpuB=24 gpuL=5 capped=0 prk=0 stl=0 draw=4.78W cT=47 gT=45 caps%[0:35,2:85,5:35,7:70,-100:40] curMHz[0:787,2:2707,5:1075,7:2112] gpu=231 gcap=422[10/13] lrn=100
2026-08-01 14:54:07 PulseDaemon: cap write via daemon (3 node(s))
2026-08-01 14:54:07 PulseDaemon: cap write via daemon (2 node(s))
2026-08-01 14:54:09 PulseDaemon: telemetry read via daemon (16 path(s))
2026-08-01 14:54:10 PulseDaemon: telemetry read via daemon (16 path(s))
2026-08-01 14:54:10 PulseAutoTdp: tgt=90 fps=90.0 jank=0 tail=11ms act=HOLD bn=CPU cpuB=22 cpuPk=68 primePk=68 io=0 gpuB=24 gpuL=5 capped=0 prk=0 stl=0 draw=3.94W cT=46 gT=46 caps%[0:35,2:85,5:35,7:70,-100:40] curMHz[0:787,2:2707,5:1075,7:2112] gpu=231 gcap=422[10/13] lrn=100
2026-08-01 14:54:10 PulseDaemon: cap write via daemon (2 node(s))
2026-08-01 14:54:10 PulseDaemon: cap write via daemon (3 node(s))
2026-08-01 14:54:10 PulseDaemon: cap write via daemon (2 node(s))
2026-08-01 14:54:11 PulseDaemon: telemetry read via daemon (16 path(s))
2026-08-01 14:54:13 PulseDaemon: telemetry read via daemon (16 path(s))
2026-08-01 14:54:13 PulseAutoTdp: tgt=90 fps=90.0 jank=0 tail=11ms act=HOLD bn=CPU cpuB=20 cpuPk=66 primePk=66 io=0 gpuB=50 gpuL=11 capped=0 prk=0 stl=0 draw=4.84W cT=47 gT=46 caps%[0:35,2:85,5:35,7:70,-100:40] curMHz[0:787,2:2707,5:1075,7:2112] gpu=231 gcap=422[10/13] lrn=100
2026-08-01 14:54:13 PulseDaemon: cap write via daemon (2 node(s))
2026-08-01 14:54:13 PulseDaemon: cap write via daemon (3 node(s))
2026-08-01 14:54:13 PulseDaemon: cap write via daemon (2 node(s))
2026-08-01 14:54:14 PulseDaemon: telemetry read via daemon (16 path(s))
2026-08-01 14:54:16 PulseDaemon: telemetry read via daemon (16 path(s))
2026-08-01 14:54:16 PulseAutoTdp: tgt=90 fps=90.0 jank=0 tail=11ms act=HOLD bn=CPU cpuB=18 cpuPk=66 primePk=66 io=0 gpuB=26 gpuL=5 capped=0 prk=0 stl=0 draw=4.82W cT=46 gT=45 caps%[0:35,2:85,5:35,7:70,-100:40] curMHz[0:787,2:2707,5:1075,7:2112] gpu=231 gcap=422[10/13] lrn=100
2026-08-01 14:54:16 PulseDaemon: cap write via daemon (2 node(s))
2026-08-01 14:54:16 PulseDaemon: cap write via daemon (3 node(s))
2026-08-01 14:54:16 PulseDaemon: cap write via daemon (2 node(s))
2026-08-01 14:54:17 PulseDaemon: telemetry read via daemon (16 path(s))
2026-08-01 14:54:18 PulseDaemon: telemetry read via daemon (16 path(s))
2026-08-01 14:54:18 PulseAutoTdp: tgt=90 fps=90.0 jank=0 tail=11ms act=HOLD bn=CPU cpuB=20 cpuPk=63 primePk=63 io=0 gpuB=30 gpuL=6 capped=0 prk=0 stl=0 draw=5.37W cT=46 gT=45 caps%[0:35,2:85,5:35,7:70,-100:40] curMHz[0:787,2:2707,5:1075,7:2112] gpu=231 gcap=422[10/13] lrn=100
2026-08-01 14:54:19 PulseDaemon: cap write via daemon (2 node(s))
2026-08-01 14:54:19 PulseDaemon: cap write via daemon (3 node(s))
2026-08-01 14:54:19 PulseDaemon: cap write via daemon (2 node(s))
2026-08-01 14:54:20 PulseDaemon: telemetry read via daemon (16 path(s))
2026-08-01 14:54:21 PulseDaemon: telemetry read via daemon (16 path(s))
2026-08-01 14:54:21 PulseAutoTdp: tgt=90 fps=90.0 jank=0 tail=11ms act=HOLD bn=CPU cpuB=19 cpuPk=63 primePk=63 io=0 gpuB=31 gpuL=6 capped=0 prk=0 stl=0 draw=3.60W cT=47 gT=45 caps%[0:35,2:85,5:35,7:70,-100:40] curMHz[0:787,2:2707,5:1075,7:2112] gpu=231 gcap=422[10/13] lrn=100
2026-08-01 14:54:21 PulseDaemon: cap write via daemon (2 node(s))
2026-08-01 14:54:21 PulseDaemon: cap write via daemon (3 node(s))
2026-08-01 14:54:23 PulseDaemon: telemetry read via daemon (16 path(s))
2026-08-01 14:54:24 PulseDaemon: telemetry read via daemon (16 path(s))
2026-08-01 14:54:24 PulseAutoTdp: tgt=90 fps=90.0 jank=0 tail=11ms act=HOLD bn=CPU cpuB=20 cpuPk=66 primePk=66 io=0 gpuB=33 gpuL=7 capped=0 prk=0 stl=0 draw=5.14W cT=46 gT=46 caps%[0:35,2:85,5:35,7:70,-100:40] curMHz[0:787,2:2707,5:1075,7:2112] gpu=231 gcap=422[10/13] lrn=100
2026-08-01 14:54:25 PulseDaemon: telemetry read via daemon (16 path(s))
2026-08-01 14:54:27 PulseDaemon: telemetry read via daemon (16 path(s))
2026-08-01 14:54:27 PulseAutoTdp: AUTOTDP-SESSION tgt=90 bias=EFFICIENT wattCap=0 policies=0:2265600:0,1;2:3148800:2,3,4;5:2956800:5,6;7:3052800:7;-100:1050000:
2026-08-01 14:54:28 PulseAutoTdp: tgt=90 fps=90.0 jank=0 tail=11ms act=HOLD bn=CPU cpuB=20 cpuPk=64 primePk=64 io=0 gpuB=50 gpuL=11 capped=0 prk=0 stl=0 draw=4.21W cT=46 gT=46 caps%[0:35,2:85,5:35,7:70,-100:40] curMHz[0:787,2:2707,5:1075,7:2112] mn/mx[0:364/787,2:499/2707,5:499/1075,7:480/2112] gpu=231 gcap=422[10/13] lrn=100
2026-08-01 14:54:28 PulseDaemon: cap write via daemon (2 node(s))
2026-08-01 14:54:28 PulseDaemon: cap write via daemon (3 node(s))
2026-08-01 14:54:28 PulseDaemon: cap write via daemon (2 node(s))
2026-08-01 14:54:29 PulseDaemon: telemetry read via daemon (16 path(s))
2026-08-01 14:54:30 PulseDaemon: telemetry read via daemon (16 path(s))
2026-08-01 14:54:30 PulseAutoTdp: tgt=90 fps=90.0 jank=0 tail=11ms act=HOLD bn=CPU cpuB=21 cpuPk=70 primePk=70 io=0 gpuB=31 gpuL=6 capped=0 prk=0 stl=0 draw=4.09W cT=47 gT=46 caps%[0:35,2:85,5:35,7:70,-100:40] curMHz[0:787,2:2707,5:1075,7:2112] gpu=231 gcap=422[10/13] lrn=100
2026-08-01 14:54:31 PulseDaemon: cap write via daemon (2 node(s))
2026-08-01 14:54:31 PulseDaemon: cap write via daemon (3 node(s))
2026-08-01 14:54:31 PulseDaemon: cap write via daemon (2 node(s))
2026-08-01 14:54:32 PulseDaemon: telemetry read via daemon (16 path(s))
2026-08-01 14:54:33 PulseDaemon: telemetry read via daemon (16 path(s))
2026-08-01 14:54:33 PulseAutoTdp: tgt=90 fps=90.0 jank=0 tail=11ms act=HOLD bn=CPU cpuB=21 cpuPk=72 primePk=72 io=0 gpuB=28 gpuL=6 capped=0 prk=0 stl=0 draw=4.58W cT=47 gT=45 caps%[0:35,2:85,5:35,7:70,-100:40] curMHz[0:787,2:2707,5:1075,7:2112] gpu=231 gcap=422[10/13] lrn=100
2026-08-01 14:54:33 PulseDaemon: cap write via daemon (2 node(s))
2026-08-01 14:54:33 PulseDaemon: cap write via daemon (3 node(s))
2026-08-01 14:54:33 PulseDaemon: cap write via daemon (2 node(s))
2026-08-01 14:54:35 PulseDaemon: telemetry read via daemon (16 path(s))
2026-08-01 14:54:36 PulseDaemon: telemetry read via daemon (16 path(s))
2026-08-01 14:54:36 PulseAutoTdp: tgt=90 fps=86.1 jank=2 tail=44ms act=HOLD bn=CPU cpuB=34 cpuPk=88 primePk=88 io=0 gpuB=34 gpuL=7 capped=0 prk=0 stl=0 draw=5.17W cT=49 gT=46 caps%[0:35,2:85,5:35,7:70,-100:40] curMHz[0:787,2:2707,5:1075,7:2112] gpu=231 gcap=422[10/13] lrn=100
2026-08-01 14:54:36 PulseDaemon: cap write via daemon (3 node(s))
2026-08-01 14:54:36 PulseDaemon: cap write via daemon (2 node(s))
2026-08-01 14:54:37 PulseDaemon: telemetry read via daemon (16 path(s))
2026-08-01 14:54:39 PulseDaemon: telemetry read via daemon (16 path(s))
2026-08-01 14:54:39 PulseAutoTdp: tgt=90 fps=90.0 jank=0 tail=11ms act=HOLD bn=CPU cpuB=20 cpuPk=69 primePk=69 io=0 gpuB=24 gpuL=5 capped=0 prk=0 stl=0 draw=3.85W cT=47 gT=45 caps%[0:35,2:85,5:35,7:70,-100:40] curMHz[0:787,2:2707,5:1075,7:2112] gpu=231 gcap=422[10/13] lrn=100
2026-08-01 14:54:39 PulseDaemon: cap write via daemon (2 node(s))
2026-08-01 14:54:39 PulseDaemon: cap write via daemon (3 node(s))
2026-08-01 14:54:39 PulseDaemon: cap write via daemon (2 node(s))
2026-08-01 14:54:40 PulseDaemon: telemetry read via daemon (16 path(s))
2026-08-01 14:54:42 PulseDaemon: telemetry read via daemon (16 path(s))
2026-08-01 14:54:42 PulseAutoTdp: tgt=90 fps=90.0 jank=0 tail=11ms act=HOLD bn=CPU cpuB=20 cpuPk=66 primePk=66 io=0 gpuB=24 gpuL=5 capped=0 prk=0 stl=0 draw=3.40W cT=47 gT=46 caps%[0:35,2:85,5:35,7:70,-100:40] curMHz[0:787,2:2707,5:1075,7:2112] gpu=231 gcap=422[10/13] lrn=100
2026-08-01 14:54:42 PulseDaemon: cap write via daemon (2 node(s))
2026-08-01 14:54:42 PulseDaemon: cap write via daemon (3 node(s))
2026-08-01 14:54:42 PulseDaemon: cap write via daemon (2 node(s))
2026-08-01 14:54:43 PulseDaemon: telemetry read via daemon (16 path(s))
2026-08-01 14:54:44 PulseDaemon: telemetry read via daemon (16 path(s))
2026-08-01 14:54:44 PulseAutoTdp: tgt=90 fps=90.0 jank=0 tail=11ms act=HOLD bn=CPU cpuB=21 cpuPk=66 primePk=66 io=0 gpuB=27 gpuL=5 capped=0 prk=0 stl=0 draw=3.53W cT=47 gT=45 caps%[0:35,2:85,5:35,7:70,-100:40] curMHz[0:787,2:2707,5:1075,7:2112] gpu=231 gcap=422[10/13] lrn=100
2026-08-01 14:54:44 PulseDaemon: cap write via daemon (2 node(s))
2026-08-01 14:54:45 PulseDaemon: cap write via daemon (3 node(s))
2026-08-01 14:54:45 PulseDaemon: cap write via daemon (2 node(s))
2026-08-01 14:54:46 PulseDaemon: telemetry read via daemon (16 path(s))
2026-08-01 14:54:47 PulseDaemon: telemetry read via daemon (16 path(s))
2026-08-01 14:54:47 PulseAutoTdp: tgt=90 fps=90.0 jank=0 tail=11ms act=HOLD bn=CPU cpuB=19 cpuPk=61 primePk=61 io=0 gpuB=32 gpuL=7 capped=0 prk=0 stl=0 draw=4.62W cT=47 gT=46 caps%[0:35,2:85,5:35,7:70,-100:40] curMHz[0:787,2:2707,5:1075,7:2112] gpu=231 gcap=422[10/13] lrn=100
2026-08-01 14:54:47 PulseDaemon: cap write via daemon (2 node(s))
2026-08-01 14:54:47 PulseDaemon: cap write via daemon (3 node(s))
2026-08-01 14:54:47 PulseDaemon: cap write via daemon (2 node(s))
2026-08-01 14:54:49 PulseDaemon: telemetry read via daemon (16 path(s))
2026-08-01 14:54:50 PulseDaemon: telemetry read via daemon (16 path(s))
2026-08-01 14:54:50 PulseAutoTdp: tgt=90 fps=90.0 jank=0 tail=11ms act=HOLD bn=CPU cpuB=22 cpuPk=68 primePk=68 io=0 gpuB=38 gpuL=8 capped=0 prk=0 stl=0 draw=3.35W cT=47 gT=46 caps%[0:35,2:85,5:35,7:70,-100:40] curMHz[0:787,2:2707,5:1075,7:2112] gpu=231 gcap=422[10/13] lrn=100
2026-08-01 14:54:50 PulseDaemon: cap write via daemon (2 node(s))
2026-08-01 14:54:50 PulseDaemon: cap write via daemon (3 node(s))
2026-08-01 14:54:50 PulseDaemon: cap write via daemon (2 node(s))
2026-08-01 14:54:51 PulseDaemon: telemetry read via daemon (16 path(s))
2026-08-01 14:54:53 PulseDaemon: telemetry read via daemon (16 path(s))
2026-08-01 14:54:53 PulseAutoTdp: tgt=90 fps=90.0 jank=0 tail=11ms act=HOLD bn=CPU cpuB=21 cpuPk=68 primePk=68 io=0 gpuB=33 gpuL=7 capped=0 prk=0 stl=0 draw=4.25W cT=47 gT=45 caps%[0:35,2:85,5:35,7:70,-100:40] curMHz[0:787,2:2707,5:1075,7:2112] gpu=231 gcap=422[10/13] lrn=100
2026-08-01 14:54:53 PulseDaemon: cap write via daemon (2 node(s))
2026-08-01 14:54:53 PulseDaemon: cap write via daemon (3 node(s))
2026-08-01 14:54:53 PulseDaemon: cap write via daemon (2 node(s))
2026-08-01 14:54:54 PulseDaemon: telemetry read via daemon (16 path(s))
2026-08-01 14:54:56 PulseDaemon: telemetry read via daemon (16 path(s))
2026-08-01 14:54:57 PulseAutoTdp: tgt=90 fps=90.0 jank=0 tail=11ms act=HOLD bn=CPU cpuB=22 cpuPk=63 primePk=63 io=0 gpuB=34 gpuL=7 capped=0 prk=0 stl=0 draw=5.21W cT=47 gT=44 caps%[0:35,2:85,5:35,7:70,-100:40] curMHz[0:787,2:2707,5:1075,7:2112] mn/mx[0:787/787,2:499/2707,5:499/1075,7:480/2112] gpu=231 gcap=422[10/13] lrn=100
2026-08-01 14:54:57 PulseDaemon: cap write via daemon (2 node(s))
2026-08-01 14:54:57 PulseDaemon: cap write via daemon (3 node(s))
2026-08-01 14:54:57 PulseDaemon: cap write via daemon (2 node(s))
2026-08-01 14:54:58 PulseDaemon: telemetry read via daemon (16 path(s))
2026-08-01 14:54:59 PulseDaemon: telemetry read via daemon (16 path(s))
2026-08-01 14:54:59 PulseAutoTdp: tgt=90 fps=90.0 jank=0 tail=11ms act=HOLD bn=CPU cpuB=21 cpuPk=64 primePk=64 io=0 gpuB=39 gpuL=8 capped=0 prk=0 stl=0 draw=4.97W cT=47 gT=45 caps%[0:35,2:85,5:35,7:70,-100:40] curMHz[0:787,2:2707,5:1075,7:2112] gpu=231 gcap=422[10/13] lrn=100
2026-08-01 14:55:00 PulseDaemon: cap write via daemon (2 node(s))
2026-08-01 14:55:00 PulseDaemon: cap write via daemon (3 node(s))
2026-08-01 14:55:00 PulseDaemon: cap write via daemon (2 node(s))
2026-08-01 14:55:01 PulseDaemon: telemetry read via daemon (16 path(s))
2026-08-01 14:55:02 PulseDaemon: telemetry read via daemon (16 path(s))
2026-08-01 14:55:02 PulseAutoTdp: tgt=90 fps=90.0 jank=0 tail=11ms act=HOLD bn=CPU cpuB=21 cpuPk=63 primePk=63 io=0 gpuB=37 gpuL=8 capped=0 prk=0 stl=0 draw=4.75W cT=47 gT=44 caps%[0:35,2:85,5:35,7:70,-100:40] curMHz[0:787,2:2707,5:1075,7:2112] gpu=231 gcap=422[10/13] lrn=100
2026-08-01 14:55:02 PulseDaemon: cap write via daemon (2 node(s))
2026-08-01 14:55:02 PulseDaemon: cap write via daemon (3 node(s))
2026-08-01 14:55:02 PulseDaemon: cap write via daemon (2 node(s))
2026-08-01 14:55:04 PulseDaemon: telemetry read via daemon (16 path(s))
2026-08-01 14:55:05 PulseDaemon: telemetry read via daemon (16 path(s))
2026-08-01 14:55:05 PulseAutoTdp: tgt=90 fps=90.0 jank=0 tail=11ms act=HOLD bn=CPU cpuB=20 cpuPk=74 primePk=74 io=0 gpuB=36 gpuL=7 capped=0 prk=0 stl=0 draw=3.74W cT=47 gT=44 caps%[0:35,2:85,5:35,7:70,-100:40] curMHz[0:787,2:2707,5:1075,7:2112] gpu=231 gcap=422[10/13] lrn=100
2026-08-01 14:55:05 PulseDaemon: cap write via daemon (2 node(s))
2026-08-01 14:55:05 PulseDaemon: cap write via daemon (3 node(s))
2026-08-01 14:55:05 PulseDaemon: cap write via daemon (2 node(s))
2026-08-01 14:55:06 PulseDaemon: telemetry read via daemon (16 path(s))
2026-08-01 14:55:08 PulseDaemon: telemetry read via daemon (16 path(s))
2026-08-01 14:55:08 PulseAutoTdp: tgt=90 fps=90.0 jank=0 tail=11ms act=HOLD bn=CPU cpuB=23 cpuPk=78 primePk=78 io=0 gpuB=37 gpuL=8 capped=0 prk=0 stl=0 draw=4.36W cT=48 gT=44 caps%[0:35,2:85,5:35,7:70,-100:40] curMHz[0:787,2:2707,5:1075,7:2112] gpu=231 gcap=422[10/13] lrn=100
2026-08-01 14:55:08 PulseDaemon: cap write via daemon (2 node(s))
2026-08-01 14:55:08 PulseDaemon: cap write via daemon (3 node(s))
2026-08-01 14:55:08 PulseDaemon: cap write via daemon (2 node(s))
2026-08-01 14:55:09 PulseDaemon: telemetry read via daemon (16 path(s))
2026-08-01 14:55:11 PulseDaemon: telemetry read via daemon (16 path(s))
2026-08-01 14:55:11 PulseAutoTdp: AUTOTDP-SESSION tgt=90 bias=EFFICIENT wattCap=0 policies=0:2265600:0,1;2:3148800:2,3,4;5:2956800:5,6;7:3052800:7;-100:1050000:
2026-08-01 14:55:11 PulseDaemon: cap write via daemon (2 node(s))
2026-08-01 14:55:11 PulseDaemon: cap write via daemon (3 node(s))
2026-08-01 14:55:11 PulseDaemon: cap write via daemon (2 node(s))
2026-08-01 14:55:12 PulseDaemon: telemetry read via daemon (16 path(s))
2026-08-01 14:55:13 PulseDaemon: telemetry read via daemon (16 path(s))
2026-08-01 14:55:14 PulseAutoTdp: tgt=90 fps=90.0 jank=0 tail=11ms act=HOLD bn=CPU cpuB=21 cpuPk=72 primePk=72 io=0 gpuB=36 gpuL=7 capped=0 prk=0 stl=0 draw=4.39W cT=48 gT=45 caps%[0:35,2:85,5:35,7:70,-100:40] curMHz[0:787,2:2707,5:1075,7:2112] gpu=231 gcap=422[10/13] lrn=100
2026-08-01 14:55:14 PulseDaemon: cap write via daemon (2 node(s))
2026-08-01 14:55:14 PulseDaemon: cap write via daemon (3 node(s))
2026-08-01 14:55:14 PulseDaemon: cap write via daemon (2 node(s))
2026-08-01 14:55:15 PulseDaemon: telemetry read via daemon (16 path(s))
2026-08-01 14:55:16 PulseDaemon: telemetry read via daemon (16 path(s))
2026-08-01 14:55:16 PulseAutoTdp: tgt=90 fps=90.0 jank=0 tail=11ms act=HOLD bn=CPU cpuB=21 cpuPk=67 primePk=67 io=0 gpuB=37 gpuL=8 capped=0 prk=0 stl=0 draw=4.25W cT=47 gT=45 caps%[0:35,2:85,5:35,7:70,-100:40] curMHz[0:787,2:2707,5:1075,7:2112] gpu=231 gcap=422[10/13] lrn=100
2026-08-01 14:55:16 PulseDaemon: cap write via daemon (2 node(s))
2026-08-01 14:55:16 PulseDaemon: cap write via daemon (3 node(s))
2026-08-01 14:55:18 PulseDaemon: telemetry read via daemon (16 path(s))
2026-08-01 14:55:19 PulseDaemon: telemetry read via daemon (16 path(s))
2026-08-01 14:55:19 PulseAutoTdp: tgt=90 fps=90.0 jank=0 tail=11ms act=HOLD bn=CPU cpuB=24 cpuPk=69 primePk=69 io=0 gpuB=40 gpuL=8 capped=0 prk=0 stl=0 draw=5.38W cT=48 gT=46 caps%[0:35,2:85,5:35,7:70,-100:40] curMHz[0:787,2:2707,5:1075,7:2112] gpu=231 gcap=422[10/13] lrn=100
2026-08-01 14:55:19 PulseDaemon: cap write via daemon (2 node(s))
2026-08-01 14:55:19 PulseDaemon: cap write via daemon (3 node(s))
2026-08-01 14:55:19 PulseDaemon: cap write via daemon (2 node(s))
2026-08-01 14:55:21 PulseDaemon: telemetry read via daemon (16 path(s))
2026-08-01 14:55:22 PulseDaemon: telemetry read via daemon (16 path(s))
2026-08-01 14:55:22 PulseAutoTdp: tgt=90 fps=90.0 jank=0 tail=11ms act=HOLD bn=CPU cpuB=24 cpuPk=72 primePk=72 io=0 gpuB=40 gpuL=8 capped=0 prk=0 stl=0 draw=5.07W cT=48 gT=46 caps%[0:35,2:85,5:35,7:70,-100:40] curMHz[0:787,2:2707,5:1075,7:2112] gpu=231 gcap=422[10/13] lrn=100
2026-08-01 14:55:22 PulseDaemon: cap write via daemon (2 node(s))
2026-08-01 14:55:22 PulseDaemon: cap write via daemon (3 node(s))
2026-08-01 14:55:22 PulseDaemon: cap write via daemon (2 node(s))
2026-08-01 14:55:23 PulseDaemon: telemetry read via daemon (16 path(s))
2026-08-01 14:55:25 PulseDaemon: telemetry read via daemon (16 path(s))
2026-08-01 14:55:26 PulseAutoTdp: tgt=90 fps=90.0 jank=0 tail=11ms act=HOLD bn=CPU cpuB=23 cpuPk=72 primePk=72 io=0 gpuB=39 gpuL=8 capped=0 prk=0 stl=0 draw=4.78W cT=48 gT=46 caps%[0:35,2:85,5:35,7:70,-100:40] curMHz[0:787,2:2707,5:1075,7:2112] mn/mx[0:364/787,2:499/2707,5:499/1075,7:480/2112] gpu=231 gcap=422[10/13] lrn=100
2026-08-01 14:55:26 PulseDaemon: cap write via daemon (2 node(s))
2026-08-01 14:55:26 PulseDaemon: cap write via daemon (3 node(s))
2026-08-01 14:55:27 PulseDaemon: telemetry read via daemon (16 path(s))
2026-08-01 14:55:28 PulseDaemon: telemetry read via daemon (16 path(s))
2026-08-01 14:55:28 PulseAutoTdp: tgt=90 fps=90.0 jank=0 tail=11ms act=HOLD bn=CPU cpuB=23 cpuPk=74 primePk=74 io=0 gpuB=39 gpuL=8 capped=0 prk=0 stl=0 draw=5.17W cT=48 gT=46 caps%[0:35,2:85,5:35,7:70,-100:40] curMHz[0:787,2:2707,5:1075,7:2112] gpu=231 gcap=422[10/13] lrn=100
2026-08-01 14:55:28 PulseDaemon: cap write via daemon (2 node(s))
2026-08-01 14:55:29 PulseDaemon: cap write via daemon (3 node(s))
2026-08-01 14:55:29 PulseDaemon: cap write via daemon (2 node(s))
2026-08-01 14:55:30 PulseDaemon: telemetry read via daemon (16 path(s))
2026-08-01 14:55:31 PulseDaemon: telemetry read via daemon (16 path(s))
2026-08-01 14:55:31 PulseAutoTdp: tgt=90 fps=90.0 jank=0 tail=11ms act=HOLD bn=CPU cpuB=23 cpuPk=72 primePk=72 io=0 gpuB=39 gpuL=8 capped=0 prk=0 stl=0 draw=4.77W cT=48 gT=46 caps%[0:35,2:85,5:35,7:70,-100:40] curMHz[0:787,2:2707,5:1075,7:2112] gpu=231 gcap=422[10/13] lrn=100
2026-08-01 14:55:31 PulseDaemon: cap write via daemon (2 node(s))
2026-08-01 14:55:31 PulseDaemon: cap write via daemon (3 node(s))
2026-08-01 14:55:31 PulseDaemon: cap write via daemon (2 node(s))
2026-08-01 14:55:33 PulseDaemon: telemetry read via daemon (16 path(s))
2026-08-01 14:55:34 PulseDaemon: telemetry read via daemon (16 path(s))
2026-08-01 14:55:34 PulseAutoTdp: tgt=90 fps=90.0 jank=0 tail=11ms act=HOLD bn=CPU cpuB=23 cpuPk=76 primePk=76 io=0 gpuB=39 gpuL=8 capped=0 prk=0 stl=0 draw=3.98W cT=48 gT=46 caps%[0:35,2:85,5:35,7:70,-100:40] curMHz[0:787,2:2707,5:1075,7:2112] gpu=231 gcap=422[10/13] lrn=100
2026-08-01 14:55:34 PulseDaemon: cap write via daemon (2 node(s))
2026-08-01 14:55:34 PulseDaemon: cap write via daemon (3 node(s))
2026-08-01 14:55:34 PulseDaemon: cap write via daemon (2 node(s))
2026-08-01 14:55:35 PulseDaemon: telemetry read via daemon (16 path(s))
2026-08-01 14:55:37 PulseDaemon: telemetry read via daemon (16 path(s))
2026-08-01 14:55:37 PulseAutoTdp: tgt=90 fps=90.0 jank=0 tail=11ms act=HOLD bn=CPU cpuB=22 cpuPk=74 primePk=74 io=0 gpuB=40 gpuL=8 capped=0 prk=0 stl=0 draw=4.56W cT=48 gT=46 caps%[0:35,2:85,5:35,7:70,-100:40] curMHz[0:787,2:2707,5:1075,7:2112] gpu=231 gcap=422[10/13] lrn=100
2026-08-01 14:55:37 PulseDaemon: cap write via daemon (2 node(s))
2026-08-01 14:55:37 PulseDaemon: cap write via daemon (3 node(s))
2026-08-01 14:55:37 PulseDaemon: cap write via daemon (2 node(s))
2026-08-01 14:55:38 PulseDaemon: telemetry read via daemon (16 path(s))
2026-08-01 14:55:40 PulseDaemon: telemetry read via daemon (16 path(s))
2026-08-01 14:55:40 PulseAutoTdp: tgt=90 fps=90.0 jank=0 tail=11ms act=HOLD bn=CPU cpuB=21 cpuPk=72 primePk=72 io=0 gpuB=41 gpuL=9 capped=0 prk=0 stl=0 draw=4.17W cT=49 gT=46 caps%[0:35,2:85,5:35,7:70,-100:40] curMHz[0:787,2:2707,5:1075,7:2112] gpu=231 gcap=422[10/13] lrn=100
2026-08-01 14:55:40 PulseDaemon: cap write via xsu fallback (2 node(s), ~413 chars, chunked)
2026-08-01 14:55:40 PulseDaemon: cap write via daemon (3 node(s))
2026-08-01 14:55:40 PulseDaemon: cap write via daemon (2 node(s))
2026-08-01 14:55:41 PulseDaemon: telemetry read via daemon (16 path(s))
2026-08-01 14:55:42 PulseDaemon: telemetry read via daemon (16 path(s))
2026-08-01 14:55:43 PulseAutoTdp: tgt=90 fps=90.0 jank=0 tail=11ms act=HOLD bn=CPU cpuB=22 cpuPk=76 primePk=76 io=0 gpuB=39 gpuL=8 capped=0 prk=0 stl=0 draw=4.34W cT=48 gT=46 caps%[0:35,2:85,5:35,7:70,-100:40] curMHz[0:787,2:2707,5:1075,7:2112] gpu=231 gcap=422[10/13] lrn=100
2026-08-01 14:55:43 PulseDaemon: cap write via daemon (2 node(s))
2026-08-01 14:55:43 PulseDaemon: cap write via daemon (3 node(s))
2026-08-01 14:55:44 PulseDaemon: telemetry read via daemon (16 path(s))
2026-08-01 14:55:45 PulseDaemon: telemetry read via daemon (16 path(s))
2026-08-01 14:55:45 PulseAutoTdp: tgt=90 fps=90.0 jank=0 tail=11ms act=HOLD bn=CPU cpuB=25 cpuPk=78 primePk=78 io=0 gpuB=41 gpuL=9 capped=0 prk=0 stl=0 draw=4.31W cT=50 gT=47 caps%[0:35,2:85,5:35,7:70,-100:40] curMHz[0:787,2:2707,5:1075,7:2112] gpu=231 gcap=422[10/13] lrn=100
2026-08-01 14:55:45 PulseDaemon: cap write via daemon (2 node(s))
2026-08-01 14:55:45 PulseDaemon: cap write via daemon (3 node(s))
2026-08-01 14:55:45 PulseDaemon: cap write via daemon (2 node(s))
2026-08-01 14:55:47 PulseDaemon: telemetry read via daemon (16 path(s))
2026-08-01 14:55:48 PulseDaemon: telemetry read via daemon (16 path(s))
2026-08-01 14:55:48 PulseAutoTdp: tgt=90 fps=90.0 jank=0 tail=11ms act=HOLD bn=CPU cpuB=23 cpuPk=76 primePk=76 io=0 gpuB=43 gpuL=9 capped=0 prk=0 stl=0 draw=4.10W cT=49 gT=46 caps%[0:35,2:85,5:35,7:70,-100:40] curMHz[0:787,2:2707,5:1075,7:2112] gpu=231 gcap=422[10/13] lrn=100
2026-08-01 14:55:48 PulseDaemon: cap write via daemon (2 node(s))
2026-08-01 14:55:48 PulseDaemon: cap write via daemon (3 node(s))
2026-08-01 14:55:48 PulseDaemon: cap write via daemon (2 node(s))
2026-08-01 14:55:49 PulseDaemon: telemetry read via daemon (16 path(s))
2026-08-01 14:55:51 PulseDaemon: telemetry read via daemon (16 path(s))
2026-08-01 14:55:51 PulseAutoTdp: tgt=90 fps=90.0 jank=0 tail=11ms act=HOLD bn=CPU cpuB=20 cpuPk=67 primePk=67 io=0 gpuB=34 gpuL=7 capped=0 prk=0 stl=0 draw=4.68W cT=48 gT=46 caps%[0:35,2:85,5:35,7:70,-100:40] curMHz[0:787,2:2707,5:1075,7:2112] gpu=231 gcap=422[10/13] lrn=100
2026-08-01 14:55:51 PulseDaemon: cap write via daemon (2 node(s))
2026-08-01 14:55:51 PulseDaemon: cap write via daemon (3 node(s))
2026-08-01 14:55:51 PulseDaemon: cap write via daemon (2 node(s))
2026-08-01 14:55:52 PulseDaemon: telemetry read via daemon (16 path(s))
2026-08-01 14:55:53 PulseDaemon: telemetry read via daemon (16 path(s))
2026-08-01 14:55:54 PulseAutoTdp: AUTOTDP-SESSION tgt=90 bias=EFFICIENT wattCap=0 policies=0:2265600:0,1;2:3148800:2,3,4;5:2956800:5,6;7:3052800:7;-100:1050000:
2026-08-01 14:55:54 PulseAutoTdp: tgt=90 fps=90.0 jank=0 tail=11ms act=HOLD bn=CPU cpuB=19 cpuPk=63 primePk=63 io=0 gpuB=35 gpuL=7 capped=0 prk=0 stl=0 draw=4.67W cT=48 gT=46 caps%[0:35,2:85,5:35,7:70,-100:40] curMHz[0:787,2:2707,5:1075,7:2112] mn/mx[0:364/787,2:499/2707,5:499/1075,7:480/2112] gpu=231 gcap=422[10/13] lrn=100
2026-08-01 14:55:54 PulseDaemon: cap write via daemon (2 node(s))
2026-08-01 14:55:56 PulseDaemon: telemetry read via daemon (16 path(s))
2026-08-01 14:55:57 PulseDaemon: telemetry read via daemon (16 path(s))
2026-08-01 14:55:57 PulseAutoTdp: tgt=90 fps=90.0 jank=0 tail=11ms act=HOLD bn=CPU cpuB=21 cpuPk=68 primePk=68 io=0 gpuB=33 gpuL=7 capped=0 prk=0 stl=0 draw=5.02W cT=48 gT=46 caps%[0:35,2:85,5:35,7:70,-100:40] curMHz[0:787,2:2707,5:1075,7:2112] gpu=231 gcap=422[10/13] lrn=100
2026-08-01 14:55:57 PulseDaemon: cap write via daemon (2 node(s))
2026-08-01 14:55:57 PulseDaemon: cap write via daemon (3 node(s))
2026-08-01 14:55:57 PulseDaemon: cap write via daemon (2 node(s))
2026-08-01 14:55:59 PulseDaemon: telemetry read via daemon (16 path(s))
2026-08-01 14:56:00 PulseDaemon: telemetry read via daemon (16 path(s))
2026-08-01 14:56:00 PulseAutoTdp: tgt=90 fps=90.0 jank=0 tail=11ms act=HOLD bn=CPU cpuB=21 cpuPk=68 primePk=68 io=0 gpuB=36 gpuL=7 capped=0 prk=0 stl=0 draw=3.69W cT=47 gT=46 caps%[0:35,2:85,5:35,7:70,-100:40] curMHz[0:787,2:2707,5:1075,7:2112] gpu=231 gcap=422[10/13] lrn=100
2026-08-01 14:56:00 PulseDaemon: cap write via daemon (2 node(s))
2026-08-01 14:56:00 PulseDaemon: cap write via daemon (3 node(s))
2026-08-01 14:56:00 PulseDaemon: cap write via daemon (2 node(s))
2026-08-01 14:56:02 PulseDaemon: telemetry read via daemon (16 path(s))
2026-08-01 14:56:03 PulseDaemon: telemetry read via daemon (16 path(s))
2026-08-01 14:56:03 PulseAutoTdp: tgt=90 fps=90.0 jank=0 tail=11ms act=HOLD bn=CPU cpuB=21 cpuPk=60 primePk=60 io=0 gpuB=34 gpuL=7 capped=0 prk=0 stl=0 draw=5.56W cT=47 gT=46 caps%[0:35,2:85,5:35,7:70,-100:40] curMHz[0:787,2:2707,5:1075,7:2112] gpu=231 gcap=422[10/13] lrn=100
2026-08-01 14:56:03 PulseDaemon: cap write via daemon (2 node(s))
2026-08-01 14:56:03 PulseDaemon: cap write via daemon (3 node(s))
2026-08-01 14:56:03 PulseDaemon: cap write via daemon (2 node(s))
2026-08-01 14:56:04 PulseDaemon: telemetry read via daemon (16 path(s))
2026-08-01 14:56:06 PulseDaemon: telemetry read via daemon (16 path(s))
2026-08-01 14:56:06 PulseAutoTdp: tgt=90 fps=90.0 jank=0 tail=11ms act=HOLD bn=CPU cpuB=20 cpuPk=62 primePk=62 io=0 gpuB=26 gpuL=5 capped=0 prk=0 stl=0 draw=3.08W cT=47 gT=45 caps%[0:35,2:85,5:35,7:70,-100:40] curMHz[0:787,2:2707,5:1075,7:2112] gpu=231 gcap=422[10/13] lrn=100
2026-08-01 14:56:06 PulseDaemon: cap write via daemon (2 node(s))
2026-08-01 14:56:06 PulseDaemon: cap write via daemon (3 node(s))
2026-08-01 14:56:06 PulseDaemon: cap write via daemon (2 node(s))
2026-08-01 14:56:07 PulseDaemon: telemetry read via daemon (16 path(s))
2026-08-01 14:56:09 PulseDaemon: telemetry read via daemon (16 path(s))
2026-08-01 14:56:09 PulseAutoTdp: tgt=90 fps=90.0 jank=0 tail=11ms act=HOLD bn=CPU cpuB=22 cpuPk=66 primePk=66 io=0 gpuB=29 gpuL=6 capped=0 prk=0 stl=0 draw=4.85W cT=47 gT=45 caps%[0:35,2:85,5:35,7:70,-100:40] curMHz[0:787,2:2707,5:1075,7:2112] gpu=231 gcap=422[10/13] lrn=100
2026-08-01 14:56:09 PulseDaemon: cap write via daemon (2 node(s))
2026-08-01 14:56:09 PulseDaemon: cap write via daemon (3 node(s))
2026-08-01 14:56:09 PulseDaemon: cap write via daemon (2 node(s))
2026-08-01 14:56:10 PulseDaemon: telemetry read via daemon (16 path(s))
2026-08-01 14:56:11 PulseDaemon: telemetry read via daemon (16 path(s))
2026-08-01 14:56:11 PulseAutoTdp: tgt=90 fps=90.0 jank=0 tail=11ms act=HOLD bn=CPU cpuB=21 cpuPk=73 primePk=73 io=0 gpuB=29 gpuL=6 capped=0 prk=0 stl=0 draw=4.23W cT=48 gT=46 caps%[0:35,2:85,5:35,7:70,-100:40] curMHz[0:787,2:2707,5:1075,7:2112] gpu=231 gcap=422[10/13] lrn=100
2026-08-01 14:56:11 PulseDaemon: cap write via daemon (2 node(s))
2026-08-01 14:56:12 PulseDaemon: cap write via daemon (3 node(s))
2026-08-01 14:56:12 PulseDaemon: cap write via daemon (2 node(s))
2026-08-01 14:56:13 PulseDaemon: telemetry read via daemon (16 path(s))
2026-08-01 14:56:14 PulseDaemon: telemetry read via daemon (16 path(s))
2026-08-01 14:56:14 PulseAutoTdp: tgt=90 fps=90.0 jank=0 tail=11ms act=HOLD bn=CPU cpuB=21 cpuPk=66 primePk=66 io=0 gpuB=33 gpuL=7 capped=0 prk=0 stl=0 draw=3.54W cT=47 gT=46 caps%[0:35,2:85,5:35,7:70,-100:40] curMHz[0:787,2:2707,5:1075,7:2112] gpu=231 gcap=422[10/13] lrn=100
2026-08-01 14:56:14 PulseDaemon: cap write via daemon (2 node(s))
2026-08-01 14:56:14 PulseDaemon: cap write via daemon (3 node(s))
2026-08-01 14:56:14 PulseDaemon: cap write via daemon (2 node(s))
2026-08-01 14:56:16 PulseDaemon: telemetry read via daemon (16 path(s))
2026-08-01 14:56:17 PulseDaemon: telemetry read via daemon (16 path(s))
2026-08-01 14:56:17 PulseAutoTdp: tgt=90 fps=90.0 jank=0 tail=11ms act=HOLD bn=CPU cpuB=19 cpuPk=63 primePk=63 io=0 gpuB=30 gpuL=6 capped=0 prk=0 stl=0 draw=4.67W cT=47 gT=46 caps%[0:35,2:85,5:35,7:70,-100:40] curMHz[0:787,2:2707,5:1075,7:2112] gpu=231 gcap=422[10/13] lrn=100
2026-08-01 14:56:17 PulseDaemon: cap write via daemon (2 node(s))
2026-08-01 14:56:17 PulseDaemon: cap write via daemon (3 node(s))
2026-08-01 14:56:17 PulseDaemon: cap write via daemon (2 node(s))
2026-08-01 14:56:18 PulseDaemon: telemetry read via daemon (16 path(s))
2026-08-01 14:56:20 PulseDaemon: telemetry read via daemon (16 path(s))
2026-08-01 14:56:20 PulseAutoTdp: tgt=90 fps=90.0 jank=0 tail=11ms act=HOLD bn=CPU cpuB=20 cpuPk=64 primePk=64 io=0 gpuB=27 gpuL=5 capped=0 prk=0 stl=0 draw=3.66W cT=47 gT=46 caps%[0:35,2:85,5:35,7:70,-100:40] curMHz[0:787,2:2707,5:1075,7:2112] gpu=231 gcap=422[10/13] lrn=100
2026-08-01 14:56:20 PulseDaemon: cap write via daemon (2 node(s))
2026-08-01 14:56:20 PulseDaemon: cap write via daemon (3 node(s))
2026-08-01 14:56:20 PulseDaemon: cap write via daemon (2 node(s))
2026-08-01 14:56:21 PulseDaemon: telemetry read via daemon (16 path(s))
2026-08-01 14:56:23 PulseDaemon: telemetry read via daemon (16 path(s))
2026-08-01 14:56:24 PulseAutoTdp: tgt=90 fps=90.0 jank=0 tail=11ms act=HOLD bn=CPU cpuB=23 cpuPk=68 primePk=68 io=0 gpuB=31 gpuL=6 capped=0 prk=0 stl=0 draw=4.80W cT=48 gT=45 caps%[0:35,2:85,5:35,7:70,-100:40] curMHz[0:787,2:2707,5:1075,7:2112] mn/mx[0:787/787,2:499/2707,5:499/1075,7:480/2112] gpu=231 gcap=422[10/13] lrn=100
2026-08-01 14:56:24 PulseDaemon: cap write via daemon (2 node(s))
2026-08-01 14:56:24 PulseDaemon: cap write via daemon (3 node(s))
2026-08-01 14:56:24 PulseDaemon: cap write via daemon (2 node(s))
2026-08-01 14:56:25 PulseDaemon: telemetry read via daemon (16 path(s))
2026-08-01 14:56:26 PulseDaemon: telemetry read via daemon (16 path(s))
2026-08-01 14:56:26 PulseAutoTdp: tgt=90 fps=90.0 jank=0 tail=11ms act=HOLD bn=CPU cpuB=22 cpuPk=74 primePk=74 io=0 gpuB=33 gpuL=7 capped=0 prk=0 stl=0 draw=5.00W cT=49 gT=45 caps%[0:35,2:85,5:35,7:70,-100:40] curMHz[0:787,2:2707,5:1075,7:2112] gpu=231 gcap=422[10/13] lrn=100
2026-08-01 14:56:26 PulseDaemon: cap write via daemon (2 node(s))
2026-08-01 14:56:26 PulseDaemon: cap write via daemon (3 node(s))
2026-08-01 14:56:26 PulseDaemon: cap write via daemon (2 node(s))
2026-08-01 14:56:28 PulseDaemon: telemetry read via daemon (16 path(s))
2026-08-01 14:56:29 PulseDaemon: telemetry read via daemon (16 path(s))
2026-08-01 14:56:29 PulseAutoTdp: tgt=90 fps=90.0 jank=0 tail=11ms act=HOLD bn=CPU cpuB=24 cpuPk=78 primePk=78 io=0 gpuB=32 gpuL=7 capped=0 prk=0 stl=0 draw=4.79W cT=48 gT=45 caps%[0:35,2:85,5:35,7:70,-100:40] curMHz[0:787,2:2707,5:1075,7:2112] gpu=231 gcap=422[10/13] lrn=100
2026-08-01 14:56:29 PulseDaemon: cap write via daemon (2 node(s))
2026-08-01 14:56:29 PulseDaemon: cap write via daemon (3 node(s))
2026-08-01 14:56:29 PulseDaemon: cap write via daemon (2 node(s))
2026-08-01 14:56:31 PulseDaemon: telemetry read via daemon (16 path(s))
2026-08-01 14:56:32 PulseDaemon: telemetry read via daemon (16 path(s))
2026-08-01 14:56:32 PulseAutoTdp: tgt=90 fps=90.0 jank=0 tail=11ms act=HOLD bn=CPU cpuB=21 cpuPk=66 primePk=66 io=0 gpuB=30 gpuL=6 capped=0 prk=0 stl=0 draw=3.88W cT=48 gT=45 caps%[0:35,2:85,5:35,7:70,-100:40] curMHz[0:787,2:2707,5:1075,7:2112] gpu=231 gcap=422[10/13] lrn=100
2026-08-01 14:56:32 PulseDaemon: cap write via daemon (2 node(s))
2026-08-01 14:56:32 PulseDaemon: cap write via daemon (3 node(s))
2026-08-01 14:56:32 PulseDaemon: cap write via daemon (2 node(s))
2026-08-01 14:56:33 PulseDaemon: telemetry read via daemon (16 path(s))
2026-08-01 14:56:35 PulseDaemon: telemetry read via daemon (16 path(s))
2026-08-01 14:56:35 PulseAutoTdp: tgt=90 fps=90.0 jank=0 tail=11ms act=HOLD bn=CPU cpuB=20 cpuPk=65 primePk=65 io=0 gpuB=31 gpuL=6 capped=0 prk=0 stl=0 draw=5.22W cT=48 gT=46 caps%[0:35,2:85,5:35,7:70,-100:40] curMHz[0:787,2:2707,5:1075,7:2112] gpu=231 gcap=422[10/13] lrn=100
2026-08-01 14:56:35 PulseDaemon: cap write via daemon (2 node(s))
2026-08-01 14:56:35 PulseDaemon: cap write via daemon (3 node(s))
2026-08-01 14:56:36 PulseDaemon: telemetry read via daemon (16 path(s))
2026-08-01 14:56:37 PulseDaemon: telemetry read via daemon (16 path(s))
2026-08-01 14:56:38 PulseAutoTdp: AUTOTDP-SESSION tgt=90 bias=EFFICIENT wattCap=0 policies=0:2265600:0,1;2:3148800:2,3,4;5:2956800:5,6;7:3052800:7;-100:1050000:
2026-08-01 14:56:38 PulseAutoTdp: tgt=90 fps=90.0 jank=0 tail=11ms act=HOLD bn=CPU cpuB=20 cpuPk=65 primePk=65 io=0 gpuB=31 gpuL=6 capped=0 prk=0 stl=0 draw=4.70W cT=47 gT=46 caps%[0:35,2:85,5:35,7:70,-100:40] curMHz[0:787,2:2707,5:1075,7:2112] gpu=231 gcap=422[10/13] lrn=100
2026-08-01 14:56:38 PulseDaemon: cap write via daemon (2 node(s))
2026-08-01 14:56:38 PulseDaemon: cap write via daemon (3 node(s))
2026-08-01 14:56:38 PulseDaemon: cap write via daemon (2 node(s))
2026-08-01 14:56:39 PulseDaemon: telemetry read via daemon (16 path(s))
2026-08-01 14:56:40 PulseDaemon: telemetry read via daemon (16 path(s))
2026-08-01 14:56:40 PulseAutoTdp: tgt=90 fps=90.0 jank=0 tail=11ms act=HOLD bn=CPU cpuB=20 cpuPk=73 primePk=73 io=0 gpuB=34 gpuL=7 capped=0 prk=0 stl=0 draw=5.55W cT=47 gT=45 caps%[0:35,2:85,5:35,7:70,-100:40] curMHz[0:787,2:2707,5:1075,7:2112] gpu=231 gcap=422[10/13] lrn=100
2026-08-01 14:56:41 PulseDaemon: cap write via daemon (2 node(s))
2026-08-01 14:56:41 PulseDaemon: cap write via daemon (3 node(s))
2026-08-01 14:56:41 PulseDaemon: cap write via daemon (2 node(s))
2026-08-01 14:56:42 PulseDaemon: telemetry read via daemon (16 path(s))
2026-08-01 14:56:43 PulseDaemon: telemetry read via daemon (16 path(s))
2026-08-01 14:56:43 PulseAutoTdp: tgt=90 fps=90.0 jank=0 tail=11ms act=HOLD bn=CPU cpuB=18 cpuPk=63 primePk=63 io=0 gpuB=36 gpuL=7 capped=0 prk=0 stl=0 draw=4.69W cT=47 gT=45 caps%[0:35,2:85,5:35,7:70,-100:40] curMHz[0:787,2:2707,5:1075,7:2112] gpu=231 gcap=422[10/13] lrn=100
2026-08-01 14:56:43 PulseDaemon: cap write via daemon (2 node(s))
2026-08-01 14:56:43 PulseDaemon: cap write via daemon (3 node(s))
2026-08-01 14:56:44 PulseDaemon: cap write via daemon (2 node(s))
2026-08-01 14:56:45 PulseDaemon: telemetry read via daemon (16 path(s))
2026-08-01 14:56:46 PulseDaemon: telemetry read via daemon (16 path(s))
2026-08-01 14:56:46 PulseAutoTdp: tgt=90 fps=90.0 jank=0 tail=11ms act=HOLD bn=CPU cpuB=19 cpuPk=67 primePk=67 io=0 gpuB=32 gpuL=7 capped=0 prk=0 stl=0 draw=4.75W cT=47 gT=45 caps%[0:35,2:85,5:35,7:70,-100:40] curMHz[0:787,2:2707,5:1075,7:2112] gpu=231 gcap=422[10/13] lrn=100
2026-08-01 14:56:46 PulseDaemon: cap write via daemon (2 node(s))
2026-08-01 14:56:46 PulseDaemon: cap write via daemon (3 node(s))
2026-08-01 14:56:46 PulseDaemon: cap write via daemon (2 node(s))
2026-08-01 14:56:48 PulseDaemon: telemetry read via daemon (16 path(s))
2026-08-01 14:56:49 PulseDaemon: telemetry read via daemon (16 path(s))
2026-08-01 14:56:49 PulseAutoTdp: tgt=90 fps=90.0 jank=0 tail=11ms act=HOLD bn=CPU cpuB=20 cpuPk=69 primePk=69 io=0 gpuB=31 gpuL=6 capped=0 prk=0 stl=0 draw=4.70W cT=47 gT=45 caps%[0:35,2:85,5:35,7:70,-100:40] curMHz[0:787,2:2707,5:1075,7:2112] gpu=231 gcap=422[10/13] lrn=100
2026-08-01 14:56:49 PulseDaemon: cap write via daemon (2 node(s))
2026-08-01 14:56:49 PulseDaemon: cap write via daemon (3 node(s))
2026-08-01 14:56:49 PulseDaemon: cap write via daemon (2 node(s))
2026-08-01 14:56:50 PulseDaemon: telemetry read via daemon (16 path(s))
2026-08-01 14:56:52 PulseDaemon: telemetry read via daemon (16 path(s))
2026-08-01 14:56:53 PulseAutoTdp: tgt=90 fps=90.0 jank=0 tail=11ms act=HOLD bn=CPU cpuB=21 cpuPk=71 primePk=71 io=0 gpuB=31 gpuL=6 capped=0 prk=0 stl=0 draw=5.58W cT=47 gT=45 caps%[0:35,2:85,5:35,7:70,-100:40] curMHz[0:787,2:2707,5:1075,7:2112] mn/mx[0:364/787,2:499/2707,5:499/1075,7:480/2112] gpu=231 gcap=422[10/13] lrn=100
2026-08-01 14:56:53 PulseDaemon: cap write via daemon (2 node(s))
2026-08-01 14:56:53 PulseDaemon: cap write via daemon (3 node(s))
2026-08-01 14:56:53 PulseDaemon: cap write via daemon (2 node(s))
2026-08-01 14:56:54 PulseDaemon: telemetry read via daemon (16 path(s))
2026-08-01 14:56:55 PulseDaemon: telemetry read via daemon (16 path(s))
2026-08-01 14:56:55 PulseAutoTdp: tgt=90 fps=90.0 jank=0 tail=11ms act=HOLD bn=CPU cpuB=20 cpuPk=62 primePk=62 io=0 gpuB=31 gpuL=6 capped=0 prk=0 stl=0 draw=5.09W cT=47 gT=45 caps%[0:35,2:85,5:35,7:70,-100:40] curMHz[0:787,2:2707,5:1075,7:2112] gpu=231 gcap=422[10/13] lrn=100
2026-08-01 14:56:56 PulseDaemon: cap write via daemon (2 node(s))
2026-08-01 14:56:56 PulseDaemon: cap write via daemon (3 node(s))
2026-08-01 14:56:56 PulseDaemon: cap write via daemon (2 node(s))
2026-08-01 14:56:57 PulseDaemon: telemetry read via daemon (16 path(s))
2026-08-01 14:56:58 PulseDaemon: telemetry read via daemon (16 path(s))
2026-08-01 14:56:58 PulseAutoTdp: tgt=90 fps=90.0 jank=0 tail=11ms act=HOLD bn=CPU cpuB=20 cpuPk=65 primePk=65 io=0 gpuB=30 gpuL=6 capped=0 prk=0 stl=0 draw=4.55W cT=47 gT=45 caps%[0:35,2:85,5:35,7:70,-100:40] curMHz[0:787,2:2707,5:1075,7:2112] gpu=231 gcap=422[10/13] lrn=100
2026-08-01 14:56:58 PulseDaemon: cap write via daemon (2 node(s))
2026-08-01 14:56:58 PulseDaemon: cap write via daemon (3 node(s))
2026-08-01 14:56:58 PulseDaemon: cap write via daemon (2 node(s))
2026-08-01 14:57:00 PulseDaemon: telemetry read via daemon (16 path(s))
2026-08-01 14:57:01 PulseDaemon: telemetry read via daemon (16 path(s))
2026-08-01 14:57:01 PulseAutoTdp: tgt=90 fps=90.0 jank=0 tail=11ms act=HOLD bn=CPU cpuB=20 cpuPk=64 primePk=64 io=0 gpuB=30 gpuL=6 capped=0 prk=0 stl=0 draw=4.18W cT=46 gT=45 caps%[0:35,2:85,5:35,7:70,-100:40] curMHz[0:787,2:2707,5:1075,7:2112] gpu=231 gcap=422[10/13] lrn=100
2026-08-01 14:57:01 PulseDaemon: cap write via daemon (2 node(s))
2026-08-01 14:57:01 PulseDaemon: cap write via daemon (3 node(s))
2026-08-01 14:57:01 PulseDaemon: cap write via daemon (2 node(s))
2026-08-01 14:57:03 PulseDaemon: telemetry read via daemon (16 path(s))
2026-08-01 14:57:04 PulseDaemon: telemetry read via daemon (16 path(s))
2026-08-01 14:57:04 PulseAutoTdp: tgt=90 fps=90.0 jank=0 tail=11ms act=HOLD bn=CPU cpuB=20 cpuPk=66 primePk=66 io=0 gpuB=30 gpuL=6 capped=0 prk=0 stl=0 draw=4.80W cT=47 gT=46 caps%[0:35,2:85,5:35,7:70,-100:40] curMHz[0:787,2:2707,5:1075,7:2112] gpu=231 gcap=422[10/13] lrn=100
2026-08-01 14:57:04 PulseDaemon: cap write via daemon (3 node(s))
2026-08-01 14:57:04 PulseDaemon: cap write via daemon (2 node(s))
2026-08-01 14:57:05 PulseDaemon: telemetry read via daemon (16 path(s))
2026-08-01 14:57:07 PulseDaemon: telemetry read via daemon (16 path(s))
2026-08-01 14:57:07 PulseAutoTdp: tgt=90 fps=90.0 jank=0 tail=11ms act=HOLD bn=CPU cpuB=24 cpuPk=70 primePk=70 io=0 gpuB=37 gpuL=8 capped=0 prk=0 stl=0 draw=5.13W cT=49 gT=46 caps%[0:35,2:85,5:35,7:70,-100:40] curMHz[0:787,2:2707,5:1075,7:2112] gpu=231 gcap=422[10/13] lrn=100
2026-08-01 14:57:07 PulseDaemon: cap write via daemon (2 node(s))
2026-08-01 14:57:07 PulseDaemon: cap write via daemon (3 node(s))
2026-08-01 14:57:07 PulseDaemon: cap write via daemon (2 node(s))
2026-08-01 14:57:08 PulseDaemon: telemetry read via daemon (16 path(s))
2026-08-01 14:57:09 PulseDaemon: telemetry read via daemon (16 path(s))
2026-08-01 14:57:10 PulseAutoTdp: tgt=90 fps=90.0 jank=0 tail=11ms act=HOLD bn=CPU cpuB=24 cpuPk=76 primePk=76 io=0 gpuB=38 gpuL=8 capped=0 prk=0 stl=0 draw=4.19W cT=49 gT=46 caps%[0:35,2:85,5:35,7:70,-100:40] curMHz[0:787,2:2707,5:1075,7:2112] gpu=231 gcap=422[10/13] lrn=100
2026-08-01 14:57:10 PulseDaemon: cap write via daemon (2 node(s))
2026-08-01 14:57:10 PulseDaemon: cap write via daemon (3 node(s))
2026-08-01 14:57:10 PulseDaemon: cap write via daemon (2 node(s))
2026-08-01 14:57:11 PulseDaemon: telemetry read via daemon (16 path(s))
2026-08-01 14:57:12 PulseDaemon: telemetry read via daemon (16 path(s))
2026-08-01 14:57:12 PulseAutoTdp: tgt=90 fps=90.0 jank=0 tail=11ms act=HOLD bn=CPU cpuB=23 cpuPk=76 primePk=76 io=0 gpuB=39 gpuL=8 capped=0 prk=0 stl=0 draw=4.97W cT=48 gT=46 caps%[0:35,2:85,5:35,7:70,-100:40] curMHz[0:787,2:2707,5:1075,7:2112] gpu=231 gcap=422[10/13] lrn=100
2026-08-01 14:57:12 PulseDaemon: cap write via daemon (2 node(s))
2026-08-01 14:57:12 PulseDaemon: cap write via daemon (3 node(s))
2026-08-01 14:57:13 PulseDaemon: cap write via daemon (2 node(s))
2026-08-01 14:57:14 PulseDaemon: telemetry read via daemon (16 path(s))
2026-08-01 14:57:15 PulseDaemon: telemetry read via daemon (16 path(s))
2026-08-01 14:57:15 PulseAutoTdp: tgt=90 fps=90.0 jank=0 tail=11ms act=HOLD bn=CPU cpuB=23 cpuPk=75 primePk=75 io=0 gpuB=40 gpuL=8 capped=0 prk=0 stl=0 draw=4.48W cT=48 gT=46 caps%[0:35,2:85,5:35,7:70,-100:40] curMHz[0:787,2:2707,5:1075,7:2112] gpu=231 gcap=422[10/13] lrn=100
2026-08-01 14:57:15 PulseDaemon: cap write via daemon (2 node(s))
2026-08-01 14:57:15 PulseDaemon: cap write via daemon (3 node(s))
2026-08-01 14:57:15 PulseDaemon: cap write via daemon (2 node(s))
2026-08-01 14:57:17 PulseDaemon: telemetry read via daemon (16 path(s))
2026-08-01 14:57:18 PulseDaemon: telemetry read via daemon (16 path(s))
2026-08-01 14:57:18 PulseAutoTdp: tgt=90 fps=90.0 jank=0 tail=11ms act=HOLD bn=CPU cpuB=21 cpuPk=71 primePk=71 io=0 gpuB=37 gpuL=8 capped=0 prk=0 stl=0 draw=5.34W cT=48 gT=46 caps%[0:35,2:85,5:35,7:70,-100:40] curMHz[0:787,2:2707,5:1075,7:2112] gpu=231 gcap=422[10/13] lrn=100
2026-08-01 14:57:18 PulseDaemon: cap write via daemon (2 node(s))
2026-08-01 14:57:18 PulseDaemon: cap write via daemon (3 node(s))
2026-08-01 14:57:18 PulseDaemon: cap write via daemon (2 node(s))
2026-08-01 14:57:19 PulseDaemon: telemetry read via daemon (16 path(s))
2026-08-01 14:57:21 PulseDaemon: telemetry read via daemon (16 path(s))
2026-08-01 14:57:21 PulseAutoTdp: AUTOTDP-SESSION tgt=90 bias=EFFICIENT wattCap=0 policies=0:2265600:0,1;2:3148800:2,3,4;5:2956800:5,6;7:3052800:7;-100:1050000:
2026-08-01 14:57:22 PulseAutoTdp: tgt=90 fps=90.0 jank=0 tail=11ms act=HOLD bn=CPU cpuB=19 cpuPk=66 primePk=66 io=0 gpuB=39 gpuL=8 capped=0 prk=0 stl=0 draw=4.16W cT=48 gT=46 caps%[0:35,2:85,5:35,7:70,-100:40] curMHz[0:787,2:2707,5:1075,7:2112] mn/mx[0:364/787,2:499/2707,5:499/1075,7:480/2112] gpu=231 gcap=422[10/13] lrn=100
2026-08-01 14:57:22 PulseDaemon: cap write via daemon (3 node(s))
2026-08-01 14:57:22 PulseDaemon: cap write via daemon (2 node(s))
2026-08-01 14:57:23 PulseDaemon: telemetry read via daemon (16 path(s))
2026-08-01 14:57:24 PulseDaemon: telemetry read via daemon (16 path(s))
2026-08-01 14:57:24 PulseAutoTdp: tgt=90 fps=90.0 jank=0 tail=11ms act=HOLD bn=CPU cpuB=18 cpuPk=62 primePk=62 io=0 gpuB=33 gpuL=7 capped=0 prk=0 stl=0 draw=2.48W cT=47 gT=46 caps%[0:35,2:85,5:35,7:70,-100:40] curMHz[0:787,2:2707,5:1075,7:2112] gpu=231 gcap=422[10/13] lrn=100
2026-08-01 14:57:24 PulseDaemon: cap write via xsu fallback (3 node(s), ~620 chars, chunked)
2026-08-01 14:57:24 PulseDaemon: cap write via daemon (2 node(s))
2026-08-01 14:57:26 PulseDaemon: telemetry read via daemon (16 path(s))
2026-08-01 14:57:27 PulseDaemon: telemetry read via daemon (16 path(s))
2026-08-01 14:57:27 PulseAutoTdp: tgt=90 fps=90.0 jank=0 tail=11ms act=HOLD bn=CPU cpuB=19 cpuPk=64 primePk=64 io=0 gpuB=34 gpuL=7 capped=0 prk=0 stl=0 draw=3.63W cT=48 gT=46 caps%[0:35,2:85,5:35,7:70,-100:40] curMHz[0:787,2:2707,5:1075,7:2112] gpu=231 gcap=422[10/13] lrn=100
2026-08-01 14:57:27 PulseDaemon: cap write via daemon (2 node(s))
2026-08-01 14:57:27 PulseDaemon: cap write via daemon (3 node(s))
2026-08-01 14:57:27 PulseDaemon: cap write via daemon (2 node(s))
2026-08-01 14:57:28 PulseDaemon: telemetry read via daemon (16 path(s))
2026-08-01 14:57:30 PulseDaemon: telemetry read via daemon (16 path(s))
2026-08-01 14:57:30 PulseAutoTdp: tgt=90 fps=89.4 jank=0 tail=22ms act=HOLD bn=CPU cpuB=23 cpuPk=73 primePk=73 io=0 gpuB=44 gpuL=9 capped=0 prk=0 stl=0 draw=4.63W cT=48 gT=46 caps%[0:35,2:85,5:35,7:70,-100:40] curMHz[0:787,2:2707,5:1075,7:2112] gpu=231 gcap=422[10/13] lrn=100
2026-08-01 14:57:30 PulseDaemon: cap write via daemon (2 node(s))
2026-08-01 14:57:30 PulseDaemon: cap write via daemon (3 node(s))
2026-08-01 14:57:30 PulseDaemon: cap write via daemon (2 node(s))
2026-08-01 14:57:31 PulseDaemon: telemetry read via daemon (16 path(s))
2026-08-01 14:57:33 PulseDaemon: telemetry read via daemon (16 path(s))
2026-08-01 14:57:33 PulseAutoTdp: tgt=90 fps=90.0 jank=0 tail=11ms act=HOLD bn=CPU cpuB=25 cpuPk=72 primePk=72 io=0 gpuB=43 gpuL=9 capped=0 prk=0 stl=0 draw=7.17W cT=51 gT=46 caps%[0:35,2:85,5:35,7:70,-100:40] curMHz[0:787,2:2707,5:1075,7:2112] gpu=231 gcap=422[10/13] lrn=100
2026-08-01 14:57:33 PulseDaemon: cap write via daemon (2 node(s))
2026-08-01 14:57:33 PulseDaemon: cap write via daemon (3 node(s))
2026-08-01 14:57:33 PulseDaemon: cap write via daemon (2 node(s))
2026-08-01 14:57:34 PulseDaemon: telemetry read via daemon (16 path(s))
2026-08-01 14:57:35 PulseDaemon: telemetry read via daemon (16 path(s))
2026-08-01 14:57:36 PulseAutoTdp: tgt=90 fps=90.0 jank=0 tail=11ms act=HOLD bn=CPU cpuB=23 cpuPk=75 primePk=75 io=0 gpuB=44 gpuL=9 capped=0 prk=0 stl=0 draw=4.65W cT=48 gT=46 caps%[0:35,2:85,5:35,7:70,-100:40] curMHz[0:787,2:2707,5:1075,7:2112] gpu=231 gcap=422[10/13] lrn=100
2026-08-01 14:57:36 PulseDaemon: cap write via daemon (2 node(s))
2026-08-01 14:57:36 PulseDaemon: cap write via daemon (3 node(s))
2026-08-01 14:57:36 PulseDaemon: cap write via daemon (2 node(s))
2026-08-01 14:57:37 PulseDaemon: telemetry read via daemon (16 path(s))
2026-08-01 14:57:38 PulseDaemon: telemetry read via daemon (16 path(s))
2026-08-01 14:57:38 PulseAutoTdp: tgt=90 fps=90.0 jank=0 tail=11ms act=HOLD bn=CPU cpuB=21 cpuPk=63 primePk=63 io=0 gpuB=42 gpuL=9 capped=0 prk=0 stl=0 draw=4.78W cT=49 gT=46 caps%[0:35,2:85,5:35,7:70,-100:40] curMHz[0:787,2:2707,5:1075,7:2112] gpu=231 gcap=422[10/13] lrn=100
2026-08-01 14:57:38 PulseDaemon: cap write via daemon (2 node(s))
2026-08-01 14:57:38 PulseDaemon: cap write via daemon (3 node(s))
2026-08-01 14:57:39 PulseDaemon: cap write via daemon (2 node(s))
2026-08-01 14:57:40 PulseDaemon: telemetry read via daemon (16 path(s))
2026-08-01 14:57:41 PulseDaemon: telemetry read via daemon (16 path(s))
2026-08-01 14:57:41 PulseAutoTdp: tgt=90 fps=90.0 jank=0 tail=11ms act=HOLD bn=CPU cpuB=21 cpuPk=74 primePk=74 io=0 gpuB=40 gpuL=8 capped=0 prk=0 stl=0 draw=4.81W cT=48 gT=46 caps%[0:35,2:85,5:35,7:70,-100:40] curMHz[0:787,2:2707,5:1075,7:2112] gpu=231 gcap=422[10/13] lrn=100
2026-08-01 14:57:41 PulseDaemon: cap write via daemon (2 node(s))
2026-08-01 14:57:41 PulseDaemon: cap write via daemon (3 node(s))
2026-08-01 14:57:41 PulseDaemon: cap write via daemon (2 node(s))
2026-08-01 14:57:43 PulseDaemon: telemetry read via daemon (16 path(s))
2026-08-01 14:57:44 PulseDaemon: telemetry read via daemon (16 path(s))
2026-08-01 14:57:44 PulseAutoTdp: tgt=90 fps=90.0 jank=0 tail=11ms act=HOLD bn=CPU cpuB=22 cpuPk=66 primePk=66 io=0 gpuB=43 gpuL=9 capped=0 prk=0 stl=0 draw=4.46W cT=49 gT=46 caps%[0:35,2:85,5:35,7:70,-100:40] curMHz[0:787,2:2707,5:1075,7:2112] gpu=231 gcap=422[10/13] lrn=100
2026-08-01 14:57:44 PulseDaemon: cap write via daemon (2 node(s))
2026-08-01 14:57:44 PulseDaemon: cap write via daemon (3 node(s))
2026-08-01 14:57:44 PulseDaemon: cap write via daemon (2 node(s))
2026-08-01 14:57:45 PulseDaemon: telemetry read via daemon (16 path(s))
2026-08-01 14:57:47 PulseDaemon: telemetry read via daemon (16 path(s))
2026-08-01 14:57:47 PulseAutoTdp: tgt=90 fps=90.0 jank=0 tail=11ms act=HOLD bn=CPU cpuB=20 cpuPk=72 primePk=72 io=0 gpuB=44 gpuL=9 capped=0 prk=0 stl=0 draw=5.05W cT=48 gT=46 caps%[0:35,2:85,5:35,7:70,-100:40] curMHz[0:787,2:2707,5:1075,7:2112] gpu=231 gcap=422[10/13] lrn=100
2026-08-01 14:57:47 PulseDaemon: cap write via daemon (2 node(s))
2026-08-01 14:57:47 PulseDaemon: cap write via daemon (3 node(s))
2026-08-01 14:57:47 PulseDaemon: cap write via daemon (2 node(s))
2026-08-01 14:57:48 PulseDaemon: telemetry read via daemon (16 path(s))
2026-08-01 14:57:50 PulseDaemon: telemetry read via daemon (16 path(s))
2026-08-01 14:57:51 PulseAutoTdp: tgt=90 fps=90.0 jank=0 tail=11ms act=HOLD bn=CPU cpuB=21 cpuPk=75 primePk=75 io=0 gpuB=42 gpuL=9 capped=0 prk=0 stl=0 draw=4.41W cT=48 gT=46 caps%[0:35,2:85,5:35,7:70,-100:40] curMHz[0:787,2:2707,5:1075,7:2112] mn/mx[0:364/787,2:499/2707,5:499/1075,7:480/2112] gpu=231 gcap=422[10/13] lrn=100
2026-08-01 14:57:51 PulseDaemon: cap write via daemon (2 node(s))
2026-08-01 14:57:51 PulseDaemon: cap write via daemon (3 node(s))
2026-08-01 14:57:51 PulseDaemon: cap write via daemon (2 node(s))
2026-08-01 14:57:52 PulseDaemon: telemetry read via daemon (16 path(s))
2026-08-01 14:57:53 PulseDaemon: telemetry read via daemon (16 path(s))
2026-08-01 14:57:53 PulseAutoTdp: tgt=90 fps=90.0 jank=0 tail=11ms act=HOLD bn=CPU cpuB=21 cpuPk=70 primePk=70 io=0 gpuB=44 gpuL=9 capped=0 prk=0 stl=0 draw=4.56W cT=48 gT=46 caps%[0:35,2:85,5:35,7:70,-100:40] curMHz[0:787,2:2707,5:1075,7:2112] gpu=231 gcap=422[10/13] lrn=100
2026-08-01 14:57:53 PulseDaemon: cap write via xsu fallback (2 node(s), ~413 chars, chunked)
2026-08-01 14:57:54 PulseDaemon: cap write via daemon (3 node(s))
2026-08-01 14:57:54 PulseDaemon: cap write via daemon (2 node(s))
2026-08-01 14:57:55 PulseDaemon: telemetry read via daemon (16 path(s))
2026-08-01 14:57:56 PulseDaemon: telemetry read via daemon (16 path(s))
2026-08-01 14:57:56 PulseAutoTdp: tgt=90 fps=90.0 jank=0 tail=11ms act=HOLD bn=CPU cpuB=22 cpuPk=73 primePk=73 io=0 gpuB=44 gpuL=9 capped=0 prk=0 stl=0 draw=6.42W cT=49 gT=46 caps%[0:35,2:85,5:35,7:70,-100:40] curMHz[0:787,2:2707,5:1075,7:2112] gpu=231 gcap=422[10/13] lrn=100
2026-08-01 14:57:56 PulseDaemon: cap write via daemon (2 node(s))
2026-08-01 14:57:56 PulseDaemon: cap write via daemon (3 node(s))
2026-08-01 14:57:56 PulseDaemon: cap write via daemon (2 node(s))
2026-08-01 14:57:58 PulseDaemon: telemetry read via daemon (16 path(s))
2026-08-01 14:57:59 PulseDaemon: telemetry read via daemon (16 path(s))
2026-08-01 14:57:59 PulseAutoTdp: tgt=90 fps=90.0 jank=0 tail=11ms act=HOLD bn=CPU cpuB=22 cpuPk=70 primePk=70 io=0 gpuB=43 gpuL=9 capped=0 prk=0 stl=0 draw=4.27W cT=48 gT=45 caps%[0:35,2:85,5:35,7:70,-100:40] curMHz[0:787,2:2707,5:1075,7:2112] gpu=231 gcap=422[10/13] lrn=100
2026-08-01 14:57:59 PulseDaemon: cap write via daemon (2 node(s))
2026-08-01 14:57:59 PulseDaemon: cap write via daemon (3 node(s))
2026-08-01 14:57:59 PulseDaemon: cap write via daemon (2 node(s))
2026-08-01 14:58:00 PulseDaemon: telemetry read via daemon (16 path(s))
2026-08-01 14:58:02 PulseDaemon: telemetry read via daemon (16 path(s))
2026-08-01 14:58:02 PulseAutoTdp: tgt=90 fps=90.0 jank=0 tail=11ms act=HOLD bn=CPU cpuB=20 cpuPk=68 primePk=68 io=0 gpuB=38 gpuL=8 capped=0 prk=0 stl=0 draw=5.39W cT=48 gT=45 caps%[0:35,2:85,5:35,7:70,-100:40] curMHz[0:787,2:2707,5:1075,7:2112] gpu=231 gcap=422[10/13] lrn=100
2026-08-01 14:58:02 PulseDaemon: cap write via daemon (2 node(s))
2026-08-01 14:58:02 PulseDaemon: cap write via daemon (3 node(s))
2026-08-01 14:58:02 PulseDaemon: cap write via daemon (2 node(s))
2026-08-01 14:58:03 PulseDaemon: telemetry read via daemon (16 path(s))
2026-08-01 14:58:05 PulseDaemon: telemetry read via daemon (16 path(s))
2026-08-01 14:58:05 PulseAutoTdp: AUTOTDP-SESSION tgt=90 bias=EFFICIENT wattCap=0 policies=0:2265600:0,1;2:3148800:2,3,4;5:2956800:5,6;7:3052800:7;-100:1050000:
2026-08-01 14:58:05 PulseAutoTdp: tgt=90 fps=90.0 jank=0 tail=11ms act=HOLD bn=CPU cpuB=21 cpuPk=67 primePk=67 io=0 gpuB=34 gpuL=7 capped=0 prk=0 stl=0 draw=4.44W cT=48 gT=46 caps%[0:35,2:85,5:35,7:70,-100:40] curMHz[0:787,2:2707,5:1075,7:2112] gpu=231 gcap=422[10/13] lrn=100
2026-08-01 14:58:05 PulseDaemon: cap write via daemon (2 node(s))
2026-08-01 14:58:05 PulseDaemon: cap write via daemon (3 node(s))
2026-08-01 14:58:05 PulseDaemon: cap write via daemon (2 node(s))
2026-08-01 14:58:06 PulseDaemon: telemetry read via daemon (16 path(s))
2026-08-01 14:58:07 PulseDaemon: telemetry read via daemon (16 path(s))
2026-08-01 14:58:08 PulseAutoTdp: tgt=90 fps=90.0 jank=0 tail=11ms act=HOLD bn=CPU cpuB=19 cpuPk=67 primePk=67 io=0 gpuB=36 gpuL=7 capped=0 prk=0 stl=0 draw=5.38W cT=48 gT=45 caps%[0:35,2:85,5:35,7:70,-100:40] curMHz[0:787,2:2707,5:1075,7:2112] gpu=231 gcap=422[10/13] lrn=100
2026-08-01 14:58:08 PulseDaemon: cap write via daemon (2 node(s))
2026-08-01 14:58:08 PulseDaemon: cap write via daemon (3 node(s))
2026-08-01 14:58:08 PulseDaemon: cap write via daemon (2 node(s))
2026-08-01 14:58:09 PulseDaemon: telemetry read via daemon (16 path(s))
2026-08-01 14:58:10 PulseDaemon: telemetry read via daemon (16 path(s))
2026-08-01 14:58:10 PulseAutoTdp: tgt=90 fps=90.0 jank=0 tail=11ms act=HOLD bn=CPU cpuB=20 cpuPk=67 primePk=67 io=0 gpuB=34 gpuL=7 capped=0 prk=0 stl=0 draw=4.68W cT=48 gT=45 caps%[0:35,2:85,5:35,7:70,-100:40] curMHz[0:787,2:2707,5:1075,7:2112] gpu=231 gcap=422[10/13] lrn=100
2026-08-01 14:58:10 PulseDaemon: cap write via daemon (2 node(s))
2026-08-01 14:58:11 PulseDaemon: cap write via daemon (3 node(s))
2026-08-01 14:58:11 PulseDaemon: cap write via daemon (2 node(s))
2026-08-01 14:58:12 PulseDaemon: telemetry read via daemon (16 path(s))
2026-08-01 14:58:13 PulseDaemon: telemetry read via daemon (16 path(s))
2026-08-01 14:58:13 PulseAutoTdp: tgt=90 fps=90.0 jank=0 tail=11ms act=HOLD bn=CPU cpuB=20 cpuPk=63 primePk=63 io=0 gpuB=33 gpuL=7 capped=0 prk=0 stl=0 draw=3.68W cT=48 gT=45 caps%[0:35,2:85,5:35,7:70,-100:40] curMHz[0:787,2:2707,5:1075,7:2112] gpu=231 gcap=422[10/13] lrn=100
2026-08-01 14:58:13 PulseDaemon: cap write via daemon (2 node(s))
2026-08-01 14:58:13 PulseDaemon: cap write via daemon (3 node(s))
2026-08-01 14:58:14 PulseDaemon: cap write via daemon (2 node(s))
2026-08-01 14:58:15 PulseDaemon: telemetry read via daemon (16 path(s))
2026-08-01 14:58:16 PulseDaemon: telemetry read via daemon (16 path(s))
2026-08-01 14:58:16 PulseAutoTdp: tgt=90 fps=90.0 jank=0 tail=11ms act=HOLD bn=CPU cpuB=20 cpuPk=65 primePk=65 io=0 gpuB=32 gpuL=7 capped=0 prk=0 stl=0 draw=4.70W cT=47 gT=45 caps%[0:35,2:85,5:35,7:70,-100:40] curMHz[0:787,2:2707,5:1075,7:2112] gpu=231 gcap=422[10/13] lrn=100
2026-08-01 14:58:16 PulseDaemon: cap write via daemon (2 node(s))
2026-08-01 14:58:16 PulseDaemon: cap write via daemon (3 node(s))
2026-08-01 14:58:16 PulseDaemon: cap write via daemon (2 node(s))
2026-08-01 14:58:18 PulseDaemon: telemetry read via daemon (16 path(s))
2026-08-01 14:58:19 PulseDaemon: telemetry read via daemon (16 path(s))
2026-08-01 14:58:20 PulseAutoTdp: tgt=90 fps=90.0 jank=0 tail=11ms act=HOLD bn=CPU cpuB=19 cpuPk=71 primePk=71 io=0 gpuB=32 gpuL=7 capped=0 prk=0 stl=0 draw=3.74W cT=48 gT=46 caps%[0:35,2:85,5:35,7:70,-100:40] curMHz[0:787,2:2707,5:1075,7:2112] mn/mx[0:364/787,2:499/2707,5:499/1075,7:480/2112] gpu=231 gcap=422[10/13] lrn=100
2026-08-01 14:58:20 PulseDaemon: cap write via daemon (2 node(s))
2026-08-01 14:58:20 PulseDaemon: cap write via daemon (3 node(s))
2026-08-01 14:58:20 PulseDaemon: cap write via daemon (2 node(s))
2026-08-01 14:58:21 PulseDaemon: telemetry read via daemon (16 path(s))
2026-08-01 14:58:22 PulseDaemon: telemetry read via daemon (16 path(s))
2026-08-01 14:58:23 PulseAutoTdp: tgt=90 fps=90.0 jank=0 tail=11ms act=HOLD bn=CPU cpuB=19 cpuPk=70 primePk=70 io=0 gpuB=33 gpuL=7 capped=0 prk=0 stl=0 draw=4.18W cT=47 gT=46 caps%[0:35,2:85,5:35,7:70,-100:40] curMHz[0:787,2:2707,5:1075,7:2112] gpu=231 gcap=422[10/13] lrn=100
2026-08-01 14:58:23 PulseDaemon: cap write via daemon (3 node(s))
2026-08-01 14:58:23 PulseDaemon: cap write via daemon (2 node(s))
2026-08-01 14:58:24 PulseDaemon: telemetry read via daemon (16 path(s))
2026-08-01 14:58:25 PulseDaemon: telemetry read via daemon (16 path(s))
2026-08-01 14:58:25 PulseAutoTdp: tgt=90 fps=89.3 jank=1 tail=33ms act=HOLD bn=CPU cpuB=24 cpuPk=80 primePk=80 io=0 gpuB=35 gpuL=7 capped=0 prk=0 stl=0 draw=4.46W cT=48 gT=46 caps%[0:35,2:85,5:35,7:70,-100:40] curMHz[0:787,2:2707,5:1075,7:2112] gpu=231 gcap=422[10/13] lrn=100
2026-08-01 14:58:25 PulseDaemon: cap write via daemon (2 node(s))
2026-08-01 14:58:25 PulseDaemon: cap write via daemon (3 node(s))
2026-08-01 14:58:25 PulseDaemon: cap write via daemon (2 node(s))
2026-08-01 14:58:27 PulseDaemon: telemetry read via daemon (16 path(s))
2026-08-01 14:58:28 PulseDaemon: telemetry read via daemon (16 path(s))
2026-08-01 14:58:28 PulseAutoTdp: tgt=90 fps=90.0 jank=0 tail=11ms act=HOLD bn=CPU cpuB=22 cpuPk=75 primePk=75 io=0 gpuB=37 gpuL=8 capped=0 prk=0 stl=0 draw=6.33W cT=49 gT=46 caps%[0:35,2:85,5:35,7:70,-100:40] curMHz[0:787,2:2707,5:1075,7:2112] gpu=231 gcap=422[10/13] lrn=100
2026-08-01 14:58:28 PulseDaemon: cap write via daemon (2 node(s))
2026-08-01 14:58:28 PulseDaemon: cap write via daemon (3 node(s))
2026-08-01 14:58:28 PulseDaemon: cap write via daemon (2 node(s))
2026-08-01 14:58:30 PulseDaemon: telemetry read via daemon (16 path(s))
2026-08-01 14:58:31 PulseDaemon: telemetry read via daemon (16 path(s))
2026-08-01 14:58:31 PulseAutoTdp: tgt=90 fps=90.0 jank=0 tail=11ms act=HOLD bn=CPU cpuB=22 cpuPk=73 primePk=73 io=0 gpuB=38 gpuL=8 capped=0 prk=0 stl=0 draw=4.45W cT=48 gT=46 caps%[0:35,2:85,5:35,7:70,-100:40] curMHz[0:787,2:2707,5:1075,7:2112] gpu=231 gcap=422[10/13] lrn=100
2026-08-01 14:58:31 PulseDaemon: cap write via daemon (2 node(s))
2026-08-01 14:58:31 PulseDaemon: cap write via daemon (3 node(s))
2026-08-01 14:58:31 PulseDaemon: cap write via daemon (2 node(s))
2026-08-01 14:58:32 PulseDaemon: telemetry read via daemon (16 path(s))
2026-08-01 14:58:34 PulseDaemon: telemetry read via daemon (16 path(s))
2026-08-01 14:58:34 PulseAutoTdp: tgt=90 fps=90.0 jank=0 tail=11ms act=HOLD bn=CPU cpuB=21 cpuPk=75 primePk=75 io=0 gpuB=39 gpuL=8 capped=0 prk=0 stl=0 draw=5.02W cT=48 gT=45 caps%[0:35,2:85,5:35,7:70,-100:40] curMHz[0:787,2:2707,5:1075,7:2112] gpu=231 gcap=422[10/13] lrn=100
2026-08-01 14:58:34 PulseDaemon: cap write via daemon (2 node(s))
2026-08-01 14:58:34 PulseDaemon: cap write via daemon (3 node(s))
2026-08-01 14:58:34 PulseDaemon: cap write via daemon (2 node(s))
2026-08-01 14:58:35 PulseDaemon: telemetry read via daemon (16 path(s))
2026-08-01 14:58:36 PulseDaemon: telemetry read via daemon (16 path(s))
2026-08-01 14:58:37 PulseAutoTdp: tgt=90 fps=90.0 jank=0 tail=11ms act=HOLD bn=CPU cpuB=22 cpuPk=70 primePk=70 io=0 gpuB=38 gpuL=8 capped=0 prk=0 stl=0 draw=5.24W cT=49 gT=45 caps%[0:35,2:85,5:35,7:70,-100:40] curMHz[0:787,2:2707,5:1075,7:2112] gpu=231 gcap=422[10/13] lrn=100
2026-08-01 14:58:37 PulseDaemon: cap write via daemon (2 node(s))
2026-08-01 14:58:37 PulseDaemon: cap write via daemon (3 node(s))
2026-08-01 14:58:37 PulseDaemon: cap write via daemon (2 node(s))
2026-08-01 14:58:38 PulseDaemon: telemetry read via daemon (16 path(s))
2026-08-01 14:58:39 PulseDaemon: telemetry read via daemon (16 path(s))
2026-08-01 14:58:39 PulseAutoTdp: tgt=90 fps=90.0 jank=0 tail=11ms act=HOLD bn=CPU cpuB=21 cpuPk=73 primePk=73 io=0 gpuB=38 gpuL=8 capped=0 prk=0 stl=0 draw=4.59W cT=48 gT=46 caps%[0:35,2:85,5:35,7:70,-100:40] curMHz[0:787,2:2707,5:1075,7:2112] gpu=231 gcap=422[10/13] lrn=100
2026-08-01 14:58:40 PulseDaemon: cap write via daemon (2 node(s))
2026-08-01 14:58:40 PulseDaemon: cap write via daemon (3 node(s))
2026-08-01 14:58:40 PulseDaemon: cap write via daemon (2 node(s))
2026-08-01 14:58:41 PulseDaemon: telemetry read via daemon (16 path(s))
2026-08-01 14:58:42 PulseDaemon: telemetry read via daemon (16 path(s))
2026-08-01 14:58:42 PulseAutoTdp: tgt=90 fps=90.0 jank=0 tail=11ms act=HOLD bn=CPU cpuB=21 cpuPk=72 primePk=72 io=0 gpuB=38 gpuL=8 capped=0 prk=0 stl=0 draw=5.00W cT=48 gT=45 caps%[0:35,2:85,5:35,7:70,-100:40] curMHz[0:787,2:2707,5:1075,7:2112] gpu=231 gcap=422[10/13] lrn=100
2026-08-01 14:58:42 PulseDaemon: cap write via daemon (2 node(s))
2026-08-01 14:58:43 PulseDaemon: cap write via daemon (3 node(s))
2026-08-01 14:58:43 PulseDaemon: cap write via daemon (2 node(s))
2026-08-01 14:58:44 PulseDaemon: telemetry read via daemon (16 path(s))
2026-08-01 14:58:45 PulseDaemon: telemetry read via daemon (16 path(s))
2026-08-01 14:58:45 PulseAutoTdp: tgt=90 fps=90.0 jank=0 tail=11ms act=HOLD bn=CPU cpuB=19 cpuPk=72 primePk=72 io=0 gpuB=38 gpuL=8 capped=0 prk=0 stl=0 draw=4.48W cT=48 gT=45 caps%[0:35,2:85,5:35,7:70,-100:40] curMHz[0:787,2:2707,5:1075,7:2112] gpu=231 gcap=422[10/13] lrn=100
2026-08-01 14:58:45 PulseDaemon: cap write via daemon (2 node(s))
2026-08-01 14:58:45 PulseDaemon: cap write via daemon (3 node(s))
2026-08-01 14:58:45 PulseDaemon: cap write via daemon (2 node(s))
2026-08-01 14:58:47 PulseDaemon: telemetry read via daemon (16 path(s))
2026-08-01 14:58:48 PulseDaemon: telemetry read via daemon (16 path(s))
2026-08-01 14:58:48 PulseAutoTdp: AUTOTDP-SESSION tgt=90 bias=EFFICIENT wattCap=0 policies=0:2265600:0,1;2:3148800:2,3,4;5:2956800:5,6;7:3052800:7;-100:1050000:
2026-08-01 14:58:49 PulseAutoTdp: tgt=90 fps=90.0 jank=0 tail=11ms act=HOLD bn=CPU cpuB=21 cpuPk=73 primePk=73 io=0 gpuB=38 gpuL=8 capped=0 prk=0 stl=0 draw=5.12W cT=48 gT=45 caps%[0:35,2:85,5:35,7:70,-100:40] curMHz[0:787,2:2707,5:1075,7:2112] mn/mx[0:364/787,2:499/2707,5:499/1075,7:480/2112] gpu=231 gcap=422[10/13] lrn=100
2026-08-01 14:58:49 PulseDaemon: cap write via daemon (2 node(s))
2026-08-01 14:58:49 PulseDaemon: cap write via daemon (3 node(s))
2026-08-01 14:58:49 PulseDaemon: cap write via daemon (2 node(s))
2026-08-01 14:58:50 PulseDaemon: telemetry read via daemon (16 path(s))
2026-08-01 14:58:52 PulseDaemon: telemetry read via daemon (16 path(s))
2026-08-01 14:58:52 PulseAutoTdp: tgt=90 fps=90.0 jank=0 tail=11ms act=HOLD bn=CPU cpuB=22 cpuPk=73 primePk=73 io=0 gpuB=37 gpuL=8 capped=0 prk=0 stl=0 draw=5.54W cT=49 gT=45 caps%[0:35,2:85,5:35,7:70,-100:40] curMHz[0:787,2:2707,5:1075,7:2112] gpu=231 gcap=422[10/13] lrn=100
2026-08-01 14:58:52 PulseDaemon: cap write via daemon (2 node(s))
2026-08-01 14:58:52 PulseDaemon: cap write via daemon (3 node(s))
2026-08-01 14:58:52 PulseDaemon: cap write via daemon (2 node(s))
2026-08-01 14:58:53 PulseDaemon: telemetry read via daemon (16 path(s))
2026-08-01 14:58:54 PulseDaemon: telemetry read via daemon (16 path(s))
2026-08-01 14:58:55 PulseAutoTdp: tgt=90 fps=90.0 jank=0 tail=11ms act=HOLD bn=CPU cpuB=20 cpuPk=72 primePk=72 io=0 gpuB=37 gpuL=8 capped=0 prk=0 stl=0 draw=4.20W cT=48 gT=46 caps%[0:35,2:85,5:35,7:70,-100:40] curMHz[0:787,2:2707,5:1075,7:2112] gpu=231 gcap=422[10/13] lrn=100
2026-08-01 14:58:55 PulseDaemon: cap write via daemon (3 node(s))
2026-08-01 14:58:55 PulseDaemon: cap write via daemon (2 node(s))
2026-08-01 14:58:56 PulseDaemon: telemetry read via daemon (16 path(s))
2026-08-01 14:58:57 PulseDaemon: telemetry read via daemon (16 path(s))
2026-08-01 14:58:57 PulseAutoTdp: tgt=90 fps=90.0 jank=0 tail=11ms act=HOLD bn=CPU cpuB=20 cpuPk=70 primePk=70 io=0 gpuB=37 gpuL=8 capped=0 prk=0 stl=0 draw=4.44W cT=48 gT=46 caps%[0:35,2:85,5:35,7:70,-100:40] curMHz[0:787,2:2707,5:1075,7:2112] gpu=231 gcap=422[10/13] lrn=100
2026-08-01 14:58:57 PulseDaemon: cap write via daemon (2 node(s))
2026-08-01 14:58:57 PulseDaemon: cap write via daemon (3 node(s))
2026-08-01 14:58:57 PulseDaemon: cap write via daemon (2 node(s))
2026-08-01 14:58:59 PulseDaemon: telemetry read via daemon (16 path(s))
2026-08-01 14:59:00 PulseDaemon: telemetry read via daemon (16 path(s))
2026-08-01 14:59:00 PulseAutoTdp: tgt=90 fps=90.0 jank=0 tail=11ms act=HOLD bn=CPU cpuB=20 cpuPk=70 primePk=70 io=0 gpuB=37 gpuL=8 capped=0 prk=0 stl=0 draw=4.52W cT=47 gT=46 caps%[0:35,2:85,5:35,7:70,-100:40] curMHz[0:787,2:2707,5:1075,7:2112] gpu=231 gcap=422[10/13] lrn=100
2026-08-01 14:59:00 PulseDaemon: cap write via daemon (2 node(s))
2026-08-01 14:59:00 PulseDaemon: cap write via daemon (3 node(s))
2026-08-01 14:59:00 PulseDaemon: cap write via daemon (2 node(s))
2026-08-01 14:59:02 PulseDaemon: telemetry read via daemon (16 path(s))
2026-08-01 14:59:03 PulseDaemon: telemetry read via daemon (16 path(s))
2026-08-01 14:59:03 PulseAutoTdp: tgt=90 fps=90.0 jank=0 tail=11ms act=HOLD bn=CPU cpuB=23 cpuPk=77 primePk=77 io=0 gpuB=38 gpuL=8 capped=0 prk=0 stl=0 draw=4.07W cT=48 gT=46 caps%[0:35,2:85,5:35,7:70,-100:40] curMHz[0:787,2:2707,5:1075,7:2112] gpu=231 gcap=422[10/13] lrn=100
2026-08-01 14:59:03 PulseDaemon: cap write via daemon (2 node(s))
2026-08-01 14:59:03 PulseDaemon: cap write via daemon (3 node(s))
2026-08-01 14:59:03 PulseDaemon: cap write via daemon (2 node(s))
2026-08-01 14:59:04 PulseDaemon: telemetry read via daemon (16 path(s))
2026-08-01 14:59:06 PulseDaemon: telemetry read via daemon (16 path(s))
2026-08-01 14:59:06 PulseAutoTdp: tgt=90 fps=90.0 jank=0 tail=11ms act=HOLD bn=CPU cpuB=20 cpuPk=71 primePk=71 io=0 gpuB=38 gpuL=8 capped=0 prk=0 stl=0 draw=3.97W cT=48 gT=46 caps%[0:35,2:85,5:35,7:70,-100:40] curMHz[0:787,2:2707,5:1075,7:2112] gpu=231 gcap=422[10/13] lrn=100
2026-08-01 14:59:06 PulseDaemon: cap write via daemon (2 node(s))
2026-08-01 14:59:06 PulseDaemon: cap write via daemon (3 node(s))
2026-08-01 14:59:06 PulseDaemon: cap write via daemon (2 node(s))
2026-08-01 14:59:07 PulseDaemon: telemetry read via daemon (16 path(s))
2026-08-01 14:59:08 PulseDaemon: telemetry read via daemon (16 path(s))
2026-08-01 14:59:09 PulseAutoTdp: tgt=90 fps=90.0 jank=0 tail=11ms act=HOLD bn=CPU cpuB=22 cpuPk=72 primePk=72 io=0 gpuB=37 gpuL=8 capped=0 prk=0 stl=0 draw=4.27W cT=48 gT=46 caps%[0:35,2:85,5:35,7:70,-100:40] curMHz[0:787,2:2707,5:1075,7:2112] gpu=231 gcap=422[10/13] lrn=100
2026-08-01 14:59:09 PulseDaemon: cap write via daemon (2 node(s))
2026-08-01 14:59:09 PulseDaemon: cap write via daemon (3 node(s))
2026-08-01 14:59:09 PulseDaemon: cap write via daemon (2 node(s))
2026-08-01 14:59:10 PulseDaemon: telemetry read via daemon (16 path(s))
2026-08-01 14:59:11 PulseDaemon: telemetry read via daemon (16 path(s))
2026-08-01 14:59:12 PulseDaemon: cap write via daemon (7 node(s))
2026-08-01 14:59:12 PulseAutoTdp: tgt=90 fps=90.0 jank=0 tail=11ms act=TRIM bn=- cpuB=14 cpuPk=49 primePk=49 io=0 gpuB=59 gpuL=12 capped=0 prk=0 stl=0 draw=3.62W cT=46 gT=47 caps%[0:35,2:80,5:35,7:70,-100:40] curMHz[0:787,2:2707,5:1075,7:2112] gpu=231 gcap=422[10/13] lrn=100
2026-08-01 14:59:12 PulseDaemon: cap write via daemon (2 node(s))
2026-08-01 14:59:12 PulseDaemon: cap write via daemon (3 node(s))
2026-08-01 14:59:12 PulseDaemon: cap write via daemon (2 node(s))
2026-08-01 14:59:13 PulseDaemon: telemetry read via daemon (16 path(s))
2026-08-01 14:59:14 PulseDaemon: telemetry read via daemon (16 path(s))
2026-08-01 14:59:15 PulseDaemon: cap write via daemon (7 node(s))
2026-08-01 14:59:15 PulseAutoTdp: tgt=90 fps=60.0 jank=7 tail=44ms act=RAISE bn=CPU cpuB=46 cpuPk=99 primePk=99 io=0 gpuB=51 gpuL=11 capped=0 prk=0 stl=0 draw=6.19W cT=52 gT=47 caps%[0:35,2:85,5:35,7:70,-100:40] curMHz[0:787,2:2515,5:1075,7:2112] gpu=231 gcap=422[10/13] lrn=100
2026-08-01 14:59:15 PulseDaemon: cap write via daemon (2 node(s))
2026-08-01 14:59:15 PulseDaemon: cap write via daemon (3 node(s))
2026-08-01 14:59:15 PulseDaemon: cap write via daemon (2 node(s))
2026-08-01 14:59:16 PulseDaemon: telemetry read via daemon (16 path(s))
2026-08-01 14:59:18 PulseDaemon: telemetry read via daemon (16 path(s))
2026-08-01 14:59:19 PulseAutoTdp: tgt=90 fps=58.7 jank=8 tail=66ms act=RAISE bn=CPU cpuB=47 cpuPk=100 primePk=100 io=0 gpuB=37 gpuL=8 capped=0 prk=0 stl=0 draw=7.62W cT=56 gT=48 caps%[0:35,2:90,5:35,7:70,-100:40] curMHz[0:787,2:2707,5:1075,7:2112] mn/mx[0:787/787,2:499/2841,5:499/1075,7:480/2112] gpu=231 gcap=422[10/13] lrn=100
2026-08-01 14:59:19 PulseDaemon: cap write via daemon (2 node(s))
2026-08-01 14:59:19 PulseDaemon: cap write via daemon (3 node(s))
2026-08-01 14:59:19 PulseDaemon: cap write via daemon (2 node(s))
2026-08-01 14:59:20 PulseDaemon: telemetry read via daemon (16 path(s))
2026-08-01 14:59:21 PulseDaemon: telemetry read via daemon (16 path(s))
2026-08-01 14:59:22 PulseAutoTdp: tgt=90 fps=82.0 jank=2 tail=58ms act=RAISE bn=CPU cpuB=30 cpuPk=79 primePk=79 io=0 gpuB=29 gpuL=6 capped=0 prk=0 stl=0 draw=6.42W cT=55 gT=50 caps%[0:35,2:95,5:35,7:70,-100:40] curMHz[0:787,2:2515,5:1075,7:2112] gpu=231 gcap=422[10/13] lrn=100
2026-08-01 14:59:22 PulseDaemon: cap write via daemon (2 node(s))
2026-08-01 14:59:22 PulseDaemon: cap write via daemon (3 node(s))
2026-08-01 14:59:23 PulseDaemon: telemetry read via daemon (16 path(s))
2026-08-01 14:59:24 PulseDaemon: telemetry read via daemon (16 path(s))
2026-08-01 14:59:25 PulseDaemon: cap write via daemon (7 node(s))
2026-08-01 14:59:25 PulseAutoTdp: tgt=90 fps=90.0 jank=0 tail=11ms act=RAISE bn=CPU cpuB=21 cpuPk=70 primePk=70 io=0 gpuB=39 gpuL=8 capped=0 prk=0 stl=0 draw=3.74W cT=52 gT=48 caps%[0:35,2:100,5:35,7:70,-100:40] curMHz[0:787,2:3014,5:1075,7:2112] gpu=231 gcap=422[10/13] lrn=100
2026-08-01 14:59:25 PulseDaemon: cap write via daemon (3 node(s))
2026-08-01 14:59:25 PulseDaemon: cap write via daemon (2 node(s))
2026-08-01 14:59:26 PulseDaemon: telemetry read via daemon (16 path(s))
2026-08-01 14:59:27 PulseDaemon: telemetry read via daemon (16 path(s))
2026-08-01 14:59:27 PulseDaemon: cap write via daemon (7 node(s))
2026-08-01 14:59:27 PulseAutoTdp: tgt=90 fps=89.3 jank=0 tail=22ms act=RAISE bn=CPU cpuB=23 cpuPk=55 primePk=55 io=0 gpuB=38 gpuL=8 capped=0 prk=0 stl=0 draw=4.78W cT=51 gT=48 caps%[0:35,2:100,5:35,7:75,-100:40] curMHz[0:787,2:3148,5:1075,7:2112] gpu=231 gcap=422[10/13] lrn=100
2026-08-01 14:59:28 PulseDaemon: cap write via daemon (3 node(s))
2026-08-01 14:59:28 PulseDaemon: cap write via daemon (2 node(s))
2026-08-01 14:59:29 PulseDaemon: telemetry read via daemon (16 path(s))
2026-08-01 14:59:30 PulseDaemon: telemetry read via daemon (16 path(s))
2026-08-01 14:59:30 PulseAutoTdp: tgt=90 fps=90.0 jank=0 tail=11ms act=HOLD bn=CPU cpuB=26 cpuPk=68 primePk=68 io=0 gpuB=43 gpuL=9 capped=0 prk=0 stl=0 draw=7.34W cT=53 gT=48 caps%[0:35,2:100,5:35,7:75,-100:40] curMHz[0:787,2:3148,5:1075,7:2304] gpu=231 gcap=422[10/13] lrn=100
2026-08-01 14:59:30 PulseDaemon: cap write via daemon (2 node(s))
2026-08-01 14:59:31 PulseDaemon: telemetry read via daemon (16 path(s))
2026-08-01 14:59:33 PulseDaemon: telemetry read via daemon (16 path(s))
2026-08-01 14:59:33 PulseAutoTdp: AUTOTDP-SESSION tgt=90 bias=EFFICIENT wattCap=0 policies=0:2265600:0,1;2:3148800:2,3,4;5:2956800:5,6;7:3052800:7;-100:1050000:
2026-08-01 14:59:33 PulseAutoTdp: tgt=90 fps=90.0 jank=0 tail=11ms act=HOLD bn=CPU cpuB=37 cpuPk=90 primePk=90 io=0 gpuB=47 gpuL=10 capped=0 prk=0 stl=0 draw=7.04W cT=58 gT=50 caps%[0:35,2:100,5:35,7:75,-100:40] curMHz[0:787,2:3148,5:1075,7:2304] gpu=231 gcap=422[10/13] lrn=100
2026-08-01 14:59:33 PulseDaemon: cap write via daemon (3 node(s))
2026-08-01 14:59:33 PulseDaemon: cap write via daemon (2 node(s))
2026-08-01 14:59:34 PulseDaemon: telemetry read via daemon (16 path(s))
2026-08-01 14:59:35 PulseDaemon: telemetry read via daemon (16 path(s))
2026-08-01 14:59:35 PulseAutoTdp: tgt=90 fps=89.3 jank=1 tail=33ms act=HOLD bn=CPU cpuB=30 cpuPk=76 primePk=76 io=0 gpuB=41 gpuL=9 capped=0 prk=0 stl=0 draw=5.89W cT=54 gT=49 caps%[0:35,2:100,5:35,7:75,-100:40] curMHz[0:787,2:3148,5:1075,7:2304] gpu=231 gcap=422[10/13] lrn=100
2026-08-01 14:59:36 PulseDaemon: cap write via daemon (3 node(s))
2026-08-01 14:59:37 PulseDaemon: telemetry read via daemon (16 path(s))
2026-08-01 14:59:38 PulseDaemon: telemetry read via daemon (16 path(s))
2026-08-01 14:59:38 PulseAutoTdp: tgt=90 fps=87.7 jank=1 tail=33ms act=HOLD bn=CPU cpuB=34 cpuPk=80 primePk=80 io=0 gpuB=65 gpuL=19 capped=0 prk=0 stl=0 draw=9.02W cT=59 gT=51 caps%[0:35,2:100,5:35,7:75,-100:40] curMHz[0:787,2:3148,5:1075,7:2304] gpu=310 gcap=422[10/13] lrn=100
2026-08-01 14:59:38 PulseDaemon: cap write via xsu fallback (3 node(s), ~620 chars, chunked)
2026-08-01 14:59:39 PulseDaemon: telemetry read via daemon (16 path(s))
2026-08-01 14:59:41 PulseDaemon: telemetry read via daemon (16 path(s))
2026-08-01 14:59:41 PulseAutoTdp: tgt=90 fps=90.0 jank=0 tail=11ms act=HOLD bn=CPU cpuB=20 cpuPk=60 primePk=60 io=0 gpuB=42 gpuL=9 capped=0 prk=0 stl=0 draw=4.49W cT=52 gT=49 caps%[0:35,2:100,5:35,7:75,-100:40] curMHz[0:787,2:3148,5:1075,7:2304] gpu=231 gcap=422[10/13] lrn=100
2026-08-01 14:59:41 PulseDaemon: cap write via daemon (3 node(s))
2026-08-01 14:59:41 PulseDaemon: cap write via daemon (2 node(s))
2026-08-01 14:59:42 PulseDaemon: telemetry read via daemon (16 path(s))
2026-08-01 14:59:43 PulseDaemon: telemetry read via daemon (16 path(s))
2026-08-01 14:59:44 PulseAutoTdp: tgt=90 fps=90.0 jank=0 tail=11ms act=HOLD bn=CPU cpuB=19 cpuPk=62 primePk=62 io=0 gpuB=44 gpuL=9 capped=0 prk=0 stl=0 draw=4.17W cT=52 gT=48 caps%[0:35,2:100,5:35,7:75,-100:40] curMHz[0:787,2:3148,5:1075,7:2304] gpu=231 gcap=422[10/13] lrn=100
2026-08-01 14:59:44 PulseDaemon: cap write via xsu fallback (3 node(s), ~620 chars, chunked)
2026-08-01 14:59:44 PulseDaemon: cap write via daemon (2 node(s))
2026-08-01 14:59:45 PulseDaemon: telemetry read via daemon (16 path(s))
2026-08-01 14:59:46 PulseDaemon: telemetry read via daemon (16 path(s))
2026-08-01 14:59:46 PulseDaemon: cap write via daemon (7 node(s))
2026-08-01 14:59:47 PulseAutoTdp: tgt=90 fps=50.6 jank=11 tail=78ms act=RAISE bn=CPU cpuB=27 cpuPk=77 primePk=77 io=0 gpuB=22 gpuL=4 capped=0 prk=0 stl=0 draw=6.72W cT=54 gT=48 caps%[0:35,2:100,5:35,7:80,-100:40] curMHz[0:787,2:3148,5:1075,7:2304] mn/mx[0:364/787,2:499/3148,5:499/1075,7:480/2438] gpu=231 gcap=422[10/13] lrn=100
2026-08-01 14:59:47 PulseDaemon: cap write via daemon (3 node(s))
2026-08-01 14:59:47 PulseDaemon: cap write via daemon (2 node(s))
2026-08-01 14:59:48 PulseDaemon: telemetry read via daemon (16 path(s))
2026-08-01 14:59:50 PulseDaemon: telemetry read via daemon (16 path(s))
2026-08-01 14:59:50 PulseDaemon: cap write via daemon (7 node(s))
2026-08-01 14:59:50 PulseAutoTdp: tgt=90 fps=90.0 jank=0 tail=11ms act=RAISE bn=- cpuB=15 cpuPk=46 primePk=46 io=0 gpuB=29 gpuL=6 capped=0 prk=0 stl=0 draw=3.22W cT=49 gT=47 caps%[0:35,2:100,5:35,7:80,-100:45] curMHz[0:787,2:3148,5:1075,7:2438] gpu=231 gcap=422[10/13] lrn=100
2026-08-01 14:59:50 PulseDaemon: cap write via daemon (3 node(s))
2026-08-01 14:59:50 PulseDaemon: cap write via daemon (2 node(s))
2026-08-01 14:59:51 PulseDaemon: telemetry read via daemon (16 path(s))
2026-08-01 14:59:52 PulseDaemon: telemetry read via daemon (16 path(s))
2026-08-01 14:59:53 PulseDaemon: cap write via daemon (7 node(s))
2026-08-01 14:59:53 PulseAutoTdp: tgt=90 fps=90.0 jank=0 tail=11ms act=RAISE bn=- cpuB=15 cpuPk=53 primePk=53 io=0 gpuB=33 gpuL=7 capped=0 prk=0 stl=0 draw=2.84W cT=48 gT=46 caps%[0:35,2:100,5:35,7:80,-100:50] curMHz[0:787,2:3148,5:1075,7:2438] gpu=231 gcap=500[9/13] lrn=100
2026-08-01 14:59:53 PulseDaemon: cap write via daemon (3 node(s))
2026-08-01 14:59:53 PulseDaemon: cap write via daemon (2 node(s))
2026-08-01 14:59:54 PulseDaemon: telemetry read via daemon (16 path(s))
2026-08-01 14:59:55 PulseDaemon: telemetry read via daemon (16 path(s))
2026-08-01 14:59:55 PulseDaemon: cap write via daemon (7 node(s))
2026-08-01 14:59:55 PulseAutoTdp: tgt=90 fps=54.3 jank=6 tail=90ms act=TRIM bn=- cpuB=18 cpuPk=60 primePk=60 io=0 gpuB=17 gpuL=3 capped=0 prk=0 stl=0 draw=6.45W cT=52 gT=46 caps%[0:35,2:100,5:35,7:80,-100:45] curMHz[0:787,2:3148,5:1075,7:2438] gpu=231 gcap=500[9/13] lrn=100
2026-08-01 14:59:55 PulseDaemon: cap write via daemon (3 node(s))
2026-08-01 14:59:55 PulseDaemon: cap write via daemon (2 node(s))
2026-08-01 14:59:57 PulseDaemon: telemetry read via daemon (16 path(s))
# ... 2 more identical lines elided (same content, only timestamp differs) ...
2026-08-01 15:00:01 PulseDaemon: telemetry read via daemon (16 path(s))
2026-08-01 15:00:01 PulseDaemon: cap write via daemon (7 node(s))
2026-08-01 15:00:01 PulseAutoTdp: tgt=90 fps=90.0 jank=0 tail=11ms act=RAISE bn=CPU cpuB=45 cpuPk=96 primePk=96 io=0 gpuB=34 gpuL=7 capped=0 prk=0 stl=0 draw=7.69W cT=61 gT=50 caps%[0:35,2:100,5:35,7:90,-100:45] curMHz[0:787,2:3148,5:1075,7:2438] gpu=231 gcap=500[9/13] lrn=100
2026-08-01 15:00:01 PulseDaemon: cap write via daemon (3 node(s))
2026-08-01 15:00:01 PulseDaemon: cap write via daemon (2 node(s))
2026-08-01 15:00:02 PulseDaemon: telemetry read via daemon (16 path(s))
2026-08-01 15:00:03 PulseDaemon: telemetry read via daemon (16 path(s))
2026-08-01 15:00:04 PulseDaemon: cap write via daemon (7 node(s))
2026-08-01 15:00:04 PulseAutoTdp: tgt=90 fps=90.0 jank=0 tail=11ms act=RAISE bn=CPU cpuB=36 cpuPk=96 primePk=73 io=0 gpuB=51 gpuL=11 capped=0 prk=0 stl=0 draw=10.59W cT=62 gT=52 caps%[0:35,2:100,5:35,7:95,-100:45] curMHz[0:787,2:3148,5:1075,7:2745] gpu=231 gcap=500[9/13] lrn=100
2026-08-01 15:00:04 PulseDaemon: cap write via daemon (3 node(s))
2026-08-01 15:00:04 PulseDaemon: cap write via daemon (2 node(s))
2026-08-01 15:00:05 PulseDaemon: telemetry read via daemon (16 path(s))
2026-08-01 15:00:06 PulseDaemon: telemetry read via daemon (16 path(s))
2026-08-01 15:00:06 PulseAutoTdp: tgt=90 fps=90.0 jank=0 tail=11ms act=HOLD bn=CPU cpuB=41 cpuPk=96 primePk=96 io=0 gpuB=61 gpuL=13 capped=0 prk=0 stl=0 draw=12.83W cT=67 gT=54 caps%[0:35,2:100,5:35,7:95,-100:45] curMHz[0:787,2:3148,5:1075,7:2880] gpu=231 gcap=500[9/13] lrn=100
2026-08-01 15:00:06 PulseDaemon: cap write via daemon (3 node(s))
2026-08-01 15:00:06 PulseDaemon: cap write via daemon (2 node(s))
2026-08-01 15:00:07 PulseDaemon: telemetry read via daemon (16 path(s))
2026-08-01 15:00:09 PulseDaemon: telemetry read via daemon (16 path(s))
2026-08-01 15:00:09 PulseAutoTdp: tgt=90 fps=90.0 jank=0 tail=11ms act=HOLD bn=CPU cpuB=24 cpuPk=56 primePk=56 io=0 gpuB=63 gpuL=25 capped=0 prk=0 stl=0 draw=7.44W cT=58 gT=52 caps%[0:35,2:100,5:35,7:95,-100:45] curMHz[0:787,2:3148,5:1075,7:2880] gpu=422 gcap=500[9/13] lrn=100
2026-08-01 15:00:09 PulseDaemon: cap write via daemon (3 node(s))
2026-08-01 15:00:09 PulseDaemon: cap write via daemon (2 node(s))
2026-08-01 15:00:10 PulseDaemon: telemetry read via daemon (16 path(s))
2026-08-01 15:00:11 PulseDaemon: telemetry read via daemon (16 path(s))
2026-08-01 15:00:11 PulseAutoTdp: tgt=90 fps=90.0 jank=0 tail=11ms act=HOLD bn=CPU cpuB=25 cpuPk=69 primePk=69 io=0 gpuB=47 gpuL=13 capped=0 prk=0 stl=0 draw=8.33W cT=59 gT=51 caps%[0:35,2:100,5:35,7:95,-100:45] curMHz[0:787,2:3148,5:1075,7:2880] gpu=310 gcap=500[9/13] lrn=100
2026-08-01 15:00:13 PulseDaemon: telemetry read via daemon (16 path(s))
2026-08-01 15:00:14 PulseDaemon: telemetry read via daemon (16 path(s))
2026-08-01 15:00:14 PulseAutoTdp: AUTOTDP-SESSION tgt=90 bias=EFFICIENT wattCap=0 policies=0:2265600:0,1;2:3148800:2,3,4;5:2956800:5,6;7:3052800:7;-100:1050000:
2026-08-01 15:00:15 PulseAutoTdp: tgt=90 fps=90.0 jank=0 tail=11ms act=HOLD bn=CPU cpuB=43 cpuPk=100 primePk=100 io=0 gpuB=55 gpuL=12 capped=0 prk=0 stl=0 draw=7.24W cT=65 gT=54 caps%[0:35,2:100,5:35,7:95,-100:45] curMHz[0:787,2:3148,5:1075,7:2880] mn/mx[0:364/787,2:499/3148,5:499/1075,7:480/2880] gpu=231 gcap=500[9/13] lrn=100
2026-08-01 15:00:15 PulseDaemon: cap write via daemon (3 node(s))
2026-08-01 15:00:15 PulseDaemon: cap write via daemon (2 node(s))
2026-08-01 15:00:16 PulseDaemon: telemetry read via daemon (16 path(s))
2026-08-01 15:00:17 PulseDaemon: telemetry read via daemon (16 path(s))
2026-08-01 15:00:18 PulseAutoTdp: tgt=90 fps=90.0 jank=0 tail=11ms act=TRIM bn=CPU cpuB=24 cpuPk=70 primePk=70 io=0 gpuB=36 gpuL=7 capped=0 prk=0 stl=0 draw=5.86W cT=58 gT=52 caps%[0:35,2:100,5:35,7:95,-100:40] curMHz[0:787,2:3148,5:1075,7:2880] gpu=231 gcap=500[9/13] lrn=100
2026-08-01 15:00:18 PulseDaemon: cap write via daemon (2 node(s))
2026-08-01 15:00:19 PulseDaemon: telemetry read via daemon (16 path(s))
2026-08-01 15:00:20 PulseDaemon: telemetry read via daemon (16 path(s))
2026-08-01 15:00:20 PulseAutoTdp: tgt=90 fps=90.0 jank=0 tail=11ms act=HOLD bn=CPU cpuB=27 cpuPk=71 primePk=71 io=0 gpuB=70 gpuL=15 capped=0 prk=0 stl=0 draw=7.37W cT=59 gT=52 caps%[0:35,2:100,5:35,7:95,-100:40] curMHz[0:787,2:3148,5:1075,7:2880] gpu=231 gcap=422[10/13] lrn=100
2026-08-01 15:00:20 PulseDaemon: cap write via daemon (3 node(s))
2026-08-01 15:00:20 PulseDaemon: cap write via daemon (2 node(s))
2026-08-01 15:00:21 PulseDaemon: telemetry read via daemon (16 path(s))
2026-08-01 15:00:23 PulseDaemon: telemetry read via daemon (16 path(s))
2026-08-01 15:00:23 PulseAutoTdp: tgt=90 fps=90.0 jank=0 tail=11ms act=HOLD bn=CPU cpuB=28 cpuPk=65 primePk=65 io=0 gpuB=66 gpuL=14 capped=0 prk=0 stl=0 draw=7.03W cT=59 gT=52 caps%[0:35,2:100,5:35,7:95,-100:40] curMHz[0:787,2:3148,5:1075,7:2880] gpu=231 gcap=422[10/13] lrn=100
2026-08-01 15:00:23 PulseDaemon: cap write via daemon (2 node(s))
2026-08-01 15:00:24 PulseDaemon: telemetry read via daemon (16 path(s))
2026-08-01 15:00:25 PulseDaemon: telemetry read via daemon (16 path(s))
2026-08-01 15:00:26 PulseAutoTdp: tgt=90 fps=90.0 jank=0 tail=11ms act=HOLD bn=CPU cpuB=24 cpuPk=72 primePk=72 io=0 gpuB=55 gpuL=12 capped=0 prk=0 stl=0 draw=6.85W cT=56 gT=51 caps%[0:35,2:100,5:35,7:95,-100:40] curMHz[0:787,2:3148,5:1075,7:2880] gpu=231 gcap=422[10/13] lrn=100
2026-08-01 15:00:26 PulseDaemon: cap write via daemon (2 node(s))
2026-08-01 16:15:46 PulseDaemon: telemetry read via daemon (16 path(s))
2026-08-01 16:15:48 PulseDaemon: telemetry read via daemon (16 path(s))
2026-08-01 16:15:48 PulseAutoTdp: tgt=90 fps=90.0 jank=0 tail=11ms act=HOLD bn=- cpuB=64 cpuPk=81 primePk=50 io=0 gpuB=22 gpuL=4 capped=0 prk=0 stl=0 draw=4.72W cT=49 gT=39 caps%[0:35,2:100,5:35,7:95,-100:40] curMHz[0:2265,2:3148,5:2956,7:3302] gpu=231 gcap=1050[0/13] lrn=100
2026-08-01 16:15:48 PulseDaemon: cap write via daemon (3 node(s))
2026-08-01 16:15:49 PulseDaemon: cap write via daemon (3 node(s))
2026-08-01 16:15:50 PulseDaemon: cap write via daemon (10 node(s))
2026-08-01 16:15:51 PulseAutoTdp: TICK-SKIP overlayShouldShow=false autoActive=false quickAccessShouldShow=false autoTdpPackage=null boundPackage=null lastForeground=com.android.launcher3
2026-08-01 16:15:52 PulseAutoTdp: TICK-SKIP overlayShouldShow=false autoActive=false quickAccessShouldShow=false autoTdpPackage=null boundPackage=null lastForeground=com.android.launcher3
2026-08-01 16:15:58 PulseAutoTdp: TICK-SKIP overlayShouldShow=false autoActive=false quickAccessShouldShow=false autoTdpPackage=null boundPackage=com.retrohrai.launcher lastForeground=com.retrohrai.launcher
2026-08-01 16:15:59 PulseFan: arbiter=None auto=false bound=1 managed=4 latched=false
2026-08-01 16:15:59 PulseDaemon: cap write via daemon (7 node(s))
2026-08-01 16:16:00 PulseAutoTdp: TICK-SKIP overlayShouldShow=false autoActive=false quickAccessShouldShow=false autoTdpPackage=null boundPackage=com.retrohrai.launcher lastForeground=com.retrohrai.launcher
2026-08-01 16:16:01 PulseAutoTdp: TICK-SKIP overlayShouldShow=false autoActive=false quickAccessShouldShow=false autoTdpPackage=null boundPackage=com.retrohrai.launcher lastForeground=com.retrohrai.launcher
2026-08-01 16:16:02 PulseDaemon: cap write via daemon (7 node(s))
2026-08-01 16:16:03 PulseAutoTdp: TICK-SKIP overlayShouldShow=false autoActive=false quickAccessShouldShow=false autoTdpPackage=null boundPackage=com.retrohrai.launcher lastForeground=com.retrohrai.launcher
2026-08-01 16:16:04 PulseAutoTdp: TICK-SKIP overlayShouldShow=false autoActive=false quickAccessShouldShow=false autoTdpPackage=null boundPackage=com.retrohrai.launcher lastForeground=com.retrohrai.launcher
2026-08-01 16:16:05 PulseDaemon: cap write via daemon (7 node(s))
2026-08-01 16:16:06 PulseAutoTdp: TICK-SKIP overlayShouldShow=false autoActive=false quickAccessShouldShow=false autoTdpPackage=null boundPackage=com.retrohrai.launcher lastForeground=com.retrohrai.launcher
# ... 2 more identical lines elided (same content, only timestamp differs) ...
2026-08-01 16:16:10 PulseAutoTdp: TICK-SKIP overlayShouldShow=false autoActive=false quickAccessShouldShow=false autoTdpPackage=null boundPackage=com.retrohrai.launcher lastForeground=com.retrohrai.launcher
2026-08-01 16:16:11 PulseDaemon: cap write via daemon (7 node(s))
2026-08-01 16:16:12 PulseAutoTdp: TICK-SKIP overlayShouldShow=false autoActive=false quickAccessShouldShow=false autoTdpPackage=null boundPackage=com.retrohrai.launcher lastForeground=com.retrohrai.launcher
2026-08-01 16:16:13 PulseAutoTdp: TICK-SKIP overlayShouldShow=false autoActive=false quickAccessShouldShow=false autoTdpPackage=null boundPackage=com.retrohrai.launcher lastForeground=com.retrohrai.launcher
2026-08-01 16:16:13 PulseDaemon: cap write via daemon (7 node(s))
2026-08-01 16:16:14 PulseAutoTdp: TICK-SKIP overlayShouldShow=false autoActive=false quickAccessShouldShow=false autoTdpPackage=null boundPackage=com.retrohrai.launcher lastForeground=com.retrohrai.launcher
2026-08-01 16:16:16 PulseAutoTdp: TICK-SKIP overlayShouldShow=false autoActive=false quickAccessShouldShow=false autoTdpPackage=null boundPackage=com.retrohrai.launcher lastForeground=com.retrohrai.launcher
2026-08-01 16:16:16 PulseDaemon: cap write via daemon (7 node(s))
2026-08-01 16:16:17 PulseAutoTdp: TICK-SKIP overlayShouldShow=false autoActive=false quickAccessShouldShow=false autoTdpPackage=null boundPackage=com.retrohrai.launcher lastForeground=com.retrohrai.launcher
2026-08-01 16:16:19 PulseAutoTdp: TICK-SKIP overlayShouldShow=false autoActive=false quickAccessShouldShow=false autoTdpPackage=null boundPackage=com.retrohrai.launcher lastForeground=com.retrohrai.launcher
2026-08-01 16:16:19 PulseDaemon: cap write via daemon (7 node(s))
2026-08-01 16:16:20 PulseAutoTdp: TICK-SKIP overlayShouldShow=false autoActive=false quickAccessShouldShow=false autoTdpPackage=null boundPackage=com.retrohrai.launcher lastForeground=com.retrohrai.launcher
2026-08-01 16:16:22 PulseAutoTdp: TICK-SKIP overlayShouldShow=false autoActive=false quickAccessShouldShow=false autoTdpPackage=null boundPackage=com.retrohrai.launcher lastForeground=com.retrohrai.launcher
2026-08-01 16:16:22 PulseDaemon: cap write via daemon (7 node(s))
2026-08-01 16:16:23 PulseAutoTdp: TICK-SKIP overlayShouldShow=false autoActive=false quickAccessShouldShow=false autoTdpPackage=null boundPackage=com.retrohrai.launcher lastForeground=com.retrohrai.launcher
2026-08-01 16:16:24 PulseAutoTdp: TICK-SKIP overlayShouldShow=false autoActive=false quickAccessShouldShow=false autoTdpPackage=null boundPackage=com.retrohrai.launcher lastForeground=com.retrohrai.launcher
2026-08-01 16:16:25 PulseDaemon: cap write via daemon (7 node(s))
2026-08-01 16:16:26 PulseAutoTdp: TICK-SKIP overlayShouldShow=false autoActive=false quickAccessShouldShow=false autoTdpPackage=null boundPackage=com.retrohrai.launcher lastForeground=com.retrohrai.launcher
2026-08-01 16:16:27 PulseAutoTdp: TICK-SKIP overlayShouldShow=false autoActive=false quickAccessShouldShow=false autoTdpPackage=null boundPackage=com.retrohrai.launcher lastForeground=com.retrohrai.launcher
2026-08-01 16:16:28 PulseDaemon: cap write via xsu fallback (7 node(s), ~1323 chars, chunked)
2026-08-01 16:16:29 PulseAutoTdp: TICK-SKIP overlayShouldShow=false autoActive=false quickAccessShouldShow=false autoTdpPackage=null boundPackage=com.retrohrai.launcher lastForeground=com.retrohrai.launcher
2026-08-01 16:16:30 PulseAutoTdp: TICK-SKIP overlayShouldShow=false autoActive=false quickAccessShouldShow=false autoTdpPackage=null boundPackage=com.retrohrai.launcher lastForeground=com.retrohrai.launcher
2026-08-01 16:16:31 PulseDaemon: cap write via daemon (7 node(s))
2026-08-01 16:16:32 PulseAutoTdp: TICK-SKIP overlayShouldShow=false autoActive=false quickAccessShouldShow=false autoTdpPackage=null boundPackage=com.retrohrai.launcher lastForeground=com.retrohrai.launcher
