[  456.444193] init: Untracked pid 6059 exited with status 143
[  456.444213] init: Untracked pid 6059 did not have an associated service entry and will not be reaped
[  456.445833] init: Control message: Could not find 'vendor.qti.diaghal@1.0::Idiag/default' for ctl.interface_start from pid: 754 (/system/bin/hwservicemanager)
[  456.619664] audit: audit_lost=35947 audit_rate_limit=5 audit_backlog_limit=64
[  456.619674] audit: rate limit exceeded
[  456.697486] init: Untracked pid 6150 exited with status 143
[  456.697527] init: Untracked pid 6150 did not have an associated service entry and will not be reaped
[  457.448930] init: Control message: Could not find 'vendor.qti.diaghal@1.0::Idiag/default' for ctl.interface_start from pid: 754 (/system/bin/hwservicemanager)
[  457.629577] audit: audit_lost=36169 audit_rate_limit=5 audit_backlog_limit=64
[  457.629582] audit: rate limit exceeded
[  459.357619] type=1400 audit(1785263706.700:38173): avc:  denied  { setattr } for  comm="chmod" name="online" dev="sysfs" ino=43982 scontext=u:r:xsud:s0 tcontext=u:object_r:sysfs_devices_system_cpu:s0 tclass=file permissive=1
[  459.358461] type=1400 audit(1785263706.700:38174): avc:  denied  { write } for  comm="sh" name="online" dev="sysfs" ino=43982 scontext=u:r:xsud:s0 tcontext=u:object_r:sysfs_devices_system_cpu:s0 tclass=file permissive=1
[  459.453359] init: Control message: Could not find 'vendor.qti.diaghal@1.0::Idiag/default' for ctl.interface_start from pid: 754 (/system/bin/hwservicemanager)
[  459.464185] type=1400 audit(1785263706.804:38175): avc:  denied  { syslog_read } for  comm="dmesg" scontext=u:r:xsud:s0 tcontext=u:r:kernel:s0 tclass=system permissive=1
[  459.465729] type=1400 audit(1785263706.804:38176): avc:  denied  { syslog_mod } for  comm="dmesg" scontext=u:r:xsud:s0 tcontext=u:r:kernel:s0 tclass=system permissive=1
[  459.495725] type=1400 audit(1785263706.836:38177): avc:  denied  { getattr } for  comm="DefaultDispatch" path="/dev/ttyHS5" dev="tmpfs" ino=1195 scontext=u:r:system_app:s0 tcontext=u:object_r:device:s0 tclass=chr_file permissive=1
[  459.628825] audit: audit_lost=36194 audit_rate_limit=5 audit_backlog_limit=64
[  459.628832] audit: rate limit exceeded
[  460.403405] gen7_err_callback: 2161 callbacks suppressed
[  460.403419] kgsl kgsl-3d0: CP: AHB bus error, CP_RL_ERROR_DETAILS_0:0x10008e07 CP_RL_ERROR_DETAILS_1:0x12144
[  460.413184] kgsl kgsl-3d0: CP: AHB bus error, CP_RL_ERROR_DETAILS_0:0x10008e07 CP_RL_ERROR_DETAILS_1:0x12144
[  460.413213] kgsl kgsl-3d0: CP: AHB bus error, CP_RL_ERROR_DETAILS_0:0x10008e07 CP_RL_ERROR_DETAILS_1:0x12144
[  460.416758] kgsl kgsl-3d0: CP: AHB bus error, CP_RL_ERROR_DETAILS_0:0x10008e07 CP_RL_ERROR_DETAILS_1:0x12144
[  460.420831] kgsl kgsl-3d0: CP: AHB bus error, CP_RL_ERROR_DETAILS_0:0x10008e07 CP_RL_ERROR_DETAILS_1:0x12144
[  460.424555] kgsl kgsl-3d0: CP: AHB bus error, CP_RL_ERROR_DETAILS_0:0x10008e07 CP_RL_ERROR_DETAILS_1:0x12144
[  460.428914] kgsl kgsl-3d0: CP: AHB bus error, CP_RL_ERROR_DETAILS_0:0x10008e07 CP_RL_ERROR_DETAILS_1:0x12144
[  460.428954] kgsl kgsl-3d0: CP: AHB bus error, CP_RL_ERROR_DETAILS_0:0x10008e07 CP_RL_ERROR_DETAILS_1:0x12144
[  460.430510] kgsl kgsl-3d0: CP: AHB bus error, CP_RL_ERROR_DETAILS_0:0x10008e07 CP_RL_ERROR_DETAILS_1:0x12144
[  460.430533] kgsl kgsl-3d0: CP: AHB bus error, CP_RL_ERROR_DETAILS_0:0x10008e07 CP_RL_ERROR_DETAILS_1:0x12144
[  460.459291] init: Control message: Could not find 'vendor.qti.diaghal@1.0::Idiag/default' for ctl.interface_start from pid: 754 (/system/bin/hwservicemanager)
[  460.592272] type=1400 audit(1785263707.936:38266): avc:  denied  { read } for  comm="cat" name="gpuclk" dev="sysfs" ino=124210 scontext=u:r:xsud:s0 tcontext=u:object_r:vendor_sysfs_kgsl_gpuclk:s0 tclass=file permissive=1
[  460.592611] type=1400 audit(1785263707.936:38267): avc:  denied  { open } for  comm="cat" path="/sys/devices/platform/soc/3d00000.qcom,kgsl-3d0/kgsl/kgsl-3d0/gpuclk" dev="sysfs" ino=124210 scontext=u:r:xsud:s0 tcontext=u:object_r:vendor_sysfs_kgsl_gpuclk:s0 tclass=file permissive=1
[  460.626170] type=1400 audit(1785263707.968:38268): avc:  denied  { read } for  comm="top" name="pid_max" dev="proc" ino=578011 scontext=u:r:system_app:s0 tcontext=u:object_r:proc_pid_max:s0 tclass=file permissive=1
[  460.626556] type=1400 audit(1785263707.968:38269): avc:  denied  { open } for  comm="top" path="/proc/sys/kernel/pid_max" dev="proc" ino=578011 scontext=u:r:system_app:s0 tcontext=u:object_r:proc_pid_max:s0 tclass=file permissive=1
[  460.626682] type=1400 audit(1785263707.968:38270): avc:  denied  { read } for  comm="top" scontext=u:r:system_app:s0 tcontext=u:r:servicemanager:s0 tclass=file permissive=1
[  460.631984] audit: audit_lost=36325 audit_rate_limit=5 audit_backlog_limit=64
[  460.631988] audit: rate limit exceeded
[  461.035696] [drm:dsi_display_set_mode [msm_drm]] [msm-dsi-info]: mdp_transfer_time=0, hactive=1080, vactive=1920, fps=120, clk_rate=0
[  461.461204] init: Control message: Could not find 'vendor.qti.diaghal@1.0::Idiag/default' for ctl.interface_start from pid: 754 (/system/bin/hwservicemanager)
[  461.861857] audit: audit_lost=36422 audit_rate_limit=5 audit_backlog_limit=64
[  461.861865] audit: rate limit exceeded
[  462.463170] init: Control message: Could not find 'vendor.qti.diaghal@1.0::Idiag/default' for ctl.interface_start from pid: 754 (/system/bin/hwservicemanager)
[  462.880183] audit: audit_lost=36452 audit_rate_limit=5 audit_backlog_limit=64
[  462.880189] audit: rate limit exceeded
[  463.466046] init: Control message: Could not find 'vendor.qti.diaghal@1.0::Idiag/default' for ctl.interface_start from pid: 754 (/system/bin/hwservicemanager)
[  463.905461] audit: audit_lost=36497 audit_rate_limit=5 audit_backlog_limit=64
[  463.905466] audit: rate limit exceeded
[  464.467789] init: Control message: Could not find 'vendor.qti.diaghal@1.0::Idiag/default' for ctl.interface_start from pid: 754 (/system/bin/hwservicemanager)
[  465.407961] gen7_err_callback: 2294 callbacks suppressed
[  465.407977] kgsl kgsl-3d0: CP: AHB bus error, CP_RL_ERROR_DETAILS_0:0x10008e07 CP_RL_ERROR_DETAILS_1:0x12144
[  465.408001] kgsl kgsl-3d0: CP: AHB bus error, CP_RL_ERROR_DETAILS_0:0x10008e07 CP_RL_ERROR_DETAILS_1:0x12144
[  465.415096] kgsl kgsl-3d0: CP: AHB bus error, CP_RL_ERROR_DETAILS_0:0x10008e07 CP_RL_ERROR_DETAILS_1:0x12144
[  465.415124] kgsl kgsl-3d0: CP: AHB bus error, CP_RL_ERROR_DETAILS_0:0x10008e07 CP_RL_ERROR_DETAILS_1:0x12144
[  465.415499] kgsl kgsl-3d0: CP: AHB bus error, CP_RL_ERROR_DETAILS_0:0x10008e07 CP_RL_ERROR_DETAILS_1:0x12144
[  465.415547] kgsl kgsl-3d0: CP: AHB bus error, CP_RL_ERROR_DETAILS_0:0x10008e07 CP_RL_ERROR_DETAILS_1:0x12144
[  465.418624] kgsl kgsl-3d0: CP: AHB bus error, CP_RL_ERROR_DETAILS_0:0x10008e07 CP_RL_ERROR_DETAILS_1:0x12144
[  465.419021] kgsl kgsl-3d0: CP: AHB bus error, CP_RL_ERROR_DETAILS_0:0x10008e07 CP_RL_ERROR_DETAILS_1:0x12144
[  465.419043] kgsl kgsl-3d0: CP: AHB bus error, CP_RL_ERROR_DETAILS_0:0x10008e07 CP_RL_ERROR_DETAILS_1:0x12144
[  465.425154] kgsl kgsl-3d0: CP: AHB bus error, CP_RL_ERROR_DETAILS_0:0x10008e07 CP_RL_ERROR_DETAILS_1:0x12144
[  465.474018] init: Control message: Could not find 'vendor.qti.diaghal@1.0::Idiag/default' for ctl.interface_start from pid: 754 (/system/bin/hwservicemanager)
[  465.501519] type=1400 audit(1785263712.844:38531): avc:  denied  { search } for  comm="sh" name="com.kei.pulse" dev="dm-53" ino=329013 scontext=u:r:xsud:s0 tcontext=u:object_r:app_data_file:s0:c183,c256,c512,c768 tclass=dir permissive=1
[  465.597677] type=1400 audit(1785263712.940:38532): avc:  denied  { read } for  comm="cat" name="online" dev="sysfs" ino=141577 scontext=u:r:xsud:s0 tcontext=u:object_r:vendor_sysfs_battery_supply:s0 tclass=file permissive=1
[  465.600514] type=1400 audit(1785263712.940:38533): avc:  denied  { open } for  comm="cat" path="/sys/devices/platform/soc/soc:qcom,pmic_glink/soc:qcom,pmic_glink:qcom,battery_charger/power_supply/battery/online" dev="sysfs" ino=141577 scontext=u:r:xsud:s0 tcontext=u:object_r:vendor_sysfs_battery_supply:s0 tclass=file permissive=1
[  465.623201] audit: audit_lost=36527 audit_rate_limit=5 audit_backlog_limit=64
[  465.623204] audit: rate limit exceeded
[  465.623779] type=1400 audit(1785263712.964:38534): avc:  denied  { getattr } for  comm="top" path="/proc/1473" dev="proc" ino=570168 scontext=u:r:system_app:s0 tcontext=u:r:vendor_qesdsect:s0 tclass=dir permissive=1
[  465.624021] type=1400 audit(1785263712.964:38535): avc:  denied  { search } for  comm="top" name="1473" dev="proc" ino=570168 scontext=u:r:system_app:s0 tcontext=u:r:vendor_qesdsect:s0 tclass=dir permissive=1
[  466.167940] servicemanager: Found vendor.qti.hardware.perf2.IPerf/default in device VINTF manifest.
[  466.174934] servicemanager: Found vendor.qti.hardware.perf2.IPerf/default in device VINTF manifest.
[  466.474733] init: Control message: Could not find 'vendor.qti.diaghal@1.0::Idiag/default' for ctl.interface_start from pid: 754 (/system/bin/hwservicemanager)
[  466.528074] type=1400 audit(1785263713.868:38558): avc:  denied  { write } for  comm="Thread-110" name="pulse_fifo_in" dev="dm-53" ino=332444 scontext=u:r:untrusted_app:s0:c183,c256,c512,c768 tcontext=u:object_r:app_data_file:s0 tclass=fifo_file permissive=1 app=com.kei.pulse
[  466.539879] type=1400 audit(1785263713.880:38559): avc:  denied  { dac_read_search } for  comm="sh" capability=2  scontext=u:r:xsud:s0 tcontext=u:r:xsud:s0 tclass=capability permissive=1
[  466.540294] type=1400 audit(1785263713.880:38560): avc:  denied  { read } for  comm="sh" name="primary" dev="tmpfs" ino=42 scontext=u:r:xsud:s0 tcontext=u:object_r:mnt_user_file:s0 tclass=lnk_file permissive=1
[  466.540397] type=1400 audit(1785263713.884:38561): avc:  denied  { append } for  comm="sh" name="pulse_20260728_203503.log" dev="fuse" ino=332446 scontext=u:r:xsud:s0 tcontext=u:object_r:fuse:s0 tclass=file permissive=1
[  466.540514] type=1400 audit(1785263713.884:38562): avc:  denied  { open } for  comm="sh" path="/storage/emulated/0/apl_pulse_logs/pulse_20260728_203503.log" dev="fuse" ino=332446 scontext=u:r:xsud:s0 tcontext=u:object_r:fuse:s0 tclass=file permissive=1
[  466.623651] audit: audit_lost=36557 audit_rate_limit=5 audit_backlog_limit=64
[  466.623657] audit: rate limit exceeded
[  467.006765] healthd: battery l=74 v=8015 t=34.0 h=2 st=3 c=-703142 fc=4162000 cc=0 chg=a
[  467.043796] BATTERY_CHG: battery_psy_set_online: battery_psy_set_online: set online 1
[  467.477477] init: Control message: Could not find 'vendor.qti.diaghal@1.0::Idiag/default' for ctl.interface_start from pid: 754 (/system/bin/hwservicemanager)
[  467.627573] audit: audit_lost=36806 audit_rate_limit=5 audit_backlog_limit=64
[  467.627579] audit: rate limit exceeded
[  468.480050] init: Control message: Could not find 'vendor.qti.diaghal@1.0::Idiag/default' for ctl.interface_start from pid: 754 (/system/bin/hwservicemanager)
[  468.878006] audit: audit_lost=36939 audit_rate_limit=5 audit_backlog_limit=64
[  468.878012] audit: rate limit exceeded
[  469.481851] init: Control message: Could not find 'vendor.qti.diaghal@1.0::Idiag/default' for ctl.interface_start from pid: 754 (/system/bin/hwservicemanager)
[  469.729538] wcd-usbss-i2c-driver 1-000e: wcd_usbss_is_in_reset_state: Surge check #3 failed
[  470.411591] gen7_err_callback: 1988 callbacks suppressed
[  470.411619] kgsl kgsl-3d0: CP: AHB bus error, CP_RL_ERROR_DETAILS_0:0x10008e07 CP_RL_ERROR_DETAILS_1:0x12144
[  470.415058] kgsl kgsl-3d0: CP: AHB bus error, CP_RL_ERROR_DETAILS_0:0x10008e07 CP_RL_ERROR_DETAILS_1:0x12144
[  470.422607] kgsl kgsl-3d0: CP: AHB bus error, CP_RL_ERROR_DETAILS_0:0x10008e07 CP_RL_ERROR_DETAILS_1:0x12144
[  470.422631] kgsl kgsl-3d0: CP: AHB bus error, CP_RL_ERROR_DETAILS_0:0x10008e07 CP_RL_ERROR_DETAILS_1:0x12144
[  470.426292] kgsl kgsl-3d0: CP: AHB bus error, CP_RL_ERROR_DETAILS_0:0x10008e07 CP_RL_ERROR_DETAILS_1:0x12144
[  470.431291] kgsl kgsl-3d0: CP: AHB bus error, CP_RL_ERROR_DETAILS_0:0x10008e07 CP_RL_ERROR_DETAILS_1:0x12144
[  470.431741] kgsl kgsl-3d0: CP: AHB bus error, CP_RL_ERROR_DETAILS_0:0x10008e07 CP_RL_ERROR_DETAILS_1:0x12144
[  470.431790] kgsl kgsl-3d0: CP: AHB bus error, CP_RL_ERROR_DETAILS_0:0x10008e07 CP_RL_ERROR_DETAILS_1:0x12144
[  470.434975] kgsl kgsl-3d0: CP: AHB bus error, CP_RL_ERROR_DETAILS_0:0x10008e07 CP_RL_ERROR_DETAILS_1:0x12144
[  470.440868] kgsl kgsl-3d0: CP: AHB bus error, CP_RL_ERROR_DETAILS_0:0x10008e07 CP_RL_ERROR_DETAILS_1:0x12144
[  470.485107] init: Control message: Could not find 'vendor.qti.diaghal@1.0::Idiag/default' for ctl.interface_start from pid: 754 (/system/bin/hwservicemanager)
[  470.516154] audit: audit_lost=36962 audit_rate_limit=5 audit_backlog_limit=64
[  470.516160] audit: rate limit exceeded
[  470.624254] type=1400 audit(1785263717.968:38993): avc:  denied  { read } for  comm="top" scontext=u:r:system_app:s0 tcontext=u:r:vendor_hal_usb_qti:s0 tclass=file permissive=1
[  470.624482] type=1400 audit(1785263717.968:38994): avc:  denied  { read } for  comm="top" scontext=u:r:system_app:s0 tcontext=u:r:vendor_perf_qesdk:s0 tclass=file permissive=1
[  470.625188] type=1400 audit(1785263717.968:38995): avc:  denied  { getattr } for  comm="top" path="/proc/1380" dev="proc" ino=570158 scontext=u:r:system_app:s0 tcontext=u:r:vendor_hal_identity_qti:s0 tclass=dir permissive=1
[  470.625365] type=1400 audit(1785263717.968:38996): avc:  denied  { search } for  comm="top" name="1380" dev="proc" ino=570158 scontext=u:r:system_app:s0 tcontext=u:r:vendor_hal_identity_qti:s0 tclass=dir permissive=1
[  470.625655] type=1400 audit(1785263717.968:38997): avc:  denied  { open } for  comm="top" path="/proc/1447/stat" dev="proc" ino=570243 scontext=u:r:system_app:s0 tcontext=u:r:vendor_hal_usb_qti:s0 tclass=file permissive=1
[  471.488677] init: Control message: Could not find 'vendor.qti.diaghal@1.0::Idiag/default' for ctl.interface_start from pid: 754 (/system/bin/hwservicemanager)
[  471.622172] audit: audit_lost=36965 audit_rate_limit=5 audit_backlog_limit=64
[  471.622178] audit: rate limit exceeded
[  471.879069] type=1400 audit(1785263719.220:39003): avc:  denied  { read } for  comm="top" scontext=u:r:system_app:s0 tcontext=u:r:vendor_qwesd:s0 tclass=file permissive=1
[  471.880107] type=1400 audit(1785263719.224:39004): avc:  denied  { getattr } for  comm="top" path="/proc/1386" dev="proc" ino=570159 scontext=u:r:system_app:s0 tcontext=u:r:hal_ir_default:s0 tclass=dir permissive=1
[  471.880203] type=1400 audit(1785263719.224:39005): avc:  denied  { search } for  comm="top" name="1386" dev="proc" ino=570159 scontext=u:r:system_app:s0 tcontext=u:r:hal_ir_default:s0 tclass=dir permissive=1
[  471.881795] type=1400 audit(1785263719.224:39006): avc:  denied  { getattr } for  comm="top" path="/proc/1548" dev="proc" ino=570179 scontext=u:r:system_app:s0 tcontext=u:r:vendor_hal_qspmhal_default:s0 tclass=dir permissive=1
[  471.882844] type=1400 audit(1785263719.224:39007): avc:  denied  { search } for  comm="top" name="1548" dev="proc" ino=570179 scontext=u:r:system_app:s0 tcontext=u:r:vendor_hal_qspmhal_default:s0 tclass=dir permissive=1
[  472.489624] init: Control message: Could not find 'vendor.qti.diaghal@1.0::Idiag/default' for ctl.interface_start from pid: 754 (/system/bin/hwservicemanager)
[  472.817599] audit: audit_lost=36970 audit_rate_limit=5 audit_backlog_limit=64
[  472.817610] audit: rate limit exceeded
[  473.490212] init: Control message: Could not find 'vendor.qti.diaghal@1.0::Idiag/default' for ctl.interface_start from pid: 754 (/system/bin/hwservicemanager)
[  474.536012] servicemanager: Found vendor.qti.hardware.perf2.IPerf/default in device VINTF manifest.
[  474.541979] init: Control message: Could not find 'vendor.qti.diaghal@1.0::Idiag/default' for ctl.interface_start from pid: 754 (/system/bin/hwservicemanager)
[  474.543617] init: Control message: Could not find 'vendor.qti.diaghal@1.0::Idiag/default' for ctl.interface_start from pid: 754 (/system/bin/hwservicemanager)
[  474.621303] audit: audit_lost=36971 audit_rate_limit=5 audit_backlog_limit=64
[  474.621309] audit: rate limit exceeded
[  475.415718] gen7_err_callback: 2094 callbacks suppressed
[  475.415731] kgsl kgsl-3d0: CP: AHB bus error, CP_RL_ERROR_DETAILS_0:0x10008e07 CP_RL_ERROR_DETAILS_1:0x12144
[  475.415752] kgsl kgsl-3d0: CP: AHB bus error, CP_RL_ERROR_DETAILS_0:0x10008e07 CP_RL_ERROR_DETAILS_1:0x12144
[  475.421295] kgsl kgsl-3d0: CP: AHB bus error, CP_RL_ERROR_DETAILS_0:0x10008e07 CP_RL_ERROR_DETAILS_1:0x12144
[  475.421317] kgsl kgsl-3d0: CP: AHB bus error, CP_RL_ERROR_DETAILS_0:0x10008e07 CP_RL_ERROR_DETAILS_1:0x12144
[  475.425352] kgsl kgsl-3d0: CP: AHB bus error, CP_RL_ERROR_DETAILS_0:0x10008e07 CP_RL_ERROR_DETAILS_1:0x12144
[  475.425376] kgsl kgsl-3d0: CP: AHB bus error, CP_RL_ERROR_DETAILS_0:0x10008e07 CP_RL_ERROR_DETAILS_1:0x12144
[  475.426799] kgsl kgsl-3d0: CP: AHB bus error, CP_RL_ERROR_DETAILS_0:0x10008e07 CP_RL_ERROR_DETAILS_1:0x12144
[  475.426821] kgsl kgsl-3d0: CP: AHB bus error, CP_RL_ERROR_DETAILS_0:0x10008e07 CP_RL_ERROR_DETAILS_1:0x12144
[  475.426848] kgsl kgsl-3d0: CP: AHB bus error, CP_RL_ERROR_DETAILS_0:0x10008e07 CP_RL_ERROR_DETAILS_1:0x12144
[  475.430815] kgsl kgsl-3d0: CP: AHB bus error, CP_RL_ERROR_DETAILS_0:0x10008e07 CP_RL_ERROR_DETAILS_1:0x12144
[  475.549783] init: Control message: Could not find 'vendor.qti.diaghal@1.0::Idiag/default' for ctl.interface_start from pid: 754 (/system/bin/hwservicemanager)
[  475.810585] type=1400 audit(1785263723.152:39235): avc:  denied  { write } for  comm="Thread-119" name="pulse_fifo_in" dev="dm-53" ino=332444 scontext=u:r:untrusted_app:s0:c183,c256,c512,c768 tcontext=u:object_r:app_data_file:s0 tclass=fifo_file permissive=1 app=com.kei.pulse
[  475.813889] type=1400 audit(1785263723.156:39236): avc:  denied  { getattr } for  comm="DefaultDispatch" path="/dev/ttyHS5" dev="tmpfs" ino=1195 scontext=u:r:system_app:s0 tcontext=u:object_r:device:s0 tclass=chr_file permissive=1
[  475.874752] type=1400 audit(1785263723.216:39237): avc:  denied  { getattr } for  comm="top" path="/proc/1354" dev="proc" ino=570157 scontext=u:r:system_app:s0 tcontext=u:r:hal_allocator_default:s0 tclass=dir permissive=1
[  475.875020] type=1400 audit(1785263723.216:39238): avc:  denied  { search } for  comm="top" name="1354" dev="proc" ino=570157 scontext=u:r:system_app:s0 tcontext=u:r:hal_allocator_default:s0 tclass=dir permissive=1
[  475.875785] audit: audit_lost=37186 audit_rate_limit=5 audit_backlog_limit=64
[  475.875789] audit: rate limit exceeded
[  475.875860] type=1400 audit(1785263723.220:39239): avc:  denied  { getattr } for  comm="top" path="/proc/1554" dev="proc" ino=570180 scontext=u:r:system_app:s0 tcontext=u:r:hal_tsnv_default:s0 tclass=dir permissive=1
[  476.550600] init: Control message: Could not find 'vendor.qti.diaghal@1.0::Idiag/default' for ctl.interface_start from pid: 754 (/system/bin/hwservicemanager)
[  477.552023] init: Control message: Could not find 'vendor.qti.diaghal@1.0::Idiag/default' for ctl.interface_start from pid: 754 (/system/bin/hwservicemanager)
[  477.884550] type=1400 audit(1785263725.228:39257): avc:  denied  { read } for  comm="top" scontext=u:r:system_app:s0 tcontext=u:r:vendor_per_proxy:s0 tclass=file permissive=1
[  477.886166] type=1400 audit(1785263725.228:39258): avc:  denied  { open } for  comm="top" path="/proc/1767/stat" dev="proc" ino=570327 scontext=u:r:system_app:s0 tcontext=u:r:vendor_per_proxy:s0 tclass=file permissive=1
[  477.910719] type=1400 audit(1785263725.252:39259): avc:  denied  { search } for  comm="cat" name="battery" dev="sysfs" ino=141568 scontext=u:r:xsud:s0 tcontext=u:object_r:vendor_sysfs_battery_supply:s0 tclass=dir permissive=1
[  478.552928] init: Control message: Could not find 'vendor.qti.diaghal@1.0::Idiag/default' for ctl.interface_start from pid: 754 (/system/bin/hwservicemanager)
[  478.622371] audit: audit_lost=37203 audit_rate_limit=5 audit_backlog_limit=64
[  478.622376] audit: rate limit exceeded
[  478.622955] type=1400 audit(1785263725.964:39260): avc:  denied  { read } for  comm="top" scontext=u:r:system_app:s0 tcontext=u:r:vendor_hal_qesdhal_default:s0 tclass=file permissive=1
[  478.623222] type=1400 audit(1785263725.964:39261): avc:  denied  { read } for  comm="top" scontext=u:r:system_app:s0 tcontext=u:r:vendor_qesdsect:s0 tclass=file permissive=1
[  479.554676] init: Control message: Could not find 'vendor.qti.diaghal@1.0::Idiag/default' for ctl.interface_start from pid: 754 (/system/bin/hwservicemanager)
[  479.789900] [kworke][0x232e1e819][18:35:27.135797] kiwi_v2: [2307:I:PMO] pmo_core_psoc_send_host_wakeup_ind_to_fw: Host wakeup indication sent to fw
[  479.799172] [soft_i][0x232e49f82][18:35:27.145069] kiwi_v2: [0:I:WMA] WLAN triggered wakeup: BPF_ALLOW (39), vdev: 0 (STA)
[  479.799284] [soft_i][0x232e4a823][18:35:27.145184] kiwi_v2: [0:I:WMA] wma_wake_event_packet: Wake event packet:
[  479.870042] audit: audit_lost=37223 audit_rate_limit=5 audit_backlog_limit=64
[  479.870048] audit: rate limit exceeded
[  479.983494] hid_aya_haptic_play: enter
[  479.984366] aya_haptic 0003:4001:0428.0002: aya_haptic_hid_report_work: left 6, right 6
[  479.984819] hid_aya_haptic_play: enter
[  479.985147] aya_haptic 0003:4001:0428.0002: aya_haptic_hid_report_work: left 6, right 6
[  480.003500] hid_aya_haptic_play: enter
[  480.003553] aya_haptic 0003:4001:0428.0002: aya_haptic_hid_report_work: left 1, right 1
[  480.004323] hid_aya_haptic_play: enter
[  480.004370] aya_haptic 0003:4001:0428.0002: aya_haptic_hid_report_work: left 1, right 1
[  480.055008] hid_aya_haptic_play: enter
[  480.055045] aya_haptic 0003:4001:0428.0002: aya_haptic_hid_report_work: left 0, right 0
[  480.413817] [kworke][0x23398b1dc][18:35:27.759714] kiwi_v2: [2307:I:PMO] pmo_core_enable_wow_in_fw: drv wow is enabled
[  480.421773] gen7_err_callback: 2360 callbacks suppressed
[  480.421787] kgsl kgsl-3d0: CP: AHB bus error, CP_RL_ERROR_DETAILS_0:0x10008e07 CP_RL_ERROR_DETAILS_1:0x12144
[  480.421808] kgsl kgsl-3d0: CP: AHB bus error, CP_RL_ERROR_DETAILS_0:0x10008e07 CP_RL_ERROR_DETAILS_1:0x12144
[  480.425277] kgsl kgsl-3d0: CP: AHB bus error, CP_RL_ERROR_DETAILS_0:0x10008e07 CP_RL_ERROR_DETAILS_1:0x12144
[  480.428156] kgsl kgsl-3d0: CP: AHB bus error, CP_RL_ERROR_DETAILS_0:0x10008e07 CP_RL_ERROR_DETAILS_1:0x12144
[  480.428177] kgsl kgsl-3d0: CP: AHB bus error, CP_RL_ERROR_DETAILS_0:0x10008e07 CP_RL_ERROR_DETAILS_1:0x12144
[  480.428202] kgsl kgsl-3d0: CP: AHB bus error, CP_RL_ERROR_DETAILS_0:0x10008e07 CP_RL_ERROR_DETAILS_1:0x12144
[  480.431740] kgsl kgsl-3d0: CP: AHB bus error, CP_RL_ERROR_DETAILS_0:0x10008e07 CP_RL_ERROR_DETAILS_1:0x12144
[  480.432408] kgsl kgsl-3d0: CP: AHB bus error, CP_RL_ERROR_DETAILS_0:0x10008e07 CP_RL_ERROR_DETAILS_1:0x12144
[  480.432425] kgsl kgsl-3d0: CP: AHB bus error, CP_RL_ERROR_DETAILS_0:0x10008e07 CP_RL_ERROR_DETAILS_1:0x12144
[  480.438208] kgsl kgsl-3d0: CP: AHB bus error, CP_RL_ERROR_DETAILS_0:0x10008e07 CP_RL_ERROR_DETAILS_1:0x12144
[  480.556623] init: Control message: Could not find 'vendor.qti.diaghal@1.0::Idiag/default' for ctl.interface_start from pid: 754 (/system/bin/hwservicemanager)
[  480.871533] audit: audit_lost=37295 audit_rate_limit=5 audit_backlog_limit=64
[  480.871540] audit: rate limit exceeded
[  481.000561] type=1400 audit(1785263728.344:39366): avc:  denied  { search } for  comm="sh" name="com.kei.pulse" dev="dm-53" ino=329013 scontext=u:r:xsud:s0 tcontext=u:object_r:app_data_file:s0:c183,c256,c512,c768 tclass=dir permissive=1
[  481.557875] init: Control message: Could not find 'vendor.qti.diaghal@1.0::Idiag/default' for ctl.interface_start from pid: 754 (/system/bin/hwservicemanager)
[  481.600181] type=1400 audit(1785263728.944:39367): avc:  denied  { read } for  comm="Performance-Tim" name="pwm1" dev="sysfs" ino=115174 scontext=u:r:system_app:s0 tcontext=u:object_r:sysfs:s0 tclass=file permissive=1
[  481.600735] type=1400 audit(1785263728.944:39368): avc:  denied  { open } for  comm="Performance-Tim" path="/sys/devices/platform/soc/soc:pwm-fan/hwmon/hwmon0/pwm1" dev="sysfs" ino=115174 scontext=u:r:system_app:s0 tcontext=u:object_r:sysfs:s0 tclass=file permissive=1
[  481.600915] type=1400 audit(1785263728.944:39369): avc:  denied  { getattr } for  comm="Performance-Tim" path="/sys/devices/platform/soc/soc:pwm-fan/hwmon/hwmon0/pwm1" dev="sysfs" ino=115174 scontext=u:r:system_app:s0 tcontext=u:object_r:sysfs:s0 tclass=file permissive=1
[  481.622537] type=1400 audit(1785263728.964:39370): avc:  denied  { read } for  comm="top" scontext=u:r:system_app:s0 tcontext=u:r:vendor_hal_keymint_spu_qti:s0 tclass=file permissive=1
[  482.559191] init: Control message: Could not find 'vendor.qti.diaghal@1.0::Idiag/default' for ctl.interface_start from pid: 754 (/system/bin/hwservicemanager)
[  482.610844] type=1400 audit(1785263729.952:39384): avc:  denied  { read } for  comm="top" scontext=u:r:system_app:s0 tcontext=u:r:vendor_hal_keymint_qti:s0 tclass=file permissive=1
[  482.612515] type=1400 audit(1785263729.956:39385): avc:  denied  { open } for  comm="top" path="/proc/905/stat" dev="proc" ino=570207 scontext=u:r:system_app:s0 tcontext=u:r:vendor_hal_keymint_qti:s0 tclass=file permissive=1
[  483.045337] type=1400 audit(1785263730.388:39386): avc:  denied  { syslog } for  comm="dmesg" capability=34  scontext=u:r:xsud:s0 tcontext=u:r:xsud:s0 tclass=capability2 permissive=1
[  483.560858] init: Control message: Could not find 'vendor.qti.diaghal@1.0::Idiag/default' for ctl.interface_start from pid: 754 (/system/bin/hwservicemanager)
[  483.613425] type=1400 audit(1785263730.956:39387): avc:  denied  { read } for  comm="top" scontext=u:r:system_app:s0 tcontext=u:r:hal_allocator_default:s0 tclass=file permissive=1
[  483.614980] type=1400 audit(1785263730.956:39388): avc:  denied  { read } for  comm="top" scontext=u:r:system_app:s0 tcontext=u:r:vendor_hal_qspmhal_default:s0 tclass=file permissive=1
[  483.616027] audit: audit_lost=37310 audit_rate_limit=5 audit_backlog_limit=64
[  483.616031] audit: rate limit exceeded
[  484.563527] init: Control message: Could not find 'vendor.qti.diaghal@1.0::Idiag/default' for ctl.interface_start from pid: 754 (/system/bin/hwservicemanager)
[  484.834358] wcd-usbss-i2c-driver 1-000e: wcd_usbss_is_in_reset_state: Surge check #3 failed
[  485.424838] gen7_err_callback: 2252 callbacks suppressed
[  485.424856] kgsl kgsl-3d0: CP: AHB bus error, CP_RL_ERROR_DETAILS_0:0x10008e07 CP_RL_ERROR_DETAILS_1:0x12144
[  485.424886] kgsl kgsl-3d0: CP: AHB bus error, CP_RL_ERROR_DETAILS_0:0x10008e07 CP_RL_ERROR_DETAILS_1:0x12144
[  485.431693] kgsl kgsl-3d0: CP: AHB bus error, CP_RL_ERROR_DETAILS_0:0x10008e07 CP_RL_ERROR_DETAILS_1:0x12144
[  485.431733] kgsl kgsl-3d0: CP: AHB bus error, CP_RL_ERROR_DETAILS_0:0x10008e07 CP_RL_ERROR_DETAILS_1:0x12144
[  485.431752] kgsl kgsl-3d0: CP: AHB bus error, CP_RL_ERROR_DETAILS_0:0x10008e07 CP_RL_ERROR_DETAILS_1:0x12144
[  485.435201] kgsl kgsl-3d0: CP: AHB bus error, CP_RL_ERROR_DETAILS_0:0x10008e07 CP_RL_ERROR_DETAILS_1:0x12144
[  485.437770] kgsl kgsl-3d0: CP: AHB bus error, CP_RL_ERROR_DETAILS_0:0x10008e07 CP_RL_ERROR_DETAILS_1:0x12144
[  485.437800] kgsl kgsl-3d0: CP: AHB bus error, CP_RL_ERROR_DETAILS_0:0x10008e07 CP_RL_ERROR_DETAILS_1:0x12144
[  485.441525] kgsl kgsl-3d0: CP: AHB bus error, CP_RL_ERROR_DETAILS_0:0x10008e07 CP_RL_ERROR_DETAILS_1:0x12144
[  485.441555] kgsl kgsl-3d0: CP: AHB bus error, CP_RL_ERROR_DETAILS_0:0x10008e07 CP_RL_ERROR_DETAILS_1:0x12144
[  485.566007] init: Control message: Could not find 'vendor.qti.diaghal@1.0::Idiag/default' for ctl.interface_start from pid: 754 (/system/bin/hwservicemanager)
[  485.611914] audit: audit_lost=37328 audit_rate_limit=5 audit_backlog_limit=64
[  485.611921] audit: rate limit exceeded
[  486.566853] init: Control message: Could not find 'vendor.qti.diaghal@1.0::Idiag/default' for ctl.interface_start from pid: 754 (/system/bin/hwservicemanager)
[  486.613406] type=1400 audit(1785263733.956:39425): avc:  denied  { read } for  comm="top" scontext=u:r:system_app:s0 tcontext=u:r:vendor_qwesd:s0 tclass=file permissive=1
[  486.614964] type=1400 audit(1785263733.956:39426): avc:  denied  { getattr } for  comm="top" path="/proc/1386" dev="proc" ino=570159 scontext=u:r:system_app:s0 tcontext=u:r:hal_ir_default:s0 tclass=dir permissive=1
[  486.615245] type=1400 audit(1785263733.956:39427): avc:  denied  { search } for  comm="top" name="1386" dev="proc" ino=570159 scontext=u:r:system_app:s0 tcontext=u:r:hal_ir_default:s0 tclass=dir permissive=1
[  486.616436] audit: audit_lost=37339 audit_rate_limit=5 audit_backlog_limit=64
[  486.616445] audit: rate limit exceeded
[  487.569089] init: Control message: Could not find 'vendor.qti.diaghal@1.0::Idiag/default' for ctl.interface_start from pid: 754 (/system/bin/hwservicemanager)
[  487.869492] type=1400 audit(1785263735.212:39436): avc:  denied  { read } for  comm="top" scontext=u:r:system_app:s0 tcontext=u:r:vendor_hal_poweroptservice_qti:s0 tclass=file permissive=1
[  487.870603] type=1400 audit(1785263735.212:39437): avc:  denied  { getattr } for  comm="top" path="/proc/905" dev="proc" ino=570152 scontext=u:r:system_app:s0 tcontext=u:r:vendor_hal_keymint_qti:s0 tclass=dir permissive=1
[  487.870807] type=1400 audit(1785263735.212:39438): avc:  denied  { search } for  comm="top" name="905" dev="proc" ino=570152 scontext=u:r:system_app:s0 tcontext=u:r:vendor_hal_keymint_qti:s0 tclass=dir permissive=1
[  487.871974] type=1400 audit(1785263735.216:39439): avc:  denied  { open } for  comm="top" path="/proc/1466/stat" dev="proc" ino=570263 scontext=u:r:system_app:s0 tcontext=u:r:vendor_hal_poweroptservice_qti:s0 tclass=file permissive=1
[  487.874310] audit: audit_lost=37342 audit_rate_limit=5 audit_backlog_limit=64
[  487.874314] audit: rate limit exceeded
[  487.874477] type=1400 audit(1785263735.216:39440): avc:  denied  { read } for  comm="top" name="stat" dev="proc" ino=4026532011 scontext=u:r:system_app:s0 tcontext=u:object_r:proc_stat:s0 tclass=file permissive=1
[  488.573025] init: Control message: Could not find 'vendor.qti.diaghal@1.0::Idiag/default' for ctl.interface_start from pid: 754 (/system/bin/hwservicemanager)
[  489.574611] init: Control message: Could not find 'vendor.qti.diaghal@1.0::Idiag/default' for ctl.interface_start from pid: 754 (/system/bin/hwservicemanager)
[  489.609066] type=1400 audit(1785263736.952:39445): avc:  denied  { read } for  comm="top" scontext=u:r:system_app:s0 tcontext=u:r:hal_fingerprint_default:s0 tclass=file permissive=1
[  489.609289] type=1400 audit(1785263736.952:39446): avc:  denied  { read } for  comm="top" scontext=u:r:system_app:s0 tcontext=u:r:vendor_hal_capabilityconfigstore_qti_default:s0 tclass=file permissive=1
[  489.614058] audit: audit_lost=37346 audit_rate_limit=5 audit_backlog_limit=64
[  489.614063] audit: rate limit exceeded
[  490.430838] gen7_err_callback: 2099 callbacks suppressed
[  490.430854] kgsl kgsl-3d0: CP: AHB bus error, CP_RL_ERROR_DETAILS_0:0x10008e07 CP_RL_ERROR_DETAILS_1:0x12144
[  490.430877] kgsl kgsl-3d0: CP: AHB bus error, CP_RL_ERROR_DETAILS_0:0x10008e07 CP_RL_ERROR_DETAILS_1:0x12144
[  490.430897] kgsl kgsl-3d0: CP: AHB bus error, CP_RL_ERROR_DETAILS_0:0x10008e07 CP_RL_ERROR_DETAILS_1:0x12144
[  490.435104] kgsl kgsl-3d0: CP: AHB bus error, CP_RL_ERROR_DETAILS_0:0x10008e07 CP_RL_ERROR_DETAILS_1:0x12144
[  490.436703] kgsl kgsl-3d0: CP: AHB bus error, CP_RL_ERROR_DETAILS_0:0x10008e07 CP_RL_ERROR_DETAILS_1:0x12144
[  490.436727] kgsl kgsl-3d0: CP: AHB bus error, CP_RL_ERROR_DETAILS_0:0x10008e07 CP_RL_ERROR_DETAILS_1:0x12144
[  490.441781] kgsl kgsl-3d0: CP: AHB bus error, CP_RL_ERROR_DETAILS_0:0x10008e07 CP_RL_ERROR_DETAILS_1:0x12144
[  490.441805] kgsl kgsl-3d0: CP: AHB bus error, CP_RL_ERROR_DETAILS_0:0x10008e07 CP_RL_ERROR_DETAILS_1:0x12144
[  490.449630] kgsl kgsl-3d0: CP: AHB bus error, CP_RL_ERROR_DETAILS_0:0x10008e07 CP_RL_ERROR_DETAILS_1:0x12144
[  490.450101] kgsl kgsl-3d0: CP: AHB bus error, CP_RL_ERROR_DETAILS_0:0x10008e07 CP_RL_ERROR_DETAILS_1:0x12144
[  490.576479] init: Control message: Could not find 'vendor.qti.diaghal@1.0::Idiag/default' for ctl.interface_start from pid: 754 (/system/bin/hwservicemanager)
[  490.877147] audit: audit_lost=37398 audit_rate_limit=5 audit_backlog_limit=64
[  490.877154] audit: rate limit exceeded
[  491.057350] hid_aya_haptic_play: enter
[  491.057812] aya_haptic 0003:4001:0428.0002: aya_haptic_hid_report_work: left 1, right 1
[  491.060053] hid_aya_haptic_play: enter
[  491.060553] aya_haptic 0003:4001:0428.0002: aya_haptic_hid_report_work: left 1, right 1
[  491.075957] hid_aya_haptic_play: enter
[  491.076512] aya_haptic 0003:4001:0428.0002: aya_haptic_hid_report_work: left 1, right 1
[  491.076939] hid_aya_haptic_play: enter
[  491.077792] aya_haptic 0003:4001:0428.0002: aya_haptic_hid_report_work: left 1, right 1
[  491.088934] hid_aya_haptic_play: enter
[  491.090403] aya_haptic 0003:4001:0428.0002: aya_haptic_hid_report_work: left 1, right 1
[  491.091146] hid_aya_haptic_play: enter
[  491.091266] aya_haptic 0003:4001:0428.0002: aya_haptic_hid_report_work: left 1, right 1
[  491.104217] hid_aya_haptic_play: enter
[  491.104604] aya_haptic 0003:4001:0428.0002: aya_haptic_hid_report_work: left 4, right 4
[  491.106808] hid_aya_haptic_play: enter
[  491.107669] aya_haptic 0003:4001:0428.0002: aya_haptic_hid_report_work: left 4, right 4
[  491.123573] hid_aya_haptic_play: enter
[  491.123891] aya_haptic 0003:4001:0428.0002: aya_haptic_hid_report_work: left 1, right 1
[  491.124826] hid_aya_haptic_play: enter
[  491.125162] aya_haptic 0003:4001:0428.0002: aya_haptic_hid_report_work: left 1, right 1
[  491.143378] hid_aya_haptic_play: enter
[  491.143873] aya_haptic 0003:4001:0428.0002: aya_haptic_hid_report_work: left 1, right 1
[  491.144352] hid_aya_haptic_play: enter
[  491.144396] aya_haptic 0003:4001:0428.0002: aya_haptic_hid_report_work: left 1, right 1
[  491.164488] hid_aya_haptic_play: enter
[  491.164613] aya_haptic 0003:4001:0428.0002: aya_haptic_hid_report_work: left 4, right 4
[  491.165348] hid_aya_haptic_play: enter
[  491.165410] aya_haptic 0003:4001:0428.0002: aya_haptic_hid_report_work: left 4, right 4
[  491.184206] hid_aya_haptic_play: enter
[  491.184558] aya_haptic 0003:4001:0428.0002: aya_haptic_hid_report_work: left 1, right 1
[  491.185053] hid_aya_haptic_play: enter
[  491.185302] aya_haptic 0003:4001:0428.0002: aya_haptic_hid_report_work: left 1, right 1
[  491.235470] hid_aya_haptic_play: enter
[  491.235667] aya_haptic 0003:4001:0428.0002: aya_haptic_hid_report_work: left 0, right 0
[  491.577213] init: Control message: Could not find 'vendor.qti.diaghal@1.0::Idiag/default' for ctl.interface_start from pid: 754 (/system/bin/hwservicemanager)
[  492.331038] type=1400 audit(1785263739.672:39525): avc:  denied  { search } for  comm="sh" name="/" dev="fuse" ino=131 scontext=u:r:xsud:s0 tcontext=u:object_r:fuse:s0 tclass=dir permissive=1
[  492.333284] type=1400 audit(1785263739.676:39526): avc:  denied  { search } for  comm="sh" name="com.kei.pulse" dev="dm-53" ino=329013 scontext=u:r:xsud:s0 tcontext=u:object_r:app_data_file:s0:c183,c256,c512,c768 tclass=dir permissive=1
[  492.579484] init: Control message: Could not find 'vendor.qti.diaghal@1.0::Idiag/default' for ctl.interface_start from pid: 754 (/system/bin/hwservicemanager)
[  492.606540] audit: audit_lost=37416 audit_rate_limit=5 audit_backlog_limit=64
[  492.606547] audit: rate limit exceeded
[  492.606708] type=1400 audit(1785263739.948:39527): avc:  denied  { read } for  comm="top" name="pid_max" dev="proc" ino=578011 scontext=u:r:system_app:s0 tcontext=u:object_r:proc_pid_max:s0 tclass=file permissive=1
[  492.606869] type=1400 audit(1785263739.948:39528): avc:  denied  { open } for  comm="top" path="/proc/sys/kernel/pid_max" dev="proc" ino=578011 scontext=u:r:system_app:s0 tcontext=u:object_r:proc_pid_max:s0 tclass=file permissive=1
[  492.607043] type=1400 audit(1785263739.948:39529): avc:  denied  { read } for  comm="top" scontext=u:r:system_app:s0 tcontext=u:r:vendor_hal_keymint_spu_qti:s0 tclass=file permissive=1
[  493.582013] init: Control message: Could not find 'vendor.qti.diaghal@1.0::Idiag/default' for ctl.interface_start from pid: 754 (/system/bin/hwservicemanager)
[  493.591509] type=1400 audit(1785263740.932:39563): avc:  denied  { read } for  comm="Performance-Tim" name="pwm1" dev="sysfs" ino=115174 scontext=u:r:system_app:s0 tcontext=u:object_r:sysfs:s0 tclass=file permissive=1
[  493.591815] type=1400 audit(1785263740.932:39564): avc:  denied  { open } for  comm="Performance-Tim" path="/sys/devices/platform/soc/soc:pwm-fan/hwmon/hwmon0/pwm1" dev="sysfs" ino=115174 scontext=u:r:system_app:s0 tcontext=u:object_r:sysfs:s0 tclass=file permissive=1
[  493.592198] type=1400 audit(1785263740.936:39565): avc:  denied  { getattr } for  comm="Performance-Tim" path="/sys/devices/platform/soc/soc:pwm-fan/hwmon/hwmon0/pwm1" dev="sysfs" ino=115174 scontext=u:r:system_app:s0 tcontext=u:object_r:sysfs:s0 tclass=file permissive=1
[  493.607064] type=1400 audit(1785263740.948:39566): avc:  denied  { read } for  comm="top" scontext=u:r:system_app:s0 tcontext=u:r:vendor_hal_keymint_qti:s0 tclass=file permissive=1
[  493.607517] audit: audit_lost=37451 audit_rate_limit=5 audit_backlog_limit=64
[  493.607520] audit: rate limit exceeded
[  493.607603] type=1400 audit(1785263740.948:39567): avc:  denied  { read } for  comm="top" scontext=u:r:system_app:s0 tcontext=u:r:vendor_hal_qseecom_default:s0 tclass=file permissive=1
[  494.611440] audit: audit_lost=37583 audit_rate_limit=5 audit_backlog_limit=64
[  494.611447] audit: rate limit exceeded
[  494.645933] servicemanager: Found vendor.qti.hardware.perf2.IPerf/default in device VINTF manifest.
[  494.658615] init: Control message: Could not find 'vendor.qti.diaghal@1.0::Idiag/default' for ctl.interface_start from pid: 754 (/system/bin/hwservicemanager)
[  494.663357] init: Control message: Could not find 'vendor.qti.diaghal@1.0::Idiag/default' for ctl.interface_start from pid: 754 (/system/bin/hwservicemanager)
[  495.432605] gen7_err_callback: 2135 callbacks suppressed
[  495.432631] kgsl kgsl-3d0: CP: AHB bus error, CP_RL_ERROR_DETAILS_0:0x10008e07 CP_RL_ERROR_DETAILS_1:0x12144
[  495.433058] kgsl kgsl-3d0: CP: AHB bus error, CP_RL_ERROR_DETAILS_0:0x10008e07 CP_RL_ERROR_DETAILS_1:0x12144
[  495.433085] kgsl kgsl-3d0: CP: AHB bus error, CP_RL_ERROR_DETAILS_0:0x10008e07 CP_RL_ERROR_DETAILS_1:0x12144
[  495.434813] kgsl kgsl-3d0: CP: AHB bus error, CP_RL_ERROR_DETAILS_0:0x10008e07 CP_RL_ERROR_DETAILS_1:0x12144
[  495.441810] kgsl kgsl-3d0: CP: AHB bus error, CP_RL_ERROR_DETAILS_0:0x10008e07 CP_RL_ERROR_DETAILS_1:0x12144
[  495.441843] kgsl kgsl-3d0: CP: AHB bus error, CP_RL_ERROR_DETAILS_0:0x10008e07 CP_RL_ERROR_DETAILS_1:0x12144
[  495.447813] kgsl kgsl-3d0: CP: AHB bus error, CP_RL_ERROR_DETAILS_0:0x10008e07 CP_RL_ERROR_DETAILS_1:0x12144
[  495.450689] kgsl kgsl-3d0: CP: AHB bus error, CP_RL_ERROR_DETAILS_0:0x10008e07 CP_RL_ERROR_DETAILS_1:0x12144
[  495.450729] kgsl kgsl-3d0: CP: AHB bus error, CP_RL_ERROR_DETAILS_0:0x10008e07 CP_RL_ERROR_DETAILS_1:0x12144
[  495.456936] kgsl kgsl-3d0: CP: AHB bus error, CP_RL_ERROR_DETAILS_0:0x10008e07 CP_RL_ERROR_DETAILS_1:0x12144
[  495.626444] audit: audit_lost=37727 audit_rate_limit=5 audit_backlog_limit=64
[  495.626449] audit: rate limit exceeded
[  495.669294] init: Control message: Could not find 'vendor.qti.diaghal@1.0::Idiag/default' for ctl.interface_start from pid: 754 (/system/bin/hwservicemanager)
[  496.667599] init: Control message: Could not find 'vendor.qti.diaghal@1.0::Idiag/default' for ctl.interface_start from pid: 754 (/system/bin/hwservicemanager)
[  496.789198] audit: audit_lost=37769 audit_rate_limit=5 audit_backlog_limit=64
[  496.789204] audit: rate limit exceeded
[  497.668987] init: Control message: Could not find 'vendor.qti.diaghal@1.0::Idiag/default' for ctl.interface_start from pid: 754 (/system/bin/hwservicemanager)
[  497.859712] type=1400 audit(1785263745.200:39921): avc:  denied  { read } for  comm="top" scontext=u:r:system_app:s0 tcontext=u:r:vendor_hal_spu_qti:s0 tclass=file permissive=1
[  497.860924] type=1400 audit(1785263745.204:39922): avc:  denied  { getattr } for  comm="top" path="/proc/907" dev="proc" ino=570153 scontext=u:r:system_app:s0 tcontext=u:r:vendor_hal_qseecom_default:s0 tclass=dir permissive=1
[  497.861050] type=1400 audit(1785263745.204:39923): avc:  denied  { search } for  comm="top" name="907" dev="proc" ino=570153 scontext=u:r:system_app:s0 tcontext=u:r:vendor_hal_qseecom_default:s0 tclass=dir permissive=1
[  497.861691] type=1400 audit(1785263745.204:39924): avc:  denied  { open } for  comm="top" path="/proc/1455/stat" dev="proc" ino=570251 scontext=u:r:system_app:s0 tcontext=u:r:vendor_hal_spu_qti:s0 tclass=file permissive=1
[  498.023523] audit: audit_lost=37787 audit_rate_limit=5 audit_backlog_limit=64
[  498.023529] audit: rate limit exceeded
[  498.024433] type=1400 audit(1785263745.368:39925): avc:  denied  { read } for  comm="cat" name="gpuclk" dev="sysfs" ino=124210 scontext=u:r:xsud:s0 tcontext=u:object_r:vendor_sysfs_kgsl_gpuclk:s0 tclass=file permissive=1
[  498.671738] init: Control message: Could not find 'vendor.qti.diaghal@1.0::Idiag/default' for ctl.interface_start from pid: 754 (/system/bin/hwservicemanager)
[  499.350826] type=1400 audit(1785263746.692:39929): avc:  denied  { search } for  comm="cat" name="battery" dev="sysfs" ino=141568 scontext=u:r:xsud:s0 tcontext=u:object_r:vendor_sysfs_battery_supply:s0 tclass=dir permissive=1
[  499.366295] type=1400 audit(1785263746.708:39930): avc:  denied  { dac_read_search } for  comm="sh" capability=2  scontext=u:r:xsud:s0 tcontext=u:r:xsud:s0 tclass=capability permissive=1
[  499.600064] audit: audit_lost=37790 audit_rate_limit=5 audit_backlog_limit=64
[  499.600070] audit: rate limit exceeded
[  499.600481] type=1400 audit(1785263746.944:39931): avc:  denied  { read } for  comm="top" scontext=u:r:system_app:s0 tcontext=u:r:vendor_hal_qesdhal_default:s0 tclass=file permissive=1
[  499.600701] type=1400 audit(1785263746.944:39932): avc:  denied  { read } for  comm="top" scontext=u:r:system_app:s0 tcontext=u:r:hal_fingerprint_default:s0 tclass=file permissive=1
[  499.600788] type=1400 audit(1785263746.944:39933): avc:  denied  { read } for  comm="top" scontext=u:r:system_app:s0 tcontext=u:r:vendor_hal_capabilityconfigstore_qti_default:s0 tclass=file permissive=1
[  499.673563] init: Control message: Could not find 'vendor.qti.diaghal@1.0::Idiag/default' for ctl.interface_start from pid: 754 (/system/bin/hwservicemanager)
[  499.938706] wcd-usbss-i2c-driver 1-000e: wcd_usbss_is_in_reset_state: Surge check #3 failed
[  500.438454] gen7_err_callback: 1893 callbacks suppressed
[  500.438466] kgsl kgsl-3d0: CP: AHB bus error, CP_RL_ERROR_DETAILS_0:0x10008e07 CP_RL_ERROR_DETAILS_1:0x12144
[  500.443175] kgsl kgsl-3d0: CP: AHB bus error, CP_RL_ERROR_DETAILS_0:0x10008e07 CP_RL_ERROR_DETAILS_1:0x12144
[  500.447791] kgsl kgsl-3d0: CP: AHB bus error, CP_RL_ERROR_DETAILS_0:0x10008e07 CP_RL_ERROR_DETAILS_1:0x12144
[  500.451340] kgsl kgsl-3d0: CP: AHB bus error, CP_RL_ERROR_DETAILS_0:0x10008e07 CP_RL_ERROR_DETAILS_1:0x12144
[  500.455002] kgsl kgsl-3d0: CP: AHB bus error, CP_RL_ERROR_DETAILS_0:0x10008e07 CP_RL_ERROR_DETAILS_1:0x12144
[  500.459611] kgsl kgsl-3d0: CP: AHB bus error, CP_RL_ERROR_DETAILS_0:0x10008e07 CP_RL_ERROR_DETAILS_1:0x12144
[  500.459741] kgsl kgsl-3d0: CP: AHB bus error, CP_RL_ERROR_DETAILS_0:0x10008e07 CP_RL_ERROR_DETAILS_1:0x12144
[  500.463580] kgsl kgsl-3d0: CP: AHB bus error, CP_RL_ERROR_DETAILS_0:0x10008e07 CP_RL_ERROR_DETAILS_1:0x12144
[  500.467303] kgsl kgsl-3d0: CP: AHB bus error, CP_RL_ERROR_DETAILS_0:0x10008e07 CP_RL_ERROR_DETAILS_1:0x12144
[  500.467326] kgsl kgsl-3d0: CP: AHB bus error, CP_RL_ERROR_DETAILS_0:0x10008e07 CP_RL_ERROR_DETAILS_1:0x12144
[  500.603523] audit: audit_lost=37839 audit_rate_limit=5 audit_backlog_limit=64
[  500.603528] audit: rate limit exceeded
[  500.674851] init: Control message: Could not find 'vendor.qti.diaghal@1.0::Idiag/default' for ctl.interface_start from pid: 754 (/system/bin/hwservicemanager)
[  501.676809] init: Control message: Could not find 'vendor.qti.diaghal@1.0::Idiag/default' for ctl.interface_start from pid: 754 (/system/bin/hwservicemanager)
[  502.599248] audit: audit_lost=37857 audit_rate_limit=5 audit_backlog_limit=64
[  502.599255] audit: rate limit exceeded
[  502.679074] init: Control message: Could not find 'vendor.qti.diaghal@1.0::Idiag/default' for ctl.interface_start from pid: 754 (/system/bin/hwservicemanager)
[  503.686567] init: Control message: Could not find 'vendor.qti.diaghal@1.0::Idiag/default' for ctl.interface_start from pid: 754 (/system/bin/hwservicemanager)
[  504.596209] type=1400 audit(1785263751.936:40026): avc:  denied  { read } for  comm="top" scontext=u:r:system_app:s0 tcontext=u:r:vendor_hal_qspa_default:s0 tclass=file permissive=1
[  504.596440] type=1400 audit(1785263751.940:40027): avc:  denied  { read } for  comm="top" scontext=u:r:system_app:s0 tcontext=u:r:vendor_tcmd:s0 tclass=file permissive=1
[  504.598922] type=1400 audit(1785263751.940:40028): avc:  denied  { getattr } for  comm="top" path="/proc/1469" dev="proc" ino=570167 scontext=u:r:system_app:s0 tcontext=u:r:vendor_hal_qesdhal_default:s0 tclass=dir permissive=1
[  504.599241] type=1400 audit(1785263751.940:40029): avc:  denied  { search } for  comm="top" name="1469" dev="proc" ino=570167 scontext=u:r:system_app:s0 tcontext=u:r:vendor_hal_qesdhal_default:s0 tclass=dir permissive=1
[  504.599672] type=1400 audit(1785263751.940:40030): avc:  denied  { open } for  comm="top" path="/proc/1542/stat" dev="proc" ino=570311 scontext=u:r:system_app:s0 tcontext=u:r:vendor_hal_qspa_default:s0 tclass=file permissive=1
[  504.599782] audit: audit_lost=37867 audit_rate_limit=5 audit_backlog_limit=64
[  504.599787] audit: rate limit exceeded
[  504.690878] init: Control message: Could not find 'vendor.qti.diaghal@1.0::Idiag/default' for ctl.interface_start from pid: 754 (/system/bin/hwservicemanager)
[  505.441868] gen7_err_callback: 1972 callbacks suppressed
[  505.441899] kgsl kgsl-3d0: CP: AHB bus error, CP_RL_ERROR_DETAILS_0:0x10008e07 CP_RL_ERROR_DETAILS_1:0x12144
[  505.447974] kgsl kgsl-3d0: CP: AHB bus error, CP_RL_ERROR_DETAILS_0:0x10008e07 CP_RL_ERROR_DETAILS_1:0x12144
[  505.449831] kgsl kgsl-3d0: CP: AHB bus error, CP_RL_ERROR_DETAILS_0:0x10008e07 CP_RL_ERROR_DETAILS_1:0x12144
[  505.449853] kgsl kgsl-3d0: CP: AHB bus error, CP_RL_ERROR_DETAILS_0:0x10008e07 CP_RL_ERROR_DETAILS_1:0x12144
[  505.456587] kgsl kgsl-3d0: CP: AHB bus error, CP_RL_ERROR_DETAILS_0:0x10008e07 CP_RL_ERROR_DETAILS_1:0x12144
[  505.458509] kgsl kgsl-3d0: CP: AHB bus error, CP_RL_ERROR_DETAILS_0:0x10008e07 CP_RL_ERROR_DETAILS_1:0x12144
[  505.458532] kgsl kgsl-3d0: CP: AHB bus error, CP_RL_ERROR_DETAILS_0:0x10008e07 CP_RL_ERROR_DETAILS_1:0x12144
[  505.464510] kgsl kgsl-3d0: CP: AHB bus error, CP_RL_ERROR_DETAILS_0:0x10008e07 CP_RL_ERROR_DETAILS_1:0x12144
[  505.466639] kgsl kgsl-3d0: CP: AHB bus error, CP_RL_ERROR_DETAILS_0:0x10008e07 CP_RL_ERROR_DETAILS_1:0x12144
[  505.466680] kgsl kgsl-3d0: CP: AHB bus error, CP_RL_ERROR_DETAILS_0:0x10008e07 CP_RL_ERROR_DETAILS_1:0x12144
[  505.691137] init: Control message: Could not find 'vendor.qti.diaghal@1.0::Idiag/default' for ctl.interface_start from pid: 754 (/system/bin/hwservicemanager)
[  505.854812] type=1400 audit(1785263753.196:40033): avc:  denied  { read } for  comm="top" scontext=u:r:system_app:s0 tcontext=u:r:vendor_hal_keymint_spu_qti:s0 tclass=file permissive=1
[  505.856603] type=1400 audit(1785263753.200:40034): avc:  denied  { open } for  comm="top" path="/proc/1073/stat" dev="proc" ino=570223 scontext=u:r:system_app:s0 tcontext=u:r:vendor_hal_keymint_spu_qti:s0 tclass=file permissive=1
[  505.857597] type=1400 audit(1785263753.200:40035): avc:  denied  { getattr } for  comm="top" path="/proc/1473" dev="proc" ino=570168 scontext=u:r:system_app:s0 tcontext=u:r:vendor_qesdsect:s0 tclass=dir permissive=1
[  505.857718] audit: audit_lost=37869 audit_rate_limit=5 audit_backlog_limit=64
[  505.857722] audit: rate limit exceeded
[  505.857752] type=1400 audit(1785263753.200:40036): avc:  denied  { search } for  comm="top" name="1473" dev="proc" ino=570168 scontext=u:r:system_app:s0 tcontext=u:r:vendor_qesdsect:s0 tclass=dir permissive=1
[  505.858443] type=1400 audit(1785263753.200:40037): avc:  denied  { getattr } for  comm="top" path="/proc/1483" dev="proc" ino=570170 scontext=u:r:system_app:s0 tcontext=u:r:vendor_hal_capabilityconfigstore_qti_default:s0 tclass=dir permissive=1
[  506.260957] healthd: battery l=74 v=8015 t=35.0 h=2 st=3 c=-691240 fc=4162000 cc=0 chg=a
[  506.292529] BATTERY_CHG: battery_psy_set_online: battery_psy_set_online: set online 1
[  506.694077] init: Control message: Could not find 'vendor.qti.diaghal@1.0::Idiag/default' for ctl.interface_start from pid: 754 (/system/bin/hwservicemanager)
[  507.697170] init: Control message: Could not find 'vendor.qti.diaghal@1.0::Idiag/default' for ctl.interface_start from pid: 754 (/system/bin/hwservicemanager)
[  508.701617] init: Control message: Could not find 'vendor.qti.diaghal@1.0::Idiag/default' for ctl.interface_start from pid: 754 (/system/bin/hwservicemanager)
[  509.224619] hid_aya_haptic_play: enter
[  509.225892] aya_haptic 0003:4001:0428.0002: aya_haptic_hid_report_work: left 6, right 6
[  509.226499] hid_aya_haptic_play: enter
[  509.226731] aya_haptic 0003:4001:0428.0002: aya_haptic_hid_report_work: left 6, right 6
[  509.243620] hid_aya_haptic_play: enter
[  509.244225] hid_aya_haptic_play: enter
[  509.244547] aya_haptic 0003:4001:0428.0002: aya_haptic_hid_report_work: left 1, right 1
[  509.294868] hid_aya_haptic_play: enter
[  509.295018] aya_haptic 0003:4001:0428.0002: aya_haptic_hid_report_work: left 0, right 0
[  509.704852] init: Control message: Could not find 'vendor.qti.diaghal@1.0::Idiag/default' for ctl.interface_start from pid: 754 (/system/bin/hwservicemanager)
[  509.899474] hid_aya_haptic_play: enter
[  509.900223] hid_aya_haptic_play: enter
[  509.900515] aya_haptic 0003:4001:0428.0002: aya_haptic_hid_report_work: left 6, right 6
[  509.917725] hid_aya_haptic_play: enter
[  509.917787] aya_haptic 0003:4001:0428.0002: aya_haptic_hid_report_work: left 1, right 1
[  509.918794] hid_aya_haptic_play: enter
[  509.918844] aya_haptic 0003:4001:0428.0002: aya_haptic_hid_report_work: left 1, right 1
[  509.967434] hid_aya_haptic_play: enter
[  509.967485] aya_haptic 0003:4001:0428.0002: aya_haptic_hid_report_work: left 0, right 0
[  510.447057] gen7_err_callback: 1917 callbacks suppressed
[  510.447082] kgsl kgsl-3d0: CP: AHB bus error, CP_RL_ERROR_DETAILS_0:0x10008e07 CP_RL_ERROR_DETAILS_1:0x12144
[  510.450609] kgsl kgsl-3d0: CP: AHB bus error, CP_RL_ERROR_DETAILS_0:0x10008e07 CP_RL_ERROR_DETAILS_1:0x12144
[  510.450632] kgsl kgsl-3d0: CP: AHB bus error, CP_RL_ERROR_DETAILS_0:0x10008e07 CP_RL_ERROR_DETAILS_1:0x12144
[  510.454495] kgsl kgsl-3d0: CP: AHB bus error, CP_RL_ERROR_DETAILS_0:0x10008e07 CP_RL_ERROR_DETAILS_1:0x12144
[  510.454520] kgsl kgsl-3d0: CP: AHB bus error, CP_RL_ERROR_DETAILS_0:0x10008e07 CP_RL_ERROR_DETAILS_1:0x12144
[  510.456823] kgsl kgsl-3d0: CP: AHB bus error, CP_RL_ERROR_DETAILS_0:0x10008e07 CP_RL_ERROR_DETAILS_1:0x12144
[  510.456847] kgsl kgsl-3d0: CP: AHB bus error, CP_RL_ERROR_DETAILS_0:0x10008e07 CP_RL_ERROR_DETAILS_1:0x12144
[  510.458490] kgsl kgsl-3d0: CP: AHB bus error, CP_RL_ERROR_DETAILS_0:0x10008e07 CP_RL_ERROR_DETAILS_1:0x12144
[  510.458513] kgsl kgsl-3d0: CP: AHB bus error, CP_RL_ERROR_DETAILS_0:0x10008e07 CP_RL_ERROR_DETAILS_1:0x12144
[  510.463744] kgsl kgsl-3d0: CP: AHB bus error, CP_RL_ERROR_DETAILS_0:0x10008e07 CP_RL_ERROR_DETAILS_1:0x12144
[  510.591766] type=1400 audit(1785263757.936:40077): avc:  denied  { read } for  comm="top" scontext=u:r:system_app:s0 tcontext=u:r:vendor_hal_usb_qti:s0 tclass=file permissive=1
[  510.592065] type=1400 audit(1785263757.936:40078): avc:  denied  { read } for  comm="top" scontext=u:r:system_app:s0 tcontext=u:r:vendor_perf_qesdk:s0 tclass=file permissive=1
[  510.601686] type=1400 audit(1785263757.944:40079): avc:  denied  { getattr } for  comm="top" path="/proc/1380" dev="proc" ino=570158 scontext=u:r:system_app:s0 tcontext=u:r:vendor_hal_identity_qti:s0 tclass=dir permissive=1
[  510.602326] type=1400 audit(1785263757.944:40080): avc:  denied  { search } for  comm="top" name="1380" dev="proc" ino=570158 scontext=u:r:system_app:s0 tcontext=u:r:vendor_hal_identity_qti:s0 tclass=dir permissive=1
[  510.602948] type=1400 audit(1785263757.944:40081): avc:  denied  { open } for  comm="top" path="/proc/1447/stat" dev="proc" ino=570243 scontext=u:r:system_app:s0 tcontext=u:r:vendor_hal_usb_qti:s0 tclass=file permissive=1
[  510.603187] type=1400 audit(1785263757.944:40082): avc:  denied  { open } for  comm="top" path="/proc/1879/stat" dev="proc" ino=570351 scontext=u:r:system_app:s0 tcontext=u:r:vendor_perf_qesdk:s0 tclass=file permissive=1
[  510.677353] type=1400 audit(1785263758.020:40083): avc:  denied  { syslog_read } for  comm="dmesg" scontext=u:r:xsud:s0 tcontext=u:r:kernel:s0 tclass=system permissive=1
[  510.706356] init: Control message: Could not find 'vendor.qti.diaghal@1.0::Idiag/default' for ctl.interface_start from pid: 754 (/system/bin/hwservicemanager)
[  511.065559] hid_aya_haptic_play: enter
[  511.066003] aya_haptic 0003:4001:0428.0002: aya_haptic_hid_report_work: left 24, right 24
[  511.066604] hid_aya_haptic_play: enter
[  511.066864] aya_haptic 0003:4001:0428.0002: aya_haptic_hid_report_work: left 24, right 24
[  511.085213] hid_aya_haptic_play: enter
[  511.085589] aya_haptic 0003:4001:0428.0002: aya_haptic_hid_report_work: left 81, right 81
[  511.085934] hid_aya_haptic_play: enter
[  511.086377] aya_haptic 0003:4001:0428.0002: aya_haptic_hid_report_work: left 77, right 77
[  511.103068] hid_aya_haptic_play: enter
[  511.103283] aya_haptic 0003:4001:0428.0002: aya_haptic_hid_report_work: left 56, right 56
[  511.103709] hid_aya_haptic_play: enter
[  511.104417] aya_haptic 0003:4001:0428.0002: aya_haptic_hid_report_work: left 54, right 54
[  511.123082] hid_aya_haptic_play: enter
[  511.123464] aya_haptic 0003:4001:0428.0002: aya_haptic_hid_report_work: left 64, right 64
[  511.123688] hid_aya_haptic_play: enter
[  511.124450] aya_haptic 0003:4001:0428.0002: aya_haptic_hid_report_work: left 61, right 61
[  511.143878] hid_aya_haptic_play: enter
[  511.144273] aya_haptic 0003:4001:0428.0002: aya_haptic_hid_report_work: left 60, right 60
[  511.144672] hid_aya_haptic_play: enter
[  511.145451] aya_haptic 0003:4001:0428.0002: aya_haptic_hid_report_work: left 58, right 58
[  511.163943] hid_aya_haptic_play: enter
[  511.164430] aya_haptic 0003:4001:0428.0002: aya_haptic_hid_report_work: left 40, right 40
[  511.164672] hid_aya_haptic_play: enter
[  511.165574] aya_haptic 0003:4001:0428.0002: aya_haptic_hid_report_work: left 38, right 38
[  511.184096] hid_aya_haptic_play: enter
[  511.184616] aya_haptic 0003:4001:0428.0002: aya_haptic_hid_report_work: left 44, right 44
[  511.184909] hid_aya_haptic_play: enter
[  511.185399] aya_haptic 0003:4001:0428.0002: aya_haptic_hid_report_work: left 42, right 42
[  511.205428] hid_aya_haptic_play: enter
[  511.206098] aya_haptic 0003:4001:0428.0002: aya_haptic_hid_report_work: left 33, right 33
[  511.206429] hid_aya_haptic_play: enter
[  511.207076] aya_haptic 0003:4001:0428.0002: aya_haptic_hid_report_work: left 32, right 32
[  511.226137] hid_aya_haptic_play: enter
[  511.226478] aya_haptic 0003:4001:0428.0002: aya_haptic_hid_report_work: left 25, right 25
[  511.226819] hid_aya_haptic_play: enter
[  511.227421] aya_haptic 0003:4001:0428.0002: aya_haptic_hid_report_work: left 24, right 24
[  511.243721] hid_aya_haptic_play: enter
[  511.244035] aya_haptic 0003:4001:0428.0002: aya_haptic_hid_report_work: left 27, right 27
[  511.244682] hid_aya_haptic_play: enter
[  511.244823] aya_haptic 0003:4001:0428.0002: aya_haptic_hid_report_work: left 25, right 25
[  511.261119] hid_aya_haptic_play: enter
[  511.261458] aya_haptic 0003:4001:0428.0002: aya_haptic_hid_report_work: left 11, right 11
[  511.261736] hid_aya_haptic_play: enter
[  511.262597] aya_haptic 0003:4001:0428.0002: aya_haptic_hid_report_work: left 11, right 11
[  511.283852] hid_aya_haptic_play: enter
[  511.284281] aya_haptic 0003:4001:0428.0002: aya_haptic_hid_report_work: left 17, right 17
[  511.284584] hid_aya_haptic_play: enter
[  511.285433] aya_haptic 0003:4001:0428.0002: aya_haptic_hid_report_work: left 16, right 16
[  511.304351] hid_aya_haptic_play: enter
[  511.304583] aya_haptic 0003:4001:0428.0002: aya_haptic_hid_report_work: left 7, right 7
[  511.304973] hid_aya_haptic_play: enter
[  511.305563] aya_haptic 0003:4001:0428.0002: aya_haptic_hid_report_work: left 7, right 7
[  511.324346] hid_aya_haptic_play: enter
[  511.324410] aya_haptic 0003:4001:0428.0002: aya_haptic_hid_report_work: left 9, right 9
[  511.325181] hid_aya_haptic_play: enter
[  511.325451] aya_haptic 0003:4001:0428.0002: aya_haptic_hid_report_work: left 9, right 9
[  511.344129] hid_aya_haptic_play: enter
[  511.344631] aya_haptic 0003:4001:0428.0002: aya_haptic_hid_report_work: left 7, right 7
[  511.344872] hid_aya_haptic_play: enter
[  511.345398] aya_haptic 0003:4001:0428.0002: aya_haptic_hid_report_work: left 6, right 6
[  511.364234] hid_aya_haptic_play: enter
[  511.364290] aya_haptic 0003:4001:0428.0002: aya_haptic_hid_report_work: left 3, right 3
[  511.365297] hid_aya_haptic_play: enter
[  511.365423] aya_haptic 0003:4001:0428.0002: aya_haptic_hid_report_work: left 3, right 3
[  511.384628] hid_aya_haptic_play: enter
[  511.384680] aya_haptic 0003:4001:0428.0002: aya_haptic_hid_report_work: left 4, right 4
[  511.385427] hid_aya_haptic_play: enter
[  511.386659] aya_haptic 0003:4001:0428.0002: aya_haptic_hid_report_work: left 4, right 4
[  511.404914] hid_aya_haptic_play: enter
[  511.405321] aya_haptic 0003:4001:0428.0002: aya_haptic_hid_report_work: left 3, right 3
[  511.405538] hid_aya_haptic_play: enter
[  511.406618] aya_haptic 0003:4001:0428.0002: aya_haptic_hid_report_work: left 3, right 3
[  511.426917] hid_aya_haptic_play: enter
[  511.426978] aya_haptic 0003:4001:0428.0002: aya_haptic_hid_report_work: left 2, right 2
[  511.428436] hid_aya_haptic_play: enter
[  511.428497] aya_haptic 0003:4001:0428.0002: aya_haptic_hid_report_work: left 2, right 2
[  511.444692] hid_aya_haptic_play: enter
[  511.444738] aya_haptic 0003:4001:0428.0002: aya_haptic_hid_report_work: left 2, right 2
[  511.445735] hid_aya_haptic_play: enter
[  511.445795] aya_haptic 0003:4001:0428.0002: aya_haptic_hid_report_work: left 1, right 1
[  511.464562] hid_aya_haptic_play: enter
[  511.464617] aya_haptic 0003:4001:0428.0002: aya_haptic_hid_report_work: left 1, right 1
[  511.465279] hid_aya_haptic_play: enter
[  511.465408] aya_haptic 0003:4001:0428.0002: aya_haptic_hid_report_work: left 1, right 1
[  511.485352] hid_aya_haptic_play: enter
[  511.485429] aya_haptic 0003:4001:0428.0002: aya_haptic_hid_report_work: left 1, right 1
[  511.486918] hid_aya_haptic_play: enter
[  511.486963] aya_haptic 0003:4001:0428.0002: aya_haptic_hid_report_work: left 1, right 1
[  511.503897] hid_aya_haptic_play: enter
[  511.504520] hid_aya_haptic_play: enter
[  511.504775] aya_haptic 0003:4001:0428.0002: aya_haptic_hid_report_work: left 1, right 1
[  511.523603] hid_aya_haptic_play: enter
[  511.524127] hid_aya_haptic_play: enter
[  511.524303] aya_haptic 0003:4001:0428.0002: aya_haptic_hid_report_work: left 1, right 1
[  511.547009] hid_aya_haptic_play: enter
[  511.549823] hid_aya_haptic_play: enter
[  511.549831] aya_haptic 0003:4001:0428.0002: aya_haptic_hid_report_work: left 1, right 1
[  511.551563] aya_haptic 0003:4001:0428.0002: aya_haptic_hid_report_work: left 1, right 1
[  511.564820] hid_aya_haptic_play: enter
[  511.564886] aya_haptic 0003:4001:0428.0002: aya_haptic_hid_report_work: left 1, right 1
[  511.565880] hid_aya_haptic_play: enter
[  511.566073] aya_haptic 0003:4001:0428.0002: aya_haptic_hid_report_work: left 1, right 1
[  511.583960] hid_aya_haptic_play: enter
[  511.584149] aya_haptic 0003:4001:0428.0002: aya_haptic_hid_report_work: left 1, right 1
[  511.584658] hid_aya_haptic_play: enter
[  511.584831] aya_haptic 0003:4001:0428.0002: aya_haptic_hid_report_work: left 1, right 1
[  511.604035] hid_aya_haptic_play: enter
[  511.604140] aya_haptic 0003:4001:0428.0002: aya_haptic_hid_report_work: left 1, right 1
[  511.604817] hid_aya_haptic_play: enter
[  511.604859] aya_haptic 0003:4001:0428.0002: aya_haptic_hid_report_work: left 1, right 1
[  511.655466] hid_aya_haptic_play: enter
[  511.655549] aya_haptic 0003:4001:0428.0002: aya_haptic_hid_report_work: left 0, right 0
[  511.708582] init: Control message: Could not find 'vendor.qti.diaghal@1.0::Idiag/default' for ctl.interface_start from pid: 754 (/system/bin/hwservicemanager)
[  512.711938] init: Control message: Could not find 'vendor.qti.diaghal@1.0::Idiag/default' for ctl.interface_start from pid: 754 (/system/bin/hwservicemanager)
[  512.875454] audit: audit_lost=37903 audit_rate_limit=5 audit_backlog_limit=64
[  512.875460] audit: rate limit exceeded
[  512.875684] type=1400 audit(1785263760.216:40087): avc:  denied  { read } for  comm="top" scontext=u:r:system_app:s0 tcontext=u:r:vendor_qwesd:s0 tclass=file permissive=1
[  512.876513] type=1400 audit(1785263760.216:40088): avc:  denied  { getattr } for  comm="top" path="/proc/1386" dev="proc" ino=570159 scontext=u:r:system_app:s0 tcontext=u:r:hal_ir_default:s0 tclass=dir permissive=1
[  512.876615] type=1400 audit(1785263760.216:40089): avc:  denied  { search } for  comm="top" name="1386" dev="proc" ino=570159 scontext=u:r:system_app:s0 tcontext=u:r:hal_ir_default:s0 tclass=dir permissive=1
[  513.715316] init: Control message: Could not find 'vendor.qti.diaghal@1.0::Idiag/default' for ctl.interface_start from pid: 754 (/system/bin/hwservicemanager)
[  514.408321] hid_aya_haptic_play: enter
[  514.409173] hid_aya_haptic_play: enter
[  514.409401] aya_haptic 0003:4001:0428.0002: aya_haptic_hid_report_work: left 1, right 1
[  514.424628] hid_aya_haptic_play: enter
[  514.425835] hid_aya_haptic_play: enter
[  514.426613] aya_haptic 0003:4001:0428.0002: aya_haptic_hid_report_work: left 1, right 1
[  514.443794] hid_aya_haptic_play: enter
[  514.444499] hid_aya_haptic_play: enter
[  514.448706] aya_haptic 0003:4001:0428.0002: aya_haptic_hid_report_work: left 1, right 1
[  514.464474] hid_aya_haptic_play: enter
[  514.465221] hid_aya_haptic_play: enter
[  514.465450] aya_haptic 0003:4001:0428.0002: aya_haptic_hid_report_work: left 1, right 1
[  514.484196] hid_aya_haptic_play: enter
[  514.484279] aya_haptic 0003:4001:0428.0002: aya_haptic_hid_report_work: left 1, right 1
[  514.485163] hid_aya_haptic_play: enter
[  514.485587] aya_haptic 0003:4001:0428.0002: aya_haptic_hid_report_work: left 1, right 1
[  514.503868] hid_aya_haptic_play: enter
[  514.504451] aya_haptic 0003:4001:0428.0002: aya_haptic_hid_report_work: left 1, right 1
[  514.506403] hid_aya_haptic_play: enter
[  514.506526] aya_haptic 0003:4001:0428.0002: aya_haptic_hid_report_work: left 1, right 1
[  514.525388] hid_aya_haptic_play: enter
[  514.525471] aya_haptic 0003:4001:0428.0002: aya_haptic_hid_report_work: left 1, right 1
[  514.527642] hid_aya_haptic_play: enter
[  514.527670] aya_haptic 0003:4001:0428.0002: aya_haptic_hid_report_work: left 1, right 1
[  514.544099] hid_aya_haptic_play: enter
[  514.544139] aya_haptic 0003:4001:0428.0002: aya_haptic_hid_report_work: left 1, right 1
[  514.544889] hid_aya_haptic_play: enter
[  514.544928] aya_haptic 0003:4001:0428.0002: aya_haptic_hid_report_work: left 1, right 1
[  514.595629] hid_aya_haptic_play: enter
[  514.595729] aya_haptic 0003:4001:0428.0002: aya_haptic_hid_report_work: left 0, right 0
[  514.774483] servicemanager: Found vendor.qti.hardware.perf2.IPerf/default in device VINTF manifest.
[  514.784034] init: Control message: Could not find 'vendor.qti.diaghal@1.0::Idiag/default' for ctl.interface_start from pid: 754 (/system/bin/hwservicemanager)
[  514.790795] init: Control message: Could not find 'vendor.qti.diaghal@1.0::Idiag/default' for ctl.interface_start from pid: 754 (/system/bin/hwservicemanager)
[  514.844430] audit: audit_lost=37907 audit_rate_limit=5 audit_backlog_limit=64
[  514.844437] audit: rate limit exceeded
[  515.041281] wcd-usbss-i2c-driver 1-000e: wcd_usbss_is_in_reset_state: Surge check #3 failed
[  515.451123] gen7_err_callback: 1883 callbacks suppressed
[  515.451149] kgsl kgsl-3d0: CP: AHB bus error, CP_RL_ERROR_DETAILS_0:0x10008e07 CP_RL_ERROR_DETAILS_1:0x12144
[  515.457868] kgsl kgsl-3d0: CP: AHB bus error, CP_RL_ERROR_DETAILS_0:0x10008e07 CP_RL_ERROR_DETAILS_1:0x12144
[  515.465239] kgsl kgsl-3d0: CP: AHB bus error, CP_RL_ERROR_DETAILS_0:0x10008e07 CP_RL_ERROR_DETAILS_1:0x12144
[  515.465283] kgsl kgsl-3d0: CP: AHB bus error, CP_RL_ERROR_DETAILS_0:0x10008e07 CP_RL_ERROR_DETAILS_1:0x12144
[  515.469199] kgsl kgsl-3d0: CP: AHB bus error, CP_RL_ERROR_DETAILS_0:0x10008e07 CP_RL_ERROR_DETAILS_1:0x12144
[  515.471503] kgsl kgsl-3d0: CP: AHB bus error, CP_RL_ERROR_DETAILS_0:0x10008e07 CP_RL_ERROR_DETAILS_1:0x12144
[  515.471536] kgsl kgsl-3d0: CP: AHB bus error, CP_RL_ERROR_DETAILS_0:0x10008e07 CP_RL_ERROR_DETAILS_1:0x12144
[  515.477860] kgsl kgsl-3d0: CP: AHB bus error, CP_RL_ERROR_DETAILS_0:0x10008e07 CP_RL_ERROR_DETAILS_1:0x12144
[  515.477884] kgsl kgsl-3d0: CP: AHB bus error, CP_RL_ERROR_DETAILS_0:0x10008e07 CP_RL_ERROR_DETAILS_1:0x12144
[  515.477969] kgsl kgsl-3d0: CP: AHB bus error, CP_RL_ERROR_DETAILS_0:0x10008e07 CP_RL_ERROR_DETAILS_1:0x12144
[  515.668592] hid_aya_haptic_play: enter
[  515.669816] hid_aya_haptic_play: enter
[  515.670787] aya_haptic 0003:4001:0428.0002: aya_haptic_hid_report_work: left 1, right 1
[  515.686217] hid_aya_haptic_play: enter
[  515.687770] hid_aya_haptic_play: enter
[  515.688039] aya_haptic 0003:4001:0428.0002: aya_haptic_hid_report_work: left 1, right 1
[  515.704452] hid_aya_haptic_play: enter
[  515.705074] hid_aya_haptic_play: enter
[  515.705385] aya_haptic 0003:4001:0428.0002: aya_haptic_hid_report_work: left 1, right 1
[  515.724136] hid_aya_haptic_play: enter
[  515.724404] aya_haptic 0003:4001:0428.0002: aya_haptic_hid_report_work: left 1, right 1
[  515.724827] hid_aya_haptic_play: enter
[  515.725666] aya_haptic 0003:4001:0428.0002: aya_haptic_hid_report_work: left 1, right 1
[  515.743906] hid_aya_haptic_play: enter
[  515.744614] hid_aya_haptic_play: enter
[  515.744806] aya_haptic 0003:4001:0428.0002: aya_haptic_hid_report_work: left 1, right 1
[  515.764902] hid_aya_haptic_play: enter
[  515.765159] aya_haptic 0003:4001:0428.0002: aya_haptic_hid_report_work: left 1, right 1
[  515.765803] hid_aya_haptic_play: enter
[  515.766584] aya_haptic 0003:4001:0428.0002: aya_haptic_hid_report_work: left 1, right 1
[  515.784600] hid_aya_haptic_play: enter
[  515.785294] hid_aya_haptic_play: enter
[  515.785491] aya_haptic 0003:4001:0428.0002: aya_haptic_hid_report_work: left 1, right 1
[  515.792548] init: Control message: Could not find 'vendor.qti.diaghal@1.0::Idiag/default' for ctl.interface_start from pid: 754 (/system/bin/hwservicemanager)
[  515.835430] hid_aya_haptic_play: enter
[  515.835543] aya_haptic 0003:4001:0428.0002: aya_haptic_hid_report_work: left 0, right 0
[  515.845556] type=1400 audit(1785263763.188:40296): avc:  denied  { read } for  comm="top" scontext=u:r:system_app:s0 tcontext=u:r:vendor_hal_identity_qti:s0 tclass=file permissive=1
[  515.847096] type=1400 audit(1785263763.188:40297): avc:  denied  { read } for  comm="top" scontext=u:r:system_app:s0 tcontext=u:r:hal_ir_default:s0 tclass=file permissive=1
[  515.847601] audit: audit_lost=38102 audit_rate_limit=5 audit_backlog_limit=64
[  515.847605] audit: rate limit exceeded
[  515.851448] type=1400 audit(1785263763.188:40298): avc:  denied  { open } for  comm="top" path="/proc/1380/stat" dev="proc" ino=570231 scontext=u:r:system_app:s0 tcontext=u:r:vendor_hal_identity_qti:s0 tclass=file permissive=1
[  515.852617] type=1400 audit(1785263763.188:40299): avc:  denied  { open } for  comm="top" path="/proc/1386/stat" dev="proc" ino=570235 scontext=u:r:system_app:s0 tcontext=u:r:hal_ir_default:s0 tclass=file permissive=1
[  515.852831] type=1400 audit(1785263763.192:40300): avc:  denied  { getattr } for  comm="top" path="/proc/1447" dev="proc" ino=570161 scontext=u:r:system_app:s0 tcontext=u:r:vendor_hal_usb_qti:s0 tclass=dir permissive=1
[  516.426855] hid_aya_haptic_play: enter
[  516.426985] aya_haptic 0003:4001:0428.0002: aya_haptic_hid_report_work: left 1, right 1
[  516.428255] hid_aya_haptic_play: enter
[  516.428567] aya_haptic 0003:4001:0428.0002: aya_haptic_hid_report_work: left 1, right 1
[  516.445296] hid_aya_haptic_play: enter
[  516.445908] aya_haptic 0003:4001:0428.0002: aya_haptic_hid_report_work: left 1, right 1
[  516.446814] hid_aya_haptic_play: enter
[  516.447052] aya_haptic 0003:4001:0428.0002: aya_haptic_hid_report_work: left 1, right 1
[  516.462664] hid_aya_haptic_play: enter
[  516.462773] aya_haptic 0003:4001:0428.0002: aya_haptic_hid_report_work: left 1, right 1
[  516.463728] hid_aya_haptic_play: enter
[  516.463936] aya_haptic 0003:4001:0428.0002: aya_haptic_hid_report_work: left 1, right 1
[  516.484207] hid_aya_haptic_play: enter
[  516.484767] aya_haptic 0003:4001:0428.0002: aya_haptic_hid_report_work: left 1, right 1
[  516.485069] hid_aya_haptic_play: enter
[  516.485496] aya_haptic 0003:4001:0428.0002: aya_haptic_hid_report_work: left 1, right 1
[  516.505390] hid_aya_haptic_play: enter
[  516.505925] aya_haptic 0003:4001:0428.0002: aya_haptic_hid_report_work: left 1, right 1
[  516.506340] hid_aya_haptic_play: enter
[  516.506488] aya_haptic 0003:4001:0428.0002: aya_haptic_hid_report_work: left 1, right 1
[  516.523837] hid_aya_haptic_play: enter
[  516.523883] aya_haptic 0003:4001:0428.0002: aya_haptic_hid_report_work: left 4, right 4
[  516.524678] hid_aya_haptic_play: enter
[  516.524882] aya_haptic 0003:4001:0428.0002: aya_haptic_hid_report_work: left 4, right 4
[  516.545039] hid_aya_haptic_play: enter
[  516.545147] aya_haptic 0003:4001:0428.0002: aya_haptic_hid_report_work: left 1, right 1
[  516.550018] hid_aya_haptic_play: enter
[  516.550219] aya_haptic 0003:4001:0428.0002: aya_haptic_hid_report_work: left 1, right 1
[  516.599799] hid_aya_haptic_play: enter
[  516.599938] aya_haptic 0003:4001:0428.0002: aya_haptic_hid_report_work: left 0, right 0
[  516.792480] init: Control message: Could not find 'vendor.qti.diaghal@1.0::Idiag/default' for ctl.interface_start from pid: 754 (/system/bin/hwservicemanager)
[  516.850577] type=1400 audit(1785263764.192:40309): avc:  denied  { read } for  comm="top" scontext=u:r:system_app:s0 tcontext=u:r:vendor_hal_usb_qti:s0 tclass=file permissive=1
[  516.851884] type=1400 audit(1785263764.196:40310): avc:  denied  { open } for  comm="top" path="/proc/1447/stat" dev="proc" ino=570243 scontext=u:r:system_app:s0 tcontext=u:r:vendor_hal_usb_qti:s0 tclass=file permissive=1
[  516.988087] hid_aya_haptic_play: enter
[  516.988487] aya_haptic 0003:4001:0428.0002: aya_haptic_hid_report_work: left 1, right 1
[  516.989372] hid_aya_haptic_play: enter
[  516.989619] aya_haptic 0003:4001:0428.0002: aya_haptic_hid_report_work: left 1, right 1
[  517.003622] hid_aya_haptic_play: enter
[  517.003941] aya_haptic 0003:4001:0428.0002: aya_haptic_hid_report_work: left 1, right 1
[  517.004689] hid_aya_haptic_play: enter
[  517.004808] aya_haptic 0003:4001:0428.0002: aya_haptic_hid_report_work: left 1, right 1
[  517.024441] hid_aya_haptic_play: enter
[  517.024770] aya_haptic 0003:4001:0428.0002: aya_haptic_hid_report_work: left 1, right 1
[  517.025151] hid_aya_haptic_play: enter
[  517.025491] aya_haptic 0003:4001:0428.0002: aya_haptic_hid_report_work: left 1, right 1
[  517.043005] hid_aya_haptic_play: enter
[  517.043148] aya_haptic 0003:4001:0428.0002: aya_haptic_hid_report_work: left 1, right 1
[  517.043800] hid_aya_haptic_play: enter
[  517.043908] aya_haptic 0003:4001:0428.0002: aya_haptic_hid_report_work: left 1, right 1
[  517.063279] hid_aya_haptic_play: enter
[  517.063731] aya_haptic 0003:4001:0428.0002: aya_haptic_hid_report_work: left 1, right 1
[  517.064049] hid_aya_haptic_play: enter
[  517.064541] aya_haptic 0003:4001:0428.0002: aya_haptic_hid_report_work: left 1, right 1
[  517.084449] hid_aya_haptic_play: enter
[  517.084799] aya_haptic 0003:4001:0428.0002: aya_haptic_hid_report_work: left 1, right 1
[  517.085063] hid_aya_haptic_play: enter
[  517.085554] aya_haptic 0003:4001:0428.0002: aya_haptic_hid_report_work: left 1, right 1
[  517.105567] hid_aya_haptic_play: enter
[  517.105730] aya_haptic 0003:4001:0428.0002: aya_haptic_hid_report_work: left 1, right 1
[  517.106097] hid_aya_haptic_play: enter
[  517.106540] aya_haptic 0003:4001:0428.0002: aya_haptic_hid_report_work: left 1, right 1
[  517.123985] hid_aya_haptic_play: enter
[  517.124328] aya_haptic 0003:4001:0428.0002: aya_haptic_hid_report_work: left 1, right 1
[  517.124593] hid_aya_haptic_play: enter
[  517.125451] aya_haptic 0003:4001:0428.0002: aya_haptic_hid_report_work: left 1, right 1
[  517.143385] hid_aya_haptic_play: enter
[  517.143491] aya_haptic 0003:4001:0428.0002: aya_haptic_hid_report_work: left 1, right 1
[  517.144594] hid_aya_haptic_play: enter
[  517.144987] aya_haptic 0003:4001:0428.0002: aya_haptic_hid_report_work: left 1, right 1
[  517.164255] hid_aya_haptic_play: enter
[  517.164323] aya_haptic 0003:4001:0428.0002: aya_haptic_hid_report_work: left 1, right 1
[  517.164913] hid_aya_haptic_play: enter
[  517.165438] aya_haptic 0003:4001:0428.0002: aya_haptic_hid_report_work: left 1, right 1
[  517.183783] hid_aya_haptic_play: enter
[  517.184136] aya_haptic 0003:4001:0428.0002: aya_haptic_hid_report_work: left 1, right 1
[  517.184599] hid_aya_haptic_play: enter
[  517.184729] aya_haptic 0003:4001:0428.0002: aya_haptic_hid_report_work: left 1, right 1
[  517.208815] hid_aya_haptic_play: enter
[  517.208868] aya_haptic 0003:4001:0428.0002: aya_haptic_hid_report_work: left 1, right 1
[  517.211185] hid_aya_haptic_play: enter
[  517.211237] aya_haptic 0003:4001:0428.0002: aya_haptic_hid_report_work: left 1, right 1
[  517.225210] hid_aya_haptic_play: enter
[  517.225709] aya_haptic 0003:4001:0428.0002: aya_haptic_hid_report_work: left 1, right 1
[  517.226374] hid_aya_haptic_play: enter
[  517.226625] aya_haptic 0003:4001:0428.0002: aya_haptic_hid_report_work: left 1, right 1
[  517.253355] hid_aya_haptic_play: enter
[  517.253406] aya_haptic 0003:4001:0428.0002: aya_haptic_hid_report_work: left 1, right 1
[  517.254329] hid_aya_haptic_play: enter
[  517.256395] aya_haptic 0003:4001:0428.0002: aya_haptic_hid_report_work: left 1, right 1
[  517.269364] hid_aya_haptic_play: enter
[  517.269568] aya_haptic 0003:4001:0428.0002: aya_haptic_hid_report_work: left 1, right 1
[  517.270239] hid_aya_haptic_play: enter
[  517.270432] aya_haptic 0003:4001:0428.0002: aya_haptic_hid_report_work: left 1, right 1
[  517.309088] hid_aya_haptic_play: enter
[  517.309300] aya_haptic 0003:4001:0428.0002: aya_haptic_hid_report_work: left 1, right 1
[  517.311191] hid_aya_haptic_play: enter
[  517.311338] aya_haptic 0003:4001:0428.0002: aya_haptic_hid_report_work: left 1, right 1
[  517.324414] hid_aya_haptic_play: enter
[  517.324802] aya_haptic 0003:4001:0428.0002: aya_haptic_hid_report_work: left 1, right 1
[  517.325065] hid_aya_haptic_play: enter
[  517.325517] aya_haptic 0003:4001:0428.0002: aya_haptic_hid_report_work: left 1, right 1
[  517.357693] hid_aya_haptic_play: enter
[  517.358415] aya_haptic 0003:4001:0428.0002: aya_haptic_hid_report_work: left 1, right 1
[  517.359035] hid_aya_haptic_play: enter
[  517.359509] aya_haptic 0003:4001:0428.0002: aya_haptic_hid_report_work: left 1, right 1
[  517.374822] hid_aya_haptic_play: enter
[  517.375247] aya_haptic 0003:4001:0428.0002: aya_haptic_hid_report_work: left 1, right 1
[  517.376086] hid_aya_haptic_play: enter
[  517.376490] aya_haptic 0003:4001:0428.0002: aya_haptic_hid_report_work: left 1, right 1
[  517.393515] hid_aya_haptic_play: enter
[  517.393823] aya_haptic 0003:4001:0428.0002: aya_haptic_hid_report_work: left 1, right 1
[  517.394656] hid_aya_haptic_play: enter
[  517.395017] aya_haptic 0003:4001:0428.0002: aya_haptic_hid_report_work: left 1, right 1
[  517.443426] hid_aya_haptic_play: enter
[  517.443567] aya_haptic 0003:4001:0428.0002: aya_haptic_hid_report_work: left 0, right 0
[  517.443855] hid_aya_haptic_play: enter
[  517.444564] hid_aya_haptic_play: enter
[  517.444889] aya_haptic 0003:4001:0428.0002: aya_haptic_hid_report_work: left 1, right 1
[  517.463992] hid_aya_haptic_play: enter
[  517.464506] aya_haptic 0003:4001:0428.0002: aya_haptic_hid_report_work: left 1, right 1
[  517.464907] hid_aya_haptic_play: enter
[  517.465469] aya_haptic 0003:4001:0428.0002: aya_haptic_hid_report_work: left 1, right 1
[  517.483895] hid_aya_haptic_play: enter
[  517.484159] aya_haptic 0003:4001:0428.0002: aya_haptic_hid_report_work: left 1, right 1
[  517.485013] hid_aya_haptic_play: enter
[  517.485468] aya_haptic 0003:4001:0428.0002: aya_haptic_hid_report_work: left 1, right 1
[  517.535450] hid_aya_haptic_play: enter
[  517.535732] aya_haptic 0003:4001:0428.0002: aya_haptic_hid_report_work: left 0, right 0
[  517.587345] type=1400 audit(1785263764.928:40311): avc:  denied  { read } for  comm="top" scontext=u:r:system_app:s0 tcontext=u:r:vendor_perf_qesdk:s0 tclass=file permissive=1
[  517.588108] type=1400 audit(1785263764.928:40312): avc:  denied  { getattr } for  comm="top" path="/proc/1380" dev="proc" ino=570158 scontext=u:r:system_app:s0 tcontext=u:r:vendor_hal_identity_qti:s0 tclass=dir permissive=1
[  517.588476] type=1400 audit(1785263764.932:40313): avc:  denied  { search } for  comm="top" name="1380" dev="proc" ino=570158 scontext=u:r:system_app:s0 tcontext=u:r:vendor_hal_identity_qti:s0 tclass=dir permissive=1
[  517.589606] audit: audit_lost=38110 audit_rate_limit=5 audit_backlog_limit=64
[  517.589611] audit: rate limit exceeded
[  517.624534] hid_aya_haptic_play: enter
[  517.624658] aya_haptic 0003:4001:0428.0002: aya_haptic_hid_report_work: left 1, right 1
[  517.625447] hid_aya_haptic_play: enter
[  517.625606] aya_haptic 0003:4001:0428.0002: aya_haptic_hid_report_work: left 1, right 1
[  517.643441] hid_aya_haptic_play: enter
[  517.643872] aya_haptic 0003:4001:0428.0002: aya_haptic_hid_report_work: left 1, right 1
[  517.644090] hid_aya_haptic_play: enter
[  517.644481] aya_haptic 0003:4001:0428.0002: aya_haptic_hid_report_work: left 1, right 1
[  517.694443] hid_aya_haptic_play: enter
[  517.694573] aya_haptic 0003:4001:0428.0002: aya_haptic_hid_report_work: left 0, right 0
[  517.696787] hid_aya_haptic_play: enter
[  517.697228] aya_haptic 0003:4001:0428.0002: aya_haptic_hid_report_work: left 1, right 1
[  517.697808] hid_aya_haptic_play: enter
[  517.698514] aya_haptic 0003:4001:0428.0002: aya_haptic_hid_report_work: left 1, right 1
[  517.712411] hid_aya_haptic_play: enter
[  517.713107] hid_aya_haptic_play: enter
[  517.713311] aya_haptic 0003:4001:0428.0002: aya_haptic_hid_report_work: left 1, right 1
[  517.763435] hid_aya_haptic_play: enter
[  517.763511] aya_haptic 0003:4001:0428.0002: aya_haptic_hid_report_work: left 0, right 0
[  517.797770] init: Control message: Could not find 'vendor.qti.diaghal@1.0::Idiag/default' for ctl.interface_start from pid: 754 (/system/bin/hwservicemanager)
[  517.869387] hid_aya_haptic_play: enter
[  517.869493] aya_haptic 0003:4001:0428.0002: aya_haptic_hid_report_work: left 1, right 1
[  517.871023] hid_aya_haptic_play: enter
[  517.871076] aya_haptic 0003:4001:0428.0002: aya_haptic_hid_report_work: left 1, right 1
[  517.883891] hid_aya_haptic_play: enter
[  517.884271] aya_haptic 0003:4001:0428.0002: aya_haptic_hid_report_work: left 1, right 1
[  517.884851] hid_aya_haptic_play: enter
[  517.885456] aya_haptic 0003:4001:0428.0002: aya_haptic_hid_report_work: left 1, right 1
[  517.903769] hid_aya_haptic_play: enter
[  517.903848] aya_haptic 0003:4001:0428.0002: aya_haptic_hid_report_work: left 1, right 1
[  517.904670] hid_aya_haptic_play: enter
[  517.905586] aya_haptic 0003:4001:0428.0002: aya_haptic_hid_report_work: left 1, right 1
[  517.923218] hid_aya_haptic_play: enter
[  517.923638] aya_haptic 0003:4001:0428.0002: aya_haptic_hid_report_work: left 1, right 1
[  517.923799] hid_aya_haptic_play: enter
[  517.924514] aya_haptic 0003:4001:0428.0002: aya_haptic_hid_report_work: left 1, right 1
[  517.943501] hid_aya_haptic_play: enter
[  517.943853] aya_haptic 0003:4001:0428.0002: aya_haptic_hid_report_work: left 1, right 1
[  517.944192] hid_aya_haptic_play: enter
[  517.944519] aya_haptic 0003:4001:0428.0002: aya_haptic_hid_report_work: left 1, right 1
[  517.965122] hid_aya_haptic_play: enter
[  517.965613] hid_aya_haptic_play: enter
[  517.965799] aya_haptic 0003:4001:0428.0002: aya_haptic_hid_report_work: left 1, right 1
[  518.004592] hid_aya_haptic_play: enter
[  518.005071] hid_aya_haptic_play: enter
[  518.005302] aya_haptic 0003:4001:0428.0002: aya_haptic_hid_report_work: left 1, right 1
[  518.024080] hid_aya_haptic_play: enter
[  518.024456] aya_haptic 0003:4001:0428.0002: aya_haptic_hid_report_work: left 1, right 1
[  518.024731] hid_aya_haptic_play: enter
[  518.025556] aya_haptic 0003:4001:0428.0002: aya_haptic_hid_report_work: left 1, right 1
[  518.043368] hid_aya_haptic_play: enter
[  518.043939] hid_aya_haptic_play: enter
[  518.044437] aya_haptic 0003:4001:0428.0002: aya_haptic_hid_report_work: left 1, right 1
[  518.094550] hid_aya_haptic_play: enter
[  518.094651] aya_haptic 0003:4001:0428.0002: aya_haptic_hid_report_work: left 0, right 0
[  518.123528] hid_aya_haptic_play: enter
[  518.123893] aya_haptic 0003:4001:0428.0002: aya_haptic_hid_report_work: left 1, right 1
[  518.124150] hid_aya_haptic_play: enter
[  518.124556] aya_haptic 0003:4001:0428.0002: aya_haptic_hid_report_work: left 1, right 1
[  518.143983] hid_aya_haptic_play: enter
[  518.144509] hid_aya_haptic_play: enter
[  518.144702] aya_haptic 0003:4001:0428.0002: aya_haptic_hid_report_work: left 1, right 1
[  518.194699] hid_aya_haptic_play: enter
[  518.194823] aya_haptic 0003:4001:0428.0002: aya_haptic_hid_report_work: left 0, right 0
[  518.592365] audit: audit_lost=38113 audit_rate_limit=5 audit_backlog_limit=64
[  518.592370] audit: rate limit exceeded
[  518.799906] init: Control message: Could not find 'vendor.qti.diaghal@1.0::Idiag/default' for ctl.interface_start from pid: 754 (/system/bin/hwservicemanager)
[  519.269867] hid_aya_haptic_play: enter
[  519.271216] hid_aya_haptic_play: enter
[  519.271487] aya_haptic 0003:4001:0428.0002: aya_haptic_hid_report_work: left 1, right 1
[  519.288871] hid_aya_haptic_play: enter
[  519.289641] hid_aya_haptic_play: enter
[  519.289835] aya_haptic 0003:4001:0428.0002: aya_haptic_hid_report_work: left 1, right 1
[  519.304715] hid_aya_haptic_play: enter
[  519.305492] hid_aya_haptic_play: enter
[  519.306359] aya_haptic 0003:4001:0428.0002: aya_haptic_hid_report_work: left 1, right 1
[  519.323899] hid_aya_haptic_play: enter
[  519.324524] hid_aya_haptic_play: enter
[  519.324839] aya_haptic 0003:4001:0428.0002: aya_haptic_hid_report_work: left 1, right 1
[  519.343813] hid_aya_haptic_play: enter
[  519.344563] hid_aya_haptic_play: enter
[  519.345144] aya_haptic 0003:4001:0428.0002: aya_haptic_hid_report_work: left 1, right 1
[  519.371196] hid_aya_haptic_play: enter
[  519.372201] hid_aya_haptic_play: enter
[  519.372663] aya_haptic 0003:4001:0428.0002: aya_haptic_hid_report_work: left 4, right 4
[  519.387879] hid_aya_haptic_play: enter
[  519.388675] hid_aya_haptic_play: enter
[  519.388873] aya_haptic 0003:4001:0428.0002: aya_haptic_hid_report_work: left 1, right 1
[  519.438929] hid_aya_haptic_play: enter
[  519.439070] aya_haptic 0003:4001:0428.0002: aya_haptic_hid_report_work: left 0, right 0
[  519.598434] audit: audit_lost=38120 audit_rate_limit=5 audit_backlog_limit=64
[  519.598441] audit: rate limit exceeded
[  519.801006] init: Control message: Could not find 'vendor.qti.diaghal@1.0::Idiag/default' for ctl.interface_start from pid: 754 (/system/bin/hwservicemanager)
[  520.453930] gen7_err_callback: 1829 callbacks suppressed
[  520.453948] kgsl kgsl-3d0: CP: AHB bus error, CP_RL_ERROR_DETAILS_0:0x10008e07 CP_RL_ERROR_DETAILS_1:0x12144
[  520.453969] kgsl kgsl-3d0: CP: AHB bus error, CP_RL_ERROR_DETAILS_0:0x10008e07 CP_RL_ERROR_DETAILS_1:0x12144
[  520.456734] kgsl kgsl-3d0: CP: AHB bus error, CP_RL_ERROR_DETAILS_0:0x10008e07 CP_RL_ERROR_DETAILS_1:0x12144
[  520.456755] kgsl kgsl-3d0: CP: AHB bus error, CP_RL_ERROR_DETAILS_0:0x10008e07 CP_RL_ERROR_DETAILS_1:0x12144
[  520.458638] kgsl kgsl-3d0: CP: AHB bus error, CP_RL_ERROR_DETAILS_0:0x10008e07 CP_RL_ERROR_DETAILS_1:0x12144
[  520.464236] kgsl kgsl-3d0: CP: AHB bus error, CP_RL_ERROR_DETAILS_0:0x10008e07 CP_RL_ERROR_DETAILS_1:0x12144
[  520.466396] kgsl kgsl-3d0: CP: AHB bus error, CP_RL_ERROR_DETAILS_0:0x10008e07 CP_RL_ERROR_DETAILS_1:0x12144
[  520.466416] kgsl kgsl-3d0: CP: AHB bus error, CP_RL_ERROR_DETAILS_0:0x10008e07 CP_RL_ERROR_DETAILS_1:0x12144
[  520.470270] kgsl kgsl-3d0: CP: AHB bus error, CP_RL_ERROR_DETAILS_0:0x10008e07 CP_RL_ERROR_DETAILS_1:0x12144
[  520.470304] kgsl kgsl-3d0: CP: AHB bus error, CP_RL_ERROR_DETAILS_0:0x10008e07 CP_RL_ERROR_DETAILS_1:0x12144
[  520.802877] init: Control message: Could not find 'vendor.qti.diaghal@1.0::Idiag/default' for ctl.interface_start from pid: 754 (/system/bin/hwservicemanager)
[  521.582861] type=1400 audit(1785263768.924:40344): avc:  denied  { read } for  comm="top" scontext=u:r:system_app:s0 tcontext=u:r:vendor_per_proxy:s0 tclass=file permissive=1
[  521.584915] type=1400 audit(1785263768.928:40345): avc:  denied  { open } for  comm="top" path="/proc/1767/stat" dev="proc" ino=570327 scontext=u:r:system_app:s0 tcontext=u:r:vendor_per_proxy:s0 tclass=file permissive=1
[  521.804688] init: Control message: Could not find 'vendor.qti.diaghal@1.0::Idiag/default' for ctl.interface_start from pid: 754 (/system/bin/hwservicemanager)
[  522.805631] init: Control message: Could not find 'vendor.qti.diaghal@1.0::Idiag/default' for ctl.interface_start from pid: 754 (/system/bin/hwservicemanager)
[  523.565587] hid_aya_haptic_play: enter
[  523.565659] aya_haptic 0003:4001:0428.0002: aya_haptic_hid_report_work: left 6, right 6
[  523.566671] hid_aya_haptic_play: enter
[  523.566901] aya_haptic 0003:4001:0428.0002: aya_haptic_hid_report_work: left 6, right 6
[  523.583765] hid_aya_haptic_play: enter
[  523.584108] aya_haptic 0003:4001:0428.0002: aya_haptic_hid_report_work: left 1, right 1
[  523.584418] hid_aya_haptic_play: enter
[  523.584568] aya_haptic 0003:4001:0428.0002: aya_haptic_hid_report_work: left 1, right 1
[  523.634779] hid_aya_haptic_play: enter
[  523.634826] aya_haptic 0003:4001:0428.0002: aya_haptic_hid_report_work: left 0, right 0
[  523.807099] init: Control message: Could not find 'vendor.qti.diaghal@1.0::Idiag/default' for ctl.interface_start from pid: 754 (/system/bin/hwservicemanager)
[  524.392491] hid_aya_haptic_play: enter
[  524.393285] hid_aya_haptic_play: enter
[  524.394695] aya_haptic 0003:4001:0428.0002: aya_haptic_hid_report_work: left 6, right 6
[  524.408542] hid_aya_haptic_play: enter
[  524.409237] hid_aya_haptic_play: enter
[  524.409476] aya_haptic 0003:4001:0428.0002: aya_haptic_hid_report_work: left 1, right 1
[  524.459418] hid_aya_haptic_play: enter
[  524.459503] aya_haptic 0003:4001:0428.0002: aya_haptic_hid_report_work: left 0, right 0
[  524.808299] init: Control message: Could not find 'vendor.qti.diaghal@1.0::Idiag/default' for ctl.interface_start from pid: 754 (/system/bin/hwservicemanager)
[  525.456761] gen7_err_callback: 2106 callbacks suppressed
[  525.456780] kgsl kgsl-3d0: CP: AHB bus error, CP_RL_ERROR_DETAILS_0:0x10008e07 CP_RL_ERROR_DETAILS_1:0x12144
[  525.456819] kgsl kgsl-3d0: CP: AHB bus error, CP_RL_ERROR_DETAILS_0:0x10008e07 CP_RL_ERROR_DETAILS_1:0x12144
[  525.460394] kgsl kgsl-3d0: CP: AHB bus error, CP_RL_ERROR_DETAILS_0:0x10008e07 CP_RL_ERROR_DETAILS_1:0x12144
[  525.460421] kgsl kgsl-3d0: CP: AHB bus error, CP_RL_ERROR_DETAILS_0:0x10008e07 CP_RL_ERROR_DETAILS_1:0x12144
[  525.465182] kgsl kgsl-3d0: CP: AHB bus error, CP_RL_ERROR_DETAILS_0:0x10008e07 CP_RL_ERROR_DETAILS_1:0x12144
[  525.465638] kgsl kgsl-3d0: CP: AHB bus error, CP_RL_ERROR_DETAILS_0:0x10008e07 CP_RL_ERROR_DETAILS_1:0x12144
[  525.465672] kgsl kgsl-3d0: CP: AHB bus error, CP_RL_ERROR_DETAILS_0:0x10008e07 CP_RL_ERROR_DETAILS_1:0x12144
[  525.470797] kgsl kgsl-3d0: CP: AHB bus error, CP_RL_ERROR_DETAILS_0:0x10008e07 CP_RL_ERROR_DETAILS_1:0x12144
[  525.473997] kgsl kgsl-3d0: CP: AHB bus error, CP_RL_ERROR_DETAILS_0:0x10008e07 CP_RL_ERROR_DETAILS_1:0x12144
[  525.474020] kgsl kgsl-3d0: CP: AHB bus error, CP_RL_ERROR_DETAILS_0:0x10008e07 CP_RL_ERROR_DETAILS_1:0x12144
[  525.809156] init: Control message: Could not find 'vendor.qti.diaghal@1.0::Idiag/default' for ctl.interface_start from pid: 754 (/system/bin/hwservicemanager)
[  525.884853] hid_aya_haptic_play: enter
[  525.885914] hid_aya_haptic_play: enter
[  525.886596] aya_haptic 0003:4001:0428.0002: aya_haptic_hid_report_work: left 6, right 6
[  525.903795] hid_aya_haptic_play: enter
[  525.904173] aya_haptic 0003:4001:0428.0002: aya_haptic_hid_report_work: left 1, right 1
[  525.904519] hid_aya_haptic_play: enter
[  525.904777] aya_haptic 0003:4001:0428.0002: aya_haptic_hid_report_work: left 1, right 1
[  525.955421] hid_aya_haptic_play: enter
[  525.955540] aya_haptic 0003:4001:0428.0002: aya_haptic_hid_report_work: left 0, right 0
[  526.376879] hid_aya_haptic_play: enter
[  526.376928] aya_haptic 0003:4001:0428.0002: aya_haptic_hid_report_work: left 6, right 6
[  526.377676] hid_aya_haptic_play: enter
[  526.377706] aya_haptic 0003:4001:0428.0002: aya_haptic_hid_report_work: left 6, right 6
[  526.395065] hid_aya_haptic_play: enter
[  526.395153] aya_haptic 0003:4001:0428.0002: aya_haptic_hid_report_work: left 1, right 1
[  526.396195] hid_aya_haptic_play: enter
[  526.396231] aya_haptic 0003:4001:0428.0002: aya_haptic_hid_report_work: left 1, right 1
[  526.447014] hid_aya_haptic_play: enter
[  526.447075] aya_haptic 0003:4001:0428.0002: aya_haptic_hid_report_work: left 0, right 0
[  526.812995] init: Control message: Could not find 'vendor.qti.diaghal@1.0::Idiag/default' for ctl.interface_start from pid: 754 (/system/bin/hwservicemanager)
[  527.814178] init: Control message: Could not find 'vendor.qti.diaghal@1.0::Idiag/default' for ctl.interface_start from pid: 754 (/system/bin/hwservicemanager)
[  528.580990] type=1400 audit(1785263775.924:40346): avc:  denied  { read } for  comm="top" scontext=u:r:system_app:s0 tcontext=u:r:hal_fingerprint_default:s0 tclass=file permissive=1
[  528.581440] type=1400 audit(1785263775.924:40347): avc:  denied  { read } for  comm="top" scontext=u:r:system_app:s0 tcontext=u:r:vendor_hal_capabilityconfigstore_qti_default:s0 tclass=file permissive=1
[  528.583062] type=1400 audit(1785263775.924:40348): avc:  denied  { getattr } for  comm="top" path="/proc/1073" dev="proc" ino=570156 scontext=u:r:system_app:s0 tcontext=u:r:vendor_hal_keymint_spu_qti:s0 tclass=dir permissive=1
[  528.583339] type=1400 audit(1785263775.924:40349): avc:  denied  { search } for  comm="top" name="1073" dev="proc" ino=570156 scontext=u:r:system_app:s0 tcontext=u:r:vendor_hal_keymint_spu_qti:s0 tclass=dir permissive=1
[  528.583915] type=1400 audit(1785263775.924:40350): avc:  denied  { open } for  comm="top" path="/proc/1479/stat" dev="proc" ino=570275 scontext=u:r:system_app:s0 tcontext=u:r:hal_fingerprint_default:s0 tclass=file permissive=1
[  528.584000] type=1400 audit(1785263775.928:40351): avc:  denied  { open } for  comm="top" path="/proc/1483/stat" dev="proc" ino=570279 scontext=u:r:system_app:s0 tcontext=u:r:vendor_hal_capabilityconfigstore_qti_default:s0 tclass=file permissive=1
[  528.817226] init: Control message: Could not find 'vendor.qti.diaghal@1.0::Idiag/default' for ctl.interface_start from pid: 754 (/system/bin/hwservicemanager)
[  529.514788] type=1400 audit(1785263776.856:40352): avc:  denied  { search } for  comm="cat" name="battery" dev="sysfs" ino=141568 scontext=u:r:xsud:s0 tcontext=u:object_r:vendor_sysfs_battery_supply:s0 tclass=dir permissive=1
[  529.817941] init: Control message: Could not find 'vendor.qti.diaghal@1.0::Idiag/default' for ctl.interface_start from pid: 754 (/system/bin/hwservicemanager)
[  529.832911] type=1400 audit(1785263777.176:40353): avc:  denied  { read } for  comm="top" scontext=u:r:system_app:s0 tcontext=u:r:vendor_qesdsect:s0 tclass=file permissive=1
[  529.835224] type=1400 audit(1785263777.176:40354): avc:  denied  { open } for  comm="top" path="/proc/1473/stat" dev="proc" ino=570271 scontext=u:r:system_app:s0 tcontext=u:r:vendor_qesdsect:s0 tclass=file permissive=1
[  529.836199] type=1400 audit(1785263777.180:40355): avc:  denied  { getattr } for  comm="top" path="/proc/1542" dev="proc" ino=570178 scontext=u:r:system_app:s0 tcontext=u:r:vendor_hal_qspa_default:s0 tclass=dir permissive=1
[  530.146256] wcd-usbss-i2c-driver 1-000e: wcd_usbss_is_in_reset_state: Surge check #3 failed
[  530.460563] gen7_err_callback: 2036 callbacks suppressed
[  530.460577] kgsl kgsl-3d0: CP: AHB bus error, CP_RL_ERROR_DETAILS_0:0x10008e07 CP_RL_ERROR_DETAILS_1:0x12144
[  530.460634] kgsl kgsl-3d0: CP: AHB bus error, CP_RL_ERROR_DETAILS_0:0x10008e07 CP_RL_ERROR_DETAILS_1:0x12144
[  530.466711] kgsl kgsl-3d0: CP: AHB bus error, CP_RL_ERROR_DETAILS_0:0x10008e07 CP_RL_ERROR_DETAILS_1:0x12144
[  530.467164] kgsl kgsl-3d0: CP: AHB bus error, CP_RL_ERROR_DETAILS_0:0x10008e07 CP_RL_ERROR_DETAILS_1:0x12144
[  530.467211] kgsl kgsl-3d0: CP: AHB bus error, CP_RL_ERROR_DETAILS_0:0x10008e07 CP_RL_ERROR_DETAILS_1:0x12144
[  530.472927] kgsl kgsl-3d0: CP: AHB bus error, CP_RL_ERROR_DETAILS_0:0x10008e07 CP_RL_ERROR_DETAILS_1:0x12144
[  530.472954] kgsl kgsl-3d0: CP: AHB bus error, CP_RL_ERROR_DETAILS_0:0x10008e07 CP_RL_ERROR_DETAILS_1:0x12144
[  530.475197] kgsl kgsl-3d0: CP: AHB bus error, CP_RL_ERROR_DETAILS_0:0x10008e07 CP_RL_ERROR_DETAILS_1:0x12144
[  530.475219] kgsl kgsl-3d0: CP: AHB bus error, CP_RL_ERROR_DETAILS_0:0x10008e07 CP_RL_ERROR_DETAILS_1:0x12144
[  530.481658] kgsl kgsl-3d0: CP: AHB bus error, CP_RL_ERROR_DETAILS_0:0x10008e07 CP_RL_ERROR_DETAILS_1:0x12144
[  530.819877] init: Control message: Could not find 'vendor.qti.diaghal@1.0::Idiag/default' for ctl.interface_start from pid: 754 (/system/bin/hwservicemanager)
[  531.580051] audit: audit_lost=38130 audit_rate_limit=5 audit_backlog_limit=64
[  531.580057] audit: rate limit exceeded
[  531.821431] init: Control message: Could not find 'vendor.qti.diaghal@1.0::Idiag/default' for ctl.interface_start from pid: 754 (/system/bin/hwservicemanager)
[  532.185968] hid_aya_haptic_play: enter
[  532.186279] aya_haptic 0003:4001:0428.0002: aya_haptic_hid_report_work: left 1, right 1
[  532.189876] hid_aya_haptic_play: enter
[  532.190123] aya_haptic 0003:4001:0428.0002: aya_haptic_hid_report_work: left 1, right 1
[  532.225180] hid_aya_haptic_play: enter
[  532.225832] aya_haptic 0003:4001:0428.0002: aya_haptic_hid_report_work: left 1, right 1
[  532.227012] hid_aya_haptic_play: enter
[  532.227453] aya_haptic 0003:4001:0428.0002: aya_haptic_hid_report_work: left 1, right 1
[  532.275419] hid_aya_haptic_play: enter
[  532.275462] aya_haptic 0003:4001:0428.0002: aya_haptic_hid_report_work: left 0, right 0
[  532.822770] init: Control message: Could not find 'vendor.qti.diaghal@1.0::Idiag/default' for ctl.interface_start from pid: 754 (/system/bin/hwservicemanager)
[  533.825491] init: Control message: Could not find 'vendor.qti.diaghal@1.0::Idiag/default' for ctl.interface_start from pid: 754 (/system/bin/hwservicemanager)
[  534.834014] audit: audit_lost=38134 audit_rate_limit=5 audit_backlog_limit=64
[  534.834019] audit: rate limit exceeded
[  534.834400] type=1400 audit(1785263782.176:40368): avc:  denied  { read } for  comm="top" scontext=u:r:system_app:s0 tcontext=u:r:servicemanager:s0 tclass=file permissive=1
[  534.834623] type=1400 audit(1785263782.176:40369): avc:  denied  { read } for  comm="top" scontext=u:r:system_app:s0 tcontext=u:r:hwservicemanager:s0 tclass=file permissive=1
[  534.834706] type=1400 audit(1785263782.176:40370): avc:  denied  { read } for  comm="top" scontext=u:r:system_app:s0 tcontext=u:r:vndservicemanager:s0 tclass=file permissive=1
[  534.834808] type=1400 audit(1785263782.176:40371): avc:  denied  { read } for  comm="top" scontext=u:r:system_app:s0 tcontext=u:r:vendor_hal_keymint_qti:s0 tclass=file permissive=1
[  534.834898] type=1400 audit(1785263782.176:40372): avc:  denied  { read } for  comm="top" scontext=u:r:system_app:s0 tcontext=u:r:vendor_hal_qseecom_default:s0 tclass=file permissive=1
[  534.906898] servicemanager: Found vendor.qti.hardware.perf2.IPerf/default in device VINTF manifest.
[  534.918819] init: Control message: Could not find 'vendor.qti.diaghal@1.0::Idiag/default' for ctl.interface_start from pid: 754 (/system/bin/hwservicemanager)
[  534.919308] init: Control message: Could not find 'vendor.qti.diaghal@1.0::Idiag/default' for ctl.interface_start from pid: 754 (/system/bin/hwservicemanager)
[  535.463969] gen7_err_callback: 1858 callbacks suppressed
[  535.463989] kgsl kgsl-3d0: CP: AHB bus error, CP_RL_ERROR_DETAILS_0:0x10008e07 CP_RL_ERROR_DETAILS_1:0x12144
[  535.467469] kgsl kgsl-3d0: CP: AHB bus error, CP_RL_ERROR_DETAILS_0:0x10008e07 CP_RL_ERROR_DETAILS_1:0x12144
[  535.472552] kgsl kgsl-3d0: CP: AHB bus error, CP_RL_ERROR_DETAILS_0:0x10008e07 CP_RL_ERROR_DETAILS_1:0x12144
[  535.478007] kgsl kgsl-3d0: CP: AHB bus error, CP_RL_ERROR_DETAILS_0:0x10008e07 CP_RL_ERROR_DETAILS_1:0x12144
[  535.478026] kgsl kgsl-3d0: CP: AHB bus error, CP_RL_ERROR_DETAILS_0:0x10008e07 CP_RL_ERROR_DETAILS_1:0x12144
[  535.478087] kgsl kgsl-3d0: CP: AHB bus error, CP_RL_ERROR_DETAILS_0:0x10008e07 CP_RL_ERROR_DETAILS_1:0x12144
[  535.481334] kgsl kgsl-3d0: CP: AHB bus error, CP_RL_ERROR_DETAILS_0:0x10008e07 CP_RL_ERROR_DETAILS_1:0x12144
[  535.484004] kgsl kgsl-3d0: CP: AHB bus error, CP_RL_ERROR_DETAILS_0:0x10008e07 CP_RL_ERROR_DETAILS_1:0x12144
[  535.485028] kgsl kgsl-3d0: CP: AHB bus error, CP_RL_ERROR_DETAILS_0:0x10008e07 CP_RL_ERROR_DETAILS_1:0x12144
[  535.490197] kgsl kgsl-3d0: CP: AHB bus error, CP_RL_ERROR_DETAILS_0:0x10008e07 CP_RL_ERROR_DETAILS_1:0x12144
[  535.844372] type=1400 audit(1785263783.188:40614): avc:  denied  { read } for  comm="top" scontext=u:r:system_app:s0 tcontext=u:r:hal_power_default:s0 tclass=file permissive=1
[  535.844976] type=1400 audit(1785263783.188:40615): avc:  denied  { read } for  comm="top" scontext=u:r:system_app:s0 tcontext=u:r:vendor_hal_spu_qti:s0 tclass=file permissive=1
[  535.844990] audit: audit_lost=38375 audit_rate_limit=5 audit_backlog_limit=64
[  535.844994] audit: rate limit exceeded
[  535.845182] type=1400 audit(1785263783.188:40616): avc:  denied  { read } for  comm="top" scontext=u:r:system_app:s0 tcontext=u:r:vendor_hal_poweroptservice_qti:s0 tclass=file permissive=1
[  535.845353] type=1400 audit(1785263783.188:40617): avc:  denied  { getattr } for  comm="top" path="/proc/905" dev="proc" ino=570152 scontext=u:r:system_app:s0 tcontext=u:r:vendor_hal_keymint_qti:s0 tclass=dir permissive=1
[  535.845505] type=1400 audit(1785263783.188:40618): avc:  denied  { search } for  comm="top" name="905" dev="proc" ino=570152 scontext=u:r:system_app:s0 tcontext=u:r:vendor_hal_keymint_qti:s0 tclass=dir permissive=1
[  535.921131] init: Control message: Could not find 'vendor.qti.diaghal@1.0::Idiag/default' for ctl.interface_start from pid: 754 (/system/bin/hwservicemanager)
[  536.925290] init: Control message: Could not find 'vendor.qti.diaghal@1.0::Idiag/default' for ctl.interface_start from pid: 754 (/system/bin/hwservicemanager)
[  537.512589] hid_aya_haptic_play: enter
[  537.512728] aya_haptic 0003:4001:0428.0002: aya_haptic_hid_report_work: left 6, right 6
[  537.515283] hid_aya_haptic_play: enter
[  537.515564] aya_haptic 0003:4001:0428.0002: aya_haptic_hid_report_work: left 6, right 6
[  537.529029] hid_aya_haptic_play: enter
[  537.529097] aya_haptic 0003:4001:0428.0002: aya_haptic_hid_report_work: left 1, right 1
[  537.531377] hid_aya_haptic_play: enter
[  537.531495] aya_haptic 0003:4001:0428.0002: aya_haptic_hid_report_work: left 1, right 1
[  537.577900] audit: audit_lost=38464 audit_rate_limit=5 audit_backlog_limit=64
[  537.577906] audit: rate limit exceeded
[  537.579453] hid_aya_haptic_play: enter
[  537.579688] aya_haptic 0003:4001:0428.0002: aya_haptic_hid_report_work: left 0, right 0
[  537.924671] init: Control message: Could not find 'vendor.qti.diaghal@1.0::Idiag/default' for ctl.interface_start from pid: 754 (/system/bin/hwservicemanager)
[  538.803955] hid_aya_haptic_play: enter
[  538.804009] aya_haptic 0003:4001:0428.0002: aya_haptic_hid_report_work: left 6, right 6
[  538.805450] hid_aya_haptic_play: enter
[  538.805490] aya_haptic 0003:4001:0428.0002: aya_haptic_hid_report_work: left 6, right 6
[  538.824439] hid_aya_haptic_play: enter
[  538.824483] aya_haptic 0003:4001:0428.0002: aya_haptic_hid_report_work: left 1, right 1
[  538.825071] hid_aya_haptic_play: enter
[  538.825627] aya_haptic 0003:4001:0428.0002: aya_haptic_hid_report_work: left 1, right 1
[  538.826811] audit: audit_lost=38481 audit_rate_limit=5 audit_backlog_limit=64
[  538.826814] audit: rate limit exceeded
[  538.875418] hid_aya_haptic_play: enter
[  538.875534] aya_haptic 0003:4001:0428.0002: aya_haptic_hid_report_work: left 0, right 0
[  538.926599] init: Control message: Could not find 'vendor.qti.diaghal@1.0::Idiag/default' for ctl.interface_start from pid: 754 (/system/bin/hwservicemanager)
[  539.716756] hid_aya_haptic_play: enter
[  539.717354] aya_haptic 0003:4001:0428.0002: aya_haptic_hid_report_work: left 6, right 6
[  539.717404] hid_aya_haptic_play: enter
[  539.717641] aya_haptic 0003:4001:0428.0002: aya_haptic_hid_report_work: left 6, right 6
[  539.732204] hid_aya_haptic_play: enter
[  539.732803] hid_aya_haptic_play: enter
[  539.733221] aya_haptic 0003:4001:0428.0002: aya_haptic_hid_report_work: left 1, right 1
[  539.783482] hid_aya_haptic_play: enter
[  539.783617] aya_haptic 0003:4001:0428.0002: aya_haptic_hid_report_work: left 0, right 0
[  539.928205] init: Control message: Could not find 'vendor.qti.diaghal@1.0::Idiag/default' for ctl.interface_start from pid: 754 (/system/bin/hwservicemanager)
[  540.472678] gen7_err_callback: 2181 callbacks suppressed
[  540.472696] kgsl kgsl-3d0: CP: AHB bus error, CP_RL_ERROR_DETAILS_0:0x10008e07 CP_RL_ERROR_DETAILS_1:0x12144
[  540.472731] kgsl kgsl-3d0: CP: AHB bus error, CP_RL_ERROR_DETAILS_0:0x10008e07 CP_RL_ERROR_DETAILS_1:0x12144
[  540.476363] kgsl kgsl-3d0: CP: AHB bus error, CP_RL_ERROR_DETAILS_0:0x10008e07 CP_RL_ERROR_DETAILS_1:0x12144
[  540.483090] kgsl kgsl-3d0: CP: AHB bus error, CP_RL_ERROR_DETAILS_0:0x10008e07 CP_RL_ERROR_DETAILS_1:0x12144
[  540.483531] kgsl kgsl-3d0: CP: AHB bus error, CP_RL_ERROR_DETAILS_0:0x10008e07 CP_RL_ERROR_DETAILS_1:0x12144
[  540.483561] kgsl kgsl-3d0: CP: AHB bus error, CP_RL_ERROR_DETAILS_0:0x10008e07 CP_RL_ERROR_DETAILS_1:0x12144
[  540.484628] kgsl kgsl-3d0: CP: AHB bus error, CP_RL_ERROR_DETAILS_0:0x10008e07 CP_RL_ERROR_DETAILS_1:0x12144
[  540.489506] kgsl kgsl-3d0: CP: AHB bus error, CP_RL_ERROR_DETAILS_0:0x10008e07 CP_RL_ERROR_DETAILS_1:0x12144
[  540.493112] kgsl kgsl-3d0: CP: AHB bus error, CP_RL_ERROR_DETAILS_0:0x10008e07 CP_RL_ERROR_DETAILS_1:0x12144
[  540.500449] kgsl kgsl-3d0: CP: AHB bus error, CP_RL_ERROR_DETAILS_0:0x10008e07 CP_RL_ERROR_DETAILS_1:0x12144
[  540.571929] type=1400 audit(1785263787.912:40744): avc:  denied  { read } for  comm="top" scontext=u:r:system_app:s0 tcontext=u:r:vendor_hal_qspa_default:s0 tclass=file permissive=1
[  540.572310] type=1400 audit(1785263787.912:40745): avc:  denied  { read } for  comm="top" scontext=u:r:system_app:s0 tcontext=u:r:vendor_tcmd:s0 tclass=file permissive=1
[  540.574137] type=1400 audit(1785263787.916:40746): avc:  denied  { open } for  comm="top" path="/proc/1542/stat" dev="proc" ino=570311 scontext=u:r:system_app:s0 tcontext=u:r:vendor_hal_qspa_default:s0 tclass=file permissive=1
[  540.574515] type=1400 audit(1785263787.916:40747): avc:  denied  { open } for  comm="top" path="/proc/1813/stat" dev="proc" ino=570331 scontext=u:r:system_app:s0 tcontext=u:r:vendor_tcmd:s0 tclass=file permissive=1
[  540.929842] init: Control message: Could not find 'vendor.qti.diaghal@1.0::Idiag/default' for ctl.interface_start from pid: 754 (/system/bin/hwservicemanager)
[  541.025865] hid_aya_haptic_play: enter
[  541.027662] aya_haptic 0003:4001:0428.0002: aya_haptic_hid_report_work: left 6, right 6
[  541.028004] hid_aya_haptic_play: enter
[  541.028815] aya_haptic 0003:4001:0428.0002: aya_haptic_hid_report_work: left 6, right 6
[  541.044812] hid_aya_haptic_play: enter
[  541.045120] aya_haptic 0003:4001:0428.0002: aya_haptic_hid_report_work: left 1, right 1
[  541.045517] hid_aya_haptic_play: enter
[  541.045647] aya_haptic 0003:4001:0428.0002: aya_haptic_hid_report_work: left 1, right 1
[  541.095493] hid_aya_haptic_play: enter
[  541.095687] aya_haptic 0003:4001:0428.0002: aya_haptic_hid_report_work: left 0, right 0
[  541.573166] type=1400 audit(1785263788.916:40748): avc:  denied  { getattr } for  comm="top" path="/proc/1469" dev="proc" ino=570167 scontext=u:r:system_app:s0 tcontext=u:r:vendor_hal_qesdhal_default:s0 tclass=dir permissive=1
[  541.573497] hid_aya_haptic_play: enter
[  541.573706] type=1400 audit(1785263788.916:40749): avc:  denied  { search } for  comm="top" name="1469" dev="proc" ino=570167 scontext=u:r:system_app:s0 tcontext=u:r:vendor_hal_qesdhal_default:s0 tclass=dir permissive=1
[  541.574152] aya_haptic 0003:4001:0428.0002: aya_haptic_hid_report_work: left 6, right 6
[  541.574397] hid_aya_haptic_play: enter
[  541.575599] aya_haptic 0003:4001:0428.0002: aya_haptic_hid_report_work: left 6, right 6
[  541.589698] hid_aya_haptic_play: enter
[  541.590258] aya_haptic 0003:4001:0428.0002: aya_haptic_hid_report_work: left 1, right 1
[  541.590518] hid_aya_haptic_play: enter
[  541.590757] aya_haptic 0003:4001:0428.0002: aya_haptic_hid_report_work: left 1, right 1
[  541.639421] hid_aya_haptic_play: enter
[  541.639450] aya_haptic 0003:4001:0428.0002: aya_haptic_hid_report_work: left 0, right 0
[  541.704458] type=1400 audit(1785263789.048:40750): avc:  denied  { search } for  comm="sh" name="com.kei.pulse" dev="dm-53" ino=329013 scontext=u:r:xsud:s0 tcontext=u:object_r:app_data_file:s0:c183,c256,c512,c768 tclass=dir permissive=1
[  541.827911] type=1400 audit(1785263789.172:40751): avc:  denied  { getattr } for  comm="top" path="/proc/1473" dev="proc" ino=570168 scontext=u:r:system_app:s0 tcontext=u:r:vendor_qesdsect:s0 tclass=dir permissive=1
[  541.827962] audit: audit_lost=38490 audit_rate_limit=5 audit_backlog_limit=64
[  541.827966] audit: rate limit exceeded
[  541.828992] type=1400 audit(1785263789.172:40752): avc:  denied  { search } for  comm="top" name="1473" dev="proc" ino=570168 scontext=u:r:system_app:s0 tcontext=u:r:vendor_qesdsect:s0 tclass=dir permissive=1
[  541.829401] type=1400 audit(1785263789.172:40753): avc:  denied  { getattr } for  comm="top" path="/proc/1483" dev="proc" ino=570170 scontext=u:r:system_app:s0 tcontext=u:r:vendor_hal_capabilityconfigstore_qti_default:s0 tclass=dir permissive=1
[  541.933152] init: Control message: Could not find 'vendor.qti.diaghal@1.0::Idiag/default' for ctl.interface_start from pid: 754 (/system/bin/hwservicemanager)
[  542.357381] hid_aya_haptic_play: enter
[  542.357787] aya_haptic 0003:4001:0428.0002: aya_haptic_hid_report_work: left 6, right 6
[  542.363091] hid_aya_haptic_play: enter
[  542.363743] aya_haptic 0003:4001:0428.0002: aya_haptic_hid_report_work: left 6, right 6
[  542.368163] hid_aya_haptic_play: enter
[  542.368433] aya_haptic 0003:4001:0428.0002: aya_haptic_hid_report_work: left 3, right 3
[  542.386868] hid_aya_haptic_play: enter
[  542.387364] aya_haptic 0003:4001:0428.0002: aya_haptic_hid_report_work: left 1, right 1
[  542.387851] hid_aya_haptic_play: enter
[  542.388131] aya_haptic 0003:4001:0428.0002: aya_haptic_hid_report_work: left 1, right 1
[  542.439554] hid_aya_haptic_play: enter
[  542.442262] aya_haptic 0003:4001:0428.0002: aya_haptic_hid_report_work: left 0, right 0
[  542.934619] init: Control message: Could not find 'vendor.qti.diaghal@1.0::Idiag/default' for ctl.interface_start from pid: 754 (/system/bin/hwservicemanager)
[  543.348904] hid_aya_haptic_play: enter
[  543.349584] aya_haptic 0003:4001:0428.0002: aya_haptic_hid_report_work: left 24, right 24
[  543.350056] hid_aya_haptic_play: enter
[  543.350830] aya_haptic 0003:4001:0428.0002: aya_haptic_hid_report_work: left 24, right 24
[  543.363771] hid_aya_haptic_play: enter
[  543.364315] hid_aya_haptic_play: enter
[  543.364521] aya_haptic 0003:4001:0428.0002: aya_haptic_hid_report_work: left 4, right 4
[  543.384463] hid_aya_haptic_play: enter
[  543.384799] aya_haptic 0003:4001:0428.0002: aya_haptic_hid_report_work: left 67, right 67
[  543.385352] hid_aya_haptic_play: enter
[  543.385737] aya_haptic 0003:4001:0428.0002: aya_haptic_hid_report_work: left 74, right 74
[  543.404244] hid_aya_haptic_play: enter
[  543.405184] hid_aya_haptic_play: enter
[  543.406044] aya_haptic 0003:4001:0428.0002: aya_haptic_hid_report_work: left 54, right 54
[  543.424915] hid_aya_haptic_play: enter
[  543.425570] hid_aya_haptic_play: enter
[  543.425914] aya_haptic 0003:4001:0428.0002: aya_haptic_hid_report_work: left 83, right 83
[  543.445215] hid_aya_haptic_play: enter
[  543.445887] hid_aya_haptic_play: enter
[  543.446069] aya_haptic 0003:4001:0428.0002: aya_haptic_hid_report_work: left 31, right 31
[  543.464243] hid_aya_haptic_play: enter
[  543.464785] aya_haptic 0003:4001:0428.0002: aya_haptic_hid_report_work: left 42, right 42
[  543.465062] hid_aya_haptic_play: enter
[  543.465686] aya_haptic 0003:4001:0428.0002: aya_haptic_hid_report_work: left 47, right 47
[  543.485310] hid_aya_haptic_play: enter
[  543.486561] aya_haptic 0003:4001:0428.0002: aya_haptic_hid_report_work: left 44, right 44
[  543.487723] hid_aya_haptic_play: enter
[  543.488705] aya_haptic 0003:4001:0428.0002: aya_haptic_hid_report_work: left 48, right 48
[  543.504442] hid_aya_haptic_play: enter
[  543.505626] hid_aya_haptic_play: enter
[  543.508799] aya_haptic 0003:4001:0428.0002: aya_haptic_hid_report_work: left 26, right 26
[  543.523463] hid_aya_haptic_play: enter
[  543.523743] aya_haptic 0003:4001:0428.0002: aya_haptic_hid_report_work: left 18, right 18
[  543.524020] hid_aya_haptic_play: enter
[  543.524732] aya_haptic 0003:4001:0428.0002: aya_haptic_hid_report_work: left 19, right 19
[  543.543557] hid_aya_haptic_play: enter
[  543.543907] aya_haptic 0003:4001:0428.0002: aya_haptic_hid_report_work: left 20, right 20
[  543.544144] hid_aya_haptic_play: enter
[  543.544714] aya_haptic 0003:4001:0428.0002: aya_haptic_hid_report_work: left 22, right 22
[  543.563818] hid_aya_haptic_play: enter
[  543.564434] hid_aya_haptic_play: enter
[  543.564617] aya_haptic 0003:4001:0428.0002: aya_haptic_hid_report_work: left 20, right 20
[  543.572192] audit: audit_lost=38498 audit_rate_limit=5 audit_backlog_limit=64
[  543.572196] audit: rate limit exceeded
[  543.585521] hid_aya_haptic_play: enter
[  543.585830] aya_haptic 0003:4001:0428.0002: aya_haptic_hid_report_work: left 18, right 18
[  543.586062] hid_aya_haptic_play: enter
[  543.586684] aya_haptic 0003:4001:0428.0002: aya_haptic_hid_report_work: left 20, right 20
[  543.603704] hid_aya_haptic_play: enter
[  543.604137] aya_haptic 0003:4001:0428.0002: aya_haptic_hid_report_work: left 12, right 12
[  543.604385] hid_aya_haptic_play: enter
[  543.604815] aya_haptic 0003:4001:0428.0002: aya_haptic_hid_report_work: left 14, right 14
[  543.625045] hid_aya_haptic_play: enter
[  543.625366] aya_haptic 0003:4001:0428.0002: aya_haptic_hid_report_work: left 8, right 8
[  543.625547] hid_aya_haptic_play: enter
[  543.625714] aya_haptic 0003:4001:0428.0002: aya_haptic_hid_report_work: left 8, right 8
[  543.643611] hid_aya_haptic_play: enter
[  543.643814] aya_haptic 0003:4001:0428.0002: aya_haptic_hid_report_work: left 5, right 5
[  543.644176] hid_aya_haptic_play: enter
[  543.644726] aya_haptic 0003:4001:0428.0002: aya_haptic_hid_report_work: left 5, right 5
[  543.664995] hid_aya_haptic_play: enter
[  543.665053] aya_haptic 0003:4001:0428.0002: aya_haptic_hid_report_work: left 4, right 4
[  543.665961] hid_aya_haptic_play: enter
[  543.666215] aya_haptic 0003:4001:0428.0002: aya_haptic_hid_report_work: left 4, right 4
[  543.684549] hid_aya_haptic_play: enter
[  543.685073] aya_haptic 0003:4001:0428.0002: aya_haptic_hid_report_work: left 4, right 4
[  543.685590] hid_aya_haptic_play: enter
[  543.686030] aya_haptic 0003:4001:0428.0002: aya_haptic_hid_report_work: left 5, right 5
[  543.706873] hid_aya_haptic_play: enter
[  543.707364] aya_haptic 0003:4001:0428.0002: aya_haptic_hid_report_work: left 2, right 2
[  543.707968] hid_aya_haptic_play: enter
[  543.708272] aya_haptic 0003:4001:0428.0002: aya_haptic_hid_report_work: left 2, right 2
[  543.724327] hid_aya_haptic_play: enter
[  543.724718] aya_haptic 0003:4001:0428.0002: aya_haptic_hid_report_work: left 3, right 3
[  543.725133] hid_aya_haptic_play: enter
[  543.725820] aya_haptic 0003:4001:0428.0002: aya_haptic_hid_report_work: left 3, right 3
[  543.744918] hid_aya_haptic_play: enter
[  543.744974] aya_haptic 0003:4001:0428.0002: aya_haptic_hid_report_work: left 1, right 1
[  543.745853] hid_aya_haptic_play: enter
[  543.745928] aya_haptic 0003:4001:0428.0002: aya_haptic_hid_report_work: left 1, right 1
[  543.764265] hid_aya_haptic_play: enter
[  543.764334] aya_haptic 0003:4001:0428.0002: aya_haptic_hid_report_work: left 1, right 1
[  543.765109] hid_aya_haptic_play: enter
[  543.765164] aya_haptic 0003:4001:0428.0002: aya_haptic_hid_report_work: left 1, right 1
[  543.784251] hid_aya_haptic_play: enter
[  543.784322] aya_haptic 0003:4001:0428.0002: aya_haptic_hid_report_work: left 1, right 1
[  543.785391] hid_aya_haptic_play: enter
[  543.785451] aya_haptic 0003:4001:0428.0002: aya_haptic_hid_report_work: left 1, right 1
[  543.806290] hid_aya_haptic_play: enter
[  543.806642] aya_haptic 0003:4001:0428.0002: aya_haptic_hid_report_work: left 1, right 1
[  543.809107] hid_aya_haptic_play: enter
[  543.809167] aya_haptic 0003:4001:0428.0002: aya_haptic_hid_report_work: left 1, right 1
[  543.825001] hid_aya_haptic_play: enter
[  543.825109] aya_haptic 0003:4001:0428.0002: aya_haptic_hid_report_work: left 1, right 1
[  543.826036] hid_aya_haptic_play: enter
[  543.826116] aya_haptic 0003:4001:0428.0002: aya_haptic_hid_report_work: left 1, right 1
[  543.844393] hid_aya_haptic_play: enter
[  543.844441] aya_haptic 0003:4001:0428.0002: aya_haptic_hid_report_work: left 1, right 1
[  543.845177] hid_aya_haptic_play: enter
[  543.845243] aya_haptic 0003:4001:0428.0002: aya_haptic_hid_report_work: left 1, right 1
[  543.864499] hid_aya_haptic_play: enter
[  543.864612] aya_haptic 0003:4001:0428.0002: aya_haptic_hid_report_work: left 1, right 1
[  543.865587] hid_aya_haptic_play: enter
[  543.865696] aya_haptic 0003:4001:0428.0002: aya_haptic_hid_report_work: left 1, right 1
[  543.884117] hid_aya_haptic_play: enter
[  543.884315] aya_haptic 0003:4001:0428.0002: aya_haptic_hid_report_work: left 1, right 1
[  543.885311] hid_aya_haptic_play: enter
[  543.885397] aya_haptic 0003:4001:0428.0002: aya_haptic_hid_report_work: left 1, right 1
[  543.935458] hid_aya_haptic_play: enter
[  543.935706] aya_haptic 0003:4001:0428.0002: aya_haptic_hid_report_work: left 0, right 0
[  543.936296] init: Control message: Could not find 'vendor.qti.diaghal@1.0::Idiag/default' for ctl.interface_start from pid: 754 (/system/bin/hwservicemanager)
[  544.942861] init: Control message: Could not find 'vendor.qti.diaghal@1.0::Idiag/default' for ctl.interface_start from pid: 754 (/system/bin/hwservicemanager)
[  545.249889] wcd-usbss-i2c-driver 1-000e: wcd_usbss_is_in_reset_state: Surge check #3 failed
[  545.475400] gen7_err_callback: 1761 callbacks suppressed
[  545.475414] kgsl kgsl-3d0: CP: AHB bus error, CP_RL_ERROR_DETAILS_0:0x10008e07 CP_RL_ERROR_DETAILS_1:0x12144
[  545.475472] kgsl kgsl-3d0: CP: AHB bus error, CP_RL_ERROR_DETAILS_0:0x10008e07 CP_RL_ERROR_DETAILS_1:0x12144
[  545.479171] kgsl kgsl-3d0: CP: AHB bus error, CP_RL_ERROR_DETAILS_0:0x10008e07 CP_RL_ERROR_DETAILS_1:0x12144
[  545.482616] kgsl kgsl-3d0: CP: AHB bus error, CP_RL_ERROR_DETAILS_0:0x10008e07 CP_RL_ERROR_DETAILS_1:0x12144
[  545.482640] kgsl kgsl-3d0: CP: AHB bus error, CP_RL_ERROR_DETAILS_0:0x10008e07 CP_RL_ERROR_DETAILS_1:0x12144
[  545.492194] kgsl kgsl-3d0: CP: AHB bus error, CP_RL_ERROR_DETAILS_0:0x10008e07 CP_RL_ERROR_DETAILS_1:0x12144
[  545.496709] kgsl kgsl-3d0: CP: AHB bus error, CP_RL_ERROR_DETAILS_0:0x10008e07 CP_RL_ERROR_DETAILS_1:0x12144
[  545.500463] kgsl kgsl-3d0: CP: AHB bus error, CP_RL_ERROR_DETAILS_0:0x10008e07 CP_RL_ERROR_DETAILS_1:0x12144
[  545.500490] kgsl kgsl-3d0: CP: AHB bus error, CP_RL_ERROR_DETAILS_0:0x10008e07 CP_RL_ERROR_DETAILS_1:0x12144
[  545.508936] kgsl kgsl-3d0: CP: AHB bus error, CP_RL_ERROR_DETAILS_0:0x10008e07 CP_RL_ERROR_DETAILS_1:0x12144
[  545.569674] audit: audit_lost=38499 audit_rate_limit=5 audit_backlog_limit=64
[  545.569682] audit: rate limit exceeded
[  545.944430] init: Control message: Could not find 'vendor.qti.diaghal@1.0::Idiag/default' for ctl.interface_start from pid: 754 (/system/bin/hwservicemanager)
[  546.569592] type=1400 audit(1785263793.912:40804): avc:  denied  { read } for  comm="top" scontext=u:r:system_app:s0 tcontext=u:r:hal_power_default:s0 tclass=file permissive=1
[  546.571213] type=1400 audit(1785263793.912:40805): avc:  denied  { read } for  comm="top" scontext=u:r:system_app:s0 tcontext=u:r:vendor_hal_usb_qti:s0 tclass=file permissive=1
[  546.571476] audit: audit_lost=38530 audit_rate_limit=5 audit_backlog_limit=64
[  546.571479] audit: rate limit exceeded
[  546.571688] type=1400 audit(1785263793.912:40806): avc:  denied  { read } for  comm="top" scontext=u:r:system_app:s0 tcontext=u:r:vendor_qwesd:s0 tclass=file permissive=1
[  546.571848] type=1400 audit(1785263793.912:40807): avc:  denied  { getattr } for  comm="top" path="/proc/1386" dev="proc" ino=570159 scontext=u:r:system_app:s0 tcontext=u:r:hal_ir_default:s0 tclass=dir permissive=1
[  546.572012] type=1400 audit(1785263793.912:40808): avc:  denied  { search } for  comm="top" name="1386" dev="proc" ino=570159 scontext=u:r:system_app:s0 tcontext=u:r:hal_ir_default:s0 tclass=dir permissive=1
[  546.945425] init: Control message: Could not find 'vendor.qti.diaghal@1.0::Idiag/default' for ctl.interface_start from pid: 754 (/system/bin/hwservicemanager)
[  547.575766] type=1400 audit(1785263794.916:40819): avc:  denied  { read } for  comm="top" scontext=u:r:system_app:s0 tcontext=u:r:vendor_hal_poweroptservice_qti:s0 tclass=file permissive=1
[  547.575924] type=1400 audit(1785263794.916:40820): avc:  denied  { read } for  comm="top" scontext=u:r:system_app:s0 tcontext=u:r:hal_fingerprint_default:s0 tclass=file permissive=1
[  547.576106] type=1400 audit(1785263794.916:40821): avc:  denied  { read } for  comm="top" scontext=u:r:system_app:s0 tcontext=u:r:vendor_hal_capabilityconfigstore_qti_default:s0 tclass=file permissive=1
[  547.576217] type=1400 audit(1785263794.920:40822): avc:  denied  { read } for  comm="top" scontext=u:r:system_app:s0 tcontext=u:r:vendor_per_proxy:s0 tclass=file permissive=1
[  547.576483] audit: audit_lost=38540 audit_rate_limit=5 audit_backlog_limit=64
[  547.576485] audit: rate limit exceeded
[  547.576556] type=1400 audit(1785263794.920:40823): avc:  denied  { getattr } for  comm="top" path="/proc/905" dev="proc" ino=570152 scontext=u:r:system_app:s0 tcontext=u:r:vendor_hal_keymint_qti:s0 tclass=dir permissive=1
[  547.778039] servicemanager: Found vendor.qti.qspmhal.IQspmhal/default in device VINTF manifest.
[  547.838215] servicemanager: Found android.hardware.graphics.allocator.IAllocator/default in device VINTF manifest.
[  547.840131] servicemanager: Found android.hardware.graphics.allocator.IAllocator/default in device VINTF manifest.
[  547.946254] init: Control message: Could not find 'vendor.qti.diaghal@1.0::Idiag/default' for ctl.interface_start from pid: 754 (/system/bin/hwservicemanager)
[  548.821782] audit: audit_lost=39700 audit_rate_limit=5 audit_backlog_limit=64
[  548.821787] audit: rate limit exceeded
[  548.946997] init: Control message: Could not find 'vendor.qti.diaghal@1.0::Idiag/default' for ctl.interface_start from pid: 754 (/system/bin/hwservicemanager)
[  549.389888] adsp_sleepmon: Audio: num_sessions=0,num_lpi_sessions=0,timer_pending=1
[  549.949372] init: Control message: Could not find 'vendor.qti.diaghal@1.0::Idiag/default' for ctl.interface_start from pid: 754 (/system/bin/hwservicemanager)
[  550.533770] audit: audit_lost=39753 audit_rate_limit=5 audit_backlog_limit=64
[  550.533774] audit: rate limit exceeded
[  550.550603] servicemanager: Found vendor.qti.qspmhal.IQspmhal/default in device VINTF manifest.
[  550.682877] servicemanager: Found android.hardware.graphics.allocator.IAllocator/default in device VINTF manifest.
[  550.683786] servicemanager: Found android.hardware.graphics.allocator.IAllocator/default in device VINTF manifest.
[  550.949326] init: Control message: Could not find 'vendor.qti.diaghal@1.0::Idiag/default' for ctl.interface_start from pid: 754 (/system/bin/hwservicemanager)
[  551.402105] SELinux: avc:  denied  { find } for pid=31319 uid=0 name=window scontext=u:r:xsud:s0 tcontext=u:object_r:window_service:s0 tclass=service_manager permissive=1
[  551.556145] audit: audit_lost=40829 audit_rate_limit=5 audit_backlog_limit=64
[  551.556149] audit: rate limit exceeded
[  551.893014] type=1400 audit(1785263799.236:43258): avc:  denied  { write } for  comm="xsu" name="xsud" dev="tmpfs" ino=1381 scontext=u:r:untrusted_app:s0:c183,c256,c512,c768 tcontext=u:object_r:xsud_socket:s0 tclass=sock_file permissive=1 app=com.kei.pulse
[  551.937586] type=1400 audit(1785263799.280:43259): avc:  denied  { write } for  comm="Thread-234" name="pulse_fifo_in" dev="dm-53" ino=332444 scontext=u:r:untrusted_app:s0:c183,c256,c512,c768 tcontext=u:object_r:app_data_file:s0 tclass=fifo_file permissive=1 app=com.kei.pulse
[  551.950044] init: Control message: Could not find 'vendor.qti.diaghal@1.0::Idiag/default' for ctl.interface_start from pid: 754 (/system/bin/hwservicemanager)
[  552.408984] type=1400 audit(1785263799.752:43260): avc:  denied  { call } for  comm="cmd" scontext=u:r:xsud:s0 tcontext=u:r:system_server:s0 tclass=binder permissive=1
[  552.409159] type=1400 audit(1785263799.752:43261): avc:  denied  { transfer } for  comm="cmd" scontext=u:r:xsud:s0 tcontext=u:r:system_server:s0 tclass=binder permissive=1
[  552.559556] audit: audit_lost=40959 audit_rate_limit=5 audit_backlog_limit=64
[  552.559561] audit: rate limit exceeded
[  552.561017] type=1400 audit(1785263799.904:43262): avc:  denied  { read } for  comm="top" scontext=u:r:system_app:s0 tcontext=u:r:vendor_hal_qesdhal_default:s0 tclass=file permissive=1
[  552.952215] init: Control message: Could not find 'vendor.qti.diaghal@1.0::Idiag/default' for ctl.interface_start from pid: 754 (/system/bin/hwservicemanager)
[  552.972758] type=1400 audit(1785263800.316:43337): avc:  denied  { search } for  comm="sh" name="com.kei.pulse" dev="dm-53" ino=329013 scontext=u:r:xsud:s0 tcontext=u:object_r:app_data_file:s0:c183,c256,c512,c768 tclass=dir permissive=1
[  552.972974] type=1400 audit(1785263800.316:43338): avc:  denied  { read } for  comm="sh" name="pulse_fifo_in" dev="dm-53" ino=332444 scontext=u:r:xsud:s0 tcontext=u:object_r:app_data_file:s0 tclass=fifo_file permissive=1
[  552.973128] type=1400 audit(1785263800.316:43339): avc:  denied  { open } for  comm="sh" path="/data/user/0/com.kei.pulse/files/pulse_fifo_in" dev="dm-53" ino=332444 scontext=u:r:xsud:s0 tcontext=u:object_r:app_data_file:s0 tclass=fifo_file permissive=1
[  553.223627] type=1400 audit(1785263800.564:43340): avc:  denied  { execute_no_trans } for  comm="sh" path="/system/bin/settings" dev="dm-9" ino=568 scontext=u:r:xsud:s0 tcontext=u:object_r:system_file:s0 tclass=file permissive=1
[  553.557962] type=1400 audit(1785263800.900:43341): avc:  denied  { read } for  comm="top" name="pid_max" dev="proc" ino=578011 scontext=u:r:system_app:s0 tcontext=u:object_r:proc_pid_max:s0 tclass=file permissive=1
[  553.624657] audit: audit_lost=41056 audit_rate_limit=5 audit_backlog_limit=64
[  553.624668] audit: rate limit exceeded
[  553.952853] init: Control message: Could not find 'vendor.qti.diaghal@1.0::Idiag/default' for ctl.interface_start from pid: 754 (/system/bin/hwservicemanager)
[  554.463551] adsp_sleepmon: timer_event = 1,suspend_event = 0
[  554.812140] audit: audit_lost=41100 audit_rate_limit=5 audit_backlog_limit=64
[  554.812146] audit: rate limit exceeded
[  554.965919] servicemanager: Found vendor.qti.hardware.perf2.IPerf/default in device VINTF manifest.
[  554.974566] init: Control message: Could not find 'vendor.qti.diaghal@1.0::Idiag/default' for ctl.interface_start from pid: 754 (/system/bin/hwservicemanager)
[  554.974774] init: Control message: Could not find 'vendor.qti.diaghal@1.0::Idiag/default' for ctl.interface_start from pid: 754 (/system/bin/hwservicemanager)
[  555.817079] audit: audit_lost=41304 audit_rate_limit=5 audit_backlog_limit=64
[  555.817094] audit: rate limit exceeded
[  555.974599] init: Control message: Could not find 'vendor.qti.diaghal@1.0::Idiag/default' for ctl.interface_start from pid: 754 (/system/bin/hwservicemanager)
[  556.975380] init: Control message: Could not find 'vendor.qti.diaghal@1.0::Idiag/default' for ctl.interface_start from pid: 754 (/system/bin/hwservicemanager)
[  557.103604] audit: audit_lost=41338 audit_rate_limit=5 audit_backlog_limit=64
[  557.103611] audit: rate limit exceeded
[  557.563697] type=1400 audit(1785263804.908:43663): avc:  denied  { read } for  comm="top" scontext=u:r:system_app:s0 tcontext=u:r:vendor_hal_spu_qti:s0 tclass=file permissive=1
[  557.563854] type=1400 audit(1785263804.908:43664): avc:  denied  { read } for  comm="top" scontext=u:r:system_app:s0 tcontext=u:r:vendor_hal_poweroptservice_qti:s0 tclass=file permissive=1
[  557.563894] type=1400 audit(1785263804.908:43665): avc:  denied  { read } for  comm="top" scontext=u:r:system_app:s0 tcontext=u:r:vendor_per_proxy:s0 tclass=file permissive=1
[  557.565238] type=1400 audit(1785263804.908:43666): avc:  denied  { getattr } for  comm="top" path="/proc/905" dev="proc" ino=570152 scontext=u:r:system_app:s0 tcontext=u:r:vendor_hal_keymint_qti:s0 tclass=dir permissive=1
[  557.565450] type=1400 audit(1785263804.908:43667): avc:  denied  { search } for  comm="top" name="905" dev="proc" ino=570152 scontext=u:r:system_app:s0 tcontext=u:r:vendor_hal_keymint_qti:s0 tclass=dir permissive=1
[  557.976610] init: Control message: Could not find 'vendor.qti.diaghal@1.0::Idiag/default' for ctl.interface_start from pid: 754 (/system/bin/hwservicemanager)
[  558.554328] audit: audit_lost=41381 audit_rate_limit=5 audit_backlog_limit=64
[  558.554333] audit: rate limit exceeded
[  558.813308] type=1400 audit(1785263806.152:43734): avc:  denied  { read } for  comm="top" scontext=u:r:system_app:s0 tcontext=u:r:vndservicemanager:s0 tclass=file permissive=1
[  558.813541] type=1400 audit(1785263806.152:43735): avc:  denied  { read } for  comm="top" scontext=u:r:system_app:s0 tcontext=u:r:hal_vibrator_default:s0 tclass=file permissive=1
[  558.813582] type=1400 audit(1785263806.152:43736): avc:  denied  { read } for  comm="top" scontext=u:r:system_app:s0 tcontext=u:r:vendor_wcnss_service:s0 tclass=file permissive=1
[  558.813617] type=1400 audit(1785263806.152:43737): avc:  denied  { read } for  comm="top" scontext=u:r:system_app:s0 tcontext=u:r:servicemanager:s0 tclass=file permissive=1
[  558.813653] type=1400 audit(1785263806.152:43738): avc:  denied  { open } for  comm="top" path="/proc/752/stat" dev="proc" ino=564876 scontext=u:r:system_app:s0 tcontext=u:r:servicemanager:s0 tclass=file permissive=1
[  558.977663] init: Control message: Could not find 'vendor.qti.diaghal@1.0::Idiag/default' for ctl.interface_start from pid: 754 (/system/bin/hwservicemanager)
[  559.555607] audit: audit_lost=41429 audit_rate_limit=5 audit_backlog_limit=64
[  559.555612] audit: rate limit exceeded
[  559.978459] init: Control message: Could not find 'vendor.qti.diaghal@1.0::Idiag/default' for ctl.interface_start from pid: 754 (/system/bin/hwservicemanager)
[  560.353683] wcd-usbss-i2c-driver 1-000e: wcd_usbss_is_in_reset_state: Surge check #3 failed
[  560.560163] audit: audit_lost=41452 audit_rate_limit=5 audit_backlog_limit=64
[  560.560168] audit: rate limit exceeded
[  560.979893] init: Control message: Could not find 'vendor.qti.diaghal@1.0::Idiag/default' for ctl.interface_start from pid: 754 (/system/bin/hwservicemanager)
[  561.932056] audit: audit_lost=41458 audit_rate_limit=5 audit_backlog_limit=64
[  561.932061] audit: rate limit exceeded
[  561.982292] init: Control message: Could not find 'vendor.qti.diaghal@1.0::Idiag/default' for ctl.interface_start from pid: 754 (/system/bin/hwservicemanager)
[  562.982771] init: Control message: Could not find 'vendor.qti.diaghal@1.0::Idiag/default' for ctl.interface_start from pid: 754 (/system/bin/hwservicemanager)
[  563.542922] audit: audit_lost=41467 audit_rate_limit=5 audit_backlog_limit=64
[  563.542933] audit: rate limit exceeded
[  563.560104] type=1400 audit(1785263810.904:43830): avc:  denied  { open } for  comm="top" path="/proc/1386/stat" dev="proc" ino=570235 scontext=u:r:system_app:s0 tcontext=u:r:hal_ir_default:s0 tclass=file permissive=1
[  563.560539] type=1400 audit(1785263810.904:43831): avc:  denied  { getattr } for  comm="top" path="/proc/1417" dev="proc" ino=570160 scontext=u:r:system_app:s0 tcontext=u:r:hal_power_default:s0 tclass=dir permissive=1
[  563.560746] type=1400 audit(1785263810.904:43832): avc:  denied  { search } for  comm="top" name="1417" dev="proc" ino=570160 scontext=u:r:system_app:s0 tcontext=u:r:hal_power_default:s0 tclass=dir permissive=1
[  563.560960] type=1400 audit(1785263810.904:43833): avc:  denied  { getattr } for  comm="top" path="/proc/1466" dev="proc" ino=570166 scontext=u:r:system_app:s0 tcontext=u:r:vendor_hal_poweroptservice_qti:s0 tclass=dir permissive=1
[  563.561231] type=1400 audit(1785263810.904:43834): avc:  denied  { search } for  comm="top" name="1466" dev="proc" ino=570166 scontext=u:r:system_app:s0 tcontext=u:r:vendor_hal_poweroptservice_qti:s0 tclass=dir permissive=1
[  563.986153] init: Control message: Could not find 'vendor.qti.diaghal@1.0::Idiag/default' for ctl.interface_start from pid: 754 (/system/bin/hwservicemanager)
[  564.986919] init: Control message: Could not find 'vendor.qti.diaghal@1.0::Idiag/default' for ctl.interface_start from pid: 754 (/system/bin/hwservicemanager)
[  565.549897] type=1400 audit(1785263812.892:43849): avc:  denied  { read } for  comm="top" scontext=u:r:system_app:s0 tcontext=u:r:vendor_perf_qesdk:s0 tclass=file permissive=1
[  565.550749] type=1400 audit(1785263812.892:43850): avc:  denied  { getattr } for  comm="top" path="/proc/1380" dev="proc" ino=570158 scontext=u:r:system_app:s0 tcontext=u:r:vendor_hal_identity_qti:s0 tclass=dir permissive=1
[  565.550781] type=1400 audit(1785263812.892:43851): avc:  denied  { search } for  comm="top" name="1380" dev="proc" ino=570158 scontext=u:r:system_app:s0 tcontext=u:r:vendor_hal_identity_qti:s0 tclass=dir permissive=1
[  565.550873] audit: audit_lost=41495 audit_rate_limit=5 audit_backlog_limit=64
[  565.550875] audit: rate limit exceeded
[  565.550933] type=1400 audit(1785263812.892:43852): avc:  denied  { getattr } for  comm="top" path="/proc/1386" dev="proc" ino=570159 scontext=u:r:system_app:s0 tcontext=u:r:hal_ir_default:s0 tclass=dir permissive=1
[  565.551039] type=1400 audit(1785263812.892:43853): avc:  denied  { search } for  comm="top" name="1386" dev="proc" ino=570159 scontext=u:r:system_app:s0 tcontext=u:r:hal_ir_default:s0 tclass=dir permissive=1
[  565.988319] init: Control message: Could not find 'vendor.qti.diaghal@1.0::Idiag/default' for ctl.interface_start from pid: 754 (/system/bin/hwservicemanager)
[  566.272491] healthd: battery l=74 v=8053 t=35.0 h=2 st=3 c=-438548 fc=4162000 cc=0 chg=a
[  566.309689] BATTERY_CHG: battery_psy_set_online: battery_psy_set_online: set online 1
[  566.561210] audit: audit_lost=41508 audit_rate_limit=5 audit_backlog_limit=64
[  566.561215] audit: rate limit exceeded
[  566.990605] init: Control message: Could not find 'vendor.qti.diaghal@1.0::Idiag/default' for ctl.interface_start from pid: 754 (/system/bin/hwservicemanager)
[  567.962229] [kworke][0x297c9a493][18:36:55.308124] kiwi_v2: [21617:I:PMO] pmo_core_psoc_send_host_wakeup_ind_to_fw: Host wakeup indication sent to fw
[  567.971485] [soft_i][0x297cc5ae4][18:36:55.317381] kiwi_v2: [0:I:WMA] WLAN triggered wakeup: BPF_ALLOW (39), vdev: 0 (STA)
[  567.971688] [soft_i][0x297cc6a59][18:36:55.317587] kiwi_v2: [0:I:WMA] wma_wake_event_packet: Wake event packet:
[  567.991219] init: Control message: Could not find 'vendor.qti.diaghal@1.0::Idiag/default' for ctl.interface_start from pid: 754 (/system/bin/hwservicemanager)
[  568.555513] audit: audit_lost=41525 audit_rate_limit=5 audit_backlog_limit=64
[  568.555518] audit: rate limit exceeded
[  568.598221] [kworke][0x29883f7e5][18:36:55.944114] kiwi_v2: [21617:I:PMO] pmo_core_enable_wow_in_fw: drv wow is enabled
[  568.993223] init: Control message: Could not find 'vendor.qti.diaghal@1.0::Idiag/default' for ctl.interface_start from pid: 754 (/system/bin/hwservicemanager)
[  569.196985] type=1400 audit(1785263816.540:43910): avc:  denied  { append } for  comm="sh" name="pulse_20260728_203503.log" dev="fuse" ino=332446 scontext=u:r:xsud:s0 tcontext=u:object_r:fuse:s0 tclass=file permissive=1
[  569.197278] type=1400 audit(1785263816.540:43911): avc:  denied  { open } for  comm="sh" path="/storage/emulated/0/apl_pulse_logs/pulse_20260728_203503.log" dev="fuse" ino=332446 scontext=u:r:xsud:s0 tcontext=u:object_r:fuse:s0 tclass=file permissive=1
[  569.198247] type=1400 audit(1785263816.540:43912): avc:  denied  { read } for  comm="sh" name="pulse_fifo_in" dev="dm-53" ino=332444 scontext=u:r:xsud:s0 tcontext=u:object_r:app_data_file:s0 tclass=fifo_file permissive=1
[  569.198373] type=1400 audit(1785263816.540:43913): avc:  denied  { open } for  comm="sh" path="/data/user/0/com.kei.pulse/files/pulse_fifo_in" dev="dm-53" ino=332444 scontext=u:r:xsud:s0 tcontext=u:object_r:app_data_file:s0 tclass=fifo_file permissive=1
[  569.545067] type=1400 audit(1785263816.888:43914): avc:  denied  { read } for  comm="top" scontext=u:r:system_app:s0 tcontext=u:r:hal_light_default:s0 tclass=file permissive=1
[  569.608849] audit: audit_lost=41560 audit_rate_limit=5 audit_backlog_limit=64
[  569.608854] audit: rate limit exceeded
[  569.995534] init: Control message: Could not find 'vendor.qti.diaghal@1.0::Idiag/default' for ctl.interface_start from pid: 754 (/system/bin/hwservicemanager)
[  570.545671] type=1400 audit(1785263817.888:43938): avc:  denied  { read } for  comm="top" scontext=u:r:system_app:s0 tcontext=u:r:hal_vibrator_default:s0 tclass=file permissive=1
[  570.545965] type=1400 audit(1785263817.888:43939): avc:  denied  { read } for  comm="top" scontext=u:r:system_app:s0 tcontext=u:r:vendor_wcnss_service:s0 tclass=file permissive=1
[  570.546114] type=1400 audit(1785263817.888:43940): avc:  denied  { getattr } for  comm="top" path="/proc/754" dev="proc" ino=570150 scontext=u:r:system_app:s0 tcontext=u:r:hwservicemanager:s0 tclass=dir permissive=1
[  570.546216] type=1400 audit(1785263817.888:43941): avc:  denied  { read } for  comm="top" scontext=u:r:system_app:s0 tcontext=u:r:hwservicemanager:s0 tclass=file permissive=1
[  570.546312] type=1400 audit(1785263817.888:43942): avc:  denied  { search } for  comm="top" name="754" dev="proc" ino=570150 scontext=u:r:system_app:s0 tcontext=u:r:hwservicemanager:s0 tclass=dir permissive=1
[  570.997988] init: Control message: Could not find 'vendor.qti.diaghal@1.0::Idiag/default' for ctl.interface_start from pid: 754 (/system/bin/hwservicemanager)
[  571.551988] audit: audit_lost=41569 audit_rate_limit=5 audit_backlog_limit=64
[  571.551993] audit: rate limit exceeded
[  571.998369] init: Control message: Could not find 'vendor.qti.diaghal@1.0::Idiag/default' for ctl.interface_start from pid: 754 (/system/bin/hwservicemanager)
[  573.000121] init: Control message: Could not find 'vendor.qti.diaghal@1.0::Idiag/default' for ctl.interface_start from pid: 754 (/system/bin/hwservicemanager)
[  573.158993] [kworke][0x29dbc21d3][18:37:00.504887] kiwi_v2: [21617:I:PMO] pmo_core_psoc_send_host_wakeup_ind_to_fw: Host wakeup indication sent to fw
[  573.549505] audit: audit_lost=41576 audit_rate_limit=5 audit_backlog_limit=64
[  573.549510] audit: rate limit exceeded
[  573.760723] [kworke][0x29e6c6b8b][18:37:01.106616] kiwi_v2: [21617:I:PMO] pmo_core_enable_wow_in_fw: drv wow is enabled
[  574.001990] init: Control message: Could not find 'vendor.qti.diaghal@1.0::Idiag/default' for ctl.interface_start from pid: 754 (/system/bin/hwservicemanager)
[  574.306609] type=1400 audit(1785263821.648:43984): avc:  denied  { search } for  comm="sh" name="com.kei.pulse" dev="dm-53" ino=329013 scontext=u:r:xsud:s0 tcontext=u:object_r:app_data_file:s0:c183,c256,c512,c768 tclass=dir permissive=1
[  574.554927] type=1400 audit(1785263821.896:43985): avc:  denied  { getattr } for  comm="top" path="/proc/1469" dev="proc" ino=570167 scontext=u:r:system_app:s0 tcontext=u:r:vendor_hal_qesdhal_default:s0 tclass=dir permissive=1
[  574.555132] type=1400 audit(1785263821.896:43986): avc:  denied  { search } for  comm="top" name="1469" dev="proc" ino=570167 scontext=u:r:system_app:s0 tcontext=u:r:vendor_hal_qesdhal_default:s0 tclass=dir permissive=1
[  574.977477] type=1400 audit(1785263822.320:43987): avc:  denied  { getattr } for  comm="DefaultDispatch" path="/dev/ttyHS5" dev="tmpfs" ino=1195 scontext=u:r:system_app:s0 tcontext=u:object_r:device:s0 tclass=chr_file permissive=1
[  575.040135] servicemanager: Found vendor.qti.hardware.perf2.IPerf/default in device VINTF manifest.
[  575.044680] init: Control message: Could not find 'vendor.qti.diaghal@1.0::Idiag/default' for ctl.interface_start from pid: 754 (/system/bin/hwservicemanager)
[  575.045548] init: Control message: Could not find 'vendor.qti.diaghal@1.0::Idiag/default' for ctl.interface_start from pid: 754 (/system/bin/hwservicemanager)
[  575.309567] type=1400 audit(1785263822.652:43988): avc:  denied  { write } for  comm="Thread-483" name="pulse_fifo_in" dev="dm-53" ino=332444 scontext=u:r:untrusted_app:s0:c183,c256,c512,c768 tcontext=u:object_r:app_data_file:s0 tclass=fifo_file permissive=1 app=com.kei.pulse
[  575.329556] audit: audit_lost=41595 audit_rate_limit=5 audit_backlog_limit=64
[  575.329566] audit: rate limit exceeded
[  575.329577] type=1400 audit(1785263822.672:43989): avc:  denied  { dac_read_search } for  comm="sh" capability=2  scontext=u:r:xsud:s0 tcontext=u:r:xsud:s0 tclass=capability permissive=1
[  575.329769] type=1400 audit(1785263822.672:43990): avc:  denied  { search } for  comm="sh" name="0" dev="tmpfs" ino=12 scontext=u:r:xsud:s0 tcontext=u:object_r:mnt_user_file:s0 tclass=dir permissive=1
[  575.329876] type=1400 audit(1785263822.672:43991): avc:  denied  { read } for  comm="sh" name="primary" dev="tmpfs" ino=42 scontext=u:r:xsud:s0 tcontext=u:object_r:mnt_user_file:s0 tclass=lnk_file permissive=1
[  575.329981] type=1400 audit(1785263822.672:43992): avc:  denied  { search } for  comm="sh" name="/" dev="fuse" ino=131 scontext=u:r:xsud:s0 tcontext=u:object_r:fuse:s0 tclass=dir permissive=1
[  575.330108] type=1400 audit(1785263822.672:43993): avc:  denied  { append } for  comm="sh" name="pulse_20260728_203503.log" dev="fuse" ino=332446 scontext=u:r:xsud:s0 tcontext=u:object_r:fuse:s0 tclass=file permissive=1
[  575.458220] wcd-usbss-i2c-driver 1-000e: wcd_usbss_is_in_reset_state: Surge check #3 failed
[  576.047275] init: Control message: Could not find 'vendor.qti.diaghal@1.0::Idiag/default' for ctl.interface_start from pid: 754 (/system/bin/hwservicemanager)
[  576.544968] audit: audit_lost=41764 audit_rate_limit=5 audit_backlog_limit=64
[  576.544975] audit: rate limit exceeded
[  577.049318] init: Control message: Could not find 'vendor.qti.diaghal@1.0::Idiag/default' for ctl.interface_start from pid: 754 (/system/bin/hwservicemanager)
[  577.798605] audit: audit_lost=41849 audit_rate_limit=5 audit_backlog_limit=64
[  577.798612] audit: rate limit exceeded
[  578.051807] init: Control message: Could not find 'vendor.qti.diaghal@1.0::Idiag/default' for ctl.interface_start from pid: 754 (/system/bin/hwservicemanager)
[  579.055732] init: Control message: Could not find 'vendor.qti.diaghal@1.0::Idiag/default' for ctl.interface_start from pid: 754 (/system/bin/hwservicemanager)
[  579.132926] audit: audit_lost=41853 audit_rate_limit=5 audit_backlog_limit=64
[  579.132932] audit: rate limit exceeded
[  579.531329] type=1400 audit(1785263826.872:44269): avc:  denied  { read } for  comm="Performance-Tim" name="pwm1" dev="sysfs" ino=115174 scontext=u:r:system_app:s0 tcontext=u:object_r:sysfs:s0 tclass=file permissive=1
[  579.531710] type=1400 audit(1785263826.872:44270): avc:  denied  { open } for  comm="Performance-Tim" path="/sys/devices/platform/soc/soc:pwm-fan/hwmon/hwmon0/pwm1" dev="sysfs" ino=115174 scontext=u:r:system_app:s0 tcontext=u:object_r:sysfs:s0 tclass=file permissive=1
[  579.531828] type=1400 audit(1785263826.872:44271): avc:  denied  { getattr } for  comm="Performance-Tim" path="/sys/devices/platform/soc/soc:pwm-fan/hwmon/hwmon0/pwm1" dev="sysfs" ino=115174 scontext=u:r:system_app:s0 tcontext=u:object_r:sysfs:s0 tclass=file permissive=1
[  579.540629] type=1400 audit(1785263826.884:44272): avc:  denied  { read } for  comm="top" scontext=u:r:system_app:s0 tcontext=u:r:vendor_hal_keymint_qti:s0 tclass=file permissive=1
[  579.540877] type=1400 audit(1785263826.884:44273): avc:  denied  { read } for  comm="top" scontext=u:r:system_app:s0 tcontext=u:r:vendor_hal_qseecom_default:s0 tclass=file permissive=1
[  580.055056] init: Control message: Could not find 'vendor.qti.diaghal@1.0::Idiag/default' for ctl.interface_start from pid: 754 (/system/bin/hwservicemanager)
[  580.540447] type=1400 audit(1785263827.884:44281): avc:  denied  { read } for  comm="top" scontext=u:r:system_app:s0 tcontext=u:r:hal_allocator_default:s0 tclass=file permissive=1
[  580.540733] type=1400 audit(1785263827.884:44282): avc:  denied  { read } for  comm="top" scontext=u:r:system_app:s0 tcontext=u:r:hal_tsnv_default:s0 tclass=file permissive=1
[  580.540753] type=1400 audit(1785263827.884:44283): avc:  denied  { read } for  comm="top" scontext=u:r:system_app:s0 tcontext=u:r:vendor_perfservice:s0 tclass=file permissive=1
[  580.542055] type=1400 audit(1785263827.884:44284): avc:  denied  { open } for  comm="top" path="/proc/1354/stat" dev="proc" ino=570227 scontext=u:r:system_app:s0 tcontext=u:r:hal_allocator_default:s0 tclass=file permissive=1
[  580.542440] type=1400 audit(1785263827.884:44285): avc:  denied  { getattr } for  comm="top" path="/proc/1466" dev="proc" ino=570166 scontext=u:r:system_app:s0 tcontext=u:r:vendor_hal_poweroptservice_qti:s0 tclass=dir permissive=1
[  581.057618] init: Control message: Could not find 'vendor.qti.diaghal@1.0::Idiag/default' for ctl.interface_start from pid: 754 (/system/bin/hwservicemanager)
[  581.420629] audit: audit_lost=41867 audit_rate_limit=5 audit_backlog_limit=64
[  581.420635] audit: rate limit exceeded
[  582.059807] init: Control message: Could not find 'vendor.qti.diaghal@1.0::Idiag/default' for ctl.interface_start from pid: 754 (/system/bin/hwservicemanager)
[  583.061123] init: Control message: Could not find 'vendor.qti.diaghal@1.0::Idiag/default' for ctl.interface_start from pid: 754 (/system/bin/hwservicemanager)
[  584.064663] init: Control message: Could not find 'vendor.qti.diaghal@1.0::Idiag/default' for ctl.interface_start from pid: 754 (/system/bin/hwservicemanager)
[  584.536938] type=1400 audit(1785263831.880:44310): avc:  denied  { read } for  comm="top" scontext=u:r:system_app:s0 tcontext=u:r:vendor_hal_usb_qti:s0 tclass=file permissive=1
[  584.537553] type=1400 audit(1785263831.880:44311): avc:  denied  { read } for  comm="top" scontext=u:r:system_app:s0 tcontext=u:r:vendor_qwesd:s0 tclass=file permissive=1
[  584.537809] type=1400 audit(1785263831.880:44312): avc:  denied  { getattr } for  comm="top" path="/proc/1386" dev="proc" ino=570159 scontext=u:r:system_app:s0 tcontext=u:r:hal_ir_default:s0 tclass=dir permissive=1
[  584.538000] type=1400 audit(1785263831.880:44313): avc:  denied  { search } for  comm="top" name="1386" dev="proc" ino=570159 scontext=u:r:system_app:s0 tcontext=u:r:hal_ir_default:s0 tclass=dir permissive=1
[  584.538151] type=1400 audit(1785263831.880:44314): avc:  denied  { read } for  comm="top" scontext=u:r:system_app:s0 tcontext=u:r:hal_power_default:s0 tclass=file permissive=1
[  584.538357] type=1400 audit(1785263831.880:44315): avc:  denied  { open } for  comm="top" path="/proc/1417/stat" dev="proc" ino=570239 scontext=u:r:system_app:s0 tcontext=u:r:hal_power_default:s0 tclass=file permissive=1
[  584.538561] type=1400 audit(1785263831.880:44316): avc:  denied  { open } for  comm="top" path="/proc/1447/stat" dev="proc" ino=570243 scontext=u:r:system_app:s0 tcontext=u:r:vendor_hal_usb_qti:s0 tclass=file permissive=1
[  584.538691] audit: audit_lost=41880 audit_rate_limit=5 audit_backlog_limit=64
[  584.538693] audit: rate limit exceeded
[  584.538858] type=1400 audit(1785263831.880:44317): avc:  denied  { getattr } for  comm="top" path="/proc/1548" dev="proc" ino=570179 scontext=u:r:system_app:s0 tcontext=u:r:vendor_hal_qspmhal_default:s0 tclass=dir permissive=1
[  584.539099] type=1400 audit(1785263831.880:44318): avc:  denied  { search } for  comm="top" name="1548" dev="proc" ino=570179 scontext=u:r:system_app:s0 tcontext=u:r:vendor_hal_qspmhal_default:s0 tclass=dir permissive=1
[  585.064718] init: Control message: Could not find 'vendor.qti.diaghal@1.0::Idiag/default' for ctl.interface_start from pid: 754 (/system/bin/hwservicemanager)
[  585.539921] type=1400 audit(1785263832.884:44333): avc:  denied  { read } for  comm="top" name="stat" dev="proc" ino=4026532011 scontext=u:r:system_app:s0 tcontext=u:object_r:proc_stat:s0 tclass=file permissive=1
[  586.066747] init: Control message: Could not find 'vendor.qti.diaghal@1.0::Idiag/default' for ctl.interface_start from pid: 754 (/system/bin/hwservicemanager)
[  586.348196] audit: audit_lost=41894 audit_rate_limit=5 audit_backlog_limit=64
[  586.348200] audit: rate limit exceeded
[  587.068501] init: Control message: Could not find 'vendor.qti.diaghal@1.0::Idiag/default' for ctl.interface_start from pid: 754 (/system/bin/hwservicemanager)
[  588.070208] init: Control message: Could not find 'vendor.qti.diaghal@1.0::Idiag/default' for ctl.interface_start from pid: 754 (/system/bin/hwservicemanager)
[  589.071651] init: Control message: Could not find 'vendor.qti.diaghal@1.0::Idiag/default' for ctl.interface_start from pid: 754 (/system/bin/hwservicemanager)
[  590.073218] init: Control message: Could not find 'vendor.qti.diaghal@1.0::Idiag/default' for ctl.interface_start from pid: 754 (/system/bin/hwservicemanager)
[  590.537273] type=1400 audit(1785263837.880:44340): avc:  denied  { read } for  comm="top" scontext=u:r:system_app:s0 tcontext=u:r:vendor_hal_spu_qti:s0 tclass=file permissive=1
[  590.537434] type=1400 audit(1785263837.880:44341): avc:  denied  { read } for  comm="top" scontext=u:r:system_app:s0 tcontext=u:r:vendor_per_proxy:s0 tclass=file permissive=1
[  590.538524] type=1400 audit(1785263837.880:44342): avc:  denied  { getattr } for  comm="top" path="/proc/907" dev="proc" ino=570153 scontext=u:r:system_app:s0 tcontext=u:r:vendor_hal_qseecom_default:s0 tclass=dir permissive=1
[  590.538677] type=1400 audit(1785263837.880:44343): avc:  denied  { search } for  comm="top" name="907" dev="proc" ino=570153 scontext=u:r:system_app:s0 tcontext=u:r:vendor_hal_qseecom_default:s0 tclass=dir permissive=1
[  590.539142] type=1400 audit(1785263837.880:44344): avc:  denied  { open } for  comm="top" path="/proc/1455/stat" dev="proc" ino=570251 scontext=u:r:system_app:s0 tcontext=u:r:vendor_hal_spu_qti:s0 tclass=file permissive=1
[  590.540352] audit: audit_lost=41896 audit_rate_limit=5 audit_backlog_limit=64
[  590.540356] audit: rate limit exceeded
[  590.561416] wcd-usbss-i2c-driver 1-000e: wcd_usbss_is_in_reset_state: Surge check #3 failed
[  591.075972] init: Control message: Could not find 'vendor.qti.diaghal@1.0::Idiag/default' for ctl.interface_start from pid: 754 (/system/bin/hwservicemanager)
[  592.077099] init: Control message: Could not find 'vendor.qti.diaghal@1.0::Idiag/default' for ctl.interface_start from pid: 754 (/system/bin/hwservicemanager)
[  593.078952] init: Control message: Could not find 'vendor.qti.diaghal@1.0::Idiag/default' for ctl.interface_start from pid: 754 (/system/bin/hwservicemanager)
[  593.533626] type=1400 audit(1785263840.876:44351): avc:  denied  { read } for  comm="top" scontext=u:r:system_app:s0 tcontext=u:r:vendor_qesdsect:s0 tclass=file permissive=1
[  593.535777] type=1400 audit(1785263840.880:44352): avc:  denied  { read } for  comm="top" scontext=u:r:system_app:s0 tcontext=u:r:vendor_hal_qesdhal_default:s0 tclass=file permissive=1
[  593.535945] type=1400 audit(1785263840.880:44353): avc:  denied  { open } for  comm="top" path="/proc/1469/stat" dev="proc" ino=570267 scontext=u:r:system_app:s0 tcontext=u:r:vendor_hal_qesdhal_default:s0 tclass=file permissive=1
[  593.536158] audit: audit_lost=41902 audit_rate_limit=5 audit_backlog_limit=64
[  593.536161] audit: rate limit exceeded
[  593.536238] type=1400 audit(1785263840.880:44354): avc:  denied  { open } for  comm="top" path="/proc/1473/stat" dev="proc" ino=570271 scontext=u:r:system_app:s0 tcontext=u:r:vendor_qesdsect:s0 tclass=file permissive=1
[  593.536406] type=1400 audit(1785263840.880:44355): avc:  denied  { getattr } for  comm="top" path="/proc/1542" dev="proc" ino=570178 scontext=u:r:system_app:s0 tcontext=u:r:vendor_hal_qspa_default:s0 tclass=dir permissive=1
[  594.080867] init: Control message: Could not find 'vendor.qti.diaghal@1.0::Idiag/default' for ctl.interface_start from pid: 754 (/system/bin/hwservicemanager)
[  595.107804] servicemanager: Found vendor.qti.hardware.perf2.IPerf/default in device VINTF manifest.
[  595.111612] init: Control message: Could not find 'vendor.qti.diaghal@1.0::Idiag/default' for ctl.interface_start from pid: 754 (/system/bin/hwservicemanager)
[  595.111891] init: Control message: Could not find 'vendor.qti.diaghal@1.0::Idiag/default' for ctl.interface_start from pid: 754 (/system/bin/hwservicemanager)
[  595.530677] audit: audit_lost=41906 audit_rate_limit=5 audit_backlog_limit=64
[  595.530682] audit: rate limit exceeded
[  596.114511] init: Control message: Could not find 'vendor.qti.diaghal@1.0::Idiag/default' for ctl.interface_start from pid: 754 (/system/bin/hwservicemanager)
[  596.362355] type=1400 audit(1785263843.704:44561): avc:  denied  { read } for  comm="DefaultDispatch" name="pwm1" dev="sysfs" ino=115174 scontext=u:r:system_app:s0 tcontext=u:object_r:sysfs:s0 tclass=file permissive=1
[  596.362621] type=1400 audit(1785263843.704:44562): avc:  denied  { open } for  comm="DefaultDispatch" path="/sys/devices/platform/soc/soc:pwm-fan/hwmon/hwmon0/pwm1" dev="sysfs" ino=115174 scontext=u:r:system_app:s0 tcontext=u:object_r:sysfs:s0 tclass=file permissive=1
[  596.362777] type=1400 audit(1785263843.704:44563): avc:  denied  { getattr } for  comm="DefaultDispatch" path="/sys/devices/platform/soc/soc:pwm-fan/hwmon/hwmon0/pwm1" dev="sysfs" ino=115174 scontext=u:r:system_app:s0 tcontext=u:object_r:sysfs:s0 tclass=file permissive=1
[  596.530464] type=1400 audit(1785263843.872:44564): avc:  denied  { read } for  comm="top" scontext=u:r:system_app:s0 tcontext=u:r:vendor_hal_usb_qti:s0 tclass=file permissive=1
[  596.530751] type=1400 audit(1785263843.872:44565): avc:  denied  { read } for  comm="top" scontext=u:r:system_app:s0 tcontext=u:r:vendor_perf_qesdk:s0 tclass=file permissive=1
[  596.531927] audit: audit_lost=42107 audit_rate_limit=5 audit_backlog_limit=64
[  596.531929] audit: rate limit exceeded
[  597.115278] init: Control message: Could not find 'vendor.qti.diaghal@1.0::Idiag/default' for ctl.interface_start from pid: 754 (/system/bin/hwservicemanager)
[  597.534198] type=1400 audit(1785263844.876:44596): avc:  denied  { read } for  comm="top" scontext=u:r:system_app:s0 tcontext=u:r:vendor_hal_capabilityconfigstore_qti_default:s0 tclass=file permissive=1
[  597.534275] type=1400 audit(1785263844.876:44597): avc:  denied  { read } for  comm="top" scontext=u:r:system_app:s0 tcontext=u:r:vendor_per_proxy:s0 tclass=file permissive=1
[  597.535749] type=1400 audit(1785263844.876:44598): avc:  denied  { getattr } for  comm="top" path="/proc/1073" dev="proc" ino=570156 scontext=u:r:system_app:s0 tcontext=u:r:vendor_hal_keymint_spu_qti:s0 tclass=dir permissive=1
[  597.536085] type=1400 audit(1785263844.876:44599): avc:  denied  { search } for  comm="top" name="1073" dev="proc" ino=570156 scontext=u:r:system_app:s0 tcontext=u:r:vendor_hal_keymint_spu_qti:s0 tclass=dir permissive=1
[  597.536568] audit: audit_lost=42132 audit_rate_limit=5 audit_backlog_limit=64
[  597.536570] audit: rate limit exceeded
[  597.536617] type=1400 audit(1785263844.880:44600): avc:  denied  { open } for  comm="top" path="/proc/1483/stat" dev="proc" ino=570279 scontext=u:r:system_app:s0 tcontext=u:r:vendor_hal_capabilityconfigstore_qti_default:s0 tclass=file permissive=1
[  598.116587] init: Control message: Could not find 'vendor.qti.diaghal@1.0::Idiag/default' for ctl.interface_start from pid: 754 (/system/bin/hwservicemanager)
[  598.785537] audit: audit_lost=42309 audit_rate_limit=5 audit_backlog_limit=64
[  598.785544] audit: rate limit exceeded
[  599.119635] init: Control message: Could not find 'vendor.qti.diaghal@1.0::Idiag/default' for ctl.interface_start from pid: 754 (/system/bin/hwservicemanager)
[  599.788831] audit: audit_lost=42369 audit_rate_limit=5 audit_backlog_limit=64
[  599.788836] audit: rate limit exceeded
[  600.120015] init: Control message: Could not find 'vendor.qti.diaghal@1.0::Idiag/default' for ctl.interface_start from pid: 754 (/system/bin/hwservicemanager)
[  601.121723] init: Control message: Could not find 'vendor.qti.diaghal@1.0::Idiag/default' for ctl.interface_start from pid: 754 (/system/bin/hwservicemanager)
[  601.383073] type=1400 audit(1785263848.724:44894): avc:  denied  { write } for  comm="sh" name="pwm1" dev="sysfs" ino=115174 scontext=u:r:xsud:s0 tcontext=u:object_r:sysfs:s0 tclass=file permissive=1
[  601.383317] type=1400 audit(1785263848.724:44895): avc:  denied  { open } for  comm="sh" path="/sys/devices/platform/soc/soc:pwm-fan/hwmon/hwmon0/pwm1" dev="sysfs" ino=115174 scontext=u:r:xsud:s0 tcontext=u:object_r:sysfs:s0 tclass=file permissive=1
[  601.525100] type=1400 audit(1785263848.868:44896): avc:  denied  { read } for  comm="top" scontext=u:r:system_app:s0 tcontext=u:r:vendor_hal_srvctracker_default:s0 tclass=file permissive=1
[  601.526128] type=1400 audit(1785263848.868:44897): avc:  denied  { read } for  comm="top" scontext=u:r:system_app:s0 tcontext=u:r:vendor_hal_dpmQmiMgr:s0 tclass=file permissive=1
[  601.526151] type=1400 audit(1785263848.868:44898): avc:  denied  { read } for  comm="top" scontext=u:r:system_app:s0 tcontext=u:r:vendor_trusteduilistener:s0 tclass=file permissive=1
[  601.526571] audit: audit_lost=42415 audit_rate_limit=5 audit_backlog_limit=64
[  601.526574] audit: rate limit exceeded
[  602.123145] init: Control message: Could not find 'vendor.qti.diaghal@1.0::Idiag/default' for ctl.interface_start from pid: 754 (/system/bin/hwservicemanager)
[  602.514832] type=1400 audit(1785263849.856:44937): avc:  denied  { read } for  comm="Performance-Tim" name="pwm1" dev="sysfs" ino=115174 scontext=u:r:system_app:s0 tcontext=u:object_r:sysfs:s0 tclass=file permissive=1
[  602.515053] type=1400 audit(1785263849.856:44938): avc:  denied  { open } for  comm="Performance-Tim" path="/sys/devices/platform/soc/soc:pwm-fan/hwmon/hwmon0/pwm1" dev="sysfs" ino=115174 scontext=u:r:system_app:s0 tcontext=u:object_r:sysfs:s0 tclass=file permissive=1
[  602.515570] type=1400 audit(1785263849.856:44939): avc:  denied  { getattr } for  comm="Performance-Tim" path="/sys/devices/platform/soc/soc:pwm-fan/hwmon/hwmon0/pwm1" dev="sysfs" ino=115174 scontext=u:r:system_app:s0 tcontext=u:object_r:sysfs:s0 tclass=file permissive=1
[  602.523518] type=1400 audit(1785263849.864:44940): avc:  denied  { read } for  comm="top" name="pid_max" dev="proc" ino=578011 scontext=u:r:system_app:s0 tcontext=u:object_r:proc_pid_max:s0 tclass=file permissive=1
[  602.523701] type=1400 audit(1785263849.864:44941): avc:  denied  { open } for  comm="top" path="/proc/sys/kernel/pid_max" dev="proc" ino=578011 scontext=u:r:system_app:s0 tcontext=u:object_r:proc_pid_max:s0 tclass=file permissive=1
[  602.777476] audit: audit_lost=42471 audit_rate_limit=5 audit_backlog_limit=64
[  602.777482] audit: rate limit exceeded
[  603.125602] init: Control message: Could not find 'vendor.qti.diaghal@1.0::Idiag/default' for ctl.interface_start from pid: 754 (/system/bin/hwservicemanager)
[  604.126403] init: Control message: Could not find 'vendor.qti.diaghal@1.0::Idiag/default' for ctl.interface_start from pid: 754 (/system/bin/hwservicemanager)
[  605.127475] init: Control message: Could not find 'vendor.qti.diaghal@1.0::Idiag/default' for ctl.interface_start from pid: 754 (/system/bin/hwservicemanager)
[  605.665523] wcd-usbss-i2c-driver 1-000e: wcd_usbss_is_in_reset_state: Surge check #3 failed
[  605.932912] adsp_sleepmon: Audio: num_sessions=1,num_lpi_sessions=0,timer_pending=0
[  605.960374] swr-mgr wsa2_swr_ctrl: swr_mstr_interrupt: SWR CMD Ignored, fifo status 0x40000000
[  605.964990] swr-mgr wsa2_swr_ctrl: swr_mstr_interrupt: SWR CMD Ignored, fifo status 0x40000006
[  605.968878] swr-mgr wsa2_swr_ctrl: swr_mstr_interrupt: SWR CMD Ignored, fifo status 0x40000008
[  605.972997] swr-mgr wsa2_swr_ctrl: swr_mstr_interrupt: SWR CMD Ignored, fifo status 0x40002007
[  605.977387] swr-mgr wsa2_swr_ctrl: swr_mstr_interrupt: SWR CMD Ignored, fifo status 0x4000000b
[  605.981681] swr-mgr wsa2_swr_ctrl: swr_mstr_interrupt: SWR CMD Ignored, fifo status 0x40002000
[  606.130330] init: Control message: Could not find 'vendor.qti.diaghal@1.0::Idiag/default' for ctl.interface_start from pid: 754 (/system/bin/hwservicemanager)
[  606.497528] type=1400 audit(1785263853.840:44982): avc:  denied  { read } for  comm="cat" name="gpuclk" dev="sysfs" ino=124210 scontext=u:r:xsud:s0 tcontext=u:object_r:vendor_sysfs_kgsl_gpuclk:s0 tclass=file permissive=1
[  606.497728] type=1400 audit(1785263853.840:44983): avc:  denied  { open } for  comm="cat" path="/sys/devices/platform/soc/3d00000.qcom,kgsl-3d0/kgsl/kgsl-3d0/gpuclk" dev="sysfs" ino=124210 scontext=u:r:xsud:s0 tcontext=u:object_r:vendor_sysfs_kgsl_gpuclk:s0 tclass=file permissive=1
[  606.524946] audit: audit_lost=42486 audit_rate_limit=5 audit_backlog_limit=64
[  606.524951] audit: rate limit exceeded
[  606.525418] type=1400 audit(1785263853.868:44984): avc:  denied  { read } for  comm="top" scontext=u:r:system_app:s0 tcontext=u:r:hal_power_default:s0 tclass=file permissive=1
[  607.130171] init: Control message: Could not find 'vendor.qti.diaghal@1.0::Idiag/default' for ctl.interface_start from pid: 754 (/system/bin/hwservicemanager)
[  607.504453] type=1400 audit(1785263854.848:45031): avc:  denied  { getattr } for  comm="chmod" path="/storage" dev="tmpfs" ino=12 scontext=u:r:xsud:s0 tcontext=u:object_r:mnt_user_file:s0 tclass=dir permissive=1
[  607.504532] type=1400 audit(1785263854.848:45032): avc:  denied  { setattr } for  comm="chmod" name="0" dev="tmpfs" ino=12 scontext=u:r:xsud:s0 tcontext=u:object_r:mnt_user_file:s0 tclass=dir permissive=1
[  607.504550] type=1400 audit(1785263854.848:45033): avc:  denied  { fowner } for  comm="chmod" capability=3  scontext=u:r:xsud:s0 tcontext=u:r:xsud:s0 tclass=capability permissive=1
[  607.504563] type=1400 audit(1785263854.848:45034): avc:  denied  { fsetid } for  comm="chmod" capability=4  scontext=u:r:xsud:s0 tcontext=u:r:xsud:s0 tclass=capability permissive=1
[  607.510415] type=1400 audit(1785263854.852:45035): avc:  denied  { read } for  comm="Performance-Tim" name="pwm1" dev="sysfs" ino=115174 scontext=u:r:system_app:s0 tcontext=u:object_r:sysfs:s0 tclass=file permissive=1
[  607.528060] audit: audit_lost=42644 audit_rate_limit=5 audit_backlog_limit=64
[  607.528063] audit: rate limit exceeded
[  608.134338] init: Control message: Could not find 'vendor.qti.diaghal@1.0::Idiag/default' for ctl.interface_start from pid: 754 (/system/bin/hwservicemanager)
[  608.534640] type=1400 audit(1785263855.876:45277): avc:  denied  { read } for  comm="top" name="pid_max" dev="proc" ino=578011 scontext=u:r:system_app:s0 tcontext=u:object_r:proc_pid_max:s0 tclass=file permissive=1
[  608.534731] type=1400 audit(1785263855.876:45278): avc:  denied  { open } for  comm="top" path="/proc/sys/kernel/pid_max" dev="proc" ino=578011 scontext=u:r:system_app:s0 tcontext=u:object_r:proc_pid_max:s0 tclass=file permissive=1
[  608.540435] audit: audit_lost=42773 audit_rate_limit=5 audit_backlog_limit=64
[  608.540442] audit: rate limit exceeded
[  609.135195] init: Control message: Could not find 'vendor.qti.diaghal@1.0::Idiag/default' for ctl.interface_start from pid: 754 (/system/bin/hwservicemanager)
[  609.186347] adsp_sleepmon: Audio: num_sessions=0,num_lpi_sessions=0,timer_pending=1
[  609.229253] adsp_sleepmon: Audio: num_sessions=1,num_lpi_sessions=0,timer_pending=0
[  609.249194] swr-mgr wsa2_swr_ctrl: swr_mstr_interrupt: SWR CMD Ignored, fifo status 0x40000006
[  609.253274] swr-mgr wsa2_swr_ctrl: swr_mstr_interrupt: SWR CMD Ignored, fifo status 0x4000000b
[  609.257398] swr-mgr wsa2_swr_ctrl: swr_mstr_interrupt: SWR CMD Ignored, fifo status 0x40000007
[  609.261439] swr-mgr wsa2_swr_ctrl: swr_mstr_interrupt: SWR CMD Ignored, fifo status 0x4000220b
[  609.648102] audit: audit_lost=42886 audit_rate_limit=5 audit_backlog_limit=64
[  609.648108] audit: rate limit exceeded
[  610.132013] gen7_err_callback: 337 callbacks suppressed
[  610.132022] kgsl kgsl-3d0: CP: AHB bus error, CP_RL_ERROR_DETAILS_0:0x10008e07 CP_RL_ERROR_DETAILS_1:0x12144
[  610.132040] kgsl kgsl-3d0: CP: AHB bus error, CP_RL_ERROR_DETAILS_0:0x10008e07 CP_RL_ERROR_DETAILS_1:0x12144
[  610.133106] kgsl kgsl-3d0: CP: AHB bus error, CP_RL_ERROR_DETAILS_0:0x10008e07 CP_RL_ERROR_DETAILS_1:0x12144
[  610.133130] kgsl kgsl-3d0: CP: AHB bus error, CP_RL_ERROR_DETAILS_0:0x10008e07 CP_RL_ERROR_DETAILS_1:0x12144
[  610.136953] init: Control message: Could not find 'vendor.qti.diaghal@1.0::Idiag/default' for ctl.interface_start from pid: 754 (/system/bin/hwservicemanager)
[  610.143769] kgsl kgsl-3d0: CP: AHB bus error, CP_RL_ERROR_DETAILS_0:0x10008e07 CP_RL_ERROR_DETAILS_1:0x12144
[  610.143799] kgsl kgsl-3d0: CP: AHB bus error, CP_RL_ERROR_DETAILS_0:0x10008e07 CP_RL_ERROR_DETAILS_1:0x12144
[  610.148064] kgsl kgsl-3d0: CP: AHB bus error, CP_RL_ERROR_DETAILS_0:0x10008e07 CP_RL_ERROR_DETAILS_1:0x12144
[  610.148099] kgsl kgsl-3d0: CP: AHB bus error, CP_RL_ERROR_DETAILS_0:0x10008e07 CP_RL_ERROR_DETAILS_1:0x12144
[  610.148979] kgsl kgsl-3d0: CP: AHB bus error, CP_RL_ERROR_DETAILS_0:0x10008e07 CP_RL_ERROR_DETAILS_1:0x12144
[  610.149004] kgsl kgsl-3d0: CP: AHB bus error, CP_RL_ERROR_DETAILS_0:0x10008e07 CP_RL_ERROR_DETAILS_1:0x12144
[  610.777776] audit: audit_lost=42945 audit_rate_limit=5 audit_backlog_limit=64
[  610.777783] audit: rate limit exceeded
[  611.136926] init: Control message: Could not find 'vendor.qti.diaghal@1.0::Idiag/default' for ctl.interface_start from pid: 754 (/system/bin/hwservicemanager)
[  611.777172] type=1400 audit(1785263859.120:45525): avc:  denied  { read } for  comm="top" scontext=u:r:system_app:s0 tcontext=u:r:vendor_hal_keymint_qti:s0 tclass=file permissive=1
[  611.780233] type=1400 audit(1785263859.124:45526): avc:  denied  { open } for  comm="top" path="/proc/905/stat" dev="proc" ino=570207 scontext=u:r:system_app:s0 tcontext=u:r:vendor_hal_keymint_qti:s0 tclass=file permissive=1
[  611.783763] type=1400 audit(1785263859.124:45527): avc:  denied  { getattr } for  comm="top" path="/proc/1455" dev="proc" ino=570163 scontext=u:r:system_app:s0 tcontext=u:r:vendor_hal_spu_qti:s0 tclass=dir permissive=1
[  611.783823] type=1400 audit(1785263859.124:45528): avc:  denied  { search } for  comm="top" name="1455" dev="proc" ino=570163 scontext=u:r:system_app:s0 tcontext=u:r:vendor_hal_spu_qti:s0 tclass=dir permissive=1
[  611.967324] audit: audit_lost=43006 audit_rate_limit=5 audit_backlog_limit=64
[  611.967328] audit: rate limit exceeded
[  611.967686] type=1400 audit(1785263859.308:45529): avc:  denied  { read } for  comm="cat" name="capacity" dev="sysfs" ino=141594 scontext=u:r:xsud:s0 tcontext=u:object_r:vendor_sysfs_battery_supply:s0 tclass=file permissive=1
[  612.137967] init: Control message: Could not find 'vendor.qti.diaghal@1.0::Idiag/default' for ctl.interface_start from pid: 754 (/system/bin/hwservicemanager)
[  612.780247] type=1400 audit(1785263860.124:45574): avc:  denied  { read } for  comm="top" scontext=u:r:system_app:s0 tcontext=u:r:hwservicemanager:s0 tclass=file permissive=1
[  612.780459] type=1400 audit(1785263860.124:45575): avc:  denied  { read } for  comm="top" scontext=u:r:system_app:s0 tcontext=u:r:hal_power_default:s0 tclass=file permissive=1
[  612.780508] type=1400 audit(1785263860.124:45576): avc:  denied  { read } for  comm="top" scontext=u:r:system_app:s0 tcontext=u:r:vendor_hal_usb_qti:s0 tclass=file permissive=1
[  612.780552] type=1400 audit(1785263860.124:45577): avc:  denied  { read } for  comm="top" scontext=u:r:system_app:s0 tcontext=u:r:vendor_hal_spu_qti:s0 tclass=file permissive=1
[  612.780597] type=1400 audit(1785263860.124:45578): avc:  denied  { read } for  comm="top" scontext=u:r:system_app:s0 tcontext=u:r:vendor_hal_poweroptservice_qti:s0 tclass=file permissive=1
[  612.994589] audit: audit_lost=43155 audit_rate_limit=5 audit_backlog_limit=64
[  612.994593] audit: rate limit exceeded
[  613.140979] init: Control message: Could not find 'vendor.qti.diaghal@1.0::Idiag/default' for ctl.interface_start from pid: 754 (/system/bin/hwservicemanager)
[  614.142048] init: Control message: Could not find 'vendor.qti.diaghal@1.0::Idiag/default' for ctl.interface_start from pid: 754 (/system/bin/hwservicemanager)
[  615.137341] gen7_err_callback: 1345 callbacks suppressed
[  615.137350] kgsl kgsl-3d0: CP: AHB bus error, CP_RL_ERROR_DETAILS_0:0x10008e07 CP_RL_ERROR_DETAILS_1:0x12144
[  615.137367] kgsl kgsl-3d0: CP: AHB bus error, CP_RL_ERROR_DETAILS_0:0x10008e07 CP_RL_ERROR_DETAILS_1:0x12144
[  615.141463] kgsl kgsl-3d0: CP: AHB bus error, CP_RL_ERROR_DETAILS_0:0x10008e07 CP_RL_ERROR_DETAILS_1:0x12144
[  615.142050] kgsl kgsl-3d0: CP: AHB bus error, CP_RL_ERROR_DETAILS_0:0x10008e07 CP_RL_ERROR_DETAILS_1:0x12144
[  615.142088] kgsl kgsl-3d0: CP: AHB bus error, CP_RL_ERROR_DETAILS_0:0x10008e07 CP_RL_ERROR_DETAILS_1:0x12144
[  615.153720] kgsl kgsl-3d0: CP: AHB bus error, CP_RL_ERROR_DETAILS_0:0x10008e07 CP_RL_ERROR_DETAILS_1:0x12144
[  615.153765] kgsl kgsl-3d0: CP: AHB bus error, CP_RL_ERROR_DETAILS_0:0x10008e07 CP_RL_ERROR_DETAILS_1:0x12144
[  615.157754] kgsl kgsl-3d0: CP: AHB bus error, CP_RL_ERROR_DETAILS_0:0x10008e07 CP_RL_ERROR_DETAILS_1:0x12144
[  615.158363] kgsl kgsl-3d0: CP: AHB bus error, CP_RL_ERROR_DETAILS_0:0x10008e07 CP_RL_ERROR_DETAILS_1:0x12144
[  615.158379] kgsl kgsl-3d0: CP: AHB bus error, CP_RL_ERROR_DETAILS_0:0x10008e07 CP_RL_ERROR_DETAILS_1:0x12144
[  615.176190] servicemanager: Found vendor.qti.hardware.perf2.IPerf/default in device VINTF manifest.
[  615.182428] init: Control message: Could not find 'vendor.qti.diaghal@1.0::Idiag/default' for ctl.interface_start from pid: 754 (/system/bin/hwservicemanager)
[  615.182724] init: Control message: Could not find 'vendor.qti.diaghal@1.0::Idiag/default' for ctl.interface_start from pid: 754 (/system/bin/hwservicemanager)
[  615.202963] audit: audit_lost=43206 audit_rate_limit=5 audit_backlog_limit=64
[  615.202971] audit: rate limit exceeded
[  616.183807] init: Control message: Could not find 'vendor.qti.diaghal@1.0::Idiag/default' for ctl.interface_start from pid: 754 (/system/bin/hwservicemanager)
[  616.385123] audit: audit_lost=43394 audit_rate_limit=5 audit_backlog_limit=64
[  616.385132] audit: rate limit exceeded
[  617.184292] init: Control message: Could not find 'vendor.qti.diaghal@1.0::Idiag/default' for ctl.interface_start from pid: 754 (/system/bin/hwservicemanager)
[  617.508583] type=1400 audit(1785263864.852:45982): avc:  denied  { read } for  comm="top" name="pid_max" dev="proc" ino=718379 scontext=u:r:system_app:s0 tcontext=u:object_r:proc_pid_max:s0 tclass=file permissive=1
[  617.508692] type=1400 audit(1785263864.852:45983): avc:  denied  { open } for  comm="top" path="/proc/sys/kernel/pid_max" dev="proc" ino=718379 scontext=u:r:system_app:s0 tcontext=u:object_r:proc_pid_max:s0 tclass=file permissive=1
[  617.508877] type=1400 audit(1785263864.852:45984): avc:  denied  { read } for  comm="top" scontext=u:r:system_app:s0 tcontext=u:r:servicemanager:s0 tclass=file permissive=1
[  617.508947] type=1400 audit(1785263864.852:45985): avc:  denied  { read } for  comm="top" scontext=u:r:system_app:s0 tcontext=u:r:hwservicemanager:s0 tclass=file permissive=1
[  617.508984] type=1400 audit(1785263864.852:45986): avc:  denied  { read } for  comm="top" scontext=u:r:system_app:s0 tcontext=u:r:vndservicemanager:s0 tclass=file permissive=1
[  617.509044] audit: audit_lost=43438 audit_rate_limit=5 audit_backlog_limit=64
[  617.509047] audit: rate limit exceeded
[  618.185648] init: Control message: Could not find 'vendor.qti.diaghal@1.0::Idiag/default' for ctl.interface_start from pid: 754 (/system/bin/hwservicemanager)
[  618.512347] type=1400 audit(1785263865.856:46079): avc:  denied  { open } for  comm="top" path="/proc/1554/stat" dev="proc" ino=718166 scontext=u:r:system_app:s0 tcontext=u:r:hal_tsnv_default:s0 tclass=file permissive=1
[  618.512438] audit: audit_lost=43530 audit_rate_limit=5 audit_backlog_limit=64
[  618.512440] audit: rate limit exceeded
[  618.512497] type=1400 audit(1785263865.856:46080): avc:  denied  { getattr } for  comm="top" path="/proc/1641" dev="proc" ino=717673 scontext=u:r:system_app:s0 tcontext=u:r:vendor_qwesd:s0 tclass=dir permissive=1
[  618.512547] type=1400 audit(1785263865.856:46081): avc:  denied  { search } for  comm="top" name="1641" dev="proc" ino=717673 scontext=u:r:system_app:s0 tcontext=u:r:vendor_qwesd:s0 tclass=dir permissive=1
[  618.512593] type=1400 audit(1785263865.856:46082): avc:  denied  { open } for  comm="top" path="/proc/1846/stat" dev="proc" ino=718194 scontext=u:r:system_app:s0 tcontext=u:r:vendor_perfservice:s0 tclass=file permissive=1
[  618.512649] type=1400 audit(1785263865.856:46083): avc:  denied  { getattr } for  comm="top" path="/proc/1879" dev="proc" ino=717680 scontext=u:r:system_app:s0 tcontext=u:r:vendor_perf_qesdk:s0 tclass=dir permissive=1
[  619.186491] init: Control message: Could not find 'vendor.qti.diaghal@1.0::Idiag/default' for ctl.interface_start from pid: 754 (/system/bin/hwservicemanager)
[  619.761858] audit: audit_lost=43564 audit_rate_limit=5 audit_backlog_limit=64
[  619.761862] audit: rate limit exceeded
[  620.141621] gen7_err_callback: 1451 callbacks suppressed
[  620.141633] kgsl kgsl-3d0: CP: AHB bus error, CP_RL_ERROR_DETAILS_0:0x10008e07 CP_RL_ERROR_DETAILS_1:0x12144
[  620.142228] kgsl kgsl-3d0: CP: AHB bus error, CP_RL_ERROR_DETAILS_0:0x10008e07 CP_RL_ERROR_DETAILS_1:0x12144
[  620.142252] kgsl kgsl-3d0: CP: AHB bus error, CP_RL_ERROR_DETAILS_0:0x10008e07 CP_RL_ERROR_DETAILS_1:0x12144
[  620.154262] kgsl kgsl-3d0: CP: AHB bus error, CP_RL_ERROR_DETAILS_0:0x10008e07 CP_RL_ERROR_DETAILS_1:0x12144
[  620.154286] kgsl kgsl-3d0: CP: AHB bus error, CP_RL_ERROR_DETAILS_0:0x10008e07 CP_RL_ERROR_DETAILS_1:0x12144
[  620.158285] kgsl kgsl-3d0: CP: AHB bus error, CP_RL_ERROR_DETAILS_0:0x10008e07 CP_RL_ERROR_DETAILS_1:0x12144
[  620.158882] kgsl kgsl-3d0: CP: AHB bus error, CP_RL_ERROR_DETAILS_0:0x10008e07 CP_RL_ERROR_DETAILS_1:0x12144
[  620.158918] kgsl kgsl-3d0: CP: AHB bus error, CP_RL_ERROR_DETAILS_0:0x10008e07 CP_RL_ERROR_DETAILS_1:0x12144
[  620.170636] kgsl kgsl-3d0: CP: AHB bus error, CP_RL_ERROR_DETAILS_0:0x10008e07 CP_RL_ERROR_DETAILS_1:0x12144
[  620.170664] kgsl kgsl-3d0: CP: AHB bus error, CP_RL_ERROR_DETAILS_0:0x10008e07 CP_RL_ERROR_DETAILS_1:0x12144
[  620.187125] init: Control message: Could not find 'vendor.qti.diaghal@1.0::Idiag/default' for ctl.interface_start from pid: 754 (/system/bin/hwservicemanager)
[  620.765933] audit: audit_lost=43583 audit_rate_limit=5 audit_backlog_limit=64
[  620.765938] audit: rate limit exceeded
[  620.772555] wcd-usbss-i2c-driver 1-000e: wcd_usbss_is_in_reset_state: Surge check #3 failed
[  621.188197] init: Control message: Could not find 'vendor.qti.diaghal@1.0::Idiag/default' for ctl.interface_start from pid: 754 (/system/bin/hwservicemanager)
[  622.048278] audit: audit_lost=43620 audit_rate_limit=5 audit_backlog_limit=64
[  622.048282] audit: rate limit exceeded
[  622.188554] init: Control message: Could not find 'vendor.qti.diaghal@1.0::Idiag/default' for ctl.interface_start from pid: 754 (/system/bin/hwservicemanager)
[  623.162493] type=1400 audit(1785263870.504:46222): avc:  denied  { search } for  comm="sh" name="/" dev="fuse" ino=131 scontext=u:r:xsud:s0 tcontext=u:object_r:fuse:s0 tclass=dir permissive=1
[  623.189887] init: Control message: Could not find 'vendor.qti.diaghal@1.0::Idiag/default' for ctl.interface_start from pid: 754 (/system/bin/hwservicemanager)
[  623.505850] type=1400 audit(1785263870.848:46223): avc:  denied  { read } for  comm="top" name="pid_max" dev="proc" ino=718379 scontext=u:r:system_app:s0 tcontext=u:object_r:proc_pid_max:s0 tclass=file permissive=1
[  623.506081] type=1400 audit(1785263870.848:46224): avc:  denied  { open } for  comm="top" path="/proc/sys/kernel/pid_max" dev="proc" ino=718379 scontext=u:r:system_app:s0 tcontext=u:object_r:proc_pid_max:s0 tclass=file permissive=1
[  623.506186] type=1400 audit(1785263870.848:46225): avc:  denied  { read } for  comm="top" scontext=u:r:system_app:s0 tcontext=u:r:vendor_hal_sensorscalibrate_qti_default:s0 tclass=file permissive=1
[  623.506281] type=1400 audit(1785263870.848:46226): avc:  denied  { read } for  comm="top" scontext=u:r:system_app:s0 tcontext=u:r:vendor_hal_gatekeeper_qti:s0 tclass=file permissive=1
[  623.507978] audit: audit_lost=43653 audit_rate_limit=5 audit_backlog_limit=64
[  623.507981] audit: rate limit exceeded
[  624.190628] init: Control message: Could not find 'vendor.qti.diaghal@1.0::Idiag/default' for ctl.interface_start from pid: 754 (/system/bin/hwservicemanager)
[  624.503066] type=1400 audit(1785263871.844:46232): avc:  denied  { read } for  comm="top" scontext=u:r:system_app:s0 tcontext=u:r:vendor_hal_qspa_default:s0 tclass=file permissive=1
[  624.503211] type=1400 audit(1785263871.844:46233): avc:  denied  { read } for  comm="top" scontext=u:r:system_app:s0 tcontext=u:r:vendor_tcmd:s0 tclass=file permissive=1
[  624.504289] type=1400 audit(1785263871.848:46234): avc:  denied  { getattr } for  comm="top" path="/proc/1469" dev="proc" ino=717659 scontext=u:r:system_app:s0 tcontext=u:r:vendor_hal_qesdhal_default:s0 tclass=dir permissive=1
[  624.504420] type=1400 audit(1785263871.848:46235): avc:  denied  { search } for  comm="top" name="1469" dev="proc" ino=717659 scontext=u:r:system_app:s0 tcontext=u:r:vendor_hal_qesdhal_default:s0 tclass=dir permissive=1
[  624.504737] type=1400 audit(1785263871.848:46236): avc:  denied  { open } for  comm="top" path="/proc/1542/stat" dev="proc" ino=718158 scontext=u:r:system_app:s0 tcontext=u:r:vendor_hal_qspa_default:s0 tclass=file permissive=1
[  625.154124] gen7_err_callback: 1435 callbacks suppressed
[  625.154138] kgsl kgsl-3d0: CP: AHB bus error, CP_RL_ERROR_DETAILS_0:0x10008e07 CP_RL_ERROR_DETAILS_1:0x12144
[  625.154156] kgsl kgsl-3d0: CP: AHB bus error, CP_RL_ERROR_DETAILS_0:0x10008e07 CP_RL_ERROR_DETAILS_1:0x12144
[  625.155897] audit: audit_lost=43659 audit_rate_limit=5 audit_backlog_limit=64
[  625.155902] audit: rate limit exceeded
[  625.157426] kgsl kgsl-3d0: CP: AHB bus error, CP_RL_ERROR_DETAILS_0:0x10008e07 CP_RL_ERROR_DETAILS_1:0x12144
[  625.157860] kgsl kgsl-3d0: CP: AHB bus error, CP_RL_ERROR_DETAILS_0:0x10008e07 CP_RL_ERROR_DETAILS_1:0x12144
[  625.157908] kgsl kgsl-3d0: CP: AHB bus error, CP_RL_ERROR_DETAILS_0:0x10008e07 CP_RL_ERROR_DETAILS_1:0x12144
[  625.170564] kgsl kgsl-3d0: CP: AHB bus error, CP_RL_ERROR_DETAILS_0:0x10008e07 CP_RL_ERROR_DETAILS_1:0x12144
[  625.170591] kgsl kgsl-3d0: CP: AHB bus error, CP_RL_ERROR_DETAILS_0:0x10008e07 CP_RL_ERROR_DETAILS_1:0x12144
[  625.173696] kgsl kgsl-3d0: CP: AHB bus error, CP_RL_ERROR_DETAILS_0:0x10008e07 CP_RL_ERROR_DETAILS_1:0x12144
[  625.174149] kgsl kgsl-3d0: CP: AHB bus error, CP_RL_ERROR_DETAILS_0:0x10008e07 CP_RL_ERROR_DETAILS_1:0x12144
[  625.174165] kgsl kgsl-3d0: CP: AHB bus error, CP_RL_ERROR_DETAILS_0:0x10008e07 CP_RL_ERROR_DETAILS_1:0x12144
[  625.191831] init: Control message: Could not find 'vendor.qti.diaghal@1.0::Idiag/default' for ctl.interface_start from pid: 754 (/system/bin/hwservicemanager)
[  625.543023] hid_aya_haptic_play: enter
[  625.543484] aya_haptic 0003:4001:0428.0002: aya_haptic_hid_report_work: left 1, right 1
[  625.543636] hid_aya_haptic_play: enter
[  625.544431] aya_haptic 0003:4001:0428.0002: aya_haptic_hid_report_work: left 1, right 1
[  625.562647] hid_aya_haptic_play: enter
[  625.562807] aya_haptic 0003:4001:0428.0002: aya_haptic_hid_report_work: left 13, right 13
[  625.562968] hid_aya_haptic_play: enter
[  625.563447] aya_haptic 0003:4001:0428.0002: aya_haptic_hid_report_work: left 27, right 27
[  625.582738] hid_aya_haptic_play: enter
[  625.582884] aya_haptic 0003:4001:0428.0002: aya_haptic_hid_report_work: left 1, right 1
[  625.583024] hid_aya_haptic_play: enter
[  625.583462] aya_haptic 0003:4001:0428.0002: aya_haptic_hid_report_work: left 1, right 1
[  625.602931] hid_aya_haptic_play: enter
[  625.603082] aya_haptic 0003:4001:0428.0002: aya_haptic_hid_report_work: left 1, right 1
[  625.603252] hid_aya_haptic_play: enter
[  625.603504] aya_haptic 0003:4001:0428.0002: aya_haptic_hid_report_work: left 1, right 1
[  625.622432] hid_aya_haptic_play: enter
[  625.622646] aya_haptic 0003:4001:0428.0002: aya_haptic_hid_report_work: left 1, right 1
[  625.622807] hid_aya_haptic_play: enter
[  625.623548] aya_haptic 0003:4001:0428.0002: aya_haptic_hid_report_work: left 2, right 2
[  625.643113] hid_aya_haptic_play: enter
[  625.643354] aya_haptic 0003:4001:0428.0002: aya_haptic_hid_report_work: left 1, right 1
[  625.643602] hid_aya_haptic_play: enter
[  625.644427] aya_haptic 0003:4001:0428.0002: aya_haptic_hid_report_work: left 3, right 3
[  625.662771] hid_aya_haptic_play: enter
[  625.662920] aya_haptic 0003:4001:0428.0002: aya_haptic_hid_report_work: left 6, right 6
[  625.663061] hid_aya_haptic_play: enter
[  625.663460] aya_haptic 0003:4001:0428.0002: aya_haptic_hid_report_work: left 12, right 12
[  625.683678] hid_aya_haptic_play: enter
[  625.683833] aya_haptic 0003:4001:0428.0002: aya_haptic_hid_report_work: left 10, right 10
[  625.683978] hid_aya_haptic_play: enter
[  625.684442] aya_haptic 0003:4001:0428.0002: aya_haptic_hid_report_work: left 20, right 20
[  625.702511] hid_aya_haptic_play: enter
[  625.702765] aya_haptic 0003:4001:0428.0002: aya_haptic_hid_report_work: left 7, right 7
[  625.702959] hid_aya_haptic_play: enter
[  625.703512] aya_haptic 0003:4001:0428.0002: aya_haptic_hid_report_work: left 14, right 14
[  625.722420] hid_aya_haptic_play: enter
[  625.722569] aya_haptic 0003:4001:0428.0002: aya_haptic_hid_report_work: left 2, right 2
[  625.722707] hid_aya_haptic_play: enter
[  625.723426] aya_haptic 0003:4001:0428.0002: aya_haptic_hid_report_work: left 4, right 4
[  625.742322] hid_aya_haptic_play: enter
[  625.742493] aya_haptic 0003:4001:0428.0002: aya_haptic_hid_report_work: left 1, right 1
[  625.742630] hid_aya_haptic_play: enter
[  625.743462] aya_haptic 0003:4001:0428.0002: aya_haptic_hid_report_work: left 3, right 3
[  625.762472] hid_aya_haptic_play: enter
[  625.762505] aya_haptic 0003:4001:0428.0002: aya_haptic_hid_report_work: left 1, right 1
[  625.762748] hid_aya_haptic_play: enter
[  625.764439] aya_haptic 0003:4001:0428.0002: aya_haptic_hid_report_work: left 3, right 3
[  625.782378] hid_aya_haptic_play: enter
[  625.782561] aya_haptic 0003:4001:0428.0002: aya_haptic_hid_report_work: left 1, right 1
[  625.782694] hid_aya_haptic_play: enter
[  625.783538] aya_haptic 0003:4001:0428.0002: aya_haptic_hid_report_work: left 1, right 1
[  625.802933] hid_aya_haptic_play: enter
[  625.803085] aya_haptic 0003:4001:0428.0002: aya_haptic_hid_report_work: left 1, right 1
[  625.803347] hid_aya_haptic_play: enter
[  625.803452] aya_haptic 0003:4001:0428.0002: aya_haptic_hid_report_work: left 1, right 1
[  625.823294] hid_aya_haptic_play: enter
[  625.823507] aya_haptic 0003:4001:0428.0002: aya_haptic_hid_report_work: left 1, right 1
[  625.823614] hid_aya_haptic_play: enter
[  625.824428] aya_haptic 0003:4001:0428.0002: aya_haptic_hid_report_work: left 1, right 1
[  625.843008] hid_aya_haptic_play: enter
[  625.843226] aya_haptic 0003:4001:0428.0002: aya_haptic_hid_report_work: left 1, right 1
[  625.843460] hid_aya_haptic_play: enter
[  625.843592] aya_haptic 0003:4001:0428.0002: aya_haptic_hid_report_work: left 1, right 1
[  625.862635] hid_aya_haptic_play: enter
[  625.862816] aya_haptic 0003:4001:0428.0002: aya_haptic_hid_report_work: left 1, right 1
[  625.862990] hid_aya_haptic_play: enter
[  625.863433] aya_haptic 0003:4001:0428.0002: aya_haptic_hid_report_work: left 1, right 1
[  625.882953] hid_aya_haptic_play: enter
[  625.883111] aya_haptic 0003:4001:0428.0002: aya_haptic_hid_report_work: left 1, right 1
[  625.883270] hid_aya_haptic_play: enter
[  625.883461] aya_haptic 0003:4001:0428.0002: aya_haptic_hid_report_work: left 1, right 1
[  625.902739] hid_aya_haptic_play: enter
[  625.902933] aya_haptic 0003:4001:0428.0002: aya_haptic_hid_report_work: left 1, right 1
[  625.903086] hid_aya_haptic_play: enter
[  625.903462] aya_haptic 0003:4001:0428.0002: aya_haptic_hid_report_work: left 1, right 1
[  625.922504] hid_aya_haptic_play: enter
[  625.922819] hid_aya_haptic_play: enter
[  625.922907] aya_haptic 0003:4001:0428.0002: aya_haptic_hid_report_work: left 1, right 1
[  625.942127] hid_aya_haptic_play: enter
[  625.942271] aya_haptic 0003:4001:0428.0002: aya_haptic_hid_report_work: left 1, right 1
[  625.942402] hid_aya_haptic_play: enter
[  625.943470] aya_haptic 0003:4001:0428.0002: aya_haptic_hid_report_work: left 1, right 1
[  625.962198] hid_aya_haptic_play: enter
[  625.962361] aya_haptic 0003:4001:0428.0002: aya_haptic_hid_report_work: left 1, right 1
[  625.962450] hid_aya_haptic_play: enter
[  625.963456] aya_haptic 0003:4001:0428.0002: aya_haptic_hid_report_work: left 1, right 1
[  625.982367] hid_aya_haptic_play: enter
[  625.982523] aya_haptic 0003:4001:0428.0002: aya_haptic_hid_report_work: left 1, right 1
[  625.982671] hid_aya_haptic_play: enter
[  625.983532] aya_haptic 0003:4001:0428.0002: aya_haptic_hid_report_work: left 1, right 1
[  626.002177] hid_aya_haptic_play: enter
[  626.002289] aya_haptic 0003:4001:0428.0002: aya_haptic_hid_report_work: left 1, right 1
[  626.002405] hid_aya_haptic_play: enter
[  626.003446] aya_haptic 0003:4001:0428.0002: aya_haptic_hid_report_work: left 1, right 1
[  626.022930] hid_aya_haptic_play: enter
[  626.023174] aya_haptic 0003:4001:0428.0002: aya_haptic_hid_report_work: left 1, right 1
[  626.023361] hid_aya_haptic_play: enter
[  626.023541] aya_haptic 0003:4001:0428.0002: aya_haptic_hid_report_work: left 1, right 1
[  626.042873] hid_aya_haptic_play: enter
[  626.043048] aya_haptic 0003:4001:0428.0002: aya_haptic_hid_report_work: left 1, right 1
[  626.043216] hid_aya_haptic_play: enter
[  626.043470] aya_haptic 0003:4001:0428.0002: aya_haptic_hid_report_work: left 1, right 1
[  626.062525] hid_aya_haptic_play: enter
[  626.062707] aya_haptic 0003:4001:0428.0002: aya_haptic_hid_report_work: left 1, right 1
[  626.062880] hid_aya_haptic_play: enter
[  626.063507] aya_haptic 0003:4001:0428.0002: aya_haptic_hid_report_work: left 1, right 1
[  626.083008] hid_aya_haptic_play: enter
[  626.083149] aya_haptic 0003:4001:0428.0002: aya_haptic_hid_report_work: left 1, right 1
[  626.083288] hid_aya_haptic_play: enter
[  626.083385] aya_haptic 0003:4001:0428.0002: aya_haptic_hid_report_work: left 1, right 1
[  626.108231] hid_aya_haptic_play: enter
[  626.108457] aya_haptic 0003:4001:0428.0002: aya_haptic_hid_report_work: left 1, right 1
[  626.108556] hid_aya_haptic_play: enter
[  626.109430] aya_haptic 0003:4001:0428.0002: aya_haptic_hid_report_work: left 1, right 1
[  626.123162] hid_aya_haptic_play: enter
[  626.123351] aya_haptic 0003:4001:0428.0002: aya_haptic_hid_report_work: left 1, right 1
[  626.123576] hid_aya_haptic_play: enter
[  626.124449] aya_haptic 0003:4001:0428.0002: aya_haptic_hid_report_work: left 1, right 1
[  626.143235] hid_aya_haptic_play: enter
[  626.143531] aya_haptic 0003:4001:0428.0002: aya_haptic_hid_report_work: left 1, right 1
[  626.143832] hid_aya_haptic_play: enter
[  626.144429] aya_haptic 0003:4001:0428.0002: aya_haptic_hid_report_work: left 1, right 1
[  626.163088] hid_aya_haptic_play: enter
[  626.163653] hid_aya_haptic_play: enter
[  626.163795] aya_haptic 0003:4001:0428.0002: aya_haptic_hid_report_work: left 1, right 1
[  626.183882] hid_aya_haptic_play: enter
[  626.184489] hid_aya_haptic_play: enter
[  626.184656] aya_haptic 0003:4001:0428.0002: aya_haptic_hid_report_work: left 1, right 1
[  626.192560] init: Control message: Could not find 'vendor.qti.diaghal@1.0::Idiag/default' for ctl.interface_start from pid: 754 (/system/bin/hwservicemanager)
[  626.204139] hid_aya_haptic_play: enter
[  626.204387] hid_aya_haptic_play: enter
[  626.204456] aya_haptic 0003:4001:0428.0002: aya_haptic_hid_report_work: left 1, right 1
[  626.222373] hid_aya_haptic_play: enter
[  626.222527] aya_haptic 0003:4001:0428.0002: aya_haptic_hid_report_work: left 1, right 1
[  626.222682] hid_aya_haptic_play: enter
[  626.223484] aya_haptic 0003:4001:0428.0002: aya_haptic_hid_report_work: left 1, right 1
[  626.242235] hid_aya_haptic_play: enter
[  626.242395] aya_haptic 0003:4001:0428.0002: aya_haptic_hid_report_work: left 1, right 1
[  626.242523] hid_aya_haptic_play: enter
[  626.243463] aya_haptic 0003:4001:0428.0002: aya_haptic_hid_report_work: left 1, right 1
[  626.258002] healthd: battery l=74 v=8004 t=35.0 h=2 st=3 c=-705889 fc=4162000 cc=0 chg=a
[  626.262342] hid_aya_haptic_play: enter
[  626.262460] aya_haptic 0003:4001:0428.0002: aya_haptic_hid_report_work: left 1, right 1
[  626.262542] hid_aya_haptic_play: enter
[  626.263445] aya_haptic 0003:4001:0428.0002: aya_haptic_hid_report_work: left 1, right 1
[  626.276037] audit: audit_lost=43669 audit_rate_limit=5 audit_backlog_limit=64
[  626.276042] audit: rate limit exceeded
[  626.276064] BATTERY_CHG: battery_psy_set_online: battery_psy_set_online: set online 1
[  626.282410] hid_aya_haptic_play: enter
[  626.282528] aya_haptic 0003:4001:0428.0002: aya_haptic_hid_report_work: left 1, right 1
[  626.282617] hid_aya_haptic_play: enter
[  626.283458] aya_haptic 0003:4001:0428.0002: aya_haptic_hid_report_work: left 1, right 1
[  626.331409] hid_aya_haptic_play: enter
[  626.331427] aya_haptic 0003:4001:0428.0002: aya_haptic_hid_report_work: left 0, right 0
[  627.194017] init: Control message: Could not find 'vendor.qti.diaghal@1.0::Idiag/default' for ctl.interface_start from pid: 754 (/system/bin/hwservicemanager)
[  627.502538] audit: audit_lost=43681 audit_rate_limit=5 audit_backlog_limit=64
[  627.502546] audit: rate limit exceeded
[  628.196350] init: Control message: Could not find 'vendor.qti.diaghal@1.0::Idiag/default' for ctl.interface_start from pid: 754 (/system/bin/hwservicemanager)
[  628.512157] audit: audit_lost=43696 audit_rate_limit=5 audit_backlog_limit=64
[  628.512163] audit: rate limit exceeded
[  628.819130] type=1400 audit(1785263876.160:46292): avc:  denied  { search } for  comm="sh" name="0" dev="tmpfs" ino=12 scontext=u:r:xsud:s0 tcontext=u:object_r:mnt_user_file:s0 tclass=dir permissive=1
[  628.819433] type=1400 audit(1785263876.160:46293): avc:  denied  { read } for  comm="sh" name="primary" dev="tmpfs" ino=42 scontext=u:r:xsud:s0 tcontext=u:object_r:mnt_user_file:s0 tclass=lnk_file permissive=1
[  629.129785] type=1400 audit(1785263876.472:46294): avc:  denied  { write } for  comm="Thread-1100" name="pulse_fifo_in" dev="dm-53" ino=332444 scontext=u:r:untrusted_app:s0:c183,c256,c512,c768 tcontext=u:object_r:app_data_file:s0 tclass=fifo_file permissive=1 app=com.kei.pulse
[  629.197494] init: Control message: Could not find 'vendor.qti.diaghal@1.0::Idiag/default' for ctl.interface_start from pid: 754 (/system/bin/hwservicemanager)
[  629.766064] type=1400 audit(1785263877.108:46295): avc:  denied  { read } for  comm="top" scontext=u:r:system_app:s0 tcontext=u:r:vendor_hal_usb_qti:s0 tclass=file permissive=1
[  629.767791] type=1400 audit(1785263877.108:46296): avc:  denied  { open } for  comm="top" path="/proc/1447/stat" dev="proc" ino=718090 scontext=u:r:system_app:s0 tcontext=u:r:vendor_hal_usb_qti:s0 tclass=file permissive=1
[  630.011171] type=1400 audit(1785263877.352:46297): avc:  denied  { syslog_read } for  comm="dmesg" scontext=u:r:xsud:s0 tcontext=u:r:kernel:s0 tclass=system permissive=1
[  630.011434] type=1400 audit(1785263877.352:46298): avc:  denied  { syslog_mod } for  comm="dmesg" scontext=u:r:xsud:s0 tcontext=u:r:kernel:s0 tclass=system permissive=1
[  630.159112] gen7_err_callback: 1444 callbacks suppressed
[  630.159152] kgsl kgsl-3d0: CP: AHB bus error, CP_RL_ERROR_DETAILS_0:0x10008e07 CP_RL_ERROR_DETAILS_1:0x12144
[  630.159740] kgsl kgsl-3d0: CP: AHB bus error, CP_RL_ERROR_DETAILS_0:0x10008e07 CP_RL_ERROR_DETAILS_1:0x12144
[  630.170552] kgsl kgsl-3d0: CP: AHB bus error, CP_RL_ERROR_DETAILS_0:0x10008e07 CP_RL_ERROR_DETAILS_1:0x12144
[  630.170596] kgsl kgsl-3d0: CP: AHB bus error, CP_RL_ERROR_DETAILS_0:0x10008e07 CP_RL_ERROR_DETAILS_1:0x12144
[  630.175856] kgsl kgsl-3d0: CP: AHB bus error, CP_RL_ERROR_DETAILS_0:0x10008e07 CP_RL_ERROR_DETAILS_1:0x12144
[  630.176434] kgsl kgsl-3d0: CP: AHB bus error, CP_RL_ERROR_DETAILS_0:0x10008e07 CP_RL_ERROR_DETAILS_1:0x12144
[  630.176475] kgsl kgsl-3d0: CP: AHB bus error, CP_RL_ERROR_DETAILS_0:0x10008e07 CP_RL_ERROR_DETAILS_1:0x12144
[  630.187975] kgsl kgsl-3d0: CP: AHB bus error, CP_RL_ERROR_DETAILS_0:0x10008e07 CP_RL_ERROR_DETAILS_1:0x12144
[  630.192027] kgsl kgsl-3d0: CP: AHB bus error, CP_RL_ERROR_DETAILS_0:0x10008e07 CP_RL_ERROR_DETAILS_1:0x12144
[  630.192604] kgsl kgsl-3d0: CP: AHB bus error, CP_RL_ERROR_DETAILS_0:0x10008e07 CP_RL_ERROR_DETAILS_1:0x12144
[  630.200345] init: Control message: Could not find 'vendor.qti.diaghal@1.0::Idiag/default' for ctl.interface_start from pid: 754 (/system/bin/hwservicemanager)
[  630.500266] type=1400 audit(1785263877.844:46299): avc:  denied  { read } for  comm="top" scontext=u:r:system_app:s0 tcontext=u:r:hal_power_default:s0 tclass=file permissive=1
[  630.500419] type=1400 audit(1785263877.844:46300): avc:  denied  { read } for  comm="top" scontext=u:r:system_app:s0 tcontext=u:r:vendor_qwesd:s0 tclass=file permissive=1
[  630.501201] audit: audit_lost=43698 audit_rate_limit=5 audit_backlog_limit=64
[  630.501204] audit: rate limit exceeded
[  630.501289] type=1400 audit(1785263877.844:46301): avc:  denied  { getattr } for  comm="top" path="/proc/1386" dev="proc" ino=717651 scontext=u:r:system_app:s0 tcontext=u:r:hal_ir_default:s0 tclass=dir permissive=1
[  631.201463] init: Control message: Could not find 'vendor.qti.diaghal@1.0::Idiag/default' for ctl.interface_start from pid: 754 (/system/bin/hwservicemanager)
[  632.202708] init: Control message: Could not find 'vendor.qti.diaghal@1.0::Idiag/default' for ctl.interface_start from pid: 754 (/system/bin/hwservicemanager)
[  632.505320] audit: audit_lost=43708 audit_rate_limit=5 audit_backlog_limit=64
[  632.505324] audit: rate limit exceeded
[  633.205931] init: Control message: Could not find 'vendor.qti.diaghal@1.0::Idiag/default' for ctl.interface_start from pid: 754 (/system/bin/hwservicemanager)
[  633.590739] audit: audit_lost=43721 audit_rate_limit=5 audit_backlog_limit=64
[  633.590750] audit: rate limit exceeded
[  634.207639] init: Control message: Could not find 'vendor.qti.diaghal@1.0::Idiag/default' for ctl.interface_start from pid: 754 (/system/bin/hwservicemanager)
[  635.160152] gen7_err_callback: 2950 callbacks suppressed
[  635.160166] kgsl kgsl-3d0: CP: AHB bus error, CP_RL_ERROR_DETAILS_0:0x10008e07 CP_RL_ERROR_DETAILS_1:0x12144
[  635.160187] kgsl kgsl-3d0: CP: AHB bus error, CP_RL_ERROR_DETAILS_0:0x10008e07 CP_RL_ERROR_DETAILS_1:0x12144
[  635.164667] kgsl kgsl-3d0: CP: AHB bus error, CP_RL_ERROR_DETAILS_0:0x10008e07 CP_RL_ERROR_DETAILS_1:0x12144
[  635.164686] kgsl kgsl-3d0: CP: AHB bus error, CP_RL_ERROR_DETAILS_0:0x10008e07 CP_RL_ERROR_DETAILS_1:0x12144
[  635.167509] kgsl kgsl-3d0: CP: AHB bus error, CP_RL_ERROR_DETAILS_0:0x10008e07 CP_RL_ERROR_DETAILS_1:0x12144
[  635.167526] kgsl kgsl-3d0: CP: AHB bus error, CP_RL_ERROR_DETAILS_0:0x10008e07 CP_RL_ERROR_DETAILS_1:0x12144
[  635.170447] kgsl kgsl-3d0: CP: AHB bus error, CP_RL_ERROR_DETAILS_0:0x10008e07 CP_RL_ERROR_DETAILS_1:0x12144
[  635.170464] kgsl kgsl-3d0: CP: AHB bus error, CP_RL_ERROR_DETAILS_0:0x10008e07 CP_RL_ERROR_DETAILS_1:0x12144
[  635.170491] kgsl kgsl-3d0: CP: AHB bus error, CP_RL_ERROR_DETAILS_0:0x10008e07 CP_RL_ERROR_DETAILS_1:0x12144
[  635.174411] kgsl kgsl-3d0: CP: AHB bus error, CP_RL_ERROR_DETAILS_0:0x10008e07 CP_RL_ERROR_DETAILS_1:0x12144
[  635.208667] init: Control message: Could not find 'vendor.qti.diaghal@1.0::Idiag/default' for ctl.interface_start from pid: 754 (/system/bin/hwservicemanager)
[  635.227750] type=1400 audit(1785263882.568:46341): avc:  denied  { execute } for  comm="DefaultDispatch" name="xsu" dev="dm-11" ino=188 scontext=u:r:untrusted_app:s0:c183,c256,c512,c768 tcontext=u:object_r:xsu_exec:s0 tclass=file permissive=1 app=com.kei.pulse
[  635.228134] type=1400 audit(1785263882.568:46342): avc:  denied  { read open } for  comm="DefaultDispatch" path="/product/bin/xsu" dev="dm-11" ino=188 scontext=u:r:untrusted_app:s0:c183,c256,c512,c768 tcontext=u:object_r:xsu_exec:s0 tclass=file permissive=1 app=com.kei.pulse
[  635.228243] type=1400 audit(1785263882.568:46343): avc:  denied  { execute_no_trans } for  comm="DefaultDispatch" path="/product/bin/xsu" dev="dm-11" ino=188 scontext=u:r:untrusted_app:s0:c183,c256,c512,c768 tcontext=u:object_r:xsu_exec:s0 tclass=file permissive=1 app=com.kei.pulse
[  635.228315] type=1400 audit(1785263882.572:46344): avc:  denied  { map } for  comm="xsu" path="/product/bin/xsu" dev="dm-11" ino=188 scontext=u:r:untrusted_app:s0:c183,c256,c512,c768 tcontext=u:object_r:xsu_exec:s0 tclass=file permissive=1 app=com.kei.pulse
[  635.231849] type=1400 audit(1785263882.572:46345): avc:  denied  { getattr } for  comm="xsu" path="/product/bin/xsu" dev="dm-11" ino=188 scontext=u:r:untrusted_app:s0:c183,c256,c512,c768 tcontext=u:object_r:xsu_exec:s0 tclass=file permissive=1 app=com.kei.pulse
[  635.241780] audit: audit_lost=43727 audit_rate_limit=5 audit_backlog_limit=64
[  635.241786] audit: rate limit exceeded
[  635.290722] servicemanager: Found vendor.qti.hardware.perf2.IPerf/default in device VINTF manifest.
[  635.295149] init: Control message: Could not find 'vendor.qti.diaghal@1.0::Idiag/default' for ctl.interface_start from pid: 754 (/system/bin/hwservicemanager)
[  635.295362] init: Control message: Could not find 'vendor.qti.diaghal@1.0::Idiag/default' for ctl.interface_start from pid: 754 (/system/bin/hwservicemanager)
[  635.872877] wcd-usbss-i2c-driver 1-000e: wcd_usbss_is_in_reset_state: Surge check #3 failed
[  636.297716] init: Control message: Could not find 'vendor.qti.diaghal@1.0::Idiag/default' for ctl.interface_start from pid: 754 (/system/bin/hwservicemanager)
[  636.496370] audit: audit_lost=43929 audit_rate_limit=5 audit_backlog_limit=64
[  636.496375] audit: rate limit exceeded
[  636.496792] type=1400 audit(1785263883.840:46548): avc:  denied  { read } for  comm="top" scontext=u:r:system_app:s0 tcontext=u:r:vendor_hal_spu_qti:s0 tclass=file permissive=1
[  636.496956] type=1400 audit(1785263883.840:46549): avc:  denied  { read } for  comm="top" scontext=u:r:system_app:s0 tcontext=u:r:vendor_hal_poweroptservice_qti:s0 tclass=file permissive=1
[  636.497022] type=1400 audit(1785263883.840:46550): avc:  denied  { read } for  comm="top" scontext=u:r:system_app:s0 tcontext=u:r:vendor_hal_qesdhal_default:s0 tclass=file permissive=1
[  636.497093] type=1400 audit(1785263883.840:46551): avc:  denied  { read } for  comm="top" scontext=u:r:system_app:s0 tcontext=u:r:vendor_qesdsect:s0 tclass=file permissive=1
[  636.497196] type=1400 audit(1785263883.840:46552): avc:  denied  { read } for  comm="top" scontext=u:r:system_app:s0 tcontext=u:r:hal_fingerprint_default:s0 tclass=file permissive=1
[  637.298438] init: Control message: Could not find 'vendor.qti.diaghal@1.0::Idiag/default' for ctl.interface_start from pid: 754 (/system/bin/hwservicemanager)
[  637.501001] audit: audit_lost=44025 audit_rate_limit=5 audit_backlog_limit=64
[  637.501006] audit: rate limit exceeded
[  638.298923] init: Control message: Could not find 'vendor.qti.diaghal@1.0::Idiag/default' for ctl.interface_start from pid: 754 (/system/bin/hwservicemanager)
[  639.301640] init: Control message: Could not find 'vendor.qti.diaghal@1.0::Idiag/default' for ctl.interface_start from pid: 754 (/system/bin/hwservicemanager)
[  639.509626] audit: audit_lost=44062 audit_rate_limit=5 audit_backlog_limit=64
[  639.509637] audit: rate limit exceeded
[  640.167492] gen7_err_callback: 2962 callbacks suppressed
[  640.167503] kgsl kgsl-3d0: CP: AHB bus error, CP_RL_ERROR_DETAILS_0:0x10008e07 CP_RL_ERROR_DETAILS_1:0x12144
[  640.167523] kgsl kgsl-3d0: CP: AHB bus error, CP_RL_ERROR_DETAILS_0:0x10008e07 CP_RL_ERROR_DETAILS_1:0x12144
[  640.169539] kgsl kgsl-3d0: CP: AHB bus error, CP_RL_ERROR_DETAILS_0:0x10008e07 CP_RL_ERROR_DETAILS_1:0x12144
[  640.169557] kgsl kgsl-3d0: CP: AHB bus error, CP_RL_ERROR_DETAILS_0:0x10008e07 CP_RL_ERROR_DETAILS_1:0x12144
[  640.170637] kgsl kgsl-3d0: CP: AHB bus error, CP_RL_ERROR_DETAILS_0:0x10008e07 CP_RL_ERROR_DETAILS_1:0x12144
[  640.170655] kgsl kgsl-3d0: CP: AHB bus error, CP_RL_ERROR_DETAILS_0:0x10008e07 CP_RL_ERROR_DETAILS_1:0x12144
[  640.174785] kgsl kgsl-3d0: CP: AHB bus error, CP_RL_ERROR_DETAILS_0:0x10008e07 CP_RL_ERROR_DETAILS_1:0x12144
[  640.179177] kgsl kgsl-3d0: CP: AHB bus error, CP_RL_ERROR_DETAILS_0:0x10008e07 CP_RL_ERROR_DETAILS_1:0x12144
[  640.179204] kgsl kgsl-3d0: CP: AHB bus error, CP_RL_ERROR_DETAILS_0:0x10008e07 CP_RL_ERROR_DETAILS_1:0x12144
[  640.184833] kgsl kgsl-3d0: CP: AHB bus error, CP_RL_ERROR_DETAILS_0:0x10008e07 CP_RL_ERROR_DETAILS_1:0x12144
[  640.305205] init: Control message: Could not find 'vendor.qti.diaghal@1.0::Idiag/default' for ctl.interface_start from pid: 754 (/system/bin/hwservicemanager)
[  640.493549] type=1400 audit(1785263887.836:46705): avc:  denied  { read } for  comm="top" scontext=u:r:system_app:s0 tcontext=u:r:vendor_hal_qspmhal_default:s0 tclass=file permissive=1
[  640.493887] type=1400 audit(1785263887.836:46706): avc:  denied  { read } for  comm="top" scontext=u:r:system_app:s0 tcontext=u:r:vendor_qspmsvc:s0 tclass=file permissive=1
[  640.494417] type=1400 audit(1785263887.836:46707): avc:  denied  { read } for  comm="top" scontext=u:r:system_app:s0 tcontext=u:r:vendor_hal_identity_qti:s0 tclass=file permissive=1
[  640.494491] type=1400 audit(1785263887.836:46708): avc:  denied  { open } for  comm="top" path="/proc/1380/stat" dev="proc" ino=756419 scontext=u:r:system_app:s0 tcontext=u:r:vendor_hal_identity_qti:s0 tclass=file permissive=1
[  640.494553] type=1400 audit(1785263887.836:46709): avc:  denied  { read } for  comm="top" scontext=u:r:system_app:s0 tcontext=u:r:hal_ir_default:s0 tclass=file permissive=1
[  640.748247] audit: audit_lost=44082 audit_rate_limit=5 audit_backlog_limit=64
[  640.748252] audit: rate limit exceeded
[  641.308010] init: Control message: Could not find 'vendor.qti.diaghal@1.0::Idiag/default' for ctl.interface_start from pid: 754 (/system/bin/hwservicemanager)
[  641.576521] type=1400 audit(1785263888.920:46726): avc:  denied  { write } for  comm="sh" name="pwm1" dev="sysfs" ino=115174 scontext=u:r:xsud:s0 tcontext=u:object_r:sysfs:s0 tclass=file permissive=1
[  641.576663] type=1400 audit(1785263888.920:46727): avc:  denied  { open } for  comm="sh" path="/sys/devices/platform/soc/soc:pwm-fan/hwmon/hwmon0/pwm1" dev="sysfs" ino=115174 scontext=u:r:xsud:s0 tcontext=u:object_r:sysfs:s0 tclass=file permissive=1
[  641.604248] type=1400 audit(1785263888.948:46728): avc:  denied  { open } for  comm="DefaultDispatch" path="/proc/stat" dev="proc" ino=4026532011 scontext=u:r:untrusted_app:s0:c183,c256,c512,c768 tcontext=u:object_r:proc_stat:s0 tclass=file permissive=1 app=com.kei.pulse
[  641.605276] type=1400 audit(1785263888.948:46729): avc:  denied  { getattr } for  comm="DefaultDispatch" path="/proc/stat" dev="proc" ino=4026532011 scontext=u:r:untrusted_app:s0:c183,c256,c512,c768 tcontext=u:object_r:proc_stat:s0 tclass=file permissive=1 app=com.kei.pulse
[  642.308994] init: Control message: Could not find 'vendor.qti.diaghal@1.0::Idiag/default' for ctl.interface_start from pid: 754 (/system/bin/hwservicemanager)
[  642.491824] audit: audit_lost=44087 audit_rate_limit=5 audit_backlog_limit=64
[  642.491828] audit: rate limit exceeded
[  642.492092] type=1400 audit(1785263889.836:46730): avc:  denied  { read } for  comm="top" scontext=u:r:system_app:s0 tcontext=u:r:vendor_hal_usb_qti:s0 tclass=file permissive=1
[  643.310318] init: Control message: Could not find 'vendor.qti.diaghal@1.0::Idiag/default' for ctl.interface_start from pid: 754 (/system/bin/hwservicemanager)
[  644.311327] init: Control message: Could not find 'vendor.qti.diaghal@1.0::Idiag/default' for ctl.interface_start from pid: 754 (/system/bin/hwservicemanager)
[  644.493848] audit: audit_lost=44102 audit_rate_limit=5 audit_backlog_limit=64
[  644.493853] audit: rate limit exceeded
[  645.171439] gen7_err_callback: 2459 callbacks suppressed
[  645.171450] kgsl kgsl-3d0: CP: AHB bus error, CP_RL_ERROR_DETAILS_0:0x10008e07 CP_RL_ERROR_DETAILS_1:0x12144
[  645.171469] kgsl kgsl-3d0: CP: AHB bus error, CP_RL_ERROR_DETAILS_0:0x10008e07 CP_RL_ERROR_DETAILS_1:0x12144
[  645.175799] kgsl kgsl-3d0: CP: AHB bus error, CP_RL_ERROR_DETAILS_0:0x10008e07 CP_RL_ERROR_DETAILS_1:0x12144
[  645.177814] kgsl kgsl-3d0: CP: AHB bus error, CP_RL_ERROR_DETAILS_0:0x10008e07 CP_RL_ERROR_DETAILS_1:0x12144
[  645.177842] kgsl kgsl-3d0: CP: AHB bus error, CP_RL_ERROR_DETAILS_0:0x10008e07 CP_RL_ERROR_DETAILS_1:0x12144
[  645.181400] kgsl kgsl-3d0: CP: AHB bus error, CP_RL_ERROR_DETAILS_0:0x10008e07 CP_RL_ERROR_DETAILS_1:0x12144
[  645.181418] kgsl kgsl-3d0: CP: AHB bus error, CP_RL_ERROR_DETAILS_0:0x10008e07 CP_RL_ERROR_DETAILS_1:0x12144
[  645.186197] kgsl kgsl-3d0: CP: AHB bus error, CP_RL_ERROR_DETAILS_0:0x10008e07 CP_RL_ERROR_DETAILS_1:0x12144
[  645.186216] kgsl kgsl-3d0: CP: AHB bus error, CP_RL_ERROR_DETAILS_0:0x10008e07 CP_RL_ERROR_DETAILS_1:0x12144
[  645.187635] kgsl kgsl-3d0: CP: AHB bus error, CP_RL_ERROR_DETAILS_0:0x10008e07 CP_RL_ERROR_DETAILS_1:0x12144
[  645.314445] init: Control message: Could not find 'vendor.qti.diaghal@1.0::Idiag/default' for ctl.interface_start from pid: 754 (/system/bin/hwservicemanager)
[  645.495935] type=1400 audit(1785263892.840:46771): avc:  denied  { read } for  comm="top" scontext=u:r:system_app:s0 tcontext=u:r:vendor_hal_capabilityconfigstore_qti_default:s0 tclass=file permissive=1
[  645.496021] type=1400 audit(1785263892.840:46772): avc:  denied  { read } for  comm="top" scontext=u:r:system_app:s0 tcontext=u:r:vendor_per_proxy:s0 tclass=file permissive=1
[  645.497662] type=1400 audit(1785263892.840:46773): avc:  denied  { getattr } for  comm="top" path="/proc/1073" dev="proc" ino=756360 scontext=u:r:system_app:s0 tcontext=u:r:vendor_hal_keymint_spu_qti:s0 tclass=dir permissive=1
[  645.497736] type=1400 audit(1785263892.840:46774): avc:  denied  { search } for  comm="top" name="1073" dev="proc" ino=756360 scontext=u:r:system_app:s0 tcontext=u:r:vendor_hal_keymint_spu_qti:s0 tclass=dir permissive=1
[  645.498253] type=1400 audit(1785263892.840:46775): avc:  denied  { open } for  comm="top" path="/proc/1483/stat" dev="proc" ino=756467 scontext=u:r:system_app:s0 tcontext=u:r:vendor_hal_capabilityconfigstore_qti_default:s0 tclass=file permissive=1
[  645.498746] audit: audit_lost=44117 audit_rate_limit=5 audit_backlog_limit=64
[  645.498750] audit: rate limit exceeded
[  646.313736] init: Control message: Could not find 'vendor.qti.diaghal@1.0::Idiag/default' for ctl.interface_start from pid: 754 (/system/bin/hwservicemanager)
[  646.743538] type=1400 audit(1785263894.084:46778): avc:  denied  { read } for  comm="top" scontext=u:r:system_app:s0 tcontext=u:r:vendor_qesdsect:s0 tclass=file permissive=1
[  646.745116] type=1400 audit(1785263894.088:46779): avc:  denied  { open } for  comm="top" path="/proc/1473/stat" dev="proc" ino=756459 scontext=u:r:system_app:s0 tcontext=u:r:vendor_qesdsect:s0 tclass=file permissive=1
[  647.314724] init: Control message: Could not find 'vendor.qti.diaghal@1.0::Idiag/default' for ctl.interface_start from pid: 754 (/system/bin/hwservicemanager)
[  647.486047] type=1400 audit(1785263894.828:46780): avc:  denied  { read } for  comm="top" scontext=u:r:system_app:s0 tcontext=u:r:vendor_hal_qesdhal_default:s0 tclass=file permissive=1
[  647.487870] type=1400 audit(1785263894.828:46781): avc:  denied  { open } for  comm="top" path="/proc/1469/stat" dev="proc" ino=756455 scontext=u:r:system_app:s0 tcontext=u:r:vendor_hal_qesdhal_default:s0 tclass=file permissive=1
[  647.488172] audit: audit_lost=44119 audit_rate_limit=5 audit_backlog_limit=64
[  647.488175] audit: rate limit exceeded
[  647.488234] type=1400 audit(1785263894.832:46782): avc:  denied  { getattr } for  comm="top" path="/proc/1542" dev="proc" ino=756382 scontext=u:r:system_app:s0 tcontext=u:r:vendor_hal_qspa_default:s0 tclass=dir permissive=1
[  648.315858] init: Control message: Could not find 'vendor.qti.diaghal@1.0::Idiag/default' for ctl.interface_start from pid: 754 (/system/bin/hwservicemanager)
[  648.743986] audit: audit_lost=44122 audit_rate_limit=5 audit_backlog_limit=64
[  648.743992] audit: rate limit exceeded
[  649.317134] init: Control message: Could not find 'vendor.qti.diaghal@1.0::Idiag/default' for ctl.interface_start from pid: 754 (/system/bin/hwservicemanager)
[  650.175665] gen7_err_callback: 3057 callbacks suppressed
[  650.175684] kgsl kgsl-3d0: CP: AHB bus error, CP_RL_ERROR_DETAILS_0:0x10008e07 CP_RL_ERROR_DETAILS_1:0x12144
[  650.177384] kgsl kgsl-3d0: CP: AHB bus error, CP_RL_ERROR_DETAILS_0:0x10008e07 CP_RL_ERROR_DETAILS_1:0x12144
[  650.177414] kgsl kgsl-3d0: CP: AHB bus error, CP_RL_ERROR_DETAILS_0:0x10008e07 CP_RL_ERROR_DETAILS_1:0x12144
[  650.181220] kgsl kgsl-3d0: CP: AHB bus error, CP_RL_ERROR_DETAILS_0:0x10008e07 CP_RL_ERROR_DETAILS_1:0x12144
[  650.184615] kgsl kgsl-3d0: CP: AHB bus error, CP_RL_ERROR_DETAILS_0:0x10008e07 CP_RL_ERROR_DETAILS_1:0x12144
[  650.184644] kgsl kgsl-3d0: CP: AHB bus error, CP_RL_ERROR_DETAILS_0:0x10008e07 CP_RL_ERROR_DETAILS_1:0x12144
[  650.189298] kgsl kgsl-3d0: CP: AHB bus error, CP_RL_ERROR_DETAILS_0:0x10008e07 CP_RL_ERROR_DETAILS_1:0x12144
[  650.189320] kgsl kgsl-3d0: CP: AHB bus error, CP_RL_ERROR_DETAILS_0:0x10008e07 CP_RL_ERROR_DETAILS_1:0x12144
[  650.189337] kgsl kgsl-3d0: CP: AHB bus error, CP_RL_ERROR_DETAILS_0:0x10008e07 CP_RL_ERROR_DETAILS_1:0x12144
[  650.189357] kgsl kgsl-3d0: CP: AHB bus error, CP_RL_ERROR_DETAILS_0:0x10008e07 CP_RL_ERROR_DETAILS_1:0x12144
[  650.241665] audit: audit_lost=44124 audit_rate_limit=5 audit_backlog_limit=64
[  650.241675] audit: rate limit exceeded
[  650.318565] init: Control message: Could not find 'vendor.qti.diaghal@1.0::Idiag/default' for ctl.interface_start from pid: 754 (/system/bin/hwservicemanager)
[  650.978304] wcd-usbss-i2c-driver 1-000e: wcd_usbss_is_in_reset_state: Surge check #3 failed
[  651.143039] hid_aya_haptic_play: enter
[  651.143675] aya_haptic 0003:4001:0428.0002: aya_haptic_hid_report_work: left 6, right 6
[  651.143813] hid_aya_haptic_play: enter
[  651.144686] aya_haptic 0003:4001:0428.0002: aya_haptic_hid_report_work: left 6, right 6
[  651.162535] hid_aya_haptic_play: enter
[  651.162752] aya_haptic 0003:4001:0428.0002: aya_haptic_hid_report_work: left 1, right 1
[  651.162875] hid_aya_haptic_play: enter
[  651.163661] aya_haptic 0003:4001:0428.0002: aya_haptic_hid_report_work: left 1, right 1
[  651.211417] hid_aya_haptic_play: enter
[  651.211449] aya_haptic 0003:4001:0428.0002: aya_haptic_hid_report_work: left 0, right 0
[  651.319323] init: Control message: Could not find 'vendor.qti.diaghal@1.0::Idiag/default' for ctl.interface_start from pid: 754 (/system/bin/hwservicemanager)
[  651.484945] audit: audit_lost=44148 audit_rate_limit=5 audit_backlog_limit=64
[  651.484950] audit: rate limit exceeded
[  651.485342] type=1400 audit(1785263898.828:46822): avc:  denied  { getattr } for  comm="top" path="/proc/754" dev="proc" ino=764899 scontext=u:r:system_app:s0 tcontext=u:r:hwservicemanager:s0 tclass=dir permissive=1
[  651.485690] type=1400 audit(1785263898.828:46823): avc:  denied  { read } for  comm="top" scontext=u:r:system_app:s0 tcontext=u:r:hwservicemanager:s0 tclass=file permissive=1
[  651.485835] type=1400 audit(1785263898.828:46824): avc:  denied  { search } for  comm="top" name="754" dev="proc" ino=764899 scontext=u:r:system_app:s0 tcontext=u:r:hwservicemanager:s0 tclass=dir permissive=1
[  651.485968] type=1400 audit(1785263898.828:46825): avc:  denied  { open } for  comm="top" path="/proc/754/stat" dev="proc" ino=756388 scontext=u:r:system_app:s0 tcontext=u:r:hwservicemanager:s0 tclass=file permissive=1
[  651.486103] type=1400 audit(1785263898.828:46826): avc:  denied  { getattr } for  comm="top" path="/proc/756" dev="proc" ino=756355 scontext=u:r:system_app:s0 tcontext=u:r:vndservicemanager:s0 tclass=dir permissive=1
[  652.321010] init: Control message: Could not find 'vendor.qti.diaghal@1.0::Idiag/default' for ctl.interface_start from pid: 754 (/system/bin/hwservicemanager)
[  652.594019] type=1400 audit(1785263899.936:46850): avc:  denied  { read } for  comm="dmesg" name="kmsg" dev="tmpfs" ino=5 scontext=u:r:xsud:s0 tcontext=u:object_r:kmsg_device:s0 tclass=chr_file permissive=1
[  652.594146] type=1400 audit(1785263899.936:46851): avc:  denied  { open } for  comm="dmesg" path="/dev/kmsg" dev="tmpfs" ino=5 scontext=u:r:xsud:s0 tcontext=u:object_r:kmsg_device:s0 tclass=chr_file permissive=1
[  653.217208] type=1400 audit(1785263900.560:46852): avc:  denied  { search } for  comm="sh" name="/" dev="fuse" ino=131 scontext=u:r:xsud:s0 tcontext=u:object_r:fuse:s0 tclass=dir permissive=1
[  653.323942] init: Control message: Could not find 'vendor.qti.diaghal@1.0::Idiag/default' for ctl.interface_start from pid: 754 (/system/bin/hwservicemanager)
[  653.487102] type=1400 audit(1785263900.828:46853): avc:  denied  { read } for  comm="top" name="pid_max" dev="proc" ino=756353 scontext=u:r:system_app:s0 tcontext=u:object_r:proc_pid_max:s0 tclass=file permissive=1
[  653.487459] audit: audit_lost=44171 audit_rate_limit=5 audit_backlog_limit=64
[  653.487461] audit: rate limit exceeded
[  653.489866] type=1400 audit(1785263900.828:46854): avc:  denied  { open } for  comm="top" path="/proc/sys/kernel/pid_max" dev="proc" ino=756353 scontext=u:r:system_app:s0 tcontext=u:object_r:proc_pid_max:s0 tclass=file permissive=1
[  654.324656] init: Control message: Could not find 'vendor.qti.diaghal@1.0::Idiag/default' for ctl.interface_start from pid: 754 (/system/bin/hwservicemanager)
[  655.109207] audit: audit_lost=44187 audit_rate_limit=5 audit_backlog_limit=64
[  655.109216] audit: rate limit exceeded
[  655.180770] gen7_err_callback: 3075 callbacks suppressed
[  655.180780] kgsl kgsl-3d0: CP: AHB bus error, CP_RL_ERROR_DETAILS_0:0x10008e07 CP_RL_ERROR_DETAILS_1:0x12144
[  655.184997] kgsl kgsl-3d0: CP: AHB bus error, CP_RL_ERROR_DETAILS_0:0x10008e07 CP_RL_ERROR_DETAILS_1:0x12144
[  655.185014] kgsl kgsl-3d0: CP: AHB bus error, CP_RL_ERROR_DETAILS_0:0x10008e07 CP_RL_ERROR_DETAILS_1:0x12144
[  655.188181] kgsl kgsl-3d0: CP: AHB bus error, CP_RL_ERROR_DETAILS_0:0x10008e07 CP_RL_ERROR_DETAILS_1:0x12144
[  655.188202] kgsl kgsl-3d0: CP: AHB bus error, CP_RL_ERROR_DETAILS_0:0x10008e07 CP_RL_ERROR_DETAILS_1:0x12144
[  655.188216] kgsl kgsl-3d0: CP: AHB bus error, CP_RL_ERROR_DETAILS_0:0x10008e07 CP_RL_ERROR_DETAILS_1:0x12144
[  655.188256] kgsl kgsl-3d0: CP: AHB bus error, CP_RL_ERROR_DETAILS_0:0x10008e07 CP_RL_ERROR_DETAILS_1:0x12144
[  655.191648] kgsl kgsl-3d0: CP: AHB bus error, CP_RL_ERROR_DETAILS_0:0x10008e07 CP_RL_ERROR_DETAILS_1:0x12144
[  655.193559] kgsl kgsl-3d0: CP: AHB bus error, CP_RL_ERROR_DETAILS_0:0x10008e07 CP_RL_ERROR_DETAILS_1:0x12144
[  655.193587] kgsl kgsl-3d0: CP: AHB bus error, CP_RL_ERROR_DETAILS_0:0x10008e07 CP_RL_ERROR_DETAILS_1:0x12144
[  655.327793] init: Control message: Could not find 'vendor.qti.diaghal@1.0::Idiag/default' for ctl.interface_start from pid: 754 (/system/bin/hwservicemanager)
[  655.400760] servicemanager: Found vendor.qti.hardware.perf2.IPerf/default in device VINTF manifest.
[  655.405809] init: Control message: Could not find 'vendor.qti.diaghal@1.0::Idiag/default' for ctl.interface_start from pid: 754 (/system/bin/hwservicemanager)
[  655.406807] init: Control message: Could not find 'vendor.qti.diaghal@1.0::Idiag/default' for ctl.interface_start from pid: 754 (/system/bin/hwservicemanager)
[  655.663287] hid_aya_haptic_play: enter
[  655.663780] aya_haptic 0003:4001:0428.0002: aya_haptic_hid_report_work: left 6, right 6
[  655.664216] hid_aya_haptic_play: enter
[  655.664712] aya_haptic 0003:4001:0428.0002: aya_haptic_hid_report_work: left 6, right 6
[  655.682190] hid_aya_haptic_play: enter
[  655.682385] aya_haptic 0003:4001:0428.0002: aya_haptic_hid_report_work: left 1, right 1
[  655.682569] hid_aya_haptic_play: enter
[  655.682717] aya_haptic 0003:4001:0428.0002: aya_haptic_hid_report_work: left 1, right 1
[  655.731405] hid_aya_haptic_play: enter
[  655.731427] aya_haptic 0003:4001:0428.0002: aya_haptic_hid_report_work: left 0, right 0
[  656.408239] init: Control message: Could not find 'vendor.qti.diaghal@1.0::Idiag/default' for ctl.interface_start from pid: 754 (/system/bin/hwservicemanager)
[  656.471316] audit: audit_lost=44410 audit_rate_limit=5 audit_backlog_limit=64
[  656.471324] audit: rate limit exceeded
[  656.496906] hid_aya_haptic_play: enter
[  656.497008] aya_haptic 0003:4001:0428.0002: aya_haptic_hid_report_work: left 6, right 6
[  656.497940] hid_aya_haptic_play: enter
[  656.498079] aya_haptic 0003:4001:0428.0002: aya_haptic_hid_report_work: left 6, right 6
[  656.514940] hid_aya_haptic_play: enter
[  656.515125] aya_haptic 0003:4001:0428.0002: aya_haptic_hid_report_work: left 1, right 1
[  656.515290] hid_aya_haptic_play: enter
[  656.515717] aya_haptic 0003:4001:0428.0002: aya_haptic_hid_report_work: left 1, right 1
[  656.563416] hid_aya_haptic_play: enter
[  656.563560] aya_haptic 0003:4001:0428.0002: aya_haptic_hid_report_work: left 0, right 0
[  657.254259] type=1400 audit(1785263904.596:47159): avc:  denied  { syslog } for  comm="dmesg" capability=34  scontext=u:r:xsud:s0 tcontext=u:r:xsud:s0 tclass=capability2 permissive=1
[  657.409054] init: Control message: Could not find 'vendor.qti.diaghal@1.0::Idiag/default' for ctl.interface_start from pid: 754 (/system/bin/hwservicemanager)
[  657.479032] type=1400 audit(1785263904.820:47160): avc:  denied  { read } for  comm="top" scontext=u:r:system_app:s0 tcontext=u:r:vendor_hal_identity_qti:s0 tclass=file permissive=1
[  657.479312] type=1400 audit(1785263904.820:47161): avc:  denied  { read } for  comm="top" scontext=u:r:system_app:s0 tcontext=u:r:hal_ir_default:s0 tclass=file permissive=1
[  657.479428] type=1400 audit(1785263904.820:47162): avc:  denied  { read } for  comm="top" scontext=u:r:system_app:s0 tcontext=u:r:vendor_qspmsvc:s0 tclass=file permissive=1
[  657.479875] type=1400 audit(1785263904.824:47163): avc:  denied  { open } for  comm="top" path="/proc/1380/stat" dev="proc" ino=756419 scontext=u:r:system_app:s0 tcontext=u:r:vendor_hal_identity_qti:s0 tclass=file permissive=1
[  657.479884] audit: audit_lost=44465 audit_rate_limit=5 audit_backlog_limit=64
[  657.479887] audit: rate limit exceeded
[  658.410908] init: Control message: Could not find 'vendor.qti.diaghal@1.0::Idiag/default' for ctl.interface_start from pid: 754 (/system/bin/hwservicemanager)
[  658.425871] type=1400 audit(1785263905.768:47172): avc:  denied  { search } for  comm="sh" name="0" dev="tmpfs" ino=12 scontext=u:r:xsud:s0 tcontext=u:object_r:mnt_user_file:s0 tclass=dir permissive=1
[  658.425974] type=1400 audit(1785263905.768:47173): avc:  denied  { read } for  comm="sh" name="primary" dev="tmpfs" ino=42 scontext=u:r:xsud:s0 tcontext=u:object_r:mnt_user_file:s0 tclass=lnk_file permissive=1
[  658.440238] type=1400 audit(1785263905.784:47174): avc:  denied  { syslog_read } for  comm="dmesg" scontext=u:r:xsud:s0 tcontext=u:r:kernel:s0 tclass=system permissive=1
[  658.440451] type=1400 audit(1785263905.784:47175): avc:  denied  { syslog_mod } for  comm="dmesg" scontext=u:r:xsud:s0 tcontext=u:r:kernel:s0 tclass=system permissive=1
[  658.482815] type=1400 audit(1785263905.824:47176): avc:  denied  { read } for  comm="top" scontext=u:r:system_app:s0 tcontext=u:r:vendor_hal_usb_qti:s0 tclass=file permissive=1
[  658.483726] audit: audit_lost=44474 audit_rate_limit=5 audit_backlog_limit=64
[  658.483729] audit: rate limit exceeded
[  658.927663] hid_aya_haptic_play: enter
[  658.928070] aya_haptic 0003:4001:0428.0002: aya_haptic_hid_report_work: left 6, right 6
[  658.928458] hid_aya_haptic_play: enter
[  658.928866] aya_haptic 0003:4001:0428.0002: aya_haptic_hid_report_work: left 6, right 6
[  658.948027] hid_aya_haptic_play: enter
[  658.948169] aya_haptic 0003:4001:0428.0002: aya_haptic_hid_report_work: left 1, right 1
[  658.948291] hid_aya_haptic_play: enter
[  658.948742] aya_haptic 0003:4001:0428.0002: aya_haptic_hid_report_work: left 1, right 1
[  658.964446] hid_aya_haptic_play: enter
[  658.964600] aya_haptic 0003:4001:0428.0002: aya_haptic_hid_report_work: left 1, right 1
[  658.965945] hid_aya_haptic_play: enter
[  658.966033] aya_haptic 0003:4001:0428.0002: aya_haptic_hid_report_work: left 1, right 1
[  659.015404] hid_aya_haptic_play: enter
[  659.015426] aya_haptic 0003:4001:0428.0002: aya_haptic_hid_report_work: left 0, right 0
[  659.410740] init: Control message: Could not find 'vendor.qti.diaghal@1.0::Idiag/default' for ctl.interface_start from pid: 754 (/system/bin/hwservicemanager)
[  659.564292] audit: audit_lost=44493 audit_rate_limit=5 audit_backlog_limit=64
[  659.564299] audit: rate limit exceeded
[  659.942792] hid_aya_haptic_play: enter
[  659.943098] aya_haptic 0003:4001:0428.0002: aya_haptic_hid_report_work: left 6, right 6
[  659.943578] hid_aya_haptic_play: enter
[  659.943851] aya_haptic 0003:4001:0428.0002: aya_haptic_hid_report_work: left 6, right 6
[  659.957921] hid_aya_haptic_play: enter
[  659.957970] aya_haptic 0003:4001:0428.0002: aya_haptic_hid_report_work: left 3, right 3
[  659.958493] hid_aya_haptic_play: enter
[  659.958835] aya_haptic 0003:4001:0428.0002: aya_haptic_hid_report_work: left 3, right 3
[  659.975048] hid_aya_haptic_play: enter
[  659.975098] aya_haptic 0003:4001:0428.0002: aya_haptic_hid_report_work: left 1, right 1
[  659.975710] hid_aya_haptic_play: enter
[  659.975922] aya_haptic 0003:4001:0428.0002: aya_haptic_hid_report_work: left 1, right 1
[  660.026005] hid_aya_haptic_play: enter
[  660.026407] aya_haptic 0003:4001:0428.0002: aya_haptic_hid_report_work: left 0, right 0
[  660.186237] gen7_err_callback: 3191 callbacks suppressed
[  660.186248] kgsl kgsl-3d0: CP: AHB bus error, CP_RL_ERROR_DETAILS_0:0x10008e07 CP_RL_ERROR_DETAILS_1:0x12144
[  660.186267] kgsl kgsl-3d0: CP: AHB bus error, CP_RL_ERROR_DETAILS_0:0x10008e07 CP_RL_ERROR_DETAILS_1:0x12144
[  660.189516] kgsl kgsl-3d0: CP: AHB bus error, CP_RL_ERROR_DETAILS_0:0x10008e07 CP_RL_ERROR_DETAILS_1:0x12144
[  660.189538] kgsl kgsl-3d0: CP: AHB bus error, CP_RL_ERROR_DETAILS_0:0x10008e07 CP_RL_ERROR_DETAILS_1:0x12144
[  660.189555] kgsl kgsl-3d0: CP: AHB bus error, CP_RL_ERROR_DETAILS_0:0x10008e07 CP_RL_ERROR_DETAILS_1:0x12144
[  660.189579] kgsl kgsl-3d0: CP: AHB bus error, CP_RL_ERROR_DETAILS_0:0x10008e07 CP_RL_ERROR_DETAILS_1:0x12144
[  660.192785] kgsl kgsl-3d0: CP: AHB bus error, CP_RL_ERROR_DETAILS_0:0x10008e07 CP_RL_ERROR_DETAILS_1:0x12144
[  660.193231] kgsl kgsl-3d0: CP: AHB bus error, CP_RL_ERROR_DETAILS_0:0x10008e07 CP_RL_ERROR_DETAILS_1:0x12144
[  660.193268] kgsl kgsl-3d0: CP: AHB bus error, CP_RL_ERROR_DETAILS_0:0x10008e07 CP_RL_ERROR_DETAILS_1:0x12144
[  660.196600] kgsl kgsl-3d0: CP: AHB bus error, CP_RL_ERROR_DETAILS_0:0x10008e07 CP_RL_ERROR_DETAILS_1:0x12144
[  660.411432] init: Control message: Could not find 'vendor.qti.diaghal@1.0::Idiag/default' for ctl.interface_start from pid: 754 (/system/bin/hwservicemanager)
[  660.743020] hid_aya_haptic_play: enter
[  660.743336] aya_haptic 0003:4001:0428.0002: aya_haptic_hid_report_work: left 6, right 6
[  660.743646] hid_aya_haptic_play: enter
[  660.743777] aya_haptic 0003:4001:0428.0002: aya_haptic_hid_report_work: left 6, right 6
[  660.766612] hid_aya_haptic_play: enter
[  660.767018] hid_aya_haptic_play: enter
[  660.767257] aya_haptic 0003:4001:0428.0002: aya_haptic_hid_report_work: left 1, right 1
[  660.815412] hid_aya_haptic_play: enter
[  660.815439] aya_haptic 0003:4001:0428.0002: aya_haptic_hid_report_work: left 0, right 0
[  661.415250] init: Control message: Could not find 'vendor.qti.diaghal@1.0::Idiag/default' for ctl.interface_start from pid: 754 (/system/bin/hwservicemanager)
[  661.731558] audit: audit_lost=44505 audit_rate_limit=5 audit_backlog_limit=64
[  661.731562] audit: rate limit exceeded
[  662.415371] init: Control message: Could not find 'vendor.qti.diaghal@1.0::Idiag/default' for ctl.interface_start from pid: 754 (/system/bin/hwservicemanager)
[  663.206006] type=1400 audit(1785263910.548:47233): avc:  denied  { dac_read_search } for  comm="sh" capability=2  scontext=u:r:xsud:s0 tcontext=u:r:xsud:s0 tclass=capability permissive=1
[  663.417483] init: Control message: Could not find 'vendor.qti.diaghal@1.0::Idiag/default' for ctl.interface_start from pid: 754 (/system/bin/hwservicemanager)
[  663.474209] type=1400 audit(1785263910.816:47234): avc:  denied  { read } for  comm="top" scontext=u:r:system_app:s0 tcontext=u:r:vendor_hal_secureprocessor_qti:s0 tclass=file permissive=1
[  663.474378] type=1400 audit(1785263910.816:47235): avc:  denied  { read } for  comm="top" scontext=u:r:system_app:s0 tcontext=u:r:vendor_sxrd_vndr:s0 tclass=file permissive=1
[  663.476324] type=1400 audit(1785263910.820:47236): avc:  denied  { open } for  comm="top" path="/proc/1508/stat" dev="proc" ino=756475 scontext=u:r:system_app:s0 tcontext=u:r:vendor_hal_secureprocessor_qti:s0 tclass=file permissive=1
[  663.476382] audit: audit_lost=44514 audit_rate_limit=5 audit_backlog_limit=64
[  663.476386] audit: rate limit exceeded
[  663.476551] type=1400 audit(1785263910.820:47237): avc:  denied  { getattr } for  comm="top" path="/proc/1513" dev="proc" ino=756378 scontext=u:r:system_app:s0 tcontext=u:r:vendor_hal_sensorscalibrate_qti_default:s0 tclass=dir permissive=1
[  664.360914] type=1400 audit(1785263911.704:47248): avc:  denied  { append } for  comm="sh" name="pulse_20260728_203503_cap_poll.log" dev="fuse" ino=332447 scontext=u:r:xsud:s0 tcontext=u:object_r:fuse:s0 tclass=file permissive=1
[  664.361107] type=1400 audit(1785263911.704:47249): avc:  denied  { open } for  comm="sh" path="/storage/emulated/0/apl_pulse_logs/pulse_20260728_203503_cap_poll.log" dev="fuse" ino=332447 scontext=u:r:xsud:s0 tcontext=u:object_r:fuse:s0 tclass=file permissive=1
[  664.368443] type=1400 audit(1785263911.712:47250): avc:  denied  { ioctl } for  comm="dmesg" path="/storage/emulated/0/apl_pulse_logs/pulse_20260728_203503_dmesg.log" dev="fuse" ino=332449 ioctlcmd=0x5401 scontext=u:r:xsud:s0 tcontext=u:object_r:fuse:s0 tclass=file permissive=1
[  664.417711] init: Control message: Could not find 'vendor.qti.diaghal@1.0::Idiag/default' for ctl.interface_start from pid: 754 (/system/bin/hwservicemanager)
[  664.476026] type=1400 audit(1785263911.820:47251): avc:  denied  { read } for  comm="top" scontext=u:r:system_app:s0 tcontext=u:r:hal_light_default:s0 tclass=file permissive=1
[  664.477465] type=1400 audit(1785263911.820:47252): avc:  denied  { open } for  comm="top" path="/proc/1495/stat" dev="proc" ino=756471 scontext=u:r:system_app:s0 tcontext=u:r:hal_light_default:s0 tclass=file permissive=1
[  664.729172] audit: audit_lost=44528 audit_rate_limit=5 audit_backlog_limit=64
[  664.729178] audit: rate limit exceeded
[  665.190991] gen7_err_callback: 2785 callbacks suppressed
[  665.191011] kgsl kgsl-3d0: CP: AHB bus error, CP_RL_ERROR_DETAILS_0:0x10008e07 CP_RL_ERROR_DETAILS_1:0x12144
[  665.194214] kgsl kgsl-3d0: CP: AHB bus error, CP_RL_ERROR_DETAILS_0:0x10008e07 CP_RL_ERROR_DETAILS_1:0x12144
[  665.194235] kgsl kgsl-3d0: CP: AHB bus error, CP_RL_ERROR_DETAILS_0:0x10008e07 CP_RL_ERROR_DETAILS_1:0x12144
[  665.198032] kgsl kgsl-3d0: CP: AHB bus error, CP_RL_ERROR_DETAILS_0:0x10008e07 CP_RL_ERROR_DETAILS_1:0x12144
[  665.198059] kgsl kgsl-3d0: CP: AHB bus error, CP_RL_ERROR_DETAILS_0:0x10008e07 CP_RL_ERROR_DETAILS_1:0x12144
[  665.205037] kgsl kgsl-3d0: CP: AHB bus error, CP_RL_ERROR_DETAILS_0:0x10008e07 CP_RL_ERROR_DETAILS_1:0x12144
[  665.205058] kgsl kgsl-3d0: CP: AHB bus error, CP_RL_ERROR_DETAILS_0:0x10008e07 CP_RL_ERROR_DETAILS_1:0x12144
[  665.205072] kgsl kgsl-3d0: CP: AHB bus error, CP_RL_ERROR_DETAILS_0:0x10008e07 CP_RL_ERROR_DETAILS_1:0x12144
[  665.205091] kgsl kgsl-3d0: CP: AHB bus error, CP_RL_ERROR_DETAILS_0:0x10008e07 CP_RL_ERROR_DETAILS_1:0x12144
[  665.208426] kgsl kgsl-3d0: CP: AHB bus error, CP_RL_ERROR_DETAILS_0:0x10008e07 CP_RL_ERROR_DETAILS_1:0x12144
[  665.418746] init: Control message: Could not find 'vendor.qti.diaghal@1.0::Idiag/default' for ctl.interface_start from pid: 754 (/system/bin/hwservicemanager)
[  666.080796] wcd-usbss-i2c-driver 1-000e: wcd_usbss_is_in_reset_state: Surge check #3 failed
[  666.419507] init: Control message: Could not find 'vendor.qti.diaghal@1.0::Idiag/default' for ctl.interface_start from pid: 754 (/system/bin/hwservicemanager)
[  666.468929] audit: audit_lost=44584 audit_rate_limit=5 audit_backlog_limit=64
[  666.468933] audit: rate limit exceeded
[  667.422670] init: Control message: Could not find 'vendor.qti.diaghal@1.0::Idiag/default' for ctl.interface_start from pid: 754 (/system/bin/hwservicemanager)
[  667.474955] audit: audit_lost=44602 audit_rate_limit=5 audit_backlog_limit=64
[  667.474962] audit: rate limit exceeded
[  668.143023] hid_aya_haptic_play: enter
[  668.143322] aya_haptic 0003:4001:0428.0002: aya_haptic_hid_report_work: left 6, right 6
[  668.143682] hid_aya_haptic_play: enter
[  668.144252] aya_haptic 0003:4001:0428.0002: aya_haptic_hid_report_work: left 6, right 6
[  668.163929] hid_aya_haptic_play: enter
[  668.164182] hid_aya_haptic_play: enter
[  668.164301] aya_haptic 0003:4001:0428.0002: aya_haptic_hid_report_work: left 1, right 1
[  668.214975] hid_aya_haptic_play: enter
[  668.215062] aya_haptic 0003:4001:0428.0002: aya_haptic_hid_report_work: left 0, right 0
[  668.424874] init: Control message: Could not find 'vendor.qti.diaghal@1.0::Idiag/default' for ctl.interface_start from pid: 754 (/system/bin/hwservicemanager)
[  668.722539] type=1400 audit(1785263916.064:47347): avc:  denied  { read } for  comm="top" scontext=u:r:system_app:s0 tcontext=u:r:hal_allocator_default:s0 tclass=file permissive=1
[  668.722925] type=1400 audit(1785263916.064:47348): avc:  denied  { read } for  comm="top" scontext=u:r:system_app:s0 tcontext=u:r:hal_tsnv_default:s0 tclass=file permissive=1
[  668.723026] type=1400 audit(1785263916.064:47349): avc:  denied  { read } for  comm="top" scontext=u:r:system_app:s0 tcontext=u:r:vendor_perfservice:s0 tclass=file permissive=1
[  668.726374] audit: audit_lost=44606 audit_rate_limit=5 audit_backlog_limit=64
[  668.726380] audit: rate limit exceeded
[  668.731632] type=1400 audit(1785263916.076:47353): avc:  denied  { read } for  comm="top" scontext=u:r:system_app:s0 tcontext=u:r:vendor_hal_qspmhal_default:s0 tclass=file permissive=1
[  668.731695] type=1400 audit(1785263916.076:47354): avc:  denied  { open } for  comm="top" path="/proc/1548/stat" dev="proc" ino=756503 scontext=u:r:system_app:s0 tcontext=u:r:vendor_hal_qspmhal_default:s0 tclass=file permissive=1
[  668.732504] type=1400 audit(1785263916.076:47355): avc:  denied  { open } for  comm="top" path="/proc/1554/stat" dev="proc" ino=756507 scontext=u:r:system_app:s0 tcontext=u:r:hal_tsnv_default:s0 tclass=file permissive=1
[  668.732660] type=1400 audit(1785263916.076:47356): avc:  denied  { getattr } for  comm="top" path="/proc/1641" dev="proc" ino=717673 scontext=u:r:system_app:s0 tcontext=u:r:vendor_qwesd:s0 tclass=dir permissive=1
[  668.732761] type=1400 audit(1785263916.076:47357): avc:  denied  { search } for  comm="top" name="1641" dev="proc" ino=717673 scontext=u:r:system_app:s0 tcontext=u:r:vendor_qwesd:s0 tclass=dir permissive=1
[  669.425112] init: Control message: Could not find 'vendor.qti.diaghal@1.0::Idiag/default' for ctl.interface_start from pid: 754 (/system/bin/hwservicemanager)
[  670.117427] type=1400 audit(1785263917.460:47372): avc:  denied  { search } for  comm="sh" name="0" dev="tmpfs" ino=12 scontext=u:r:xsud:s0 tcontext=u:object_r:mnt_user_file:s0 tclass=dir permissive=1
[  670.117664] type=1400 audit(1785263917.460:47373): avc:  denied  { read } for  comm="sh" name="primary" dev="tmpfs" ino=42 scontext=u:r:xsud:s0 tcontext=u:object_r:mnt_user_file:s0 tclass=lnk_file permissive=1
[  670.193865] gen7_err_callback: 2709 callbacks suppressed
[  670.193876] kgsl kgsl-3d0: CP: AHB bus error, CP_RL_ERROR_DETAILS_0:0x10008e07 CP_RL_ERROR_DETAILS_1:0x12144
[  670.193903] kgsl kgsl-3d0: CP: AHB bus error, CP_RL_ERROR_DETAILS_0:0x10008e07 CP_RL_ERROR_DETAILS_1:0x12144
[  670.197936] kgsl kgsl-3d0: CP: AHB bus error, CP_RL_ERROR_DETAILS_0:0x10008e07 CP_RL_ERROR_DETAILS_1:0x12144
[  670.197955] kgsl kgsl-3d0: CP: AHB bus error, CP_RL_ERROR_DETAILS_0:0x10008e07 CP_RL_ERROR_DETAILS_1:0x12144
[  670.202041] kgsl kgsl-3d0: CP: AHB bus error, CP_RL_ERROR_DETAILS_0:0x10008e07 CP_RL_ERROR_DETAILS_1:0x12144
[  670.202057] kgsl kgsl-3d0: CP: AHB bus error, CP_RL_ERROR_DETAILS_0:0x10008e07 CP_RL_ERROR_DETAILS_1:0x12144
[  670.205542] kgsl kgsl-3d0: CP: AHB bus error, CP_RL_ERROR_DETAILS_0:0x10008e07 CP_RL_ERROR_DETAILS_1:0x12144
[  670.205560] kgsl kgsl-3d0: CP: AHB bus error, CP_RL_ERROR_DETAILS_0:0x10008e07 CP_RL_ERROR_DETAILS_1:0x12144
[  670.208945] kgsl kgsl-3d0: CP: AHB bus error, CP_RL_ERROR_DETAILS_0:0x10008e07 CP_RL_ERROR_DETAILS_1:0x12144
[  670.212664] kgsl kgsl-3d0: CP: AHB bus error, CP_RL_ERROR_DETAILS_0:0x10008e07 CP_RL_ERROR_DETAILS_1:0x12144
[  670.426088] init: Control message: Could not find 'vendor.qti.diaghal@1.0::Idiag/default' for ctl.interface_start from pid: 754 (/system/bin/hwservicemanager)
[  670.475429] audit: audit_lost=44623 audit_rate_limit=5 audit_backlog_limit=64
[  670.475433] audit: rate limit exceeded
[  670.927540] healthd: battery l=73 v=7968 t=35.0 h=2 st=3 c=-913718 fc=4162000 cc=0 chg=a
[  670.963150] BATTERY_CHG: battery_psy_set_online: battery_psy_set_online: set online 1
[  671.427088] init: Control message: Could not find 'vendor.qti.diaghal@1.0::Idiag/default' for ctl.interface_start from pid: 754 (/system/bin/hwservicemanager)
[  671.665549] audit: audit_lost=44797 audit_rate_limit=5 audit_backlog_limit=64
[  671.665559] audit: rate limit exceeded
[  672.431992] init: Control message: Could not find 'vendor.qti.diaghal@1.0::Idiag/default' for ctl.interface_start from pid: 754 (/system/bin/hwservicemanager)
[  672.724999] audit: audit_lost=44854 audit_rate_limit=5 audit_backlog_limit=64
[  672.725005] audit: rate limit exceeded
[  673.162669] hid_aya_haptic_play: enter
[  673.163096] aya_haptic 0003:4001:0428.0002: aya_haptic_hid_report_work: left 6, right 6
[  673.163336] hid_aya_haptic_play: enter
[  673.163873] aya_haptic 0003:4001:0428.0002: aya_haptic_hid_report_work: left 6, right 6
[  673.182958] hid_aya_haptic_play: enter
[  673.183147] aya_haptic 0003:4001:0428.0002: aya_haptic_hid_report_work: left 1, right 1
[  673.183346] hid_aya_haptic_play: enter
[  673.183918] aya_haptic 0003:4001:0428.0002: aya_haptic_hid_report_work: left 1, right 1
[  673.231400] hid_aya_haptic_play: enter
[  673.231420] aya_haptic 0003:4001:0428.0002: aya_haptic_hid_report_work: left 0, right 0
[  673.429212] init: Control message: Could not find 'vendor.qti.diaghal@1.0::Idiag/default' for ctl.interface_start from pid: 754 (/system/bin/hwservicemanager)
[  673.895551] hid_aya_haptic_play: enter
[  673.895921] aya_haptic 0003:4001:0428.0002: aya_haptic_hid_report_work: left 24, right 24
[  673.896056] hid_aya_haptic_play: enter
[  673.896876] aya_haptic 0003:4001:0428.0002: aya_haptic_hid_report_work: left 24, right 24
[  673.914680] hid_aya_haptic_play: enter
[  673.914997] hid_aya_haptic_play: enter
[  673.915106] aya_haptic 0003:4001:0428.0002: aya_haptic_hid_report_work: left 4, right 4
[  673.963409] hid_aya_haptic_play: enter
[  673.963433] aya_haptic 0003:4001:0428.0002: aya_haptic_hid_report_work: left 0, right 0
[  674.175313] audit: audit_lost=44944 audit_rate_limit=5 audit_backlog_limit=64
[  674.175329] audit: rate limit exceeded
[  674.430428] init: Control message: Could not find 'vendor.qti.diaghal@1.0::Idiag/default' for ctl.interface_start from pid: 754 (/system/bin/hwservicemanager)
[  674.463921] type=1400 audit(1785263921.808:47719): avc:  denied  { open } for  comm="top" path="/proc/1073/stat" dev="proc" ino=756411 scontext=u:r:system_app:s0 tcontext=u:r:vendor_hal_keymint_spu_qti:s0 tclass=file permissive=1
[  674.464289] type=1400 audit(1785263921.808:47720): avc:  denied  { getattr } for  comm="top" path="/proc/1483" dev="proc" ino=756374 scontext=u:r:system_app:s0 tcontext=u:r:vendor_hal_capabilityconfigstore_qti_default:s0 tclass=dir permissive=1
[  674.464402] type=1400 audit(1785263921.808:47721): avc:  denied  { search } for  comm="top" name="1483" dev="proc" ino=756374 scontext=u:r:system_app:s0 tcontext=u:r:vendor_hal_capabilityconfigstore_qti_default:s0 tclass=dir permissive=1
[  674.464820] type=1400 audit(1785263921.808:47722): avc:  denied  { getattr } for  comm="top" path="/proc/1767" dev="proc" ino=717674 scontext=u:r:system_app:s0 tcontext=u:r:vendor_per_proxy:s0 tclass=dir permissive=1
[  674.464913] type=1400 audit(1785263921.808:47723): avc:  denied  { search } for  comm="top" name="1767" dev="proc" ino=717674 scontext=u:r:system_app:s0 tcontext=u:r:vendor_per_proxy:s0 tclass=dir permissive=1
[  675.198361] gen7_err_callback: 2632 callbacks suppressed
[  675.198374] kgsl kgsl-3d0: CP: AHB bus error, CP_RL_ERROR_DETAILS_0:0x10008e07 CP_RL_ERROR_DETAILS_1:0x12144
[  675.198393] kgsl kgsl-3d0: CP: AHB bus error, CP_RL_ERROR_DETAILS_0:0x10008e07 CP_RL_ERROR_DETAILS_1:0x12144
[  675.201440] kgsl kgsl-3d0: CP: AHB bus error, CP_RL_ERROR_DETAILS_0:0x10008e07 CP_RL_ERROR_DETAILS_1:0x12144
[  675.201456] kgsl kgsl-3d0: CP: AHB bus error, CP_RL_ERROR_DETAILS_0:0x10008e07 CP_RL_ERROR_DETAILS_1:0x12144
[  675.203493] kgsl kgsl-3d0: CP: AHB bus error, CP_RL_ERROR_DETAILS_0:0x10008e07 CP_RL_ERROR_DETAILS_1:0x12144
[  675.203511] kgsl kgsl-3d0: CP: AHB bus error, CP_RL_ERROR_DETAILS_0:0x10008e07 CP_RL_ERROR_DETAILS_1:0x12144
[  675.207735] kgsl kgsl-3d0: CP: AHB bus error, CP_RL_ERROR_DETAILS_0:0x10008e07 CP_RL_ERROR_DETAILS_1:0x12144
[  675.210608] kgsl kgsl-3d0: CP: AHB bus error, CP_RL_ERROR_DETAILS_0:0x10008e07 CP_RL_ERROR_DETAILS_1:0x12144
[  675.210635] kgsl kgsl-3d0: CP: AHB bus error, CP_RL_ERROR_DETAILS_0:0x10008e07 CP_RL_ERROR_DETAILS_1:0x12144
[  675.214850] kgsl kgsl-3d0: CP: AHB bus error, CP_RL_ERROR_DETAILS_0:0x10008e07 CP_RL_ERROR_DETAILS_1:0x12144
[  675.431244] init: Control message: Could not find 'vendor.qti.diaghal@1.0::Idiag/default' for ctl.interface_start from pid: 754 (/system/bin/hwservicemanager)
[  675.454092] audit: audit_lost=44952 audit_rate_limit=5 audit_backlog_limit=64
[  675.454103] audit: rate limit exceeded
[  675.467740] type=1400 audit(1785263922.812:47730): avc:  denied  { read } for  comm="top" scontext=u:r:system_app:s0 tcontext=u:r:hal_allocator_default:s0 tclass=file permissive=1
[  675.467965] type=1400 audit(1785263922.812:47731): avc:  denied  { read } for  comm="top" scontext=u:r:system_app:s0 tcontext=u:r:hal_ir_default:s0 tclass=file permissive=1
[  675.468028] type=1400 audit(1785263922.812:47732): avc:  denied  { read } for  comm="top" scontext=u:r:system_app:s0 tcontext=u:r:hal_power_default:s0 tclass=file permissive=1
[  675.468067] type=1400 audit(1785263922.812:47733): avc:  denied  { read } for  comm="top" scontext=u:r:system_app:s0 tcontext=u:r:vendor_hal_usb_qti:s0 tclass=file permissive=1
[  675.468398] type=1400 audit(1785263922.812:47734): avc:  denied  { read } for  comm="top" scontext=u:r:system_app:s0 tcontext=u:r:vendor_hal_spu_qti:s0 tclass=file permissive=1
[  675.487361] servicemanager: Found vendor.qti.hardware.perf2.IPerf/default in device VINTF manifest.
[  675.492463] init: Control message: Could not find 'vendor.qti.diaghal@1.0::Idiag/default' for ctl.interface_start from pid: 754 (/system/bin/hwservicemanager)
[  675.492638] init: Control message: Could not find 'vendor.qti.diaghal@1.0::Idiag/default' for ctl.interface_start from pid: 754 (/system/bin/hwservicemanager)
[  676.463055] audit: audit_lost=45166 audit_rate_limit=5 audit_backlog_limit=64
[  676.463061] audit: rate limit exceeded
[  676.493708] init: Control message: Could not find 'vendor.qti.diaghal@1.0::Idiag/default' for ctl.interface_start from pid: 754 (/system/bin/hwservicemanager)
[  677.493833] init: Control message: Could not find 'vendor.qti.diaghal@1.0::Idiag/default' for ctl.interface_start from pid: 754 (/system/bin/hwservicemanager)
[  677.575121] hid_aya_haptic_play: enter
[  677.575519] aya_haptic 0003:4001:0428.0002: aya_haptic_hid_report_work: left 6, right 6
[  677.575946] hid_aya_haptic_play: enter
[  677.575981] aya_haptic 0003:4001:0428.0002: aya_haptic_hid_report_work: left 6, right 6
[  677.594699] hid_aya_haptic_play: enter
[  677.595117] hid_aya_haptic_play: enter
[  677.595260] aya_haptic 0003:4001:0428.0002: aya_haptic_hid_report_work: left 1, right 1
[  677.643416] hid_aya_haptic_play: enter
[  677.643623] aya_haptic 0003:4001:0428.0002: aya_haptic_hid_report_work: left 0, right 0
[  677.713241] audit: audit_lost=45268 audit_rate_limit=5 audit_backlog_limit=64
[  677.713246] audit: rate limit exceeded
[  678.494435] init: Control message: Could not find 'vendor.qti.diaghal@1.0::Idiag/default' for ctl.interface_start from pid: 754 (/system/bin/hwservicemanager)
[  678.495080] hid_aya_haptic_play: enter
[  678.495276] aya_haptic 0003:4001:0428.0002: aya_haptic_hid_report_work: left 6, right 6
[  678.495421] hid_aya_haptic_play: enter
[  678.495921] aya_haptic 0003:4001:0428.0002: aya_haptic_hid_report_work: left 6, right 6
[  678.514791] hid_aya_haptic_play: enter
[  678.514943] aya_haptic 0003:4001:0428.0002: aya_haptic_hid_report_work: left 1, right 1
[  678.515160] hid_aya_haptic_play: enter
[  678.515940] aya_haptic 0003:4001:0428.0002: aya_haptic_hid_report_work: left 1, right 1
[  678.565356] hid_aya_haptic_play: enter
[  678.565412] aya_haptic 0003:4001:0428.0002: aya_haptic_hid_report_work: left 0, right 0
[  679.359725] audit: audit_lost=45286 audit_rate_limit=5 audit_backlog_limit=64
[  679.359735] audit: rate limit exceeded
[  679.495434] init: Control message: Could not find 'vendor.qti.diaghal@1.0::Idiag/default' for ctl.interface_start from pid: 754 (/system/bin/hwservicemanager)
[  679.727103] hid_aya_haptic_play: enter
[  679.727296] aya_haptic 0003:4001:0428.0002: aya_haptic_hid_report_work: left 6, right 6
[  679.727486] hid_aya_haptic_play: enter
[  679.727943] aya_haptic 0003:4001:0428.0002: aya_haptic_hid_report_work: left 6, right 6
[  679.747259] hid_aya_haptic_play: enter
[  679.747533] aya_haptic 0003:4001:0428.0002: aya_haptic_hid_report_work: left 1, right 1
[  679.747763] hid_aya_haptic_play: enter
[  679.747938] aya_haptic 0003:4001:0428.0002: aya_haptic_hid_report_work: left 1, right 1
[  679.798075] hid_aya_haptic_play: enter
[  679.798266] aya_haptic 0003:4001:0428.0002: aya_haptic_hid_report_work: left 0, right 0
[  680.200298] gen7_err_callback: 2617 callbacks suppressed
[  680.200311] kgsl kgsl-3d0: CP: AHB bus error, CP_RL_ERROR_DETAILS_0:0x10008e07 CP_RL_ERROR_DETAILS_1:0x12144
[  680.200331] kgsl kgsl-3d0: CP: AHB bus error, CP_RL_ERROR_DETAILS_0:0x10008e07 CP_RL_ERROR_DETAILS_1:0x12144
[  680.202997] kgsl kgsl-3d0: CP: AHB bus error, CP_RL_ERROR_DETAILS_0:0x10008e07 CP_RL_ERROR_DETAILS_1:0x12144
[  680.203269] kgsl kgsl-3d0: CP: AHB bus error, CP_RL_ERROR_DETAILS_0:0x10008e07 CP_RL_ERROR_DETAILS_1:0x12144
[  680.203294] kgsl kgsl-3d0: CP: AHB bus error, CP_RL_ERROR_DETAILS_0:0x10008e07 CP_RL_ERROR_DETAILS_1:0x12144
[  680.207636] kgsl kgsl-3d0: CP: AHB bus error, CP_RL_ERROR_DETAILS_0:0x10008e07 CP_RL_ERROR_DETAILS_1:0x12144
[  680.210993] kgsl kgsl-3d0: CP: AHB bus error, CP_RL_ERROR_DETAILS_0:0x10008e07 CP_RL_ERROR_DETAILS_1:0x12144
[  680.211024] kgsl kgsl-3d0: CP: AHB bus error, CP_RL_ERROR_DETAILS_0:0x10008e07 CP_RL_ERROR_DETAILS_1:0x12144
[  680.216387] kgsl kgsl-3d0: CP: AHB bus error, CP_RL_ERROR_DETAILS_0:0x10008e07 CP_RL_ERROR_DETAILS_1:0x12144
[  680.216406] kgsl kgsl-3d0: CP: AHB bus error, CP_RL_ERROR_DETAILS_0:0x10008e07 CP_RL_ERROR_DETAILS_1:0x12144
[  680.449074] type=1400 audit(1785263927.792:48093): avc:  denied  { read } for  comm="Performance-Tim" name="pwm1" dev="sysfs" ino=115174 scontext=u:r:system_app:s0 tcontext=u:object_r:sysfs:s0 tclass=file permissive=1
[  680.449178] type=1400 audit(1785263927.792:48094): avc:  denied  { open } for  comm="Performance-Tim" path="/sys/devices/platform/soc/soc:pwm-fan/hwmon/hwmon0/pwm1" dev="sysfs" ino=115174 scontext=u:r:system_app:s0 tcontext=u:object_r:sysfs:s0 tclass=file permissive=1
[  680.449206] type=1400 audit(1785263927.792:48095): avc:  denied  { getattr } for  comm="Performance-Tim" path="/sys/devices/platform/soc/soc:pwm-fan/hwmon/hwmon0/pwm1" dev="sysfs" ino=115174 scontext=u:r:system_app:s0 tcontext=u:object_r:sysfs:s0 tclass=file permissive=1
[  680.458743] type=1400 audit(1785263927.800:48096): avc:  denied  { read } for  comm="top" scontext=u:r:system_app:s0 tcontext=u:r:vendor_hal_keymint_qti:s0 tclass=file permissive=1
[  680.458887] type=1400 audit(1785263927.800:48097): avc:  denied  { read } for  comm="top" scontext=u:r:system_app:s0 tcontext=u:r:vendor_hal_qseecom_default:s0 tclass=file permissive=1
[  680.459697] audit: audit_lost=45299 audit_rate_limit=5 audit_backlog_limit=64
[  680.459700] audit: rate limit exceeded
[  680.496480] init: Control message: Could not find 'vendor.qti.diaghal@1.0::Idiag/default' for ctl.interface_start from pid: 754 (/system/bin/hwservicemanager)
[  681.174919] hid_aya_haptic_play: enter
[  681.175278] hid_aya_haptic_play: enter
[  681.175440] aya_haptic 0003:4001:0428.0002: aya_haptic_hid_report_work: left 1, right 1
[  681.184799] wcd-usbss-i2c-driver 1-000e: wcd_usbss_is_in_reset_state: Surge check #3 failed
[  681.194550] hid_aya_haptic_play: enter
[  681.194590] aya_haptic 0003:4001:0428.0002: aya_haptic_hid_report_work: left 1, right 1
[  681.195084] hid_aya_haptic_play: enter
[  681.195135] aya_haptic 0003:4001:0428.0002: aya_haptic_hid_report_work: left 1, right 1
[  681.215013] hid_aya_haptic_play: enter
[  681.215072] aya_haptic 0003:4001:0428.0002: aya_haptic_hid_report_work: left 1, right 1
[  681.215753] hid_aya_haptic_play: enter
[  681.215979] aya_haptic 0003:4001:0428.0002: aya_haptic_hid_report_work: left 1, right 1
[  681.236687] hid_aya_haptic_play: enter
[  681.237342] aya_haptic 0003:4001:0428.0002: aya_haptic_hid_report_work: left 4, right 4
[  681.238386] hid_aya_haptic_play: enter
[  681.238597] aya_haptic 0003:4001:0428.0002: aya_haptic_hid_report_work: left 4, right 4
[  681.256800] hid_aya_haptic_play: enter
[  681.257324] aya_haptic 0003:4001:0428.0002: aya_haptic_hid_report_work: left 1, right 1
[  681.257621] hid_aya_haptic_play: enter
[  681.258032] aya_haptic 0003:4001:0428.0002: aya_haptic_hid_report_work: left 1, right 1
[  681.274971] hid_aya_haptic_play: enter
[  681.275021] aya_haptic 0003:4001:0428.0002: aya_haptic_hid_report_work: left 1, right 1
[  681.275463] hid_aya_haptic_play: enter
[  681.275969] aya_haptic 0003:4001:0428.0002: aya_haptic_hid_report_work: left 1, right 1
[  681.295576] hid_aya_haptic_play: enter
[  681.295616] aya_haptic 0003:4001:0428.0002: aya_haptic_hid_report_work: left 1, right 1
[  681.295920] hid_aya_haptic_play: enter
[  681.295975] aya_haptic 0003:4001:0428.0002: aya_haptic_hid_report_work: left 1, right 1
[  681.314763] hid_aya_haptic_play: enter
[  681.314799] aya_haptic 0003:4001:0428.0002: aya_haptic_hid_report_work: left 4, right 4
[  681.315243] hid_aya_haptic_play: enter
[  681.316016] aya_haptic 0003:4001:0428.0002: aya_haptic_hid_report_work: left 4, right 4
[  681.334642] hid_aya_haptic_play: enter
[  681.334787] aya_haptic 0003:4001:0428.0002: aya_haptic_hid_report_work: left 1, right 1
[  681.335119] hid_aya_haptic_play: enter
[  681.335940] aya_haptic 0003:4001:0428.0002: aya_haptic_hid_report_work: left 1, right 1
[  681.383423] hid_aya_haptic_play: enter
[  681.383553] aya_haptic 0003:4001:0428.0002: aya_haptic_hid_report_work: left 0, right 0
[  681.459372] type=1400 audit(1785263928.800:48102): avc:  denied  { read } for  comm="top" scontext=u:r:system_app:s0 tcontext=u:r:hal_allocator_default:s0 tclass=file permissive=1
[  681.459578] type=1400 audit(1785263928.800:48103): avc:  denied  { read } for  comm="top" scontext=u:r:system_app:s0 tcontext=u:r:hal_tsnv_default:s0 tclass=file permissive=1
[  681.459634] type=1400 audit(1785263928.800:48104): avc:  denied  { read } for  comm="top" scontext=u:r:system_app:s0 tcontext=u:r:vendor_perfservice:s0 tclass=file permissive=1
[  681.460338] type=1400 audit(1785263928.804:48105): avc:  denied  { open } for  comm="top" path="/proc/1354/stat" dev="proc" ino=756415 scontext=u:r:system_app:s0 tcontext=u:r:hal_allocator_default:s0 tclass=file permissive=1
[  681.460759] type=1400 audit(1785263928.804:48106): avc:  denied  { getattr } for  comm="top" path="/proc/1466" dev="proc" ino=756370 scontext=u:r:system_app:s0 tcontext=u:r:vendor_hal_poweroptservice_qti:s0 tclass=dir permissive=1
[  681.497379] init: Control message: Could not find 'vendor.qti.diaghal@1.0::Idiag/default' for ctl.interface_start from pid: 754 (/system/bin/hwservicemanager)
[  682.499260] init: Control message: Could not find 'vendor.qti.diaghal@1.0::Idiag/default' for ctl.interface_start from pid: 754 (/system/bin/hwservicemanager)
[  682.666379] audit: audit_lost=45332 audit_rate_limit=5 audit_backlog_limit=64
[  682.666384] audit: rate limit exceeded
[  683.500006] init: Control message: Could not find 'vendor.qti.diaghal@1.0::Idiag/default' for ctl.interface_start from pid: 754 (/system/bin/hwservicemanager)
[  683.716870] audit: audit_lost=45363 audit_rate_limit=5 audit_backlog_limit=64
[  683.716880] audit: rate limit exceeded
[  684.500462] init: Control message: Could not find 'vendor.qti.diaghal@1.0::Idiag/default' for ctl.interface_start from pid: 754 (/system/bin/hwservicemanager)
[  684.788605] audit: audit_lost=45426 audit_rate_limit=5 audit_backlog_limit=64
[  684.788613] audit: rate limit exceeded
[  685.501724] init: Control message: Could not find 'vendor.qti.diaghal@1.0::Idiag/default' for ctl.interface_start from pid: 754 (/system/bin/hwservicemanager)
[  685.712362] type=1400 audit(1785263933.056:48384): avc:  denied  { getattr } for  comm="Performance-Tim" path="/proc/stat" dev="proc" ino=4026532011 scontext=u:r:system_app:s0 tcontext=u:object_r:proc_stat:s0 tclass=file permissive=1
[  686.254420] type=1400 audit(1785263933.596:48385): avc:  denied  { read } for  comm="cat" name="gpuclk" dev="sysfs" ino=124210 scontext=u:r:xsud:s0 tcontext=u:object_r:vendor_sysfs_kgsl_gpuclk:s0 tclass=file permissive=1
[  686.254528] type=1400 audit(1785263933.596:48386): avc:  denied  { open } for  comm="cat" path="/sys/devices/platform/soc/3d00000.qcom,kgsl-3d0/kgsl/kgsl-3d0/gpuclk" dev="sysfs" ino=124210 scontext=u:r:xsud:s0 tcontext=u:object_r:vendor_sysfs_kgsl_gpuclk:s0 tclass=file permissive=1
[  686.257882] healthd: battery l=73 v=8021 t=35.0 h=2 st=3 c=-473339 fc=4162000 cc=0 chg=a
[  686.275686] BATTERY_CHG: battery_psy_set_online: battery_psy_set_online: set online 1
[  686.276196] type=1400 audit(1785263933.620:48387): avc:  denied  { write } for  comm="sh" name="online" dev="sysfs" ino=141577 scontext=u:r:xsud:s0 tcontext=u:object_r:vendor_sysfs_battery_supply:s0 tclass=file permissive=1
[  686.279327] audit: audit_lost=45565 audit_rate_limit=5 audit_backlog_limit=64
[  686.279331] audit: rate limit exceeded
[  686.279387] type=1400 audit(1785263933.620:48388): avc:  denied  { dac_read_search } for  comm="sh" capability=2  scontext=u:r:xsud:s0 tcontext=u:r:xsud:s0 tclass=capability permissive=1
[  686.502418] init: Control message: Could not find 'vendor.qti.diaghal@1.0::Idiag/default' for ctl.interface_start from pid: 754 (/system/bin/hwservicemanager)
[  686.665958] adsp_sleepmon: Audio: num_sessions=0,num_lpi_sessions=0,timer_pending=1
[  686.717057] type=1400 audit(1785263934.060:48443): avc:  denied  { read } for  comm="top" scontext=u:r:system_app:s0 tcontext=u:r:vendor_hal_sensorscalibrate_qti_default:s0 tclass=file permissive=1
[  686.717222] type=1400 audit(1785263934.060:48444): avc:  denied  { read } for  comm="top" scontext=u:r:system_app:s0 tcontext=u:r:vendor_hal_srvctracker_default:s0 tclass=file permissive=1
[  686.717318] type=1400 audit(1785263934.060:48445): avc:  denied  { read } for  comm="top" scontext=u:r:system_app:s0 tcontext=u:r:vendor_hal_qspa_default:s0 tclass=file permissive=1
[  686.717400] type=1400 audit(1785263934.060:48446): avc:  denied  { read } for  comm="top" scontext=u:r:system_app:s0 tcontext=u:r:vendor_tcmd:s0 tclass=file permissive=1
[  686.717457] type=1400 audit(1785263934.060:48447): avc:  denied  { read } for  comm="top" scontext=u:r:system_app:s0 tcontext=u:r:vendor_hal_gatekeeper_qti:s0 tclass=file permissive=1
[  687.460602] audit: audit_lost=45643 audit_rate_limit=5 audit_backlog_limit=64
[  687.460612] audit: rate limit exceeded
[  687.503655] init: Control message: Could not find 'vendor.qti.diaghal@1.0::Idiag/default' for ctl.interface_start from pid: 754 (/system/bin/hwservicemanager)
[  688.504339] init: Control message: Could not find 'vendor.qti.diaghal@1.0::Idiag/default' for ctl.interface_start from pid: 754 (/system/bin/hwservicemanager)
[  689.505216] init: Control message: Could not find 'vendor.qti.diaghal@1.0::Idiag/default' for ctl.interface_start from pid: 754 (/system/bin/hwservicemanager)
[  689.935281] audit: audit_lost=45672 audit_rate_limit=5 audit_backlog_limit=64
[  689.935286] audit: rate limit exceeded
[  690.505823] init: Control message: Could not find 'vendor.qti.diaghal@1.0::Idiag/default' for ctl.interface_start from pid: 754 (/system/bin/hwservicemanager)
[  690.829175] type=1400 audit(1785263938.172:48525): avc:  denied  { read } for  comm="sh" name="primary" dev="tmpfs" ino=42 scontext=u:r:xsud:s0 tcontext=u:object_r:mnt_user_file:s0 tclass=lnk_file permissive=1
[  691.451987] type=1400 audit(1785263938.796:48526): avc:  denied  { getattr } for  comm="top" path="/proc/1447" dev="proc" ino=756365 scontext=u:r:system_app:s0 tcontext=u:r:vendor_hal_usb_qti:s0 tclass=dir permissive=1
[  691.452288] type=1400 audit(1785263938.796:48527): avc:  denied  { search } for  comm="top" name="1447" dev="proc" ino=756365 scontext=u:r:system_app:s0 tcontext=u:r:vendor_hal_usb_qti:s0 tclass=dir permissive=1
[  691.506806] init: Control message: Could not find 'vendor.qti.diaghal@1.0::Idiag/default' for ctl.interface_start from pid: 754 (/system/bin/hwservicemanager)
[  691.679453] adsp_sleepmon: timer_event = 1,suspend_event = 0
[  691.767793] type=1400 audit(1785263939.112:48528): avc:  denied  { setattr } for  comm="chmod" name="scaling_governor" dev="sysfs" ino=75046 scontext=u:r:xsud:s0 tcontext=u:object_r:sysfs_devices_system_cpu:s0 tclass=file permissive=1
[  691.769175] type=1400 audit(1785263939.112:48529): avc:  denied  { write } for  comm="sh" name="scaling_governor" dev="sysfs" ino=75046 scontext=u:r:xsud:s0 tcontext=u:object_r:sysfs_devices_system_cpu:s0 tclass=file permissive=1
[  691.772970] audit: audit_lost=45686 audit_rate_limit=5 audit_backlog_limit=64
[  691.772972] audit: rate limit exceeded
[  691.876298] type=1400 audit(1785263939.220:48532): avc:  denied  { write } for  comm="Thread-2348" name="pulse_fifo_in" dev="dm-53" ino=332444 scontext=u:r:untrusted_app:s0:c183,c256,c512,c768 tcontext=u:object_r:app_data_file:s0 tclass=fifo_file permissive=1 app=com.kei.pulse
[  691.886689] type=1400 audit(1785263939.228:48533): avc:  denied  { search } for  comm="sh" name="0" dev="tmpfs" ino=12 scontext=u:r:xsud:s0 tcontext=u:object_r:mnt_user_file:s0 tclass=dir permissive=1
[  691.974494] type=1400 audit(1785263939.316:48534): avc:  denied  { read } for  comm="cat" name="min_pwrlevel" dev="sysfs" ino=124218 scontext=u:r:xsud:s0 tcontext=u:object_r:vendor_sysfs_kgsl:s0 tclass=file permissive=1
[  691.974703] type=1400 audit(1785263939.316:48535): avc:  denied  { open } for  comm="cat" path="/sys/devices/platform/soc/3d00000.qcom,kgsl-3d0/kgsl/kgsl-3d0/min_pwrlevel" dev="sysfs" ino=124218 scontext=u:r:xsud:s0 tcontext=u:object_r:vendor_sysfs_kgsl:s0 tclass=file permissive=1
[  692.025916] type=1400 audit(1785263939.368:48536): avc:  denied  { syslog_read } for  comm="dmesg" scontext=u:r:xsud:s0 tcontext=u:r:kernel:s0 tclass=system permissive=1
[  692.507219] init: Control message: Could not find 'vendor.qti.diaghal@1.0::Idiag/default' for ctl.interface_start from pid: 754 (/system/bin/hwservicemanager)
[  693.459747] audit: audit_lost=45720 audit_rate_limit=5 audit_backlog_limit=64
[  693.459752] audit: rate limit exceeded
[  693.510572] init: Control message: Could not find 'vendor.qti.diaghal@1.0::Idiag/default' for ctl.interface_start from pid: 754 (/system/bin/hwservicemanager)
[  694.147956] servicemanager: Found vendor.qti.qspmhal.IQspmhal/default in device VINTF manifest.
[  694.176515] servicemanager: Found vendor.qti.hardware.perf2.IPerf/default in device VINTF manifest.
[  694.510646] init: Control message: Could not find 'vendor.qti.diaghal@1.0::Idiag/default' for ctl.interface_start from pid: 754 (/system/bin/hwservicemanager)
[  694.565659] audit: audit_lost=46765 audit_rate_limit=5 audit_backlog_limit=64
[  694.565662] audit: rate limit exceeded
[  694.611555] servicemanager: Found vendor.qti.hardware.perf2.IPerf/default in device VINTF manifest.
[  694.735049] servicemanager: Found android.hardware.graphics.allocator.IAllocator/default in device VINTF manifest.
[  694.738883] servicemanager: Found android.hardware.graphics.allocator.IAllocator/default in device VINTF manifest.
[  694.801206] SELinux: avc:  denied  { find } for pid=10113 uid=10160 name=vendor.qti.qspmhal.IQspmhal/default scontext=u:r:permissioncontroller_app:s0:c160,c256,c512,c768 tcontext=u:object_r:vendor_hal_qspmhal_service:s0 tclass=service_manager permissive=1
[  694.801286] servicemanager: Found vendor.qti.qspmhal.IQspmhal/default in device VINTF manifest.
[  694.826014] [kworke][0x328f8c4df][18:39:02.171914] kiwi_v2: [2951:I:PMO] pmo_core_psoc_send_host_wakeup_ind_to_fw: Host wakeup indication sent to fw
[  694.882289] servicemanager: Found android.hardware.graphics.allocator.IAllocator/default in device VINTF manifest.
[  694.883497] servicemanager: Found android.hardware.graphics.allocator.IAllocator/default in device VINTF manifest.
[  695.001152] servicemanager: Found vendor.qti.qspmhal.IQspmhal/default in device VINTF manifest.
[  695.332403] adsp_sleepmon: Audio: num_sessions=1,num_lpi_sessions=0,timer_pending=0
[  695.356608] swr_mstr_interrupt: 2 callbacks suppressed
[  695.356616] swr-mgr wsa2_swr_ctrl: swr_mstr_interrupt: SWR CMD Ignored, fifo status 0x4000000a
[  695.360436] swr-mgr wsa2_swr_ctrl: swr_mstr_interrupt: SWR CMD Ignored, fifo status 0x40000001
[  695.364488] swr-mgr wsa2_swr_ctrl: swr_mstr_interrupt: SWR CMD Ignored, fifo status 0x4000000c
[  695.368511] swr-mgr wsa2_swr_ctrl: swr_mstr_interrupt: SWR CMD Ignored, fifo status 0x40002101
[  695.372339] swr-mgr wsa2_swr_ctrl: swr_mstr_interrupt: SWR CMD Ignored, fifo status 0x40002107
[  695.376295] swr-mgr wsa2_swr_ctrl: swr_mstr_interrupt: SWR CMD Ignored, fifo status 0x40000002
[  695.551845] init: Control message: Could not find 'vendor.qti.diaghal@1.0::Idiag/default' for ctl.interface_start from pid: 754 (/system/bin/hwservicemanager)
[  695.553567] init: Control message: Could not find 'vendor.qti.diaghal@1.0::Idiag/default' for ctl.interface_start from pid: 754 (/system/bin/hwservicemanager)
[  695.699176] audit: audit_lost=47987 audit_rate_limit=5 audit_backlog_limit=64
[  695.699180] audit: rate limit exceeded
[  695.757813] [soft_i][0x32a09c1a8][18:39:03.103711] kiwi_v2: [0:E:DP] dp_tx_update_peer_stats: Release source:3 is not from TQM
[  696.290187] wcd-usbss-i2c-driver 1-000e: wcd_usbss_is_in_reset_state: Surge check #3 failed
[  696.438590] type=1400 audit(1785263943.780:51014): avc:  denied  { read } for  comm="Performance-Tim" name="pwm1" dev="sysfs" ino=115174 scontext=u:r:system_app:s0 tcontext=u:object_r:sysfs:s0 tclass=file permissive=1
[  696.440188] type=1400 audit(1785263943.780:51015): avc:  denied  { open } for  comm="Performance-Tim" path="/sys/devices/platform/soc/soc:pwm-fan/hwmon/hwmon0/pwm1" dev="sysfs" ino=115174 scontext=u:r:system_app:s0 tcontext=u:object_r:sysfs:s0 tclass=file permissive=1
[  696.440264] type=1400 audit(1785263943.780:51016): avc:  denied  { getattr } for  comm="Performance-Tim" path="/sys/devices/platform/soc/soc:pwm-fan/hwmon/hwmon0/pwm1" dev="sysfs" ino=115174 scontext=u:r:system_app:s0 tcontext=u:object_r:sysfs:s0 tclass=file permissive=1
[  696.445587] type=1400 audit(1785263943.788:51017): avc:  denied  { read } for  comm="top" name="pid_max" dev="proc" ino=756353 scontext=u:r:system_app:s0 tcontext=u:object_r:proc_pid_max:s0 tclass=file permissive=1
[  696.445679] type=1400 audit(1785263943.788:51018): avc:  denied  { open } for  comm="top" path="/proc/sys/kernel/pid_max" dev="proc" ino=756353 scontext=u:r:system_app:s0 tcontext=u:object_r:proc_pid_max:s0 tclass=file permissive=1
[  696.493868] [soft_i][0x32ae165b1][18:39:03.839765] kiwi_v2: [0:E:DP] dp_tx_update_peer_stats: Release source:3 is not from TQM
[  696.552823] init: Control message: Could not find 'vendor.qti.diaghal@1.0::Idiag/default' for ctl.interface_start from pid: 754 (/system/bin/hwservicemanager)
[  696.700023] audit: audit_lost=48269 audit_rate_limit=5 audit_backlog_limit=64
[  696.700027] audit: rate limit exceeded
[  697.262464] [soft_i][0x32bc2926e][18:39:04.608362] kiwi_v2: [0:E:DP] dp_tx_update_peer_stats: Release source:3 is not from TQM
[  697.456328] type=1400 audit(1785263944.796:51188): avc:  denied  { read } for  comm="top" name="pid_max" dev="proc" ino=756353 scontext=u:r:system_app:s0 tcontext=u:object_r:proc_pid_max:s0 tclass=file permissive=1
[  697.456579] type=1400 audit(1785263944.800:51189): avc:  denied  { open } for  comm="top" path="/proc/sys/kernel/pid_max" dev="proc" ino=756353 scontext=u:r:system_app:s0 tcontext=u:object_r:proc_pid_max:s0 tclass=file permissive=1
[  697.456898] type=1400 audit(1785263944.800:51190): avc:  denied  { read } for  comm="top" scontext=u:r:system_app:s0 tcontext=u:r:vendor_hal_keymint_qti:s0 tclass=file permissive=1
[  697.457106] type=1400 audit(1785263944.800:51191): avc:  denied  { read } for  comm="top" scontext=u:r:system_app:s0 tcontext=u:r:vendor_hal_qseecom_default:s0 tclass=file permissive=1
[  697.457272] type=1400 audit(1785263944.800:51192): avc:  denied  { read } for  comm="top" scontext=u:r:system_app:s0 tcontext=u:r:vendor_hal_keymint_spu_qti:s0 tclass=file permissive=1
[  697.554836] init: Control message: Could not find 'vendor.qti.diaghal@1.0::Idiag/default' for ctl.interface_start from pid: 754 (/system/bin/hwservicemanager)
[  697.710961] audit: audit_lost=48382 audit_rate_limit=5 audit_backlog_limit=64
[  697.710969] audit: rate limit exceeded
[  698.555652] init: Control message: Could not find 'vendor.qti.diaghal@1.0::Idiag/default' for ctl.interface_start from pid: 754 (/system/bin/hwservicemanager)
[  698.785056] audit: audit_lost=48453 audit_rate_limit=5 audit_backlog_limit=64
[  698.785065] audit: rate limit exceeded
[  699.323363] servicemanager: Found android.hardware.security.keymint.IRemotelyProvisionedComponent/default in device VINTF manifest.
[  699.558681] init: Control message: Could not find 'vendor.qti.diaghal@1.0::Idiag/default' for ctl.interface_start from pid: 754 (/system/bin/hwservicemanager)
[  699.654133] servicemanager: Found android.hardware.security.keymint.IRemotelyProvisionedComponent/default in device VINTF manifest.
[  699.834252] audit: audit_lost=48710 audit_rate_limit=5 audit_backlog_limit=64
[  699.834262] audit: rate limit exceeded
[  699.915560] servicemanager: Found android.hardware.security.keymint.IRemotelyProvisionedComponent/default in device VINTF manifest.
[  700.298586] servicemanager: Found vendor.qti.qspmhal.IQspmhal/default in device VINTF manifest.
[  700.560080] init: Control message: Could not find 'vendor.qti.diaghal@1.0::Idiag/default' for ctl.interface_start from pid: 754 (/system/bin/hwservicemanager)
[  700.870709] audit: audit_lost=48927 audit_rate_limit=5 audit_backlog_limit=64
[  700.870713] audit: rate limit exceeded
[  701.254736] [drm:dsi_display_set_mode [msm_drm]] [msm-dsi-info]: mdp_transfer_time=0, hactive=1080, vactive=1920, fps=90, clk_rate=0
[  701.560892] init: Control message: Could not find 'vendor.qti.diaghal@1.0::Idiag/default' for ctl.interface_start from pid: 754 (/system/bin/hwservicemanager)
[  701.824127] type=1400 audit(1785263949.160:51990): avc:  denied  { read } for  comm="DefaultDispatch" name="pwm1" dev="sysfs" ino=115174 scontext=u:r:system_app:s0 tcontext=u:object_r:sysfs:s0 tclass=file permissive=1
[  701.824283] type=1400 audit(1785263949.160:51991): avc:  denied  { open } for  comm="DefaultDispatch" path="/sys/devices/platform/soc/soc:pwm-fan/hwmon/hwmon0/pwm1" dev="sysfs" ino=115174 scontext=u:r:system_app:s0 tcontext=u:object_r:sysfs:s0 tclass=file permissive=1
[  701.824325] type=1400 audit(1785263949.160:51992): avc:  denied  { getattr } for  comm="DefaultDispatch" path="/sys/devices/platform/soc/soc:pwm-fan/hwmon/hwmon0/pwm1" dev="sysfs" ino=115174 scontext=u:r:system_app:s0 tcontext=u:object_r:sysfs:s0 tclass=file permissive=1
[  701.826168] type=1400 audit(1785263949.168:51993): avc:  denied  { read } for  comm="cat" name="max_pwrlevel" dev="sysfs" ino=124217 scontext=u:r:xsud:s0 tcontext=u:object_r:vendor_sysfs_kgsl:s0 tclass=file permissive=1
[  701.826363] type=1400 audit(1785263949.168:51994): avc:  denied  { open } for  comm="cat" path="/sys/devices/platform/soc/3d00000.qcom,kgsl-3d0/kgsl/kgsl-3d0/max_pwrlevel" dev="sysfs" ino=124217 scontext=u:r:xsud:s0 tcontext=u:object_r:vendor_sysfs_kgsl:s0 tclass=file permissive=1
[  702.001433] audit: audit_lost=49104 audit_rate_limit=5 audit_backlog_limit=64
[  702.001446] audit: rate limit exceeded
[  702.562042] init: Control message: Could not find 'vendor.qti.diaghal@1.0::Idiag/default' for ctl.interface_start from pid: 754 (/system/bin/hwservicemanager)
[  702.934094] type=1400 audit(1785263950.276:52111): avc:  denied  { execute } for  comm="DefaultDispatch" name="xsu" dev="dm-11" ino=188 scontext=u:r:untrusted_app:s0:c183,c256,c512,c768 tcontext=u:object_r:xsu_exec:s0 tclass=file permissive=1 app=com.kei.pulse
[  702.934350] type=1400 audit(1785263950.276:52112): avc:  denied  { read open } for  comm="DefaultDispatch" path="/product/bin/xsu" dev="dm-11" ino=188 scontext=u:r:untrusted_app:s0:c183,c256,c512,c768 tcontext=u:object_r:xsu_exec:s0 tclass=file permissive=1 app=com.kei.pulse
[  702.934480] type=1400 audit(1785263950.276:52113): avc:  denied  { execute_no_trans } for  comm="DefaultDispatch" path="/product/bin/xsu" dev="dm-11" ino=188 scontext=u:r:untrusted_app:s0:c183,c256,c512,c768 tcontext=u:object_r:xsu_exec:s0 tclass=file permissive=1 app=com.kei.pulse
[  702.935510] type=1400 audit(1785263950.276:52114): avc:  denied  { map } for  comm="xsu" path="/product/bin/xsu" dev="dm-11" ino=188 scontext=u:r:untrusted_app:s0:c183,c256,c512,c768 tcontext=u:object_r:xsu_exec:s0 tclass=file permissive=1 app=com.kei.pulse
[  702.936297] type=1400 audit(1785263950.280:52115): avc:  denied  { getattr } for  comm="xsu" path="/product/bin/xsu" dev="dm-11" ino=188 scontext=u:r:untrusted_app:s0:c183,c256,c512,c768 tcontext=u:object_r:xsu_exec:s0 tclass=file permissive=1 app=com.kei.pulse
[  703.433993] audit: audit_lost=49217 audit_rate_limit=5 audit_backlog_limit=64
[  703.434002] audit: rate limit exceeded
[  703.567848] init: Control message: Could not find 'vendor.qti.diaghal@1.0::Idiag/default' for ctl.interface_start from pid: 754 (/system/bin/hwservicemanager)
[  704.287663] servicemanager: Found vendor.qti.hardware.perf2.IPerf/default in device VINTF manifest.
[  704.443001] audit: audit_lost=49320 audit_rate_limit=5 audit_backlog_limit=64
[  704.443006] audit: rate limit exceeded
[  704.566943] init: Control message: Could not find 'vendor.qti.diaghal@1.0::Idiag/default' for ctl.interface_start from pid: 754 (/system/bin/hwservicemanager)
[  705.443997] audit: audit_lost=49582 audit_rate_limit=5 audit_backlog_limit=64
[  705.444001] audit: rate limit exceeded
[  705.567648] init: Control message: Could not find 'vendor.qti.diaghal@1.0::Idiag/default' for ctl.interface_start from pid: 754 (/system/bin/hwservicemanager)
[  705.849600] binder_debug: 31 callbacks suppressed
[  705.849604] binder: undelivered transaction 737496, process died.
[  706.447433] audit: audit_lost=49736 audit_rate_limit=5 audit_backlog_limit=64
[  706.447438] audit: rate limit exceeded
[  706.569240] init: Control message: Could not find 'vendor.qti.diaghal@1.0::Idiag/default' for ctl.interface_start from pid: 754 (/system/bin/hwservicemanager)
[  706.572186] [kworke][0x3366a07a6][18:39:13.918084] kiwi_v2: [2951:I:PMO] pmo_core_enable_wow_in_fw: drv wow is enabled
[  707.442336] type=1400 audit(1785263954.784:52729): avc:  denied  { read } for  comm="top" scontext=u:r:system_app:s0 tcontext=u:r:servicemanager:s0 tclass=file permissive=1
[  707.442449] type=1400 audit(1785263954.784:52730): avc:  denied  { read } for  comm="top" scontext=u:r:system_app:s0 tcontext=u:r:hwservicemanager:s0 tclass=file permissive=1
[  707.442636] type=1400 audit(1785263954.784:52731): avc:  denied  { read } for  comm="top" scontext=u:r:system_app:s0 tcontext=u:r:vndservicemanager:s0 tclass=file permissive=1
[  707.442744] type=1400 audit(1785263954.784:52732): avc:  denied  { read } for  comm="top" scontext=u:r:system_app:s0 tcontext=u:r:vendor_spdaemon:s0 tclass=file permissive=1
[  707.442842] type=1400 audit(1785263954.784:52733): avc:  denied  { read } for  comm="top" scontext=u:r:system_app:s0 tcontext=u:r:vendor_sec_nvm:s0 tclass=file permissive=1
[  707.570306] init: Control message: Could not find 'vendor.qti.diaghal@1.0::Idiag/default' for ctl.interface_start from pid: 754 (/system/bin/hwservicemanager)
[  707.874493] adsp_sleepmon: Audio: num_sessions=0,num_lpi_sessions=0,timer_pending=1
[  708.417950] audit: audit_lost=49852 audit_rate_limit=5 audit_backlog_limit=64
[  708.417959] audit: rate limit exceeded
[  708.501753] type=1400 audit(1785263955.844:52780): avc:  denied  { execute } for  comm="DefaultDispatch" name="xsu" dev="dm-11" ino=188 scontext=u:r:untrusted_app:s0:c183,c256,c512,c768 tcontext=u:object_r:xsu_exec:s0 tclass=file permissive=1 app=com.kei.pulse
[  708.502283] type=1400 audit(1785263955.844:52781): avc:  denied  { read open } for  comm="DefaultDispatch" path="/product/bin/xsu" dev="dm-11" ino=188 scontext=u:r:untrusted_app:s0:c183,c256,c512,c768 tcontext=u:object_r:xsu_exec:s0 tclass=file permissive=1 app=com.kei.pulse
[  708.502460] type=1400 audit(1785263955.844:52782): avc:  denied  { execute_no_trans } for  comm="DefaultDispatch" path="/product/bin/xsu" dev="dm-11" ino=188 scontext=u:r:untrusted_app:s0:c183,c256,c512,c768 tcontext=u:object_r:xsu_exec:s0 tclass=file permissive=1 app=com.kei.pulse
[  708.502590] type=1400 audit(1785263955.844:52783): avc:  denied  { map } for  comm="xsu" path="/product/bin/xsu" dev="dm-11" ino=188 scontext=u:r:untrusted_app:s0:c183,c256,c512,c768 tcontext=u:object_r:xsu_exec:s0 tclass=file permissive=1 app=com.kei.pulse
[  708.502714] type=1400 audit(1785263955.844:52784): avc:  denied  { getattr } for  comm="xsu" path="/product/bin/xsu" dev="dm-11" ino=188 scontext=u:r:untrusted_app:s0:c183,c256,c512,c768 tcontext=u:object_r:xsu_exec:s0 tclass=file permissive=1 app=com.kei.pulse
[  708.571112] init: Control message: Could not find 'vendor.qti.diaghal@1.0::Idiag/default' for ctl.interface_start from pid: 754 (/system/bin/hwservicemanager)
[  709.429703] audit: audit_lost=49861 audit_rate_limit=5 audit_backlog_limit=64
[  709.429709] audit: rate limit exceeded
[  709.573123] init: Control message: Could not find 'vendor.qti.diaghal@1.0::Idiag/default' for ctl.interface_start from pid: 754 (/system/bin/hwservicemanager)
[  710.575030] init: Control message: Could not find 'vendor.qti.diaghal@1.0::Idiag/default' for ctl.interface_start from pid: 754 (/system/bin/hwservicemanager)
[  710.705287] audit: audit_lost=49873 audit_rate_limit=5 audit_backlog_limit=64
[  710.705292] audit: rate limit exceeded
[  711.394172] wcd-usbss-i2c-driver 1-000e: wcd_usbss_is_in_reset_state: Surge check #3 failed
[  711.577628] init: Control message: Could not find 'vendor.qti.diaghal@1.0::Idiag/default' for ctl.interface_start from pid: 754 (/system/bin/hwservicemanager)
[  711.978279] audit: audit_lost=49893 audit_rate_limit=5 audit_backlog_limit=64
[  711.978284] audit: rate limit exceeded
[  712.579506] init: Control message: Could not find 'vendor.qti.diaghal@1.0::Idiag/default' for ctl.interface_start from pid: 754 (/system/bin/hwservicemanager)
[  712.927673] adsp_sleepmon: timer_event = 1,suspend_event = 0
[  713.098537] type=1400 audit(1785263960.440:52859): avc:  denied  { read } for  comm="cat" name="gpuclk" dev="sysfs" ino=124210 scontext=u:r:xsud:s0 tcontext=u:object_r:vendor_sysfs_kgsl_gpuclk:s0 tclass=file permissive=1
[  713.098788] type=1400 audit(1785263960.440:52860): avc:  denied  { open } for  comm="cat" path="/sys/devices/platform/soc/3d00000.qcom,kgsl-3d0/kgsl/kgsl-3d0/gpuclk" dev="sysfs" ino=124210 scontext=u:r:xsud:s0 tcontext=u:object_r:vendor_sysfs_kgsl_gpuclk:s0 tclass=file permissive=1
[  713.106156] type=1400 audit(1785263960.448:52861): avc:  denied  { read } for  comm="cat" name="min_pwrlevel" dev="sysfs" ino=124218 scontext=u:r:xsud:s0 tcontext=u:object_r:vendor_sysfs_kgsl:s0 tclass=file permissive=1
[  713.106417] type=1400 audit(1785263960.448:52862): avc:  denied  { open } for  comm="cat" path="/sys/devices/platform/soc/3d00000.qcom,kgsl-3d0/kgsl/kgsl-3d0/min_pwrlevel" dev="sysfs" ino=124218 scontext=u:r:xsud:s0 tcontext=u:object_r:vendor_sysfs_kgsl:s0 tclass=file permissive=1
[  713.157910] type=1400 audit(1785263960.500:52863): avc:  denied  { write } for  comm="Thread-2765" name="pulse_fifo_in" dev="dm-53" ino=332444 scontext=u:r:untrusted_app:s0:c183,c256,c512,c768 tcontext=u:object_r:app_data_file:s0 tclass=fifo_file permissive=1 app=com.kei.pulse
[  713.353496] audit: audit_lost=49920 audit_rate_limit=5 audit_backlog_limit=64
[  713.353507] audit: rate limit exceeded
[  713.408396] SELinux: avc:  denied  { find } for pid=12302 uid=0 name=SurfaceFlinger scontext=u:r:xsud:s0 tcontext=u:object_r:surfaceflinger_service:s0 tclass=service_manager permissive=1
[  713.580896] init: Control message: Could not find 'vendor.qti.diaghal@1.0::Idiag/default' for ctl.interface_start from pid: 754 (/system/bin/hwservicemanager)
[  714.313114] type=1400 audit(1785263961.656:52908): avc:  denied  { search } for  comm="cat" name="battery" dev="sysfs" ino=141568 scontext=u:r:xsud:s0 tcontext=u:object_r:vendor_sysfs_battery_supply:s0 tclass=dir permissive=1
[  714.327426] type=1400 audit(1785263961.668:52909): avc:  denied  { append } for  comm="sh" name="pulse_20260728_203503_cap_poll.log" dev="fuse" ino=332447 scontext=u:r:xsud:s0 tcontext=u:object_r:fuse:s0 tclass=file permissive=1
[  714.327478] type=1400 audit(1785263961.668:52910): avc:  denied  { open } for  comm="sh" path="/storage/emulated/0/apl_pulse_logs/pulse_20260728_203503_cap_poll.log" dev="fuse" ino=332447 scontext=u:r:xsud:s0 tcontext=u:object_r:fuse:s0 tclass=file permissive=1
[  714.339585] type=1400 audit(1785263961.680:52911): avc:  denied  { ioctl } for  comm="dmesg" path="/storage/emulated/0/apl_pulse_logs/pulse_20260728_203503_dmesg.log" dev="fuse" ino=332449 ioctlcmd=0x5401 scontext=u:r:xsud:s0 tcontext=u:object_r:fuse:s0 tclass=file permissive=1
[  714.390818] [kworke][0x33f5ca4c1][18:39:21.736713] kiwi_v2: [2307:I:PMO] pmo_core_psoc_send_host_wakeup_ind_to_fw: Host wakeup indication sent to fw
[  714.400886] [soft_i][0x33f5f9434][18:39:21.746732] kiwi_v2: [0:I:WMA] WLAN triggered wakeup: BPF_ALLOW (39), vdev: 0 (STA)
[  714.401210] [soft_i][0x33f5fb06e][18:39:21.747108] kiwi_v2: [0:I:WMA] wma_wake_event_packet: Wake event packet:
[  714.441776] audit: audit_lost=49964 audit_rate_limit=5 audit_backlog_limit=64
[  714.441786] audit: rate limit exceeded
[  714.442102] type=1400 audit(1785263961.784:52912): avc:  denied  { read } for  comm="top" scontext=u:r:system_app:s0 tcontext=u:r:hal_light_default:s0 tclass=file permissive=1
[  714.582427] init: Control message: Could not find 'vendor.qti.diaghal@1.0::Idiag/default' for ctl.interface_start from pid: 754 (/system/bin/hwservicemanager)
[  715.518512] audit: audit_lost=50033 audit_rate_limit=5 audit_backlog_limit=64
[  715.518518] audit: rate limit exceeded
[  715.622667] servicemanager: Found vendor.qti.hardware.perf2.IPerf/default in device VINTF manifest.
[  715.626741] init: Control message: Could not find 'vendor.qti.diaghal@1.0::Idiag/default' for ctl.interface_start from pid: 754 (/system/bin/hwservicemanager)
[  715.627101] init: Control message: Could not find 'vendor.qti.diaghal@1.0::Idiag/default' for ctl.interface_start from pid: 754 (/system/bin/hwservicemanager)
[  716.629013] init: Control message: Could not find 'vendor.qti.diaghal@1.0::Idiag/default' for ctl.interface_start from pid: 754 (/system/bin/hwservicemanager)
[  716.689243] audit: audit_lost=50299 audit_rate_limit=5 audit_backlog_limit=64
[  716.689252] audit: rate limit exceeded
[  717.629272] init: Control message: Could not find 'vendor.qti.diaghal@1.0::Idiag/default' for ctl.interface_start from pid: 754 (/system/bin/hwservicemanager)
[  717.726393] audit: audit_lost=50331 audit_rate_limit=5 audit_backlog_limit=64
[  717.726398] audit: rate limit exceeded
[  718.597312] [kworke][0x3442d040c][18:39:25.943210] kiwi_v2: [2202:I:PMO] pmo_core_enable_wow_in_fw: drv wow is enabled
[  718.631041] init: Control message: Could not find 'vendor.qti.diaghal@1.0::Idiag/default' for ctl.interface_start from pid: 754 (/system/bin/hwservicemanager)
[  718.690948] type=1400 audit(1785263966.032:53335): avc:  denied  { read } for  comm="top" scontext=u:r:system_app:s0 tcontext=u:r:vendor_qwesd:s0 tclass=file permissive=1
[  718.692478] type=1400 audit(1785263966.036:53336): avc:  denied  { getattr } for  comm="top" path="/proc/1386" dev="proc" ino=756363 scontext=u:r:system_app:s0 tcontext=u:r:hal_ir_default:s0 tclass=dir permissive=1
[  718.692585] type=1400 audit(1785263966.036:53337): avc:  denied  { search } for  comm="top" name="1386" dev="proc" ino=756363 scontext=u:r:system_app:s0 tcontext=u:r:hal_ir_default:s0 tclass=dir permissive=1
[  718.693390] type=1400 audit(1785263966.036:53338): avc:  denied  { getattr } for  comm="top" path="/proc/1548" dev="proc" ino=756383 scontext=u:r:system_app:s0 tcontext=u:r:vendor_hal_qspmhal_default:s0 tclass=dir permissive=1
[  718.693464] type=1400 audit(1785263966.036:53339): avc:  denied  { search } for  comm="top" name="1548" dev="proc" ino=756383 scontext=u:r:system_app:s0 tcontext=u:r:vendor_hal_qspmhal_default:s0 tclass=dir permissive=1
[  718.822859] audit: audit_lost=50377 audit_rate_limit=5 audit_backlog_limit=64
[  718.822868] audit: rate limit exceeded
[  719.632171] init: Control message: Could not find 'vendor.qti.diaghal@1.0::Idiag/default' for ctl.interface_start from pid: 754 (/system/bin/hwservicemanager)
[  719.700018] type=1400 audit(1785263967.040:53377): avc:  denied  { read } for  comm="top" scontext=u:r:system_app:s0 tcontext=u:r:hal_fingerprint_default:s0 tclass=file permissive=1
[  719.701265] type=1400 audit(1785263967.044:53378): avc:  denied  { getattr } for  comm="top" path="/proc/1073" dev="proc" ino=756360 scontext=u:r:system_app:s0 tcontext=u:r:vendor_hal_keymint_spu_qti:s0 tclass=dir permissive=1
[  719.701519] type=1400 audit(1785263967.044:53379): avc:  denied  { search } for  comm="top" name="1073" dev="proc" ino=756360 scontext=u:r:system_app:s0 tcontext=u:r:vendor_hal_keymint_spu_qti:s0 tclass=dir permissive=1
[  719.702005] type=1400 audit(1785263967.044:53380): avc:  denied  { open } for  comm="top" path="/proc/1479/stat" dev="proc" ino=756463 scontext=u:r:system_app:s0 tcontext=u:r:hal_fingerprint_default:s0 tclass=file permissive=1
[  719.704805] type=1400 audit(1785263967.048:53381): avc:  denied  { getattr } for  comm="Performance-Tim" path="/proc/stat" dev="proc" ino=4026532011 scontext=u:r:system_app:s0 tcontext=u:object_r:proc_stat:s0 tclass=file permissive=1
[  719.951577] audit: audit_lost=50408 audit_rate_limit=5 audit_backlog_limit=64
[  719.951582] audit: rate limit exceeded
[  720.633325] init: Control message: Could not find 'vendor.qti.diaghal@1.0::Idiag/default' for ctl.interface_start from pid: 754 (/system/bin/hwservicemanager)
[  721.438853] audit: audit_lost=50420 audit_rate_limit=5 audit_backlog_limit=64
[  721.438858] audit: rate limit exceeded
[  721.636094] init: Control message: Could not find 'vendor.qti.diaghal@1.0::Idiag/default' for ctl.interface_start from pid: 754 (/system/bin/hwservicemanager)
[  722.439438] audit: audit_lost=50434 audit_rate_limit=5 audit_backlog_limit=64
[  722.439449] audit: rate limit exceeded
[  722.636536] init: Control message: Could not find 'vendor.qti.diaghal@1.0::Idiag/default' for ctl.interface_start from pid: 754 (/system/bin/hwservicemanager)
[  723.637337] init: Control message: Could not find 'vendor.qti.diaghal@1.0::Idiag/default' for ctl.interface_start from pid: 754 (/system/bin/hwservicemanager)
[  723.686684] audit: audit_lost=50452 audit_rate_limit=5 audit_backlog_limit=64
[  723.686689] audit: rate limit exceeded
[  724.638448] init: Control message: Could not find 'vendor.qti.diaghal@1.0::Idiag/default' for ctl.interface_start from pid: 754 (/system/bin/hwservicemanager)
[  724.908532] type=1400 audit(1785263972.252:53464): avc:  denied  { read } for  comm="dmesg" name="kmsg" dev="tmpfs" ino=5 scontext=u:r:xsud:s0 tcontext=u:object_r:kmsg_device:s0 tclass=chr_file permissive=1
[  724.909028] type=1400 audit(1785263972.252:53465): avc:  denied  { open } for  comm="dmesg" path="/dev/kmsg" dev="tmpfs" ino=5 scontext=u:r:xsud:s0 tcontext=u:object_r:kmsg_device:s0 tclass=chr_file permissive=1
[  725.471168] type=1400 audit(1785263972.812:53466): avc:  denied  { execute_no_trans } for  comm="sh" path="/system/bin/dumpsys" dev="dm-9" ino=355 scontext=u:r:xsud:s0 tcontext=u:object_r:system_file:s0 tclass=file permissive=1
[  725.482647] type=1400 audit(1785263972.824:53467): avc:  denied  { write } for  comm="dumpsys" path="pipe:[941556]" dev="pipefs" ino=941556 scontext=u:r:surfaceflinger:s0 tcontext=u:r:xsud:s0 tclass=fifo_file permissive=1
[  725.639617] init: Control message: Could not find 'vendor.qti.diaghal@1.0::Idiag/default' for ctl.interface_start from pid: 754 (/system/bin/hwservicemanager)
[  725.685007] audit: audit_lost=50475 audit_rate_limit=5 audit_backlog_limit=64
[  725.685011] audit: rate limit exceeded
[  725.686011] type=1400 audit(1785263973.028:53468): avc:  denied  { read } for  comm="top" scontext=u:r:system_app:s0 tcontext=u:r:vendor_hal_srvctracker_default:s0 tclass=file permissive=1
[  726.426515] type=1400 audit(1785263973.768:53486): avc:  denied  { read } for  comm="top" name="pid_max" dev="proc" ino=756353 scontext=u:r:system_app:s0 tcontext=u:object_r:proc_pid_max:s0 tclass=file permissive=1
[  726.426975] type=1400 audit(1785263973.768:53487): avc:  denied  { open } for  comm="top" path="/proc/sys/kernel/pid_max" dev="proc" ino=756353 scontext=u:r:system_app:s0 tcontext=u:object_r:proc_pid_max:s0 tclass=file permissive=1
[  726.428117] type=1400 audit(1785263973.772:53488): avc:  denied  { getattr } for  comm="top" path="/proc/1469" dev="proc" ino=756371 scontext=u:r:system_app:s0 tcontext=u:r:vendor_hal_qesdhal_default:s0 tclass=dir permissive=1
[  726.428178] type=1400 audit(1785263973.772:53489): avc:  denied  { search } for  comm="top" name="1469" dev="proc" ino=756371 scontext=u:r:system_app:s0 tcontext=u:r:vendor_hal_qesdhal_default:s0 tclass=dir permissive=1
[  726.428270] type=1400 audit(1785263973.772:53490): avc:  denied  { getattr } for  comm="top" path="/proc/1483" dev="proc" ino=756374 scontext=u:r:system_app:s0 tcontext=u:r:vendor_hal_capabilityconfigstore_qti_default:s0 tclass=dir permissive=1
[  726.498262] wcd-usbss-i2c-driver 1-000e: wcd_usbss_is_in_reset_state: Surge check #3 failed
[  726.641592] init: Control message: Could not find 'vendor.qti.diaghal@1.0::Idiag/default' for ctl.interface_start from pid: 754 (/system/bin/hwservicemanager)
[  726.770642] audit: audit_lost=50493 audit_rate_limit=5 audit_backlog_limit=64
[  726.770671] audit: rate limit exceeded
[  727.642965] init: Control message: Could not find 'vendor.qti.diaghal@1.0::Idiag/default' for ctl.interface_start from pid: 754 (/system/bin/hwservicemanager)
[  728.643481] init: Control message: Could not find 'vendor.qti.diaghal@1.0::Idiag/default' for ctl.interface_start from pid: 754 (/system/bin/hwservicemanager)
[  729.425994] audit: audit_lost=50503 audit_rate_limit=5 audit_backlog_limit=64
[  729.425999] audit: rate limit exceeded
[  729.645277] init: Control message: Could not find 'vendor.qti.diaghal@1.0::Idiag/default' for ctl.interface_start from pid: 754 (/system/bin/hwservicemanager)
[  730.426355] type=1400 audit(1785263977.768:53520): avc:  denied  { read } for  comm="top" scontext=u:r:system_app:s0 tcontext=u:r:vendor_hal_qspmhal_default:s0 tclass=file permissive=1
[  730.426793] type=1400 audit(1785263977.768:53521): avc:  denied  { read } for  comm="top" scontext=u:r:system_app:s0 tcontext=u:r:vendor_qspmsvc:s0 tclass=file permissive=1
[  730.427273] type=1400 audit(1785263977.768:53522): avc:  denied  { getattr } for  comm="top" path="/proc/1417" dev="proc" ino=756364 scontext=u:r:system_app:s0 tcontext=u:r:hal_power_default:s0 tclass=dir permissive=1
[  730.427556] audit: audit_lost=50511 audit_rate_limit=5 audit_backlog_limit=64
[  730.427559] audit: rate limit exceeded
[  730.427853] type=1400 audit(1785263977.768:53523): avc:  denied  { search } for  comm="top" name="1417" dev="proc" ino=756364 scontext=u:r:system_app:s0 tcontext=u:r:hal_power_default:s0 tclass=dir permissive=1
[  730.428104] type=1400 audit(1785263977.772:53524): avc:  denied  { getattr } for  comm="top" path="/proc/1466" dev="proc" ino=756370 scontext=u:r:system_app:s0 tcontext=u:r:vendor_hal_poweroptservice_qti:s0 tclass=dir permissive=1
[  730.646747] init: Control message: Could not find 'vendor.qti.diaghal@1.0::Idiag/default' for ctl.interface_start from pid: 754 (/system/bin/hwservicemanager)
[  731.648592] init: Control message: Could not find 'vendor.qti.diaghal@1.0::Idiag/default' for ctl.interface_start from pid: 754 (/system/bin/hwservicemanager)
[  731.985188] type=1400 audit(1785263979.328:53541): avc:  denied  { search } for  comm="sh" name="0" dev="tmpfs" ino=12 scontext=u:r:xsud:s0 tcontext=u:object_r:mnt_user_file:s0 tclass=dir permissive=1
[  732.649487] init: Control message: Could not find 'vendor.qti.diaghal@1.0::Idiag/default' for ctl.interface_start from pid: 754 (/system/bin/hwservicemanager)
[  733.649905] init: Control message: Could not find 'vendor.qti.diaghal@1.0::Idiag/default' for ctl.interface_start from pid: 754 (/system/bin/hwservicemanager)
[  733.691322] type=1400 audit(1785263981.032:53542): avc:  denied  { read } for  comm="top" scontext=u:r:system_app:s0 tcontext=u:r:vendor_hal_usb_qti:s0 tclass=file permissive=1
[  733.691765] type=1400 audit(1785263981.032:53543): avc:  denied  { read } for  comm="top" scontext=u:r:system_app:s0 tcontext=u:r:vendor_perf_qesdk:s0 tclass=file permissive=1
[  733.693690] type=1400 audit(1785263981.036:53544): avc:  denied  { getattr } for  comm="top" path="/proc/1380" dev="proc" ino=756362 scontext=u:r:system_app:s0 tcontext=u:r:vendor_hal_identity_qti:s0 tclass=dir permissive=1
[  733.693888] type=1400 audit(1785263981.036:53545): avc:  denied  { search } for  comm="top" name="1380" dev="proc" ino=756362 scontext=u:r:system_app:s0 tcontext=u:r:vendor_hal_identity_qti:s0 tclass=dir permissive=1
[  734.422427] audit: audit_lost=50527 audit_rate_limit=5 audit_backlog_limit=64
[  734.422432] audit: rate limit exceeded
[  734.654391] init: Control message: Could not find 'vendor.qti.diaghal@1.0::Idiag/default' for ctl.interface_start from pid: 754 (/system/bin/hwservicemanager)
[  735.427751] audit: audit_lost=50537 audit_rate_limit=5 audit_backlog_limit=64
[  735.427755] audit: rate limit exceeded
[  735.428800] type=1400 audit(1785263982.768:53565): avc:  denied  { search } for  comm="top" name="1354" dev="proc" ino=756361 scontext=u:r:system_app:s0 tcontext=u:r:hal_allocator_default:s0 tclass=dir permissive=1
[  735.684876] servicemanager: Found vendor.qti.hardware.perf2.IPerf/default in device VINTF manifest.
[  735.688814] init: Control message: Could not find 'vendor.qti.diaghal@1.0::Idiag/default' for ctl.interface_start from pid: 754 (/system/bin/hwservicemanager)
[  735.689295] init: Control message: Could not find 'vendor.qti.diaghal@1.0::Idiag/default' for ctl.interface_start from pid: 754 (/system/bin/hwservicemanager)
[  735.705530] type=1400 audit(1785263983.048:53734): avc:  denied  { dac_read_search } for  comm="sh" capability=2  scontext=u:r:xsud:s0 tcontext=u:r:xsud:s0 tclass=capability permissive=1
[  735.705670] type=1400 audit(1785263983.048:53735): avc:  denied  { search } for  comm="sh" name="com.kei.pulse" dev="dm-53" ino=329013 scontext=u:r:xsud:s0 tcontext=u:object_r:app_data_file:s0:c183,c256,c512,c768 tclass=dir permissive=1
[  735.705721] type=1400 audit(1785263983.048:53736): avc:  denied  { read } for  comm="sh" name="pulse_fifo_in" dev="dm-53" ino=332444 scontext=u:r:xsud:s0 tcontext=u:object_r:app_data_file:s0 tclass=fifo_file permissive=1
[  735.705781] type=1400 audit(1785263983.048:53737): avc:  denied  { open } for  comm="sh" path="/data/user/0/com.kei.pulse/files/pulse_fifo_in" dev="dm-53" ino=332444 scontext=u:r:xsud:s0 tcontext=u:object_r:app_data_file:s0 tclass=fifo_file permissive=1
[  735.786144] type=1400 audit(1785263983.128:53738): avc:  denied  { execute } for  comm="DefaultDispatch" name="xsu" dev="dm-11" ino=188 scontext=u:r:untrusted_app:s0:c183,c256,c512,c768 tcontext=u:object_r:xsu_exec:s0 tclass=file permissive=1 app=com.kei.pulse
[  736.518222] audit: audit_lost=50765 audit_rate_limit=5 audit_backlog_limit=64
[  736.518232] audit: rate limit exceeded
[  736.691223] init: Control message: Could not find 'vendor.qti.diaghal@1.0::Idiag/default' for ctl.interface_start from pid: 754 (/system/bin/hwservicemanager)
[  736.713366] type=1400 audit(1785263984.056:53842): avc:  denied  { open } for  comm="DefaultDispatch" path="/proc/stat" dev="proc" ino=4026532011 scontext=u:r:untrusted_app:s0:c183,c256,c512,c768 tcontext=u:object_r:proc_stat:s0 tclass=file permissive=1 app=com.kei.pulse
[  736.713691] type=1400 audit(1785263984.056:53843): avc:  denied  { getattr } for  comm="DefaultDispatch" path="/proc/stat" dev="proc" ino=4026532011 scontext=u:r:untrusted_app:s0:c183,c256,c512,c768 tcontext=u:object_r:proc_stat:s0 tclass=file permissive=1 app=com.kei.pulse
[  736.725695] type=1400 audit(1785263984.068:53844): avc:  denied  { write } for  comm="xsu" name="xsud" dev="tmpfs" ino=1381 scontext=u:r:untrusted_app:s0:c183,c256,c512,c768 tcontext=u:object_r:xsud_socket:s0 tclass=sock_file permissive=1 app=com.kei.pulse
[  737.202618] type=1400 audit(1785263984.544:53845): avc:  denied  { write } for  comm="sh" name="pulse_fifo_out" dev="dm-53" ino=332445 scontext=u:r:xsud:s0 tcontext=u:object_r:app_data_file:s0 tclass=fifo_file permissive=1
[  737.667155] audit: audit_lost=50830 audit_rate_limit=5 audit_backlog_limit=64
[  737.667161] audit: rate limit exceeded
[  737.693522] init: Control message: Could not find 'vendor.qti.diaghal@1.0::Idiag/default' for ctl.interface_start from pid: 754 (/system/bin/hwservicemanager)
[  738.684885] audit: audit_lost=50844 audit_rate_limit=5 audit_backlog_limit=64
[  738.684891] audit: rate limit exceeded
[  738.693539] init: Control message: Could not find 'vendor.qti.diaghal@1.0::Idiag/default' for ctl.interface_start from pid: 754 (/system/bin/hwservicemanager)
[  739.695298] init: Control message: Could not find 'vendor.qti.diaghal@1.0::Idiag/default' for ctl.interface_start from pid: 754 (/system/bin/hwservicemanager)
[  739.808286] audit: audit_lost=50892 audit_rate_limit=5 audit_backlog_limit=64
[  739.808290] audit: rate limit exceeded
[  740.697179] init: Control message: Could not find 'vendor.qti.diaghal@1.0::Idiag/default' for ctl.interface_start from pid: 754 (/system/bin/hwservicemanager)
[  741.366895] type=1400 audit(1785263988.708:53985): avc:  denied  { read } for  comm="cat" name="online" dev="sysfs" ino=141577 scontext=u:r:xsud:s0 tcontext=u:object_r:vendor_sysfs_battery_supply:s0 tclass=file permissive=1
[  741.367025] type=1400 audit(1785263988.708:53986): avc:  denied  { open } for  comm="cat" path="/sys/devices/platform/soc/soc:qcom,pmic_glink/soc:qcom,pmic_glink:qcom,battery_charger/power_supply/battery/online" dev="sysfs" ino=141577 scontext=u:r:xsud:s0 tcontext=u:object_r:vendor_sysfs_battery_supply:s0 tclass=file permissive=1
[  741.407634] type=1400 audit(1785263988.748:53987): avc:  denied  { read } for  comm="Performance-Tim" name="pwm1" dev="sysfs" ino=115174 scontext=u:r:system_app:s0 tcontext=u:object_r:sysfs:s0 tclass=file permissive=1
[  741.407753] type=1400 audit(1785263988.748:53988): avc:  denied  { open } for  comm="Performance-Tim" path="/sys/devices/platform/soc/soc:pwm-fan/hwmon/hwmon0/pwm1" dev="sysfs" ino=115174 scontext=u:r:system_app:s0 tcontext=u:object_r:sysfs:s0 tclass=file permissive=1
[  741.407784] type=1400 audit(1785263988.748:53989): avc:  denied  { getattr } for  comm="Performance-Tim" path="/sys/devices/platform/soc/soc:pwm-fan/hwmon/hwmon0/pwm1" dev="sysfs" ino=115174 scontext=u:r:system_app:s0 tcontext=u:object_r:sysfs:s0 tclass=file permissive=1
[  741.427842] audit: audit_lost=50931 audit_rate_limit=5 audit_backlog_limit=64
[  741.427853] audit: rate limit exceeded
[  741.602244] wcd-usbss-i2c-driver 1-000e: wcd_usbss_is_in_reset_state: Surge check #3 failed
[  741.698094] init: Control message: Could not find 'vendor.qti.diaghal@1.0::Idiag/default' for ctl.interface_start from pid: 754 (/system/bin/hwservicemanager)
[  742.419707] type=1400 audit(1785263989.760:53994): avc:  denied  { read } for  comm="top" scontext=u:r:system_app:s0 tcontext=u:r:vendor_hal_keymint_qti:s0 tclass=file permissive=1
[  742.419936] type=1400 audit(1785263989.764:53995): avc:  denied  { read } for  comm="top" scontext=u:r:system_app:s0 tcontext=u:r:vendor_hal_qseecom_default:s0 tclass=file permissive=1
[  742.421810] type=1400 audit(1785263989.764:53996): avc:  denied  { open } for  comm="top" path="/proc/905/stat" dev="proc" ino=756395 scontext=u:r:system_app:s0 tcontext=u:r:vendor_hal_keymint_qti:s0 tclass=file permissive=1
[  742.422057] type=1400 audit(1785263989.764:53997): avc:  denied  { open } for  comm="top" path="/proc/907/stat" dev="proc" ino=756399 scontext=u:r:system_app:s0 tcontext=u:r:vendor_hal_qseecom_default:s0 tclass=file permissive=1
[  742.422970] type=1400 audit(1785263989.764:53998): avc:  denied  { getattr } for  comm="top" path="/proc/1455" dev="proc" ino=756367 scontext=u:r:system_app:s0 tcontext=u:r:vendor_hal_spu_qti:s0 tclass=dir permissive=1
[  742.699270] init: Control message: Could not find 'vendor.qti.diaghal@1.0::Idiag/default' for ctl.interface_start from pid: 754 (/system/bin/hwservicemanager)
[  743.700869] init: Control message: Could not find 'vendor.qti.diaghal@1.0::Idiag/default' for ctl.interface_start from pid: 754 (/system/bin/hwservicemanager)
[  744.415872] audit: audit_lost=50936 audit_rate_limit=5 audit_backlog_limit=64
[  744.415877] audit: rate limit exceeded
[  744.701618] init: Control message: Could not find 'vendor.qti.diaghal@1.0::Idiag/default' for ctl.interface_start from pid: 754 (/system/bin/hwservicemanager)
[  745.704061] init: Control message: Could not find 'vendor.qti.diaghal@1.0::Idiag/default' for ctl.interface_start from pid: 754 (/system/bin/hwservicemanager)
[  746.272757] healthd: battery l=73 v=8043 t=35.0 h=2 st=3 c=-391855 fc=4162000 cc=0 chg=a
[  746.308529] audit: audit_lost=50941 audit_rate_limit=5 audit_backlog_limit=64
[  746.308534] audit: rate limit exceeded
[  746.308550] BATTERY_CHG: battery_psy_set_online: battery_psy_set_online: set online 1
[  746.309357] BATTERY_CHG: battery_psy_set_online: battery_psy_set_online: set online 1
[  746.422655] type=1400 audit(1785263993.764:54016): avc:  denied  { read } for  comm="top" scontext=u:r:system_app:s0 tcontext=u:r:hal_ir_default:s0 tclass=file permissive=1
[  746.422822] type=1400 audit(1785263993.764:54017): avc:  denied  { read } for  comm="top" scontext=u:r:system_app:s0 tcontext=u:r:vendor_hal_usb_qti:s0 tclass=file permissive=1
[  746.423103] type=1400 audit(1785263993.764:54018): avc:  denied  { read } for  comm="top" scontext=u:r:system_app:s0 tcontext=u:r:vendor_qspmsvc:s0 tclass=file permissive=1
[  746.425076] type=1400 audit(1785263993.768:54019): avc:  denied  { open } for  comm="top" path="/proc/1386/stat" dev="proc" ino=756423 scontext=u:r:system_app:s0 tcontext=u:r:hal_ir_default:s0 tclass=file permissive=1
[  746.425242] type=1400 audit(1785263993.768:54020): avc:  denied  { getattr } for  comm="top" path="/proc/1417" dev="proc" ino=756364 scontext=u:r:system_app:s0 tcontext=u:r:hal_power_default:s0 tclass=dir permissive=1
[  746.705522] init: Control message: Could not find 'vendor.qti.diaghal@1.0::Idiag/default' for ctl.interface_start from pid: 754 (/system/bin/hwservicemanager)
[  747.409324] audit: audit_lost=50977 audit_rate_limit=5 audit_backlog_limit=64
[  747.409329] audit: rate limit exceeded
[  747.707891] init: Control message: Could not find 'vendor.qti.diaghal@1.0::Idiag/default' for ctl.interface_start from pid: 754 (/system/bin/hwservicemanager)
[  748.109148] type=1400 audit(1785263995.452:54070): avc:  denied  { search } for  comm="cat" name="battery" dev="sysfs" ino=141568 scontext=u:r:xsud:s0 tcontext=u:object_r:vendor_sysfs_battery_supply:s0 tclass=dir permissive=1
[  748.335119] type=1400 audit(1785263995.676:54071): avc:  denied  { setattr } for  comm="chmod" name="scaling_max_freq" dev="sysfs" ino=75043 scontext=u:r:xsud:s0 tcontext=u:object_r:sysfs_devices_system_cpu:s0 tclass=file permissive=1
[  748.335811] type=1400 audit(1785263995.680:54072): avc:  denied  { write } for  comm="sh" name="scaling_max_freq" dev="sysfs" ino=75043 scontext=u:r:xsud:s0 tcontext=u:object_r:sysfs_devices_system_cpu:s0 tclass=file permissive=1
[  748.355438] type=1400 audit(1785263995.696:54073): avc:  denied  { fowner } for  comm="chmod" capability=3  scontext=u:r:xsud:s0 tcontext=u:r:xsud:s0 tclass=capability permissive=1
[  748.355546] type=1400 audit(1785263995.696:54074): avc:  denied  { fsetid } for  comm="chmod" capability=4  scontext=u:r:xsud:s0 tcontext=u:r:xsud:s0 tclass=capability permissive=1
[  748.411454] audit: audit_lost=51001 audit_rate_limit=5 audit_backlog_limit=64
[  748.411458] audit: rate limit exceeded
[  748.709036] init: Control message: Could not find 'vendor.qti.diaghal@1.0::Idiag/default' for ctl.interface_start from pid: 754 (/system/bin/hwservicemanager)
[  749.710462] init: Control message: Could not find 'vendor.qti.diaghal@1.0::Idiag/default' for ctl.interface_start from pid: 754 (/system/bin/hwservicemanager)
[  750.296395] audit: audit_lost=51013 audit_rate_limit=5 audit_backlog_limit=64
[  750.296400] audit: rate limit exceeded
[  750.710988] init: Control message: Could not find 'vendor.qti.diaghal@1.0::Idiag/default' for ctl.interface_start from pid: 754 (/system/bin/hwservicemanager)
[  751.413980] audit: audit_lost=51018 audit_rate_limit=5 audit_backlog_limit=64
[  751.413985] audit: rate limit exceeded
[  751.607148] type=1400 audit(1785263998.948:54122): avc:  denied  { write } for  comm="sh" name="pulse_fifo_out" dev="dm-53" ino=332445 scontext=u:r:xsud:s0 tcontext=u:object_r:app_data_file:s0 tclass=fifo_file permissive=1
[  751.712973] init: Control message: Could not find 'vendor.qti.diaghal@1.0::Idiag/default' for ctl.interface_start from pid: 754 (/system/bin/hwservicemanager)
[  751.748119] type=1400 audit(1785263999.092:54123): avc:  denied  { read } for  comm="sh" name="fps-probe.sh" dev="dm-53" ino=330200 scontext=u:r:xsud:s0 tcontext=u:object_r:app_data_file:s0:c183,c256,c512,c768 tclass=file permissive=1
[  751.748301] type=1400 audit(1785263999.092:54124): avc:  denied  { open } for  comm="sh" path="/data/user/0/com.kei.pulse/files/fps-probe.sh" dev="dm-53" ino=330200 scontext=u:r:xsud:s0 tcontext=u:object_r:app_data_file:s0:c183,c256,c512,c768 tclass=file permissive=1
[  752.409358] type=1400 audit(1785263999.752:54125): avc:  denied  { read } for  comm="top" scontext=u:r:system_app:s0 tcontext=u:r:vndservicemanager:s0 tclass=file permissive=1
[  752.409787] type=1400 audit(1785263999.752:54126): avc:  denied  { read } for  comm="top" scontext=u:r:system_app:s0 tcontext=u:r:hal_vibrator_default:s0 tclass=file permissive=1
[  752.664147] type=1400 audit(1785264000.008:54139): avc:  denied  { read } for  comm="top" scontext=u:r:system_app:s0 tcontext=u:r:servicemanager:s0 tclass=file permissive=1
[  752.664315] type=1400 audit(1785264000.008:54140): avc:  denied  { open } for  comm="top" path="/proc/752/stat" dev="proc" ino=756384 scontext=u:r:system_app:s0 tcontext=u:r:servicemanager:s0 tclass=file permissive=1
[  752.664583] type=1400 audit(1785264000.008:54141): avc:  denied  { read } for  comm="top" scontext=u:r:system_app:s0 tcontext=u:r:hwservicemanager:s0 tclass=file permissive=1
[  752.664693] type=1400 audit(1785264000.008:54142): avc:  denied  { open } for  comm="top" path="/proc/754/stat" dev="proc" ino=756388 scontext=u:r:system_app:s0 tcontext=u:r:hwservicemanager:s0 tclass=file permissive=1
[  752.665110] type=1400 audit(1785264000.008:54143): avc:  denied  { read } for  comm="top" scontext=u:r:system_app:s0 tcontext=u:r:vendor_sec_nvm:s0 tclass=file permissive=1
[  752.665193] audit: audit_lost=51040 audit_rate_limit=5 audit_backlog_limit=64
[  752.665195] audit: rate limit exceeded
[  752.715079] init: Control message: Could not find 'vendor.qti.diaghal@1.0::Idiag/default' for ctl.interface_start from pid: 754 (/system/bin/hwservicemanager)
[  753.719942] init: Control message: Could not find 'vendor.qti.diaghal@1.0::Idiag/default' for ctl.interface_start from pid: 754 (/system/bin/hwservicemanager)
[  754.374601] audit: audit_lost=51076 audit_rate_limit=5 audit_backlog_limit=64
[  754.374610] audit: rate limit exceeded
[  754.720780] init: Control message: Could not find 'vendor.qti.diaghal@1.0::Idiag/default' for ctl.interface_start from pid: 754 (/system/bin/hwservicemanager)
[  755.409713] audit: audit_lost=51105 audit_rate_limit=5 audit_backlog_limit=64
[  755.409724] audit: rate limit exceeded
[  755.748185] servicemanager: Found vendor.qti.hardware.perf2.IPerf/default in device VINTF manifest.
[  755.753002] init: Control message: Could not find 'vendor.qti.diaghal@1.0::Idiag/default' for ctl.interface_start from pid: 754 (/system/bin/hwservicemanager)
[  755.753552] init: Control message: Could not find 'vendor.qti.diaghal@1.0::Idiag/default' for ctl.interface_start from pid: 754 (/system/bin/hwservicemanager)
[  756.518563] audit: audit_lost=51316 audit_rate_limit=5 audit_backlog_limit=64
[  756.518569] audit: rate limit exceeded
[  756.704974] wcd-usbss-i2c-driver 1-000e: wcd_usbss_is_in_reset_state: Surge check #3 failed
[  756.755264] init: Control message: Could not find 'vendor.qti.diaghal@1.0::Idiag/default' for ctl.interface_start from pid: 754 (/system/bin/hwservicemanager)
[  757.659962] type=1400 audit(1785264005.004:54481): avc:  denied  { read } for  comm="top" scontext=u:r:system_app:s0 tcontext=u:r:hal_power_default:s0 tclass=file permissive=1
[  757.660197] type=1400 audit(1785264005.004:54482): avc:  denied  { read } for  comm="top" scontext=u:r:system_app:s0 tcontext=u:r:vendor_perf_qesdk:s0 tclass=file permissive=1
[  757.660881] type=1400 audit(1785264005.004:54483): avc:  denied  { getattr } for  comm="top" path="/proc/1380" dev="proc" ino=756362 scontext=u:r:system_app:s0 tcontext=u:r:vendor_hal_identity_qti:s0 tclass=dir permissive=1
[  757.660952] type=1400 audit(1785264005.004:54484): avc:  denied  { search } for  comm="top" name="1380" dev="proc" ino=756362 scontext=u:r:system_app:s0 tcontext=u:r:vendor_hal_identity_qti:s0 tclass=dir permissive=1
[  757.661120] type=1400 audit(1785264005.004:54485): avc:  denied  { open } for  comm="top" path="/proc/1417/stat" dev="proc" ino=756427 scontext=u:r:system_app:s0 tcontext=u:r:hal_power_default:s0 tclass=file permissive=1
[  757.662013] audit: audit_lost=51362 audit_rate_limit=5 audit_backlog_limit=64
[  757.662015] audit: rate limit exceeded
[  757.756770] init: Control message: Could not find 'vendor.qti.diaghal@1.0::Idiag/default' for ctl.interface_start from pid: 754 (/system/bin/hwservicemanager)
[  758.665455] type=1400 audit(1785264006.008:54512): avc:  denied  { read } for  comm="top" scontext=u:r:system_app:s0 tcontext=u:r:vendor_hal_poweroptservice_qti:s0 tclass=file permissive=1
[  758.666108] type=1400 audit(1785264006.008:54513): avc:  denied  { getattr } for  comm="top" path="/proc/905" dev="proc" ino=756356 scontext=u:r:system_app:s0 tcontext=u:r:vendor_hal_keymint_qti:s0 tclass=dir permissive=1
[  758.666206] type=1400 audit(1785264006.008:54514): avc:  denied  { search } for  comm="top" name="905" dev="proc" ino=756356 scontext=u:r:system_app:s0 tcontext=u:r:vendor_hal_keymint_qti:s0 tclass=dir permissive=1
[  758.666757] type=1400 audit(1785264006.008:54515): avc:  denied  { open } for  comm="top" path="/proc/1466/stat" dev="proc" ino=756451 scontext=u:r:system_app:s0 tcontext=u:r:vendor_hal_poweroptservice_qti:s0 tclass=file permissive=1
[  758.669697] type=1400 audit(1785264006.012:54516): avc:  denied  { getattr } for  comm="Performance-Tim" path="/proc/stat" dev="proc" ino=4026532011 scontext=u:r:system_app:s0 tcontext=u:object_r:proc_stat:s0 tclass=file permissive=1
[  758.757614] init: Control message: Could not find 'vendor.qti.diaghal@1.0::Idiag/default' for ctl.interface_start from pid: 754 (/system/bin/hwservicemanager)
[  758.975485] audit: audit_lost=51388 audit_rate_limit=5 audit_backlog_limit=64
[  758.975490] audit: rate limit exceeded
[  759.758607] init: Control message: Could not find 'vendor.qti.diaghal@1.0::Idiag/default' for ctl.interface_start from pid: 754 (/system/bin/hwservicemanager)
[  760.401501] audit: audit_lost=51395 audit_rate_limit=5 audit_backlog_limit=64
[  760.401506] audit: rate limit exceeded
[  760.761082] init: Control message: Could not find 'vendor.qti.diaghal@1.0::Idiag/default' for ctl.interface_start from pid: 754 (/system/bin/hwservicemanager)
[  761.763869] init: Control message: Could not find 'vendor.qti.diaghal@1.0::Idiag/default' for ctl.interface_start from pid: 754 (/system/bin/hwservicemanager)
[  762.764570] init: Control message: Could not find 'vendor.qti.diaghal@1.0::Idiag/default' for ctl.interface_start from pid: 754 (/system/bin/hwservicemanager)
[  763.661508] type=1400 audit(1785264011.004:54538): avc:  denied  { read } for  comm="top" scontext=u:r:system_app:s0 tcontext=u:r:vendor_qesdsect:s0 tclass=file permissive=1
[  763.664163] type=1400 audit(1785264011.004:54539): avc:  denied  { open } for  comm="top" path="/proc/1473/stat" dev="proc" ino=756459 scontext=u:r:system_app:s0 tcontext=u:r:vendor_qesdsect:s0 tclass=file permissive=1
[  763.664207] type=1400 audit(1785264011.008:54540): avc:  denied  { getattr } for  comm="top" path="/proc/1542" dev="proc" ino=756382 scontext=u:r:system_app:s0 tcontext=u:r:vendor_hal_qspa_default:s0 tclass=dir permissive=1
[  763.664223] type=1400 audit(1785264011.008:54541): avc:  denied  { search } for  comm="top" name="1542" dev="proc" ino=756382 scontext=u:r:system_app:s0 tcontext=u:r:vendor_hal_qspa_default:s0 tclass=dir permissive=1
[  763.766865] init: Control message: Could not find 'vendor.qti.diaghal@1.0::Idiag/default' for ctl.interface_start from pid: 754 (/system/bin/hwservicemanager)
[  763.808361] type=1400 audit(1785264011.152:54542): avc:  denied  { dac_read_search } for  comm="sh" capability=2  scontext=u:r:xsud:s0 tcontext=u:r:xsud:s0 tclass=capability permissive=1
[  764.298182] audit: audit_lost=51399 audit_rate_limit=5 audit_backlog_limit=64
[  764.298189] audit: rate limit exceeded
[  764.769062] init: Control message: Could not find 'vendor.qti.diaghal@1.0::Idiag/default' for ctl.interface_start from pid: 754 (/system/bin/hwservicemanager)
[  765.656674] type=1400 audit(1785264013.000:54551): avc:  denied  { getattr } for  comm="top" path="/proc/1813" dev="proc" ino=717675 scontext=u:r:system_app:s0 tcontext=u:r:vendor_tcmd:s0 tclass=dir permissive=1
[  765.656795] type=1400 audit(1785264013.000:54552): avc:  denied  { search } for  comm="top" name="1813" dev="proc" ino=717675 scontext=u:r:system_app:s0 tcontext=u:r:vendor_tcmd:s0 tclass=dir permissive=1
[  765.656972] type=1400 audit(1785264013.000:54553): avc:  denied  { getattr } for  comm="top" path="/proc/2022" dev="proc" ino=717685 scontext=u:r:system_app:s0 tcontext=u:r:vendor_hal_soter_qti:s0 tclass=dir permissive=1
[  765.657060] type=1400 audit(1785264013.000:54554): avc:  denied  { search } for  comm="top" name="2022" dev="proc" ino=717685 scontext=u:r:system_app:s0 tcontext=u:r:vendor_hal_soter_qti:s0 tclass=dir permissive=1
[  765.746690] audit: audit_lost=51407 audit_rate_limit=5 audit_backlog_limit=64
[  765.746736] audit: rate limit exceeded
[  765.746991] type=1400 audit(1785264013.088:54555): avc:  denied  { fowner } for  comm="chmod" capability=3  scontext=u:r:xsud:s0 tcontext=u:r:xsud:s0 tclass=capability permissive=1
[  765.769646] init: Control message: Could not find 'vendor.qti.diaghal@1.0::Idiag/default' for ctl.interface_start from pid: 754 (/system/bin/hwservicemanager)
[  766.772516] init: Control message: Could not find 'vendor.qti.diaghal@1.0::Idiag/default' for ctl.interface_start from pid: 754 (/system/bin/hwservicemanager)
[  767.074266] audit: audit_lost=51440 audit_rate_limit=5 audit_backlog_limit=64
[  767.074272] audit: rate limit exceeded
[  767.773394] init: Control message: Could not find 'vendor.qti.diaghal@1.0::Idiag/default' for ctl.interface_start from pid: 754 (/system/bin/hwservicemanager)
[  768.401877] audit: audit_lost=51505 audit_rate_limit=5 audit_backlog_limit=64
[  768.401882] audit: rate limit exceeded
[  768.775790] init: Control message: Could not find 'vendor.qti.diaghal@1.0::Idiag/default' for ctl.interface_start from pid: 754 (/system/bin/hwservicemanager)
[  769.395864] type=1400 audit(1785264016.736:54669): avc:  denied  { read } for  comm="top" scontext=u:r:system_app:s0 tcontext=u:r:hal_tsnv_default:s0 tclass=file permissive=1
[  769.396364] type=1400 audit(1785264016.736:54670): avc:  denied  { read } for  comm="top" scontext=u:r:system_app:s0 tcontext=u:r:vendor_perfservice:s0 tclass=file permissive=1
[  769.397127] type=1400 audit(1785264016.740:54671): avc:  denied  { getattr } for  comm="top" path="/proc/1466" dev="proc" ino=756370 scontext=u:r:system_app:s0 tcontext=u:r:vendor_hal_poweroptservice_qti:s0 tclass=dir permissive=1
[  769.397458] type=1400 audit(1785264016.740:54672): avc:  denied  { search } for  comm="top" name="1466" dev="proc" ino=756370 scontext=u:r:system_app:s0 tcontext=u:r:vendor_hal_poweroptservice_qti:s0 tclass=dir permissive=1
[  769.397789] type=1400 audit(1785264016.740:54673): avc:  denied  { read } for  comm="top" scontext=u:r:system_app:s0 tcontext=u:r:vendor_hal_qspmhal_default:s0 tclass=file permissive=1
[  769.777209] init: Control message: Could not find 'vendor.qti.diaghal@1.0::Idiag/default' for ctl.interface_start from pid: 754 (/system/bin/hwservicemanager)
[  770.558516] type=1400 audit(1785264017.900:54689): avc:  denied  { open } for  comm="DefaultDispatch" path="/proc/stat" dev="proc" ino=4026532011 scontext=u:r:untrusted_app:s0:c183,c256,c512,c768 tcontext=u:object_r:proc_stat:s0 tclass=file permissive=1 app=com.kei.pulse
[  770.558722] type=1400 audit(1785264017.900:54690): avc:  denied  { getattr } for  comm="DefaultDispatch" path="/proc/stat" dev="proc" ino=4026532011 scontext=u:r:untrusted_app:s0:c183,c256,c512,c768 tcontext=u:object_r:proc_stat:s0 tclass=file permissive=1 app=com.kei.pulse
[  770.778520] init: Control message: Could not find 'vendor.qti.diaghal@1.0::Idiag/default' for ctl.interface_start from pid: 754 (/system/bin/hwservicemanager)
[  770.898477] type=1400 audit(1785264018.240:54691): avc:  denied  { read } for  comm="sh" name="primary" dev="tmpfs" ino=42 scontext=u:r:xsud:s0 tcontext=u:object_r:mnt_user_file:s0 tclass=lnk_file permissive=1
[  771.393633] type=1400 audit(1785264018.736:54692): avc:  denied  { getattr } for  comm="top" path="/proc/1447" dev="proc" ino=756365 scontext=u:r:system_app:s0 tcontext=u:r:vendor_hal_usb_qti:s0 tclass=dir permissive=1
[  771.394096] type=1400 audit(1785264018.736:54693): avc:  denied  { search } for  comm="top" name="1447" dev="proc" ino=756365 scontext=u:r:system_app:s0 tcontext=u:r:vendor_hal_usb_qti:s0 tclass=dir permissive=1
[  771.407878] binder: 12123:11488 dead process or thread
[  771.407892] binder: 11488:12123 transaction call to 27134:0 failed 758515/29202/0, size 416-16 line 3890
[  771.408650] binder: 4693:2281 dead process or thread
[  771.408658] binder: 2281:4693 transaction call to 27134:0 failed 758519/29202/0, size 0-0 line 3890
[  771.420242] audit: audit_lost=51525 audit_rate_limit=5 audit_backlog_limit=64
[  771.420251] audit: rate limit exceeded
[  771.420940] [kworke][0x380a0b02b][18:40:18.766838] kiwi_v2: [2307:I:PMO] pmo_core_psoc_send_host_wakeup_ind_to_fw: Host wakeup indication sent to fw
[  771.779296] init: Control message: Could not find 'vendor.qti.diaghal@1.0::Idiag/default' for ctl.interface_start from pid: 754 (/system/bin/hwservicemanager)
[  771.809407] wcd-usbss-i2c-driver 1-000e: wcd_usbss_is_in_reset_state: Surge check #3 failed
[  772.332434] [kworke][0x381abba04][18:40:19.678329] kiwi_v2: [2307:I:PMO] pmo_core_enable_wow_in_fw: drv wow is enabled
[  772.649016] audit: audit_lost=51612 audit_rate_limit=5 audit_backlog_limit=64
[  772.649023] audit: rate limit exceeded
[  772.782475] init: Control message: Could not find 'vendor.qti.diaghal@1.0::Idiag/default' for ctl.interface_start from pid: 754 (/system/bin/hwservicemanager)
[  773.783598] init: Control message: Could not find 'vendor.qti.diaghal@1.0::Idiag/default' for ctl.interface_start from pid: 754 (/system/bin/hwservicemanager)
[  774.393155] audit: audit_lost=51648 audit_rate_limit=5 audit_backlog_limit=64
[  774.393159] audit: rate limit exceeded
[  774.785051] init: Control message: Could not find 'vendor.qti.diaghal@1.0::Idiag/default' for ctl.interface_start from pid: 754 (/system/bin/hwservicemanager)
[  775.043769] type=1400 audit(1785264022.388:54849): avc:  denied  { search } for  comm="sh" name="com.kei.pulse" dev="dm-53" ino=329013 scontext=u:r:xsud:s0 tcontext=u:object_r:app_data_file:s0:c183,c256,c512,c768 tclass=dir permissive=1
[  775.755116] type=1400 audit(1785264023.096:54850): avc:  denied  { getattr } for  comm="DefaultDispatch" path="/dev/ttyHS5" dev="tmpfs" ino=1195 scontext=u:r:system_app:s0 tcontext=u:object_r:device:s0 tclass=chr_file permissive=1
[  775.757530] type=1400 audit(1785264023.100:54851): avc:  denied  { getattr } for  comm="chmod" path="/sys/devices/platform/soc/3d00000.qcom,kgsl-3d0/kgsl/kgsl-3d0/min_pwrlevel" dev="sysfs" ino=124218 scontext=u:r:xsud:s0 tcontext=u:object_r:vendor_sysfs_kgsl:s0 tclass=file permissive=1
[  775.757606] type=1400 audit(1785264023.100:54852): avc:  denied  { setattr } for  comm="chmod" name="min_pwrlevel" dev="sysfs" ino=124218 scontext=u:r:xsud:s0 tcontext=u:object_r:vendor_sysfs_kgsl:s0 tclass=file permissive=1
[  775.758082] audit: audit_lost=51665 audit_rate_limit=5 audit_backlog_limit=64
[  775.758084] audit: rate limit exceeded
[  775.758205] type=1400 audit(1785264023.100:54853): avc:  denied  { write } for  comm="sh" name="min_pwrlevel" dev="sysfs" ino=124218 scontext=u:r:xsud:s0 tcontext=u:object_r:vendor_sysfs_kgsl:s0 tclass=file permissive=1
[  775.813664] servicemanager: Found vendor.qti.hardware.perf2.IPerf/default in device VINTF manifest.
[  775.818329] init: Control message: Could not find 'vendor.qti.diaghal@1.0::Idiag/default' for ctl.interface_start from pid: 754 (/system/bin/hwservicemanager)
[  775.818817] init: Control message: Could not find 'vendor.qti.diaghal@1.0::Idiag/default' for ctl.interface_start from pid: 754 (/system/bin/hwservicemanager)
[  776.089769] type=1400 audit(1785264023.432:54882): avc:  denied  { write } for  comm="xsu" name="xsud" dev="tmpfs" ino=1381 scontext=u:r:untrusted_app:s0:c183,c256,c512,c768 tcontext=u:object_r:xsud_socket:s0 tclass=sock_file permissive=1 app=com.kei.pulse
[  776.183343] type=1400 audit(1785264023.524:54883): avc:  denied  { write } for  comm="Thread-4255" name="pulse_fifo_in" dev="dm-53" ino=332444 scontext=u:r:untrusted_app:s0:c183,c256,c512,c768 tcontext=u:object_r:app_data_file:s0 tclass=fifo_file permissive=1 app=com.kei.pulse
[  776.191986] type=1400 audit(1785264023.536:54884): avc:  denied  { search } for  comm="sh" name="0" dev="tmpfs" ino=12 scontext=u:r:xsud:s0 tcontext=u:object_r:mnt_user_file:s0 tclass=dir permissive=1
[  776.192262] type=1400 audit(1785264023.536:54885): avc:  denied  { read } for  comm="sh" name="primary" dev="tmpfs" ino=42 scontext=u:r:xsud:s0 tcontext=u:object_r:mnt_user_file:s0 tclass=lnk_file permissive=1
[  776.192439] type=1400 audit(1785264023.536:54886): avc:  denied  { search } for  comm="sh" name="/" dev="fuse" ino=131 scontext=u:r:xsud:s0 tcontext=u:object_r:fuse:s0 tclass=dir permissive=1
[  776.774699] audit: audit_lost=51878 audit_rate_limit=5 audit_backlog_limit=64
[  776.774703] audit: rate limit exceeded
[  776.820396] init: Control message: Could not find 'vendor.qti.diaghal@1.0::Idiag/default' for ctl.interface_start from pid: 754 (/system/bin/hwservicemanager)
[  777.822634] init: Control message: Could not find 'vendor.qti.diaghal@1.0::Idiag/default' for ctl.interface_start from pid: 754 (/system/bin/hwservicemanager)
[  778.384325] audit: audit_lost=51946 audit_rate_limit=5 audit_backlog_limit=64
[  778.384330] audit: rate limit exceeded
[  778.823126] init: Control message: Could not find 'vendor.qti.diaghal@1.0::Idiag/default' for ctl.interface_start from pid: 754 (/system/bin/hwservicemanager)
[  779.387543] audit: audit_lost=51958 audit_rate_limit=5 audit_backlog_limit=64
[  779.387548] audit: rate limit exceeded
[  779.825343] init: Control message: Could not find 'vendor.qti.diaghal@1.0::Idiag/default' for ctl.interface_start from pid: 754 (/system/bin/hwservicemanager)
[  780.825573] init: Control message: Could not find 'vendor.qti.diaghal@1.0::Idiag/default' for ctl.interface_start from pid: 754 (/system/bin/hwservicemanager)
[  781.384381] type=1400 audit(1785264028.728:55185): avc:  denied  { read } for  comm="top" scontext=u:r:system_app:s0 tcontext=u:r:vendor_hal_usb_qti:s0 tclass=file permissive=1
[  781.384483] type=1400 audit(1785264028.728:55186): avc:  denied  { read } for  comm="top" scontext=u:r:system_app:s0 tcontext=u:r:vendor_perf_qesdk:s0 tclass=file permissive=1
[  781.385332] type=1400 audit(1785264028.728:55187): avc:  denied  { getattr } for  comm="top" path="/proc/1380" dev="proc" ino=756362 scontext=u:r:system_app:s0 tcontext=u:r:vendor_hal_identity_qti:s0 tclass=dir permissive=1
[  781.385378] type=1400 audit(1785264028.728:55188): avc:  denied  { search } for  comm="top" name="1380" dev="proc" ino=756362 scontext=u:r:system_app:s0 tcontext=u:r:vendor_hal_identity_qti:s0 tclass=dir permissive=1
[  781.385584] type=1400 audit(1785264028.728:55189): avc:  denied  { open } for  comm="top" path="/proc/1447/stat" dev="proc" ino=756431 scontext=u:r:system_app:s0 tcontext=u:r:vendor_hal_usb_qti:s0 tclass=file permissive=1
[  781.386825] audit: audit_lost=51976 audit_rate_limit=5 audit_backlog_limit=64
[  781.386830] audit: rate limit exceeded
[  781.826721] init: Control message: Could not find 'vendor.qti.diaghal@1.0::Idiag/default' for ctl.interface_start from pid: 754 (/system/bin/hwservicemanager)
[  782.398651] type=1400 audit(1785264029.740:55197): avc:  denied  { getattr } for  comm="top" path="/proc/3431" dev="proc" ino=717687 scontext=u:r:system_app:s0 tcontext=u:r:vendor_qspmsvc:s0 tclass=dir permissive=1
[  782.399002] type=1400 audit(1785264029.740:55198): avc:  denied  { search } for  comm="top" name="3431" dev="proc" ino=717687 scontext=u:r:system_app:s0 tcontext=u:r:vendor_qspmsvc:s0 tclass=dir permissive=1
[  782.828890] init: Control message: Could not find 'vendor.qti.diaghal@1.0::Idiag/default' for ctl.interface_start from pid: 754 (/system/bin/hwservicemanager)
[  783.642464] type=1400 audit(1785264030.984:55199): avc:  denied  { read } for  comm="top" scontext=u:r:system_app:s0 tcontext=u:r:hal_power_default:s0 tclass=file permissive=1
[  783.642723] type=1400 audit(1785264030.984:55200): avc:  denied  { read } for  comm="top" scontext=u:r:system_app:s0 tcontext=u:r:vendor_qwesd:s0 tclass=file permissive=1
[  783.644749] type=1400 audit(1785264030.988:55201): avc:  denied  { getattr } for  comm="top" path="/proc/1386" dev="proc" ino=756363 scontext=u:r:system_app:s0 tcontext=u:r:hal_ir_default:s0 tclass=dir permissive=1
[  783.829268] init: Control message: Could not find 'vendor.qti.diaghal@1.0::Idiag/default' for ctl.interface_start from pid: 754 (/system/bin/hwservicemanager)
[  783.891745] audit: audit_lost=51983 audit_rate_limit=5 audit_backlog_limit=64
[  783.891750] audit: rate limit exceeded
[  784.830426] init: Control message: Could not find 'vendor.qti.diaghal@1.0::Idiag/default' for ctl.interface_start from pid: 754 (/system/bin/hwservicemanager)
[  785.833198] init: Control message: Could not find 'vendor.qti.diaghal@1.0::Idiag/default' for ctl.interface_start from pid: 754 (/system/bin/hwservicemanager)
[  786.391599] type=1400 audit(1785264033.736:55225): avc:  denied  { read } for  comm="top" scontext=u:r:system_app:s0 tcontext=u:r:vendor_hal_spu_qti:s0 tclass=file permissive=1
[  786.392429] type=1400 audit(1785264033.736:55226): avc:  denied  { getattr } for  comm="top" path="/proc/907" dev="proc" ino=756357 scontext=u:r:system_app:s0 tcontext=u:r:vendor_hal_qseecom_default:s0 tclass=dir permissive=1
[  786.392487] type=1400 audit(1785264033.736:55227): avc:  denied  { search } for  comm="top" name="907" dev="proc" ino=756357 scontext=u:r:system_app:s0 tcontext=u:r:vendor_hal_qseecom_default:s0 tclass=dir permissive=1
[  786.392841] type=1400 audit(1785264033.736:55228): avc:  denied  { open } for  comm="top" path="/proc/1455/stat" dev="proc" ino=756439 scontext=u:r:system_app:s0 tcontext=u:r:vendor_hal_spu_qti:s0 tclass=file permissive=1
[  786.489574] type=1400 audit(1785264033.832:55229): avc:  denied  { write } for  comm="xsu" name="xsud" dev="tmpfs" ino=1381 scontext=u:r:untrusted_app:s0:c183,c256,c512,c768 tcontext=u:object_r:xsud_socket:s0 tclass=sock_file permissive=1 app=com.kei.pulse
[  786.834871] init: Control message: Could not find 'vendor.qti.diaghal@1.0::Idiag/default' for ctl.interface_start from pid: 754 (/system/bin/hwservicemanager)
[  786.916096] wcd-usbss-i2c-driver 1-000e: wcd_usbss_is_in_reset_state: Surge check #3 failed
[  787.017639] audit: audit_lost=51996 audit_rate_limit=5 audit_backlog_limit=64
[  787.017643] audit: rate limit exceeded
[  787.408090] type=1400 audit(1785264034.752:55258): avc:  denied  { search } for  comm="cat" name="battery" dev="sysfs" ino=141568 scontext=u:r:xsud:s0 tcontext=u:object_r:vendor_sysfs_battery_supply:s0 tclass=dir permissive=1
[  787.635872] type=1400 audit(1785264034.976:55259): avc:  denied  { getattr } for  comm="top" path="/proc/2022" dev="proc" ino=717685 scontext=u:r:system_app:s0 tcontext=u:r:vendor_hal_soter_qti:s0 tclass=dir permissive=1
[  787.636267] type=1400 audit(1785264034.976:55260): avc:  denied  { search } for  comm="top" name="2022" dev="proc" ino=717685 scontext=u:r:system_app:s0 tcontext=u:r:vendor_hal_soter_qti:s0 tclass=dir permissive=1
[  787.836511] init: Control message: Could not find 'vendor.qti.diaghal@1.0::Idiag/default' for ctl.interface_start from pid: 754 (/system/bin/hwservicemanager)
[  788.045493] audit: audit_lost=52024 audit_rate_limit=5 audit_backlog_limit=64
[  788.045494] type=1400 audit(1785264035.388:55261): avc:  denied  { append } for  comm="sh" name="pulse_20260728_203503.log" dev="fuse" ino=332446 scontext=u:r:xsud:s0 tcontext=u:object_r:fuse:s0 tclass=file permissive=1
[  788.045503] audit: rate limit exceeded
[  788.045750] type=1400 audit(1785264035.388:55262): avc:  denied  { open } for  comm="sh" path="/storage/emulated/0/apl_pulse_logs/pulse_20260728_203503.log" dev="fuse" ino=332446 scontext=u:r:xsud:s0 tcontext=u:object_r:fuse:s0 tclass=file permissive=1
[  788.839845] init: Control message: Could not find 'vendor.qti.diaghal@1.0::Idiag/default' for ctl.interface_start from pid: 754 (/system/bin/hwservicemanager)
[  789.221153] audit: audit_lost=52047 audit_rate_limit=5 audit_backlog_limit=64
[  789.221159] audit: rate limit exceeded
[  789.840391] init: Control message: Could not find 'vendor.qti.diaghal@1.0::Idiag/default' for ctl.interface_start from pid: 754 (/system/bin/hwservicemanager)
[  790.377063] audit: audit_lost=52062 audit_rate_limit=5 audit_backlog_limit=64
[  790.377068] audit: rate limit exceeded
[  790.841437] init: Control message: Could not find 'vendor.qti.diaghal@1.0::Idiag/default' for ctl.interface_start from pid: 754 (/system/bin/hwservicemanager)
[  791.383649] audit: audit_lost=52092 audit_rate_limit=5 audit_backlog_limit=64
[  791.383653] audit: rate limit exceeded
[  791.845171] init: Control message: Could not find 'vendor.qti.diaghal@1.0::Idiag/default' for ctl.interface_start from pid: 754 (/system/bin/hwservicemanager)
[  791.893144] type=1400 audit(1785264039.236:55419): avc:  denied  { read } for  comm="cat" name="max_pwrlevel" dev="sysfs" ino=124217 scontext=u:r:xsud:s0 tcontext=u:object_r:vendor_sysfs_kgsl:s0 tclass=file permissive=1
[  791.893308] type=1400 audit(1785264039.236:55420): avc:  denied  { open } for  comm="cat" path="/sys/devices/platform/soc/3d00000.qcom,kgsl-3d0/kgsl/kgsl-3d0/max_pwrlevel" dev="sysfs" ino=124217 scontext=u:r:xsud:s0 tcontext=u:object_r:vendor_sysfs_kgsl:s0 tclass=file permissive=1
[  792.064859] type=1400 audit(1785264039.408:55421): avc:  denied  { read } for  comm="cat" name="gpuclk" dev="sysfs" ino=124210 scontext=u:r:xsud:s0 tcontext=u:object_r:vendor_sysfs_kgsl_gpuclk:s0 tclass=file permissive=1
[  792.065199] type=1400 audit(1785264039.408:55422): avc:  denied  { open } for  comm="cat" path="/sys/devices/platform/soc/3d00000.qcom,kgsl-3d0/kgsl/kgsl-3d0/gpuclk" dev="sysfs" ino=124210 scontext=u:r:xsud:s0 tcontext=u:object_r:vendor_sysfs_kgsl_gpuclk:s0 tclass=file permissive=1
[  792.096386] type=1400 audit(1785264039.440:55423): avc:  denied  { search } for  comm="cat" name="battery" dev="sysfs" ino=141568 scontext=u:r:xsud:s0 tcontext=u:object_r:vendor_sysfs_battery_supply:s0 tclass=dir permissive=1
[  792.393224] audit: audit_lost=52179 audit_rate_limit=5 audit_backlog_limit=64
[  792.393229] audit: rate limit exceeded
[  792.846748] init: Control message: Could not find 'vendor.qti.diaghal@1.0::Idiag/default' for ctl.interface_start from pid: 754 (/system/bin/hwservicemanager)
[  793.285165] type=1400 audit(1785264040.628:55541): avc:  denied  { read } for  comm="cat" name="online" dev="sysfs" ino=141577 scontext=u:r:xsud:s0 tcontext=u:object_r:vendor_sysfs_battery_supply:s0 tclass=file permissive=1
[  793.285272] type=1400 audit(1785264040.628:55542): avc:  denied  { open } for  comm="cat" path="/sys/devices/platform/soc/soc:qcom,pmic_glink/soc:qcom,pmic_glink:qcom,battery_charger/power_supply/battery/online" dev="sysfs" ino=141577 scontext=u:r:xsud:s0 tcontext=u:object_r:vendor_sysfs_battery_supply:s0 tclass=file permissive=1
[  793.326192] type=1400 audit(1785264040.668:55543): avc:  denied  { read } for  comm="dmesg" name="kmsg" dev="tmpfs" ino=5 scontext=u:r:xsud:s0 tcontext=u:object_r:kmsg_device:s0 tclass=chr_file permissive=1
[  793.326404] type=1400 audit(1785264040.668:55544): avc:  denied  { open } for  comm="dmesg" path="/dev/kmsg" dev="tmpfs" ino=5 scontext=u:r:xsud:s0 tcontext=u:object_r:kmsg_device:s0 tclass=chr_file permissive=1
[  793.378525] type=1400 audit(1785264040.720:55545): avc:  denied  { read } for  comm="Performance-Tim" name="pwm1" dev="sysfs" ino=115174 scontext=u:r:system_app:s0 tcontext=u:object_r:sysfs:s0 tclass=file permissive=1
[  793.641798] audit: audit_lost=52300 audit_rate_limit=5 audit_backlog_limit=64
[  793.641803] audit: rate limit exceeded
[  793.848022] init: Control message: Could not find 'vendor.qti.diaghal@1.0::Idiag/default' for ctl.interface_start from pid: 754 (/system/bin/hwservicemanager)
[  794.656045] audit: audit_lost=52352 audit_rate_limit=5 audit_backlog_limit=64
[  794.656052] audit: rate limit exceeded
[  794.849506] init: Control message: Could not find 'vendor.qti.diaghal@1.0::Idiag/default' for ctl.interface_start from pid: 754 (/system/bin/hwservicemanager)
[  795.865102] audit: audit_lost=52368 audit_rate_limit=5 audit_backlog_limit=64
[  795.865108] audit: rate limit exceeded
[  795.892141] servicemanager: Found vendor.qti.hardware.perf2.IPerf/default in device VINTF manifest.
[  795.896406] init: Control message: Could not find 'vendor.qti.diaghal@1.0::Idiag/default' for ctl.interface_start from pid: 754 (/system/bin/hwservicemanager)
[  795.896466] init: Control message: Could not find 'vendor.qti.diaghal@1.0::Idiag/default' for ctl.interface_start from pid: 754 (/system/bin/hwservicemanager)
[  795.907759] [drm:dsi_display_set_mode [msm_drm]] [msm-dsi-info]: mdp_transfer_time=0, hactive=1080, vactive=1920, fps=120, clk_rate=0
[  796.897881] init: Control message: Could not find 'vendor.qti.diaghal@1.0::Idiag/default' for ctl.interface_start from pid: 754 (/system/bin/hwservicemanager)
[  797.238767] audit: audit_lost=52575 audit_rate_limit=5 audit_backlog_limit=64
[  797.238777] audit: rate limit exceeded
[  797.899808] init: Control message: Could not find 'vendor.qti.diaghal@1.0::Idiag/default' for ctl.interface_start from pid: 754 (/system/bin/hwservicemanager)
[  797.993196] type=1400 audit(1785264045.336:55914): avc:  denied  { append } for  comm="sh" name="pulse_20260728_203503_cap_poll.log" dev="fuse" ino=332447 scontext=u:r:xsud:s0 tcontext=u:object_r:fuse:s0 tclass=file permissive=1
[  797.993389] type=1400 audit(1785264045.336:55915): avc:  denied  { open } for  comm="sh" path="/storage/emulated/0/apl_pulse_logs/pulse_20260728_203503_cap_poll.log" dev="fuse" ino=332447 scontext=u:r:xsud:s0 tcontext=u:object_r:fuse:s0 tclass=file permissive=1
[  798.010006] type=1400 audit(1785264045.352:55916): avc:  denied  { ioctl } for  comm="dmesg" path="/storage/emulated/0/apl_pulse_logs/pulse_20260728_203503_dmesg.log" dev="fuse" ino=332449 ioctlcmd=0x5401 scontext=u:r:xsud:s0 tcontext=u:object_r:fuse:s0 tclass=file permissive=1
[  798.010126] type=1400 audit(1785264045.352:55917): avc:  denied  { read } for  comm="dmesg" name="kmsg" dev="tmpfs" ino=5 scontext=u:r:xsud:s0 tcontext=u:object_r:kmsg_device:s0 tclass=chr_file permissive=1
[  798.010186] type=1400 audit(1785264045.352:55918): avc:  denied  { open } for  comm="dmesg" path="/dev/kmsg" dev="tmpfs" ino=5 scontext=u:r:xsud:s0 tcontext=u:object_r:kmsg_device:s0 tclass=chr_file permissive=1
[  798.386351] audit: audit_lost=52635 audit_rate_limit=5 audit_backlog_limit=64
[  798.386356] audit: rate limit exceeded
[  798.901675] init: Control message: Could not find 'vendor.qti.diaghal@1.0::Idiag/default' for ctl.interface_start from pid: 754 (/system/bin/hwservicemanager)
[  799.199028] type=1400 audit(1785264046.540:55941): avc:  denied  { search } for  comm="sh" name="/" dev="fuse" ino=131 scontext=u:r:xsud:s0 tcontext=u:object_r:fuse:s0 tclass=dir permissive=1
[  799.383321] type=1400 audit(1785264046.724:55942): avc:  denied  { read } for  comm="top" scontext=u:r:system_app:s0 tcontext=u:r:vendor_hal_srvctracker_default:s0 tclass=file permissive=1
[  799.383561] type=1400 audit(1785264046.724:55943): avc:  denied  { read } for  comm="top" scontext=u:r:system_app:s0 tcontext=u:r:vendor_hal_dpmQmiMgr:s0 tclass=file permissive=1
[  799.383616] type=1400 audit(1785264046.724:55944): avc:  denied  { read } for  comm="top" scontext=u:r:system_app:s0 tcontext=u:r:vendor_trusteduilistener:s0 tclass=file permissive=1
[  799.384690] type=1400 audit(1785264046.728:55945): avc:  denied  { getattr } for  comm="top" path="/proc/1508" dev="proc" ino=756376 scontext=u:r:system_app:s0 tcontext=u:r:vendor_hal_secureprocessor_qti:s0 tclass=dir permissive=1
[  799.902330] init: Control message: Could not find 'vendor.qti.diaghal@1.0::Idiag/default' for ctl.interface_start from pid: 754 (/system/bin/hwservicemanager)
[  800.381403] audit: audit_lost=52661 audit_rate_limit=5 audit_backlog_limit=64
[  800.381409] audit: rate limit exceeded
[  800.903476] init: Control message: Could not find 'vendor.qti.diaghal@1.0::Idiag/default' for ctl.interface_start from pid: 754 (/system/bin/hwservicemanager)
[  801.383498] audit: audit_lost=52688 audit_rate_limit=5 audit_backlog_limit=64
[  801.383517] audit: rate limit exceeded
[  801.905199] init: Control message: Could not find 'vendor.qti.diaghal@1.0::Idiag/default' for ctl.interface_start from pid: 754 (/system/bin/hwservicemanager)
[  802.017821] wcd-usbss-i2c-driver 1-000e: wcd_usbss_is_in_reset_state: Surge check #3 failed
[  802.636130] audit: audit_lost=52704 audit_rate_limit=5 audit_backlog_limit=64
[  802.636136] audit: rate limit exceeded
[  802.907252] init: Control message: Could not find 'vendor.qti.diaghal@1.0::Idiag/default' for ctl.interface_start from pid: 754 (/system/bin/hwservicemanager)
[  803.382122] type=1400 audit(1785264050.724:56014): avc:  denied  { getattr } for  comm="top" path="/proc/1380" dev="proc" ino=756362 scontext=u:r:system_app:s0 tcontext=u:r:vendor_hal_identity_qti:s0 tclass=dir permissive=1
[  803.382959] type=1400 audit(1785264050.724:56015): avc:  denied  { search } for  comm="top" name="1380" dev="proc" ino=756362 scontext=u:r:system_app:s0 tcontext=u:r:vendor_hal_identity_qti:s0 tclass=dir permissive=1
[  803.383364] type=1400 audit(1785264050.724:56016): avc:  denied  { open } for  comm="top" path="/proc/1447/stat" dev="proc" ino=756431 scontext=u:r:system_app:s0 tcontext=u:r:vendor_hal_usb_qti:s0 tclass=file permissive=1
[  803.383452] type=1400 audit(1785264050.724:56017): avc:  denied  { open } for  comm="top" path="/proc/1879/stat" dev="proc" ino=718198 scontext=u:r:system_app:s0 tcontext=u:r:vendor_perf_qesdk:s0 tclass=file permissive=1
[  803.634834] type=1400 audit(1785264050.976:56018): avc:  denied  { read } for  comm="top" scontext=u:r:system_app:s0 tcontext=u:r:hal_power_default:s0 tclass=file permissive=1
[  803.908347] init: Control message: Could not find 'vendor.qti.diaghal@1.0::Idiag/default' for ctl.interface_start from pid: 754 (/system/bin/hwservicemanager)
[  803.908645] audit: audit_lost=52717 audit_rate_limit=5 audit_backlog_limit=64
[  803.908650] audit: rate limit exceeded
[  804.639696] type=1400 audit(1785264051.980:56045): avc:  denied  { getattr } for  comm="Performance-Tim" path="/proc/stat" dev="proc" ino=4026532011 scontext=u:r:system_app:s0 tcontext=u:object_r:proc_stat:s0 tclass=file permissive=1
[  804.910850] init: Control message: Could not find 'vendor.qti.diaghal@1.0::Idiag/default' for ctl.interface_start from pid: 754 (/system/bin/hwservicemanager)
[  805.389616] type=1400 audit(1785264052.732:56046): avc:  denied  { read } for  comm="top" scontext=u:r:system_app:s0 tcontext=u:r:vendor_hal_spu_qti:s0 tclass=file permissive=1
[  805.391091] type=1400 audit(1785264052.732:56047): avc:  denied  { getattr } for  comm="top" path="/proc/907" dev="proc" ino=756357 scontext=u:r:system_app:s0 tcontext=u:r:vendor_hal_qseecom_default:s0 tclass=dir permissive=1
[  805.391574] type=1400 audit(1785264052.732:56048): avc:  denied  { search } for  comm="top" name="907" dev="proc" ino=756357 scontext=u:r:system_app:s0 tcontext=u:r:vendor_hal_qseecom_default:s0 tclass=dir permissive=1
[  805.391896] type=1400 audit(1785264052.732:56049): avc:  denied  { open } for  comm="top" path="/proc/1455/stat" dev="proc" ino=756439 scontext=u:r:system_app:s0 tcontext=u:r:vendor_hal_spu_qti:s0 tclass=file permissive=1
[  805.912949] init: Control message: Could not find 'vendor.qti.diaghal@1.0::Idiag/default' for ctl.interface_start from pid: 754 (/system/bin/hwservicemanager)
[  806.270269] healthd: battery l=73 v=8048 t=35.0 h=2 st=3 c=-372628 fc=4162000 cc=0 chg=a
[  806.309436] BATTERY_CHG: battery_psy_set_online: battery_psy_set_online: set online 1
[  806.371814] audit: audit_lost=52736 audit_rate_limit=5 audit_backlog_limit=64
[  806.371819] audit: rate limit exceeded
[  806.914457] init: Control message: Could not find 'vendor.qti.diaghal@1.0::Idiag/default' for ctl.interface_start from pid: 754 (/system/bin/hwservicemanager)
[  807.387772] audit: audit_lost=52752 audit_rate_limit=5 audit_backlog_limit=64
[  807.387782] audit: rate limit exceeded
[  807.916454] init: Control message: Could not find 'vendor.qti.diaghal@1.0::Idiag/default' for ctl.interface_start from pid: 754 (/system/bin/hwservicemanager)
[  808.918358] init: Control message: Could not find 'vendor.qti.diaghal@1.0::Idiag/default' for ctl.interface_start from pid: 754 (/system/bin/hwservicemanager)
[  809.375715] type=1400 audit(1785264056.716:56081): avc:  denied  { read } for  comm="top" scontext=u:r:system_app:s0 tcontext=u:r:hal_light_default:s0 tclass=file permissive=1
[  809.376315] type=1400 audit(1785264056.720:56082): avc:  denied  { getattr } for  comm="top" path="/proc/752" dev="proc" ino=756354 scontext=u:r:system_app:s0 tcontext=u:r:servicemanager:s0 tclass=dir permissive=1
[  809.376509] type=1400 audit(1785264056.720:56083): avc:  denied  { search } for  comm="top" name="752" dev="proc" ino=756354 scontext=u:r:system_app:s0 tcontext=u:r:servicemanager:s0 tclass=dir permissive=1
[  809.376925] type=1400 audit(1785264056.720:56084): avc:  denied  { getattr } for  comm="top" path="/proc/1068" dev="proc" ino=756359 scontext=u:r:system_app:s0 tcontext=u:r:vendor_sec_nvm:s0 tclass=dir permissive=1
[  809.377115] audit: audit_lost=52757 audit_rate_limit=5 audit_backlog_limit=64
[  809.377118] audit: rate limit exceeded
[  809.377114] type=1400 audit(1785264056.720:56085): avc:  denied  { search } for  comm="top" name="1068" dev="proc" ino=756359 scontext=u:r:system_app:s0 tcontext=u:r:vendor_sec_nvm:s0 tclass=dir permissive=1
[  809.919560] init: Control message: Could not find 'vendor.qti.diaghal@1.0::Idiag/default' for ctl.interface_start from pid: 754 (/system/bin/hwservicemanager)
[  810.631004] type=1400 audit(1785264057.972:56110): avc:  denied  { read } for  comm="Performance-Tim" name="gpuclk" dev="sysfs" ino=124210 scontext=u:r:system_app:s0 tcontext=u:object_r:vendor_sysfs_kgsl_gpuclk:s0 tclass=file permissive=1
[  810.631280] type=1400 audit(1785264057.972:56111): avc:  denied  { open } for  comm="Performance-Tim" path="/sys/devices/platform/soc/3d00000.qcom,kgsl-3d0/kgsl/kgsl-3d0/gpuclk" dev="sysfs" ino=124210 scontext=u:r:system_app:s0 tcontext=u:object_r:vendor_sysfs_kgsl_gpuclk:s0 tclass=file permissive=1
[  810.631448] type=1400 audit(1785264057.972:56112): avc:  denied  { getattr } for  comm="Performance-Tim" path="/sys/devices/platform/soc/3d00000.qcom,kgsl-3d0/kgsl/kgsl-3d0/gpuclk" dev="sysfs" ino=124210 scontext=u:r:system_app:s0 tcontext=u:object_r:vendor_sysfs_kgsl_gpuclk:s0 tclass=file permissive=1
[  810.921115] init: Control message: Could not find 'vendor.qti.diaghal@1.0::Idiag/default' for ctl.interface_start from pid: 754 (/system/bin/hwservicemanager)
[  811.923172] init: Control message: Could not find 'vendor.qti.diaghal@1.0::Idiag/default' for ctl.interface_start from pid: 754 (/system/bin/hwservicemanager)
[  812.368922] type=1400 audit(1785264059.712:56113): avc:  denied  { read } for  comm="top" scontext=u:r:system_app:s0 tcontext=u:r:vndservicemanager:s0 tclass=file permissive=1
[  812.369323] type=1400 audit(1785264059.712:56114): avc:  denied  { read } for  comm="top" scontext=u:r:system_app:s0 tcontext=u:r:hal_vibrator_default:s0 tclass=file permissive=1
[  812.925531] init: Control message: Could not find 'vendor.qti.diaghal@1.0::Idiag/default' for ctl.interface_start from pid: 754 (/system/bin/hwservicemanager)
[  813.366707] audit: audit_lost=52781 audit_rate_limit=5 audit_backlog_limit=64
[  813.366713] audit: rate limit exceeded
[  813.926584] init: Control message: Could not find 'vendor.qti.diaghal@1.0::Idiag/default' for ctl.interface_start from pid: 754 (/system/bin/hwservicemanager)
[  814.928426] init: Control message: Could not find 'vendor.qti.diaghal@1.0::Idiag/default' for ctl.interface_start from pid: 754 (/system/bin/hwservicemanager)
[  815.374217] type=1400 audit(1785264062.716:56142): avc:  denied  { read } for  comm="top" name="pid_max" dev="proc" ino=756353 scontext=u:r:system_app:s0 tcontext=u:object_r:proc_pid_max:s0 tclass=file permissive=1
[  815.374593] type=1400 audit(1785264062.716:56143): avc:  denied  { open } for  comm="top" path="/proc/sys/kernel/pid_max" dev="proc" ino=756353 scontext=u:r:system_app:s0 tcontext=u:object_r:proc_pid_max:s0 tclass=file permissive=1
[  815.374623] type=1400 audit(1785264062.716:56144): avc:  denied  { read } for  comm="top" scontext=u:r:system_app:s0 tcontext=u:r:vendor_hal_sensorscalibrate_qti_default:s0 tclass=file permissive=1
[  815.374733] type=1400 audit(1785264062.716:56145): avc:  denied  { read } for  comm="top" scontext=u:r:system_app:s0 tcontext=u:r:vendor_hal_gatekeeper_qti:s0 tclass=file permissive=1
[  815.374790] type=1400 audit(1785264062.716:56146): avc:  denied  { read } for  comm="top" scontext=u:r:system_app:s0 tcontext=u:r:vendor_trusteduilistener:s0 tclass=file permissive=1
[  815.376313] audit: audit_lost=52798 audit_rate_limit=5 audit_backlog_limit=64
[  815.376316] audit: rate limit exceeded
[  815.930102] init: Control message: Could not find 'vendor.qti.diaghal@1.0::Idiag/default' for ctl.interface_start from pid: 754 (/system/bin/hwservicemanager)
[  816.009373] servicemanager: Found vendor.qti.hardware.perf2.IPerf/default in device VINTF manifest.
[  816.015929] init: Control message: Could not find 'vendor.qti.diaghal@1.0::Idiag/default' for ctl.interface_start from pid: 754 (/system/bin/hwservicemanager)
[  816.016200] init: Control message: Could not find 'vendor.qti.diaghal@1.0::Idiag/default' for ctl.interface_start from pid: 754 (/system/bin/hwservicemanager)
[  816.376364] type=1400 audit(1785264063.720:56189): avc:  denied  { getattr } for  comm="top" path="/proc/752" dev="proc" ino=756354 scontext=u:r:system_app:s0 tcontext=u:r:servicemanager:s0 tclass=dir permissive=1
[  816.376662] type=1400 audit(1785264063.720:56190): avc:  denied  { search } for  comm="top" name="752" dev="proc" ino=756354 scontext=u:r:system_app:s0 tcontext=u:r:servicemanager:s0 tclass=dir permissive=1
[  816.376795] type=1400 audit(1785264063.720:56191): avc:  denied  { getattr } for  comm="top" path="/proc/754" dev="proc" ino=764899 scontext=u:r:system_app:s0 tcontext=u:r:hwservicemanager:s0 tclass=dir permissive=1
[  816.376885] type=1400 audit(1785264063.720:56192): avc:  denied  { search } for  comm="top" name="754" dev="proc" ino=764899 scontext=u:r:system_app:s0 tcontext=u:r:hwservicemanager:s0 tclass=dir permissive=1
[  816.376968] type=1400 audit(1785264063.720:56193): avc:  denied  { open } for  comm="top" path="/proc/754/stat" dev="proc" ino=756388 scontext=u:r:system_app:s0 tcontext=u:r:hwservicemanager:s0 tclass=file permissive=1
[  816.379454] audit: audit_lost=52917 audit_rate_limit=5 audit_backlog_limit=64
[  816.379459] audit: rate limit exceeded
[  817.017739] init: Control message: Could not find 'vendor.qti.diaghal@1.0::Idiag/default' for ctl.interface_start from pid: 754 (/system/bin/hwservicemanager)
[  817.121970] wcd-usbss-i2c-driver 1-000e: wcd_usbss_is_in_reset_state: Surge check #3 failed
[  817.637985] audit: audit_lost=53018 audit_rate_limit=5 audit_backlog_limit=64
[  817.637995] audit: rate limit exceeded
[  818.020131] init: Control message: Could not find 'vendor.qti.diaghal@1.0::Idiag/default' for ctl.interface_start from pid: 754 (/system/bin/hwservicemanager)
[  819.022163] init: Control message: Could not find 'vendor.qti.diaghal@1.0::Idiag/default' for ctl.interface_start from pid: 754 (/system/bin/hwservicemanager)
[  819.370016] audit: audit_lost=53036 audit_rate_limit=5 audit_backlog_limit=64
[  819.370023] audit: rate limit exceeded
[  820.023075] init: Control message: Could not find 'vendor.qti.diaghal@1.0::Idiag/default' for ctl.interface_start from pid: 754 (/system/bin/hwservicemanager)
[  821.025216] init: Control message: Could not find 'vendor.qti.diaghal@1.0::Idiag/default' for ctl.interface_start from pid: 754 (/system/bin/hwservicemanager)
[  821.368875] type=1400 audit(1785264068.712:56416): avc:  denied  { read } for  comm="top" scontext=u:r:system_app:s0 tcontext=u:r:vendor_hal_qspa_default:s0 tclass=file permissive=1
[  821.369369] type=1400 audit(1785264068.712:56417): avc:  denied  { read } for  comm="top" scontext=u:r:system_app:s0 tcontext=u:r:vendor_tcmd:s0 tclass=file permissive=1
[  821.371824] type=1400 audit(1785264068.712:56418): avc:  denied  { open } for  comm="top" path="/proc/1542/stat" dev="proc" ino=756499 scontext=u:r:system_app:s0 tcontext=u:r:vendor_hal_qspa_default:s0 tclass=file permissive=1
[  821.372066] type=1400 audit(1785264068.716:56419): avc:  denied  { open } for  comm="top" path="/proc/1813/stat" dev="proc" ino=718178 scontext=u:r:system_app:s0 tcontext=u:r:vendor_tcmd:s0 tclass=file permissive=1
[  822.026854] init: Control message: Could not find 'vendor.qti.diaghal@1.0::Idiag/default' for ctl.interface_start from pid: 754 (/system/bin/hwservicemanager)
[  822.353766] audit: audit_lost=53052 audit_rate_limit=5 audit_backlog_limit=64
[  822.353774] audit: rate limit exceeded
[  822.354094] type=1400 audit(1785264069.696:56420): avc:  denied  { write } for  comm="sh" name="pwm1" dev="sysfs" ino=115174 scontext=u:r:xsud:s0 tcontext=u:object_r:sysfs:s0 tclass=file permissive=1
[  822.622089] type=1400 audit(1785264069.964:56426): avc:  denied  { search } for  comm="sh" name="com.kei.pulse" dev="dm-53" ino=329013 scontext=u:r:xsud:s0 tcontext=u:object_r:app_data_file:s0:c183,c256,c512,c768 tclass=dir permissive=1
[  823.027803] init: Control message: Could not find 'vendor.qti.diaghal@1.0::Idiag/default' for ctl.interface_start from pid: 754 (/system/bin/hwservicemanager)
[  823.176874] type=1400 audit(1785264070.520:56427): avc:  denied  { read } for  comm="cat" name="online" dev="sysfs" ino=141577 scontext=u:r:xsud:s0 tcontext=u:object_r:vendor_sysfs_battery_supply:s0 tclass=file permissive=1
[  823.177202] type=1400 audit(1785264070.520:56428): avc:  denied  { open } for  comm="cat" path="/sys/devices/platform/soc/soc:qcom,pmic_glink/soc:qcom,pmic_glink:qcom,battery_charger/power_supply/battery/online" dev="sysfs" ino=141577 scontext=u:r:xsud:s0 tcontext=u:object_r:vendor_sysfs_battery_supply:s0 tclass=file permissive=1
[  823.361679] type=1400 audit(1785264070.704:56429): avc:  denied  { read } for  comm="top" scontext=u:r:system_app:s0 tcontext=u:r:vendor_hal_keymint_spu_qti:s0 tclass=file permissive=1
[  823.362682] type=1400 audit(1785264070.704:56430): avc:  denied  { open } for  comm="top" path="/proc/1073/stat" dev="proc" ino=756411 scontext=u:r:system_app:s0 tcontext=u:r:vendor_hal_keymint_spu_qti:s0 tclass=file permissive=1
[  823.363227] audit: audit_lost=53057 audit_rate_limit=5 audit_backlog_limit=64
[  823.363230] audit: rate limit exceeded
[  824.030395] init: Control message: Could not find 'vendor.qti.diaghal@1.0::Idiag/default' for ctl.interface_start from pid: 754 (/system/bin/hwservicemanager)
[  824.620191] audit: audit_lost=53061 audit_rate_limit=5 audit_backlog_limit=64
[  824.620198] audit: rate limit exceeded
[  825.032862] init: Control message: Could not find 'vendor.qti.diaghal@1.0::Idiag/default' for ctl.interface_start from pid: 754 (/system/bin/hwservicemanager)
[  825.662441] audit: audit_lost=53084 audit_rate_limit=5 audit_backlog_limit=64
[  825.662449] audit: rate limit exceeded
[  826.033619] init: Control message: Could not find 'vendor.qti.diaghal@1.0::Idiag/default' for ctl.interface_start from pid: 754 (/system/bin/hwservicemanager)
[  827.035081] init: Control message: Could not find 'vendor.qti.diaghal@1.0::Idiag/default' for ctl.interface_start from pid: 754 (/system/bin/hwservicemanager)
[  827.377995] type=1400 audit(1785264074.720:56472): avc:  denied  { write } for  comm="sh" name="pwm1" dev="sysfs" ino=115174 scontext=u:r:xsud:s0 tcontext=u:object_r:sysfs:s0 tclass=file permissive=1
[  827.378072] type=1400 audit(1785264074.720:56473): avc:  denied  { open } for  comm="sh" path="/sys/devices/platform/soc/soc:pwm-fan/hwmon/hwmon0/pwm1" dev="sysfs" ino=115174 scontext=u:r:xsud:s0 tcontext=u:object_r:sysfs:s0 tclass=file permissive=1
[  828.037004] init: Control message: Could not find 'vendor.qti.diaghal@1.0::Idiag/default' for ctl.interface_start from pid: 754 (/system/bin/hwservicemanager)
[  828.130611] type=1400 audit(1785264075.472:56474): avc:  denied  { getattr } for  comm="DefaultDispatch" path="/dev/ttyHS5" dev="tmpfs" ino=1195 scontext=u:r:system_app:s0 tcontext=u:object_r:device:s0 tclass=chr_file permissive=1
[  828.215640] audit: audit_lost=53088 audit_rate_limit=5 audit_backlog_limit=64
[  828.215644] audit: rate limit exceeded
[  828.217615] type=1400 audit(1785264075.560:56475): avc:  denied  { open } for  comm="RenderThread" path="/dev/__properties__/u:object_r:aac_drc_prop:s0" dev="tmpfs" ino=100 scontext=u:r:untrusted_app:s0:c103,c256,c512,c768 tcontext=u:object_r:aac_drc_prop:s0 tclass=file permissive=1 app=com.google.android.inputmethod.latin
[  828.217677] type=1400 audit(1785264075.560:56476): avc:  denied  { getattr } for  comm="RenderThread" path="/dev/__properties__/u:object_r:aac_drc_prop:s0" dev="tmpfs" ino=100 scontext=u:r:untrusted_app:s0:c103,c256,c512,c768 tcontext=u:object_r:aac_drc_prop:s0 tclass=file permissive=1 app=com.google.android.inputmethod.latin
[  828.226127] servicemanager: Found vendor.qti.qspmhal.IQspmhal/default in device VINTF manifest.
[  828.235755] servicemanager: Found android.hardware.graphics.allocator.IAllocator/default in device VINTF manifest.
[  828.237085] servicemanager: Found android.hardware.graphics.allocator.IAllocator/default in device VINTF manifest.
[  828.611615] type=1400 audit(1785264075.952:57424): avc:  denied  { getattr } for  comm="top" path="/proc/1447" dev="proc" ino=756365 scontext=u:r:system_app:s0 tcontext=u:r:vendor_hal_usb_qti:s0 tclass=dir permissive=1
[  828.612212] type=1400 audit(1785264075.952:57425): avc:  denied  { search } for  comm="top" name="1447" dev="proc" ino=756365 scontext=u:r:system_app:s0 tcontext=u:r:vendor_hal_usb_qti:s0 tclass=dir permissive=1
[  828.613801] type=1400 audit(1785264075.956:57426): avc:  denied  { getattr } for  comm="Performance-Tim" path="/proc/stat" dev="proc" ino=4026532011 scontext=u:r:system_app:s0 tcontext=u:object_r:proc_stat:s0 tclass=file permissive=1
[  828.616357] type=1400 audit(1785264075.960:57427): avc:  denied  { read } for  comm="Performance-Tim" name="gpuclk" dev="sysfs" ino=124210 scontext=u:r:system_app:s0 tcontext=u:object_r:vendor_sysfs_kgsl_gpuclk:s0 tclass=file permissive=1
[  828.616676] type=1400 audit(1785264075.960:57428): avc:  denied  { open } for  comm="Performance-Tim" path="/sys/devices/platform/soc/3d00000.qcom,kgsl-3d0/kgsl/kgsl-3d0/gpuclk" dev="sysfs" ino=124210 scontext=u:r:system_app:s0 tcontext=u:object_r:vendor_sysfs_kgsl_gpuclk:s0 tclass=file permissive=1
[  829.038151] init: Control message: Could not find 'vendor.qti.diaghal@1.0::Idiag/default' for ctl.interface_start from pid: 754 (/system/bin/hwservicemanager)
[  829.360680] audit: audit_lost=54059 audit_rate_limit=5 audit_backlog_limit=64
[  829.360687] audit: rate limit exceeded
[  830.039703] init: Control message: Could not find 'vendor.qti.diaghal@1.0::Idiag/default' for ctl.interface_start from pid: 754 (/system/bin/hwservicemanager)
[  830.614965] audit: audit_lost=54095 audit_rate_limit=5 audit_backlog_limit=64
[  830.614971] audit: rate limit exceeded
[  831.042250] init: Control message: Could not find 'vendor.qti.diaghal@1.0::Idiag/default' for ctl.interface_start from pid: 754 (/system/bin/hwservicemanager)
[  831.615442] audit: audit_lost=54105 audit_rate_limit=5 audit_backlog_limit=64
[  831.615446] audit: rate limit exceeded
[  832.046146] init: Control message: Could not find 'vendor.qti.diaghal@1.0::Idiag/default' for ctl.interface_start from pid: 754 (/system/bin/hwservicemanager)
[  832.227080] wcd-usbss-i2c-driver 1-000e: wcd_usbss_is_in_reset_state: Surge check #3 failed
[  832.667163] audit: audit_lost=54142 audit_rate_limit=5 audit_backlog_limit=64
[  832.667168] audit: rate limit exceeded
[  833.049669] init: Control message: Could not find 'vendor.qti.diaghal@1.0::Idiag/default' for ctl.interface_start from pid: 754 (/system/bin/hwservicemanager)
[  833.361658] type=1400 audit(1785264080.704:57552): avc:  denied  { read } for  comm="top" scontext=u:r:system_app:s0 tcontext=u:r:hwservicemanager:s0 tclass=file permissive=1
[  833.362396] type=1400 audit(1785264080.704:57553): avc:  denied  { open } for  comm="top" path="/proc/754/stat" dev="proc" ino=756388 scontext=u:r:system_app:s0 tcontext=u:r:hwservicemanager:s0 tclass=file permissive=1
[  833.853559] type=1400 audit(1785264081.196:57554): avc:  denied  { read } for  comm="dmesg" name="kmsg" dev="tmpfs" ino=5 scontext=u:r:xsud:s0 tcontext=u:object_r:kmsg_device:s0 tclass=chr_file permissive=1
[  833.853793] type=1400 audit(1785264081.196:57555): avc:  denied  { open } for  comm="dmesg" path="/dev/kmsg" dev="tmpfs" ino=5 scontext=u:r:xsud:s0 tcontext=u:object_r:kmsg_device:s0 tclass=chr_file permissive=1
[  834.049302] init: Control message: Could not find 'vendor.qti.diaghal@1.0::Idiag/default' for ctl.interface_start from pid: 754 (/system/bin/hwservicemanager)
[  834.355787] audit: audit_lost=54143 audit_rate_limit=5 audit_backlog_limit=64
[  834.355792] audit: rate limit exceeded
[  834.355898] type=1400 audit(1785264081.700:57556): avc:  denied  { read } for  comm="top" scontext=u:r:system_app:s0 tcontext=u:r:servicemanager:s0 tclass=file permissive=1
[  835.050375] init: Control message: Could not find 'vendor.qti.diaghal@1.0::Idiag/default' for ctl.interface_start from pid: 754 (/system/bin/hwservicemanager)
[  836.038856] type=1400 audit(1785264083.380:57566): avc:  denied  { getattr } for  comm="DefaultDispatch" path="/dev/ttyHS5" dev="tmpfs" ino=1195 scontext=u:r:system_app:s0 tcontext=u:object_r:device:s0 tclass=chr_file permissive=1
[  836.100669] servicemanager: Found vendor.qti.hardware.perf2.IPerf/default in device VINTF manifest.
[  836.105668] init: Control message: Could not find 'vendor.qti.diaghal@1.0::Idiag/default' for ctl.interface_start from pid: 754 (/system/bin/hwservicemanager)
[  836.105969] init: Control message: Could not find 'vendor.qti.diaghal@1.0::Idiag/default' for ctl.interface_start from pid: 754 (/system/bin/hwservicemanager)
[  836.179094] type=1400 audit(1785264083.520:57567): avc:  denied  { read } for  comm="cat" name="gpuclk" dev="sysfs" ino=124210 scontext=u:r:xsud:s0 tcontext=u:object_r:vendor_sysfs_kgsl_gpuclk:s0 tclass=file permissive=1
[  836.179809] type=1400 audit(1785264083.520:57568): avc:  denied  { open } for  comm="cat" path="/sys/devices/platform/soc/3d00000.qcom,kgsl-3d0/kgsl/kgsl-3d0/gpuclk" dev="sysfs" ino=124210 scontext=u:r:xsud:s0 tcontext=u:object_r:vendor_sysfs_kgsl_gpuclk:s0 tclass=file permissive=1
[  836.190130] type=1400 audit(1785264083.532:57569): avc:  denied  { read } for  comm="cat" name="min_pwrlevel" dev="sysfs" ino=124218 scontext=u:r:xsud:s0 tcontext=u:object_r:vendor_sysfs_kgsl:s0 tclass=file permissive=1
[  836.190202] type=1400 audit(1785264083.532:57570): avc:  denied  { open } for  comm="cat" path="/sys/devices/platform/soc/3d00000.qcom,kgsl-3d0/kgsl/kgsl-3d0/min_pwrlevel" dev="sysfs" ino=124218 scontext=u:r:xsud:s0 tcontext=u:object_r:vendor_sysfs_kgsl:s0 tclass=file permissive=1
[  836.214280] audit: audit_lost=54152 audit_rate_limit=5 audit_backlog_limit=64
[  836.214285] audit: rate limit exceeded
[  837.109363] init: Control message: Could not find 'vendor.qti.diaghal@1.0::Idiag/default' for ctl.interface_start from pid: 754 (/system/bin/hwservicemanager)
[  837.348706] audit: audit_lost=54324 audit_rate_limit=5 audit_backlog_limit=64
[  837.348710] audit: rate limit exceeded
[  838.110070] init: Control message: Could not find 'vendor.qti.diaghal@1.0::Idiag/default' for ctl.interface_start from pid: 754 (/system/bin/hwservicemanager)
[  838.609521] audit: audit_lost=54378 audit_rate_limit=5 audit_backlog_limit=64
[  838.609526] audit: rate limit exceeded
[  838.609981] type=1400 audit(1785264085.952:57806): avc:  denied  { read } for  comm="dmesg" name="kmsg" dev="tmpfs" ino=5 scontext=u:r:xsud:s0 tcontext=u:object_r:kmsg_device:s0 tclass=chr_file permissive=1
[  839.111125] init: Control message: Could not find 'vendor.qti.diaghal@1.0::Idiag/default' for ctl.interface_start from pid: 754 (/system/bin/hwservicemanager)
[  839.604476] type=1400 audit(1785264086.944:57831): avc:  denied  { getattr } for  comm="top" path="/proc/1473" dev="proc" ino=756372 scontext=u:r:system_app:s0 tcontext=u:r:vendor_qesdsect:s0 tclass=dir permissive=1
[  839.604813] type=1400 audit(1785264086.944:57832): avc:  denied  { search } for  comm="top" name="1473" dev="proc" ino=756372 scontext=u:r:system_app:s0 tcontext=u:r:vendor_qesdsect:s0 tclass=dir permissive=1
[  839.604929] type=1400 audit(1785264086.944:57833): avc:  denied  { getattr } for  comm="top" path="/proc/1483" dev="proc" ino=756374 scontext=u:r:system_app:s0 tcontext=u:r:vendor_hal_capabilityconfigstore_qti_default:s0 tclass=dir permissive=1
[  839.605087] type=1400 audit(1785264086.944:57834): avc:  denied  { search } for  comm="top" name="1483" dev="proc" ino=756374 scontext=u:r:system_app:s0 tcontext=u:r:vendor_hal_capabilityconfigstore_qti_default:s0 tclass=dir permissive=1
[  839.779221] audit: audit_lost=54402 audit_rate_limit=5 audit_backlog_limit=64
[  839.779236] audit: rate limit exceeded
[  839.779787] type=1400 audit(1785264087.120:57835): avc:  denied  { read } for  comm="cat" name="online" dev="sysfs" ino=141577 scontext=u:r:xsud:s0 tcontext=u:object_r:vendor_sysfs_battery_supply:s0 tclass=file permissive=1
[  840.112894] init: Control message: Could not find 'vendor.qti.diaghal@1.0::Idiag/default' for ctl.interface_start from pid: 754 (/system/bin/hwservicemanager)
[  840.557755] [kworke][0x3cfbf9cce][18:41:27.903647] kiwi_v2: [8373:I:PMO] pmo_core_psoc_send_host_wakeup_ind_to_fw: Host wakeup indication sent to fw
[  840.567579] [soft_i][0x3cfc27d96][18:41:27.913471] kiwi_v2: [0:I:WMA] WLAN triggered wakeup: BPF_ALLOW (39), vdev: 0 (STA)
[  840.567956] [soft_i][0x3cfc29a23][18:41:27.913851] kiwi_v2: [0:I:WMA] wma_wake_event_packet: Wake event packet:
[  840.604885] type=1400 audit(1785264087.948:57844): avc:  denied  { open } for  comm="top" path="/proc/905/stat" dev="proc" ino=756395 scontext=u:r:system_app:s0 tcontext=u:r:vendor_hal_keymint_qti:s0 tclass=file permissive=1
[  840.605268] type=1400 audit(1785264087.948:57845): avc:  denied  { open } for  comm="top" path="/proc/907/stat" dev="proc" ino=756399 scontext=u:r:system_app:s0 tcontext=u:r:vendor_hal_qseecom_default:s0 tclass=file permissive=1
[  840.605543] type=1400 audit(1785264087.948:57846): avc:  denied  { getattr } for  comm="top" path="/proc/1455" dev="proc" ino=756367 scontext=u:r:system_app:s0 tcontext=u:r:vendor_hal_spu_qti:s0 tclass=dir permissive=1
[  840.605732] type=1400 audit(1785264087.948:57847): avc:  denied  { search } for  comm="top" name="1455" dev="proc" ino=756367 scontext=u:r:system_app:s0 tcontext=u:r:vendor_hal_spu_qti:s0 tclass=dir permissive=1
[  841.113831] init: Control message: Could not find 'vendor.qti.diaghal@1.0::Idiag/default' for ctl.interface_start from pid: 754 (/system/bin/hwservicemanager)
[  841.202078] [kworke][0x3d07c611d][18:41:28.547971] kiwi_v2: [8373:I:PMO] pmo_core_enable_wow_in_fw: drv wow is enabled
[  842.114894] init: Control message: Could not find 'vendor.qti.diaghal@1.0::Idiag/default' for ctl.interface_start from pid: 754 (/system/bin/hwservicemanager)
[  842.347856] audit: audit_lost=54439 audit_rate_limit=5 audit_backlog_limit=64
[  842.347862] audit: rate limit exceeded
[  843.116998] init: Control message: Could not find 'vendor.qti.diaghal@1.0::Idiag/default' for ctl.interface_start from pid: 754 (/system/bin/hwservicemanager)
[  843.351561] audit: audit_lost=54461 audit_rate_limit=5 audit_backlog_limit=64
[  843.351566] audit: rate limit exceeded
[  844.118267] init: Control message: Could not find 'vendor.qti.diaghal@1.0::Idiag/default' for ctl.interface_start from pid: 754 (/system/bin/hwservicemanager)
[  845.120240] init: Control message: Could not find 'vendor.qti.diaghal@1.0::Idiag/default' for ctl.interface_start from pid: 754 (/system/bin/hwservicemanager)
[  845.352296] type=1400 audit(1785264092.696:57923): avc:  denied  { read } for  comm="top" scontext=u:r:system_app:s0 tcontext=u:r:vendor_per_proxy:s0 tclass=file permissive=1
[  845.352646] type=1400 audit(1785264092.696:57924): avc:  denied  { read } for  comm="top" scontext=u:r:system_app:s0 tcontext=u:r:hal_fingerprint_default:s0 tclass=file permissive=1
[  845.353026] type=1400 audit(1785264092.696:57925): avc:  denied  { getattr } for  comm="top" path="/proc/1073" dev="proc" ino=756360 scontext=u:r:system_app:s0 tcontext=u:r:vendor_hal_keymint_spu_qti:s0 tclass=dir permissive=1
[  845.353207] type=1400 audit(1785264092.696:57926): avc:  denied  { search } for  comm="top" name="1073" dev="proc" ino=756360 scontext=u:r:system_app:s0 tcontext=u:r:vendor_hal_keymint_spu_qti:s0 tclass=dir permissive=1
[  845.353605] audit: audit_lost=54474 audit_rate_limit=5 audit_backlog_limit=64
[  845.353608] audit: rate limit exceeded
[  845.353644] type=1400 audit(1785264092.696:57927): avc:  denied  { open } for  comm="top" path="/proc/1479/stat" dev="proc" ino=756463 scontext=u:r:system_app:s0 tcontext=u:r:hal_fingerprint_default:s0 tclass=file permissive=1
[  846.121701] init: Control message: Could not find 'vendor.qti.diaghal@1.0::Idiag/default' for ctl.interface_start from pid: 754 (/system/bin/hwservicemanager)
[  847.123166] init: Control message: Could not find 'vendor.qti.diaghal@1.0::Idiag/default' for ctl.interface_start from pid: 754 (/system/bin/hwservicemanager)
[  847.331413] wcd-usbss-i2c-driver 1-000e: wcd_usbss_is_in_reset_state: Surge check #3 failed
[  847.597358] type=1400 audit(1785264094.940:57932): avc:  denied  { read } for  comm="top" scontext=u:r:system_app:s0 tcontext=u:r:vendor_qesdsect:s0 tclass=file permissive=1
[  847.599261] type=1400 audit(1785264094.940:57933): avc:  denied  { open } for  comm="top" path="/proc/1473/stat" dev="proc" ino=756459 scontext=u:r:system_app:s0 tcontext=u:r:vendor_qesdsect:s0 tclass=file permissive=1
[  848.123893] init: Control message: Could not find 'vendor.qti.diaghal@1.0::Idiag/default' for ctl.interface_start from pid: 754 (/system/bin/hwservicemanager)
[  849.029344] type=1400 audit(1785264096.372:57934): avc:  denied  { dac_read_search } for  comm="sh" capability=2  scontext=u:r:xsud:s0 tcontext=u:r:xsud:s0 tclass=capability permissive=1
[  849.127252] init: Control message: Could not find 'vendor.qti.diaghal@1.0::Idiag/default' for ctl.interface_start from pid: 754 (/system/bin/hwservicemanager)
[  849.341633] type=1400 audit(1785264096.684:57935): avc:  denied  { read } for  comm="top" scontext=u:r:system_app:s0 tcontext=u:r:vendor_hal_qesdhal_default:s0 tclass=file permissive=1
[  849.342615] type=1400 audit(1785264096.684:57936): avc:  denied  { open } for  comm="top" path="/proc/1469/stat" dev="proc" ino=756455 scontext=u:r:system_app:s0 tcontext=u:r:vendor_hal_qesdhal_default:s0 tclass=file permissive=1
[  850.129118] init: Control message: Could not find 'vendor.qti.diaghal@1.0::Idiag/default' for ctl.interface_start from pid: 754 (/system/bin/hwservicemanager)
[  851.131152] init: Control message: Could not find 'vendor.qti.diaghal@1.0::Idiag/default' for ctl.interface_start from pid: 754 (/system/bin/hwservicemanager)
[  851.342023] type=1400 audit(1785264098.684:57941): avc:  denied  { read } for  comm="top" scontext=u:r:system_app:s0 tcontext=u:r:vendor_sxrd_vndr:s0 tclass=file permissive=1
[  851.343111] type=1400 audit(1785264098.684:57942): avc:  denied  { getattr } for  comm="top" path="/proc/1513" dev="proc" ino=756378 scontext=u:r:system_app:s0 tcontext=u:r:vendor_hal_sensorscalibrate_qti_default:s0 tclass=dir permissive=1
[  851.343295] type=1400 audit(1785264098.684:57943): avc:  denied  { search } for  comm="top" name="1513" dev="proc" ino=756378 scontext=u:r:system_app:s0 tcontext=u:r:vendor_hal_sensorscalibrate_qti_default:s0 tclass=dir permissive=1
[  851.343482] audit: audit_lost=54478 audit_rate_limit=5 audit_backlog_limit=64
[  851.343485] audit: rate limit exceeded
[  851.343829] type=1400 audit(1785264098.684:57944): avc:  denied  { getattr } for  comm="top" path="/proc/1813" dev="proc" ino=717675 scontext=u:r:system_app:s0 tcontext=u:r:vendor_tcmd:s0 tclass=dir permissive=1
[  851.344065] type=1400 audit(1785264098.684:57945): avc:  denied  { search } for  comm="top" name="1813" dev="proc" ino=717675 scontext=u:r:system_app:s0 tcontext=u:r:vendor_tcmd:s0 tclass=dir permissive=1
[  851.344257] type=1400 audit(1785264098.688:57946): avc:  denied  { getattr } for  comm="top" path="/proc/1814" dev="proc" ino=717676 scontext=u:r:system_app:s0 tcontext=u:r:vendor_hal_gatekeeper_qti:s0 tclass=dir permissive=1
[  852.132959] init: Control message: Could not find 'vendor.qti.diaghal@1.0::Idiag/default' for ctl.interface_start from pid: 754 (/system/bin/hwservicemanager)
[  852.344046] type=1400 audit(1785264099.688:57956): avc:  denied  { read } for  comm="top" scontext=u:r:system_app:s0 tcontext=u:r:hal_light_default:s0 tclass=file permissive=1
[  852.344620] type=1400 audit(1785264099.688:57957): avc:  denied  { getattr } for  comm="top" path="/proc/752" dev="proc" ino=756354 scontext=u:r:system_app:s0 tcontext=u:r:servicemanager:s0 tclass=dir permissive=1
[  852.344685] type=1400 audit(1785264099.688:57958): avc:  denied  { search } for  comm="top" name="752" dev="proc" ino=756354 scontext=u:r:system_app:s0 tcontext=u:r:servicemanager:s0 tclass=dir permissive=1
[  852.345020] type=1400 audit(1785264099.688:57959): avc:  denied  { getattr } for  comm="top" path="/proc/1068" dev="proc" ino=756359 scontext=u:r:system_app:s0 tcontext=u:r:vendor_sec_nvm:s0 tclass=dir permissive=1
[  852.598564] audit: audit_lost=54492 audit_rate_limit=5 audit_backlog_limit=64
[  852.598570] audit: rate limit exceeded
[  853.134551] init: Control message: Could not find 'vendor.qti.diaghal@1.0::Idiag/default' for ctl.interface_start from pid: 754 (/system/bin/hwservicemanager)
[  853.887476] audit: audit_lost=54507 audit_rate_limit=5 audit_backlog_limit=64
[  853.887480] audit: rate limit exceeded
[  854.135954] init: Control message: Could not find 'vendor.qti.diaghal@1.0::Idiag/default' for ctl.interface_start from pid: 754 (/system/bin/hwservicemanager)
[  854.917471] audit: audit_lost=54557 audit_rate_limit=5 audit_backlog_limit=64
[  854.917484] audit: rate limit exceeded
[  855.136967] init: Control message: Could not find 'vendor.qti.diaghal@1.0::Idiag/default' for ctl.interface_start from pid: 754 (/system/bin/hwservicemanager)
[  856.119290] audit: audit_lost=54573 audit_rate_limit=5 audit_backlog_limit=64
[  856.119299] audit: rate limit exceeded
[  856.171833] servicemanager: Found vendor.qti.hardware.perf2.IPerf/default in device VINTF manifest.
[  856.179107] init: Control message: Could not find 'vendor.qti.diaghal@1.0::Idiag/default' for ctl.interface_start from pid: 754 (/system/bin/hwservicemanager)
[  856.179734] init: Control message: Could not find 'vendor.qti.diaghal@1.0::Idiag/default' for ctl.interface_start from pid: 754 (/system/bin/hwservicemanager)
[  857.124891] type=1400 audit(1785264104.468:58291): avc:  denied  { write } for  comm="Thread-4827" name="pulse_fifo_in" dev="dm-53" ino=332444 scontext=u:r:untrusted_app:s0:c183,c256,c512,c768 tcontext=u:object_r:app_data_file:s0 tclass=fifo_file permissive=1 app=com.kei.pulse
[  857.135793] type=1400 audit(1785264104.480:58292): avc:  denied  { search } for  comm="sh" name="com.kei.pulse" dev="dm-53" ino=329013 scontext=u:r:xsud:s0 tcontext=u:object_r:app_data_file:s0:c183,c256,c512,c768 tclass=dir permissive=1
[  857.135875] type=1400 audit(1785264104.480:58293): avc:  denied  { read } for  comm="sh" name="pulse_fifo_in" dev="dm-53" ino=332444 scontext=u:r:xsud:s0 tcontext=u:object_r:app_data_file:s0 tclass=fifo_file permissive=1
[  857.135892] type=1400 audit(1785264104.480:58294): avc:  denied  { open } for  comm="sh" path="/data/user/0/com.kei.pulse/files/pulse_fifo_in" dev="dm-53" ino=332444 scontext=u:r:xsud:s0 tcontext=u:object_r:app_data_file:s0 tclass=fifo_file permissive=1
[  857.181193] init: Control message: Could not find 'vendor.qti.diaghal@1.0::Idiag/default' for ctl.interface_start from pid: 754 (/system/bin/hwservicemanager)
[  857.330118] audit: audit_lost=54802 audit_rate_limit=5 audit_backlog_limit=64
[  857.330127] audit: rate limit exceeded
[  857.330287] type=1400 audit(1785264104.672:58295): avc:  denied  { read } for  comm="Performance-Tim" name="pwm1" dev="sysfs" ino=115174 scontext=u:r:system_app:s0 tcontext=u:object_r:sysfs:s0 tclass=file permissive=1
[  858.183117] init: Control message: Could not find 'vendor.qti.diaghal@1.0::Idiag/default' for ctl.interface_start from pid: 754 (/system/bin/hwservicemanager)
[  858.340717] type=1400 audit(1785264105.684:58325): avc:  denied  { read } for  comm="top" scontext=u:r:system_app:s0 tcontext=u:r:vendor_hal_qspmhal_default:s0 tclass=file permissive=1
[  858.341893] type=1400 audit(1785264105.684:58326): avc:  denied  { getattr } for  comm="top" path="/proc/1466" dev="proc" ino=756370 scontext=u:r:system_app:s0 tcontext=u:r:vendor_hal_poweroptservice_qti:s0 tclass=dir permissive=1
[  858.342036] type=1400 audit(1785264105.684:58327): avc:  denied  { search } for  comm="top" name="1466" dev="proc" ino=756370 scontext=u:r:system_app:s0 tcontext=u:r:vendor_hal_poweroptservice_qti:s0 tclass=dir permissive=1
[  858.342581] audit: audit_lost=54831 audit_rate_limit=5 audit_backlog_limit=64
[  858.342584] audit: rate limit exceeded
[  858.342806] type=1400 audit(1785264105.684:58328): avc:  denied  { open } for  comm="top" path="/proc/1548/stat" dev="proc" ino=756503 scontext=u:r:system_app:s0 tcontext=u:r:vendor_hal_qspmhal_default:s0 tclass=file permissive=1
[  858.342915] type=1400 audit(1785264105.684:58329): avc:  denied  { getattr } for  comm="top" path="/proc/1641" dev="proc" ino=717673 scontext=u:r:system_app:s0 tcontext=u:r:vendor_qwesd:s0 tclass=dir permissive=1
[  859.183971] init: Control message: Could not find 'vendor.qti.diaghal@1.0::Idiag/default' for ctl.interface_start from pid: 754 (/system/bin/hwservicemanager)
[  859.833425] audit: audit_lost=54835 audit_rate_limit=5 audit_backlog_limit=64
[  859.833430] audit: rate limit exceeded
[  860.186420] init: Control message: Could not find 'vendor.qti.diaghal@1.0::Idiag/default' for ctl.interface_start from pid: 754 (/system/bin/hwservicemanager)
[  860.934963] audit: audit_lost=54850 audit_rate_limit=5 audit_backlog_limit=64
[  860.934968] audit: rate limit exceeded
[  861.186441] init: Control message: Could not find 'vendor.qti.diaghal@1.0::Idiag/default' for ctl.interface_start from pid: 754 (/system/bin/hwservicemanager)
[  862.188620] init: Control message: Could not find 'vendor.qti.diaghal@1.0::Idiag/default' for ctl.interface_start from pid: 754 (/system/bin/hwservicemanager)
[  862.326835] type=1400 audit(1785264109.668:58520): avc:  denied  { read } for  comm="Performance-Tim" name="pwm1" dev="sysfs" ino=115174 scontext=u:r:system_app:s0 tcontext=u:object_r:sysfs:s0 tclass=file permissive=1
[  862.326985] type=1400 audit(1785264109.668:58521): avc:  denied  { open } for  comm="Performance-Tim" path="/sys/devices/platform/soc/soc:pwm-fan/hwmon/hwmon0/pwm1" dev="sysfs" ino=115174 scontext=u:r:system_app:s0 tcontext=u:object_r:sysfs:s0 tclass=file permissive=1
[  862.327039] type=1400 audit(1785264109.668:58522): avc:  denied  { getattr } for  comm="Performance-Tim" path="/sys/devices/platform/soc/soc:pwm-fan/hwmon/hwmon0/pwm1" dev="sysfs" ino=115174 scontext=u:r:system_app:s0 tcontext=u:object_r:sysfs:s0 tclass=file permissive=1
[  862.341550] audit: audit_lost=55009 audit_rate_limit=5 audit_backlog_limit=64
[  862.341555] audit: rate limit exceeded
[  862.437779] wcd-usbss-i2c-driver 1-000e: wcd_usbss_is_in_reset_state: Surge check #3 failed
[  863.190734] init: Control message: Could not find 'vendor.qti.diaghal@1.0::Idiag/default' for ctl.interface_start from pid: 754 (/system/bin/hwservicemanager)
[  863.532620] type=1400 audit(1785264110.876:58547): avc:  denied  { search } for  comm="sh" name="0" dev="tmpfs" ino=12 scontext=u:r:xsud:s0 tcontext=u:object_r:mnt_user_file:s0 tclass=dir permissive=1
[  864.192358] init: Control message: Could not find 'vendor.qti.diaghal@1.0::Idiag/default' for ctl.interface_start from pid: 754 (/system/bin/hwservicemanager)
[  864.272075] type=1400 audit(1785264111.616:58548): avc:  denied  { read } for  comm="cat" name="max_pwrlevel" dev="sysfs" ino=124217 scontext=u:r:xsud:s0 tcontext=u:object_r:vendor_sysfs_kgsl:s0 tclass=file permissive=1
[  864.272169] type=1400 audit(1785264111.616:58549): avc:  denied  { open } for  comm="cat" path="/sys/devices/platform/soc/3d00000.qcom,kgsl-3d0/kgsl/kgsl-3d0/max_pwrlevel" dev="sysfs" ino=124217 scontext=u:r:xsud:s0 tcontext=u:object_r:vendor_sysfs_kgsl:s0 tclass=file permissive=1
[  864.342320] audit: audit_lost=55033 audit_rate_limit=5 audit_backlog_limit=64
[  864.342325] audit: rate limit exceeded
[  864.342572] type=1400 audit(1785264111.684:58550): avc:  denied  { read } for  comm="top" scontext=u:r:system_app:s0 tcontext=u:r:vendor_hal_usb_qti:s0 tclass=file permissive=1
[  864.343307] type=1400 audit(1785264111.684:58551): avc:  denied  { read } for  comm="top" scontext=u:r:system_app:s0 tcontext=u:r:vendor_qwesd:s0 tclass=file permissive=1
[  864.597937] type=1400 audit(1785264111.940:58571): avc:  denied  { getattr } for  comm="top" path="/proc/1354" dev="proc" ino=756361 scontext=u:r:system_app:s0 tcontext=u:r:hal_allocator_default:s0 tclass=dir permissive=1
[  864.598103] type=1400 audit(1785264111.940:58572): avc:  denied  { search } for  comm="top" name="1354" dev="proc" ino=756361 scontext=u:r:system_app:s0 tcontext=u:r:hal_allocator_default:s0 tclass=dir permissive=1
[  865.193240] init: Control message: Could not find 'vendor.qti.diaghal@1.0::Idiag/default' for ctl.interface_start from pid: 754 (/system/bin/hwservicemanager)
[  865.383745] audit: audit_lost=55057 audit_rate_limit=5 audit_backlog_limit=64
[  865.383756] audit: rate limit exceeded
[  866.194482] init: Control message: Could not find 'vendor.qti.diaghal@1.0::Idiag/default' for ctl.interface_start from pid: 754 (/system/bin/hwservicemanager)
[  866.271957] healthd: battery l=73 v=8029 t=35.0 h=2 st=3 c=-520032 fc=4162000 cc=0 chg=a
[  866.305968] BATTERY_CHG: battery_psy_set_online: battery_psy_set_online: set online 1
[  867.195520] init: Control message: Could not find 'vendor.qti.diaghal@1.0::Idiag/default' for ctl.interface_start from pid: 754 (/system/bin/hwservicemanager)
[  867.331829] audit: audit_lost=55099 audit_rate_limit=5 audit_backlog_limit=64
[  867.331834] audit: rate limit exceeded
[  867.332733] type=1400 audit(1785264114.676:58632): avc:  denied  { read } for  comm="top" scontext=u:r:system_app:s0 tcontext=u:r:hal_vibrator_default:s0 tclass=file permissive=1
[  868.197300] init: Control message: Could not find 'vendor.qti.diaghal@1.0::Idiag/default' for ctl.interface_start from pid: 754 (/system/bin/hwservicemanager)
[  868.335100] type=1400 audit(1785264115.676:58672): avc:  denied  { read } for  comm="top" scontext=u:r:system_app:s0 tcontext=u:r:servicemanager:s0 tclass=file permissive=1
[  868.335503] type=1400 audit(1785264115.676:58673): avc:  denied  { read } for  comm="top" scontext=u:r:system_app:s0 tcontext=u:r:vendor_spdaemon:s0 tclass=file permissive=1
[  868.335926] audit: audit_lost=55138 audit_rate_limit=5 audit_backlog_limit=64
[  868.335924] type=1400 audit(1785264115.676:58674): avc:  denied  { read } for  comm="top" scontext=u:r:system_app:s0 tcontext=u:r:vendor_sec_nvm:s0 tclass=file permissive=1
[  868.335930] audit: rate limit exceeded
[  868.336124] type=1400 audit(1785264115.676:58675): avc:  denied  { read } for  comm="top" scontext=u:r:system_app:s0 tcontext=u:r:vendor_hal_trustedui_qti:s0 tclass=file permissive=1
[  868.336221] type=1400 audit(1785264115.676:58676): avc:  denied  { read } for  comm="top" scontext=u:r:system_app:s0 tcontext=u:r:vendor_hal_soter_qti:s0 tclass=file permissive=1
[  869.200178] init: Control message: Could not find 'vendor.qti.diaghal@1.0::Idiag/default' for ctl.interface_start from pid: 754 (/system/bin/hwservicemanager)
[  869.337521] type=1400 audit(1785264116.680:58695): avc:  denied  { getattr } for  comm="top" path="/proc/1508" dev="proc" ino=756376 scontext=u:r:system_app:s0 tcontext=u:r:vendor_hal_secureprocessor_qti:s0 tclass=dir permissive=1
[  869.337922] type=1400 audit(1785264116.680:58696): avc:  denied  { search } for  comm="top" name="1508" dev="proc" ino=756376 scontext=u:r:system_app:s0 tcontext=u:r:vendor_hal_secureprocessor_qti:s0 tclass=dir permissive=1
[  869.338072] type=1400 audit(1785264116.680:58697): avc:  denied  { open } for  comm="top" path="/proc/1513/stat" dev="proc" ino=756483 scontext=u:r:system_app:s0 tcontext=u:r:vendor_hal_sensorscalibrate_qti_default:s0 tclass=file permissive=1
[  869.338232] type=1400 audit(1785264116.680:58698): avc:  denied  { open } for  comm="top" path="/proc/1521/stat" dev="proc" ino=756487 scontext=u:r:system_app:s0 tcontext=u:r:vendor_hal_srvctracker_default:s0 tclass=file permissive=1
[  870.120948] audit: audit_lost=55164 audit_rate_limit=5 audit_backlog_limit=64
[  870.120960] audit: rate limit exceeded
[  870.202371] init: Control message: Could not find 'vendor.qti.diaghal@1.0::Idiag/default' for ctl.interface_start from pid: 754 (/system/bin/hwservicemanager)
[  870.302077] [drm:dsi_display_set_mode [msm_drm]] [msm-dsi-info]: mdp_transfer_time=0, hactive=1080, vactive=1920, fps=90, clk_rate=0
[  871.203914] init: Control message: Could not find 'vendor.qti.diaghal@1.0::Idiag/default' for ctl.interface_start from pid: 754 (/system/bin/hwservicemanager)
[  871.285283] audit: audit_lost=55229 audit_rate_limit=5 audit_backlog_limit=64
[  871.285296] audit: rate limit exceeded
[  871.586997] [kworke][0x3f34235fc][18:41:58.932889] kiwi_v2: [8373:I:PMO] pmo_core_psoc_send_host_wakeup_ind_to_fw: Host wakeup indication sent to fw
[  871.596733] [soft_i][0x3f3451028][18:41:58.942625] kiwi_v2: [0:I:WMA] WLAN triggered wakeup: BPF_ALLOW (39), vdev: 0 (STA)
[  871.596997] [soft_i][0x3f3452430][18:41:58.942892] kiwi_v2: [0:I:WMA] wma_wake_event_packet: Wake event packet:
[  872.209115] init: Control message: Could not find 'vendor.qti.diaghal@1.0::Idiag/default' for ctl.interface_start from pid: 754 (/system/bin/hwservicemanager)
[  872.225810] [kworke][0x3f3fd5d25][18:41:59.571704] kiwi_v2: [8373:I:PMO] pmo_core_enable_wow_in_fw: drv wow is enabled
[  872.357479] audit: audit_lost=55283 audit_rate_limit=5 audit_backlog_limit=64
[  872.357491] audit: rate limit exceeded
[  872.372522] type=1400 audit(1785264119.712:58863): avc:  denied  { getattr } for  comm="top" path="/proc/1815" dev="proc" ino=717677 scontext=u:r:system_app:s0 tcontext=u:r:vendor_hal_dpmQmiMgr:s0 tclass=dir permissive=1
[  872.372947] type=1400 audit(1785264119.712:58864): avc:  denied  { search } for  comm="top" name="1815" dev="proc" ino=717677 scontext=u:r:system_app:s0 tcontext=u:r:vendor_hal_dpmQmiMgr:s0 tclass=dir permissive=1
[  872.373082] type=1400 audit(1785264119.712:58865): avc:  denied  { getattr } for  comm="top" path="/proc/1831" dev="proc" ino=717678 scontext=u:r:system_app:s0 tcontext=u:r:vendor_wcnss_service:s0 tclass=dir permissive=1
[  872.373204] type=1400 audit(1785264119.712:58866): avc:  denied  { search } for  comm="top" name="1831" dev="proc" ino=717678 scontext=u:r:system_app:s0 tcontext=u:r:vendor_wcnss_service:s0 tclass=dir permissive=1
[  872.373329] type=1400 audit(1785264119.712:58867): avc:  denied  { getattr } for  comm="top" path="/proc/1996" dev="proc" ino=717682 scontext=u:r:system_app:s0 tcontext=u:r:vendor_feature_enabler_client:s0 tclass=dir permissive=1
[  873.209661] init: Control message: Could not find 'vendor.qti.diaghal@1.0::Idiag/default' for ctl.interface_start from pid: 754 (/system/bin/hwservicemanager)
[  873.359725] audit: audit_lost=55339 audit_rate_limit=5 audit_backlog_limit=64
[  873.359741] audit: rate limit exceeded
[  873.376399] type=1400 audit(1785264120.720:58903): avc:  denied  { getattr } for  comm="top" path="/proc/2009" dev="proc" ino=717683 scontext=u:r:system_app:s0 tcontext=u:r:vendor_sxrd_vndr:s0 tclass=dir permissive=1
[  873.377008] type=1400 audit(1785264120.720:58904): avc:  denied  { search } for  comm="top" name="2009" dev="proc" ino=717683 scontext=u:r:system_app:s0 tcontext=u:r:vendor_sxrd_vndr:s0 tclass=dir permissive=1
[  873.402690] type=1400 audit(1785264120.744:58905): avc:  denied  { setattr } for  comm="chmod" name="scaling_max_freq" dev="sysfs" ino=75043 scontext=u:r:xsud:s0 tcontext=u:object_r:sysfs_devices_system_cpu:s0 tclass=file permissive=1
[  873.403608] type=1400 audit(1785264120.744:58906): avc:  denied  { fowner } for  comm="chmod" capability=3  scontext=u:r:xsud:s0 tcontext=u:r:xsud:s0 tclass=capability permissive=1
[  873.404196] type=1400 audit(1785264120.744:58907): avc:  denied  { fsetid } for  comm="chmod" capability=4  scontext=u:r:xsud:s0 tcontext=u:r:xsud:s0 tclass=capability permissive=1
[  874.211658] init: Control message: Could not find 'vendor.qti.diaghal@1.0::Idiag/default' for ctl.interface_start from pid: 754 (/system/bin/hwservicemanager)
[  875.213640] init: Control message: Could not find 'vendor.qti.diaghal@1.0::Idiag/default' for ctl.interface_start from pid: 754 (/system/bin/hwservicemanager)
[  876.216284] init: Control message: Could not find 'vendor.qti.diaghal@1.0::Idiag/default' for ctl.interface_start from pid: 754 (/system/bin/hwservicemanager)
[  876.351709] audit: audit_lost=55361 audit_rate_limit=5 audit_backlog_limit=64
[  876.351720] audit: rate limit exceeded
[  876.452017] servicemanager: Found vendor.qti.hardware.perf2.IPerf/default in device VINTF manifest.
[  876.465757] init: Control message: Could not find 'vendor.qti.diaghal@1.0::Idiag/default' for ctl.interface_start from pid: 754 (/system/bin/hwservicemanager)
[  876.467283] init: Control message: Could not find 'vendor.qti.diaghal@1.0::Idiag/default' for ctl.interface_start from pid: 754 (/system/bin/hwservicemanager)
[  876.774617] [kworke][0x3f93205be][18:42:04.120512] kiwi_v2: [63:I:PMO] pmo_core_psoc_send_host_wakeup_ind_to_fw: Host wakeup indication sent to fw
[  877.356797] audit: audit_lost=55659 audit_rate_limit=5 audit_backlog_limit=64
[  877.356808] audit: rate limit exceeded
[  877.420499] [kworke][0x3f9ef3f0b][18:42:04.766396] kiwi_v2: [63:I:PMO] pmo_core_enable_wow_in_fw: drv wow is enabled
[  877.471094] init: Control message: Could not find 'vendor.qti.diaghal@1.0::Idiag/default' for ctl.interface_start from pid: 754 (/system/bin/hwservicemanager)
[  877.547246] wcd-usbss-i2c-driver 1-000e: wcd_usbss_is_in_reset_state: Surge check #3 failed
[  878.352681] type=1400 audit(1785264125.696:59277): avc:  denied  { read } for  comm="top" scontext=u:r:system_app:s0 tcontext=u:r:vendor_hal_identity_qti:s0 tclass=file permissive=1
[  878.357753] type=1400 audit(1785264125.700:59278): avc:  denied  { open } for  comm="top" path="/proc/1380/stat" dev="proc" ino=756419 scontext=u:r:system_app:s0 tcontext=u:r:vendor_hal_identity_qti:s0 tclass=file permissive=1
[  878.358317] type=1400 audit(1785264125.700:59279): avc:  denied  { getattr } for  comm="top" path="/proc/1447" dev="proc" ino=756365 scontext=u:r:system_app:s0 tcontext=u:r:vendor_hal_usb_qti:s0 tclass=dir permissive=1
[  878.358665] type=1400 audit(1785264125.700:59280): avc:  denied  { search } for  comm="top" name="1447" dev="proc" ino=756365 scontext=u:r:system_app:s0 tcontext=u:r:vendor_hal_usb_qti:s0 tclass=dir permissive=1
[  878.471699] init: Control message: Could not find 'vendor.qti.diaghal@1.0::Idiag/default' for ctl.interface_start from pid: 754 (/system/bin/hwservicemanager)
[  878.814892] type=1400 audit(1785264126.156:59281): avc:  denied  { syslog } for  comm="dmesg" capability=34  scontext=u:r:xsud:s0 tcontext=u:r:xsud:s0 tclass=capability2 permissive=1
[  879.053960] audit: audit_lost=55698 audit_rate_limit=5 audit_backlog_limit=64
[  879.053971] audit: rate limit exceeded
[  879.357721] type=1400 audit(1785264126.700:59288): avc:  denied  { open } for  comm="top" path="/proc/1879/stat" dev="proc" ino=718198 scontext=u:r:system_app:s0 tcontext=u:r:vendor_perf_qesdk:s0 tclass=file permissive=1
[  879.476536] init: Control message: Could not find 'vendor.qti.diaghal@1.0::Idiag/default' for ctl.interface_start from pid: 754 (/system/bin/hwservicemanager)
[  880.286933] type=1400 audit(1785264127.628:59289): avc:  denied  { syslog_read } for  comm="dmesg" scontext=u:r:xsud:s0 tcontext=u:r:kernel:s0 tclass=system permissive=1
[  880.288148] type=1400 audit(1785264127.628:59290): avc:  denied  { syslog_mod } for  comm="dmesg" scontext=u:r:xsud:s0 tcontext=u:r:kernel:s0 tclass=system permissive=1
[  880.347279] type=1400 audit(1785264127.688:59291): avc:  denied  { read } for  comm="top" scontext=u:r:system_app:s0 tcontext=u:r:hal_power_default:s0 tclass=file permissive=1
[  880.350895] audit: audit_lost=55704 audit_rate_limit=5 audit_backlog_limit=64
[  880.350962] audit: rate limit exceeded
[  880.351047] type=1400 audit(1785264127.692:59292): avc:  denied  { getattr } for  comm="top" path="/proc/1386" dev="proc" ino=756363 scontext=u:r:system_app:s0 tcontext=u:r:hal_ir_default:s0 tclass=dir permissive=1
[  880.476392] init: Control message: Could not find 'vendor.qti.diaghal@1.0::Idiag/default' for ctl.interface_start from pid: 754 (/system/bin/hwservicemanager)
[  881.351812] audit: audit_lost=55716 audit_rate_limit=5 audit_backlog_limit=64
[  881.351823] audit: rate limit exceeded
[  881.479012] init: Control message: Could not find 'vendor.qti.diaghal@1.0::Idiag/default' for ctl.interface_start from pid: 754 (/system/bin/hwservicemanager)
[  882.473066] audit: audit_lost=55733 audit_rate_limit=5 audit_backlog_limit=64
[  882.473077] audit: rate limit exceeded
[  882.482172] init: Control message: Could not find 'vendor.qti.diaghal@1.0::Idiag/default' for ctl.interface_start from pid: 754 (/system/bin/hwservicemanager)
[  883.370192] type=1400 audit(1785264130.708:59334): avc:  denied  { read } for  comm="top" scontext=u:r:system_app:s0 tcontext=u:r:hal_fingerprint_default:s0 tclass=file permissive=1
[  883.370632] type=1400 audit(1785264130.708:59335): avc:  denied  { read } for  comm="top" scontext=u:r:system_app:s0 tcontext=u:r:vendor_hal_capabilityconfigstore_qti_default:s0 tclass=file permissive=1
[  883.373276] type=1400 audit(1785264130.716:59336): avc:  denied  { getattr } for  comm="top" path="/proc/1073" dev="proc" ino=756360 scontext=u:r:system_app:s0 tcontext=u:r:vendor_hal_keymint_spu_qti:s0 tclass=dir permissive=1
[  883.373962] type=1400 audit(1785264130.716:59337): avc:  denied  { search } for  comm="top" name="1073" dev="proc" ino=756360 scontext=u:r:system_app:s0 tcontext=u:r:vendor_hal_keymint_spu_qti:s0 tclass=dir permissive=1
[  883.484582] init: Control message: Could not find 'vendor.qti.diaghal@1.0::Idiag/default' for ctl.interface_start from pid: 754 (/system/bin/hwservicemanager)
[  884.038252] audit: audit_lost=55740 audit_rate_limit=5 audit_backlog_limit=64
[  884.038265] audit: rate limit exceeded
[  884.355488] type=1400 audit(1785264131.696:59345): avc:  denied  { read } for  comm="top" scontext=u:r:system_app:s0 tcontext=u:r:vendor_hal_qesdhal_default:s0 tclass=file permissive=1
[  884.357161] type=1400 audit(1785264131.696:59346): avc:  denied  { read } for  comm="top" scontext=u:r:system_app:s0 tcontext=u:r:vendor_hal_secureprocessor_qti:s0 tclass=file permissive=1
[  884.360071] type=1400 audit(1785264131.700:59347): avc:  denied  { open } for  comm="top" path="/proc/1469/stat" dev="proc" ino=756455 scontext=u:r:system_app:s0 tcontext=u:r:vendor_hal_qesdhal_default:s0 tclass=file permissive=1
[  884.361412] type=1400 audit(1785264131.704:59348): avc:  denied  { open } for  comm="top" path="/proc/1508/stat" dev="proc" ino=756475 scontext=u:r:system_app:s0 tcontext=u:r:vendor_hal_secureprocessor_qti:s0 tclass=file permissive=1
[  884.362253] type=1400 audit(1785264131.704:59349): avc:  denied  { getattr } for  comm="top" path="/proc/1814" dev="proc" ino=717676 scontext=u:r:system_app:s0 tcontext=u:r:vendor_hal_gatekeeper_qti:s0 tclass=dir permissive=1
[  884.363545] hrtimer: interrupt took 211302 ns
[  884.485759] init: Control message: Could not find 'vendor.qti.diaghal@1.0::Idiag/default' for ctl.interface_start from pid: 754 (/system/bin/hwservicemanager)
[  885.488237] init: Control message: Could not find 'vendor.qti.diaghal@1.0::Idiag/default' for ctl.interface_start from pid: 754 (/system/bin/hwservicemanager)
[  886.490594] init: Control message: Could not find 'vendor.qti.diaghal@1.0::Idiag/default' for ctl.interface_start from pid: 754 (/system/bin/hwservicemanager)
[  886.992827] type=1400 audit(1785264134.336:59353): avc:  denied  { fowner } for  comm="chmod" capability=3  scontext=u:r:xsud:s0 tcontext=u:r:xsud:s0 tclass=capability permissive=1
[  887.346554] audit: audit_lost=55744 audit_rate_limit=5 audit_backlog_limit=64
[  887.346566] audit: rate limit exceeded
[  887.492609] init: Control message: Could not find 'vendor.qti.diaghal@1.0::Idiag/default' for ctl.interface_start from pid: 754 (/system/bin/hwservicemanager)
[  888.353015] audit: audit_lost=55781 audit_rate_limit=5 audit_backlog_limit=64
[  888.353028] audit: rate limit exceeded
[  888.493806] init: Control message: Could not find 'vendor.qti.diaghal@1.0::Idiag/default' for ctl.interface_start from pid: 754 (/system/bin/hwservicemanager)
[  889.357714] type=1400 audit(1785264136.700:59426): avc:  denied  { open } for  comm="top" path="/proc/1513/stat" dev="proc" ino=756483 scontext=u:r:system_app:s0 tcontext=u:r:vendor_hal_sensorscalibrate_qti_default:s0 tclass=file permissive=1
[  889.358968] type=1400 audit(1785264136.700:59427): avc:  denied  { open } for  comm="top" path="/proc/1813/stat" dev="proc" ino=718178 scontext=u:r:system_app:s0 tcontext=u:r:vendor_tcmd:s0 tclass=file permissive=1
[  889.359232] type=1400 audit(1785264136.700:59428): avc:  denied  { open } for  comm="top" path="/proc/1814/stat" dev="proc" ino=718182 scontext=u:r:system_app:s0 tcontext=u:r:vendor_hal_gatekeeper_qti:s0 tclass=file permissive=1
[  889.359456] type=1400 audit(1785264136.700:59429): avc:  denied  { getattr } for  comm="top" path="/proc/2009" dev="proc" ino=717683 scontext=u:r:system_app:s0 tcontext=u:r:vendor_sxrd_vndr:s0 tclass=dir permissive=1
[  889.359781] type=1400 audit(1785264136.700:59430): avc:  denied  { search } for  comm="top" name="2009" dev="proc" ino=717683 scontext=u:r:system_app:s0 tcontext=u:r:vendor_sxrd_vndr:s0 tclass=dir permissive=1
[  889.473257] audit: audit_lost=55807 audit_rate_limit=5 audit_backlog_limit=64
[  889.473271] audit: rate limit exceeded
[  889.494849] init: Control message: Could not find 'vendor.qti.diaghal@1.0::Idiag/default' for ctl.interface_start from pid: 754 (/system/bin/hwservicemanager)
[  890.418103] type=1400 audit(1785264137.760:59436): avc:  denied  { getattr } for  comm="top" path="/proc/1473" dev="proc" ino=756372 scontext=u:r:system_app:s0 tcontext=u:r:vendor_qesdsect:s0 tclass=dir permissive=1
[  890.418472] type=1400 audit(1785264137.760:59437): avc:  denied  { search } for  comm="top" name="1473" dev="proc" ino=756372 scontext=u:r:system_app:s0 tcontext=u:r:vendor_qesdsect:s0 tclass=dir permissive=1
[  890.496879] init: Control message: Could not find 'vendor.qti.diaghal@1.0::Idiag/default' for ctl.interface_start from pid: 754 (/system/bin/hwservicemanager)
[  891.501443] init: Control message: Could not find 'vendor.qti.diaghal@1.0::Idiag/default' for ctl.interface_start from pid: 754 (/system/bin/hwservicemanager)
[  892.502769] init: Control message: Could not find 'vendor.qti.diaghal@1.0::Idiag/default' for ctl.interface_start from pid: 754 (/system/bin/hwservicemanager)
[  892.613496] type=1400 audit(1785264139.956:59438): avc:  denied  { read } for  comm="top" scontext=u:r:system_app:s0 tcontext=u:r:vendor_hal_keymint_spu_qti:s0 tclass=file permissive=1
[  892.615791] type=1400 audit(1785264139.960:59439): avc:  denied  { open } for  comm="top" path="/proc/1073/stat" dev="proc" ino=756411 scontext=u:r:system_app:s0 tcontext=u:r:vendor_hal_keymint_spu_qti:s0 tclass=file permissive=1
[  892.618447] type=1400 audit(1785264139.960:59440): avc:  denied  { search } for  comm="top" name="1459" dev="proc" ino=756369 scontext=u:r:system_app:s0 tcontext=u:r:vendor_hal_spu_qti:s0 tclass=dir permissive=1
[  892.642234] wcd-usbss-i2c-driver 1-000e: wcd_usbss_is_in_reset_state: Surge check #3 failed
[  892.652028] audit: audit_lost=55812 audit_rate_limit=5 audit_backlog_limit=64
[  892.652039] audit: rate limit exceeded
[  893.506642] init: Control message: Could not find 'vendor.qti.diaghal@1.0::Idiag/default' for ctl.interface_start from pid: 754 (/system/bin/hwservicemanager)
[  893.933433] audit: audit_lost=55841 audit_rate_limit=5 audit_backlog_limit=64
[  893.933457] audit: rate limit exceeded
[  894.508181] init: Control message: Could not find 'vendor.qti.diaghal@1.0::Idiag/default' for ctl.interface_start from pid: 754 (/system/bin/hwservicemanager)
[  895.323802] type=1400 audit(1785264142.664:59497): avc:  denied  { getattr } for  comm="DefaultDispatch" path="/dev/ttyHS5" dev="tmpfs" ino=1195 scontext=u:r:system_app:s0 tcontext=u:object_r:device:s0 tclass=chr_file permissive=1
[  895.406670] type=1400 audit(1785264142.748:59498): avc:  denied  { syslog_read } for  comm="dmesg" scontext=u:r:xsud:s0 tcontext=u:r:kernel:s0 tclass=system permissive=1
[  895.407272] type=1400 audit(1785264142.748:59499): avc:  denied  { syslog_mod } for  comm="dmesg" scontext=u:r:xsud:s0 tcontext=u:r:kernel:s0 tclass=system permissive=1
[  895.509683] init: Control message: Could not find 'vendor.qti.diaghal@1.0::Idiag/default' for ctl.interface_start from pid: 754 (/system/bin/hwservicemanager)
[  896.343023] type=1400 audit(1785264143.684:59500): avc:  denied  { read } for  comm="top" scontext=u:r:system_app:s0 tcontext=u:r:vendor_hal_poweroptservice_qti:s0 tclass=file permissive=1
[  896.344949] type=1400 audit(1785264143.688:59501): avc:  denied  { getattr } for  comm="top" path="/proc/905" dev="proc" ino=756356 scontext=u:r:system_app:s0 tcontext=u:r:vendor_hal_keymint_qti:s0 tclass=dir permissive=1
[  896.345100] type=1400 audit(1785264143.688:59502): avc:  denied  { search } for  comm="top" name="905" dev="proc" ino=756356 scontext=u:r:system_app:s0 tcontext=u:r:vendor_hal_keymint_qti:s0 tclass=dir permissive=1
[  896.346224] type=1400 audit(1785264143.688:59503): avc:  denied  { open } for  comm="top" path="/proc/1466/stat" dev="proc" ino=756451 scontext=u:r:system_app:s0 tcontext=u:r:vendor_hal_poweroptservice_qti:s0 tclass=file permissive=1
[  896.349928] type=1400 audit(1785264143.692:59504): avc:  denied  { read } for  comm="top" name="stat" dev="proc" ino=4026532011 scontext=u:r:system_app:s0 tcontext=u:object_r:proc_stat:s0 tclass=file permissive=1
[  896.350101] type=1400 audit(1785264143.692:59505): avc:  denied  { open } for  comm="top" path="/proc/stat" dev="proc" ino=4026532011 scontext=u:r:system_app:s0 tcontext=u:object_r:proc_stat:s0 tclass=file permissive=1
[  896.459850] audit: audit_lost=55858 audit_rate_limit=5 audit_backlog_limit=64
[  896.459860] audit: rate limit exceeded
[  896.460344] type=1400 audit(1785264143.804:59506): avc:  denied  { write } for  comm="xsu" name="xsud" dev="tmpfs" ino=1381 scontext=u:r:untrusted_app:s0:c183,c256,c512,c768 tcontext=u:object_r:xsud_socket:s0 tclass=sock_file permissive=1 app=com.kei.pulse
[  896.513087] init: Control message: Could not find 'vendor.qti.diaghal@1.0::Idiag/default' for ctl.interface_start from pid: 754 (/system/bin/hwservicemanager)
[  896.736404] servicemanager: Found vendor.qti.hardware.perf2.IPerf/default in device VINTF manifest.
[  896.759284] init: Control message: Could not find 'vendor.qti.diaghal@1.0::Idiag/default' for ctl.interface_start from pid: 754 (/system/bin/hwservicemanager)
[  896.759790] init: Control message: Could not find 'vendor.qti.diaghal@1.0::Idiag/default' for ctl.interface_start from pid: 754 (/system/bin/hwservicemanager)
[  897.616180] audit: audit_lost=56175 audit_rate_limit=5 audit_backlog_limit=64
[  897.616192] audit: rate limit exceeded
[  897.759589] init: Control message: Could not find 'vendor.qti.diaghal@1.0::Idiag/default' for ctl.interface_start from pid: 754 (/system/bin/hwservicemanager)
[  898.627107] audit: audit_lost=56251 audit_rate_limit=5 audit_backlog_limit=64
[  898.627119] audit: rate limit exceeded
[  898.761415] init: Control message: Could not find 'vendor.qti.diaghal@1.0::Idiag/default' for ctl.interface_start from pid: 754 (/system/bin/hwservicemanager)
[  899.775698] init: Control message: Could not find 'vendor.qti.diaghal@1.0::Idiag/default' for ctl.interface_start from pid: 754 (/system/bin/hwservicemanager)
[  899.917764] audit: audit_lost=56285 audit_rate_limit=5 audit_backlog_limit=64
[  899.917775] audit: rate limit exceeded
[  900.609721] type=1400 audit(1785264147.952:59964): avc:  denied  { getattr } for  comm="top" path="/proc/1479" dev="proc" ino=756373 scontext=u:r:system_app:s0 tcontext=u:r:hal_fingerprint_default:s0 tclass=dir permissive=1
[  900.610255] type=1400 audit(1785264147.952:59965): avc:  denied  { search } for  comm="top" name="1479" dev="proc" ino=756373 scontext=u:r:system_app:s0 tcontext=u:r:hal_fingerprint_default:s0 tclass=dir permissive=1
[  900.610903] type=1400 audit(1785264147.952:59966): avc:  denied  { getattr } for  comm="top" path="/proc/1767" dev="proc" ino=717674 scontext=u:r:system_app:s0 tcontext=u:r:vendor_per_proxy:s0 tclass=dir permissive=1
[  900.611038] type=1400 audit(1785264147.952:59967): avc:  denied  { search } for  comm="top" name="1767" dev="proc" ino=717674 scontext=u:r:system_app:s0 tcontext=u:r:vendor_per_proxy:s0 tclass=dir permissive=1
[  900.770702] init: Control message: Could not find 'vendor.qti.diaghal@1.0::Idiag/default' for ctl.interface_start from pid: 754 (/system/bin/hwservicemanager)
[  901.199467] audit: audit_lost=56300 audit_rate_limit=5 audit_backlog_limit=64
[  901.199477] audit: rate limit exceeded
[  901.200159] type=1400 audit(1785264148.540:59968): avc:  denied  { fowner } for  comm="chmod" capability=3  scontext=u:r:xsud:s0 tcontext=u:r:xsud:s0 tclass=capability permissive=1
[  901.774891] init: Control message: Could not find 'vendor.qti.diaghal@1.0::Idiag/default' for ctl.interface_start from pid: 754 (/system/bin/hwservicemanager)
[  902.340941] type=1400 audit(1785264149.684:59989): avc:  denied  { read } for  comm="top" scontext=u:r:system_app:s0 tcontext=u:r:vendor_hal_qspmhal_default:s0 tclass=file permissive=1
[  902.344555] type=1400 audit(1785264149.688:59990): avc:  denied  { getattr } for  comm="top" path="/proc/1466" dev="proc" ino=756370 scontext=u:r:system_app:s0 tcontext=u:r:vendor_hal_poweroptservice_qti:s0 tclass=dir permissive=1
[  902.344923] type=1400 audit(1785264149.688:59991): avc:  denied  { search } for  comm="top" name="1466" dev="proc" ino=756370 scontext=u:r:system_app:s0 tcontext=u:r:vendor_hal_poweroptservice_qti:s0 tclass=dir permissive=1
[  902.346605] type=1400 audit(1785264149.688:59992): avc:  denied  { open } for  comm="top" path="/proc/1548/stat" dev="proc" ino=756503 scontext=u:r:system_app:s0 tcontext=u:r:vendor_hal_qspmhal_default:s0 tclass=file permissive=1
[  902.346840] audit: audit_lost=56320 audit_rate_limit=5 audit_backlog_limit=64
[  902.346854] audit: rate limit exceeded
[  902.347176] type=1400 audit(1785264149.688:59993): avc:  denied  { getattr } for  comm="top" path="/proc/1641" dev="proc" ino=717673 scontext=u:r:system_app:s0 tcontext=u:r:vendor_qwesd:s0 tclass=dir permissive=1
[  902.778082] init: Control message: Could not find 'vendor.qti.diaghal@1.0::Idiag/default' for ctl.interface_start from pid: 754 (/system/bin/hwservicemanager)
[  903.779002] init: Control message: Could not find 'vendor.qti.diaghal@1.0::Idiag/default' for ctl.interface_start from pid: 754 (/system/bin/hwservicemanager)
[  904.342644] audit: audit_lost=56321 audit_rate_limit=5 audit_backlog_limit=64
[  904.342656] audit: rate limit exceeded
[  904.780161] init: Control message: Could not find 'vendor.qti.diaghal@1.0::Idiag/default' for ctl.interface_start from pid: 754 (/system/bin/hwservicemanager)
[  905.785099] init: Control message: Could not find 'vendor.qti.diaghal@1.0::Idiag/default' for ctl.interface_start from pid: 754 (/system/bin/hwservicemanager)
[  906.784403] init: Control message: Could not find 'vendor.qti.diaghal@1.0::Idiag/default' for ctl.interface_start from pid: 754 (/system/bin/hwservicemanager)
[  907.746738] wcd-usbss-i2c-driver 1-000e: wcd_usbss_is_in_reset_state: Surge check #3 failed
[  907.789749] init: Control message: Could not find 'vendor.qti.diaghal@1.0::Idiag/default' for ctl.interface_start from pid: 754 (/system/bin/hwservicemanager)
[  908.792429] init: Control message: Could not find 'vendor.qti.diaghal@1.0::Idiag/default' for ctl.interface_start from pid: 754 (/system/bin/hwservicemanager)
[  908.890599] type=1400 audit(1785264156.232:60006): avc:  denied  { read } for  comm="sh" name="primary" dev="tmpfs" ino=42 scontext=u:r:xsud:s0 tcontext=u:object_r:mnt_user_file:s0 tclass=lnk_file permissive=1
[  909.352310] type=1400 audit(1785264156.692:60007): avc:  denied  { getattr } for  comm="top" path="/proc/1447" dev="proc" ino=756365 scontext=u:r:system_app:s0 tcontext=u:r:vendor_hal_usb_qti:s0 tclass=dir permissive=1
[  909.352867] type=1400 audit(1785264156.692:60008): avc:  denied  { search } for  comm="top" name="1447" dev="proc" ino=756365 scontext=u:r:system_app:s0 tcontext=u:r:vendor_hal_usb_qti:s0 tclass=dir permissive=1
[  909.796177] init: Control message: Could not find 'vendor.qti.diaghal@1.0::Idiag/default' for ctl.interface_start from pid: 754 (/system/bin/hwservicemanager)
[  910.374196] type=1400 audit(1785264157.716:60009): avc:  denied  { read } for  comm="top" scontext=u:r:system_app:s0 tcontext=u:r:vendor_hal_usb_qti:s0 tclass=file permissive=1
[  910.379880] type=1400 audit(1785264157.720:60010): avc:  denied  { getattr } for  comm="top" path="/proc/1380" dev="proc" ino=756362 scontext=u:r:system_app:s0 tcontext=u:r:vendor_hal_identity_qti:s0 tclass=dir permissive=1
[  910.380485] type=1400 audit(1785264157.720:60011): avc:  denied  { search } for  comm="top" name="1380" dev="proc" ino=756362 scontext=u:r:system_app:s0 tcontext=u:r:vendor_hal_identity_qti:s0 tclass=dir permissive=1
[  910.380898] type=1400 audit(1785264157.720:60012): avc:  denied  { open } for  comm="top" path="/proc/1447/stat" dev="proc" ino=756431 scontext=u:r:system_app:s0 tcontext=u:r:vendor_hal_usb_qti:s0 tclass=file permissive=1
[  910.395651] type=1400 audit(1785264157.736:60013): avc:  denied  { search } for  comm="sh" name="0" dev="tmpfs" ino=12 scontext=u:r:xsud:s0 tcontext=u:object_r:mnt_user_file:s0 tclass=dir permissive=1
[  910.801543] init: Control message: Could not find 'vendor.qti.diaghal@1.0::Idiag/default' for ctl.interface_start from pid: 754 (/system/bin/hwservicemanager)
[  911.359032] audit: audit_lost=56325 audit_rate_limit=5 audit_backlog_limit=64
[  911.359044] audit: rate limit exceeded
[  911.804278] init: Control message: Could not find 'vendor.qti.diaghal@1.0::Idiag/default' for ctl.interface_start from pid: 754 (/system/bin/hwservicemanager)
[  912.105074] type=1400 audit(1785264159.448:60016): avc:  denied  { syslog_read } for  comm="dmesg" scontext=u:r:xsud:s0 tcontext=u:r:kernel:s0 tclass=system permissive=1
[  912.105746] type=1400 audit(1785264159.448:60017): avc:  denied  { syslog_mod } for  comm="dmesg" scontext=u:r:xsud:s0 tcontext=u:r:kernel:s0 tclass=system permissive=1
[  912.610946] audit: audit_lost=56327 audit_rate_limit=5 audit_backlog_limit=64
[  912.610958] audit: rate limit exceeded
[  912.808107] init: Control message: Could not find 'vendor.qti.diaghal@1.0::Idiag/default' for ctl.interface_start from pid: 754 (/system/bin/hwservicemanager)
[  913.614595] audit: audit_lost=56498 audit_rate_limit=5 audit_backlog_limit=64
[  913.614607] audit: rate limit exceeded
[  913.813255] init: Control message: Could not find 'vendor.qti.diaghal@1.0::Idiag/default' for ctl.interface_start from pid: 754 (/system/bin/hwservicemanager)
[  914.349260] type=1400 audit(1785264161.692:60229): avc:  denied  { read } for  comm="top" scontext=u:r:system_app:s0 tcontext=u:r:vendor_hal_spu_qti:s0 tclass=file permissive=1
[  914.350641] type=1400 audit(1785264161.692:60230): avc:  denied  { read } for  comm="top" scontext=u:r:system_app:s0 tcontext=u:r:vendor_hal_poweroptservice_qti:s0 tclass=file permissive=1
[  914.351319] type=1400 audit(1785264161.692:60231): avc:  denied  { getattr } for  comm="top" path="/proc/905" dev="proc" ino=756356 scontext=u:r:system_app:s0 tcontext=u:r:vendor_hal_keymint_qti:s0 tclass=dir permissive=1
[  914.352427] type=1400 audit(1785264161.692:60232): avc:  denied  { search } for  comm="top" name="905" dev="proc" ino=756356 scontext=u:r:system_app:s0 tcontext=u:r:vendor_hal_keymint_qti:s0 tclass=dir permissive=1
[  914.354069] type=1400 audit(1785264161.696:60233): avc:  denied  { getattr } for  comm="top" path="/proc/907" dev="proc" ino=756357 scontext=u:r:system_app:s0 tcontext=u:r:vendor_hal_qseecom_default:s0 tclass=dir permissive=1
[  914.633427] audit: audit_lost=56543 audit_rate_limit=5 audit_backlog_limit=64
[  914.633439] audit: rate limit exceeded
[  914.812347] init: Control message: Could not find 'vendor.qti.diaghal@1.0::Idiag/default' for ctl.interface_start from pid: 754 (/system/bin/hwservicemanager)
[  915.370751] type=1400 audit(1785264162.712:60249): avc:  denied  { read } for  comm="top" scontext=u:r:system_app:s0 tcontext=u:r:hal_fingerprint_default:s0 tclass=file permissive=1
[  915.372007] type=1400 audit(1785264162.712:60250): avc:  denied  { read } for  comm="top" scontext=u:r:system_app:s0 tcontext=u:r:vendor_hal_capabilityconfigstore_qti_default:s0 tclass=file permissive=1
[  915.374843] type=1400 audit(1785264162.716:60251): avc:  denied  { getattr } for  comm="top" path="/proc/1073" dev="proc" ino=756360 scontext=u:r:system_app:s0 tcontext=u:r:vendor_hal_keymint_spu_qti:s0 tclass=dir permissive=1
[  915.375576] type=1400 audit(1785264162.716:60252): avc:  denied  { search } for  comm="top" name="1073" dev="proc" ino=756360 scontext=u:r:system_app:s0 tcontext=u:r:vendor_hal_keymint_spu_qti:s0 tclass=dir permissive=1
[  915.382097] type=1400 audit(1785264162.724:60253): avc:  denied  { open } for  comm="top" path="/proc/1479/stat" dev="proc" ino=756463 scontext=u:r:system_app:s0 tcontext=u:r:hal_fingerprint_default:s0 tclass=file permissive=1
[  915.815794] init: Control message: Could not find 'vendor.qti.diaghal@1.0::Idiag/default' for ctl.interface_start from pid: 754 (/system/bin/hwservicemanager)
[  916.331626] audit: audit_lost=56546 audit_rate_limit=5 audit_backlog_limit=64
[  916.331638] audit: rate limit exceeded
[  916.927636] servicemanager: Found vendor.qti.hardware.perf2.IPerf/default in device VINTF manifest.
[  916.947123] init: Control message: Could not find 'vendor.qti.diaghal@1.0::Idiag/default' for ctl.interface_start from pid: 754 (/system/bin/hwservicemanager)
[  916.957687] init: Control message: Could not find 'vendor.qti.diaghal@1.0::Idiag/default' for ctl.interface_start from pid: 754 (/system/bin/hwservicemanager)
[  917.350185] audit: audit_lost=56590 audit_rate_limit=5 audit_backlog_limit=64
[  917.350196] audit: rate limit exceeded
[  917.953942] init: Control message: Could not find 'vendor.qti.diaghal@1.0::Idiag/default' for ctl.interface_start from pid: 754 (/system/bin/hwservicemanager)
[  918.354088] audit: audit_lost=56756 audit_rate_limit=5 audit_backlog_limit=64
[  918.354100] audit: rate limit exceeded
[  918.956795] init: Control message: Could not find 'vendor.qti.diaghal@1.0::Idiag/default' for ctl.interface_start from pid: 754 (/system/bin/hwservicemanager)
[  919.355655] type=1400 audit(1785264166.696:60498): avc:  denied  { open } for  comm="top" path="/proc/1354/stat" dev="proc" ino=756415 scontext=u:r:system_app:s0 tcontext=u:r:hal_allocator_default:s0 tclass=file permissive=1
[  919.356919] type=1400 audit(1785264166.700:60499): avc:  denied  { getattr } for  comm="top" path="/proc/1466" dev="proc" ino=756370 scontext=u:r:system_app:s0 tcontext=u:r:vendor_hal_poweroptservice_qti:s0 tclass=dir permissive=1
[  919.357116] type=1400 audit(1785264166.700:60500): avc:  denied  { search } for  comm="top" name="1466" dev="proc" ino=756370 scontext=u:r:system_app:s0 tcontext=u:r:vendor_hal_poweroptservice_qti:s0 tclass=dir permissive=1
[  919.359752] type=1400 audit(1785264166.704:60501): avc:  denied  { open } for  comm="top" path="/proc/1548/stat" dev="proc" ino=756503 scontext=u:r:system_app:s0 tcontext=u:r:vendor_hal_qspmhal_default:s0 tclass=file permissive=1
[  919.360043] type=1400 audit(1785264166.704:60502): avc:  denied  { open } for  comm="top" path="/proc/1554/stat" dev="proc" ino=756507 scontext=u:r:system_app:s0 tcontext=u:r:hal_tsnv_default:s0 tclass=file permissive=1
[  919.360214] audit: audit_lost=56779 audit_rate_limit=5 audit_backlog_limit=64
[  919.360228] audit: rate limit exceeded
[  919.959983] init: Control message: Could not find 'vendor.qti.diaghal@1.0::Idiag/default' for ctl.interface_start from pid: 754 (/system/bin/hwservicemanager)
[  920.360109] type=1400 audit(1785264167.704:60514): avc:  denied  { open } for  comm="top" path="/proc/1386/stat" dev="proc" ino=756423 scontext=u:r:system_app:s0 tcontext=u:r:hal_ir_default:s0 tclass=file permissive=1
[  920.360619] type=1400 audit(1785264167.704:60515): avc:  denied  { getattr } for  comm="top" path="/proc/1417" dev="proc" ino=756364 scontext=u:r:system_app:s0 tcontext=u:r:hal_power_default:s0 tclass=dir permissive=1
[  920.362024] type=1400 audit(1785264167.704:60516): avc:  denied  { search } for  comm="top" name="1417" dev="proc" ino=756364 scontext=u:r:system_app:s0 tcontext=u:r:hal_power_default:s0 tclass=dir permissive=1
[  920.366185] type=1400 audit(1785264167.708:60517): avc:  denied  { getattr } for  comm="top" path="/proc/1879" dev="proc" ino=717680 scontext=u:r:system_app:s0 tcontext=u:r:vendor_perf_qesdk:s0 tclass=dir permissive=1
[  920.366351] type=1400 audit(1785264167.708:60518): avc:  denied  { search } for  comm="top" name="1879" dev="proc" ino=717680 scontext=u:r:system_app:s0 tcontext=u:r:vendor_perf_qesdk:s0 tclass=dir permissive=1
[  920.367355] audit: audit_lost=56790 audit_rate_limit=5 audit_backlog_limit=64
[  920.367364] audit: rate limit exceeded
[  920.961549] init: Control message: Could not find 'vendor.qti.diaghal@1.0::Idiag/default' for ctl.interface_start from pid: 754 (/system/bin/hwservicemanager)
[  921.967277] init: Control message: Could not find 'vendor.qti.diaghal@1.0::Idiag/default' for ctl.interface_start from pid: 754 (/system/bin/hwservicemanager)
[  922.601454] [kworke][0x42da3d82b][18:42:49.947318] kiwi_v2: [2951:I:PMO] pmo_core_psoc_send_host_wakeup_ind_to_fw: Host wakeup indication sent to fw
[  922.854681] wcd-usbss-i2c-driver 1-000e: wcd_usbss_is_in_reset_state: Surge check #3 failed
[  922.976598] init: Control message: Could not find 'vendor.qti.diaghal@1.0::Idiag/default' for ctl.interface_start from pid: 754 (/system/bin/hwservicemanager)
[  923.132651] [kworke][0x42e3f7a5a][18:42:50.478547] kiwi_v2: [26310:I:PMO] pmo_core_enable_wow_in_fw: drv wow is enabled
[  923.346336] audit: audit_lost=56793 audit_rate_limit=5 audit_backlog_limit=64
[  923.346346] audit: rate limit exceeded
[  923.971839] init: Control message: Could not find 'vendor.qti.diaghal@1.0::Idiag/default' for ctl.interface_start from pid: 754 (/system/bin/hwservicemanager)
[  924.808458] type=1400 audit(1785264172.152:60550): avc:  denied  { read } for  comm="cat" name="gpuclk" dev="sysfs" ino=124210 scontext=u:r:xsud:s0 tcontext=u:object_r:vendor_sysfs_kgsl_gpuclk:s0 tclass=file permissive=1
[  924.809129] type=1400 audit(1785264172.152:60551): avc:  denied  { open } for  comm="cat" path="/sys/devices/platform/soc/3d00000.qcom,kgsl-3d0/kgsl/kgsl-3d0/gpuclk" dev="sysfs" ino=124210 scontext=u:r:xsud:s0 tcontext=u:object_r:vendor_sysfs_kgsl_gpuclk:s0 tclass=file permissive=1
[  924.843287] type=1400 audit(1785264172.184:60552): avc:  denied  { read } for  comm="cat" name="min_pwrlevel" dev="sysfs" ino=124218 scontext=u:r:xsud:s0 tcontext=u:object_r:vendor_sysfs_kgsl:s0 tclass=file permissive=1
[  924.843808] type=1400 audit(1785264172.184:60553): avc:  denied  { open } for  comm="cat" path="/sys/devices/platform/soc/3d00000.qcom,kgsl-3d0/kgsl/kgsl-3d0/min_pwrlevel" dev="sysfs" ino=124218 scontext=u:r:xsud:s0 tcontext=u:object_r:vendor_sysfs_kgsl:s0 tclass=file permissive=1
[  924.977444] init: Control message: Could not find 'vendor.qti.diaghal@1.0::Idiag/default' for ctl.interface_start from pid: 754 (/system/bin/hwservicemanager)
[  925.325440] audit: audit_lost=56811 audit_rate_limit=5 audit_backlog_limit=64
[  925.325451] audit: rate limit exceeded
[  925.326132] type=1400 audit(1785264172.668:60554): avc:  denied  { getattr } for  comm="top" path="/proc/905" dev="proc" ino=756356 scontext=u:r:system_app:s0 tcontext=u:r:vendor_hal_keymint_qti:s0 tclass=dir permissive=1
[  925.953751] type=1400 audit(1785264173.296:60563): avc:  denied  { write } for  comm="xsu" name="xsud" dev="tmpfs" ino=1381 scontext=u:r:untrusted_app:s0:c183,c256,c512,c768 tcontext=u:object_r:xsud_socket:s0 tclass=sock_file permissive=1 app=com.kei.pulse
[  925.980621] init: Control message: Could not find 'vendor.qti.diaghal@1.0::Idiag/default' for ctl.interface_start from pid: 754 (/system/bin/hwservicemanager)
[  926.039991] type=1400 audit(1785264173.372:60564): avc:  denied  { search } for  comm="cat" name="battery" dev="sysfs" ino=141568 scontext=u:r:xsud:s0 tcontext=u:object_r:vendor_sysfs_battery_supply:s0 tclass=dir permissive=1
[  926.049238] type=1400 audit(1785264173.388:60565): avc:  denied  { getattr } for  comm="chmod" path="/storage" dev="tmpfs" ino=12 scontext=u:r:xsud:s0 tcontext=u:object_r:mnt_user_file:s0 tclass=dir permissive=1
[  926.050312] type=1400 audit(1785264173.388:60566): avc:  denied  { setattr } for  comm="chmod" name="0" dev="tmpfs" ino=12 scontext=u:r:xsud:s0 tcontext=u:object_r:mnt_user_file:s0 tclass=dir permissive=1
[  926.050710] type=1400 audit(1785264173.388:60567): avc:  denied  { fowner } for  comm="chmod" capability=3  scontext=u:r:xsud:s0 tcontext=u:r:xsud:s0 tclass=capability permissive=1
[  926.334576] audit: audit_lost=56833 audit_rate_limit=5 audit_backlog_limit=64
[  926.334588] audit: rate limit exceeded
[  926.371052] healthd: battery l=73 v=8045 t=35.0 h=2 st=3 c=-363473 fc=4162000 cc=0 chg=a
[  926.515147] BATTERY_CHG: battery_psy_set_online: battery_psy_set_online: set online 1
[  926.533373] BATTERY_CHG: battery_psy_set_online: battery_psy_set_online: set online 1
[  926.984126] init: Control message: Could not find 'vendor.qti.diaghal@1.0::Idiag/default' for ctl.interface_start from pid: 754 (/system/bin/hwservicemanager)
[  927.335900] audit: audit_lost=56992 audit_rate_limit=5 audit_backlog_limit=64
[  927.335913] audit: rate limit exceeded
[  927.994850] init: Control message: Could not find 'vendor.qti.diaghal@1.0::Idiag/default' for ctl.interface_start from pid: 754 (/system/bin/hwservicemanager)
[  928.589402] audit: audit_lost=57060 audit_rate_limit=5 audit_backlog_limit=64
[  928.589414] audit: rate limit exceeded
[  928.996436] init: Control message: Could not find 'vendor.qti.diaghal@1.0::Idiag/default' for ctl.interface_start from pid: 754 (/system/bin/hwservicemanager)
[  929.864208] audit: audit_lost=57087 audit_rate_limit=5 audit_backlog_limit=64
[  929.864238] audit: rate limit exceeded
[  930.000913] init: Control message: Could not find 'vendor.qti.diaghal@1.0::Idiag/default' for ctl.interface_start from pid: 754 (/system/bin/hwservicemanager)
[  931.002657] init: Control message: Could not find 'vendor.qti.diaghal@1.0::Idiag/default' for ctl.interface_start from pid: 754 (/system/bin/hwservicemanager)
[  931.333189] type=1400 audit(1785264178.672:60860): avc:  denied  { getattr } for  comm="top" path="/proc/1473" dev="proc" ino=756372 scontext=u:r:system_app:s0 tcontext=u:r:vendor_qesdsect:s0 tclass=dir permissive=1
[  931.333839] type=1400 audit(1785264178.672:60861): avc:  denied  { search } for  comm="top" name="1473" dev="proc" ino=756372 scontext=u:r:system_app:s0 tcontext=u:r:vendor_qesdsect:s0 tclass=dir permissive=1
[  931.339956] audit: audit_lost=57096 audit_rate_limit=5 audit_backlog_limit=64
[  931.339966] audit: rate limit exceeded
[  931.341049] type=1400 audit(1785264178.684:60862): avc:  denied  { execute } for  comm="DefaultDispatch" name="xsu" dev="dm-11" ino=188 scontext=u:r:untrusted_app:s0:c183,c256,c512,c768 tcontext=u:object_r:xsu_exec:s0 tclass=file permissive=1 app=com.kei.pulse
[  931.341810] type=1400 audit(1785264178.684:60863): avc:  denied  { read open } for  comm="DefaultDispatch" path="/product/bin/xsu" dev="dm-11" ino=188 scontext=u:r:untrusted_app:s0:c183,c256,c512,c768 tcontext=u:object_r:xsu_exec:s0 tclass=file permissive=1 app=com.kei.pulse
[  931.342078] type=1400 audit(1785264178.684:60864): avc:  denied  { execute_no_trans } for  comm="DefaultDispatch" path="/product/bin/xsu" dev="dm-11" ino=188 scontext=u:r:untrusted_app:s0:c183,c256,c512,c768 tcontext=u:object_r:xsu_exec:s0 tclass=file permissive=1 app=com.kei.pulse
[  932.006141] init: Control message: Could not find 'vendor.qti.diaghal@1.0::Idiag/default' for ctl.interface_start from pid: 754 (/system/bin/hwservicemanager)
[  932.332135] type=1400 audit(1785264179.676:60872): avc:  denied  { getattr } for  comm="top" path="/proc/1483" dev="proc" ino=756374 scontext=u:r:system_app:s0 tcontext=u:r:vendor_hal_capabilityconfigstore_qti_default:s0 tclass=dir permissive=1
[  932.334142] type=1400 audit(1785264179.676:60873): avc:  denied  { search } for  comm="top" name="1483" dev="proc" ino=756374 scontext=u:r:system_app:s0 tcontext=u:r:vendor_hal_capabilityconfigstore_qti_default:s0 tclass=dir permissive=1
[  932.334233] type=1400 audit(1785264179.676:60874): avc:  denied  { getattr } for  comm="top" path="/proc/1767" dev="proc" ino=717674 scontext=u:r:system_app:s0 tcontext=u:r:vendor_per_proxy:s0 tclass=dir permissive=1
[  932.334299] type=1400 audit(1785264179.676:60875): avc:  denied  { search } for  comm="top" name="1767" dev="proc" ino=717674 scontext=u:r:system_app:s0 tcontext=u:r:vendor_per_proxy:s0 tclass=dir permissive=1
[  932.792520] audit: audit_lost=57103 audit_rate_limit=5 audit_backlog_limit=64
[  932.792546] audit: rate limit exceeded
[  932.792797] type=1400 audit(1785264180.136:60876): avc:  denied  { read } for  comm="DefaultDispatch" name="pwm1" dev="sysfs" ino=115174 scontext=u:r:system_app:s0 tcontext=u:object_r:sysfs:s0 tclass=file permissive=1
[  933.008075] init: Control message: Could not find 'vendor.qti.diaghal@1.0::Idiag/default' for ctl.interface_start from pid: 754 (/system/bin/hwservicemanager)
[  934.010122] init: Control message: Could not find 'vendor.qti.diaghal@1.0::Idiag/default' for ctl.interface_start from pid: 754 (/system/bin/hwservicemanager)
[  934.994838] audit: audit_lost=57115 audit_rate_limit=5 audit_backlog_limit=64
[  934.994851] audit: rate limit exceeded
[  935.011619] init: Control message: Could not find 'vendor.qti.diaghal@1.0::Idiag/default' for ctl.interface_start from pid: 754 (/system/bin/hwservicemanager)
[  935.015949] [drm:dsi_display_set_mode [msm_drm]] [msm-dsi-info]: mdp_transfer_time=0, hactive=1080, vactive=1920, fps=120, clk_rate=0
[  936.013072] init: Control message: Could not find 'vendor.qti.diaghal@1.0::Idiag/default' for ctl.interface_start from pid: 754 (/system/bin/hwservicemanager)
[  936.304702] audit: audit_lost=57182 audit_rate_limit=5 audit_backlog_limit=64
[  936.304708] audit: rate limit exceeded
[  936.936623] type=1400 audit(1785264184.280:61001): avc:  denied  { read } for  comm="cat" name="min_pwrlevel" dev="sysfs" ino=124218 scontext=u:r:xsud:s0 tcontext=u:object_r:vendor_sysfs_kgsl:s0 tclass=file permissive=1
[  936.936741] type=1400 audit(1785264184.280:61002): avc:  denied  { open } for  comm="cat" path="/sys/devices/platform/soc/3d00000.qcom,kgsl-3d0/kgsl/kgsl-3d0/min_pwrlevel" dev="sysfs" ino=124218 scontext=u:r:xsud:s0 tcontext=u:object_r:vendor_sysfs_kgsl:s0 tclass=file permissive=1
[  936.942245] type=1400 audit(1785264184.284:61003): avc:  denied  { getattr } for  comm="DefaultDispatch" path="/dev/ttyHS5" dev="tmpfs" ino=1195 scontext=u:r:system_app:s0 tcontext=u:object_r:device:s0 tclass=chr_file permissive=1
[  936.956077] type=1400 audit(1785264184.300:61004): avc:  denied  { search } for  comm="cat" name="battery" dev="sysfs" ino=141568 scontext=u:r:xsud:s0 tcontext=u:object_r:vendor_sysfs_battery_supply:s0 tclass=dir permissive=1
[  936.956167] type=1400 audit(1785264184.300:61005): avc:  denied  { read } for  comm="cat" name="online" dev="sysfs" ino=141577 scontext=u:r:xsud:s0 tcontext=u:object_r:vendor_sysfs_battery_supply:s0 tclass=file permissive=1
[  936.962236] servicemanager: Found vendor.qti.hardware.perf2.IPerf/default in device VINTF manifest.
[  936.966930] init: Control message: Could not find 'vendor.qti.diaghal@1.0::Idiag/default' for ctl.interface_start from pid: 754 (/system/bin/hwservicemanager)
[  936.967933] init: Control message: Could not find 'vendor.qti.diaghal@1.0::Idiag/default' for ctl.interface_start from pid: 754 (/system/bin/hwservicemanager)
[  937.470997] audit: audit_lost=57381 audit_rate_limit=5 audit_backlog_limit=64
[  937.471001] audit: rate limit exceeded
[  937.953949] wcd-usbss-i2c-driver 1-000e: wcd_usbss_is_in_reset_state: Surge check #3 failed
[  937.968906] init: Control message: Could not find 'vendor.qti.diaghal@1.0::Idiag/default' for ctl.interface_start from pid: 754 (/system/bin/hwservicemanager)
[  938.101763] type=1400 audit(1785264185.444:61186): avc:  denied  { read } for  comm="cat" name="gpuclk" dev="sysfs" ino=124210 scontext=u:r:xsud:s0 tcontext=u:object_r:vendor_sysfs_kgsl_gpuclk:s0 tclass=file permissive=1
[  938.101886] type=1400 audit(1785264185.444:61187): avc:  denied  { open } for  comm="cat" path="/sys/devices/platform/soc/3d00000.qcom,kgsl-3d0/kgsl/kgsl-3d0/gpuclk" dev="sysfs" ino=124210 scontext=u:r:xsud:s0 tcontext=u:object_r:vendor_sysfs_kgsl_gpuclk:s0 tclass=file permissive=1
[  938.116163] type=1400 audit(1785264185.460:61188): avc:  denied  { read } for  comm="cat" name="min_pwrlevel" dev="sysfs" ino=124218 scontext=u:r:xsud:s0 tcontext=u:object_r:vendor_sysfs_kgsl:s0 tclass=file permissive=1
[  938.116603] type=1400 audit(1785264185.460:61189): avc:  denied  { open } for  comm="cat" path="/sys/devices/platform/soc/3d00000.qcom,kgsl-3d0/kgsl/kgsl-3d0/min_pwrlevel" dev="sysfs" ino=124218 scontext=u:r:xsud:s0 tcontext=u:object_r:vendor_sysfs_kgsl:s0 tclass=file permissive=1
[  938.141073] type=1400 audit(1785264185.484:61190): avc:  denied  { search } for  comm="cat" name="battery" dev="sysfs" ino=141568 scontext=u:r:xsud:s0 tcontext=u:object_r:vendor_sysfs_battery_supply:s0 tclass=dir permissive=1
[  938.500074] audit: audit_lost=57431 audit_rate_limit=5 audit_backlog_limit=64
[  938.500092] audit: rate limit exceeded
[  938.971141] init: Control message: Could not find 'vendor.qti.diaghal@1.0::Idiag/default' for ctl.interface_start from pid: 754 (/system/bin/hwservicemanager)
[  939.519452] audit: audit_lost=57443 audit_rate_limit=5 audit_backlog_limit=64
[  939.519468] audit: rate limit exceeded
[  939.971746] init: Control message: Could not find 'vendor.qti.diaghal@1.0::Idiag/default' for ctl.interface_start from pid: 754 (/system/bin/hwservicemanager)
[  940.199006] [kworke][0x441c762c5][18:43:07.544899] kiwi_v2: [8373:I:PMO] pmo_core_psoc_send_host_wakeup_ind_to_fw: Host wakeup indication sent to fw
[  940.208833] [soft_i][0x441ca43cc][18:43:07.554726] kiwi_v2: [0:I:WMA] WLAN triggered wakeup: BPF_ALLOW (39), vdev: 0 (STA)
[  940.209040] [soft_i][0x441ca5377][18:43:07.554935] kiwi_v2: [0:I:WMA] wma_wake_event_packet: Wake event packet:
[  940.554857] audit: audit_lost=57468 audit_rate_limit=5 audit_backlog_limit=64
[  940.554906] audit: rate limit exceeded
[  940.972766] init: Control message: Could not find 'vendor.qti.diaghal@1.0::Idiag/default' for ctl.interface_start from pid: 754 (/system/bin/hwservicemanager)
[  941.382743] [kworke][0x443222f00][18:43:08.728636] kiwi_v2: [8373:I:PMO] pmo_core_enable_wow_in_fw: drv wow is enabled
[  941.974051] init: Control message: Could not find 'vendor.qti.diaghal@1.0::Idiag/default' for ctl.interface_start from pid: 754 (/system/bin/hwservicemanager)
[  942.976017] init: Control message: Could not find 'vendor.qti.diaghal@1.0::Idiag/default' for ctl.interface_start from pid: 754 (/system/bin/hwservicemanager)
[  943.294266] type=1400 audit(1785264190.636:61298): avc:  denied  { read } for  comm="top" name="pid_max" dev="proc" ino=756353 scontext=u:r:system_app:s0 tcontext=u:object_r:proc_pid_max:s0 tclass=file permissive=1
[  943.294623] type=1400 audit(1785264190.636:61299): avc:  denied  { open } for  comm="top" path="/proc/sys/kernel/pid_max" dev="proc" ino=756353 scontext=u:r:system_app:s0 tcontext=u:object_r:proc_pid_max:s0 tclass=file permissive=1
[  943.295211] type=1400 audit(1785264190.636:61300): avc:  denied  { read } for  comm="top" scontext=u:r:system_app:s0 tcontext=u:r:vendor_hal_sensorscalibrate_qti_default:s0 tclass=file permissive=1
[  943.295277] type=1400 audit(1785264190.636:61301): avc:  denied  { read } for  comm="top" scontext=u:r:system_app:s0 tcontext=u:r:vendor_hal_gatekeeper_qti:s0 tclass=file permissive=1
[  943.295290] type=1400 audit(1785264190.636:61302): avc:  denied  { read } for  comm="top" scontext=u:r:system_app:s0 tcontext=u:r:vendor_trusteduilistener:s0 tclass=file permissive=1
[  943.296638] type=1400 audit(1785264190.640:61303): avc:  denied  { getattr } for  comm="top" path="/proc/1508" dev="proc" ino=756376 scontext=u:r:system_app:s0 tcontext=u:r:vendor_hal_secureprocessor_qti:s0 tclass=dir permissive=1
[  943.296702] type=1400 audit(1785264190.640:61304): avc:  denied  { search } for  comm="top" name="1508" dev="proc" ino=756376 scontext=u:r:system_app:s0 tcontext=u:r:vendor_hal_secureprocessor_qti:s0 tclass=dir permissive=1
[  943.296732] type=1400 audit(1785264190.640:61305): avc:  denied  { open } for  comm="top" path="/proc/1513/stat" dev="proc" ino=756483 scontext=u:r:system_app:s0 tcontext=u:r:vendor_hal_sensorscalibrate_qti_default:s0 tclass=file permissive=1
[  943.297105] type=1400 audit(1785264190.640:61306): avc:  denied  { open } for  comm="top" path="/proc/1814/stat" dev="proc" ino=718182 scontext=u:r:system_app:s0 tcontext=u:r:vendor_hal_gatekeeper_qti:s0 tclass=file permissive=1
[  943.297414] audit: audit_lost=57493 audit_rate_limit=5 audit_backlog_limit=64
[  943.297417] audit: rate limit exceeded
[  943.977434] init: Control message: Could not find 'vendor.qti.diaghal@1.0::Idiag/default' for ctl.interface_start from pid: 754 (/system/bin/hwservicemanager)
[  944.547503] type=1400 audit(1785264191.888:61310): avc:  denied  { read } for  comm="top" scontext=u:r:system_app:s0 tcontext=u:r:vendor_hal_qspa_default:s0 tclass=file permissive=1
[  944.592819] [kworke][0x446cea2a5][18:43:11.938711] kiwi_v2: [8373:I:PMO] pmo_core_psoc_send_host_wakeup_ind_to_fw: Host wakeup indication sent to fw
[  944.602199] [soft_i][0x446d16241][18:43:11.948092] kiwi_v2: [0:I:WMA] WLAN triggered wakeup: BPF_ALLOW (39), vdev: 0 (STA)
[  944.602446] [soft_i][0x446d174f6][18:43:11.948342] kiwi_v2: [0:I:WMA] wma_wake_event_packet: Wake event packet:
[  944.980816] init: Control message: Could not find 'vendor.qti.diaghal@1.0::Idiag/default' for ctl.interface_start from pid: 754 (/system/bin/hwservicemanager)
[  945.220499] audit: audit_lost=57496 audit_rate_limit=5 audit_backlog_limit=64
[  945.220504] audit: rate limit exceeded
[  945.227755] [kworke][0x44788a72b][18:43:12.573651] kiwi_v2: [8373:I:PMO] pmo_core_enable_wow_in_fw: drv wow is enabled
[  945.383077] [kworke][0x447b627fb][18:43:12.728969] kiwi_v2: [2202:I:PMO] pmo_core_psoc_send_host_wakeup_ind_to_fw: Host wakeup indication sent to fw
[  945.983006] init: Control message: Could not find 'vendor.qti.diaghal@1.0::Idiag/default' for ctl.interface_start from pid: 754 (/system/bin/hwservicemanager)
[  946.282821] audit: audit_lost=57510 audit_rate_limit=5 audit_backlog_limit=64
[  946.282831] audit: rate limit exceeded
[  946.881072] [kworke][0x4496d0142][18:43:14.226906] kiwi_v2: [2202:I:PMO] pmo_core_enable_wow_in_fw: drv wow is enabled
[  946.985101] init: Control message: Could not find 'vendor.qti.diaghal@1.0::Idiag/default' for ctl.interface_start from pid: 754 (/system/bin/hwservicemanager)
[  947.298596] audit: audit_lost=57515 audit_rate_limit=5 audit_backlog_limit=64
[  947.298602] audit: rate limit exceeded
[  947.987347] init: Control message: Could not find 'vendor.qti.diaghal@1.0::Idiag/default' for ctl.interface_start from pid: 754 (/system/bin/hwservicemanager)
[  948.678383] type=1400 audit(1785264196.020:61362): avc:  denied  { read } for  comm="sh" name="primary" dev="tmpfs" ino=42 scontext=u:r:xsud:s0 tcontext=u:object_r:mnt_user_file:s0 tclass=lnk_file permissive=1
[  948.990683] init: Control message: Could not find 'vendor.qti.diaghal@1.0::Idiag/default' for ctl.interface_start from pid: 754 (/system/bin/hwservicemanager)
[  949.696944] type=1400 audit(1785264197.040:61363): avc:  denied  { search } for  comm="sh" name="0" dev="tmpfs" ino=12 scontext=u:r:xsud:s0 tcontext=u:object_r:mnt_user_file:s0 tclass=dir permissive=1
[  949.991939] init: Control message: Could not find 'vendor.qti.diaghal@1.0::Idiag/default' for ctl.interface_start from pid: 754 (/system/bin/hwservicemanager)
[  950.992858] init: Control message: Could not find 'vendor.qti.diaghal@1.0::Idiag/default' for ctl.interface_start from pid: 754 (/system/bin/hwservicemanager)
[  951.997683] init: Control message: Could not find 'vendor.qti.diaghal@1.0::Idiag/default' for ctl.interface_start from pid: 754 (/system/bin/hwservicemanager)
[  952.998683] init: Control message: Could not find 'vendor.qti.diaghal@1.0::Idiag/default' for ctl.interface_start from pid: 754 (/system/bin/hwservicemanager)
[  953.061423] wcd-usbss-i2c-driver 1-000e: wcd_usbss_is_in_reset_state: Surge check #3 failed
[  953.547374] type=1400 audit(1785264200.888:61364): avc:  denied  { read } for  comm="top" scontext=u:r:system_app:s0 tcontext=u:r:vendor_hal_usb_qti:s0 tclass=file permissive=1
[  953.548552] type=1400 audit(1785264200.892:61365): avc:  denied  { open } for  comm="top" path="/proc/1447/stat" dev="proc" ino=756431 scontext=u:r:system_app:s0 tcontext=u:r:vendor_hal_usb_qti:s0 tclass=file permissive=1
[  954.000112] init: Control message: Could not find 'vendor.qti.diaghal@1.0::Idiag/default' for ctl.interface_start from pid: 754 (/system/bin/hwservicemanager)
[  954.760254] type=1400 audit(1785264202.104:61366): avc:  denied  { syslog_read } for  comm="dmesg" scontext=u:r:xsud:s0 tcontext=u:r:kernel:s0 tclass=system permissive=1
[  954.760762] type=1400 audit(1785264202.104:61367): avc:  denied  { syslog_mod } for  comm="dmesg" scontext=u:r:xsud:s0 tcontext=u:r:kernel:s0 tclass=system permissive=1
[  955.001488] init: Control message: Could not find 'vendor.qti.diaghal@1.0::Idiag/default' for ctl.interface_start from pid: 754 (/system/bin/hwservicemanager)
[  955.285602] type=1400 audit(1785264202.628:61368): avc:  denied  { read } for  comm="top" scontext=u:r:system_app:s0 tcontext=u:r:hal_power_default:s0 tclass=file permissive=1
[  955.286850] audit: audit_lost=57533 audit_rate_limit=5 audit_backlog_limit=64
[  955.286852] audit: rate limit exceeded
[  955.286992] type=1400 audit(1785264202.628:61369): avc:  denied  { read } for  comm="top" scontext=u:r:system_app:s0 tcontext=u:r:vendor_qwesd:s0 tclass=file permissive=1
[  955.287369] type=1400 audit(1785264202.628:61370): avc:  denied  { getattr } for  comm="top" path="/proc/1386" dev="proc" ino=756363 scontext=u:r:system_app:s0 tcontext=u:r:hal_ir_default:s0 tclass=dir permissive=1
[  955.287653] type=1400 audit(1785264202.628:61371): avc:  denied  { search } for  comm="top" name="1386" dev="proc" ino=756363 scontext=u:r:system_app:s0 tcontext=u:r:hal_ir_default:s0 tclass=dir permissive=1
[  955.890255] type=1400 audit(1785264203.232:61379): avc:  denied  { read } for  comm="cat" name="min_pwrlevel" dev="sysfs" ino=124218 scontext=u:r:xsud:s0 tcontext=u:object_r:vendor_sysfs_kgsl:s0 tclass=file permissive=1
[  955.890501] type=1400 audit(1785264203.232:61380): avc:  denied  { open } for  comm="cat" path="/sys/devices/platform/soc/3d00000.qcom,kgsl-3d0/kgsl/kgsl-3d0/min_pwrlevel" dev="sysfs" ino=124218 scontext=u:r:xsud:s0 tcontext=u:object_r:vendor_sysfs_kgsl:s0 tclass=file permissive=1
[  956.002244] init: Control message: Could not find 'vendor.qti.diaghal@1.0::Idiag/default' for ctl.interface_start from pid: 754 (/system/bin/hwservicemanager)
[  957.012562] init: Control message: Could not find 'vendor.qti.diaghal@1.0::Idiag/default' for ctl.interface_start from pid: 754 (/system/bin/hwservicemanager)
[  957.049156] type=1400 audit(1785264204.392:61381): avc:  denied  { getattr } for  comm="DefaultDispatch" path="/dev/ttyHS5" dev="tmpfs" ino=1195 scontext=u:r:system_app:s0 tcontext=u:object_r:device:s0 tclass=chr_file permissive=1
[  957.065899] servicemanager: Found vendor.qti.hardware.perf2.IPerf/default in device VINTF manifest.
[  957.073888] init: Control message: Could not find 'vendor.qti.diaghal@1.0::Idiag/default' for ctl.interface_start from pid: 754 (/system/bin/hwservicemanager)
[  957.074047] init: Control message: Could not find 'vendor.qti.diaghal@1.0::Idiag/default' for ctl.interface_start from pid: 754 (/system/bin/hwservicemanager)
[  957.077215] type=1400 audit(1785264204.420:61382): avc:  denied  { read } for  comm="cat" name="gpuclk" dev="sysfs" ino=124210 scontext=u:r:xsud:s0 tcontext=u:object_r:vendor_sysfs_kgsl_gpuclk:s0 tclass=file permissive=1
[  957.123974] audit: audit_lost=57540 audit_rate_limit=5 audit_backlog_limit=64
[  957.123986] audit: rate limit exceeded
[  958.075861] init: Control message: Could not find 'vendor.qti.diaghal@1.0::Idiag/default' for ctl.interface_start from pid: 754 (/system/bin/hwservicemanager)
[  958.286790] audit: audit_lost=57719 audit_rate_limit=5 audit_backlog_limit=64
[  958.286795] audit: rate limit exceeded
[  959.077045] init: Control message: Could not find 'vendor.qti.diaghal@1.0::Idiag/default' for ctl.interface_start from pid: 754 (/system/bin/hwservicemanager)
[  960.079176] init: Control message: Could not find 'vendor.qti.diaghal@1.0::Idiag/default' for ctl.interface_start from pid: 754 (/system/bin/hwservicemanager)
[  960.286526] type=1400 audit(1785264207.628:61589): avc:  denied  { read } for  comm="top" scontext=u:r:system_app:s0 tcontext=u:r:vendor_hal_usb_qti:s0 tclass=file permissive=1
[  960.286997] type=1400 audit(1785264207.628:61590): avc:  denied  { read } for  comm="top" scontext=u:r:system_app:s0 tcontext=u:r:vendor_perf_qesdk:s0 tclass=file permissive=1
[  960.287604] type=1400 audit(1785264207.632:61591): avc:  denied  { getattr } for  comm="top" path="/proc/1380" dev="proc" ino=756362 scontext=u:r:system_app:s0 tcontext=u:r:vendor_hal_identity_qti:s0 tclass=dir permissive=1
[  960.287789] type=1400 audit(1785264207.632:61592): avc:  denied  { search } for  comm="top" name="1380" dev="proc" ino=756362 scontext=u:r:system_app:s0 tcontext=u:r:vendor_hal_identity_qti:s0 tclass=dir permissive=1
[  960.287971] type=1400 audit(1785264207.632:61593): avc:  denied  { open } for  comm="top" path="/proc/1447/stat" dev="proc" ino=756431 scontext=u:r:system_app:s0 tcontext=u:r:vendor_hal_usb_qti:s0 tclass=file permissive=1
[  960.289011] audit: audit_lost=57735 audit_rate_limit=5 audit_backlog_limit=64
[  960.289014] audit: rate limit exceeded
[  961.080983] init: Control message: Could not find 'vendor.qti.diaghal@1.0::Idiag/default' for ctl.interface_start from pid: 754 (/system/bin/hwservicemanager)
[  961.539331] type=1400 audit(1785264208.880:61624): avc:  denied  { read } for  comm="top" scontext=u:r:system_app:s0 tcontext=u:r:hal_fingerprint_default:s0 tclass=file permissive=1
[  961.540525] type=1400 audit(1785264208.880:61625): avc:  denied  { read } for  comm="top" scontext=u:r:system_app:s0 tcontext=u:r:vendor_hal_capabilityconfigstore_qti_default:s0 tclass=file permissive=1
[  961.540620] type=1400 audit(1785264208.884:61626): avc:  denied  { getattr } for  comm="top" path="/proc/1073" dev="proc" ino=756360 scontext=u:r:system_app:s0 tcontext=u:r:vendor_hal_keymint_spu_qti:s0 tclass=dir permissive=1
[  961.540675] type=1400 audit(1785264208.884:61627): avc:  denied  { search } for  comm="top" name="1073" dev="proc" ino=756360 scontext=u:r:system_app:s0 tcontext=u:r:vendor_hal_keymint_spu_qti:s0 tclass=dir permissive=1
[  961.541825] audit: audit_lost=57765 audit_rate_limit=5 audit_backlog_limit=64
[  961.541830] audit: rate limit exceeded
[  961.542011] type=1400 audit(1785264208.884:61628): avc:  denied  { open } for  comm="top" path="/proc/1479/stat" dev="proc" ino=756463 scontext=u:r:system_app:s0 tcontext=u:r:hal_fingerprint_default:s0 tclass=file permissive=1
[  962.083375] init: Control message: Could not find 'vendor.qti.diaghal@1.0::Idiag/default' for ctl.interface_start from pid: 754 (/system/bin/hwservicemanager)
[  963.084375] init: Control message: Could not find 'vendor.qti.diaghal@1.0::Idiag/default' for ctl.interface_start from pid: 754 (/system/bin/hwservicemanager)
[  963.288755] audit: audit_lost=57783 audit_rate_limit=5 audit_backlog_limit=64
[  963.288760] audit: rate limit exceeded
[  964.085358] init: Control message: Could not find 'vendor.qti.diaghal@1.0::Idiag/default' for ctl.interface_start from pid: 754 (/system/bin/hwservicemanager)
[  965.086861] init: Control message: Could not find 'vendor.qti.diaghal@1.0::Idiag/default' for ctl.interface_start from pid: 754 (/system/bin/hwservicemanager)
[  966.088144] init: Control message: Could not find 'vendor.qti.diaghal@1.0::Idiag/default' for ctl.interface_start from pid: 754 (/system/bin/hwservicemanager)
[  966.537604] type=1400 audit(1785264213.880:61661): avc:  denied  { read } for  comm="top" scontext=u:r:system_app:s0 tcontext=u:r:vendor_feature_enabler_client:s0 tclass=file permissive=1
[  966.537941] type=1400 audit(1785264213.880:61662): avc:  denied  { getattr } for  comm="top" path="/proc/752" dev="proc" ino=756354 scontext=u:r:system_app:s0 tcontext=u:r:servicemanager:s0 tclass=dir permissive=1
[  966.538019] type=1400 audit(1785264213.880:61663): avc:  denied  { search } for  comm="top" name="752" dev="proc" ino=756354 scontext=u:r:system_app:s0 tcontext=u:r:servicemanager:s0 tclass=dir permissive=1
[  966.538260] type=1400 audit(1785264213.880:61664): avc:  denied  { getattr } for  comm="top" path="/proc/1067" dev="proc" ino=756358 scontext=u:r:system_app:s0 tcontext=u:r:vendor_spdaemon:s0 tclass=dir permissive=1
[  966.538302] audit: audit_lost=57792 audit_rate_limit=5 audit_backlog_limit=64
[  966.538305] audit: rate limit exceeded
[  966.538339] type=1400 audit(1785264213.880:61665): avc:  denied  { search } for  comm="top" name="1067" dev="proc" ino=756358 scontext=u:r:system_app:s0 tcontext=u:r:vendor_spdaemon:s0 tclass=dir permissive=1
[  967.090357] init: Control message: Could not find 'vendor.qti.diaghal@1.0::Idiag/default' for ctl.interface_start from pid: 754 (/system/bin/hwservicemanager)
[  967.895335] type=1400 audit(1785264215.236:61697): avc:  denied  { read } for  comm="dmesg" name="kmsg" dev="tmpfs" ino=5 scontext=u:r:xsud:s0 tcontext=u:object_r:kmsg_device:s0 tclass=chr_file permissive=1
[  967.895906] type=1400 audit(1785264215.236:61698): avc:  denied  { open } for  comm="dmesg" path="/dev/kmsg" dev="tmpfs" ino=5 scontext=u:r:xsud:s0 tcontext=u:object_r:kmsg_device:s0 tclass=chr_file permissive=1
[  968.091980] init: Control message: Could not find 'vendor.qti.diaghal@1.0::Idiag/default' for ctl.interface_start from pid: 754 (/system/bin/hwservicemanager)
[  968.162037] wcd-usbss-i2c-driver 1-000e: wcd_usbss_is_in_reset_state: Surge check #3 failed
[  968.214753] audit: audit_lost=57823 audit_rate_limit=5 audit_backlog_limit=64
[  968.214758] audit: rate limit exceeded
[  968.215156] type=1400 audit(1785264215.556:61699): avc:  denied  { execute } for  comm="DefaultDispatch" name="xsu" dev="dm-11" ino=188 scontext=u:r:untrusted_app:s0:c183,c256,c512,c768 tcontext=u:object_r:xsu_exec:s0 tclass=file permissive=1 app=com.kei.pulse
[  968.216416] type=1400 audit(1785264215.556:61700): avc:  denied  { read open } for  comm="DefaultDispatch" path="/product/bin/xsu" dev="dm-11" ino=188 scontext=u:r:untrusted_app:s0:c183,c256,c512,c768 tcontext=u:object_r:xsu_exec:s0 tclass=file permissive=1 app=com.kei.pulse
[  968.216613] type=1400 audit(1785264215.556:61701): avc:  denied  { execute_no_trans } for  comm="DefaultDispatch" path="/product/bin/xsu" dev="dm-11" ino=188 scontext=u:r:untrusted_app:s0:c183,c256,c512,c768 tcontext=u:object_r:xsu_exec:s0 tclass=file permissive=1 app=com.kei.pulse
[  969.094448] init: Control message: Could not find 'vendor.qti.diaghal@1.0::Idiag/default' for ctl.interface_start from pid: 754 (/system/bin/hwservicemanager)
[  969.267381] audit: audit_lost=57903 audit_rate_limit=5 audit_backlog_limit=64
[  969.267462] audit: rate limit exceeded
[  970.094960] init: Control message: Could not find 'vendor.qti.diaghal@1.0::Idiag/default' for ctl.interface_start from pid: 754 (/system/bin/hwservicemanager)
[  970.272885] audit: audit_lost=58017 audit_rate_limit=5 audit_backlog_limit=64
[  970.272890] audit: rate limit exceeded
[  971.098462] init: Control message: Could not find 'vendor.qti.diaghal@1.0::Idiag/default' for ctl.interface_start from pid: 754 (/system/bin/hwservicemanager)
[  971.275580] audit: audit_lost=58045 audit_rate_limit=5 audit_backlog_limit=64
[  971.275584] audit: rate limit exceeded
[  971.787987] adsp_sleepmon: Audio: num_sessions=1,num_lpi_sessions=0,timer_pending=0
[  971.813448] swr-mgr wsa2_swr_ctrl: swr_mstr_interrupt: SWR CMD Ignored, fifo status 0x40000000
[  971.817878] swr-mgr wsa2_swr_ctrl: swr_mstr_interrupt: SWR CMD Ignored, fifo status 0x40000006
[  971.821728] swr-mgr wsa2_swr_ctrl: swr_mstr_interrupt: SWR CMD Ignored, fifo status 0x40000008
[  971.825772] swr-mgr wsa2_swr_ctrl: swr_mstr_interrupt: SWR CMD Ignored, fifo status 0x40002106
[  971.830193] swr-mgr wsa2_swr_ctrl: swr_mstr_interrupt: SWR CMD Ignored, fifo status 0x4000200d
[  971.834035] swr-mgr wsa2_swr_ctrl: swr_mstr_interrupt: SWR CMD Ignored, fifo status 0x40002000
[  972.101966] init: Control message: Could not find 'vendor.qti.diaghal@1.0::Idiag/default' for ctl.interface_start from pid: 754 (/system/bin/hwservicemanager)
[  972.525363] type=1400 audit(1785264219.868:61979): avc:  denied  { read } for  comm="top" scontext=u:r:system_app:s0 tcontext=u:r:hal_ir_default:s0 tclass=file permissive=1
[  972.525846] type=1400 audit(1785264219.868:61980): avc:  denied  { read } for  comm="top" scontext=u:r:system_app:s0 tcontext=u:r:vendor_qspmsvc:s0 tclass=file permissive=1
[  972.526094] type=1400 audit(1785264219.868:61981): avc:  denied  { open } for  comm="top" path="/proc/1386/stat" dev="proc" ino=756423 scontext=u:r:system_app:s0 tcontext=u:r:hal_ir_default:s0 tclass=file permissive=1
[  972.526281] type=1400 audit(1785264219.868:61982): avc:  denied  { getattr } for  comm="top" path="/proc/1417" dev="proc" ino=756364 scontext=u:r:system_app:s0 tcontext=u:r:hal_power_default:s0 tclass=dir permissive=1
[  972.526458] type=1400 audit(1785264219.868:61983): avc:  denied  { search } for  comm="top" name="1417" dev="proc" ino=756364 scontext=u:r:system_app:s0 tcontext=u:r:hal_power_default:s0 tclass=dir permissive=1
[  972.527130] audit: audit_lost=58085 audit_rate_limit=5 audit_backlog_limit=64
[  972.527133] audit: rate limit exceeded
[  973.103054] init: Control message: Could not find 'vendor.qti.diaghal@1.0::Idiag/default' for ctl.interface_start from pid: 754 (/system/bin/hwservicemanager)
[  973.394668] servicemanager: Found vendor.qti.qspmhal.IQspmhal/default in device VINTF manifest.
[  973.527841] audit: audit_lost=58971 audit_rate_limit=5 audit_backlog_limit=64
[  973.527883] audit: rate limit exceeded
[  973.528173] type=1400 audit(1785264220.872:62870): avc:  denied  { getattr } for  comm="top" path="/proc/752" dev="proc" ino=756354 scontext=u:r:system_app:s0 tcontext=u:r:servicemanager:s0 tclass=dir permissive=1
[  973.528343] type=1400 audit(1785264220.872:62871): avc:  denied  { search } for  comm="top" name="752" dev="proc" ino=756354 scontext=u:r:system_app:s0 tcontext=u:r:servicemanager:s0 tclass=dir permissive=1
[  973.528542] type=1400 audit(1785264220.872:62872): avc:  denied  { open } for  comm="top" path="/proc/752/stat" dev="proc" ino=756384 scontext=u:r:system_app:s0 tcontext=u:r:servicemanager:s0 tclass=file permissive=1
[  973.528620] type=1400 audit(1785264220.872:62873): avc:  denied  { getattr } for  comm="top" path="/proc/754" dev="proc" ino=764899 scontext=u:r:system_app:s0 tcontext=u:r:hwservicemanager:s0 tclass=dir permissive=1
[  973.528745] type=1400 audit(1785264220.872:62874): avc:  denied  { search } for  comm="top" name="754" dev="proc" ino=764899 scontext=u:r:system_app:s0 tcontext=u:r:hwservicemanager:s0 tclass=dir permissive=1
[  973.594910] [kworke][0x467ff57fd][18:43:40.940809] kiwi_v2: [63:I:PMO] pmo_core_psoc_send_host_wakeup_ind_to_fw: Host wakeup indication sent to fw
[  973.625531] servicemanager: Found android.hardware.graphics.allocator.IAllocator/default in device VINTF manifest.
[  973.628648] servicemanager: Found android.hardware.graphics.allocator.IAllocator/default in device VINTF manifest.
[  974.105530] init: Control message: Could not find 'vendor.qti.diaghal@1.0::Idiag/default' for ctl.interface_start from pid: 754 (/system/bin/hwservicemanager)
[  974.556607] audit: audit_lost=59293 audit_rate_limit=5 audit_backlog_limit=64
[  974.556612] audit: rate limit exceeded
[  974.688288] [drm:dsi_display_set_mode [msm_drm]] [msm-dsi-info]: mdp_transfer_time=0, hactive=1080, vactive=1920, fps=90, clk_rate=0
[  975.106332] init: Control message: Could not find 'vendor.qti.diaghal@1.0::Idiag/default' for ctl.interface_start from pid: 754 (/system/bin/hwservicemanager)
[  975.577201] audit: audit_lost=59445 audit_rate_limit=5 audit_backlog_limit=64
[  975.577206] audit: rate limit exceeded
[  976.108215] init: Control message: Could not find 'vendor.qti.diaghal@1.0::Idiag/default' for ctl.interface_start from pid: 754 (/system/bin/hwservicemanager)
[  977.136974] servicemanager: Found vendor.qti.hardware.perf2.IPerf/default in device VINTF manifest.
[  977.142328] init: Control message: Could not find 'vendor.qti.diaghal@1.0::Idiag/default' for ctl.interface_start from pid: 754 (/system/bin/hwservicemanager)
[  977.142817] init: Control message: Could not find 'vendor.qti.diaghal@1.0::Idiag/default' for ctl.interface_start from pid: 754 (/system/bin/hwservicemanager)
[  977.205825] audit: audit_lost=59487 audit_rate_limit=5 audit_backlog_limit=64
[  977.205836] audit: rate limit exceeded
[  977.260506] [kworke][0x46c313f52][18:43:44.606400] kiwi_v2: [2202:I:PMO] pmo_core_enable_wow_in_fw: drv wow is enabled
[  978.143616] init: Control message: Could not find 'vendor.qti.diaghal@1.0::Idiag/default' for ctl.interface_start from pid: 754 (/system/bin/hwservicemanager)
[  978.270306] type=1400 audit(1785264225.612:63626): avc:  denied  { read } for  comm="top" name="pid_max" dev="proc" ino=756353 scontext=u:r:system_app:s0 tcontext=u:object_r:proc_pid_max:s0 tclass=file permissive=1
[  978.270433] type=1400 audit(1785264225.612:63627): avc:  denied  { open } for  comm="top" path="/proc/sys/kernel/pid_max" dev="proc" ino=756353 scontext=u:r:system_app:s0 tcontext=u:object_r:proc_pid_max:s0 tclass=file permissive=1
[  978.271071] audit: audit_lost=59707 audit_rate_limit=5 audit_backlog_limit=64
[  978.271074] audit: rate limit exceeded
[  978.271088] type=1400 audit(1785264225.612:63628): avc:  denied  { read } for  comm="top" scontext=u:r:system_app:s0 tcontext=u:r:vendor_hal_identity_qti:s0 tclass=file permissive=1
[  978.271374] type=1400 audit(1785264225.612:63629): avc:  denied  { read } for  comm="top" scontext=u:r:system_app:s0 tcontext=u:r:hal_ir_default:s0 tclass=file permissive=1
[  978.271876] type=1400 audit(1785264225.612:63630): avc:  denied  { read } for  comm="top" scontext=u:r:system_app:s0 tcontext=u:r:vendor_hal_qspmhal_default:s0 tclass=file permissive=1
[  979.147220] init: Control message: Could not find 'vendor.qti.diaghal@1.0::Idiag/default' for ctl.interface_start from pid: 754 (/system/bin/hwservicemanager)
[  979.272459] type=1400 audit(1785264226.616:63673): avc:  denied  { getattr } for  comm="top" path="/proc/1548" dev="proc" ino=756383 scontext=u:r:system_app:s0 tcontext=u:r:vendor_hal_qspmhal_default:s0 tclass=dir permissive=1
[  979.272639] type=1400 audit(1785264226.616:63674): avc:  denied  { search } for  comm="top" name="1548" dev="proc" ino=756383 scontext=u:r:system_app:s0 tcontext=u:r:vendor_hal_qspmhal_default:s0 tclass=dir permissive=1
[  979.272678] audit: audit_lost=59749 audit_rate_limit=5 audit_backlog_limit=64
[  979.272681] audit: rate limit exceeded
[  979.273428] type=1400 audit(1785264226.616:63675): avc:  denied  { open } for  comm="top" path="/proc/1641/stat" dev="proc" ino=718170 scontext=u:r:system_app:s0 tcontext=u:r:vendor_qwesd:s0 tclass=file permissive=1
[  979.273544] type=1400 audit(1785264226.616:63676): avc:  denied  { open } for  comm="top" path="/proc/1879/stat" dev="proc" ino=718198 scontext=u:r:system_app:s0 tcontext=u:r:vendor_perf_qesdk:s0 tclass=file permissive=1
[  979.273596] type=1400 audit(1785264226.616:63677): avc:  denied  { getattr } for  comm="top" path="/proc/3431" dev="proc" ino=717687 scontext=u:r:system_app:s0 tcontext=u:r:vendor_qspmsvc:s0 tclass=dir permissive=1
[  980.146929] init: Control message: Could not find 'vendor.qti.diaghal@1.0::Idiag/default' for ctl.interface_start from pid: 754 (/system/bin/hwservicemanager)
[  980.511439] audit: audit_lost=59784 audit_rate_limit=5 audit_backlog_limit=64
[  980.511444] audit: rate limit exceeded
[  981.148261] init: Control message: Could not find 'vendor.qti.diaghal@1.0::Idiag/default' for ctl.interface_start from pid: 754 (/system/bin/hwservicemanager)
[  981.537321] audit: audit_lost=59843 audit_rate_limit=5 audit_backlog_limit=64
[  981.537326] audit: rate limit exceeded
[  982.149858] init: Control message: Could not find 'vendor.qti.diaghal@1.0::Idiag/default' for ctl.interface_start from pid: 754 (/system/bin/hwservicemanager)
[  982.913363] audit: audit_lost=59876 audit_rate_limit=5 audit_backlog_limit=64
[  982.913370] audit: rate limit exceeded
[  983.151150] init: Control message: Could not find 'vendor.qti.diaghal@1.0::Idiag/default' for ctl.interface_start from pid: 754 (/system/bin/hwservicemanager)
[  983.267120] wcd-usbss-i2c-driver 1-000e: wcd_usbss_is_in_reset_state: Surge check #3 failed
[  983.826120] [kworke][0x473b4c46b][18:43:51.172015] kiwi_v2: [8373:I:PMO] pmo_core_psoc_send_host_wakeup_ind_to_fw: Host wakeup indication sent to fw
[  983.835307] [soft_i][0x473b77593][18:43:51.181204] kiwi_v2: [0:I:WMA] WLAN triggered wakeup: BPF_ALLOW (39), vdev: 0 (STA)
[  983.835435] [soft_i][0x473b77f55][18:43:51.181333] kiwi_v2: [0:I:WMA] wma_wake_event_packet: Wake event packet:
[  984.156420] init: Control message: Could not find 'vendor.qti.diaghal@1.0::Idiag/default' for ctl.interface_start from pid: 754 (/system/bin/hwservicemanager)
[  984.260534] type=1400 audit(1785264231.600:63837): avc:  denied  { read } for  comm="Performance-Tim" name="pwm1" dev="sysfs" ino=115174 scontext=u:r:system_app:s0 tcontext=u:object_r:sysfs:s0 tclass=file permissive=1
[  984.260843] type=1400 audit(1785264231.600:63838): avc:  denied  { open } for  comm="Performance-Tim" path="/sys/devices/platform/soc/soc:pwm-fan/hwmon/hwmon0/pwm1" dev="sysfs" ino=115174 scontext=u:r:system_app:s0 tcontext=u:object_r:sysfs:s0 tclass=file permissive=1
[  984.261321] type=1400 audit(1785264231.600:63839): avc:  denied  { getattr } for  comm="Performance-Tim" path="/sys/devices/platform/soc/soc:pwm-fan/hwmon/hwmon0/pwm1" dev="sysfs" ino=115174 scontext=u:r:system_app:s0 tcontext=u:object_r:sysfs:s0 tclass=file permissive=1
[  984.291330] type=1400 audit(1785264231.632:63840): avc:  denied  { read } for  comm="top" scontext=u:r:system_app:s0 tcontext=u:r:vendor_hal_qseecom_default:s0 tclass=file permissive=1
[  984.294045] type=1400 audit(1785264231.636:63841): avc:  denied  { open } for  comm="top" path="/proc/907/stat" dev="proc" ino=756399 scontext=u:r:system_app:s0 tcontext=u:r:vendor_hal_qseecom_default:s0 tclass=file permissive=1
[  984.298137] audit: audit_lost=59893 audit_rate_limit=5 audit_backlog_limit=64
[  984.298146] audit: rate limit exceeded
[  984.460951] [kworke][0x4746ec079][18:43:51.806842] kiwi_v2: [8373:I:PMO] pmo_core_enable_wow_in_fw: drv wow is enabled
[  984.654879] [drm:dsi_display_set_mode [msm_drm]] [msm-dsi-info]: mdp_transfer_time=0, hactive=1080, vactive=1920, fps=60, clk_rate=0
[  985.159849] init: Control message: Could not find 'vendor.qti.diaghal@1.0::Idiag/default' for ctl.interface_start from pid: 754 (/system/bin/hwservicemanager)
[  985.294001] type=1400 audit(1785264232.632:63855): avc:  denied  { read } for  comm="top" scontext=u:r:system_app:s0 tcontext=u:r:vendor_hal_identity_qti:s0 tclass=file permissive=1
[  985.294283] type=1400 audit(1785264232.632:63856): avc:  denied  { read } for  comm="top" scontext=u:r:system_app:s0 tcontext=u:r:hal_ir_default:s0 tclass=file permissive=1
[  985.294404] type=1400 audit(1785264232.632:63857): avc:  denied  { read } for  comm="top" scontext=u:r:system_app:s0 tcontext=u:r:hal_power_default:s0 tclass=file permissive=1
[  985.294521] type=1400 audit(1785264232.632:63858): avc:  denied  { read } for  comm="top" scontext=u:r:system_app:s0 tcontext=u:r:vendor_hal_qspmhal_default:s0 tclass=file permissive=1
[  985.294637] type=1400 audit(1785264232.632:63859): avc:  denied  { read } for  comm="top" scontext=u:r:system_app:s0 tcontext=u:r:hal_tsnv_default:s0 tclass=file permissive=1
[  985.301694] audit: audit_lost=59926 audit_rate_limit=5 audit_backlog_limit=64
[  985.301703] audit: rate limit exceeded
[  986.161704] init: Control message: Could not find 'vendor.qti.diaghal@1.0::Idiag/default' for ctl.interface_start from pid: 754 (/system/bin/hwservicemanager)
[  986.269691] healthd: battery l=73 v=8051 t=35.0 h=2 st=3 c=-311287 fc=4162000 cc=0 chg=a
[  986.351059] audit: audit_lost=59980 audit_rate_limit=5 audit_backlog_limit=64
[  986.351070] audit: rate limit exceeded
[  986.351118] BATTERY_CHG: battery_psy_set_online: battery_psy_set_online: set online 1
[  987.173367] init: Control message: Could not find 'vendor.qti.diaghal@1.0::Idiag/default' for ctl.interface_start from pid: 754 (/system/bin/hwservicemanager)
[  987.544085] audit: audit_lost=60022 audit_rate_limit=5 audit_backlog_limit=64
[  987.544096] audit: rate limit exceeded
[  988.174982] init: Control message: Could not find 'vendor.qti.diaghal@1.0::Idiag/default' for ctl.interface_start from pid: 754 (/system/bin/hwservicemanager)
[  989.175635] init: Control message: Could not find 'vendor.qti.diaghal@1.0::Idiag/default' for ctl.interface_start from pid: 754 (/system/bin/hwservicemanager)
[  989.256706] audit: audit_lost=60067 audit_rate_limit=5 audit_backlog_limit=64
[  989.256724] audit: rate limit exceeded
[  990.176975] init: Control message: Could not find 'vendor.qti.diaghal@1.0::Idiag/default' for ctl.interface_start from pid: 754 (/system/bin/hwservicemanager)
[  990.292664] type=1400 audit(1785264237.636:64064): avc:  denied  { read } for  comm="top" scontext=u:r:system_app:s0 tcontext=u:r:vendor_hal_qspmhal_default:s0 tclass=file permissive=1
[  990.293449] type=1400 audit(1785264237.636:64065): avc:  denied  { read } for  comm="top" scontext=u:r:system_app:s0 tcontext=u:r:vendor_qspmsvc:s0 tclass=file permissive=1
[  990.296445] type=1400 audit(1785264237.640:64066): avc:  denied  { getattr } for  comm="top" path="/proc/1466" dev="proc" ino=756370 scontext=u:r:system_app:s0 tcontext=u:r:vendor_hal_poweroptservice_qti:s0 tclass=dir permissive=1
[  990.296742] type=1400 audit(1785264237.640:64067): avc:  denied  { search } for  comm="top" name="1466" dev="proc" ino=756370 scontext=u:r:system_app:s0 tcontext=u:r:vendor_hal_poweroptservice_qti:s0 tclass=dir permissive=1
[  990.298516] type=1400 audit(1785264237.640:64068): avc:  denied  { open } for  comm="top" path="/proc/1548/stat" dev="proc" ino=756503 scontext=u:r:system_app:s0 tcontext=u:r:vendor_hal_qspmhal_default:s0 tclass=file permissive=1
[  990.298740] audit: audit_lost=60095 audit_rate_limit=5 audit_backlog_limit=64
[  990.298750] audit: rate limit exceeded
[  991.181736] init: Control message: Could not find 'vendor.qti.diaghal@1.0::Idiag/default' for ctl.interface_start from pid: 754 (/system/bin/hwservicemanager)
[  991.589088] type=1400 audit(1785264238.928:64083): avc:  denied  { write } for  comm="Thread-6776" name="pulse_fifo_in" dev="dm-53" ino=332444 scontext=u:r:untrusted_app:s0:c183,c256,c512,c768 tcontext=u:object_r:app_data_file:s0 tclass=fifo_file permissive=1 app=com.kei.pulse
[  992.185269] init: Control message: Could not find 'vendor.qti.diaghal@1.0::Idiag/default' for ctl.interface_start from pid: 754 (/system/bin/hwservicemanager)
[  992.289110] type=1400 audit(1785264239.628:64084): avc:  denied  { getattr } for  comm="top" path="/proc/1447" dev="proc" ino=756365 scontext=u:r:system_app:s0 tcontext=u:r:vendor_hal_usb_qti:s0 tclass=dir permissive=1
[  992.289798] type=1400 audit(1785264239.628:64085): avc:  denied  { search } for  comm="top" name="1447" dev="proc" ino=756365 scontext=u:r:system_app:s0 tcontext=u:r:vendor_hal_usb_qti:s0 tclass=dir permissive=1
[  992.708522] type=1400 audit(1785264240.052:64086): avc:  denied  { search } for  comm="sh" name="0" dev="tmpfs" ino=12 scontext=u:r:xsud:s0 tcontext=u:object_r:mnt_user_file:s0 tclass=dir permissive=1
[  993.026984] type=1400 audit(1785264240.368:64087): avc:  denied  { setattr } for  comm="chmod" name="scaling_max_freq" dev="sysfs" ino=75043 scontext=u:r:xsud:s0 tcontext=u:object_r:sysfs_devices_system_cpu:s0 tclass=file permissive=1
[  993.189011] init: Control message: Could not find 'vendor.qti.diaghal@1.0::Idiag/default' for ctl.interface_start from pid: 754 (/system/bin/hwservicemanager)
[  994.188952] init: Control message: Could not find 'vendor.qti.diaghal@1.0::Idiag/default' for ctl.interface_start from pid: 754 (/system/bin/hwservicemanager)
[  994.277669] audit: audit_lost=60109 audit_rate_limit=5 audit_backlog_limit=64
[  994.277677] audit: rate limit exceeded
[  994.909383] [kworke][0x48063d13c][18:44:02.255279] kiwi_v2: [859:I:PMO] pmo_core_psoc_send_host_wakeup_ind_to_fw: Host wakeup indication sent to fw
[  995.191760] init: Control message: Could not find 'vendor.qti.diaghal@1.0::Idiag/default' for ctl.interface_start from pid: 754 (/system/bin/hwservicemanager)
[  995.283908] audit: audit_lost=60120 audit_rate_limit=5 audit_backlog_limit=64
[  995.283919] audit: rate limit exceeded
[  995.792522] [kworke][0x481668cad][18:44:03.138418] kiwi_v2: [859:I:PMO] pmo_core_enable_wow_in_fw: drv wow is enabled
[  996.194033] init: Control message: Could not find 'vendor.qti.diaghal@1.0::Idiag/default' for ctl.interface_start from pid: 754 (/system/bin/hwservicemanager)
[  996.285004] type=1400 audit(1785264243.628:64161): avc:  denied  { getattr } for  comm="top" path="/proc/1813" dev="proc" ino=717675 scontext=u:r:system_app:s0 tcontext=u:r:vendor_tcmd:s0 tclass=dir permissive=1
[  996.285270] type=1400 audit(1785264243.628:64162): avc:  denied  { search } for  comm="top" name="1813" dev="proc" ino=717675 scontext=u:r:system_app:s0 tcontext=u:r:vendor_tcmd:s0 tclass=dir permissive=1
[  996.285344] type=1400 audit(1785264243.628:64163): avc:  denied  { getattr } for  comm="top" path="/proc/1814" dev="proc" ino=717676 scontext=u:r:system_app:s0 tcontext=u:r:vendor_hal_gatekeeper_qti:s0 tclass=dir permissive=1
[  996.285408] type=1400 audit(1785264243.628:64164): avc:  denied  { search } for  comm="top" name="1814" dev="proc" ino=717676 scontext=u:r:system_app:s0 tcontext=u:r:vendor_hal_gatekeeper_qti:s0 tclass=dir permissive=1
[  996.285467] type=1400 audit(1785264243.628:64165): avc:  denied  { getattr } for  comm="top" path="/proc/1815" dev="proc" ino=717677 scontext=u:r:system_app:s0 tcontext=u:r:vendor_hal_dpmQmiMgr:s0 tclass=dir permissive=1
[  996.540028] audit: audit_lost=60175 audit_rate_limit=5 audit_backlog_limit=64
[  996.540038] audit: rate limit exceeded
[  997.199937] init: Control message: Could not find 'vendor.qti.diaghal@1.0::Idiag/default' for ctl.interface_start from pid: 754 (/system/bin/hwservicemanager)
[  997.317711] type=1400 audit(1785264244.660:64306): avc:  denied  { search } for  comm="cat" name="battery" dev="sysfs" ino=141568 scontext=u:r:xsud:s0 tcontext=u:object_r:vendor_sysfs_battery_supply:s0 tclass=dir permissive=1
[  997.367481] type=1400 audit(1785264244.708:64307): avc:  denied  { getattr } for  comm="DefaultDispatch" path="/dev/ttyHS5" dev="tmpfs" ino=1195 scontext=u:r:system_app:s0 tcontext=u:object_r:device:s0 tclass=chr_file permissive=1
[  997.381081] type=1400 audit(1785264244.724:64308): avc:  denied  { execute } for  comm="DefaultDispatch" name="xsu" dev="dm-11" ino=188 scontext=u:r:untrusted_app:s0:c183,c256,c512,c768 tcontext=u:object_r:xsu_exec:s0 tclass=file permissive=1 app=com.kei.pulse
[  997.381338] type=1400 audit(1785264244.724:64309): avc:  denied  { read open } for  comm="DefaultDispatch" path="/product/bin/xsu" dev="dm-11" ino=188 scontext=u:r:untrusted_app:s0:c183,c256,c512,c768 tcontext=u:object_r:xsu_exec:s0 tclass=file permissive=1 app=com.kei.pulse
[  997.381421] type=1400 audit(1785264244.724:64310): avc:  denied  { execute_no_trans } for  comm="DefaultDispatch" path="/product/bin/xsu" dev="dm-11" ino=188 scontext=u:r:untrusted_app:s0:c183,c256,c512,c768 tcontext=u:object_r:xsu_exec:s0 tclass=file permissive=1 app=com.kei.pulse
[  997.445395] servicemanager: Found vendor.qti.hardware.perf2.IPerf/default in device VINTF manifest.
[  997.477231] init: Control message: Could not find 'vendor.qti.diaghal@1.0::Idiag/default' for ctl.interface_start from pid: 754 (/system/bin/hwservicemanager)
[  997.480068] init: Control message: Could not find 'vendor.qti.diaghal@1.0::Idiag/default' for ctl.interface_start from pid: 754 (/system/bin/hwservicemanager)
[  997.543464] audit: audit_lost=60409 audit_rate_limit=5 audit_backlog_limit=64
[  997.543475] audit: rate limit exceeded
[  998.376456] wcd-usbss-i2c-driver 1-000e: wcd_usbss_is_in_reset_state: Surge check #3 failed
[  998.476339] init: Control message: Could not find 'vendor.qti.diaghal@1.0::Idiag/default' for ctl.interface_start from pid: 754 (/system/bin/hwservicemanager)
[  998.557788] audit: audit_lost=60556 audit_rate_limit=5 audit_backlog_limit=64
[  998.557801] audit: rate limit exceeded
[  999.479376] init: Control message: Could not find 'vendor.qti.diaghal@1.0::Idiag/default' for ctl.interface_start from pid: 754 (/system/bin/hwservicemanager)
[ 1000.277918] audit: audit_lost=60594 audit_rate_limit=5 audit_backlog_limit=64
[ 1000.277930] audit: rate limit exceeded
[ 1000.489110] init: Control message: Could not find 'vendor.qti.diaghal@1.0::Idiag/default' for ctl.interface_start from pid: 754 (/system/bin/hwservicemanager)
[ 1001.281220] audit: audit_lost=60617 audit_rate_limit=5 audit_backlog_limit=64
[ 1001.281232] audit: rate limit exceeded
[ 1001.487363] init: Control message: Could not find 'vendor.qti.diaghal@1.0::Idiag/default' for ctl.interface_start from pid: 754 (/system/bin/hwservicemanager)
[ 1002.281261] type=1400 audit(1785264249.624:64645): avc:  denied  { read } for  comm="top" scontext=u:r:system_app:s0 tcontext=u:r:vendor_hal_qesdhal_default:s0 tclass=file permissive=1
[ 1002.281748] type=1400 audit(1785264249.624:64646): avc:  denied  { read } for  comm="top" scontext=u:r:system_app:s0 tcontext=u:r:vendor_qesdsect:s0 tclass=file permissive=1
[ 1002.281828] type=1400 audit(1785264249.624:64647): avc:  denied  { read } for  comm="top" scontext=u:r:system_app:s0 tcontext=u:r:vendor_hal_secureprocessor_qti:s0 tclass=file permissive=1
[ 1002.282345] type=1400 audit(1785264249.624:64648): avc:  denied  { read } for  comm="top" scontext=u:r:system_app:s0 tcontext=u:r:vendor_sxrd_vndr:s0 tclass=file permissive=1
[ 1002.285605] audit: audit_lost=60626 audit_rate_limit=5 audit_backlog_limit=64
[ 1002.285615] audit: rate limit exceeded
[ 1002.285694] type=1400 audit(1785264249.628:64649): avc:  denied  { open } for  comm="top" path="/proc/1469/stat" dev="proc" ino=756455 scontext=u:r:system_app:s0 tcontext=u:r:vendor_hal_qesdhal_default:s0 tclass=file permissive=1
[ 1002.495539] init: Control message: Could not find 'vendor.qti.diaghal@1.0::Idiag/default' for ctl.interface_start from pid: 754 (/system/bin/hwservicemanager)
[ 1003.496879] init: Control message: Could not find 'vendor.qti.diaghal@1.0::Idiag/default' for ctl.interface_start from pid: 754 (/system/bin/hwservicemanager)
[ 1003.561044] type=1400 audit(1785264250.896:64661): avc:  denied  { getattr } for  comm="top" path="/proc/1813" dev="proc" ino=717675 scontext=u:r:system_app:s0 tcontext=u:r:vendor_tcmd:s0 tclass=dir permissive=1
[ 1003.561812] type=1400 audit(1785264250.896:64662): avc:  denied  { search } for  comm="top" name="1813" dev="proc" ino=717675 scontext=u:r:system_app:s0 tcontext=u:r:vendor_tcmd:s0 tclass=dir permissive=1
[ 1003.566029] type=1400 audit(1785264250.900:64663): avc:  denied  { getattr } for  comm="top" path="/proc/2022" dev="proc" ino=717685 scontext=u:r:system_app:s0 tcontext=u:r:vendor_hal_soter_qti:s0 tclass=dir permissive=1
[ 1003.566666] type=1400 audit(1785264250.900:64664): avc:  denied  { search } for  comm="top" name="2022" dev="proc" ino=717685 scontext=u:r:system_app:s0 tcontext=u:r:vendor_hal_soter_qti:s0 tclass=dir permissive=1
[ 1003.663099] audit: audit_lost=60637 audit_rate_limit=5 audit_backlog_limit=64
[ 1003.663128] audit: rate limit exceeded
[ 1003.663501] type=1400 audit(1785264251.004:64665): avc:  denied  { append } for  comm="sh" name="pulse_20260728_203503.log" dev="fuse" ino=332446 scontext=u:r:xsud:s0 tcontext=u:object_r:fuse:s0 tclass=file permissive=1
[ 1004.504868] init: Control message: Could not find 'vendor.qti.diaghal@1.0::Idiag/default' for ctl.interface_start from pid: 754 (/system/bin/hwservicemanager)
[ 1004.533297] [kworke][0x48b6752a5][18:44:11.879191] kiwi_v2: [63:I:PMO] pmo_core_psoc_send_host_wakeup_ind_to_fw: Host wakeup indication sent to fw
[ 1005.295787] audit: audit_lost=60658 audit_rate_limit=5 audit_backlog_limit=64
[ 1005.295800] audit: rate limit exceeded
[ 1005.397383] [kworke][0x48c647915][18:44:12.743277] kiwi_v2: [63:I:PMO] pmo_core_enable_wow_in_fw: drv wow is enabled
[ 1005.501773] init: Control message: Could not find 'vendor.qti.diaghal@1.0::Idiag/default' for ctl.interface_start from pid: 754 (/system/bin/hwservicemanager)
[ 1006.506308] init: Control message: Could not find 'vendor.qti.diaghal@1.0::Idiag/default' for ctl.interface_start from pid: 754 (/system/bin/hwservicemanager)
[ 1007.273776] audit: audit_lost=60663 audit_rate_limit=5 audit_backlog_limit=64
[ 1007.273789] audit: rate limit exceeded
[ 1007.510734] init: Control message: Could not find 'vendor.qti.diaghal@1.0::Idiag/default' for ctl.interface_start from pid: 754 (/system/bin/hwservicemanager)
[ 1008.281667] type=1400 audit(1785264255.620:64706): avc:  denied  { read } for  comm="top" scontext=u:r:system_app:s0 tcontext=u:r:vendor_hal_soter_qti:s0 tclass=file permissive=1
[ 1008.289285] type=1400 audit(1785264255.628:64708): avc:  denied  { open } for  comm="dmesg" path="/dev/kmsg" dev="tmpfs" ino=5 scontext=u:r:xsud:s0 tcontext=u:object_r:kmsg_device:s0 tclass=chr_file permissive=1
[ 1008.291536] type=1400 audit(1785264255.632:64709): avc:  denied  { open } for  comm="top" path="/proc/2022/stat" dev="proc" ino=718218 scontext=u:r:system_app:s0 tcontext=u:r:vendor_hal_soter_qti:s0 tclass=file permissive=1
[ 1008.514729] init: Control message: Could not find 'vendor.qti.diaghal@1.0::Idiag/default' for ctl.interface_start from pid: 754 (/system/bin/hwservicemanager)
[ 1009.287168] type=1400 audit(1785264256.628:64710): avc:  denied  { read } for  comm="top" scontext=u:r:system_app:s0 tcontext=u:r:vendor_hal_srvctracker_default:s0 tclass=file permissive=1
[ 1009.289214] type=1400 audit(1785264256.628:64711): avc:  denied  { read } for  comm="top" scontext=u:r:system_app:s0 tcontext=u:r:vendor_hal_dpmQmiMgr:s0 tclass=file permissive=1
[ 1009.289734] type=1400 audit(1785264256.628:64712): avc:  denied  { read } for  comm="top" scontext=u:r:system_app:s0 tcontext=u:r:vendor_trusteduilistener:s0 tclass=file permissive=1
[ 1009.294759] audit: audit_lost=60667 audit_rate_limit=5 audit_backlog_limit=64
[ 1009.294749] type=1400 audit(1785264256.636:64713): avc:  denied  { getattr } for  comm="top" path="/proc/1495" dev="proc" ino=756375 scontext=u:r:system_app:s0 tcontext=u:r:hal_light_default:s0 tclass=dir permissive=1
[ 1009.294770] audit: rate limit exceeded
[ 1009.295525] type=1400 audit(1785264256.636:64714): avc:  denied  { search } for  comm="top" name="1495" dev="proc" ino=756375 scontext=u:r:system_app:s0 tcontext=u:r:hal_light_default:s0 tclass=dir permissive=1
[ 1009.296305] type=1400 audit(1785264256.636:64715): avc:  denied  { getattr } for  comm="top" path="/proc/1508" dev="proc" ino=756376 scontext=u:r:system_app:s0 tcontext=u:r:vendor_hal_secureprocessor_qti:s0 tclass=dir permissive=1
[ 1009.517538] init: Control message: Could not find 'vendor.qti.diaghal@1.0::Idiag/default' for ctl.interface_start from pid: 754 (/system/bin/hwservicemanager)
[ 1010.522460] init: Control message: Could not find 'vendor.qti.diaghal@1.0::Idiag/default' for ctl.interface_start from pid: 754 (/system/bin/hwservicemanager)
[ 1010.829697] healthd: battery l=72 v=8053 t=35.0 h=2 st=3 c=-295722 fc=4162000 cc=0 chg=a
[ 1010.852104] audit: audit_lost=60686 audit_rate_limit=5 audit_backlog_limit=64
[ 1010.852116] audit: rate limit exceeded
[ 1010.943002] BATTERY_CHG: battery_psy_set_online: battery_psy_set_online: set online 1
[ 1011.533718] init: Control message: Could not find 'vendor.qti.diaghal@1.0::Idiag/default' for ctl.interface_start from pid: 754 (/system/bin/hwservicemanager)
[ 1012.274840] audit: audit_lost=60862 audit_rate_limit=5 audit_backlog_limit=64
[ 1012.274852] audit: rate limit exceeded
[ 1012.529249] init: Control message: Could not find 'vendor.qti.diaghal@1.0::Idiag/default' for ctl.interface_start from pid: 754 (/system/bin/hwservicemanager)
[ 1013.276618] audit: audit_lost=60883 audit_rate_limit=5 audit_backlog_limit=64
[ 1013.276631] audit: rate limit exceeded
[ 1013.478189] wcd-usbss-i2c-driver 1-000e: wcd_usbss_is_in_reset_state: Surge check #3 failed
[ 1013.530012] init: Control message: Could not find 'vendor.qti.diaghal@1.0::Idiag/default' for ctl.interface_start from pid: 754 (/system/bin/hwservicemanager)
[ 1013.767024] type=1400 audit(1785264261.108:64961): avc:  denied  { getattr } for  comm="chmod" path="/sys/devices/platform/soc/3d00000.qcom,kgsl-3d0/kgsl/kgsl-3d0/min_pwrlevel" dev="sysfs" ino=124218 scontext=u:r:xsud:s0 tcontext=u:object_r:vendor_sysfs_kgsl:s0 tclass=file permissive=1
[ 1013.768844] type=1400 audit(1785264261.108:64962): avc:  denied  { setattr } for  comm="chmod" name="min_pwrlevel" dev="sysfs" ino=124218 scontext=u:r:xsud:s0 tcontext=u:object_r:vendor_sysfs_kgsl:s0 tclass=file permissive=1
[ 1013.770375] type=1400 audit(1785264261.112:64963): avc:  denied  { write } for  comm="sh" name="min_pwrlevel" dev="sysfs" ino=124218 scontext=u:r:xsud:s0 tcontext=u:object_r:vendor_sysfs_kgsl:s0 tclass=file permissive=1
[ 1014.277595] type=1400 audit(1785264261.620:64964): avc:  denied  { read } for  comm="top" scontext=u:r:system_app:s0 tcontext=u:r:vendor_hal_identity_qti:s0 tclass=file permissive=1
[ 1014.277911] type=1400 audit(1785264261.620:64965): avc:  denied  { read } for  comm="top" scontext=u:r:system_app:s0 tcontext=u:r:hal_ir_default:s0 tclass=file permissive=1
[ 1014.279937] audit: audit_lost=60898 audit_rate_limit=5 audit_backlog_limit=64
[ 1014.279948] audit: rate limit exceeded
[ 1014.533497] init: Control message: Could not find 'vendor.qti.diaghal@1.0::Idiag/default' for ctl.interface_start from pid: 754 (/system/bin/hwservicemanager)
[ 1014.945826] type=1400 audit(1785264262.288:64975): avc:  denied  { open } for  comm="DefaultDispatch" path="/proc/stat" dev="proc" ino=4026532011 scontext=u:r:untrusted_app:s0:c183,c256,c512,c768 tcontext=u:object_r:proc_stat:s0 tclass=file permissive=1 app=com.kei.pulse
[ 1014.946419] type=1400 audit(1785264262.288:64976): avc:  denied  { getattr } for  comm="DefaultDispatch" path="/proc/stat" dev="proc" ino=4026532011 scontext=u:r:untrusted_app:s0:c183,c256,c512,c768 tcontext=u:object_r:proc_stat:s0 tclass=file permissive=1 app=com.kei.pulse
[ 1015.122548] type=1400 audit(1785264262.464:64977): avc:  denied  { write } for  comm="Thread-7234" name="pulse_fifo_in" dev="dm-53" ino=332444 scontext=u:r:untrusted_app:s0:c183,c256,c512,c768 tcontext=u:object_r:app_data_file:s0 tclass=fifo_file permissive=1 app=com.kei.pulse
[ 1015.160779] type=1400 audit(1785264262.500:64978): avc:  denied  { read } for  comm="sh" name="primary" dev="tmpfs" ino=42 scontext=u:r:xsud:s0 tcontext=u:object_r:mnt_user_file:s0 tclass=lnk_file permissive=1
[ 1015.286536] audit: audit_lost=60906 audit_rate_limit=5 audit_backlog_limit=64
[ 1015.286548] audit: rate limit exceeded
[ 1015.288569] type=1400 audit(1785264262.628:64979): avc:  denied  { getattr } for  comm="top" path="/proc/1447" dev="proc" ino=756365 scontext=u:r:system_app:s0 tcontext=u:r:vendor_hal_usb_qti:s0 tclass=dir permissive=1
[ 1015.536788] init: Control message: Could not find 'vendor.qti.diaghal@1.0::Idiag/default' for ctl.interface_start from pid: 754 (/system/bin/hwservicemanager)
[ 1016.540197] init: Control message: Could not find 'vendor.qti.diaghal@1.0::Idiag/default' for ctl.interface_start from pid: 754 (/system/bin/hwservicemanager)
[ 1017.480092] audit: audit_lost=60907 audit_rate_limit=5 audit_backlog_limit=64
[ 1017.480102] audit: rate limit exceeded
[ 1017.666311] servicemanager: Found vendor.qti.hardware.perf2.IPerf/default in device VINTF manifest.
[ 1017.694172] init: Control message: Could not find 'vendor.qti.diaghal@1.0::Idiag/default' for ctl.interface_start from pid: 754 (/system/bin/hwservicemanager)
[ 1017.701184] init: Control message: Could not find 'vendor.qti.diaghal@1.0::Idiag/default' for ctl.interface_start from pid: 754 (/system/bin/hwservicemanager)
[ 1018.544184] audit: audit_lost=61217 audit_rate_limit=5 audit_backlog_limit=64
[ 1018.544196] audit: rate limit exceeded
[ 1018.702732] init: Control message: Could not find 'vendor.qti.diaghal@1.0::Idiag/default' for ctl.interface_start from pid: 754 (/system/bin/hwservicemanager)
[ 1019.538659] type=1400 audit(1785264266.880:65339): avc:  denied  { read } for  comm="top" scontext=u:r:system_app:s0 tcontext=u:r:vendor_hal_poweroptservice_qti:s0 tclass=file permissive=1
[ 1019.541425] type=1400 audit(1785264266.884:65340): avc:  denied  { getattr } for  comm="top" path="/proc/905" dev="proc" ino=756356 scontext=u:r:system_app:s0 tcontext=u:r:vendor_hal_keymint_qti:s0 tclass=dir permissive=1
[ 1019.541573] type=1400 audit(1785264266.884:65341): avc:  denied  { search } for  comm="top" name="905" dev="proc" ino=756356 scontext=u:r:system_app:s0 tcontext=u:r:vendor_hal_keymint_qti:s0 tclass=dir permissive=1
[ 1019.543223] type=1400 audit(1785264266.884:65342): avc:  denied  { getattr } for  comm="top" path="/proc/1354" dev="proc" ino=756361 scontext=u:r:system_app:s0 tcontext=u:r:hal_allocator_default:s0 tclass=dir permissive=1
[ 1019.543364] type=1400 audit(1785264266.884:65343): avc:  denied  { search } for  comm="top" name="1354" dev="proc" ino=756361 scontext=u:r:system_app:s0 tcontext=u:r:hal_allocator_default:s0 tclass=dir permissive=1
[ 1019.547509] audit: audit_lost=61256 audit_rate_limit=5 audit_backlog_limit=64
[ 1019.547518] audit: rate limit exceeded
[ 1019.705339] init: Control message: Could not find 'vendor.qti.diaghal@1.0::Idiag/default' for ctl.interface_start from pid: 754 (/system/bin/hwservicemanager)
[ 1020.710238] init: Control message: Could not find 'vendor.qti.diaghal@1.0::Idiag/default' for ctl.interface_start from pid: 754 (/system/bin/hwservicemanager)
[ 1020.837176] type=1400 audit(1785264268.176:65368): avc:  denied  { open } for  comm="DefaultDispatch" path="/proc/stat" dev="proc" ino=4026532011 scontext=u:r:untrusted_app:s0:c183,c256,c512,c768 tcontext=u:object_r:proc_stat:s0 tclass=file permissive=1 app=com.kei.pulse
[ 1020.838048] type=1400 audit(1785264268.180:65369): avc:  denied  { getattr } for  comm="DefaultDispatch" path="/proc/stat" dev="proc" ino=4026532011 scontext=u:r:untrusted_app:s0:c183,c256,c512,c768 tcontext=u:object_r:proc_stat:s0 tclass=file permissive=1 app=com.kei.pulse
[ 1021.269890] audit: audit_lost=61279 audit_rate_limit=5 audit_backlog_limit=64
[ 1021.269902] audit: rate limit exceeded
[ 1021.270293] type=1400 audit(1785264268.612:65370): avc:  denied  { read } for  comm="top" scontext=u:r:system_app:s0 tcontext=u:r:vendor_hal_qesdhal_default:s0 tclass=file permissive=1
[ 1021.271041] type=1400 audit(1785264268.612:65371): avc:  denied  { read } for  comm="top" scontext=u:r:system_app:s0 tcontext=u:r:vendor_qesdsect:s0 tclass=file permissive=1
[ 1021.271348] type=1400 audit(1785264268.612:65372): avc:  denied  { read } for  comm="top" scontext=u:r:system_app:s0 tcontext=u:r:vendor_hal_secureprocessor_qti:s0 tclass=file permissive=1
[ 1021.711366] init: Control message: Could not find 'vendor.qti.diaghal@1.0::Idiag/default' for ctl.interface_start from pid: 754 (/system/bin/hwservicemanager)
[ 1022.468307] audit: audit_lost=61293 audit_rate_limit=5 audit_backlog_limit=64
[ 1022.468320] audit: rate limit exceeded
[ 1022.712713] init: Control message: Could not find 'vendor.qti.diaghal@1.0::Idiag/default' for ctl.interface_start from pid: 754 (/system/bin/hwservicemanager)
[ 1023.499878] audit: audit_lost=61314 audit_rate_limit=5 audit_backlog_limit=64
[ 1023.499891] audit: rate limit exceeded
[ 1023.717387] init: Control message: Could not find 'vendor.qti.diaghal@1.0::Idiag/default' for ctl.interface_start from pid: 754 (/system/bin/hwservicemanager)
[ 1024.722863] init: Control message: Could not find 'vendor.qti.diaghal@1.0::Idiag/default' for ctl.interface_start from pid: 754 (/system/bin/hwservicemanager)
[ 1025.719501] init: Control message: Could not find 'vendor.qti.diaghal@1.0::Idiag/default' for ctl.interface_start from pid: 754 (/system/bin/hwservicemanager)
[ 1026.268638] type=1400 audit(1785264273.608:65428): avc:  denied  { read } for  comm="top" scontext=u:r:system_app:s0 tcontext=u:r:hwservicemanager:s0 tclass=file permissive=1
[ 1026.269162] type=1400 audit(1785264273.608:65429): avc:  denied  { read } for  comm="top" scontext=u:r:system_app:s0 tcontext=u:r:vndservicemanager:s0 tclass=file permissive=1
[ 1026.269259] type=1400 audit(1785264273.612:65430): avc:  denied  { open } for  comm="top" path="/proc/754/stat" dev="proc" ino=756388 scontext=u:r:system_app:s0 tcontext=u:r:hwservicemanager:s0 tclass=file permissive=1
[ 1026.269386] type=1400 audit(1785264273.612:65431): avc:  denied  { open } for  comm="top" path="/proc/756/stat" dev="proc" ino=756391 scontext=u:r:system_app:s0 tcontext=u:r:vndservicemanager:s0 tclass=file permissive=1
[ 1026.508885] audit: audit_lost=61324 audit_rate_limit=5 audit_backlog_limit=64
[ 1026.508897] audit: rate limit exceeded
[ 1026.509355] type=1400 audit(1785264273.852:65432): avc:  denied  { read } for  comm="dmesg" name="kmsg" dev="tmpfs" ino=5 scontext=u:r:xsud:s0 tcontext=u:object_r:kmsg_device:s0 tclass=chr_file permissive=1
[ 1026.721739] init: Control message: Could not find 'vendor.qti.diaghal@1.0::Idiag/default' for ctl.interface_start from pid: 754 (/system/bin/hwservicemanager)
[ 1027.534685] type=1400 audit(1785264274.876:65445): avc:  denied  { read } for  comm="top" scontext=u:r:system_app:s0 tcontext=u:r:vendor_hal_srvctracker_default:s0 tclass=file permissive=1
[ 1027.535023] type=1400 audit(1785264274.876:65446): avc:  denied  { read } for  comm="top" scontext=u:r:system_app:s0 tcontext=u:r:vendor_hal_dpmQmiMgr:s0 tclass=file permissive=1
[ 1027.535168] type=1400 audit(1785264274.876:65447): avc:  denied  { read } for  comm="top" scontext=u:r:system_app:s0 tcontext=u:r:vendor_hal_soter_qti:s0 tclass=file permissive=1
[ 1027.539984] audit: audit_lost=61336 audit_rate_limit=5 audit_backlog_limit=64
[ 1027.539994] audit: rate limit exceeded
[ 1027.540130] type=1400 audit(1785264274.884:65448): avc:  denied  { getattr } for  comm="top" path="/proc/1495" dev="proc" ino=756375 scontext=u:r:system_app:s0 tcontext=u:r:hal_light_default:s0 tclass=dir permissive=1
[ 1027.540383] type=1400 audit(1785264274.884:65449): avc:  denied  { search } for  comm="top" name="1495" dev="proc" ino=756375 scontext=u:r:system_app:s0 tcontext=u:r:hal_light_default:s0 tclass=dir permissive=1
[ 1027.725215] init: Control message: Could not find 'vendor.qti.diaghal@1.0::Idiag/default' for ctl.interface_start from pid: 754 (/system/bin/hwservicemanager)
[ 1028.579899] wcd-usbss-i2c-driver 1-000e: wcd_usbss_is_in_reset_state: Surge check #3 failed
[ 1028.724590] init: Control message: Could not find 'vendor.qti.diaghal@1.0::Idiag/default' for ctl.interface_start from pid: 754 (/system/bin/hwservicemanager)
[ 1029.729007] init: Control message: Could not find 'vendor.qti.diaghal@1.0::Idiag/default' for ctl.interface_start from pid: 754 (/system/bin/hwservicemanager)
[ 1030.729296] init: Control message: Could not find 'vendor.qti.diaghal@1.0::Idiag/default' for ctl.interface_start from pid: 754 (/system/bin/hwservicemanager)
[ 1031.516964] type=1400 audit(1785264278.860:65478): avc:  denied  { read } for  comm="top" scontext=u:r:system_app:s0 tcontext=u:r:vendor_hal_keymint_spu_qti:s0 tclass=file permissive=1
[ 1031.520005] type=1400 audit(1785264278.864:65479): avc:  denied  { open } for  comm="top" path="/proc/1073/stat" dev="proc" ino=756411 scontext=u:r:system_app:s0 tcontext=u:r:vendor_hal_keymint_spu_qti:s0 tclass=file permissive=1
[ 1031.522194] type=1400 audit(1785264278.864:65480): avc:  denied  { getattr } for  comm="top" path="/proc/1479" dev="proc" ino=756373 scontext=u:r:system_app:s0 tcontext=u:r:hal_fingerprint_default:s0 tclass=dir permissive=1
[ 1031.522368] type=1400 audit(1785264278.864:65481): avc:  denied  { search } for  comm="top" name="1479" dev="proc" ino=756373 scontext=u:r:system_app:s0 tcontext=u:r:hal_fingerprint_default:s0 tclass=dir permissive=1
[ 1031.522509] type=1400 audit(1785264278.864:65482): avc:  denied  { getattr } for  comm="top" path="/proc/1483" dev="proc" ino=756374 scontext=u:r:system_app:s0 tcontext=u:r:vendor_hal_capabilityconfigstore_qti_default:s0 tclass=dir permissive=1
[ 1031.522607] type=1400 audit(1785264278.864:65483): avc:  denied  { search } for  comm="top" name="1483" dev="proc" ino=756374 scontext=u:r:system_app:s0 tcontext=u:r:vendor_hal_capabilityconfigstore_qti_default:s0 tclass=dir permissive=1
[ 1031.653250] type=1400 audit(1785264278.996:65484): avc:  denied  { read } for  comm="cat" name="current_now" dev="sysfs" ino=141583 scontext=u:r:xsud:s0 tcontext=u:object_r:vendor_sysfs_battery_supply:s0 tclass=file permissive=1
[ 1031.653562] type=1400 audit(1785264278.996:65485): avc:  denied  { open } for  comm="cat" path="/sys/devices/platform/soc/soc:qcom,pmic_glink/soc:qcom,pmic_glink:qcom,battery_charger/power_supply/battery/current_now" dev="sysfs" ino=141583 scontext=u:r:xsud:s0 tcontext=u:object_r:vendor_sysfs_battery_supply:s0 tclass=file permissive=1
[ 1031.732896] init: Control message: Could not find 'vendor.qti.diaghal@1.0::Idiag/default' for ctl.interface_start from pid: 754 (/system/bin/hwservicemanager)
[ 1032.230606] audit: audit_lost=61358 audit_rate_limit=5 audit_backlog_limit=64
[ 1032.230618] audit: rate limit exceeded
[ 1032.230931] type=1400 audit(1785264279.572:65486): avc:  denied  { read } for  comm="Performance-Tim" name="pwm1" dev="sysfs" ino=115174 scontext=u:r:system_app:s0 tcontext=u:object_r:sysfs:s0 tclass=file permissive=1
[ 1032.734952] init: Control message: Could not find 'vendor.qti.diaghal@1.0::Idiag/default' for ctl.interface_start from pid: 754 (/system/bin/hwservicemanager)
[ 1033.735810] init: Control message: Could not find 'vendor.qti.diaghal@1.0::Idiag/default' for ctl.interface_start from pid: 754 (/system/bin/hwservicemanager)
[ 1034.285714] type=1400 audit(1785264281.628:65495): avc:  denied  { syslog } for  comm="dmesg" capability=34  scontext=u:r:xsud:s0 tcontext=u:r:xsud:s0 tclass=capability2 permissive=1
[ 1034.522066] audit: audit_lost=61366 audit_rate_limit=5 audit_backlog_limit=64
[ 1034.522079] audit: rate limit exceeded
[ 1034.739007] init: Control message: Could not find 'vendor.qti.diaghal@1.0::Idiag/default' for ctl.interface_start from pid: 754 (/system/bin/hwservicemanager)
[ 1035.742319] init: Control message: Could not find 'vendor.qti.diaghal@1.0::Idiag/default' for ctl.interface_start from pid: 754 (/system/bin/hwservicemanager)
[ 1036.742024] init: Control message: Could not find 'vendor.qti.diaghal@1.0::Idiag/default' for ctl.interface_start from pid: 754 (/system/bin/hwservicemanager)
[ 1037.287649] type=1400 audit(1785264284.628:65522): avc:  denied  { getattr } for  comm="top" path="/proc/1447" dev="proc" ino=756365 scontext=u:r:system_app:s0 tcontext=u:r:vendor_hal_usb_qti:s0 tclass=dir permissive=1
[ 1037.288524] type=1400 audit(1785264284.628:65523): avc:  denied  { search } for  comm="top" name="1447" dev="proc" ino=756365 scontext=u:r:system_app:s0 tcontext=u:r:vendor_hal_usb_qti:s0 tclass=dir permissive=1
[ 1037.592065] type=1400 audit(1785264284.932:65524): avc:  denied  { search } for  comm="sh" name="0" dev="tmpfs" ino=12 scontext=u:r:xsud:s0 tcontext=u:object_r:mnt_user_file:s0 tclass=dir permissive=1
[ 1037.655464] type=1400 audit(1785264284.996:65525): avc:  denied  { getattr } for  comm="DefaultDispatch" path="/dev/ttyHS5" dev="tmpfs" ino=1195 scontext=u:r:system_app:s0 tcontext=u:object_r:device:s0 tclass=chr_file permissive=1
[ 1037.668824] type=1400 audit(1785264285.008:65526): avc:  denied  { ioctl } for  comm="dmesg" path="/storage/emulated/0/apl_pulse_logs/pulse_20260728_203503_dmesg.log" dev="fuse" ino=332449 ioctlcmd=0x5401 scontext=u:r:xsud:s0 tcontext=u:object_r:fuse:s0 tclass=file permissive=1
[ 1037.670000] type=1400 audit(1785264285.012:65527): avc:  denied  { read } for  comm="dmesg" name="kmsg" dev="tmpfs" ino=5 scontext=u:r:xsud:s0 tcontext=u:object_r:kmsg_device:s0 tclass=chr_file permissive=1
[ 1037.670195] type=1400 audit(1785264285.012:65528): avc:  denied  { open } for  comm="dmesg" path="/dev/kmsg" dev="tmpfs" ino=5 scontext=u:r:xsud:s0 tcontext=u:object_r:kmsg_device:s0 tclass=chr_file permissive=1
[ 1037.670269] type=1400 audit(1785264285.012:65529): avc:  denied  { syslog_read } for  comm="dmesg" scontext=u:r:xsud:s0 tcontext=u:r:kernel:s0 tclass=system permissive=1
[ 1037.932592] servicemanager: Found vendor.qti.hardware.perf2.IPerf/default in device VINTF manifest.
[ 1037.972886] init: Control message: Could not find 'vendor.qti.diaghal@1.0::Idiag/default' for ctl.interface_start from pid: 754 (/system/bin/hwservicemanager)
[ 1037.976297] init: Control message: Could not find 'vendor.qti.diaghal@1.0::Idiag/default' for ctl.interface_start from pid: 754 (/system/bin/hwservicemanager)
[ 1038.981951] init: Control message: Could not find 'vendor.qti.diaghal@1.0::Idiag/default' for ctl.interface_start from pid: 754 (/system/bin/hwservicemanager)
[ 1039.069581] type=1400 audit(1785264286.412:65724): avc:  denied  { read } for  comm="cat" name="gpuclk" dev="sysfs" ino=124210 scontext=u:r:xsud:s0 tcontext=u:object_r:vendor_sysfs_kgsl_gpuclk:s0 tclass=file permissive=1
[ 1039.070428] type=1400 audit(1785264286.412:65725): avc:  denied  { open } for  comm="cat" path="/sys/devices/platform/soc/3d00000.qcom,kgsl-3d0/kgsl/kgsl-3d0/gpuclk" dev="sysfs" ino=124210 scontext=u:r:xsud:s0 tcontext=u:object_r:vendor_sysfs_kgsl_gpuclk:s0 tclass=file permissive=1
[ 1039.218376] audit: audit_lost=61580 audit_rate_limit=5 audit_backlog_limit=64
[ 1039.218387] audit: rate limit exceeded
[ 1039.985156] init: Control message: Could not find 'vendor.qti.diaghal@1.0::Idiag/default' for ctl.interface_start from pid: 754 (/system/bin/hwservicemanager)
[ 1040.693708] audit: audit_lost=61619 audit_rate_limit=5 audit_backlog_limit=64
[ 1040.693727] audit: rate limit exceeded
[ 1040.988898] init: Control message: Could not find 'vendor.qti.diaghal@1.0::Idiag/default' for ctl.interface_start from pid: 754 (/system/bin/hwservicemanager)
[ 1041.821363] audit: audit_lost=61650 audit_rate_limit=5 audit_backlog_limit=64
[ 1041.821374] audit: rate limit exceeded
[ 1041.989842] init: Control message: Could not find 'vendor.qti.diaghal@1.0::Idiag/default' for ctl.interface_start from pid: 754 (/system/bin/hwservicemanager)
[ 1042.393300] type=1400 audit(1785264289.736:65838): avc:  denied  { ioctl } for  comm="dmesg" path="/storage/emulated/0/apl_pulse_logs/pulse_20260728_203503_dmesg.log" dev="fuse" ino=332449 ioctlcmd=0x5401 scontext=u:r:xsud:s0 tcontext=u:object_r:fuse:s0 tclass=file permissive=1
[ 1042.516623] type=1400 audit(1785264289.860:65839): avc:  denied  { read } for  comm="top" scontext=u:r:system_app:s0 tcontext=u:r:vendor_wcnss_service:s0 tclass=file permissive=1
[ 1042.518014] type=1400 audit(1785264289.860:65840): avc:  denied  { getattr } for  comm="top" path="/proc/754" dev="proc" ino=764899 scontext=u:r:system_app:s0 tcontext=u:r:hwservicemanager:s0 tclass=dir permissive=1
[ 1042.518266] type=1400 audit(1785264289.860:65841): avc:  denied  { search } for  comm="top" name="754" dev="proc" ino=764899 scontext=u:r:system_app:s0 tcontext=u:r:hwservicemanager:s0 tclass=dir permissive=1
[ 1042.518499] type=1400 audit(1785264289.860:65842): avc:  denied  { getattr } for  comm="top" path="/proc/756" dev="proc" ino=756355 scontext=u:r:system_app:s0 tcontext=u:r:vndservicemanager:s0 tclass=dir permissive=1
[ 1042.835182] audit: audit_lost=61684 audit_rate_limit=5 audit_backlog_limit=64
[ 1042.835197] audit: rate limit exceeded
[ 1042.992451] init: Control message: Could not find 'vendor.qti.diaghal@1.0::Idiag/default' for ctl.interface_start from pid: 754 (/system/bin/hwservicemanager)
[ 1043.684920] wcd-usbss-i2c-driver 1-000e: wcd_usbss_is_in_reset_state: Surge check #3 failed
[ 1043.819285] type=1400 audit(1785264291.160:65865): avc:  denied  { search } for  comm="sh" name="/" dev="fuse" ino=131 scontext=u:r:xsud:s0 tcontext=u:object_r:fuse:s0 tclass=dir permissive=1
[ 1043.851354] type=1400 audit(1785264291.192:65866): avc:  denied  { read } for  comm="dmesg" name="kmsg" dev="tmpfs" ino=5 scontext=u:r:xsud:s0 tcontext=u:object_r:kmsg_device:s0 tclass=chr_file permissive=1
[ 1043.852091] type=1400 audit(1785264291.192:65867): avc:  denied  { open } for  comm="dmesg" path="/dev/kmsg" dev="tmpfs" ino=5 scontext=u:r:xsud:s0 tcontext=u:object_r:kmsg_device:s0 tclass=chr_file permissive=1
[ 1043.996162] init: Control message: Could not find 'vendor.qti.diaghal@1.0::Idiag/default' for ctl.interface_start from pid: 754 (/system/bin/hwservicemanager)
[ 1044.253906] audit: audit_lost=61701 audit_rate_limit=5 audit_backlog_limit=64
[ 1044.253917] audit: rate limit exceeded
[ 1044.253976] type=1400 audit(1785264291.596:65868): avc:  denied  { read } for  comm="top" scontext=u:r:system_app:s0 tcontext=u:r:vendor_hal_srvctracker_default:s0 tclass=file permissive=1
[ 1044.254224] type=1400 audit(1785264291.596:65869): avc:  denied  { read } for  comm="top" scontext=u:r:system_app:s0 tcontext=u:r:vendor_hal_dpmQmiMgr:s0 tclass=file permissive=1
[ 1044.996973] init: Control message: Could not find 'vendor.qti.diaghal@1.0::Idiag/default' for ctl.interface_start from pid: 754 (/system/bin/hwservicemanager)
[ 1046.001012] init: Control message: Could not find 'vendor.qti.diaghal@1.0::Idiag/default' for ctl.interface_start from pid: 754 (/system/bin/hwservicemanager)
[ 1046.262991] healthd: battery l=72 v=8048 t=35.0 h=2 st=3 c=-338753 fc=4162000 cc=0 chg=a
[ 1046.330779] audit: audit_lost=61723 audit_rate_limit=5 audit_backlog_limit=64
[ 1046.330790] audit: rate limit exceeded
[ 1046.330870] BATTERY_CHG: battery_psy_set_online: battery_psy_set_online: set online 1
[ 1047.001486] init: Control message: Could not find 'vendor.qti.diaghal@1.0::Idiag/default' for ctl.interface_start from pid: 754 (/system/bin/hwservicemanager)
[ 1047.534386] type=1400 audit(1785264294.876:65922): avc:  denied  { read } for  comm="top" scontext=u:r:system_app:s0 tcontext=u:r:hal_allocator_default:s0 tclass=file permissive=1
[ 1047.534805] type=1400 audit(1785264294.876:65923): avc:  denied  { read } for  comm="top" scontext=u:r:system_app:s0 tcontext=u:r:hal_tsnv_default:s0 tclass=file permissive=1
[ 1047.534944] type=1400 audit(1785264294.876:65924): avc:  denied  { read } for  comm="top" scontext=u:r:system_app:s0 tcontext=u:r:vendor_perfservice:s0 tclass=file permissive=1
[ 1047.537911] type=1400 audit(1785264294.880:65925): avc:  denied  { open } for  comm="top" path="/proc/1354/stat" dev="proc" ino=756415 scontext=u:r:system_app:s0 tcontext=u:r:hal_allocator_default:s0 tclass=file permissive=1
[ 1047.540340] audit: audit_lost=61743 audit_rate_limit=5 audit_backlog_limit=64
[ 1047.540352] audit: rate limit exceeded
[ 1047.540566] type=1400 audit(1785264294.884:65926): avc:  denied  { getattr } for  comm="top" path="/proc/1466" dev="proc" ino=756370 scontext=u:r:system_app:s0 tcontext=u:r:vendor_hal_poweroptservice_qti:s0 tclass=dir permissive=1
[ 1048.003077] init: Control message: Could not find 'vendor.qti.diaghal@1.0::Idiag/default' for ctl.interface_start from pid: 754 (/system/bin/hwservicemanager)
[ 1049.004855] init: Control message: Could not find 'vendor.qti.diaghal@1.0::Idiag/default' for ctl.interface_start from pid: 754 (/system/bin/hwservicemanager)
[ 1049.261486] type=1400 audit(1785264296.604:65948): avc:  denied  { getattr } for  comm="top" path="/proc/1447" dev="proc" ino=756365 scontext=u:r:system_app:s0 tcontext=u:r:vendor_hal_usb_qti:s0 tclass=dir permissive=1
[ 1049.261835] type=1400 audit(1785264296.604:65949): avc:  denied  { search } for  comm="top" name="1447" dev="proc" ino=756365 scontext=u:r:system_app:s0 tcontext=u:r:vendor_hal_usb_qti:s0 tclass=dir permissive=1
[ 1049.270134] type=1400 audit(1785264296.612:65950): avc:  denied  { write } for  comm="Thread-7881" name="pulse_fifo_in" dev="dm-53" ino=332444 scontext=u:r:untrusted_app:s0:c183,c256,c512,c768 tcontext=u:object_r:app_data_file:s0 tclass=fifo_file permissive=1 app=com.kei.pulse
[ 1049.300661] type=1400 audit(1785264296.644:65951): avc:  denied  { search } for  comm="sh" name="0" dev="tmpfs" ino=12 scontext=u:r:xsud:s0 tcontext=u:object_r:mnt_user_file:s0 tclass=dir permissive=1
[ 1050.006935] init: Control message: Could not find 'vendor.qti.diaghal@1.0::Idiag/default' for ctl.interface_start from pid: 754 (/system/bin/hwservicemanager)
[ 1050.361483] type=1400 audit(1785264297.704:65952): avc:  denied  { setattr } for  comm="chmod" name="scaling_max_freq" dev="sysfs" ino=75043 scontext=u:r:xsud:s0 tcontext=u:object_r:sysfs_devices_system_cpu:s0 tclass=file permissive=1
[ 1051.009123] init: Control message: Could not find 'vendor.qti.diaghal@1.0::Idiag/default' for ctl.interface_start from pid: 754 (/system/bin/hwservicemanager)
[ 1052.011078] init: Control message: Could not find 'vendor.qti.diaghal@1.0::Idiag/default' for ctl.interface_start from pid: 754 (/system/bin/hwservicemanager)
[ 1052.859079] type=1400 audit(1785264300.200:65954): avc:  denied  { syslog_read } for  comm="dmesg" scontext=u:r:xsud:s0 tcontext=u:r:kernel:s0 tclass=system permissive=1
[ 1052.861323] type=1400 audit(1785264300.204:65955): avc:  denied  { syslog_mod } for  comm="dmesg" scontext=u:r:xsud:s0 tcontext=u:r:kernel:s0 tclass=system permissive=1
[ 1053.015298] init: Control message: Could not find 'vendor.qti.diaghal@1.0::Idiag/default' for ctl.interface_start from pid: 754 (/system/bin/hwservicemanager)
[ 1053.251205] type=1400 audit(1785264300.592:65956): avc:  denied  { read } for  comm="top" scontext=u:r:system_app:s0 tcontext=u:r:vendor_hal_usb_qti:s0 tclass=file permissive=1
[ 1053.252951] type=1400 audit(1785264300.592:65957): avc:  denied  { read } for  comm="top" scontext=u:r:system_app:s0 tcontext=u:r:vendor_perf_qesdk:s0 tclass=file permissive=1
[ 1053.254305] type=1400 audit(1785264300.596:65958): avc:  denied  { getattr } for  comm="top" path="/proc/1380" dev="proc" ino=756362 scontext=u:r:system_app:s0 tcontext=u:r:vendor_hal_identity_qti:s0 tclass=dir permissive=1
[ 1053.254595] type=1400 audit(1785264300.596:65959): avc:  denied  { search } for  comm="top" name="1380" dev="proc" ino=756362 scontext=u:r:system_app:s0 tcontext=u:r:vendor_hal_identity_qti:s0 tclass=dir permissive=1
[ 1053.254653] audit: audit_lost=61764 audit_rate_limit=5 audit_backlog_limit=64
[ 1053.254664] audit: rate limit exceeded
[ 1053.254756] type=1400 audit(1785264300.596:65960): avc:  denied  { getattr } for  comm="top" path="/proc/1386" dev="proc" ino=756363 scontext=u:r:system_app:s0 tcontext=u:r:hal_ir_default:s0 tclass=dir permissive=1
[ 1053.254829] type=1400 audit(1785264300.596:65961): avc:  denied  { search } for  comm="top" name="1386" dev="proc" ino=756363 scontext=u:r:system_app:s0 tcontext=u:r:hal_ir_default:s0 tclass=dir permissive=1
[ 1053.256707] type=1400 audit(1785264300.596:65962): avc:  denied  { read } for  comm="top" scontext=u:r:system_app:s0 tcontext=u:r:hal_power_default:s0 tclass=file permissive=1
[ 1054.022468] init: Control message: Could not find 'vendor.qti.diaghal@1.0::Idiag/default' for ctl.interface_start from pid: 754 (/system/bin/hwservicemanager)
[ 1054.257270] type=1400 audit(1785264301.600:65969): avc:  denied  { getattr } for  comm="top" path="/proc/1548" dev="proc" ino=756383 scontext=u:r:system_app:s0 tcontext=u:r:vendor_hal_qspmhal_default:s0 tclass=dir permissive=1
[ 1055.021572] init: Control message: Could not find 'vendor.qti.diaghal@1.0::Idiag/default' for ctl.interface_start from pid: 754 (/system/bin/hwservicemanager)
[ 1056.030025] init: Control message: Could not find 'vendor.qti.diaghal@1.0::Idiag/default' for ctl.interface_start from pid: 754 (/system/bin/hwservicemanager)
[ 1057.029854] init: Control message: Could not find 'vendor.qti.diaghal@1.0::Idiag/default' for ctl.interface_start from pid: 754 (/system/bin/hwservicemanager)
[ 1057.288720] audit: audit_lost=61770 audit_rate_limit=5 audit_backlog_limit=64
[ 1057.288732] audit: rate limit exceeded
[ 1058.030159] init: Control message: Could not find 'vendor.qti.diaghal@1.0::Idiag/default' for ctl.interface_start from pid: 754 (/system/bin/hwservicemanager)
[ 1058.242233] servicemanager: Found vendor.qti.hardware.perf2.IPerf/default in device VINTF manifest.
[ 1058.271740] init: Control message: Could not find 'vendor.qti.diaghal@1.0::Idiag/default' for ctl.interface_start from pid: 754 (/system/bin/hwservicemanager)
[ 1058.273918] init: Control message: Could not find 'vendor.qti.diaghal@1.0::Idiag/default' for ctl.interface_start from pid: 754 (/system/bin/hwservicemanager)
[ 1058.405298] type=1400 audit(1785264305.748:66159): avc:  denied  { write } for  comm="Thread-8064" name="pulse_fifo_in" dev="dm-53" ino=332444 scontext=u:r:untrusted_app:s0:c183,c256,c512,c768 tcontext=u:object_r:app_data_file:s0 tclass=fifo_file permissive=1 app=com.kei.pulse
[ 1058.434213] type=1400 audit(1785264305.776:66160): avc:  denied  { read } for  comm="cat" name="gpuclk" dev="sysfs" ino=124210 scontext=u:r:xsud:s0 tcontext=u:object_r:vendor_sysfs_kgsl_gpuclk:s0 tclass=file permissive=1
[ 1058.437733] type=1400 audit(1785264305.776:66161): avc:  denied  { open } for  comm="cat" path="/sys/devices/platform/soc/3d00000.qcom,kgsl-3d0/kgsl/kgsl-3d0/gpuclk" dev="sysfs" ino=124210 scontext=u:r:xsud:s0 tcontext=u:object_r:vendor_sysfs_kgsl_gpuclk:s0 tclass=file permissive=1
[ 1058.442242] audit: audit_lost=61950 audit_rate_limit=5 audit_backlog_limit=64
[ 1058.442250] audit: rate limit exceeded
[ 1058.442519] type=1400 audit(1785264305.784:66162): avc:  denied  { setattr } for  comm="chmod" name="scaling_max_freq" dev="sysfs" ino=75043 scontext=u:r:xsud:s0 tcontext=u:object_r:sysfs_devices_system_cpu:s0 tclass=file permissive=1
[ 1058.442797] type=1400 audit(1785264305.784:66163): avc:  denied  { fowner } for  comm="chmod" capability=3  scontext=u:r:xsud:s0 tcontext=u:r:xsud:s0 tclass=capability permissive=1
[ 1058.788904] wcd-usbss-i2c-driver 1-000e: wcd_usbss_is_in_reset_state: Surge check #3 failed
[ 1059.275125] init: Control message: Could not find 'vendor.qti.diaghal@1.0::Idiag/default' for ctl.interface_start from pid: 754 (/system/bin/hwservicemanager)
[ 1059.409989] type=1400 audit(1785264306.752:66241): avc:  denied  { search } for  comm="cat" name="battery" dev="sysfs" ino=141568 scontext=u:r:xsud:s0 tcontext=u:object_r:vendor_sysfs_battery_supply:s0 tclass=dir permissive=1
[ 1059.524630] type=1400 audit(1785264306.868:66242): avc:  denied  { read } for  comm="top" scontext=u:r:system_app:s0 tcontext=u:r:vendor_hal_qesdhal_default:s0 tclass=file permissive=1
[ 1059.525016] type=1400 audit(1785264306.868:66243): avc:  denied  { read } for  comm="top" scontext=u:r:system_app:s0 tcontext=u:r:vendor_hal_secureprocessor_qti:s0 tclass=file permissive=1
[ 1059.525244] type=1400 audit(1785264306.868:66244): avc:  denied  { read } for  comm="top" scontext=u:r:system_app:s0 tcontext=u:r:vendor_sxrd_vndr:s0 tclass=file permissive=1
[ 1059.529329] type=1400 audit(1785264306.872:66245): avc:  denied  { open } for  comm="top" path="/proc/1469/stat" dev="proc" ino=756455 scontext=u:r:system_app:s0 tcontext=u:r:vendor_hal_qesdhal_default:s0 tclass=file permissive=1
[ 1059.529952] audit: audit_lost=62027 audit_rate_limit=5 audit_backlog_limit=64
[ 1059.529962] audit: rate limit exceeded
[ 1060.277654] init: Control message: Could not find 'vendor.qti.diaghal@1.0::Idiag/default' for ctl.interface_start from pid: 754 (/system/bin/hwservicemanager)
[ 1061.278150] init: Control message: Could not find 'vendor.qti.diaghal@1.0::Idiag/default' for ctl.interface_start from pid: 754 (/system/bin/hwservicemanager)
[ 1061.525201] audit: audit_lost=62059 audit_rate_limit=5 audit_backlog_limit=64
[ 1061.525212] audit: rate limit exceeded
[ 1062.280255] init: Control message: Could not find 'vendor.qti.diaghal@1.0::Idiag/default' for ctl.interface_start from pid: 754 (/system/bin/hwservicemanager)
[ 1062.737537] audit: audit_lost=62069 audit_rate_limit=5 audit_backlog_limit=64
[ 1062.737550] audit: rate limit exceeded
[ 1063.285738] init: Control message: Could not find 'vendor.qti.diaghal@1.0::Idiag/default' for ctl.interface_start from pid: 754 (/system/bin/hwservicemanager)
[ 1063.579475] type=1400 audit(1785264310.920:66300): avc:  denied  { read } for  comm="dmesg" name="kmsg" dev="tmpfs" ino=5 scontext=u:r:xsud:s0 tcontext=u:object_r:kmsg_device:s0 tclass=chr_file permissive=1
[ 1063.579897] type=1400 audit(1785264310.920:66301): avc:  denied  { open } for  comm="dmesg" path="/dev/kmsg" dev="tmpfs" ino=5 scontext=u:r:xsud:s0 tcontext=u:object_r:kmsg_device:s0 tclass=chr_file permissive=1
[ 1064.288927] init: Control message: Could not find 'vendor.qti.diaghal@1.0::Idiag/default' for ctl.interface_start from pid: 754 (/system/bin/hwservicemanager)
[ 1065.089761] type=1400 audit(1785264312.432:66302): avc:  denied  { connectto } for  comm="xsu" path="/dev/socket/xsud" scontext=u:r:untrusted_app:s0:c183,c256,c512,c768 tcontext=u:r:xsud:s0 tclass=unix_stream_socket permissive=1 app=com.kei.pulse
[ 1065.251253] type=1400 audit(1785264312.592:66303): avc:  denied  { read } for  comm="top" scontext=u:r:system_app:s0 tcontext=u:r:servicemanager:s0 tclass=file permissive=1
[ 1065.253918] type=1400 audit(1785264312.592:66304): avc:  denied  { read } for  comm="top" scontext=u:r:system_app:s0 tcontext=u:r:vendor_spdaemon:s0 tclass=file permissive=1
[ 1065.254575] type=1400 audit(1785264312.592:66305): avc:  denied  { read } for  comm="top" scontext=u:r:system_app:s0 tcontext=u:r:vendor_sec_nvm:s0 tclass=file permissive=1
[ 1065.255007] type=1400 audit(1785264312.592:66306): avc:  denied  { read } for  comm="top" scontext=u:r:system_app:s0 tcontext=u:r:vendor_hal_trustedui_qti:s0 tclass=file permissive=1
[ 1065.255309] type=1400 audit(1785264312.596:66307): avc:  denied  { open } for  comm="top" path="/proc/752/stat" dev="proc" ino=756384 scontext=u:r:system_app:s0 tcontext=u:r:servicemanager:s0 tclass=file permissive=1
[ 1065.256005] type=1400 audit(1785264312.596:66308): avc:  denied  { open } for  comm="top" path="/proc/1067/stat" dev="proc" ino=756403 scontext=u:r:system_app:s0 tcontext=u:r:vendor_spdaemon:s0 tclass=file permissive=1
[ 1065.256906] type=1400 audit(1785264312.596:66309): avc:  denied  { open } for  comm="top" path="/proc/1068/stat" dev="proc" ino=756407 scontext=u:r:system_app:s0 tcontext=u:r:vendor_sec_nvm:s0 tclass=file permissive=1
[ 1065.257583] audit: audit_lost=62071 audit_rate_limit=5 audit_backlog_limit=64
[ 1065.257594] audit: rate limit exceeded
[ 1065.291776] init: Control message: Could not find 'vendor.qti.diaghal@1.0::Idiag/default' for ctl.interface_start from pid: 754 (/system/bin/hwservicemanager)
[ 1066.291249] init: Control message: Could not find 'vendor.qti.diaghal@1.0::Idiag/default' for ctl.interface_start from pid: 754 (/system/bin/hwservicemanager)
[ 1067.252979] audit: audit_lost=62074 audit_rate_limit=5 audit_backlog_limit=64
[ 1067.252991] audit: rate limit exceeded
[ 1067.297426] init: Control message: Could not find 'vendor.qti.diaghal@1.0::Idiag/default' for ctl.interface_start from pid: 754 (/system/bin/hwservicemanager)
[ 1068.299909] init: Control message: Could not find 'vendor.qti.diaghal@1.0::Idiag/default' for ctl.interface_start from pid: 754 (/system/bin/hwservicemanager)
[ 1069.310471] init: Control message: Could not find 'vendor.qti.diaghal@1.0::Idiag/default' for ctl.interface_start from pid: 754 (/system/bin/hwservicemanager)
[ 1070.247549] type=1400 audit(1785264317.588:66322): avc:  denied  { read } for  comm="top" name="pid_max" dev="proc" ino=756353 scontext=u:r:system_app:s0 tcontext=u:object_r:proc_pid_max:s0 tclass=file permissive=1
[ 1070.248447] type=1400 audit(1785264317.588:66323): avc:  denied  { open } for  comm="top" path="/proc/sys/kernel/pid_max" dev="proc" ino=756353 scontext=u:r:system_app:s0 tcontext=u:object_r:proc_pid_max:s0 tclass=file permissive=1
[ 1070.250043] type=1400 audit(1785264317.592:66324): avc:  denied  { read } for  comm="top" scontext=u:r:system_app:s0 tcontext=u:r:vendor_hal_sensorscalibrate_qti_default:s0 tclass=file permissive=1
[ 1070.250342] type=1400 audit(1785264317.592:66325): avc:  denied  { read } for  comm="top" scontext=u:r:system_app:s0 tcontext=u:r:vendor_hal_gatekeeper_qti:s0 tclass=file permissive=1
[ 1070.252543] audit: audit_lost=62078 audit_rate_limit=5 audit_backlog_limit=64
[ 1070.252552] audit: rate limit exceeded
[ 1070.254414] type=1400 audit(1785264317.596:66326): avc:  denied  { read } for  comm="top" scontext=u:r:system_app:s0 tcontext=u:r:vendor_trusteduilistener:s0 tclass=file permissive=1
[ 1070.309884] init: Control message: Could not find 'vendor.qti.diaghal@1.0::Idiag/default' for ctl.interface_start from pid: 754 (/system/bin/hwservicemanager)
[ 1071.313328] init: Control message: Could not find 'vendor.qti.diaghal@1.0::Idiag/default' for ctl.interface_start from pid: 754 (/system/bin/hwservicemanager)
[ 1072.313890] init: Control message: Could not find 'vendor.qti.diaghal@1.0::Idiag/default' for ctl.interface_start from pid: 754 (/system/bin/hwservicemanager)
[ 1073.317385] init: Control message: Could not find 'vendor.qti.diaghal@1.0::Idiag/default' for ctl.interface_start from pid: 754 (/system/bin/hwservicemanager)
[ 1073.892789] wcd-usbss-i2c-driver 1-000e: wcd_usbss_is_in_reset_state: Surge check #3 failed
[ 1074.223538] type=1400 audit(1785264321.564:66341): avc:  denied  { execute } for  comm="DefaultDispatch" name="xsu" dev="dm-11" ino=188 scontext=u:r:untrusted_app:s0:c183,c256,c512,c768 tcontext=u:object_r:xsu_exec:s0 tclass=file permissive=1 app=com.kei.pulse
[ 1074.225873] type=1400 audit(1785264321.564:66342): avc:  denied  { read open } for  comm="DefaultDispatch" path="/product/bin/xsu" dev="dm-11" ino=188 scontext=u:r:untrusted_app:s0:c183,c256,c512,c768 tcontext=u:object_r:xsu_exec:s0 tclass=file permissive=1 app=com.kei.pulse
[ 1074.226470] type=1400 audit(1785264321.564:66343): avc:  denied  { execute_no_trans } for  comm="DefaultDispatch" path="/product/bin/xsu" dev="dm-11" ino=188 scontext=u:r:untrusted_app:s0:c183,c256,c512,c768 tcontext=u:object_r:xsu_exec:s0 tclass=file permissive=1 app=com.kei.pulse
[ 1074.227022] type=1400 audit(1785264321.568:66344): avc:  denied  { map } for  comm="xsu" path="/product/bin/xsu" dev="dm-11" ino=188 scontext=u:r:untrusted_app:s0:c183,c256,c512,c768 tcontext=u:object_r:xsu_exec:s0 tclass=file permissive=1 app=com.kei.pulse
[ 1074.230381] type=1400 audit(1785264321.572:66345): avc:  denied  { getattr } for  comm="xsu" path="/product/bin/xsu" dev="dm-11" ino=188 scontext=u:r:untrusted_app:s0:c183,c256,c512,c768 tcontext=u:object_r:xsu_exec:s0 tclass=file permissive=1 app=com.kei.pulse
[ 1074.249879] audit: audit_lost=62092 audit_rate_limit=5 audit_backlog_limit=64
[ 1074.249892] audit: rate limit exceeded
[ 1074.318905] init: Control message: Could not find 'vendor.qti.diaghal@1.0::Idiag/default' for ctl.interface_start from pid: 754 (/system/bin/hwservicemanager)
[ 1075.325551] init: Control message: Could not find 'vendor.qti.diaghal@1.0::Idiag/default' for ctl.interface_start from pid: 754 (/system/bin/hwservicemanager)
[ 1075.516061] type=1400 audit(1785264322.856:66348): avc:  denied  { read } for  comm="top" scontext=u:r:system_app:s0 tcontext=u:r:vendor_hal_keymint_spu_qti:s0 tclass=file permissive=1
[ 1075.527476] type=1400 audit(1785264322.868:66349): avc:  denied  { open } for  comm="top" path="/proc/1073/stat" dev="proc" ino=756411 scontext=u:r:system_app:s0 tcontext=u:r:vendor_hal_keymint_spu_qti:s0 tclass=file permissive=1
[ 1075.529573] type=1400 audit(1785264322.872:66350): avc:  denied  { getattr } for  comm="top" path="/proc/1479" dev="proc" ino=756373 scontext=u:r:system_app:s0 tcontext=u:r:hal_fingerprint_default:s0 tclass=dir permissive=1
[ 1075.529631] audit: audit_lost=62094 audit_rate_limit=5 audit_backlog_limit=64
[ 1075.529641] audit: rate limit exceeded
[ 1075.530457] type=1400 audit(1785264322.872:66351): avc:  denied  { search } for  comm="top" name="1479" dev="proc" ino=756373 scontext=u:r:system_app:s0 tcontext=u:r:hal_fingerprint_default:s0 tclass=dir permissive=1
[ 1075.531126] type=1400 audit(1785264322.872:66352): avc:  denied  { getattr } for  comm="top" path="/proc/1483" dev="proc" ino=756374 scontext=u:r:system_app:s0 tcontext=u:r:vendor_hal_capabilityconfigstore_qti_default:s0 tclass=dir permissive=1
[ 1076.342170] init: Control message: Could not find 'vendor.qti.diaghal@1.0::Idiag/default' for ctl.interface_start from pid: 754 (/system/bin/hwservicemanager)
[ 1077.261080] type=1400 audit(1785264324.600:66361): avc:  denied  { read } for  comm="top" scontext=u:r:system_app:s0 tcontext=u:r:vendor_hal_qseecom_default:s0 tclass=file permissive=1
[ 1077.275776] type=1400 audit(1785264324.608:66362): avc:  denied  { open } for  comm="top" path="/proc/907/stat" dev="proc" ino=756399 scontext=u:r:system_app:s0 tcontext=u:r:vendor_hal_qseecom_default:s0 tclass=file permissive=1
[ 1077.276713] type=1400 audit(1785264324.608:66363): avc:  denied  { getattr } for  comm="top" path="/proc/1455" dev="proc" ino=756367 scontext=u:r:system_app:s0 tcontext=u:r:vendor_hal_spu_qti:s0 tclass=dir permissive=1
[ 1077.276970] type=1400 audit(1785264324.608:66364): avc:  denied  { search } for  comm="top" name="1455" dev="proc" ino=756367 scontext=u:r:system_app:s0 tcontext=u:r:vendor_hal_spu_qti:s0 tclass=dir permissive=1
[ 1077.341570] init: Control message: Could not find 'vendor.qti.diaghal@1.0::Idiag/default' for ctl.interface_start from pid: 754 (/system/bin/hwservicemanager)
[ 1078.245712] type=1400 audit(1785264325.588:66365): avc:  denied  { getattr } for  comm="DefaultDispatch" path="/dev/ttyHS5" dev="tmpfs" ino=1195 scontext=u:r:system_app:s0 tcontext=u:object_r:device:s0 tclass=chr_file permissive=1
[ 1078.272933] audit: audit_lost=62102 audit_rate_limit=5 audit_backlog_limit=64
[ 1078.272946] audit: rate limit exceeded
[ 1078.346372] init: Control message: Could not find 'vendor.qti.diaghal@1.0::Idiag/default' for ctl.interface_start from pid: 754 (/system/bin/hwservicemanager)
[ 1078.669808] servicemanager: Found vendor.qti.hardware.perf2.IPerf/default in device VINTF manifest.
[ 1078.685115] init: Control message: Could not find 'vendor.qti.diaghal@1.0::Idiag/default' for ctl.interface_start from pid: 754 (/system/bin/hwservicemanager)
[ 1078.687064] init: Control message: Could not find 'vendor.qti.diaghal@1.0::Idiag/default' for ctl.interface_start from pid: 754 (/system/bin/hwservicemanager)
[ 1079.276881] audit: audit_lost=62409 audit_rate_limit=5 audit_backlog_limit=64
[ 1079.276893] audit: rate limit exceeded
[ 1079.690832] init: Control message: Could not find 'vendor.qti.diaghal@1.0::Idiag/default' for ctl.interface_start from pid: 754 (/system/bin/hwservicemanager)
[ 1080.537398] type=1400 audit(1785264327.880:66722): avc:  denied  { read } for  comm="top" scontext=u:r:system_app:s0 tcontext=u:r:vendor_qwesd:s0 tclass=file permissive=1
[ 1080.542034] audit: audit_lost=62445 audit_rate_limit=5 audit_backlog_limit=64
[ 1080.542043] audit: rate limit exceeded
[ 1080.542179] type=1400 audit(1785264327.884:66723): avc:  denied  { getattr } for  comm="top" path="/proc/1386" dev="proc" ino=756363 scontext=u:r:system_app:s0 tcontext=u:r:hal_ir_default:s0 tclass=dir permissive=1
[ 1080.692994] init: Control message: Could not find 'vendor.qti.diaghal@1.0::Idiag/default' for ctl.interface_start from pid: 754 (/system/bin/hwservicemanager)
[ 1081.541053] type=1400 audit(1785264328.884:66745): avc:  denied  { getattr } for  comm="Performance-Tim" path="/proc/stat" dev="proc" ino=4026532011 scontext=u:r:system_app:s0 tcontext=u:object_r:proc_stat:s0 tclass=file permissive=1
[ 1081.694238] init: Control message: Could not find 'vendor.qti.diaghal@1.0::Idiag/default' for ctl.interface_start from pid: 754 (/system/bin/hwservicemanager)
[ 1081.834330] type=1400 audit(1785264329.176:66746): avc:  denied  { setattr } for  comm="chmod" name="scaling_max_freq" dev="sysfs" ino=75043 scontext=u:r:xsud:s0 tcontext=u:object_r:sysfs_devices_system_cpu:s0 tclass=file permissive=1
[ 1081.834986] type=1400 audit(1785264329.176:66747): avc:  denied  { fowner } for  comm="chmod" capability=3  scontext=u:r:xsud:s0 tcontext=u:r:xsud:s0 tclass=capability permissive=1
[ 1081.835131] type=1400 audit(1785264329.176:66748): avc:  denied  { fsetid } for  comm="chmod" capability=4  scontext=u:r:xsud:s0 tcontext=u:r:xsud:s0 tclass=capability permissive=1
[ 1081.837695] type=1400 audit(1785264329.176:66749): avc:  denied  { write } for  comm="sh" name="scaling_max_freq" dev="sysfs" ino=75043 scontext=u:r:xsud:s0 tcontext=u:object_r:sysfs_devices_system_cpu:s0 tclass=file permissive=1
[ 1082.107579] audit: audit_lost=62466 audit_rate_limit=5 audit_backlog_limit=64
[ 1082.107593] audit: rate limit exceeded
[ 1082.698616] init: Control message: Could not find 'vendor.qti.diaghal@1.0::Idiag/default' for ctl.interface_start from pid: 754 (/system/bin/hwservicemanager)
[ 1083.701923] init: Control message: Could not find 'vendor.qti.diaghal@1.0::Idiag/default' for ctl.interface_start from pid: 754 (/system/bin/hwservicemanager)
[ 1084.213099] type=1400 audit(1785264331.548:66760): avc:  denied  { connectto } for  comm="xsu" path="/dev/socket/xsud" scontext=u:r:untrusted_app:s0:c183,c256,c512,c768 tcontext=u:r:xsud:s0 tclass=unix_stream_socket permissive=1 app=com.kei.pulse
[ 1084.247700] type=1400 audit(1785264331.588:66761): avc:  denied  { read } for  comm="top" name="pid_max" dev="proc" ino=756353 scontext=u:r:system_app:s0 tcontext=u:object_r:proc_pid_max:s0 tclass=file permissive=1
[ 1084.248423] type=1400 audit(1785264331.588:66762): avc:  denied  { open } for  comm="top" path="/proc/sys/kernel/pid_max" dev="proc" ino=756353 scontext=u:r:system_app:s0 tcontext=u:object_r:proc_pid_max:s0 tclass=file permissive=1
[ 1084.249421] audit: audit_lost=62476 audit_rate_limit=5 audit_backlog_limit=64
[ 1084.249427] audit: rate limit exceeded
[ 1084.702100] init: Control message: Could not find 'vendor.qti.diaghal@1.0::Idiag/default' for ctl.interface_start from pid: 754 (/system/bin/hwservicemanager)
[ 1085.335048] audit: audit_lost=62638 audit_rate_limit=5 audit_backlog_limit=64
[ 1085.335060] audit: rate limit exceeded
[ 1085.732697] init: Control message: Could not find 'vendor.qti.diaghal@1.0::Idiag/default' for ctl.interface_start from pid: 754 (/system/bin/hwservicemanager)
[ 1086.240375] type=1400 audit(1785264333.580:66985): avc:  denied  { read } for  comm="top" name="pid_max" dev="proc" ino=756353 scontext=u:r:system_app:s0 tcontext=u:object_r:proc_pid_max:s0 tclass=file permissive=1
[ 1086.240960] type=1400 audit(1785264333.580:66986): avc:  denied  { open } for  comm="top" path="/proc/sys/kernel/pid_max" dev="proc" ino=756353 scontext=u:r:system_app:s0 tcontext=u:object_r:proc_pid_max:s0 tclass=file permissive=1
[ 1086.246539] type=1400 audit(1785264333.584:66987): avc:  denied  { read } for  comm="top" scontext=u:r:system_app:s0 tcontext=u:r:servicemanager:s0 tclass=file permissive=1
[ 1086.246898] type=1400 audit(1785264333.584:66988): avc:  denied  { read } for  comm="top" scontext=u:r:system_app:s0 tcontext=u:r:hwservicemanager:s0 tclass=file permissive=1
[ 1086.247191] type=1400 audit(1785264333.584:66989): avc:  denied  { read } for  comm="top" scontext=u:r:system_app:s0 tcontext=u:r:vndservicemanager:s0 tclass=file permissive=1
[ 1086.422870] audit: audit_lost=62748 audit_rate_limit=5 audit_backlog_limit=64
[ 1086.422881] audit: rate limit exceeded
[ 1086.532477] [kworke][0x4e93e8530][18:45:33.878372] kiwi_v2: [859:I:PMO] pmo_core_psoc_send_host_wakeup_ind_to_fw: Host wakeup indication sent to fw
[ 1086.706624] init: Control message: Could not find 'vendor.qti.diaghal@1.0::Idiag/default' for ctl.interface_start from pid: 754 (/system/bin/hwservicemanager)
[ 1086.812216] adsp_sleepmon: Audio: num_sessions=0,num_lpi_sessions=0,timer_pending=1
[ 1087.287082] type=1400 audit(1785264334.628:67161): avc:  denied  { write } for  comm="xsu" name="xsud" dev="tmpfs" ino=1381 scontext=u:r:untrusted_app:s0:c183,c256,c512,c768 tcontext=u:object_r:xsud_socket:s0 tclass=sock_file permissive=1 app=com.kei.pulse
[ 1087.306317] type=1400 audit(1785264334.648:67162): avc:  denied  { search } for  comm="cat" name="battery" dev="sysfs" ino=141568 scontext=u:r:xsud:s0 tcontext=u:object_r:vendor_sysfs_battery_supply:s0 tclass=dir permissive=1
[ 1087.475367] type=1400 audit(1785264334.816:67163): avc:  denied  { read } for  comm="top" scontext=u:r:system_app:s0 tcontext=u:r:hal_light_default:s0 tclass=file permissive=1
[ 1087.475604] audit: audit_lost=62862 audit_rate_limit=5 audit_backlog_limit=64
[ 1087.475611] type=1400 audit(1785264334.816:67164): avc:  denied  { read } for  comm="top" scontext=u:r:system_app:s0 tcontext=u:r:vendor_hal_secureprocessor_qti:s0 tclass=file permissive=1
[ 1087.475612] audit: rate limit exceeded
[ 1087.475749] type=1400 audit(1785264334.816:67165): avc:  denied  { read } for  comm="top" scontext=u:r:system_app:s0 tcontext=u:r:vendor_sxrd_vndr:s0 tclass=file permissive=1
[ 1087.708687] init: Control message: Could not find 'vendor.qti.diaghal@1.0::Idiag/default' for ctl.interface_start from pid: 754 (/system/bin/hwservicemanager)
[ 1088.650597] audit: audit_lost=62941 audit_rate_limit=5 audit_backlog_limit=64
[ 1088.650610] audit: rate limit exceeded
[ 1088.713371] init: Control message: Could not find 'vendor.qti.diaghal@1.0::Idiag/default' for ctl.interface_start from pid: 754 (/system/bin/hwservicemanager)
[ 1088.997665] wcd-usbss-i2c-driver 1-000e: wcd_usbss_is_in_reset_state: Surge check #3 failed
[ 1089.715115] init: Control message: Could not find 'vendor.qti.diaghal@1.0::Idiag/default' for ctl.interface_start from pid: 754 (/system/bin/hwservicemanager)
[ 1090.021967] [kworke][0x4ed3cd43d][18:45:37.367852] kiwi_v2: [2202:I:PMO] pmo_core_enable_wow_in_fw: drv wow is enabled
[ 1090.211034] audit: audit_lost=62977 audit_rate_limit=5 audit_backlog_limit=64
[ 1090.211064] audit: rate limit exceeded
[ 1090.718003] init: Control message: Could not find 'vendor.qti.diaghal@1.0::Idiag/default' for ctl.interface_start from pid: 754 (/system/bin/hwservicemanager)
[ 1091.720521] init: Control message: Could not find 'vendor.qti.diaghal@1.0::Idiag/default' for ctl.interface_start from pid: 754 (/system/bin/hwservicemanager)
[ 1091.961881] type=1400 audit(1785264339.304:67312): avc:  denied  { search } for  comm="sh" name="0" dev="tmpfs" ino=12 scontext=u:r:xsud:s0 tcontext=u:object_r:mnt_user_file:s0 tclass=dir permissive=1
[ 1091.991334] type=1400 audit(1785264339.332:67313): avc:  denied  { syslog_read } for  comm="dmesg" scontext=u:r:xsud:s0 tcontext=u:r:kernel:s0 tclass=system permissive=1
[ 1091.992224] type=1400 audit(1785264339.336:67314): avc:  denied  { syslog_mod } for  comm="dmesg" scontext=u:r:xsud:s0 tcontext=u:r:kernel:s0 tclass=system permissive=1
[ 1092.063581] adsp_sleepmon: timer_event = 1,suspend_event = 0
[ 1092.246951] type=1400 audit(1785264339.588:67315): avc:  denied  { read } for  comm="top" scontext=u:r:system_app:s0 tcontext=u:r:vendor_hal_usb_qti:s0 tclass=file permissive=1
[ 1092.250504] type=1400 audit(1785264339.592:67316): avc:  denied  { open } for  comm="top" path="/proc/1447/stat" dev="proc" ino=756431 scontext=u:r:system_app:s0 tcontext=u:r:vendor_hal_usb_qti:s0 tclass=file permissive=1
[ 1092.255943] audit: audit_lost=62998 audit_rate_limit=5 audit_backlog_limit=64
[ 1092.255953] audit: rate limit exceeded
[ 1092.722227] init: Control message: Could not find 'vendor.qti.diaghal@1.0::Idiag/default' for ctl.interface_start from pid: 754 (/system/bin/hwservicemanager)
[ 1093.235166] type=1400 audit(1785264340.576:67335): avc:  denied  { read } for  comm="top" scontext=u:r:system_app:s0 tcontext=u:r:vendor_hal_poweroptservice_qti:s0 tclass=file permissive=1
[ 1093.237745] type=1400 audit(1785264340.580:67336): avc:  denied  { getattr } for  comm="top" path="/proc/1354" dev="proc" ino=756361 scontext=u:r:system_app:s0 tcontext=u:r:hal_allocator_default:s0 tclass=dir permissive=1
[ 1093.238738] type=1400 audit(1785264340.580:67337): avc:  denied  { search } for  comm="top" name="1354" dev="proc" ino=756361 scontext=u:r:system_app:s0 tcontext=u:r:hal_allocator_default:s0 tclass=dir permissive=1
[ 1093.244731] type=1400 audit(1785264340.580:67338): avc:  denied  { open } for  comm="top" path="/proc/1466/stat" dev="proc" ino=756451 scontext=u:r:system_app:s0 tcontext=u:r:vendor_hal_poweroptservice_qti:s0 tclass=file permissive=1
[ 1093.245227] type=1400 audit(1785264340.588:67339): avc:  denied  { getattr } for  comm="top" path="/proc/1554" dev="proc" ino=717672 scontext=u:r:system_app:s0 tcontext=u:r:hal_tsnv_default:s0 tclass=dir permissive=1
[ 1093.408537] audit: audit_lost=63019 audit_rate_limit=5 audit_backlog_limit=64
[ 1093.408551] audit: rate limit exceeded
[ 1093.725666] init: Control message: Could not find 'vendor.qti.diaghal@1.0::Idiag/default' for ctl.interface_start from pid: 754 (/system/bin/hwservicemanager)
[ 1094.727386] init: Control message: Could not find 'vendor.qti.diaghal@1.0::Idiag/default' for ctl.interface_start from pid: 754 (/system/bin/hwservicemanager)
[ 1095.055562] audit: audit_lost=63027 audit_rate_limit=5 audit_backlog_limit=64
[ 1095.055574] audit: rate limit exceeded
[ 1095.084377] [drm:dsi_display_set_mode [msm_drm]] [msm-dsi-info]: mdp_transfer_time=0, hactive=1080, vactive=1920, fps=120, clk_rate=0
[ 1095.729633] init: Control message: Could not find 'vendor.qti.diaghal@1.0::Idiag/default' for ctl.interface_start from pid: 754 (/system/bin/hwservicemanager)
[ 1096.202859] audit: audit_lost=63131 audit_rate_limit=5 audit_backlog_limit=64
[ 1096.202868] audit: rate limit exceeded
[ 1096.730034] init: Control message: Could not find 'vendor.qti.diaghal@1.0::Idiag/default' for ctl.interface_start from pid: 754 (/system/bin/hwservicemanager)
[ 1097.215763] audit: audit_lost=63168 audit_rate_limit=5 audit_backlog_limit=64
[ 1097.215769] audit: rate limit exceeded
[ 1097.732507] init: Control message: Could not find 'vendor.qti.diaghal@1.0::Idiag/default' for ctl.interface_start from pid: 754 (/system/bin/hwservicemanager)
[ 1097.947969] type=1400 audit(1785264345.292:67517): avc:  denied  { search } for  comm="sh" name="0" dev="tmpfs" ino=12 scontext=u:r:xsud:s0 tcontext=u:object_r:mnt_user_file:s0 tclass=dir permissive=1
[ 1098.669522] audit: audit_lost=63178 audit_rate_limit=5 audit_backlog_limit=64
[ 1098.669526] audit: rate limit exceeded
[ 1098.669546] type=1400 audit(1785264346.012:67518): avc:  denied  { execute } for  comm="DefaultDispatch" name="xsu" dev="dm-11" ino=188 scontext=u:r:untrusted_app:s0:c183,c256,c512,c768 tcontext=u:object_r:xsu_exec:s0 tclass=file permissive=1 app=com.kei.pulse
[ 1098.669776] type=1400 audit(1785264346.012:67519): avc:  denied  { read open } for  comm="DefaultDispatch" path="/product/bin/xsu" dev="dm-11" ino=188 scontext=u:r:untrusted_app:s0:c183,c256,c512,c768 tcontext=u:object_r:xsu_exec:s0 tclass=file permissive=1 app=com.kei.pulse
[ 1098.669836] type=1400 audit(1785264346.012:67520): avc:  denied  { execute_no_trans } for  comm="DefaultDispatch" path="/product/bin/xsu" dev="dm-11" ino=188 scontext=u:r:untrusted_app:s0:c183,c256,c512,c768 tcontext=u:object_r:xsu_exec:s0 tclass=file permissive=1 app=com.kei.pulse
[ 1098.669980] type=1400 audit(1785264346.012:67521): avc:  denied  { map } for  comm="xsu" path="/product/bin/xsu" dev="dm-11" ino=188 scontext=u:r:untrusted_app:s0:c183,c256,c512,c768 tcontext=u:object_r:xsu_exec:s0 tclass=file permissive=1 app=com.kei.pulse
[ 1098.711553] servicemanager: Found vendor.qti.hardware.perf2.IPerf/default in device VINTF manifest.
[ 1098.715919] init: Control message: Could not find 'vendor.qti.diaghal@1.0::Idiag/default' for ctl.interface_start from pid: 754 (/system/bin/hwservicemanager)
[ 1098.716076] init: Control message: Could not find 'vendor.qti.diaghal@1.0::Idiag/default' for ctl.interface_start from pid: 754 (/system/bin/hwservicemanager)
[ 1098.957793] type=1400 audit(1785264346.300:67552): avc:  denied  { write } for  comm="Thread-8809" name="pulse_fifo_in" dev="dm-53" ino=332444 scontext=u:r:untrusted_app:s0:c183,c256,c512,c768 tcontext=u:object_r:app_data_file:s0 tclass=fifo_file permissive=1 app=com.kei.pulse
[ 1098.970665] type=1400 audit(1785264346.312:67553): avc:  denied  { search } for  comm="sh" name="com.kei.pulse" dev="dm-53" ino=329013 scontext=u:r:xsud:s0 tcontext=u:object_r:app_data_file:s0:c183,c256,c512,c768 tclass=dir permissive=1
[ 1098.970907] type=1400 audit(1785264346.312:67554): avc:  denied  { read } for  comm="sh" name="pulse_fifo_in" dev="dm-53" ino=332444 scontext=u:r:xsud:s0 tcontext=u:object_r:app_data_file:s0 tclass=fifo_file permissive=1
[ 1098.971104] type=1400 audit(1785264346.312:67555): avc:  denied  { open } for  comm="sh" path="/data/user/0/com.kei.pulse/files/pulse_fifo_in" dev="dm-53" ino=332444 scontext=u:r:xsud:s0 tcontext=u:object_r:app_data_file:s0 tclass=fifo_file permissive=1
[ 1099.211040] type=1400 audit(1785264346.552:67556): avc:  denied  { read } for  comm="top" scontext=u:r:system_app:s0 tcontext=u:r:hwservicemanager:s0 tclass=file permissive=1
[ 1099.718153] init: Control message: Could not find 'vendor.qti.diaghal@1.0::Idiag/default' for ctl.interface_start from pid: 754 (/system/bin/hwservicemanager)
[ 1099.858439] audit: audit_lost=63369 audit_rate_limit=5 audit_backlog_limit=64
[ 1099.858444] audit: rate limit exceeded
[ 1100.719338] init: Control message: Could not find 'vendor.qti.diaghal@1.0::Idiag/default' for ctl.interface_start from pid: 754 (/system/bin/hwservicemanager)
[ 1101.207124] audit: audit_lost=63379 audit_rate_limit=5 audit_backlog_limit=64
[ 1101.207129] audit: rate limit exceeded
[ 1101.720658] init: Control message: Could not find 'vendor.qti.diaghal@1.0::Idiag/default' for ctl.interface_start from pid: 754 (/system/bin/hwservicemanager)
[ 1102.211108] audit: audit_lost=63389 audit_rate_limit=5 audit_backlog_limit=64
[ 1102.211112] audit: rate limit exceeded
[ 1102.721987] init: Control message: Could not find 'vendor.qti.diaghal@1.0::Idiag/default' for ctl.interface_start from pid: 754 (/system/bin/hwservicemanager)
[ 1103.215081] type=1400 audit(1785264350.556:67765): avc:  denied  { read } for  comm="top" scontext=u:r:system_app:s0 tcontext=u:r:hal_fingerprint_default:s0 tclass=file permissive=1
[ 1103.215458] type=1400 audit(1785264350.556:67766): avc:  denied  { read } for  comm="top" scontext=u:r:system_app:s0 tcontext=u:r:vendor_hal_capabilityconfigstore_qti_default:s0 tclass=file permissive=1
[ 1103.215501] type=1400 audit(1785264350.556:67767): avc:  denied  { read } for  comm="top" scontext=u:r:system_app:s0 tcontext=u:r:vendor_per_proxy:s0 tclass=file permissive=1
[ 1103.217043] type=1400 audit(1785264350.560:67768): avc:  denied  { getattr } for  comm="top" path="/proc/1073" dev="proc" ino=756360 scontext=u:r:system_app:s0 tcontext=u:r:vendor_hal_keymint_spu_qti:s0 tclass=dir permissive=1
[ 1103.217150] type=1400 audit(1785264350.560:67769): avc:  denied  { search } for  comm="top" name="1073" dev="proc" ino=756360 scontext=u:r:system_app:s0 tcontext=u:r:vendor_hal_keymint_spu_qti:s0 tclass=dir permissive=1
[ 1103.218394] audit: audit_lost=63401 audit_rate_limit=5 audit_backlog_limit=64
[ 1103.218399] audit: rate limit exceeded
[ 1103.723253] init: Control message: Could not find 'vendor.qti.diaghal@1.0::Idiag/default' for ctl.interface_start from pid: 754 (/system/bin/hwservicemanager)
[ 1104.096860] wcd-usbss-i2c-driver 1-000e: wcd_usbss_is_in_reset_state: Surge check #3 failed
[ 1104.723676] init: Control message: Could not find 'vendor.qti.diaghal@1.0::Idiag/default' for ctl.interface_start from pid: 754 (/system/bin/hwservicemanager)
[ 1105.725859] init: Control message: Could not find 'vendor.qti.diaghal@1.0::Idiag/default' for ctl.interface_start from pid: 754 (/system/bin/hwservicemanager)
[ 1106.206756] type=1400 audit(1785264353.548:67777): avc:  denied  { read } for  comm="top" scontext=u:r:system_app:s0 tcontext=u:r:vendor_hal_qesdhal_default:s0 tclass=file permissive=1
[ 1106.207119] type=1400 audit(1785264353.548:67778): avc:  denied  { read } for  comm="top" scontext=u:r:system_app:s0 tcontext=u:r:vendor_hal_secureprocessor_qti:s0 tclass=file permissive=1
[ 1106.207859] type=1400 audit(1785264353.552:67779): avc:  denied  { open } for  comm="top" path="/proc/1469/stat" dev="proc" ino=756455 scontext=u:r:system_app:s0 tcontext=u:r:vendor_hal_qesdhal_default:s0 tclass=file permissive=1
[ 1106.208239] audit: audit_lost=63408 audit_rate_limit=5 audit_backlog_limit=64
[ 1106.208242] audit: rate limit exceeded
[ 1106.208263] type=1400 audit(1785264353.552:67780): avc:  denied  { open } for  comm="top" path="/proc/1508/stat" dev="proc" ino=756475 scontext=u:r:system_app:s0 tcontext=u:r:vendor_hal_secureprocessor_qti:s0 tclass=file permissive=1
[ 1106.208450] type=1400 audit(1785264353.552:67781): avc:  denied  { getattr } for  comm="top" path="/proc/1542" dev="proc" ino=756382 scontext=u:r:system_app:s0 tcontext=u:r:vendor_hal_qspa_default:s0 tclass=dir permissive=1
[ 1106.270364] healthd: battery l=72 v=8042 t=35.0 h=2 st=3 c=-342415 fc=4162000 cc=0 chg=a
[ 1106.302701] BATTERY_CHG: battery_psy_set_online: battery_psy_set_online: set online 1
[ 1106.316469] BATTERY_CHG: battery_psy_set_online: battery_psy_set_online: set online 1
[ 1106.727295] init: Control message: Could not find 'vendor.qti.diaghal@1.0::Idiag/default' for ctl.interface_start from pid: 754 (/system/bin/hwservicemanager)
[ 1107.213561] audit: audit_lost=63445 audit_rate_limit=5 audit_backlog_limit=64
[ 1107.213566] audit: rate limit exceeded
[ 1107.729588] init: Control message: Could not find 'vendor.qti.diaghal@1.0::Idiag/default' for ctl.interface_start from pid: 754 (/system/bin/hwservicemanager)
[ 1108.379195] type=1400 audit(1785264355.720:67872): avc:  denied  { read } for  comm="dmesg" name="kmsg" dev="tmpfs" ino=5 scontext=u:r:xsud:s0 tcontext=u:object_r:kmsg_device:s0 tclass=chr_file permissive=1
[ 1108.379675] type=1400 audit(1785264355.720:67873): avc:  denied  { open } for  comm="dmesg" path="/dev/kmsg" dev="tmpfs" ino=5 scontext=u:r:xsud:s0 tcontext=u:object_r:kmsg_device:s0 tclass=chr_file permissive=1
[ 1108.468994] type=1400 audit(1785264355.812:67874): avc:  denied  { getattr } for  comm="top" path="/proc/1469" dev="proc" ino=756371 scontext=u:r:system_app:s0 tcontext=u:r:vendor_hal_qesdhal_default:s0 tclass=dir permissive=1
[ 1108.469407] type=1400 audit(1785264355.812:67875): avc:  denied  { search } for  comm="top" name="1469" dev="proc" ino=756371 scontext=u:r:system_app:s0 tcontext=u:r:vendor_hal_qesdhal_default:s0 tclass=dir permissive=1
[ 1108.730202] init: Control message: Could not find 'vendor.qti.diaghal@1.0::Idiag/default' for ctl.interface_start from pid: 754 (/system/bin/hwservicemanager)
[ 1109.105432] type=1400 audit(1785264356.448:67876): avc:  denied  { search } for  comm="sh" name="com.kei.pulse" dev="dm-53" ino=329013 scontext=u:r:xsud:s0 tcontext=u:object_r:app_data_file:s0:c183,c256,c512,c768 tclass=dir permissive=1
[ 1109.137577] audit: audit_lost=63493 audit_rate_limit=5 audit_backlog_limit=64
[ 1109.137586] audit: rate limit exceeded
[ 1109.733044] init: Control message: Could not find 'vendor.qti.diaghal@1.0::Idiag/default' for ctl.interface_start from pid: 754 (/system/bin/hwservicemanager)
[ 1110.193417] type=1400 audit(1785264357.536:67888): avc:  denied  { read } for  comm="Performance-Tim" name="pwm1" dev="sysfs" ino=115174 scontext=u:r:system_app:s0 tcontext=u:object_r:sysfs:s0 tclass=file permissive=1
[ 1110.193657] type=1400 audit(1785264357.536:67889): avc:  denied  { open } for  comm="Performance-Tim" path="/sys/devices/platform/soc/soc:pwm-fan/hwmon/hwmon0/pwm1" dev="sysfs" ino=115174 scontext=u:r:system_app:s0 tcontext=u:object_r:sysfs:s0 tclass=file permissive=1
[ 1110.193849] type=1400 audit(1785264357.536:67890): avc:  denied  { getattr } for  comm="Performance-Tim" path="/sys/devices/platform/soc/soc:pwm-fan/hwmon/hwmon0/pwm1" dev="sysfs" ino=115174 scontext=u:r:system_app:s0 tcontext=u:object_r:sysfs:s0 tclass=file permissive=1
[ 1110.208276] type=1400 audit(1785264357.552:67891): avc:  denied  { getattr } for  comm="top" path="/proc/1479" dev="proc" ino=756373 scontext=u:r:system_app:s0 tcontext=u:r:hal_fingerprint_default:s0 tclass=dir permissive=1
[ 1110.208426] type=1400 audit(1785264357.552:67892): avc:  denied  { search } for  comm="top" name="1479" dev="proc" ino=756373 scontext=u:r:system_app:s0 tcontext=u:r:hal_fingerprint_default:s0 tclass=dir permissive=1
[ 1110.208970] audit: audit_lost=63504 audit_rate_limit=5 audit_backlog_limit=64
[ 1110.208975] audit: rate limit exceeded
[ 1110.733990] init: Control message: Could not find 'vendor.qti.diaghal@1.0::Idiag/default' for ctl.interface_start from pid: 754 (/system/bin/hwservicemanager)
[ 1111.735728] init: Control message: Could not find 'vendor.qti.diaghal@1.0::Idiag/default' for ctl.interface_start from pid: 754 (/system/bin/hwservicemanager)
[ 1112.737929] init: Control message: Could not find 'vendor.qti.diaghal@1.0::Idiag/default' for ctl.interface_start from pid: 754 (/system/bin/hwservicemanager)
[ 1113.434785] type=1400 audit(1785264360.776:67901): avc:  denied  { syslog } for  comm="dmesg" capability=34  scontext=u:r:xsud:s0 tcontext=u:r:xsud:s0 tclass=capability2 permissive=1
[ 1113.739004] init: Control message: Could not find 'vendor.qti.diaghal@1.0::Idiag/default' for ctl.interface_start from pid: 754 (/system/bin/hwservicemanager)
[ 1114.210661] type=1400 audit(1785264361.552:67902): avc:  denied  { read } for  comm="top" scontext=u:r:system_app:s0 tcontext=u:r:vendor_hal_qspmhal_default:s0 tclass=file permissive=1
[ 1114.212534] type=1400 audit(1785264361.556:67903): avc:  denied  { getattr } for  comm="top" path="/proc/1466" dev="proc" ino=756370 scontext=u:r:system_app:s0 tcontext=u:r:vendor_hal_poweroptservice_qti:s0 tclass=dir permissive=1
[ 1114.212737] type=1400 audit(1785264361.556:67904): avc:  denied  { search } for  comm="top" name="1466" dev="proc" ino=756370 scontext=u:r:system_app:s0 tcontext=u:r:vendor_hal_poweroptservice_qti:s0 tclass=dir permissive=1
[ 1114.213528] type=1400 audit(1785264361.556:67905): avc:  denied  { open } for  comm="top" path="/proc/1548/stat" dev="proc" ino=756503 scontext=u:r:system_app:s0 tcontext=u:r:vendor_hal_qspmhal_default:s0 tclass=file permissive=1
[ 1114.213914] type=1400 audit(1785264361.556:67906): avc:  denied  { getattr } for  comm="top" path="/proc/1641" dev="proc" ino=717673 scontext=u:r:system_app:s0 tcontext=u:r:vendor_qwesd:s0 tclass=dir permissive=1
[ 1114.214114] type=1400 audit(1785264361.556:67907): avc:  denied  { search } for  comm="top" name="1641" dev="proc" ino=717673 scontext=u:r:system_app:s0 tcontext=u:r:vendor_qwesd:s0 tclass=dir permissive=1
[ 1114.740638] init: Control message: Could not find 'vendor.qti.diaghal@1.0::Idiag/default' for ctl.interface_start from pid: 754 (/system/bin/hwservicemanager)
[ 1115.741545] init: Control message: Could not find 'vendor.qti.diaghal@1.0::Idiag/default' for ctl.interface_start from pid: 754 (/system/bin/hwservicemanager)
[ 1116.518597] type=1400 audit(1785264363.860:67908): avc:  denied  { open } for  comm="DefaultDispatch" path="/proc/stat" dev="proc" ino=4026532011 scontext=u:r:untrusted_app:s0:c183,c256,c512,c768 tcontext=u:object_r:proc_stat:s0 tclass=file permissive=1 app=com.kei.pulse
[ 1116.518999] type=1400 audit(1785264363.860:67909): avc:  denied  { getattr } for  comm="DefaultDispatch" path="/proc/stat" dev="proc" ino=4026532011 scontext=u:r:untrusted_app:s0:c183,c256,c512,c768 tcontext=u:object_r:proc_stat:s0 tclass=file permissive=1 app=com.kei.pulse
[ 1116.743079] init: Control message: Could not find 'vendor.qti.diaghal@1.0::Idiag/default' for ctl.interface_start from pid: 754 (/system/bin/hwservicemanager)
[ 1117.744608] init: Control message: Could not find 'vendor.qti.diaghal@1.0::Idiag/default' for ctl.interface_start from pid: 754 (/system/bin/hwservicemanager)
[ 1118.726259] type=1400 audit(1785264366.068:67910): avc:  denied  { getattr } for  comm="DefaultDispatch" path="/dev/ttyHS5" dev="tmpfs" ino=1195 scontext=u:r:system_app:s0 tcontext=u:object_r:device:s0 tclass=chr_file permissive=1
[ 1118.745521] init: Control message: Could not find 'vendor.qti.diaghal@1.0::Idiag/default' for ctl.interface_start from pid: 754 (/system/bin/hwservicemanager)
[ 1118.798852] type=1400 audit(1785264366.140:67911): avc:  denied  { execute } for  comm="DefaultDispatch" name="xsu" dev="dm-11" ino=188 scontext=u:r:untrusted_app:s0:c183,c256,c512,c768 tcontext=u:object_r:xsu_exec:s0 tclass=file permissive=1 app=com.kei.pulse
[ 1118.799002] type=1400 audit(1785264366.140:67912): avc:  denied  { read open } for  comm="DefaultDispatch" path="/product/bin/xsu" dev="dm-11" ino=188 scontext=u:r:untrusted_app:s0:c183,c256,c512,c768 tcontext=u:object_r:xsu_exec:s0 tclass=file permissive=1 app=com.kei.pulse
[ 1118.799070] type=1400 audit(1785264366.140:67913): avc:  denied  { execute_no_trans } for  comm="DefaultDispatch" path="/product/bin/xsu" dev="dm-11" ino=188 scontext=u:r:untrusted_app:s0:c183,c256,c512,c768 tcontext=u:object_r:xsu_exec:s0 tclass=file permissive=1 app=com.kei.pulse
[ 1118.799174] type=1400 audit(1785264366.140:67914): avc:  denied  { map } for  comm="xsu" path="/product/bin/xsu" dev="dm-11" ino=188 scontext=u:r:untrusted_app:s0:c183,c256,c512,c768 tcontext=u:object_r:xsu_exec:s0 tclass=file permissive=1 app=com.kei.pulse
[ 1118.799600] audit: audit_lost=63506 audit_rate_limit=5 audit_backlog_limit=64
[ 1118.799604] audit: rate limit exceeded
[ 1118.828198] servicemanager: Found vendor.qti.hardware.perf2.IPerf/default in device VINTF manifest.
[ 1118.834187] init: Control message: Could not find 'vendor.qti.diaghal@1.0::Idiag/default' for ctl.interface_start from pid: 754 (/system/bin/hwservicemanager)
[ 1118.834476] init: Control message: Could not find 'vendor.qti.diaghal@1.0::Idiag/default' for ctl.interface_start from pid: 754 (/system/bin/hwservicemanager)
[ 1119.201581] wcd-usbss-i2c-driver 1-000e: wcd_usbss_is_in_reset_state: Surge check #3 failed
[ 1119.779996] type=1400 audit(1785264367.120:68115): avc:  denied  { execute } for  comm="DefaultDispatch" name="xsu" dev="dm-11" ino=188 scontext=u:r:untrusted_app:s0:c183,c256,c512,c768 tcontext=u:object_r:xsu_exec:s0 tclass=file permissive=1 app=com.kei.pulse
[ 1119.780354] type=1400 audit(1785264367.120:68116): avc:  denied  { read open } for  comm="DefaultDispatch" path="/product/bin/xsu" dev="dm-11" ino=188 scontext=u:r:untrusted_app:s0:c183,c256,c512,c768 tcontext=u:object_r:xsu_exec:s0 tclass=file permissive=1 app=com.kei.pulse
[ 1119.780534] type=1400 audit(1785264367.120:68117): avc:  denied  { execute_no_trans } for  comm="DefaultDispatch" path="/product/bin/xsu" dev="dm-11" ino=188 scontext=u:r:untrusted_app:s0:c183,c256,c512,c768 tcontext=u:object_r:xsu_exec:s0 tclass=file permissive=1 app=com.kei.pulse
[ 1119.780756] type=1400 audit(1785264367.120:68118): avc:  denied  { map } for  comm="xsu" path="/product/bin/xsu" dev="dm-11" ino=188 scontext=u:r:untrusted_app:s0:c183,c256,c512,c768 tcontext=u:object_r:xsu_exec:s0 tclass=file permissive=1 app=com.kei.pulse
[ 1119.781001] type=1400 audit(1785264367.124:68119): avc:  denied  { getattr } for  comm="xsu" path="/product/bin/xsu" dev="dm-11" ino=188 scontext=u:r:untrusted_app:s0:c183,c256,c512,c768 tcontext=u:object_r:xsu_exec:s0 tclass=file permissive=1 app=com.kei.pulse
[ 1119.836779] init: Control message: Could not find 'vendor.qti.diaghal@1.0::Idiag/default' for ctl.interface_start from pid: 754 (/system/bin/hwservicemanager)
[ 1120.185719] audit: audit_lost=63706 audit_rate_limit=5 audit_backlog_limit=64
[ 1120.185742] audit: rate limit exceeded
[ 1120.837612] init: Control message: Could not find 'vendor.qti.diaghal@1.0::Idiag/default' for ctl.interface_start from pid: 754 (/system/bin/hwservicemanager)
[ 1121.202478] audit: audit_lost=63741 audit_rate_limit=5 audit_backlog_limit=64
[ 1121.202491] audit: rate limit exceeded
[ 1121.839560] init: Control message: Could not find 'vendor.qti.diaghal@1.0::Idiag/default' for ctl.interface_start from pid: 754 (/system/bin/hwservicemanager)
[ 1122.840449] init: Control message: Could not find 'vendor.qti.diaghal@1.0::Idiag/default' for ctl.interface_start from pid: 754 (/system/bin/hwservicemanager)
[ 1123.841436] init: Control message: Could not find 'vendor.qti.diaghal@1.0::Idiag/default' for ctl.interface_start from pid: 754 (/system/bin/hwservicemanager)
[ 1124.842812] init: Control message: Could not find 'vendor.qti.diaghal@1.0::Idiag/default' for ctl.interface_start from pid: 754 (/system/bin/hwservicemanager)
[ 1125.843896] init: Control message: Could not find 'vendor.qti.diaghal@1.0::Idiag/default' for ctl.interface_start from pid: 754 (/system/bin/hwservicemanager)
[ 1126.845047] init: Control message: Could not find 'vendor.qti.diaghal@1.0::Idiag/default' for ctl.interface_start from pid: 754 (/system/bin/hwservicemanager)
[ 1127.845914] init: Control message: Could not find 'vendor.qti.diaghal@1.0::Idiag/default' for ctl.interface_start from pid: 754 (/system/bin/hwservicemanager)
[ 1128.577467] type=1400 audit(1785264375.920:68164): avc:  denied  { syslog_read } for  comm="dmesg" scontext=u:r:xsud:s0 tcontext=u:r:kernel:s0 tclass=system permissive=1
[ 1128.577796] type=1400 audit(1785264375.920:68165): avc:  denied  { syslog_mod } for  comm="dmesg" scontext=u:r:xsud:s0 tcontext=u:r:kernel:s0 tclass=system permissive=1
[ 1128.848497] init: Control message: Could not find 'vendor.qti.diaghal@1.0::Idiag/default' for ctl.interface_start from pid: 754 (/system/bin/hwservicemanager)
[ 1129.196090] type=1400 audit(1785264376.540:68166): avc:  denied  { read } for  comm="top" scontext=u:r:system_app:s0 tcontext=u:r:vendor_hal_usb_qti:s0 tclass=file permissive=1
[ 1129.196308] type=1400 audit(1785264376.540:68167): avc:  denied  { read } for  comm="top" scontext=u:r:system_app:s0 tcontext=u:r:vendor_perf_qesdk:s0 tclass=file permissive=1
[ 1129.197256] audit: audit_lost=63745 audit_rate_limit=5 audit_backlog_limit=64
[ 1129.197261] audit: rate limit exceeded
[ 1129.197317] type=1400 audit(1785264376.540:68168): avc:  denied  { getattr } for  comm="top" path="/proc/1380" dev="proc" ino=756362 scontext=u:r:system_app:s0 tcontext=u:r:vendor_hal_identity_qti:s0 tclass=dir permissive=1
[ 1129.850718] init: Control message: Could not find 'vendor.qti.diaghal@1.0::Idiag/default' for ctl.interface_start from pid: 754 (/system/bin/hwservicemanager)
[ 1130.850949] init: Control message: Could not find 'vendor.qti.diaghal@1.0::Idiag/default' for ctl.interface_start from pid: 754 (/system/bin/hwservicemanager)
[ 1131.852239] init: Control message: Could not find 'vendor.qti.diaghal@1.0::Idiag/default' for ctl.interface_start from pid: 754 (/system/bin/hwservicemanager)
[ 1132.853785] init: Control message: Could not find 'vendor.qti.diaghal@1.0::Idiag/default' for ctl.interface_start from pid: 754 (/system/bin/hwservicemanager)
[ 1133.855792] init: Control message: Could not find 'vendor.qti.diaghal@1.0::Idiag/default' for ctl.interface_start from pid: 754 (/system/bin/hwservicemanager)
[ 1134.194486] type=1400 audit(1785264381.536:68172): avc:  denied  { getattr } for  comm="top" path="/proc/3431" dev="proc" ino=717687 scontext=u:r:system_app:s0 tcontext=u:r:vendor_qspmsvc:s0 tclass=dir permissive=1
[ 1134.194718] type=1400 audit(1785264381.536:68173): avc:  denied  { search } for  comm="top" name="3431" dev="proc" ino=717687 scontext=u:r:system_app:s0 tcontext=u:r:vendor_qspmsvc:s0 tclass=dir permissive=1
[ 1134.306675] wcd-usbss-i2c-driver 1-000e: wcd_usbss_is_in_reset_state: Surge check #3 failed
[ 1134.856741] init: Control message: Could not find 'vendor.qti.diaghal@1.0::Idiag/default' for ctl.interface_start from pid: 754 (/system/bin/hwservicemanager)
[ 1135.858756] init: Control message: Could not find 'vendor.qti.diaghal@1.0::Idiag/default' for ctl.interface_start from pid: 754 (/system/bin/hwservicemanager)
[ 1136.859201] init: Control message: Could not find 'vendor.qti.diaghal@1.0::Idiag/default' for ctl.interface_start from pid: 754 (/system/bin/hwservicemanager)
[ 1137.860906] init: Control message: Could not find 'vendor.qti.diaghal@1.0::Idiag/default' for ctl.interface_start from pid: 754 (/system/bin/hwservicemanager)
[ 1138.824086] type=1400 audit(1785264386.164:68174): avc:  denied  { getattr } for  comm="DefaultDispatch" path="/dev/ttyHS5" dev="tmpfs" ino=1195 scontext=u:r:system_app:s0 tcontext=u:object_r:device:s0 tclass=chr_file permissive=1
[ 1138.847250] type=1400 audit(1785264386.188:68175): avc:  denied  { read } for  comm="DefaultDispatch" name="xsu" dev="dm-11" ino=188 scontext=u:r:untrusted_app:s0:c183,c256,c512,c768 tcontext=u:object_r:xsu_exec:s0 tclass=file permissive=1
[ 1138.847552] type=1400 audit(1785264386.188:68176): avc:  denied  { map } for  comm="xsu" path="/product/bin/xsu" dev="dm-11" ino=188 scontext=u:r:untrusted_app:s0:c183,c256,c512,c768 tcontext=u:object_r:xsu_exec:s0 tclass=file permissive=1
[ 1138.847584] type=1400 audit(1785264386.188:68177): avc:  denied  { execute } for  comm="xsu" path="/product/bin/xsu" dev="dm-11" ino=188 scontext=u:r:untrusted_app:s0:c183,c256,c512,c768 tcontext=u:object_r:xsu_exec:s0 tclass=file permissive=1
[ 1138.847898] type=1400 audit(1785264386.192:68178): avc:  denied  { getattr } for  comm="xsu" path="/product/bin/xsu" dev="dm-11" ino=188 scontext=u:r:untrusted_app:s0:c183,c256,c512,c768 tcontext=u:object_r:xsu_exec:s0 tclass=file permissive=1
[ 1138.855921] type=1400 audit(1785264386.200:68179): avc:  denied  { write } for  comm="xsu" name="xsud" dev="tmpfs" ino=1381 scontext=u:r:untrusted_app:s0:c183,c256,c512,c768 tcontext=u:object_r:xsud_socket:s0 tclass=sock_file permissive=1
[ 1138.856116] type=1400 audit(1785264386.200:68180): avc:  denied  { connectto } for  comm="xsu" path="/dev/socket/xsud" scontext=u:r:untrusted_app:s0:c183,c256,c512,c768 tcontext=u:r:xsud:s0 tclass=unix_stream_socket permissive=1
[ 1138.862824] init: Control message: Could not find 'vendor.qti.diaghal@1.0::Idiag/default' for ctl.interface_start from pid: 754 (/system/bin/hwservicemanager)
[ 1138.948575] servicemanager: Found vendor.qti.hardware.perf2.IPerf/default in device VINTF manifest.
[ 1138.948576] audit: audit_lost=63748 audit_rate_limit=5 audit_backlog_limit=64
[ 1138.948582] audit: rate limit exceeded
[ 1138.949450] type=1400 audit(1785264386.292:68181): avc:  denied  { open } for  comm="DefaultDispatch" path="/product/bin/xsu" dev="dm-11" ino=188 scontext=u:r:untrusted_app:s0:c183,c256,c512,c768 tcontext=u:object_r:xsu_exec:s0 tclass=file permissive=1 app=com.kei.pulse
[ 1138.953419] init: Control message: Could not find 'vendor.qti.diaghal@1.0::Idiag/default' for ctl.interface_start from pid: 754 (/system/bin/hwservicemanager)
[ 1138.953840] init: Control message: Could not find 'vendor.qti.diaghal@1.0::Idiag/default' for ctl.interface_start from pid: 754 (/system/bin/hwservicemanager)
[ 1139.874005] type=1400 audit(1785264387.216:68373): avc:  denied  { search } for  comm="cat" name="battery" dev="sysfs" ino=141568 scontext=u:r:xsud:s0 tcontext=u:object_r:vendor_sysfs_battery_supply:s0 tclass=dir permissive=1
[ 1139.874275] type=1400 audit(1785264387.216:68374): avc:  denied  { read } for  comm="cat" name="online" dev="sysfs" ino=141577 scontext=u:r:xsud:s0 tcontext=u:object_r:vendor_sysfs_battery_supply:s0 tclass=file permissive=1
[ 1139.874409] type=1400 audit(1785264387.216:68375): avc:  denied  { open } for  comm="cat" path="/sys/devices/platform/soc/soc:qcom,pmic_glink/soc:qcom,pmic_glink:qcom,battery_charger/power_supply/battery/online" dev="sysfs" ino=141577 scontext=u:r:xsud:s0 tcontext=u:object_r:vendor_sysfs_battery_supply:s0 tclass=file permissive=1
[ 1139.890258] type=1400 audit(1785264387.232:68376): avc:  denied  { search } for  comm="sh" name="0" dev="tmpfs" ino=12 scontext=u:r:xsud:s0 tcontext=u:object_r:mnt_user_file:s0 tclass=dir permissive=1
[ 1139.890672] type=1400 audit(1785264387.232:68377): avc:  denied  { read } for  comm="sh" name="primary" dev="tmpfs" ino=42 scontext=u:r:xsud:s0 tcontext=u:object_r:mnt_user_file:s0 tclass=lnk_file permissive=1
[ 1139.956795] init: Control message: Could not find 'vendor.qti.diaghal@1.0::Idiag/default' for ctl.interface_start from pid: 754 (/system/bin/hwservicemanager)
[ 1140.170095] audit: audit_lost=63945 audit_rate_limit=5 audit_backlog_limit=64
[ 1140.170102] audit: rate limit exceeded
[ 1140.957358] init: Control message: Could not find 'vendor.qti.diaghal@1.0::Idiag/default' for ctl.interface_start from pid: 754 (/system/bin/hwservicemanager)
[ 1141.152891] type=1400 audit(1785264388.496:68400): avc:  denied  { syslog_read } for  comm="dmesg" scontext=u:r:xsud:s0 tcontext=u:r:kernel:s0 tclass=system permissive=1
[ 1141.153495] type=1400 audit(1785264388.496:68401): avc:  denied  { syslog_mod } for  comm="dmesg" scontext=u:r:xsud:s0 tcontext=u:r:kernel:s0 tclass=system permissive=1
[ 1141.191757] type=1400 audit(1785264388.532:68402): avc:  denied  { read } for  comm="top" scontext=u:r:system_app:s0 tcontext=u:r:hal_power_default:s0 tclass=file permissive=1
[ 1141.192157] type=1400 audit(1785264388.532:68403): avc:  denied  { read } for  comm="top" scontext=u:r:system_app:s0 tcontext=u:r:vendor_qwesd:s0 tclass=file permissive=1
[ 1141.192319] type=1400 audit(1785264388.532:68404): avc:  denied  { read } for  comm="top" scontext=u:r:system_app:s0 tcontext=u:r:vendor_perf_qesdk:s0 tclass=file permissive=1
[ 1141.192787] audit: audit_lost=63961 audit_rate_limit=5 audit_backlog_limit=64
[ 1141.192792] audit: rate limit exceeded
[ 1141.958986] init: Control message: Could not find 'vendor.qti.diaghal@1.0::Idiag/default' for ctl.interface_start from pid: 754 (/system/bin/hwservicemanager)
[ 1142.326324] audit: audit_lost=63986 audit_rate_limit=5 audit_backlog_limit=64
[ 1142.326330] audit: rate limit exceeded
[ 1142.960681] init: Control message: Could not find 'vendor.qti.diaghal@1.0::Idiag/default' for ctl.interface_start from pid: 754 (/system/bin/hwservicemanager)
[ 1143.961773] init: Control message: Could not find 'vendor.qti.diaghal@1.0::Idiag/default' for ctl.interface_start from pid: 754 (/system/bin/hwservicemanager)
[ 1144.184974] audit: audit_lost=63992 audit_rate_limit=5 audit_backlog_limit=64
[ 1144.184982] audit: rate limit exceeded
[ 1144.963045] init: Control message: Could not find 'vendor.qti.diaghal@1.0::Idiag/default' for ctl.interface_start from pid: 754 (/system/bin/hwservicemanager)
[ 1145.964704] init: Control message: Could not find 'vendor.qti.diaghal@1.0::Idiag/default' for ctl.interface_start from pid: 754 (/system/bin/hwservicemanager)
[ 1146.966549] init: Control message: Could not find 'vendor.qti.diaghal@1.0::Idiag/default' for ctl.interface_start from pid: 754 (/system/bin/hwservicemanager)
[ 1147.432790] type=1400 audit(1785264394.776:68448): avc:  denied  { read } for  comm="top" scontext=u:r:system_app:s0 tcontext=u:r:vendor_hal_qesdhal_default:s0 tclass=file permissive=1
[ 1147.433230] type=1400 audit(1785264394.776:68449): avc:  denied  { read } for  comm="top" scontext=u:r:system_app:s0 tcontext=u:r:vendor_qesdsect:s0 tclass=file permissive=1
[ 1147.433485] type=1400 audit(1785264394.776:68450): avc:  denied  { read } for  comm="top" scontext=u:r:system_app:s0 tcontext=u:r:vendor_hal_secureprocessor_qti:s0 tclass=file permissive=1
[ 1147.433730] type=1400 audit(1785264394.776:68451): avc:  denied  { read } for  comm="top" scontext=u:r:system_app:s0 tcontext=u:r:vendor_sxrd_vndr:s0 tclass=file permissive=1
[ 1147.434647] audit: audit_lost=63994 audit_rate_limit=5 audit_backlog_limit=64
[ 1147.434652] audit: rate limit exceeded
[ 1147.434688] type=1400 audit(1785264394.776:68452): avc:  denied  { open } for  comm="top" path="/proc/1469/stat" dev="proc" ino=756455 scontext=u:r:system_app:s0 tcontext=u:r:vendor_hal_qesdhal_default:s0 tclass=file permissive=1
[ 1147.967693] init: Control message: Could not find 'vendor.qti.diaghal@1.0::Idiag/default' for ctl.interface_start from pid: 754 (/system/bin/hwservicemanager)
[ 1148.515136] type=1400 audit(1785264395.856:68469): avc:  denied  { read } for  comm="sh" name="pulse_fifo_in" dev="dm-53" ino=332444 scontext=u:r:xsud:s0 tcontext=u:object_r:app_data_file:s0 tclass=fifo_file permissive=1
[ 1148.515382] type=1400 audit(1785264395.856:68470): avc:  denied  { open } for  comm="sh" path="/data/user/0/com.kei.pulse/files/pulse_fifo_in" dev="dm-53" ino=332444 scontext=u:r:xsud:s0 tcontext=u:object_r:app_data_file:s0 tclass=fifo_file permissive=1
[ 1148.815608] type=1400 audit(1785264396.156:68471): avc:  denied  { append } for  comm="sh" name="pulse_20260728_203503_cap_poll.log" dev="fuse" ino=332447 scontext=u:r:xsud:s0 tcontext=u:object_r:fuse:s0 tclass=file permissive=1
[ 1148.815804] type=1400 audit(1785264396.160:68472): avc:  denied  { open } for  comm="sh" path="/storage/emulated/0/apl_pulse_logs/pulse_20260728_203503_cap_poll.log" dev="fuse" ino=332447 scontext=u:r:xsud:s0 tcontext=u:object_r:fuse:s0 tclass=file permissive=1
[ 1148.828979] type=1400 audit(1785264396.172:68473): avc:  denied  { ioctl } for  comm="dmesg" path="/storage/emulated/0/apl_pulse_logs/pulse_20260728_203503_dmesg.log" dev="fuse" ino=332449 ioctlcmd=0x5401 scontext=u:r:xsud:s0 tcontext=u:object_r:fuse:s0 tclass=file permissive=1
[ 1148.969471] init: Control message: Could not find 'vendor.qti.diaghal@1.0::Idiag/default' for ctl.interface_start from pid: 754 (/system/bin/hwservicemanager)
[ 1149.181896] audit: audit_lost=64010 audit_rate_limit=5 audit_backlog_limit=64
[ 1149.181903] audit: rate limit exceeded
[ 1149.410005] wcd-usbss-i2c-driver 1-000e: wcd_usbss_is_in_reset_state: Surge check #3 failed
[ 1149.971334] init: Control message: Could not find 'vendor.qti.diaghal@1.0::Idiag/default' for ctl.interface_start from pid: 754 (/system/bin/hwservicemanager)
[ 1150.187015] audit: audit_lost=64026 audit_rate_limit=5 audit_backlog_limit=64
[ 1150.187022] audit: rate limit exceeded
[ 1150.971637] init: Control message: Could not find 'vendor.qti.diaghal@1.0::Idiag/default' for ctl.interface_start from pid: 754 (/system/bin/hwservicemanager)
[ 1151.432938] audit: audit_lost=64046 audit_rate_limit=5 audit_backlog_limit=64
[ 1151.432945] audit: rate limit exceeded
[ 1151.972565] init: Control message: Could not find 'vendor.qti.diaghal@1.0::Idiag/default' for ctl.interface_start from pid: 754 (/system/bin/hwservicemanager)
[ 1152.974135] init: Control message: Could not find 'vendor.qti.diaghal@1.0::Idiag/default' for ctl.interface_start from pid: 754 (/system/bin/hwservicemanager)
[ 1153.178562] type=1400 audit(1785264400.520:68524): avc:  denied  { read } for  comm="top" scontext=u:r:system_app:s0 tcontext=u:r:vendor_hal_srvctracker_default:s0 tclass=file permissive=1
[ 1153.178951] type=1400 audit(1785264400.520:68525): avc:  denied  { read } for  comm="top" scontext=u:r:system_app:s0 tcontext=u:r:vendor_hal_dpmQmiMgr:s0 tclass=file permissive=1
[ 1153.179086] type=1400 audit(1785264400.520:68526): avc:  denied  { read } for  comm="top" scontext=u:r:system_app:s0 tcontext=u:r:vendor_trusteduilistener:s0 tclass=file permissive=1
[ 1153.180781] audit: audit_lost=64050 audit_rate_limit=5 audit_backlog_limit=64
[ 1153.180785] audit: rate limit exceeded
[ 1153.180834] type=1400 audit(1785264400.524:68527): avc:  denied  { getattr } for  comm="top" path="/proc/1495" dev="proc" ino=756375 scontext=u:r:system_app:s0 tcontext=u:r:hal_light_default:s0 tclass=dir permissive=1
[ 1153.181211] type=1400 audit(1785264400.524:68528): avc:  denied  { search } for  comm="top" name="1495" dev="proc" ino=756375 scontext=u:r:system_app:s0 tcontext=u:r:hal_light_default:s0 tclass=dir permissive=1
[ 1153.975524] init: Control message: Could not find 'vendor.qti.diaghal@1.0::Idiag/default' for ctl.interface_start from pid: 754 (/system/bin/hwservicemanager)
[ 1154.976453] init: Control message: Could not find 'vendor.qti.diaghal@1.0::Idiag/default' for ctl.interface_start from pid: 754 (/system/bin/hwservicemanager)
[ 1155.977019] init: Control message: Could not find 'vendor.qti.diaghal@1.0::Idiag/default' for ctl.interface_start from pid: 754 (/system/bin/hwservicemanager)
[ 1156.427080] type=1400 audit(1785264403.768:68547): avc:  denied  { getattr } for  comm="top" path="/proc/1469" dev="proc" ino=756371 scontext=u:r:system_app:s0 tcontext=u:r:vendor_hal_qesdhal_default:s0 tclass=dir permissive=1
[ 1156.427469] type=1400 audit(1785264403.768:68548): avc:  denied  { search } for  comm="top" name="1469" dev="proc" ino=756371 scontext=u:r:system_app:s0 tcontext=u:r:vendor_hal_qesdhal_default:s0 tclass=dir permissive=1
[ 1156.621438] type=1400 audit(1785264403.964:68549): avc:  denied  { search } for  comm="sh" name="com.kei.pulse" dev="dm-53" ino=329013 scontext=u:r:xsud:s0 tcontext=u:object_r:app_data_file:s0:c183,c256,c512,c768 tclass=dir permissive=1
[ 1156.978979] init: Control message: Could not find 'vendor.qti.diaghal@1.0::Idiag/default' for ctl.interface_start from pid: 754 (/system/bin/hwservicemanager)
[ 1157.980423] init: Control message: Could not find 'vendor.qti.diaghal@1.0::Idiag/default' for ctl.interface_start from pid: 754 (/system/bin/hwservicemanager)
[ 1158.955879] type=1400 audit(1785264406.300:68550): avc:  denied  { syslog } for  comm="dmesg" capability=34  scontext=u:r:xsud:s0 tcontext=u:r:xsud:s0 tclass=capability2 permissive=1
[ 1158.956018] type=1400 audit(1785264406.300:68551): avc:  denied  { syslog_mod } for  comm="dmesg" scontext=u:r:xsud:s0 tcontext=u:r:kernel:s0 tclass=system permissive=1
[ 1158.957496] type=1400 audit(1785264406.300:68552): avc:  denied  { getattr } for  comm="DefaultDispatch" path="/dev/ttyHS5" dev="tmpfs" ino=1195 scontext=u:r:system_app:s0 tcontext=u:object_r:device:s0 tclass=chr_file permissive=1
[ 1158.965242] type=1400 audit(1785264406.308:68553): avc:  denied  { execute } for  comm="DefaultDispatch" name="xsu" dev="dm-11" ino=188 scontext=u:r:untrusted_app:s0:c183,c256,c512,c768 tcontext=u:object_r:xsu_exec:s0 tclass=file permissive=1 app=com.kei.pulse
[ 1158.965540] type=1400 audit(1785264406.308:68554): avc:  denied  { read open } for  comm="DefaultDispatch" path="/product/bin/xsu" dev="dm-11" ino=188 scontext=u:r:untrusted_app:s0:c183,c256,c512,c768 tcontext=u:object_r:xsu_exec:s0 tclass=file permissive=1 app=com.kei.pulse
[ 1158.965667] type=1400 audit(1785264406.308:68555): avc:  denied  { execute_no_trans } for  comm="DefaultDispatch" path="/product/bin/xsu" dev="dm-11" ino=188 scontext=u:r:untrusted_app:s0:c183,c256,c512,c768 tcontext=u:object_r:xsu_exec:s0 tclass=file permissive=1 app=com.kei.pulse
[ 1158.965785] audit: audit_lost=64068 audit_rate_limit=5 audit_backlog_limit=64
[ 1158.965789] audit: rate limit exceeded
[ 1158.966132] type=1400 audit(1785264406.308:68556): avc:  denied  { map } for  comm="xsu" path="/product/bin/xsu" dev="dm-11" ino=188 scontext=u:r:untrusted_app:s0:c183,c256,c512,c768 tcontext=u:object_r:xsu_exec:s0 tclass=file permissive=1 app=com.kei.pulse
[ 1159.043887] servicemanager: Found vendor.qti.hardware.perf2.IPerf/default in device VINTF manifest.
[ 1159.050560] init: Control message: Could not find 'vendor.qti.diaghal@1.0::Idiag/default' for ctl.interface_start from pid: 754 (/system/bin/hwservicemanager)
[ 1159.051887] init: Control message: Could not find 'vendor.qti.diaghal@1.0::Idiag/default' for ctl.interface_start from pid: 754 (/system/bin/hwservicemanager)
[ 1160.052963] init: Control message: Could not find 'vendor.qti.diaghal@1.0::Idiag/default' for ctl.interface_start from pid: 754 (/system/bin/hwservicemanager)
[ 1160.137940] type=1400 audit(1785264407.480:68756): avc:  denied  { read } for  comm="cat" name="gpuclk" dev="sysfs" ino=124210 scontext=u:r:xsud:s0 tcontext=u:object_r:vendor_sysfs_kgsl_gpuclk:s0 tclass=file permissive=1
[ 1160.138260] type=1400 audit(1785264407.480:68757): avc:  denied  { open } for  comm="cat" path="/sys/devices/platform/soc/3d00000.qcom,kgsl-3d0/kgsl/kgsl-3d0/gpuclk" dev="sysfs" ino=124210 scontext=u:r:xsud:s0 tcontext=u:object_r:vendor_sysfs_kgsl_gpuclk:s0 tclass=file permissive=1
[ 1160.163770] audit: audit_lost=64267 audit_rate_limit=5 audit_backlog_limit=64
[ 1160.163776] audit: rate limit exceeded
[ 1160.166951] type=1400 audit(1785264407.508:68758): avc:  denied  { read } for  comm="top" scontext=u:r:system_app:s0 tcontext=u:r:servicemanager:s0 tclass=file permissive=1
[ 1161.055584] init: Control message: Could not find 'vendor.qti.diaghal@1.0::Idiag/default' for ctl.interface_start from pid: 754 (/system/bin/hwservicemanager)
[ 1161.168585] audit: audit_lost=64335 audit_rate_limit=5 audit_backlog_limit=64
[ 1161.168592] audit: rate limit exceeded
[ 1162.057004] init: Control message: Could not find 'vendor.qti.diaghal@1.0::Idiag/default' for ctl.interface_start from pid: 754 (/system/bin/hwservicemanager)
[ 1163.058730] init: Control message: Could not find 'vendor.qti.diaghal@1.0::Idiag/default' for ctl.interface_start from pid: 754 (/system/bin/hwservicemanager)
[ 1163.163211] audit: audit_lost=64339 audit_rate_limit=5 audit_backlog_limit=64
[ 1163.163217] audit: rate limit exceeded
[ 1164.059212] init: Control message: Could not find 'vendor.qti.diaghal@1.0::Idiag/default' for ctl.interface_start from pid: 754 (/system/bin/hwservicemanager)
[ 1164.513944] wcd-usbss-i2c-driver 1-000e: wcd_usbss_is_in_reset_state: Surge check #3 failed
[ 1164.795750] type=1400 audit(1785264412.140:68847): avc:  denied  { open } for  comm="DefaultDispatch" path="/proc/stat" dev="proc" ino=4026532011 scontext=u:r:untrusted_app:s0:c183,c256,c512,c768 tcontext=u:object_r:proc_stat:s0 tclass=file permissive=1 app=com.kei.pulse
[ 1164.796045] type=1400 audit(1785264412.140:68848): avc:  denied  { getattr } for  comm="DefaultDispatch" path="/proc/stat" dev="proc" ino=4026532011 scontext=u:r:untrusted_app:s0:c183,c256,c512,c768 tcontext=u:object_r:proc_stat:s0 tclass=file permissive=1 app=com.kei.pulse
[ 1165.061153] init: Control message: Could not find 'vendor.qti.diaghal@1.0::Idiag/default' for ctl.interface_start from pid: 754 (/system/bin/hwservicemanager)
[ 1165.168264] type=1400 audit(1785264412.512:68849): avc:  denied  { read } for  comm="top" scontext=u:r:system_app:s0 tcontext=u:r:vendor_hal_qspmhal_default:s0 tclass=file permissive=1
[ 1165.170197] type=1400 audit(1785264412.512:68850): avc:  denied  { getattr } for  comm="top" path="/proc/1466" dev="proc" ino=756370 scontext=u:r:system_app:s0 tcontext=u:r:vendor_hal_poweroptservice_qti:s0 tclass=dir permissive=1
[ 1165.170432] type=1400 audit(1785264412.512:68851): avc:  denied  { search } for  comm="top" name="1466" dev="proc" ino=756370 scontext=u:r:system_app:s0 tcontext=u:r:vendor_hal_poweroptservice_qti:s0 tclass=dir permissive=1
[ 1165.170980] audit: audit_lost=64343 audit_rate_limit=5 audit_backlog_limit=64
[ 1165.170986] audit: rate limit exceeded
[ 1166.062521] init: Control message: Could not find 'vendor.qti.diaghal@1.0::Idiag/default' for ctl.interface_start from pid: 754 (/system/bin/hwservicemanager)
[ 1166.270126] healthd: battery l=72 v=8047 t=35.0 h=2 st=3 c=-287482 fc=4162000 cc=0 chg=a
[ 1166.316360] BATTERY_CHG: battery_psy_set_online: battery_psy_set_online: set online 1
[ 1166.316852] type=1400 audit(1785264413.660:68855): avc:  denied  { write } for  comm="sh" name="online" dev="sysfs" ino=141577 scontext=u:r:xsud:s0 tcontext=u:object_r:vendor_sysfs_battery_supply:s0 tclass=file permissive=1
[ 1166.414895] type=1400 audit(1785264413.756:68856): avc:  denied  { read } for  comm="top" scontext=u:r:system_app:s0 tcontext=u:r:vendor_hal_identity_qti:s0 tclass=file permissive=1
[ 1166.415229] type=1400 audit(1785264413.756:68857): avc:  denied  { read } for  comm="top" scontext=u:r:system_app:s0 tcontext=u:r:hal_ir_default:s0 tclass=file permissive=1
[ 1166.415494] type=1400 audit(1785264413.756:68858): avc:  denied  { read } for  comm="top" scontext=u:r:system_app:s0 tcontext=u:r:vendor_qspmsvc:s0 tclass=file permissive=1
[ 1166.416705] audit: audit_lost=64346 audit_rate_limit=5 audit_backlog_limit=64
[ 1166.416710] audit: rate limit exceeded
[ 1166.416730] type=1400 audit(1785264413.760:68859): avc:  denied  { open } for  comm="top" path="/proc/1380/stat" dev="proc" ino=756419 scontext=u:r:system_app:s0 tcontext=u:r:vendor_hal_identity_qti:s0 tclass=file permissive=1
[ 1167.064457] init: Control message: Could not find 'vendor.qti.diaghal@1.0::Idiag/default' for ctl.interface_start from pid: 754 (/system/bin/hwservicemanager)
[ 1168.065075] init: Control message: Could not find 'vendor.qti.diaghal@1.0::Idiag/default' for ctl.interface_start from pid: 754 (/system/bin/hwservicemanager)
[ 1168.695507] audit: audit_lost=64356 audit_rate_limit=5 audit_backlog_limit=64
[ 1168.695513] audit: rate limit exceeded
[ 1169.066474] init: Control message: Could not find 'vendor.qti.diaghal@1.0::Idiag/default' for ctl.interface_start from pid: 754 (/system/bin/hwservicemanager)
[ 1170.068400] init: Control message: Could not find 'vendor.qti.diaghal@1.0::Idiag/default' for ctl.interface_start from pid: 754 (/system/bin/hwservicemanager)
[ 1170.228687] type=1400 audit(1785264417.572:68903): avc:  denied  { read } for  comm="cat" name="gpuclk" dev="sysfs" ino=124210 scontext=u:r:xsud:s0 tcontext=u:object_r:vendor_sysfs_kgsl_gpuclk:s0 tclass=file permissive=1
[ 1170.229078] type=1400 audit(1785264417.572:68904): avc:  denied  { open } for  comm="cat" path="/sys/devices/platform/soc/3d00000.qcom,kgsl-3d0/kgsl/kgsl-3d0/gpuclk" dev="sysfs" ino=124210 scontext=u:r:xsud:s0 tcontext=u:object_r:vendor_sysfs_kgsl_gpuclk:s0 tclass=file permissive=1
[ 1171.069685] init: Control message: Could not find 'vendor.qti.diaghal@1.0::Idiag/default' for ctl.interface_start from pid: 754 (/system/bin/hwservicemanager)
[ 1171.461673] type=1400 audit(1785264418.804:68905): avc:  denied  { search } for  comm="cat" name="battery" dev="sysfs" ino=141568 scontext=u:r:xsud:s0 tcontext=u:object_r:vendor_sysfs_battery_supply:s0 tclass=dir permissive=1
[ 1172.072090] init: Control message: Could not find 'vendor.qti.diaghal@1.0::Idiag/default' for ctl.interface_start from pid: 754 (/system/bin/hwservicemanager)
[ 1172.154093] type=1400 audit(1785264419.496:68906): avc:  denied  { read } for  comm="top" scontext=u:r:system_app:s0 tcontext=u:r:vendor_hal_capabilityconfigstore_qti_default:s0 tclass=file permissive=1
[ 1172.154445] type=1400 audit(1785264419.496:68907): avc:  denied  { read } for  comm="top" scontext=u:r:system_app:s0 tcontext=u:r:vendor_per_proxy:s0 tclass=file permissive=1
[ 1172.154638] type=1400 audit(1785264419.496:68908): avc:  denied  { read } for  comm="top" scontext=u:r:system_app:s0 tcontext=u:r:hal_fingerprint_default:s0 tclass=file permissive=1
[ 1172.155159] audit: audit_lost=64381 audit_rate_limit=5 audit_backlog_limit=64
[ 1172.155162] audit: rate limit exceeded
[ 1172.155224] type=1400 audit(1785264419.496:68909): avc:  denied  { open } for  comm="top" path="/proc/1479/stat" dev="proc" ino=756463 scontext=u:r:system_app:s0 tcontext=u:r:hal_fingerprint_default:s0 tclass=file permissive=1
[ 1172.660202] type=1400 audit(1785264420.004:68912): avc:  denied  { dac_read_search } for  comm="sh" capability=2  scontext=u:r:xsud:s0 tcontext=u:r:xsud:s0 tclass=capability permissive=1
[ 1173.074914] init: Control message: Could not find 'vendor.qti.diaghal@1.0::Idiag/default' for ctl.interface_start from pid: 754 (/system/bin/hwservicemanager)
[ 1173.154312] type=1400 audit(1785264420.496:68913): avc:  denied  { read } for  comm="top" scontext=u:r:system_app:s0 tcontext=u:r:vendor_hal_qesdhal_default:s0 tclass=file permissive=1
[ 1173.154846] type=1400 audit(1785264420.496:68914): avc:  denied  { read } for  comm="top" scontext=u:r:system_app:s0 tcontext=u:r:vendor_qesdsect:s0 tclass=file permissive=1
[ 1173.155786] audit: audit_lost=64383 audit_rate_limit=5 audit_backlog_limit=64
[ 1173.155788] audit: rate limit exceeded
[ 1174.076267] init: Control message: Could not find 'vendor.qti.diaghal@1.0::Idiag/default' for ctl.interface_start from pid: 754 (/system/bin/hwservicemanager)
[ 1174.159566] audit: audit_lost=64416 audit_rate_limit=5 audit_backlog_limit=64
[ 1174.159571] audit: rate limit exceeded
[ 1175.077433] init: Control message: Could not find 'vendor.qti.diaghal@1.0::Idiag/default' for ctl.interface_start from pid: 754 (/system/bin/hwservicemanager)
[ 1175.516748] [kworke][0x54f142151][18:47:02.862640] kiwi_v2: [8373:I:PMO] pmo_core_psoc_send_host_wakeup_ind_to_fw: Host wakeup indication sent to fw
[ 1175.526135] [soft_i][0x54f16e15c][18:47:02.872027] kiwi_v2: [0:I:WMA] WLAN triggered wakeup: BPF_ALLOW (39), vdev: 0 (STA)
[ 1175.526366] [soft_i][0x54f16f2d1][18:47:02.872260] kiwi_v2: [0:I:WMA] wma_wake_event_packet: Wake event packet:
[ 1176.078988] init: Control message: Could not find 'vendor.qti.diaghal@1.0::Idiag/default' for ctl.interface_start from pid: 754 (/system/bin/hwservicemanager)
[ 1176.142424] [kworke][0x54fcb6f4d][18:47:03.488320] kiwi_v2: [8373:I:PMO] pmo_core_enable_wow_in_fw: drv wow is enabled
[ 1176.146718] audit: audit_lost=64423 audit_rate_limit=5 audit_backlog_limit=64
[ 1176.146721] audit: rate limit exceeded
[ 1176.233156] type=1400 audit(1785264423.576:68983): avc:  denied  { search } for  comm="sh" name="/" dev="fuse" ino=131 scontext=u:r:xsud:s0 tcontext=u:object_r:fuse:s0 tclass=dir permissive=1
[ 1176.245963] type=1400 audit(1785264423.588:68984): avc:  denied  { read } for  comm="dmesg" name="kmsg" dev="tmpfs" ino=5 scontext=u:r:xsud:s0 tcontext=u:object_r:kmsg_device:s0 tclass=chr_file permissive=1
[ 1176.246116] type=1400 audit(1785264423.588:68985): avc:  denied  { open } for  comm="dmesg" path="/dev/kmsg" dev="tmpfs" ino=5 scontext=u:r:xsud:s0 tcontext=u:object_r:kmsg_device:s0 tclass=chr_file permissive=1
[ 1177.081240] init: Control message: Could not find 'vendor.qti.diaghal@1.0::Idiag/default' for ctl.interface_start from pid: 754 (/system/bin/hwservicemanager)
[ 1177.153497] type=1400 audit(1785264424.496:68986): avc:  denied  { read } for  comm="top" name="pid_max" dev="proc" ino=756353 scontext=u:r:system_app:s0 tcontext=u:object_r:proc_pid_max:s0 tclass=file permissive=1
[ 1177.153648] type=1400 audit(1785264424.496:68987): avc:  denied  { open } for  comm="top" path="/proc/sys/kernel/pid_max" dev="proc" ino=756353 scontext=u:r:system_app:s0 tcontext=u:object_r:proc_pid_max:s0 tclass=file permissive=1
[ 1177.154336] audit: audit_lost=64439 audit_rate_limit=5 audit_backlog_limit=64
[ 1177.154340] audit: rate limit exceeded
[ 1177.409676] type=1400 audit(1785264424.752:68998): avc:  denied  { read } for  comm="top" scontext=u:r:system_app:s0 tcontext=u:r:vendor_hal_qspa_default:s0 tclass=file permissive=1
[ 1177.410002] type=1400 audit(1785264424.752:68999): avc:  denied  { read } for  comm="top" scontext=u:r:system_app:s0 tcontext=u:r:vendor_tcmd:s0 tclass=file permissive=1
[ 1177.411009] type=1400 audit(1785264424.752:69000): avc:  denied  { getattr } for  comm="top" path="/proc/1469" dev="proc" ino=756371 scontext=u:r:system_app:s0 tcontext=u:r:vendor_hal_qesdhal_default:s0 tclass=dir permissive=1
[ 1177.411235] type=1400 audit(1785264424.752:69001): avc:  denied  { search } for  comm="top" name="1469" dev="proc" ino=756371 scontext=u:r:system_app:s0 tcontext=u:r:vendor_hal_qesdhal_default:s0 tclass=dir permissive=1
[ 1177.411604] type=1400 audit(1785264424.756:69002): avc:  denied  { open } for  comm="top" path="/proc/1542/stat" dev="proc" ino=756499 scontext=u:r:system_app:s0 tcontext=u:r:vendor_hal_qspa_default:s0 tclass=file permissive=1
[ 1178.083231] init: Control message: Could not find 'vendor.qti.diaghal@1.0::Idiag/default' for ctl.interface_start from pid: 754 (/system/bin/hwservicemanager)
[ 1179.129207] servicemanager: Found vendor.qti.hardware.perf2.IPerf/default in device VINTF manifest.
[ 1179.133140] init: Control message: Could not find 'vendor.qti.diaghal@1.0::Idiag/default' for ctl.interface_start from pid: 754 (/system/bin/hwservicemanager)
[ 1179.133454] init: Control message: Could not find 'vendor.qti.diaghal@1.0::Idiag/default' for ctl.interface_start from pid: 754 (/system/bin/hwservicemanager)
[ 1179.143112] audit: audit_lost=64451 audit_rate_limit=5 audit_backlog_limit=64
[ 1179.143115] audit: rate limit exceeded
[ 1179.618827] wcd-usbss-i2c-driver 1-000e: wcd_usbss_is_in_reset_state: Surge check #3 failed
[ 1180.135905] init: Control message: Could not find 'vendor.qti.diaghal@1.0::Idiag/default' for ctl.interface_start from pid: 754 (/system/bin/hwservicemanager)
[ 1180.144649] audit: audit_lost=64611 audit_rate_limit=5 audit_backlog_limit=64
[ 1180.144653] audit: rate limit exceeded
[ 1180.646260] [kworke][0x554f2eaea][18:47:07.992154] kiwi_v2: [859:I:PMO] pmo_core_psoc_send_host_wakeup_ind_to_fw: Host wakeup indication sent to fw
[ 1181.137401] init: Control message: Could not find 'vendor.qti.diaghal@1.0::Idiag/default' for ctl.interface_start from pid: 754 (/system/bin/hwservicemanager)
[ 1181.147761] audit: audit_lost=64669 audit_rate_limit=5 audit_backlog_limit=64
[ 1181.147766] audit: rate limit exceeded
[ 1181.238684] [kworke][0x555a07ac3][18:47:08.584579] kiwi_v2: [859:I:PMO] pmo_core_enable_wow_in_fw: drv wow is enabled
[ 1182.139312] init: Control message: Could not find 'vendor.qti.diaghal@1.0::Idiag/default' for ctl.interface_start from pid: 754 (/system/bin/hwservicemanager)
[ 1182.152895] type=1400 audit(1785264429.496:69267): avc:  denied  { getattr } for  comm="top" path="/proc/1996" dev="proc" ino=717682 scontext=u:r:system_app:s0 tcontext=u:r:vendor_feature_enabler_client:s0 tclass=dir permissive=1
[ 1182.153382] type=1400 audit(1785264429.496:69268): avc:  denied  { search } for  comm="top" name="1996" dev="proc" ino=717682 scontext=u:r:system_app:s0 tcontext=u:r:vendor_feature_enabler_client:s0 tclass=dir permissive=1
[ 1182.153460] type=1400 audit(1785264429.496:69269): avc:  denied  { read } for  comm="top" scontext=u:r:system_app:s0 tcontext=u:r:vendor_hal_soter_qti:s0 tclass=file permissive=1
[ 1182.153528] type=1400 audit(1785264429.496:69270): avc:  denied  { open } for  comm="top" path="/proc/2022/stat" dev="proc" ino=718218 scontext=u:r:system_app:s0 tcontext=u:r:vendor_hal_soter_qti:s0 tclass=file permissive=1
[ 1182.252241] audit: audit_lost=64698 audit_rate_limit=5 audit_backlog_limit=64
[ 1182.252247] audit: rate limit exceeded
[ 1182.252652] type=1400 audit(1785264429.596:69271): avc:  denied  { read } for  comm="dmesg" name="kmsg" dev="tmpfs" ino=5 scontext=u:r:xsud:s0 tcontext=u:object_r:kmsg_device:s0 tclass=chr_file permissive=1
[ 1183.141385] init: Control message: Could not find 'vendor.qti.diaghal@1.0::Idiag/default' for ctl.interface_start from pid: 754 (/system/bin/hwservicemanager)
[ 1184.143685] init: Control message: Could not find 'vendor.qti.diaghal@1.0::Idiag/default' for ctl.interface_start from pid: 754 (/system/bin/hwservicemanager)
[ 1185.144538] init: Control message: Could not find 'vendor.qti.diaghal@1.0::Idiag/default' for ctl.interface_start from pid: 754 (/system/bin/hwservicemanager)
[ 1186.145009] init: Control message: Could not find 'vendor.qti.diaghal@1.0::Idiag/default' for ctl.interface_start from pid: 754 (/system/bin/hwservicemanager)
[ 1187.147265] init: Control message: Could not find 'vendor.qti.diaghal@1.0::Idiag/default' for ctl.interface_start from pid: 754 (/system/bin/hwservicemanager)
[ 1188.148143] init: Control message: Could not find 'vendor.qti.diaghal@1.0::Idiag/default' for ctl.interface_start from pid: 754 (/system/bin/hwservicemanager)
[ 1189.134089] type=1400 audit(1785264436.476:69273): avc:  denied  { search } for  comm="sh" name="/" dev="fuse" ino=131 scontext=u:r:xsud:s0 tcontext=u:object_r:fuse:s0 tclass=dir permissive=1
[ 1189.139570] audit: audit_lost=64699 audit_rate_limit=5 audit_backlog_limit=64
[ 1189.139576] audit: rate limit exceeded
[ 1189.139674] type=1400 audit(1785264436.480:69274): avc:  denied  { read } for  comm="top" scontext=u:r:system_app:s0 tcontext=u:r:vendor_hal_sensorscalibrate_qti_default:s0 tclass=file permissive=1
[ 1189.140070] type=1400 audit(1785264436.480:69275): avc:  denied  { read } for  comm="top" scontext=u:r:system_app:s0 tcontext=u:r:vendor_hal_srvctracker_default:s0 tclass=file permissive=1
[ 1189.140266] type=1400 audit(1785264436.480:69276): avc:  denied  { read } for  comm="top" scontext=u:r:system_app:s0 tcontext=u:r:vendor_hal_gatekeeper_qti:s0 tclass=file permissive=1
[ 1189.140474] type=1400 audit(1785264436.484:69277): avc:  denied  { read } for  comm="top" scontext=u:r:system_app:s0 tcontext=u:r:vendor_hal_dpmQmiMgr:s0 tclass=file permissive=1
[ 1189.149431] init: Control message: Could not find 'vendor.qti.diaghal@1.0::Idiag/default' for ctl.interface_start from pid: 754 (/system/bin/hwservicemanager)
[ 1190.140416] type=1400 audit(1785264437.484:69288): avc:  denied  { read } for  comm="top" scontext=u:r:system_app:s0 tcontext=u:r:vendor_hal_qspa_default:s0 tclass=file permissive=1
[ 1190.140540] type=1400 audit(1785264437.484:69289): avc:  denied  { read } for  comm="top" scontext=u:r:system_app:s0 tcontext=u:r:vendor_tcmd:s0 tclass=file permissive=1
[ 1190.142550] type=1400 audit(1785264437.484:69290): avc:  denied  { open } for  comm="top" path="/proc/1542/stat" dev="proc" ino=756499 scontext=u:r:system_app:s0 tcontext=u:r:vendor_hal_qspa_default:s0 tclass=file permissive=1
[ 1190.142837] type=1400 audit(1785264437.484:69291): avc:  denied  { open } for  comm="top" path="/proc/1813/stat" dev="proc" ino=718178 scontext=u:r:system_app:s0 tcontext=u:r:vendor_tcmd:s0 tclass=file permissive=1
[ 1190.150856] init: Control message: Could not find 'vendor.qti.diaghal@1.0::Idiag/default' for ctl.interface_start from pid: 754 (/system/bin/hwservicemanager)
[ 1191.141300] audit: audit_lost=64709 audit_rate_limit=5 audit_backlog_limit=64
[ 1191.141307] audit: rate limit exceeded
[ 1191.141881] type=1400 audit(1785264438.484:69292): avc:  denied  { getattr } for  comm="top" path="/proc/1469" dev="proc" ino=756371 scontext=u:r:system_app:s0 tcontext=u:r:vendor_hal_qesdhal_default:s0 tclass=dir permissive=1
[ 1191.151739] init: Control message: Could not find 'vendor.qti.diaghal@1.0::Idiag/default' for ctl.interface_start from pid: 754 (/system/bin/hwservicemanager)
[ 1192.153171] init: Control message: Could not find 'vendor.qti.diaghal@1.0::Idiag/default' for ctl.interface_start from pid: 754 (/system/bin/hwservicemanager)
[ 1193.155152] init: Control message: Could not find 'vendor.qti.diaghal@1.0::Idiag/default' for ctl.interface_start from pid: 754 (/system/bin/hwservicemanager)
[ 1194.157453] init: Control message: Could not find 'vendor.qti.diaghal@1.0::Idiag/default' for ctl.interface_start from pid: 754 (/system/bin/hwservicemanager)
[ 1194.722424] wcd-usbss-i2c-driver 1-000e: wcd_usbss_is_in_reset_state: Surge check #3 failed
[ 1194.775175] type=1400 audit(1785264442.116:69297): avc:  denied  { read } for  comm="cat" name="online" dev="sysfs" ino=141577 scontext=u:r:xsud:s0 tcontext=u:object_r:vendor_sysfs_battery_supply:s0 tclass=file permissive=1
[ 1194.775737] type=1400 audit(1785264442.116:69298): avc:  denied  { open } for  comm="cat" path="/sys/devices/platform/soc/soc:qcom,pmic_glink/soc:qcom,pmic_glink:qcom,battery_charger/power_supply/battery/online" dev="sysfs" ino=141577 scontext=u:r:xsud:s0 tcontext=u:object_r:vendor_sysfs_battery_supply:s0 tclass=file permissive=1
[ 1195.159179] init: Control message: Could not find 'vendor.qti.diaghal@1.0::Idiag/default' for ctl.interface_start from pid: 754 (/system/bin/hwservicemanager)
[ 1196.160912] init: Control message: Could not find 'vendor.qti.diaghal@1.0::Idiag/default' for ctl.interface_start from pid: 754 (/system/bin/hwservicemanager)
[ 1197.162357] init: Control message: Could not find 'vendor.qti.diaghal@1.0::Idiag/default' for ctl.interface_start from pid: 754 (/system/bin/hwservicemanager)
[ 1198.163514] init: Control message: Could not find 'vendor.qti.diaghal@1.0::Idiag/default' for ctl.interface_start from pid: 754 (/system/bin/hwservicemanager)
[ 1199.118014] type=1400 audit(1785264446.460:69299): avc:  denied  { read } for  comm="Performance-Tim" name="pwm1" dev="sysfs" ino=115174 scontext=u:r:system_app:s0 tcontext=u:object_r:sysfs:s0 tclass=file permissive=1
[ 1199.118321] type=1400 audit(1785264446.460:69300): avc:  denied  { open } for  comm="Performance-Tim" path="/sys/devices/platform/soc/soc:pwm-fan/hwmon/hwmon0/pwm1" dev="sysfs" ino=115174 scontext=u:r:system_app:s0 tcontext=u:object_r:sysfs:s0 tclass=file permissive=1
[ 1199.118416] type=1400 audit(1785264446.460:69301): avc:  denied  { getattr } for  comm="Performance-Tim" path="/sys/devices/platform/soc/soc:pwm-fan/hwmon/hwmon0/pwm1" dev="sysfs" ino=115174 scontext=u:r:system_app:s0 tcontext=u:object_r:sysfs:s0 tclass=file permissive=1
[ 1199.133282] type=1400 audit(1785264446.476:69302): avc:  denied  { read } for  comm="top" scontext=u:r:system_app:s0 tcontext=u:r:vendor_hal_keymint_spu_qti:s0 tclass=file permissive=1
[ 1199.134736] type=1400 audit(1785264446.476:69303): avc:  denied  { open } for  comm="top" path="/proc/1073/stat" dev="proc" ino=756411 scontext=u:r:system_app:s0 tcontext=u:r:vendor_hal_keymint_spu_qti:s0 tclass=file permissive=1
[ 1199.135738] audit: audit_lost=64712 audit_rate_limit=5 audit_backlog_limit=64
[ 1199.135741] audit: rate limit exceeded
[ 1199.138554] type=1400 audit(1785264446.480:69304): avc:  denied  { getattr } for  comm="top" path="/proc/1479" dev="proc" ino=756373 scontext=u:r:system_app:s0 tcontext=u:r:hal_fingerprint_default:s0 tclass=dir permissive=1
[ 1199.138824] type=1400 audit(1785264446.480:69305): avc:  denied  { search } for  comm="top" name="1479" dev="proc" ino=756373 scontext=u:r:system_app:s0 tcontext=u:r:hal_fingerprint_default:s0 tclass=dir permissive=1
[ 1199.165207] init: Control message: Could not find 'vendor.qti.diaghal@1.0::Idiag/default' for ctl.interface_start from pid: 754 (/system/bin/hwservicemanager)
[ 1199.271753] servicemanager: Found vendor.qti.hardware.perf2.IPerf/default in device VINTF manifest.
[ 1199.279422] init: Control message: Could not find 'vendor.qti.diaghal@1.0::Idiag/default' for ctl.interface_start from pid: 754 (/system/bin/hwservicemanager)
[ 1199.280360] init: Control message: Could not find 'vendor.qti.diaghal@1.0::Idiag/default' for ctl.interface_start from pid: 754 (/system/bin/hwservicemanager)
[ 1200.126989] type=1400 audit(1785264447.468:69476): avc:  denied  { read } for  comm="top" scontext=u:r:system_app:s0 tcontext=u:r:servicemanager:s0 tclass=file permissive=1
[ 1200.127387] type=1400 audit(1785264447.468:69477): avc:  denied  { read } for  comm="top" scontext=u:r:system_app:s0 tcontext=u:r:vndservicemanager:s0 tclass=file permissive=1
[ 1200.127813] type=1400 audit(1785264447.468:69478): avc:  denied  { read } for  comm="top" scontext=u:r:system_app:s0 tcontext=u:r:vendor_sec_nvm:s0 tclass=file permissive=1
[ 1200.127958] type=1400 audit(1785264447.468:69479): avc:  denied  { read } for  comm="top" scontext=u:r:system_app:s0 tcontext=u:r:vendor_hal_qesdhal_default:s0 tclass=file permissive=1
[ 1200.128053] type=1400 audit(1785264447.468:69480): avc:  denied  { read } for  comm="top" scontext=u:r:system_app:s0 tcontext=u:r:hal_light_default:s0 tclass=file permissive=1
[ 1200.281682] init: Control message: Could not find 'vendor.qti.diaghal@1.0::Idiag/default' for ctl.interface_start from pid: 754 (/system/bin/hwservicemanager)
[ 1200.298088] audit: audit_lost=64929 audit_rate_limit=5 audit_backlog_limit=64
[ 1200.298106] audit: rate limit exceeded
[ 1201.124552] [kworke][0x56c626abc][18:47:28.470446] kiwi_v2: [8373:I:PMO] pmo_core_psoc_send_host_wakeup_ind_to_fw: Host wakeup indication sent to fw
[ 1201.130968] type=1400 audit(1785264448.472:69556): avc:  denied  { read } for  comm="top" name="pid_max" dev="proc" ino=756353 scontext=u:r:system_app:s0 tcontext=u:object_r:proc_pid_max:s0 tclass=file permissive=1
[ 1201.131215] type=1400 audit(1785264448.472:69557): avc:  denied  { open } for  comm="top" path="/proc/sys/kernel/pid_max" dev="proc" ino=756353 scontext=u:r:system_app:s0 tcontext=u:object_r:proc_pid_max:s0 tclass=file permissive=1
[ 1201.133089] type=1400 audit(1785264448.476:69558): avc:  denied  { getattr } for  comm="top" path="/proc/1473" dev="proc" ino=756372 scontext=u:r:system_app:s0 tcontext=u:r:vendor_qesdsect:s0 tclass=dir permissive=1
[ 1201.133288] type=1400 audit(1785264448.476:69559): avc:  denied  { search } for  comm="top" name="1473" dev="proc" ino=756372 scontext=u:r:system_app:s0 tcontext=u:r:vendor_qesdsect:s0 tclass=dir permissive=1
[ 1201.133536] [soft_i][0x56c650c6a][18:47:28.479428] kiwi_v2: [0:I:WMA] WLAN triggered wakeup: BPF_ALLOW (39), vdev: 0 (STA)
[ 1201.133764] [soft_i][0x56c651d9a][18:47:28.479657] kiwi_v2: [0:I:WMA] wma_wake_event_packet: Wake event packet:
[ 1201.283948] init: Control message: Could not find 'vendor.qti.diaghal@1.0::Idiag/default' for ctl.interface_start from pid: 754 (/system/bin/hwservicemanager)
[ 1201.309120] type=1400 audit(1785264448.652:69560): avc:  denied  { search } for  comm="sh" name="com.kei.pulse" dev="dm-53" ino=329013 scontext=u:r:xsud:s0 tcontext=u:object_r:app_data_file:s0:c183,c256,c512,c768 tclass=dir permissive=1
[ 1201.385187] audit: audit_lost=64957 audit_rate_limit=5 audit_backlog_limit=64
[ 1201.385194] audit: rate limit exceeded
[ 1201.749607] [kworke][0x56d1989b2][18:47:29.095498] kiwi_v2: [8373:I:PMO] pmo_core_enable_wow_in_fw: drv wow is enabled
[ 1202.284935] init: Control message: Could not find 'vendor.qti.diaghal@1.0::Idiag/default' for ctl.interface_start from pid: 754 (/system/bin/hwservicemanager)
[ 1203.286013] init: Control message: Could not find 'vendor.qti.diaghal@1.0::Idiag/default' for ctl.interface_start from pid: 754 (/system/bin/hwservicemanager)
[ 1204.289581] init: Control message: Could not find 'vendor.qti.diaghal@1.0::Idiag/default' for ctl.interface_start from pid: 754 (/system/bin/hwservicemanager)
[ 1205.291830] init: Control message: Could not find 'vendor.qti.diaghal@1.0::Idiag/default' for ctl.interface_start from pid: 754 (/system/bin/hwservicemanager)
[ 1205.368339] type=1400 audit(1785264452.712:69594): avc:  denied  { read } for  comm="sh" name="primary" dev="tmpfs" ino=42 scontext=u:r:xsud:s0 tcontext=u:object_r:mnt_user_file:s0 tclass=lnk_file permissive=1
[ 1205.374433] type=1400 audit(1785264452.716:69595): avc:  denied  { read } for  comm="top" scontext=u:r:system_app:s0 tcontext=u:r:vendor_hal_identity_qti:s0 tclass=file permissive=1
[ 1205.374762] type=1400 audit(1785264452.716:69596): avc:  denied  { read } for  comm="top" scontext=u:r:system_app:s0 tcontext=u:r:hal_ir_default:s0 tclass=file permissive=1
[ 1205.374953] type=1400 audit(1785264452.716:69597): avc:  denied  { read } for  comm="top" scontext=u:r:system_app:s0 tcontext=u:r:vendor_qspmsvc:s0 tclass=file permissive=1
[ 1205.375287] type=1400 audit(1785264452.716:69598): avc:  denied  { open } for  comm="top" path="/proc/1380/stat" dev="proc" ino=756419 scontext=u:r:system_app:s0 tcontext=u:r:vendor_hal_identity_qti:s0 tclass=file permissive=1
[ 1205.375791] type=1400 audit(1785264452.716:69599): avc:  denied  { open } for  comm="top" path="/proc/1386/stat" dev="proc" ino=756423 scontext=u:r:system_app:s0 tcontext=u:r:hal_ir_default:s0 tclass=file permissive=1
[ 1205.375955] type=1400 audit(1785264452.716:69600): avc:  denied  { getattr } for  comm="top" path="/proc/1417" dev="proc" ino=756364 scontext=u:r:system_app:s0 tcontext=u:r:hal_power_default:s0 tclass=dir permissive=1
[ 1205.376216] type=1400 audit(1785264452.716:69601): avc:  denied  { search } for  comm="top" name="1417" dev="proc" ino=756364 scontext=u:r:system_app:s0 tcontext=u:r:hal_power_default:s0 tclass=dir permissive=1
[ 1205.377877] audit: audit_lost=64989 audit_rate_limit=5 audit_backlog_limit=64
[ 1205.377880] audit: rate limit exceeded
[ 1205.378270] type=1400 audit(1785264452.720:69602): avc:  denied  { getattr } for  comm="top" path="/proc/1879" dev="proc" ino=717680 scontext=u:r:system_app:s0 tcontext=u:r:vendor_perf_qesdk:s0 tclass=dir permissive=1
[ 1206.293096] init: Control message: Could not find 'vendor.qti.diaghal@1.0::Idiag/default' for ctl.interface_start from pid: 754 (/system/bin/hwservicemanager)
[ 1207.294012] init: Control message: Could not find 'vendor.qti.diaghal@1.0::Idiag/default' for ctl.interface_start from pid: 754 (/system/bin/hwservicemanager)
[ 1208.295448] init: Control message: Could not find 'vendor.qti.diaghal@1.0::Idiag/default' for ctl.interface_start from pid: 754 (/system/bin/hwservicemanager)
[ 1209.297960] init: Control message: Could not find 'vendor.qti.diaghal@1.0::Idiag/default' for ctl.interface_start from pid: 754 (/system/bin/hwservicemanager)
[ 1209.379955] type=1400 audit(1785264456.720:69605): avc:  denied  { getattr } for  comm="top" path="/proc/1447" dev="proc" ino=756365 scontext=u:r:system_app:s0 tcontext=u:r:vendor_hal_usb_qti:s0 tclass=dir permissive=1
[ 1209.826225] wcd-usbss-i2c-driver 1-000e: wcd_usbss_is_in_reset_state: Surge check #3 failed
[ 1210.126866] audit: audit_lost=64991 audit_rate_limit=5 audit_backlog_limit=64
[ 1210.126871] audit: rate limit exceeded
[ 1210.299192] init: Control message: Could not find 'vendor.qti.diaghal@1.0::Idiag/default' for ctl.interface_start from pid: 754 (/system/bin/hwservicemanager)
[ 1210.396594] type=1400 audit(1785264457.740:69613): avc:  denied  { syslog_read } for  comm="dmesg" scontext=u:r:xsud:s0 tcontext=u:r:kernel:s0 tclass=system permissive=1
[ 1210.396925] type=1400 audit(1785264457.740:69614): avc:  denied  { syslog_mod } for  comm="dmesg" scontext=u:r:xsud:s0 tcontext=u:r:kernel:s0 tclass=system permissive=1
[ 1211.119284] type=1400 audit(1785264458.460:69615): avc:  denied  { read } for  comm="top" scontext=u:r:system_app:s0 tcontext=u:r:hal_power_default:s0 tclass=file permissive=1
[ 1211.119634] type=1400 audit(1785264458.460:69616): avc:  denied  { read } for  comm="top" scontext=u:r:system_app:s0 tcontext=u:r:vendor_qwesd:s0 tclass=file permissive=1
[ 1211.120531] type=1400 audit(1785264458.464:69617): avc:  denied  { getattr } for  comm="top" path="/proc/1386" dev="proc" ino=756363 scontext=u:r:system_app:s0 tcontext=u:r:hal_ir_default:s0 tclass=dir permissive=1
[ 1211.300480] init: Control message: Could not find 'vendor.qti.diaghal@1.0::Idiag/default' for ctl.interface_start from pid: 754 (/system/bin/hwservicemanager)
[ 1211.534718] type=1400 audit(1785264458.876:69625): avc:  denied  { read } for  comm="cat" name="min_pwrlevel" dev="sysfs" ino=124218 scontext=u:r:xsud:s0 tcontext=u:object_r:vendor_sysfs_kgsl:s0 tclass=file permissive=1
[ 1211.535088] type=1400 audit(1785264458.876:69626): avc:  denied  { open } for  comm="cat" path="/sys/devices/platform/soc/3d00000.qcom,kgsl-3d0/kgsl/kgsl-3d0/min_pwrlevel" dev="sysfs" ino=124218 scontext=u:r:xsud:s0 tcontext=u:object_r:vendor_sysfs_kgsl:s0 tclass=file permissive=1
[ 1212.302512] init: Control message: Could not find 'vendor.qti.diaghal@1.0::Idiag/default' for ctl.interface_start from pid: 754 (/system/bin/hwservicemanager)
[ 1212.690817] type=1400 audit(1785264460.032:69627): avc:  denied  { getattr } for  comm="DefaultDispatch" path="/dev/ttyHS5" dev="tmpfs" ino=1195 scontext=u:r:system_app:s0 tcontext=u:object_r:device:s0 tclass=chr_file permissive=1
[ 1212.696708] type=1400 audit(1785264460.040:69628): avc:  denied  { read } for  comm="cat" name="gpuclk" dev="sysfs" ino=124210 scontext=u:r:xsud:s0 tcontext=u:object_r:vendor_sysfs_kgsl_gpuclk:s0 tclass=file permissive=1
[ 1212.696956] type=1400 audit(1785264460.040:69629): avc:  denied  { open } for  comm="cat" path="/sys/devices/platform/soc/3d00000.qcom,kgsl-3d0/kgsl/kgsl-3d0/gpuclk" dev="sysfs" ino=124210 scontext=u:r:xsud:s0 tcontext=u:object_r:vendor_sysfs_kgsl_gpuclk:s0 tclass=file permissive=1
[ 1212.743779] audit: audit_lost=65001 audit_rate_limit=5 audit_backlog_limit=64
[ 1212.743893] audit: rate limit exceeded
[ 1213.304621] init: Control message: Could not find 'vendor.qti.diaghal@1.0::Idiag/default' for ctl.interface_start from pid: 754 (/system/bin/hwservicemanager)
[ 1214.109216] audit: audit_lost=65132 audit_rate_limit=5 audit_backlog_limit=64
[ 1214.109219] audit: rate limit exceeded
[ 1214.307117] init: Control message: Could not find 'vendor.qti.diaghal@1.0::Idiag/default' for ctl.interface_start from pid: 754 (/system/bin/hwservicemanager)
[ 1215.126133] audit: audit_lost=65154 audit_rate_limit=5 audit_backlog_limit=64
[ 1215.126139] audit: rate limit exceeded
[ 1215.308535] init: Control message: Could not find 'vendor.qti.diaghal@1.0::Idiag/default' for ctl.interface_start from pid: 754 (/system/bin/hwservicemanager)
[ 1216.309713] init: Control message: Could not find 'vendor.qti.diaghal@1.0::Idiag/default' for ctl.interface_start from pid: 754 (/system/bin/hwservicemanager)
[ 1217.109963] type=1400 audit(1785264464.452:69803): avc:  denied  { read } for  comm="top" scontext=u:r:system_app:s0 tcontext=u:r:vendor_per_proxy:s0 tclass=file permissive=1
[ 1217.112102] type=1400 audit(1785264464.456:69804): avc:  denied  { open } for  comm="top" path="/proc/1767/stat" dev="proc" ino=718174 scontext=u:r:system_app:s0 tcontext=u:r:vendor_per_proxy:s0 tclass=file permissive=1
[ 1217.311497] init: Control message: Could not find 'vendor.qti.diaghal@1.0::Idiag/default' for ctl.interface_start from pid: 754 (/system/bin/hwservicemanager)
[ 1218.313321] init: Control message: Could not find 'vendor.qti.diaghal@1.0::Idiag/default' for ctl.interface_start from pid: 754 (/system/bin/hwservicemanager)
[ 1219.366600] type=1400 audit(1785264466.708:69805): avc:  denied  { read } for  comm="top" scontext=u:r:system_app:s0 tcontext=u:r:servicemanager:s0 tclass=file permissive=1
[ 1219.366782] audit: audit_lost=65159 audit_rate_limit=5 audit_backlog_limit=64
[ 1219.366785] audit: rate limit exceeded
[ 1219.366858] type=1400 audit(1785264466.708:69806): avc:  denied  { read } for  comm="top" scontext=u:r:system_app:s0 tcontext=u:r:vndservicemanager:s0 tclass=file permissive=1
[ 1219.366928] type=1400 audit(1785264466.708:69807): avc:  denied  { read } for  comm="top" scontext=u:r:system_app:s0 tcontext=u:r:vendor_hal_qseecom_default:s0 tclass=file permissive=1
[ 1219.366987] type=1400 audit(1785264466.708:69808): avc:  denied  { read } for  comm="top" scontext=u:r:system_app:s0 tcontext=u:r:vendor_sec_nvm:s0 tclass=file permissive=1
[ 1219.367039] type=1400 audit(1785264466.708:69809): avc:  denied  { read } for  comm="top" scontext=u:r:system_app:s0 tcontext=u:r:vendor_hal_keymint_spu_qti:s0 tclass=file permissive=1
[ 1219.367096] type=1400 audit(1785264466.708:69810): avc:  denied  { read } for  comm="top" scontext=u:r:system_app:s0 tcontext=u:r:vendor_hal_identity_qti:s0 tclass=file permissive=1
[ 1219.367161] type=1400 audit(1785264466.708:69811): avc:  denied  { read } for  comm="top" scontext=u:r:system_app:s0 tcontext=u:r:hal_ir_default:s0 tclass=file permissive=1
[ 1219.367218] type=1400 audit(1785264466.708:69812): avc:  denied  { read } for  comm="top" scontext=u:r:system_app:s0 tcontext=u:r:hal_power_default:s0 tclass=file permissive=1
[ 1219.368026] servicemanager: Found vendor.qti.hardware.perf2.IPerf/default in device VINTF manifest.
[ 1219.371946] init: Control message: Could not find 'vendor.qti.diaghal@1.0::Idiag/default' for ctl.interface_start from pid: 754 (/system/bin/hwservicemanager)
[ 1219.373125] init: Control message: Could not find 'vendor.qti.diaghal@1.0::Idiag/default' for ctl.interface_start from pid: 754 (/system/bin/hwservicemanager)
[ 1220.375655] init: Control message: Could not find 'vendor.qti.diaghal@1.0::Idiag/default' for ctl.interface_start from pid: 754 (/system/bin/hwservicemanager)
[ 1221.113326] audit: audit_lost=65371 audit_rate_limit=5 audit_backlog_limit=64
[ 1221.113339] audit: rate limit exceeded
[ 1221.377838] init: Control message: Could not find 'vendor.qti.diaghal@1.0::Idiag/default' for ctl.interface_start from pid: 754 (/system/bin/hwservicemanager)
[ 1222.113512] type=1400 audit(1785264469.456:70035): avc:  denied  { open } for  comm="top" path="/proc/1879/stat" dev="proc" ino=718198 scontext=u:r:system_app:s0 tcontext=u:r:vendor_perf_qesdk:s0 tclass=file permissive=1
[ 1222.378598] init: Control message: Could not find 'vendor.qti.diaghal@1.0::Idiag/default' for ctl.interface_start from pid: 754 (/system/bin/hwservicemanager)
[ 1222.390398] type=1400 audit(1785264469.732:70036): avc:  denied  { syslog_read } for  comm="dmesg" scontext=u:r:xsud:s0 tcontext=u:r:kernel:s0 tclass=system permissive=1
[ 1223.380092] init: Control message: Could not find 'vendor.qti.diaghal@1.0::Idiag/default' for ctl.interface_start from pid: 754 (/system/bin/hwservicemanager)
[ 1224.371502] type=1400 audit(1785264471.712:70038): avc:  denied  { getattr } for  comm="top" path="/proc/3431" dev="proc" ino=717687 scontext=u:r:system_app:s0 tcontext=u:r:vendor_qspmsvc:s0 tclass=dir permissive=1
[ 1224.372198] type=1400 audit(1785264471.712:70039): avc:  denied  { search } for  comm="top" name="3431" dev="proc" ino=717687 scontext=u:r:system_app:s0 tcontext=u:r:vendor_qspmsvc:s0 tclass=dir permissive=1
[ 1224.382240] init: Control message: Could not find 'vendor.qti.diaghal@1.0::Idiag/default' for ctl.interface_start from pid: 754 (/system/bin/hwservicemanager)
[ 1224.930516] wcd-usbss-i2c-driver 1-000e: wcd_usbss_is_in_reset_state: Surge check #3 failed
[ 1225.383830] init: Control message: Could not find 'vendor.qti.diaghal@1.0::Idiag/default' for ctl.interface_start from pid: 754 (/system/bin/hwservicemanager)
[ 1226.270210] healthd: battery l=72 v=8043 t=35.0 h=2 st=3 c=-296638 fc=4162000 cc=0 chg=a
[ 1226.314163] BATTERY_CHG: battery_psy_set_online: battery_psy_set_online: set online 1
[ 1226.314452] type=1400 audit(1785264473.656:70040): avc:  denied  { write } for  comm="sh" name="online" dev="sysfs" ino=141577 scontext=u:r:xsud:s0 tcontext=u:object_r:vendor_sysfs_battery_supply:s0 tclass=file permissive=1
[ 1226.369267] type=1400 audit(1785264473.712:70041): avc:  denied  { read } for  comm="top" scontext=u:r:system_app:s0 tcontext=u:r:hal_power_default:s0 tclass=file permissive=1
[ 1226.369603] type=1400 audit(1785264473.712:70042): avc:  denied  { read } for  comm="top" scontext=u:r:system_app:s0 tcontext=u:r:vendor_qwesd:s0 tclass=file permissive=1
[ 1226.371552] type=1400 audit(1785264473.712:70043): avc:  denied  { getattr } for  comm="top" path="/proc/1386" dev="proc" ino=756363 scontext=u:r:system_app:s0 tcontext=u:r:hal_ir_default:s0 tclass=dir permissive=1
[ 1226.371841] type=1400 audit(1785264473.712:70044): avc:  denied  { search } for  comm="top" name="1386" dev="proc" ino=756363 scontext=u:r:system_app:s0 tcontext=u:r:hal_ir_default:s0 tclass=dir permissive=1
[ 1226.372173] type=1400 audit(1785264473.712:70045): avc:  denied  { open } for  comm="top" path="/proc/1417/stat" dev="proc" ino=756427 scontext=u:r:system_app:s0 tcontext=u:r:hal_power_default:s0 tclass=file permissive=1
[ 1226.372791] audit: audit_lost=65374 audit_rate_limit=5 audit_backlog_limit=64
[ 1226.372796] audit: rate limit exceeded
[ 1226.383910] init: Control message: Could not find 'vendor.qti.diaghal@1.0::Idiag/default' for ctl.interface_start from pid: 754 (/system/bin/hwservicemanager)
[ 1227.386007] init: Control message: Could not find 'vendor.qti.diaghal@1.0::Idiag/default' for ctl.interface_start from pid: 754 (/system/bin/hwservicemanager)
[ 1228.390690] init: Control message: Could not find 'vendor.qti.diaghal@1.0::Idiag/default' for ctl.interface_start from pid: 754 (/system/bin/hwservicemanager)
[ 1229.392765] init: Control message: Could not find 'vendor.qti.diaghal@1.0::Idiag/default' for ctl.interface_start from pid: 754 (/system/bin/hwservicemanager)
[ 1230.396254] init: Control message: Could not find 'vendor.qti.diaghal@1.0::Idiag/default' for ctl.interface_start from pid: 754 (/system/bin/hwservicemanager)
[ 1231.398100] init: Control message: Could not find 'vendor.qti.diaghal@1.0::Idiag/default' for ctl.interface_start from pid: 754 (/system/bin/hwservicemanager)
[ 1232.400083] init: Control message: Could not find 'vendor.qti.diaghal@1.0::Idiag/default' for ctl.interface_start from pid: 754 (/system/bin/hwservicemanager)
[ 1233.402634] init: Control message: Could not find 'vendor.qti.diaghal@1.0::Idiag/default' for ctl.interface_start from pid: 754 (/system/bin/hwservicemanager)
[ 1234.403941] init: Control message: Could not find 'vendor.qti.diaghal@1.0::Idiag/default' for ctl.interface_start from pid: 754 (/system/bin/hwservicemanager)
[ 1235.406056] init: Control message: Could not find 'vendor.qti.diaghal@1.0::Idiag/default' for ctl.interface_start from pid: 754 (/system/bin/hwservicemanager)
[ 1236.407486] init: Control message: Could not find 'vendor.qti.diaghal@1.0::Idiag/default' for ctl.interface_start from pid: 754 (/system/bin/hwservicemanager)
[ 1237.409241] init: Control message: Could not find 'vendor.qti.diaghal@1.0::Idiag/default' for ctl.interface_start from pid: 754 (/system/bin/hwservicemanager)
[ 1238.412166] init: Control message: Could not find 'vendor.qti.diaghal@1.0::Idiag/default' for ctl.interface_start from pid: 754 (/system/bin/hwservicemanager)
[ 1239.414088] init: Control message: Could not find 'vendor.qti.diaghal@1.0::Idiag/default' for ctl.interface_start from pid: 754 (/system/bin/hwservicemanager)
[ 1239.460554] type=1400 audit(1785264486.804:70067): avc:  denied  { getattr } for  comm="DefaultDispatch" path="/dev/ttyHS5" dev="tmpfs" ino=1195 scontext=u:r:system_app:s0 tcontext=u:object_r:device:s0 tclass=chr_file permissive=1
[ 1239.481257] servicemanager: Found vendor.qti.hardware.perf2.IPerf/default in device VINTF manifest.
[ 1239.488011] init: Control message: Could not find 'vendor.qti.diaghal@1.0::Idiag/default' for ctl.interface_start from pid: 754 (/system/bin/hwservicemanager)
[ 1239.488381] init: Control message: Could not find 'vendor.qti.diaghal@1.0::Idiag/default' for ctl.interface_start from pid: 754 (/system/bin/hwservicemanager)
[ 1239.816188] type=1400 audit(1785264487.156:70068): avc:  denied  { read } for  comm="cat" name="gpuclk" dev="sysfs" ino=124210 scontext=u:r:xsud:s0 tcontext=u:object_r:vendor_sysfs_kgsl_gpuclk:s0 tclass=file permissive=1
[ 1239.816506] type=1400 audit(1785264487.160:70069): avc:  denied  { open } for  comm="cat" path="/sys/devices/platform/soc/3d00000.qcom,kgsl-3d0/kgsl/kgsl-3d0/gpuclk" dev="sysfs" ino=124210 scontext=u:r:xsud:s0 tcontext=u:object_r:vendor_sysfs_kgsl_gpuclk:s0 tclass=file permissive=1
[ 1239.829352] type=1400 audit(1785264487.172:70070): avc:  denied  { read } for  comm="cat" name="min_pwrlevel" dev="sysfs" ino=124218 scontext=u:r:xsud:s0 tcontext=u:object_r:vendor_sysfs_kgsl:s0 tclass=file permissive=1
[ 1239.829509] type=1400 audit(1785264487.172:70071): avc:  denied  { open } for  comm="cat" path="/sys/devices/platform/soc/3d00000.qcom,kgsl-3d0/kgsl/kgsl-3d0/min_pwrlevel" dev="sysfs" ino=124218 scontext=u:r:xsud:s0 tcontext=u:object_r:vendor_sysfs_kgsl:s0 tclass=file permissive=1
[ 1239.859331] audit: audit_lost=65393 audit_rate_limit=5 audit_backlog_limit=64
[ 1239.859337] audit: rate limit exceeded
[ 1240.033996] wcd-usbss-i2c-driver 1-000e: wcd_usbss_is_in_reset_state: Surge check #3 failed
[ 1240.491309] init: Control message: Could not find 'vendor.qti.diaghal@1.0::Idiag/default' for ctl.interface_start from pid: 754 (/system/bin/hwservicemanager)
[ 1240.958749] type=1400 audit(1785264488.300:70252): avc:  denied  { write } for  comm="Thread-10153" name="pulse_fifo_in" dev="dm-53" ino=332444 scontext=u:r:untrusted_app:s0:c183,c256,c512,c768 tcontext=u:object_r:app_data_file:s0 tclass=fifo_file permissive=1 app=com.kei.pulse
[ 1240.974123] type=1400 audit(1785264488.316:70253): avc:  denied  { search } for  comm="sh" name="0" dev="tmpfs" ino=12 scontext=u:r:xsud:s0 tcontext=u:object_r:mnt_user_file:s0 tclass=dir permissive=1
[ 1240.974289] type=1400 audit(1785264488.316:70254): avc:  denied  { read } for  comm="sh" name="primary" dev="tmpfs" ino=42 scontext=u:r:xsud:s0 tcontext=u:object_r:mnt_user_file:s0 tclass=lnk_file permissive=1
[ 1241.092583] type=1400 audit(1785264488.436:70255): avc:  denied  { read } for  comm="top" scontext=u:r:system_app:s0 tcontext=u:r:vendor_hal_identity_qti:s0 tclass=file permissive=1
[ 1241.094032] type=1400 audit(1785264488.436:70256): avc:  denied  { open } for  comm="top" path="/proc/1380/stat" dev="proc" ino=756419 scontext=u:r:system_app:s0 tcontext=u:r:vendor_hal_identity_qti:s0 tclass=file permissive=1
[ 1241.094440] audit: audit_lost=65573 audit_rate_limit=5 audit_backlog_limit=64
[ 1241.094444] audit: rate limit exceeded
[ 1241.493474] init: Control message: Could not find 'vendor.qti.diaghal@1.0::Idiag/default' for ctl.interface_start from pid: 754 (/system/bin/hwservicemanager)
[ 1242.353209] audit: audit_lost=65576 audit_rate_limit=5 audit_backlog_limit=64
[ 1242.353216] audit: rate limit exceeded
[ 1242.494670] init: Control message: Could not find 'vendor.qti.diaghal@1.0::Idiag/default' for ctl.interface_start from pid: 754 (/system/bin/hwservicemanager)
[ 1243.496279] init: Control message: Could not find 'vendor.qti.diaghal@1.0::Idiag/default' for ctl.interface_start from pid: 754 (/system/bin/hwservicemanager)
[ 1244.498120] init: Control message: Could not find 'vendor.qti.diaghal@1.0::Idiag/default' for ctl.interface_start from pid: 754 (/system/bin/hwservicemanager)
[ 1244.607553] type=1400 audit(1785264491.948:70268): avc:  denied  { getattr } for  comm="DefaultDispatch" path="/dev/ttyHS5" dev="tmpfs" ino=1195 scontext=u:r:system_app:s0 tcontext=u:object_r:device:s0 tclass=chr_file permissive=1
[ 1244.783995] type=1400 audit(1785264492.124:70269): avc:  denied  { read } for  comm="cat" name="gpuclk" dev="sysfs" ino=124210 scontext=u:r:xsud:s0 tcontext=u:object_r:vendor_sysfs_kgsl_gpuclk:s0 tclass=file permissive=1
[ 1244.784359] type=1400 audit(1785264492.124:70270): avc:  denied  { open } for  comm="cat" path="/sys/devices/platform/soc/3d00000.qcom,kgsl-3d0/kgsl/kgsl-3d0/gpuclk" dev="sysfs" ino=124210 scontext=u:r:xsud:s0 tcontext=u:object_r:vendor_sysfs_kgsl_gpuclk:s0 tclass=file permissive=1
[ 1244.795136] type=1400 audit(1785264492.136:70271): avc:  denied  { read } for  comm="cat" name="min_pwrlevel" dev="sysfs" ino=124218 scontext=u:r:xsud:s0 tcontext=u:object_r:vendor_sysfs_kgsl:s0 tclass=file permissive=1
[ 1244.795823] type=1400 audit(1785264492.136:70272): avc:  denied  { open } for  comm="cat" path="/sys/devices/platform/soc/3d00000.qcom,kgsl-3d0/kgsl/kgsl-3d0/min_pwrlevel" dev="sysfs" ino=124218 scontext=u:r:xsud:s0 tcontext=u:object_r:vendor_sysfs_kgsl:s0 tclass=file permissive=1
[ 1245.090700] audit: audit_lost=65579 audit_rate_limit=5 audit_backlog_limit=64
[ 1245.090707] audit: rate limit exceeded
[ 1245.499981] init: Control message: Could not find 'vendor.qti.diaghal@1.0::Idiag/default' for ctl.interface_start from pid: 754 (/system/bin/hwservicemanager)
[ 1246.069485] type=1400 audit(1785264493.412:70294): avc:  denied  { search } for  comm="cat" name="battery" dev="sysfs" ino=141568 scontext=u:r:xsud:s0 tcontext=u:object_r:vendor_sysfs_battery_supply:s0 tclass=dir permissive=1
[ 1246.090682] type=1400 audit(1785264493.432:70295): avc:  denied  { read } for  comm="top" scontext=u:r:system_app:s0 tcontext=u:r:hal_fingerprint_default:s0 tclass=file permissive=1
[ 1246.091052] type=1400 audit(1785264493.432:70296): avc:  denied  { read } for  comm="top" scontext=u:r:system_app:s0 tcontext=u:r:vendor_hal_capabilityconfigstore_qti_default:s0 tclass=file permissive=1
[ 1246.092072] type=1400 audit(1785264493.436:70297): avc:  denied  { getattr } for  comm="top" path="/proc/1073" dev="proc" ino=756360 scontext=u:r:system_app:s0 tcontext=u:r:vendor_hal_keymint_spu_qti:s0 tclass=dir permissive=1
[ 1246.092428] type=1400 audit(1785264493.436:70298): avc:  denied  { search } for  comm="top" name="1073" dev="proc" ino=756360 scontext=u:r:system_app:s0 tcontext=u:r:vendor_hal_keymint_spu_qti:s0 tclass=dir permissive=1
[ 1246.092881] audit: audit_lost=65600 audit_rate_limit=5 audit_backlog_limit=64
[ 1246.092886] audit: rate limit exceeded
[ 1246.501182] init: Control message: Could not find 'vendor.qti.diaghal@1.0::Idiag/default' for ctl.interface_start from pid: 754 (/system/bin/hwservicemanager)
[ 1247.502790] init: Control message: Could not find 'vendor.qti.diaghal@1.0::Idiag/default' for ctl.interface_start from pid: 754 (/system/bin/hwservicemanager)
[ 1248.095983] audit: audit_lost=65602 audit_rate_limit=5 audit_backlog_limit=64
[ 1248.095990] audit: rate limit exceeded
[ 1248.504931] init: Control message: Could not find 'vendor.qti.diaghal@1.0::Idiag/default' for ctl.interface_start from pid: 754 (/system/bin/hwservicemanager)
[ 1249.505910] init: Control message: Could not find 'vendor.qti.diaghal@1.0::Idiag/default' for ctl.interface_start from pid: 754 (/system/bin/hwservicemanager)
[ 1250.353115] type=1400 audit(1785264497.696:70312): avc:  denied  { read } for  comm="top" scontext=u:r:system_app:s0 tcontext=u:r:vendor_sxrd_vndr:s0 tclass=file permissive=1
[ 1250.355849] type=1400 audit(1785264497.700:70313): avc:  denied  { getattr } for  comm="top" path="/proc/1513" dev="proc" ino=756378 scontext=u:r:system_app:s0 tcontext=u:r:vendor_hal_sensorscalibrate_qti_default:s0 tclass=dir permissive=1
[ 1250.356095] type=1400 audit(1785264497.700:70314): avc:  denied  { search } for  comm="top" name="1513" dev="proc" ino=756378 scontext=u:r:system_app:s0 tcontext=u:r:vendor_hal_sensorscalibrate_qti_default:s0 tclass=dir permissive=1
[ 1250.356567] type=1400 audit(1785264497.700:70315): avc:  denied  { getattr } for  comm="top" path="/proc/1813" dev="proc" ino=717675 scontext=u:r:system_app:s0 tcontext=u:r:vendor_tcmd:s0 tclass=dir permissive=1
[ 1250.356585] audit: audit_lost=65608 audit_rate_limit=5 audit_backlog_limit=64
[ 1250.356592] audit: rate limit exceeded
[ 1250.359356] type=1400 audit(1785264497.700:70316): avc:  denied  { search } for  comm="top" name="1813" dev="proc" ino=717675 scontext=u:r:system_app:s0 tcontext=u:r:vendor_tcmd:s0 tclass=dir permissive=1
[ 1250.508918] init: Control message: Could not find 'vendor.qti.diaghal@1.0::Idiag/default' for ctl.interface_start from pid: 754 (/system/bin/hwservicemanager)
[ 1251.510345] init: Control message: Could not find 'vendor.qti.diaghal@1.0::Idiag/default' for ctl.interface_start from pid: 754 (/system/bin/hwservicemanager)
[ 1252.514350] init: Control message: Could not find 'vendor.qti.diaghal@1.0::Idiag/default' for ctl.interface_start from pid: 754 (/system/bin/hwservicemanager)
[ 1253.514971] init: Control message: Could not find 'vendor.qti.diaghal@1.0::Idiag/default' for ctl.interface_start from pid: 754 (/system/bin/hwservicemanager)
[ 1254.088782] type=1400 audit(1785264501.432:70320): avc:  denied  { read } for  comm="top" scontext=u:r:system_app:s0 tcontext=u:r:hal_light_default:s0 tclass=file permissive=1
[ 1254.090963] type=1400 audit(1785264501.432:70321): avc:  denied  { open } for  comm="top" path="/proc/1495/stat" dev="proc" ino=756471 scontext=u:r:system_app:s0 tcontext=u:r:hal_light_default:s0 tclass=file permissive=1
[ 1254.092648] type=1400 audit(1785264501.436:70322): avc:  denied  { getattr } for  comm="top" path="/proc/2022" dev="proc" ino=717685 scontext=u:r:system_app:s0 tcontext=u:r:vendor_hal_soter_qti:s0 tclass=dir permissive=1
[ 1254.092839] type=1400 audit(1785264501.436:70323): avc:  denied  { search } for  comm="top" name="2022" dev="proc" ino=717685 scontext=u:r:system_app:s0 tcontext=u:r:vendor_hal_soter_qti:s0 tclass=dir permissive=1
[ 1254.211859] audit: audit_lost=65611 audit_rate_limit=5 audit_backlog_limit=64
[ 1254.211876] audit: rate limit exceeded
[ 1254.212036] type=1400 audit(1785264501.556:70324): avc:  denied  { read } for  comm="sh" name="pulse_fifo_in" dev="dm-53" ino=332444 scontext=u:r:xsud:s0 tcontext=u:object_r:app_data_file:s0 tclass=fifo_file permissive=1
[ 1254.517075] init: Control message: Could not find 'vendor.qti.diaghal@1.0::Idiag/default' for ctl.interface_start from pid: 754 (/system/bin/hwservicemanager)
[ 1255.137618] wcd-usbss-i2c-driver 1-000e: wcd_usbss_is_in_reset_state: Surge check #3 failed
[ 1255.347127] audit: audit_lost=65622 audit_rate_limit=5 audit_backlog_limit=64
[ 1255.347134] audit: rate limit exceeded
[ 1255.518686] init: Control message: Could not find 'vendor.qti.diaghal@1.0::Idiag/default' for ctl.interface_start from pid: 754 (/system/bin/hwservicemanager)
[ 1256.521245] init: Control message: Could not find 'vendor.qti.diaghal@1.0::Idiag/default' for ctl.interface_start from pid: 754 (/system/bin/hwservicemanager)
[ 1257.523153] init: Control message: Could not find 'vendor.qti.diaghal@1.0::Idiag/default' for ctl.interface_start from pid: 754 (/system/bin/hwservicemanager)
[ 1258.524735] init: Control message: Could not find 'vendor.qti.diaghal@1.0::Idiag/default' for ctl.interface_start from pid: 754 (/system/bin/hwservicemanager)
[ 1259.525099] init: Control message: Could not find 'vendor.qti.diaghal@1.0::Idiag/default' for ctl.interface_start from pid: 754 (/system/bin/hwservicemanager)
[ 1259.603850] servicemanager: Found vendor.qti.hardware.perf2.IPerf/default in device VINTF manifest.
[ 1259.609667] init: Control message: Could not find 'vendor.qti.diaghal@1.0::Idiag/default' for ctl.interface_start from pid: 754 (/system/bin/hwservicemanager)
[ 1259.610993] init: Control message: Could not find 'vendor.qti.diaghal@1.0::Idiag/default' for ctl.interface_start from pid: 754 (/system/bin/hwservicemanager)
[ 1259.800891] type=1400 audit(1785264507.144:70347): avc:  denied  { read } for  comm="cat" name="gpuclk" dev="sysfs" ino=124210 scontext=u:r:xsud:s0 tcontext=u:object_r:vendor_sysfs_kgsl_gpuclk:s0 tclass=file permissive=1
[ 1259.801050] type=1400 audit(1785264507.144:70348): avc:  denied  { open } for  comm="cat" path="/sys/devices/platform/soc/3d00000.qcom,kgsl-3d0/kgsl/kgsl-3d0/gpuclk" dev="sysfs" ino=124210 scontext=u:r:xsud:s0 tcontext=u:object_r:vendor_sysfs_kgsl_gpuclk:s0 tclass=file permissive=1
[ 1259.816392] type=1400 audit(1785264507.160:70349): avc:  denied  { read } for  comm="cat" name="min_pwrlevel" dev="sysfs" ino=124218 scontext=u:r:xsud:s0 tcontext=u:object_r:vendor_sysfs_kgsl:s0 tclass=file permissive=1
[ 1259.816701] type=1400 audit(1785264507.160:70350): avc:  denied  { open } for  comm="cat" path="/sys/devices/platform/soc/3d00000.qcom,kgsl-3d0/kgsl/kgsl-3d0/min_pwrlevel" dev="sysfs" ino=124218 scontext=u:r:xsud:s0 tcontext=u:object_r:vendor_sysfs_kgsl:s0 tclass=file permissive=1
[ 1259.846967] audit: audit_lost=65628 audit_rate_limit=5 audit_backlog_limit=64
[ 1259.846973] audit: rate limit exceeded
[ 1259.847146] type=1400 audit(1785264507.188:70351): avc:  denied  { search } for  comm="cat" name="battery" dev="sysfs" ino=141568 scontext=u:r:xsud:s0 tcontext=u:object_r:vendor_sysfs_battery_supply:s0 tclass=dir permissive=1
[ 1260.614497] init: Control message: Could not find 'vendor.qti.diaghal@1.0::Idiag/default' for ctl.interface_start from pid: 754 (/system/bin/hwservicemanager)
[ 1261.034727] type=1400 audit(1785264508.376:70536): avc:  denied  { read } for  comm="cat" name="gpuclk" dev="sysfs" ino=124210 scontext=u:r:xsud:s0 tcontext=u:object_r:vendor_sysfs_kgsl_gpuclk:s0 tclass=file permissive=1
[ 1261.035120] type=1400 audit(1785264508.376:70537): avc:  denied  { open } for  comm="cat" path="/sys/devices/platform/soc/3d00000.qcom,kgsl-3d0/kgsl/kgsl-3d0/gpuclk" dev="sysfs" ino=124210 scontext=u:r:xsud:s0 tcontext=u:object_r:vendor_sysfs_kgsl_gpuclk:s0 tclass=file permissive=1
[ 1261.055490] type=1400 audit(1785264508.396:70538): avc:  denied  { read } for  comm="cat" name="min_pwrlevel" dev="sysfs" ino=124218 scontext=u:r:xsud:s0 tcontext=u:object_r:vendor_sysfs_kgsl:s0 tclass=file permissive=1
[ 1261.055854] type=1400 audit(1785264508.396:70539): avc:  denied  { open } for  comm="cat" path="/sys/devices/platform/soc/3d00000.qcom,kgsl-3d0/kgsl/kgsl-3d0/min_pwrlevel" dev="sysfs" ino=124218 scontext=u:r:xsud:s0 tcontext=u:object_r:vendor_sysfs_kgsl:s0 tclass=file permissive=1
[ 1261.078475] type=1400 audit(1785264508.420:70540): avc:  denied  { search } for  comm="cat" name="battery" dev="sysfs" ino=141568 scontext=u:r:xsud:s0 tcontext=u:object_r:vendor_sysfs_battery_supply:s0 tclass=dir permissive=1
[ 1261.089617] audit: audit_lost=65812 audit_rate_limit=5 audit_backlog_limit=64
[ 1261.089622] audit: rate limit exceeded
[ 1261.616004] init: Control message: Could not find 'vendor.qti.diaghal@1.0::Idiag/default' for ctl.interface_start from pid: 754 (/system/bin/hwservicemanager)
[ 1262.617543] init: Control message: Could not find 'vendor.qti.diaghal@1.0::Idiag/default' for ctl.interface_start from pid: 754 (/system/bin/hwservicemanager)
[ 1263.618367] init: Control message: Could not find 'vendor.qti.diaghal@1.0::Idiag/default' for ctl.interface_start from pid: 754 (/system/bin/hwservicemanager)
[ 1264.621048] init: Control message: Could not find 'vendor.qti.diaghal@1.0::Idiag/default' for ctl.interface_start from pid: 754 (/system/bin/hwservicemanager)
[ 1265.622967] init: Control message: Could not find 'vendor.qti.diaghal@1.0::Idiag/default' for ctl.interface_start from pid: 754 (/system/bin/hwservicemanager)
[ 1266.624356] init: Control message: Could not find 'vendor.qti.diaghal@1.0::Idiag/default' for ctl.interface_start from pid: 754 (/system/bin/hwservicemanager)
[ 1267.082688] type=1400 audit(1785264514.424:70577): avc:  denied  { getattr } for  comm="top" path="/proc/752" dev="proc" ino=756354 scontext=u:r:system_app:s0 tcontext=u:r:servicemanager:s0 tclass=dir permissive=1
[ 1267.083217] type=1400 audit(1785264514.424:70578): avc:  denied  { search } for  comm="top" name="752" dev="proc" ino=756354 scontext=u:r:system_app:s0 tcontext=u:r:servicemanager:s0 tclass=dir permissive=1
[ 1267.083497] type=1400 audit(1785264514.424:70579): avc:  denied  { getattr } for  comm="top" path="/proc/1068" dev="proc" ino=756359 scontext=u:r:system_app:s0 tcontext=u:r:vendor_sec_nvm:s0 tclass=dir permissive=1
[ 1267.083727] type=1400 audit(1785264514.424:70580): avc:  denied  { search } for  comm="top" name="1068" dev="proc" ino=756359 scontext=u:r:system_app:s0 tcontext=u:r:vendor_sec_nvm:s0 tclass=dir permissive=1
[ 1267.084727] audit: audit_lost=65839 audit_rate_limit=5 audit_backlog_limit=64
[ 1267.084731] audit: rate limit exceeded
[ 1267.084733] type=1400 audit(1785264514.428:70581): avc:  denied  { getattr } for  comm="top" path="/proc/1521" dev="proc" ino=756379 scontext=u:r:system_app:s0 tcontext=u:r:vendor_hal_srvctracker_default:s0 tclass=dir permissive=1
[ 1267.084926] type=1400 audit(1785264514.428:70582): avc:  denied  { search } for  comm="top" name="1521" dev="proc" ino=756379 scontext=u:r:system_app:s0 tcontext=u:r:vendor_hal_srvctracker_default:s0 tclass=dir permissive=1
[ 1267.626760] init: Control message: Could not find 'vendor.qti.diaghal@1.0::Idiag/default' for ctl.interface_start from pid: 754 (/system/bin/hwservicemanager)
[ 1268.630273] init: Control message: Could not find 'vendor.qti.diaghal@1.0::Idiag/default' for ctl.interface_start from pid: 754 (/system/bin/hwservicemanager)
[ 1269.082567] type=1400 audit(1785264516.424:70587): avc:  denied  { read } for  comm="top" scontext=u:r:system_app:s0 tcontext=u:r:vendor_feature_enabler_client:s0 tclass=file permissive=1
[ 1269.083696] type=1400 audit(1785264516.428:70588): avc:  denied  { getattr } for  comm="top" path="/proc/1067" dev="proc" ino=756358 scontext=u:r:system_app:s0 tcontext=u:r:vendor_spdaemon:s0 tclass=dir permissive=1
[ 1269.083919] type=1400 audit(1785264516.428:70589): avc:  denied  { search } for  comm="top" name="1067" dev="proc" ino=756358 scontext=u:r:system_app:s0 tcontext=u:r:vendor_spdaemon:s0 tclass=dir permissive=1
[ 1269.085464] type=1400 audit(1785264516.428:70590): avc:  denied  { getattr } for  comm="top" path="/proc/1528" dev="proc" ino=756381 scontext=u:r:system_app:s0 tcontext=u:r:hal_vibrator_default:s0 tclass=dir permissive=1
[ 1269.086057] audit: audit_lost=65843 audit_rate_limit=5 audit_backlog_limit=64
[ 1269.086063] audit: rate limit exceeded
[ 1269.633735] init: Control message: Could not find 'vendor.qti.diaghal@1.0::Idiag/default' for ctl.interface_start from pid: 754 (/system/bin/hwservicemanager)
[ 1270.242019] wcd-usbss-i2c-driver 1-000e: wcd_usbss_is_in_reset_state: Surge check #3 failed
[ 1270.348388] audit: audit_lost=65846 audit_rate_limit=5 audit_backlog_limit=64
[ 1270.348398] audit: rate limit exceeded
[ 1270.634315] init: Control message: Could not find 'vendor.qti.diaghal@1.0::Idiag/default' for ctl.interface_start from pid: 754 (/system/bin/hwservicemanager)
[ 1271.636269] init: Control message: Could not find 'vendor.qti.diaghal@1.0::Idiag/default' for ctl.interface_start from pid: 754 (/system/bin/hwservicemanager)
[ 1272.077921] audit: audit_lost=65848 audit_rate_limit=5 audit_backlog_limit=64
[ 1272.077927] audit: rate limit exceeded
[ 1272.638024] init: Control message: Could not find 'vendor.qti.diaghal@1.0::Idiag/default' for ctl.interface_start from pid: 754 (/system/bin/hwservicemanager)
[ 1273.639662] init: Control message: Could not find 'vendor.qti.diaghal@1.0::Idiag/default' for ctl.interface_start from pid: 754 (/system/bin/hwservicemanager)
[ 1274.641201] init: Control message: Could not find 'vendor.qti.diaghal@1.0::Idiag/default' for ctl.interface_start from pid: 754 (/system/bin/hwservicemanager)
[ 1275.643332] init: Control message: Could not find 'vendor.qti.diaghal@1.0::Idiag/default' for ctl.interface_start from pid: 754 (/system/bin/hwservicemanager)
[ 1276.644370] init: Control message: Could not find 'vendor.qti.diaghal@1.0::Idiag/default' for ctl.interface_start from pid: 754 (/system/bin/hwservicemanager)
[ 1277.646726] init: Control message: Could not find 'vendor.qti.diaghal@1.0::Idiag/default' for ctl.interface_start from pid: 754 (/system/bin/hwservicemanager)
[ 1278.648380] init: Control message: Could not find 'vendor.qti.diaghal@1.0::Idiag/default' for ctl.interface_start from pid: 754 (/system/bin/hwservicemanager)
[ 1279.649835] init: Control message: Could not find 'vendor.qti.diaghal@1.0::Idiag/default' for ctl.interface_start from pid: 754 (/system/bin/hwservicemanager)
[ 1279.665112] type=1400 audit(1785264527.008:70608): avc:  denied  { write } for  comm="Thread-10191" name="pulse_fifo_in" dev="dm-53" ino=332444 scontext=u:r:untrusted_app:s0:c183,c256,c512,c768 tcontext=u:object_r:app_data_file:s0 tclass=fifo_file permissive=1 app=com.kei.pulse
[ 1279.666384] type=1400 audit(1785264527.008:70609): avc:  denied  { getattr } for  comm="DefaultDispatch" path="/dev/ttyHS5" dev="tmpfs" ino=1195 scontext=u:r:system_app:s0 tcontext=u:object_r:device:s0 tclass=chr_file permissive=1
[ 1279.677131] type=1400 audit(1785264527.020:70610): avc:  denied  { search } for  comm="sh" name="0" dev="tmpfs" ino=12 scontext=u:r:xsud:s0 tcontext=u:object_r:mnt_user_file:s0 tclass=dir permissive=1
[ 1279.677348] type=1400 audit(1785264527.020:70611): avc:  denied  { read } for  comm="sh" name="primary" dev="tmpfs" ino=42 scontext=u:r:xsud:s0 tcontext=u:object_r:mnt_user_file:s0 tclass=lnk_file permissive=1
[ 1279.677496] type=1400 audit(1785264527.020:70612): avc:  denied  { search } for  comm="sh" name="/" dev="fuse" ino=131 scontext=u:r:xsud:s0 tcontext=u:object_r:fuse:s0 tclass=dir permissive=1
[ 1279.678946] audit: audit_lost=65849 audit_rate_limit=5 audit_backlog_limit=64
[ 1279.678953] audit: rate limit exceeded
[ 1279.722029] servicemanager: Found vendor.qti.hardware.perf2.IPerf/default in device VINTF manifest.
[ 1279.729078] init: Control message: Could not find 'vendor.qti.diaghal@1.0::Idiag/default' for ctl.interface_start from pid: 754 (/system/bin/hwservicemanager)
[ 1279.730009] init: Control message: Could not find 'vendor.qti.diaghal@1.0::Idiag/default' for ctl.interface_start from pid: 754 (/system/bin/hwservicemanager)
[ 1280.681612] type=1400 audit(1785264528.024:70794): avc:  denied  { write } for  comm="Thread-10192" name="pulse_fifo_in" dev="dm-53" ino=332444 scontext=u:r:untrusted_app:s0:c183,c256,c512,c768 tcontext=u:object_r:app_data_file:s0 tclass=fifo_file permissive=1 app=com.kei.pulse
[ 1280.696060] type=1400 audit(1785264528.036:70795): avc:  denied  { dac_read_search } for  comm="sh" capability=2  scontext=u:r:xsud:s0 tcontext=u:r:xsud:s0 tclass=capability permissive=1
[ 1280.697946] type=1400 audit(1785264528.040:70796): avc:  denied  { search } for  comm="sh" name="com.kei.pulse" dev="dm-53" ino=329013 scontext=u:r:xsud:s0 tcontext=u:object_r:app_data_file:s0:c183,c256,c512,c768 tclass=dir permissive=1
[ 1280.698211] type=1400 audit(1785264528.040:70797): avc:  denied  { read } for  comm="sh" name="pulse_fifo_in" dev="dm-53" ino=332444 scontext=u:r:xsud:s0 tcontext=u:object_r:app_data_file:s0 tclass=fifo_file permissive=1
[ 1280.698383] type=1400 audit(1785264528.040:70798): avc:  denied  { open } for  comm="sh" path="/data/user/0/com.kei.pulse/files/pulse_fifo_in" dev="dm-53" ino=332444 scontext=u:r:xsud:s0 tcontext=u:object_r:app_data_file:s0 tclass=fifo_file permissive=1
[ 1280.731748] init: Control message: Could not find 'vendor.qti.diaghal@1.0::Idiag/default' for ctl.interface_start from pid: 754 (/system/bin/hwservicemanager)
[ 1281.072685] audit: audit_lost=66030 audit_rate_limit=5 audit_backlog_limit=64
[ 1281.072692] audit: rate limit exceeded
[ 1281.733596] init: Control message: Could not find 'vendor.qti.diaghal@1.0::Idiag/default' for ctl.interface_start from pid: 754 (/system/bin/hwservicemanager)
[ 1282.077095] audit: audit_lost=66087 audit_rate_limit=5 audit_backlog_limit=64
[ 1282.077101] audit: rate limit exceeded
[ 1282.734815] init: Control message: Could not find 'vendor.qti.diaghal@1.0::Idiag/default' for ctl.interface_start from pid: 754 (/system/bin/hwservicemanager)
[ 1283.652420] audit: audit_lost=66095 audit_rate_limit=5 audit_backlog_limit=64
[ 1283.652428] audit: rate limit exceeded
[ 1283.736433] init: Control message: Could not find 'vendor.qti.diaghal@1.0::Idiag/default' for ctl.interface_start from pid: 754 (/system/bin/hwservicemanager)
[ 1284.738654] init: Control message: Could not find 'vendor.qti.diaghal@1.0::Idiag/default' for ctl.interface_start from pid: 754 (/system/bin/hwservicemanager)
[ 1285.345783] wcd-usbss-i2c-driver 1-000e: wcd_usbss_is_in_reset_state: Surge check #3 failed
[ 1285.740657] init: Control message: Could not find 'vendor.qti.diaghal@1.0::Idiag/default' for ctl.interface_start from pid: 754 (/system/bin/hwservicemanager)
[ 1286.270518] healthd: battery l=72 v=8039 t=35.0 h=2 st=3 c=-331429 fc=4162000 cc=0 chg=a
[ 1286.308858] BATTERY_CHG: battery_psy_set_online: battery_psy_set_online: set online 1
[ 1286.309080] type=1400 audit(1785264533.652:70876): avc:  denied  { write } for  comm="sh" name="online" dev="sysfs" ino=141577 scontext=u:r:xsud:s0 tcontext=u:object_r:vendor_sysfs_battery_supply:s0 tclass=file permissive=1
[ 1286.326889] type=1400 audit(1785264533.668:70877): avc:  denied  { read } for  comm="top" scontext=u:r:system_app:s0 tcontext=u:r:vendor_spdaemon:s0 tclass=file permissive=1
[ 1286.327106] audit: audit_lost=66097 audit_rate_limit=5 audit_backlog_limit=64
[ 1286.327112] audit: rate limit exceeded
[ 1286.327114] type=1400 audit(1785264533.668:70878): avc:  denied  { read } for  comm="top" scontext=u:r:system_app:s0 tcontext=u:r:vendor_hal_sensorscalibrate_qti_default:s0 tclass=file permissive=1
[ 1286.327175] type=1400 audit(1785264533.668:70879): avc:  denied  { read } for  comm="top" scontext=u:r:system_app:s0 tcontext=u:r:vendor_hal_srvctracker_default:s0 tclass=file permissive=1
[ 1286.327249] type=1400 audit(1785264533.668:70880): avc:  denied  { read } for  comm="top" scontext=u:r:system_app:s0 tcontext=u:r:vendor_hal_trustedui_qti:s0 tclass=file permissive=1
[ 1286.743150] init: Control message: Could not find 'vendor.qti.diaghal@1.0::Idiag/default' for ctl.interface_start from pid: 754 (/system/bin/hwservicemanager)
[ 1287.744078] init: Control message: Could not find 'vendor.qti.diaghal@1.0::Idiag/default' for ctl.interface_start from pid: 754 (/system/bin/hwservicemanager)
[ 1288.630149] type=1400 audit(1785264535.972:70913): avc:  denied  { read } for  comm="cat" name="online" dev="sysfs" ino=141577 scontext=u:r:xsud:s0 tcontext=u:object_r:vendor_sysfs_battery_supply:s0 tclass=file permissive=1
[ 1288.630312] type=1400 audit(1785264535.972:70914): avc:  denied  { open } for  comm="cat" path="/sys/devices/platform/soc/soc:qcom,pmic_glink/soc:qcom,pmic_glink:qcom,battery_charger/power_supply/battery/online" dev="sysfs" ino=141577 scontext=u:r:xsud:s0 tcontext=u:object_r:vendor_sysfs_battery_supply:s0 tclass=file permissive=1
[ 1288.745938] init: Control message: Could not find 'vendor.qti.diaghal@1.0::Idiag/default' for ctl.interface_start from pid: 754 (/system/bin/hwservicemanager)
[ 1289.066645] type=1400 audit(1785264536.408:70915): avc:  denied  { getattr } for  comm="top" path="/proc/1483" dev="proc" ino=756374 scontext=u:r:system_app:s0 tcontext=u:r:vendor_hal_capabilityconfigstore_qti_default:s0 tclass=dir permissive=1
[ 1289.067025] type=1400 audit(1785264536.408:70916): avc:  denied  { search } for  comm="top" name="1483" dev="proc" ino=756374 scontext=u:r:system_app:s0 tcontext=u:r:vendor_hal_capabilityconfigstore_qti_default:s0 tclass=dir permissive=1
[ 1289.746864] init: Control message: Could not find 'vendor.qti.diaghal@1.0::Idiag/default' for ctl.interface_start from pid: 754 (/system/bin/hwservicemanager)
[ 1290.748548] init: Control message: Could not find 'vendor.qti.diaghal@1.0::Idiag/default' for ctl.interface_start from pid: 754 (/system/bin/hwservicemanager)
[ 1291.751192] init: Control message: Could not find 'vendor.qti.diaghal@1.0::Idiag/default' for ctl.interface_start from pid: 754 (/system/bin/hwservicemanager)
[ 1292.752683] init: Control message: Could not find 'vendor.qti.diaghal@1.0::Idiag/default' for ctl.interface_start from pid: 754 (/system/bin/hwservicemanager)
[ 1293.058971] type=1400 audit(1785264540.400:70917): avc:  denied  { read } for  comm="top" scontext=u:r:system_app:s0 tcontext=u:r:vendor_hal_keymint_spu_qti:s0 tclass=file permissive=1
[ 1293.060319] type=1400 audit(1785264540.404:70918): avc:  denied  { open } for  comm="top" path="/proc/1073/stat" dev="proc" ino=756411 scontext=u:r:system_app:s0 tcontext=u:r:vendor_hal_keymint_spu_qti:s0 tclass=file permissive=1
[ 1293.061204] type=1400 audit(1785264540.404:70919): avc:  denied  { getattr } for  comm="top" path="/proc/1479" dev="proc" ino=756373 scontext=u:r:system_app:s0 tcontext=u:r:hal_fingerprint_default:s0 tclass=dir permissive=1
[ 1293.061382] type=1400 audit(1785264540.404:70920): avc:  denied  { search } for  comm="top" name="1479" dev="proc" ino=756373 scontext=u:r:system_app:s0 tcontext=u:r:hal_fingerprint_default:s0 tclass=dir permissive=1
[ 1293.754506] init: Control message: Could not find 'vendor.qti.diaghal@1.0::Idiag/default' for ctl.interface_start from pid: 754 (/system/bin/hwservicemanager)
[ 1294.756372] init: Control message: Could not find 'vendor.qti.diaghal@1.0::Idiag/default' for ctl.interface_start from pid: 754 (/system/bin/hwservicemanager)
[ 1295.044156] type=1400 audit(1785264542.388:70921): avc:  denied  { read } for  comm="Performance-Tim" name="pwm1" dev="sysfs" ino=115174 scontext=u:r:system_app:s0 tcontext=u:object_r:sysfs:s0 tclass=file permissive=1
[ 1295.044634] type=1400 audit(1785264542.388:70922): avc:  denied  { open } for  comm="Performance-Tim" path="/sys/devices/platform/soc/soc:pwm-fan/hwmon/hwmon0/pwm1" dev="sysfs" ino=115174 scontext=u:r:system_app:s0 tcontext=u:object_r:sysfs:s0 tclass=file permissive=1
[ 1295.044919] type=1400 audit(1785264542.388:70923): avc:  denied  { getattr } for  comm="Performance-Tim" path="/sys/devices/platform/soc/soc:pwm-fan/hwmon/hwmon0/pwm1" dev="sysfs" ino=115174 scontext=u:r:system_app:s0 tcontext=u:object_r:sysfs:s0 tclass=file permissive=1
[ 1295.061154] type=1400 audit(1785264542.404:70924): avc:  denied  { getattr } for  comm="top" path="/proc/1767" dev="proc" ino=717674 scontext=u:r:system_app:s0 tcontext=u:r:vendor_per_proxy:s0 tclass=dir permissive=1
[ 1295.061455] type=1400 audit(1785264542.404:70925): avc:  denied  { search } for  comm="top" name="1767" dev="proc" ino=717674 scontext=u:r:system_app:s0 tcontext=u:r:vendor_per_proxy:s0 tclass=dir permissive=1
[ 1295.758311] init: Control message: Could not find 'vendor.qti.diaghal@1.0::Idiag/default' for ctl.interface_start from pid: 754 (/system/bin/hwservicemanager)
[ 1296.759625] init: Control message: Could not find 'vendor.qti.diaghal@1.0::Idiag/default' for ctl.interface_start from pid: 754 (/system/bin/hwservicemanager)
[ 1297.761325] init: Control message: Could not find 'vendor.qti.diaghal@1.0::Idiag/default' for ctl.interface_start from pid: 754 (/system/bin/hwservicemanager)
[ 1298.762648] init: Control message: Could not find 'vendor.qti.diaghal@1.0::Idiag/default' for ctl.interface_start from pid: 754 (/system/bin/hwservicemanager)
[ 1299.745473] type=1400 audit(1785264547.088:70926): avc:  denied  { getattr } for  comm="DefaultDispatch" path="/dev/ttyHS5" dev="tmpfs" ino=1195 scontext=u:r:system_app:s0 tcontext=u:object_r:device:s0 tclass=chr_file permissive=1
[ 1299.764923] init: Control message: Could not find 'vendor.qti.diaghal@1.0::Idiag/default' for ctl.interface_start from pid: 754 (/system/bin/hwservicemanager)
[ 1299.818062] type=1400 audit(1785264547.160:70927): avc:  denied  { getattr } for  comm="DefaultDispatch" path="/dev/ttyHS5" dev="tmpfs" ino=1195 scontext=u:r:system_app:s0 tcontext=u:object_r:device:s0 tclass=chr_file permissive=1
[ 1299.835127] servicemanager: Found vendor.qti.hardware.perf2.IPerf/default in device VINTF manifest.
[ 1299.843084] init: Control message: Could not find 'vendor.qti.diaghal@1.0::Idiag/default' for ctl.interface_start from pid: 754 (/system/bin/hwservicemanager)
[ 1299.843171] init: Control message: Could not find 'vendor.qti.diaghal@1.0::Idiag/default' for ctl.interface_start from pid: 754 (/system/bin/hwservicemanager)
[ 1299.870147] type=1400 audit(1785264547.212:70928): avc:  denied  { read } for  comm="cat" name="gpuclk" dev="sysfs" ino=124210 scontext=u:r:xsud:s0 tcontext=u:object_r:vendor_sysfs_kgsl_gpuclk:s0 tclass=file permissive=1
[ 1299.870559] type=1400 audit(1785264547.212:70929): avc:  denied  { open } for  comm="cat" path="/sys/devices/platform/soc/3d00000.qcom,kgsl-3d0/kgsl/kgsl-3d0/gpuclk" dev="sysfs" ino=124210 scontext=u:r:xsud:s0 tcontext=u:object_r:vendor_sysfs_kgsl_gpuclk:s0 tclass=file permissive=1
[ 1299.885169] type=1400 audit(1785264547.228:70930): avc:  denied  { read } for  comm="cat" name="min_pwrlevel" dev="sysfs" ino=124218 scontext=u:r:xsud:s0 tcontext=u:object_r:vendor_sysfs_kgsl:s0 tclass=file permissive=1
[ 1299.885505] type=1400 audit(1785264547.228:70931): avc:  denied  { open } for  comm="cat" path="/sys/devices/platform/soc/3d00000.qcom,kgsl-3d0/kgsl/kgsl-3d0/min_pwrlevel" dev="sysfs" ino=124218 scontext=u:r:xsud:s0 tcontext=u:object_r:vendor_sysfs_kgsl:s0 tclass=file permissive=1
[ 1299.917281] audit: audit_lost=66129 audit_rate_limit=5 audit_backlog_limit=64
[ 1299.917286] audit: rate limit exceeded
[ 1299.917702] type=1400 audit(1785264547.260:70932): avc:  denied  { search } for  comm="cat" name="battery" dev="sysfs" ino=141568 scontext=u:r:xsud:s0 tcontext=u:object_r:vendor_sysfs_battery_supply:s0 tclass=dir permissive=1
[ 1300.449755] wcd-usbss-i2c-driver 1-000e: wcd_usbss_is_in_reset_state: Surge check #3 failed
[ 1300.844999] init: Control message: Could not find 'vendor.qti.diaghal@1.0::Idiag/default' for ctl.interface_start from pid: 754 (/system/bin/hwservicemanager)
[ 1301.042864] type=1400 audit(1785264548.384:71109): avc:  denied  { search } for  comm="sh" name="/" dev="fuse" ino=131 scontext=u:r:xsud:s0 tcontext=u:object_r:fuse:s0 tclass=dir permissive=1
[ 1301.043091] type=1400 audit(1785264548.384:71110): avc:  denied  { append } for  comm="sh" name="pulse_20260728_203503.log" dev="fuse" ino=332446 scontext=u:r:xsud:s0 tcontext=u:object_r:fuse:s0 tclass=file permissive=1
[ 1301.043189] type=1400 audit(1785264548.384:71111): avc:  denied  { open } for  comm="sh" path="/storage/emulated/0/apl_pulse_logs/pulse_20260728_203503.log" dev="fuse" ino=332446 scontext=u:r:xsud:s0 tcontext=u:object_r:fuse:s0 tclass=file permissive=1
[ 1301.045967] audit: audit_lost=66305 audit_rate_limit=5 audit_backlog_limit=64
[ 1301.046207] audit: rate limit exceeded
[ 1301.846746] init: Control message: Could not find 'vendor.qti.diaghal@1.0::Idiag/default' for ctl.interface_start from pid: 754 (/system/bin/hwservicemanager)
[ 1302.848726] init: Control message: Could not find 'vendor.qti.diaghal@1.0::Idiag/default' for ctl.interface_start from pid: 754 (/system/bin/hwservicemanager)
[ 1303.051171] audit: audit_lost=66348 audit_rate_limit=5 audit_backlog_limit=64
[ 1303.051178] audit: rate limit exceeded
[ 1303.851048] init: Control message: Could not find 'vendor.qti.diaghal@1.0::Idiag/default' for ctl.interface_start from pid: 754 (/system/bin/hwservicemanager)
[ 1304.851179] init: Control message: Could not find 'vendor.qti.diaghal@1.0::Idiag/default' for ctl.interface_start from pid: 754 (/system/bin/hwservicemanager)
[ 1305.853067] init: Control message: Could not find 'vendor.qti.diaghal@1.0::Idiag/default' for ctl.interface_start from pid: 754 (/system/bin/hwservicemanager)
[ 1306.855266] init: Control message: Could not find 'vendor.qti.diaghal@1.0::Idiag/default' for ctl.interface_start from pid: 754 (/system/bin/hwservicemanager)
[ 1307.855362] init: Control message: Could not find 'vendor.qti.diaghal@1.0::Idiag/default' for ctl.interface_start from pid: 754 (/system/bin/hwservicemanager)
[ 1308.857222] init: Control message: Could not find 'vendor.qti.diaghal@1.0::Idiag/default' for ctl.interface_start from pid: 754 (/system/bin/hwservicemanager)
[ 1309.048146] type=1400 audit(1785264556.392:71168): avc:  denied  { read } for  comm="top" scontext=u:r:system_app:s0 tcontext=u:r:hal_allocator_default:s0 tclass=file permissive=1
[ 1309.048946] type=1400 audit(1785264556.392:71169): avc:  denied  { read } for  comm="top" scontext=u:r:system_app:s0 tcontext=u:r:hal_tsnv_default:s0 tclass=file permissive=1
[ 1309.049111] type=1400 audit(1785264556.392:71170): avc:  denied  { read } for  comm="top" scontext=u:r:system_app:s0 tcontext=u:r:vendor_perfservice:s0 tclass=file permissive=1
[ 1309.049345] type=1400 audit(1785264556.392:71171): avc:  denied  { open } for  comm="top" path="/proc/1354/stat" dev="proc" ino=756415 scontext=u:r:system_app:s0 tcontext=u:r:hal_allocator_default:s0 tclass=file permissive=1
[ 1309.050890] type=1400 audit(1785264556.392:71172): avc:  denied  { open } for  comm="top" path="/proc/1554/stat" dev="proc" ino=756507 scontext=u:r:system_app:s0 tcontext=u:r:hal_tsnv_default:s0 tclass=file permissive=1
[ 1309.051359] type=1400 audit(1785264556.392:71173): avc:  denied  { open } for  comm="top" path="/proc/1846/stat" dev="proc" ino=718194 scontext=u:r:system_app:s0 tcontext=u:r:vendor_perfservice:s0 tclass=file permissive=1
[ 1309.858233] init: Control message: Could not find 'vendor.qti.diaghal@1.0::Idiag/default' for ctl.interface_start from pid: 754 (/system/bin/hwservicemanager)
[ 1310.045647] type=1400 audit(1785264557.388:71174): avc:  denied  { read } for  comm="top" scontext=u:r:system_app:s0 tcontext=u:r:vendor_hal_qspmhal_default:s0 tclass=file permissive=1
[ 1310.047385] type=1400 audit(1785264557.388:71175): avc:  denied  { getattr } for  comm="top" path="/proc/1466" dev="proc" ino=756370 scontext=u:r:system_app:s0 tcontext=u:r:vendor_hal_poweroptservice_qti:s0 tclass=dir permissive=1
[ 1310.047660] type=1400 audit(1785264557.388:71176): avc:  denied  { search } for  comm="top" name="1466" dev="proc" ino=756370 scontext=u:r:system_app:s0 tcontext=u:r:vendor_hal_poweroptservice_qti:s0 tclass=dir permissive=1
[ 1310.048340] audit: audit_lost=66353 audit_rate_limit=5 audit_backlog_limit=64
[ 1310.048345] audit: rate limit exceeded
[ 1310.860213] init: Control message: Could not find 'vendor.qti.diaghal@1.0::Idiag/default' for ctl.interface_start from pid: 754 (/system/bin/hwservicemanager)
[ 1310.900487] type=1400 audit(1785264558.244:71180): avc:  denied  { read } for  comm="binder:1070_2" name="wakeup64" dev="sysfs" ino=142950 scontext=u:r:system_suspend:s0 tcontext=u:object_r:sysfs:s0 tclass=dir permissive=1
[ 1311.129493] audit: audit_lost=66366 audit_rate_limit=5 audit_backlog_limit=64
[ 1311.129512] audit: rate limit exceeded
[ 1311.862400] init: Control message: Could not find 'vendor.qti.diaghal@1.0::Idiag/default' for ctl.interface_start from pid: 754 (/system/bin/hwservicemanager)
[ 1312.862744] init: Control message: Could not find 'vendor.qti.diaghal@1.0::Idiag/default' for ctl.interface_start from pid: 754 (/system/bin/hwservicemanager)
[ 1313.864902] init: Control message: Could not find 'vendor.qti.diaghal@1.0::Idiag/default' for ctl.interface_start from pid: 754 (/system/bin/hwservicemanager)
[ 1314.868869] init: Control message: Could not find 'vendor.qti.diaghal@1.0::Idiag/default' for ctl.interface_start from pid: 754 (/system/bin/hwservicemanager)
[ 1315.554136] wcd-usbss-i2c-driver 1-000e: wcd_usbss_is_in_reset_state: Surge check #3 failed
[ 1315.871267] init: Control message: Could not find 'vendor.qti.diaghal@1.0::Idiag/default' for ctl.interface_start from pid: 754 (/system/bin/hwservicemanager)
[ 1316.873645] init: Control message: Could not find 'vendor.qti.diaghal@1.0::Idiag/default' for ctl.interface_start from pid: 754 (/system/bin/hwservicemanager)
[ 1317.875317] init: Control message: Could not find 'vendor.qti.diaghal@1.0::Idiag/default' for ctl.interface_start from pid: 754 (/system/bin/hwservicemanager)
[ 1318.876881] init: Control message: Could not find 'vendor.qti.diaghal@1.0::Idiag/default' for ctl.interface_start from pid: 754 (/system/bin/hwservicemanager)
[ 1319.856702] type=1400 audit(1785264567.200:71197): avc:  denied  { read } for  comm="cat" name="min_pwrlevel" dev="sysfs" ino=124218 scontext=u:r:xsud:s0 tcontext=u:object_r:vendor_sysfs_kgsl:s0 tclass=file permissive=1
[ 1319.856944] type=1400 audit(1785264567.200:71198): avc:  denied  { open } for  comm="cat" path="/sys/devices/platform/soc/3d00000.qcom,kgsl-3d0/kgsl/kgsl-3d0/min_pwrlevel" dev="sysfs" ino=124218 scontext=u:r:xsud:s0 tcontext=u:object_r:vendor_sysfs_kgsl:s0 tclass=file permissive=1
[ 1319.857408] type=1400 audit(1785264567.200:71199): avc:  denied  { getattr } for  comm="DefaultDispatch" path="/dev/ttyHS5" dev="tmpfs" ino=1195 scontext=u:r:system_app:s0 tcontext=u:object_r:device:s0 tclass=chr_file permissive=1
[ 1319.886332] type=1400 audit(1785264567.228:71200): avc:  denied  { search } for  comm="cat" name="battery" dev="sysfs" ino=141568 scontext=u:r:xsud:s0 tcontext=u:object_r:vendor_sysfs_battery_supply:s0 tclass=dir permissive=1
[ 1319.898850] audit: audit_lost=66368 audit_rate_limit=5 audit_backlog_limit=64
[ 1319.898861] audit: rate limit exceeded
[ 1319.899184] type=1400 audit(1785264567.240:71201): avc:  denied  { dac_read_search } for  comm="sh" capability=2  scontext=u:r:xsud:s0 tcontext=u:r:xsud:s0 tclass=capability permissive=1
[ 1319.948178] servicemanager: Found vendor.qti.hardware.perf2.IPerf/default in device VINTF manifest.
[ 1319.954477] init: Control message: Could not find 'vendor.qti.diaghal@1.0::Idiag/default' for ctl.interface_start from pid: 754 (/system/bin/hwservicemanager)
[ 1319.954735] init: Control message: Could not find 'vendor.qti.diaghal@1.0::Idiag/default' for ctl.interface_start from pid: 754 (/system/bin/hwservicemanager)
[ 1320.956495] init: Control message: Could not find 'vendor.qti.diaghal@1.0::Idiag/default' for ctl.interface_start from pid: 754 (/system/bin/hwservicemanager)
[ 1321.021528] type=1400 audit(1785264568.364:71390): avc:  denied  { read } for  comm="Performance-Tim" name="pwm1" dev="sysfs" ino=115174 scontext=u:r:system_app:s0 tcontext=u:object_r:sysfs:s0 tclass=file permissive=1
[ 1321.021794] type=1400 audit(1785264568.364:71391): avc:  denied  { open } for  comm="Performance-Tim" path="/sys/devices/platform/soc/soc:pwm-fan/hwmon/hwmon0/pwm1" dev="sysfs" ino=115174 scontext=u:r:system_app:s0 tcontext=u:object_r:sysfs:s0 tclass=file permissive=1
[ 1321.021964] type=1400 audit(1785264568.364:71392): avc:  denied  { getattr } for  comm="Performance-Tim" path="/sys/devices/platform/soc/soc:pwm-fan/hwmon/hwmon0/pwm1" dev="sysfs" ino=115174 scontext=u:r:system_app:s0 tcontext=u:object_r:sysfs:s0 tclass=file permissive=1
[ 1321.031834] type=1400 audit(1785264568.372:71393): avc:  denied  { read } for  comm="top" name="pid_max" dev="proc" ino=756353 scontext=u:r:system_app:s0 tcontext=u:object_r:proc_pid_max:s0 tclass=file permissive=1
[ 1321.032132] audit: audit_lost=66556 audit_rate_limit=5 audit_backlog_limit=64
[ 1321.032136] audit: rate limit exceeded
[ 1321.032385] type=1400 audit(1785264568.372:71394): avc:  denied  { open } for  comm="top" path="/proc/sys/kernel/pid_max" dev="proc" ino=756353 scontext=u:r:system_app:s0 tcontext=u:object_r:proc_pid_max:s0 tclass=file permissive=1
[ 1321.958150] init: Control message: Could not find 'vendor.qti.diaghal@1.0::Idiag/default' for ctl.interface_start from pid: 754 (/system/bin/hwservicemanager)
[ 1322.042802] audit: audit_lost=66602 audit_rate_limit=5 audit_backlog_limit=64
[ 1322.042810] audit: rate limit exceeded
[ 1322.959896] init: Control message: Could not find 'vendor.qti.diaghal@1.0::Idiag/default' for ctl.interface_start from pid: 754 (/system/bin/hwservicemanager)
[ 1323.961881] init: Control message: Could not find 'vendor.qti.diaghal@1.0::Idiag/default' for ctl.interface_start from pid: 754 (/system/bin/hwservicemanager)
[ 1324.962417] init: Control message: Could not find 'vendor.qti.diaghal@1.0::Idiag/default' for ctl.interface_start from pid: 754 (/system/bin/hwservicemanager)
[ 1325.965580] init: Control message: Could not find 'vendor.qti.diaghal@1.0::Idiag/default' for ctl.interface_start from pid: 754 (/system/bin/hwservicemanager)
[ 1326.966343] init: Control message: Could not find 'vendor.qti.diaghal@1.0::Idiag/default' for ctl.interface_start from pid: 754 (/system/bin/hwservicemanager)
[ 1327.968598] init: Control message: Could not find 'vendor.qti.diaghal@1.0::Idiag/default' for ctl.interface_start from pid: 754 (/system/bin/hwservicemanager)
[ 1328.657795] type=1400 audit(1785264576.000:71456): avc:  denied  { search } for  comm="sh" name="0" dev="tmpfs" ino=12 scontext=u:r:xsud:s0 tcontext=u:object_r:mnt_user_file:s0 tclass=dir permissive=1
[ 1328.970699] init: Control message: Could not find 'vendor.qti.diaghal@1.0::Idiag/default' for ctl.interface_start from pid: 754 (/system/bin/hwservicemanager)
[ 1329.032855] type=1400 audit(1785264576.376:71457): avc:  denied  { getattr } for  comm="top" path="/proc/1447" dev="proc" ino=756365 scontext=u:r:system_app:s0 tcontext=u:r:vendor_hal_usb_qti:s0 tclass=dir permissive=1
[ 1329.033337] type=1400 audit(1785264576.376:71458): avc:  denied  { search } for  comm="top" name="1447" dev="proc" ino=756365 scontext=u:r:system_app:s0 tcontext=u:r:vendor_hal_usb_qti:s0 tclass=dir permissive=1
[ 1329.971755] init: Control message: Could not find 'vendor.qti.diaghal@1.0::Idiag/default' for ctl.interface_start from pid: 754 (/system/bin/hwservicemanager)
[ 1330.031752] type=1400 audit(1785264577.372:71459): avc:  denied  { read } for  comm="top" scontext=u:r:system_app:s0 tcontext=u:r:vendor_hal_usb_qti:s0 tclass=file permissive=1
[ 1330.031880] type=1400 audit(1785264577.376:71460): avc:  denied  { read } for  comm="top" scontext=u:r:system_app:s0 tcontext=u:r:vendor_perf_qesdk:s0 tclass=file permissive=1
[ 1330.033436] type=1400 audit(1785264577.376:71461): avc:  denied  { getattr } for  comm="top" path="/proc/1380" dev="proc" ino=756362 scontext=u:r:system_app:s0 tcontext=u:r:vendor_hal_identity_qti:s0 tclass=dir permissive=1
[ 1330.033649] type=1400 audit(1785264577.376:71462): avc:  denied  { search } for  comm="top" name="1380" dev="proc" ino=756362 scontext=u:r:system_app:s0 tcontext=u:r:vendor_hal_identity_qti:s0 tclass=dir permissive=1
[ 1330.034049] type=1400 audit(1785264577.376:71463): avc:  denied  { open } for  comm="top" path="/proc/1447/stat" dev="proc" ino=756431 scontext=u:r:system_app:s0 tcontext=u:r:vendor_hal_usb_qti:s0 tclass=file permissive=1
[ 1330.035618] type=1400 audit(1785264577.376:71464): avc:  denied  { open } for  comm="top" path="/proc/1879/stat" dev="proc" ino=718198 scontext=u:r:system_app:s0 tcontext=u:r:vendor_perf_qesdk:s0 tclass=file permissive=1
[ 1330.658557] wcd-usbss-i2c-driver 1-000e: wcd_usbss_is_in_reset_state: Surge check #3 failed
[ 1330.973431] init: Control message: Could not find 'vendor.qti.diaghal@1.0::Idiag/default' for ctl.interface_start from pid: 754 (/system/bin/hwservicemanager)
[ 1331.181986] type=1400 audit(1785264578.524:71465): avc:  denied  { syslog_read } for  comm="dmesg" scontext=u:r:xsud:s0 tcontext=u:r:kernel:s0 tclass=system permissive=1
[ 1331.289020] audit: audit_lost=66612 audit_rate_limit=5 audit_backlog_limit=64
[ 1331.289028] audit: rate limit exceeded
[ 1331.974578] init: Control message: Could not find 'vendor.qti.diaghal@1.0::Idiag/default' for ctl.interface_start from pid: 754 (/system/bin/hwservicemanager)
[ 1332.977295] init: Control message: Could not find 'vendor.qti.diaghal@1.0::Idiag/default' for ctl.interface_start from pid: 754 (/system/bin/hwservicemanager)
[ 1333.978182] init: Control message: Could not find 'vendor.qti.diaghal@1.0::Idiag/default' for ctl.interface_start from pid: 754 (/system/bin/hwservicemanager)
[ 1334.979887] init: Control message: Could not find 'vendor.qti.diaghal@1.0::Idiag/default' for ctl.interface_start from pid: 754 (/system/bin/hwservicemanager)
[ 1335.347619] type=1400 audit(1785264582.688:71473): avc:  denied  { getattr } for  comm="DefaultDispatch" path="/dev/ttyHS5" dev="tmpfs" ino=1195 scontext=u:r:system_app:s0 tcontext=u:object_r:device:s0 tclass=chr_file permissive=1
[ 1335.982946] init: Control message: Could not find 'vendor.qti.diaghal@1.0::Idiag/default' for ctl.interface_start from pid: 754 (/system/bin/hwservicemanager)
[ 1336.033639] audit: audit_lost=66614 audit_rate_limit=5 audit_backlog_limit=64
[ 1336.033645] audit: rate limit exceeded
[ 1336.034126] type=1400 audit(1785264583.376:71474): avc:  denied  { read } for  comm="top" scontext=u:r:system_app:s0 tcontext=u:r:vendor_hal_spu_qti:s0 tclass=file permissive=1
[ 1336.034531] type=1400 audit(1785264583.376:71475): avc:  denied  { read } for  comm="top" scontext=u:r:system_app:s0 tcontext=u:r:vendor_hal_poweroptservice_qti:s0 tclass=file permissive=1
[ 1336.034734] type=1400 audit(1785264583.376:71476): avc:  denied  { read } for  comm="top" scontext=u:r:system_app:s0 tcontext=u:r:vendor_qesdsect:s0 tclass=file permissive=1
[ 1336.034929] type=1400 audit(1785264583.376:71477): avc:  denied  { read } for  comm="top" scontext=u:r:system_app:s0 tcontext=u:r:hal_fingerprint_default:s0 tclass=file permissive=1
[ 1336.109457] <I>CTS-I2CDrv Suspend
[ 1336.109463] <I>CTS-Core Suspend device
[ 1336.109464] <I>CTS-Core Set suspend mode:sleep
[ 1336.110223] <I>CTS-Core Device suspended ...
[ 1336.110226] <I>CTS-Core Stop device...
[ 1336.110248] <I>CTS-Core Flush workqueue...
[ 1336.110251] <I>CTS-Plat Release all touch
[ 1336.110256] <I>CTS-Plat Set Reset to LOW
[ 1336.112819] usb 1-2: USB disconnect, device number 3
[ 1336.115176] aya_haptic_remove: enter
[ 1336.129966] aya_haptic_remove: done
[ 1336.483066] type=1400 audit(1785264583.824:71635): avc:  denied  { getattr } for  comm="DefaultDispatch" path="/dev/ttyHS5" dev="tmpfs" ino=1195 scontext=u:r:system_app:s0 tcontext=u:object_r:device:s0 tclass=chr_file permissive=1
[ 1336.525503] type=1400 audit(1785264583.868:71636): avc:  denied  { getattr } for  comm="sh" path="/vendor/bin/tsnv_test" dev="dm-12" ino=495 scontext=u:r:xsud:s0 tcontext=u:object_r:tsnv_test_exec:s0 tclass=file permissive=1
[ 1336.525561] type=1400 audit(1785264583.868:71637): avc:  denied  { execute } for  comm="sh" name="tsnv_test" dev="dm-12" ino=495 scontext=u:r:xsud:s0 tcontext=u:object_r:tsnv_test_exec:s0 tclass=file permissive=1
[ 1336.525575] type=1400 audit(1785264583.868:71638): avc:  denied  { read open } for  comm="sh" path="/vendor/bin/tsnv_test" dev="dm-12" ino=495 scontext=u:r:xsud:s0 tcontext=u:object_r:tsnv_test_exec:s0 tclass=file permissive=1
[ 1336.525587] type=1400 audit(1785264583.868:71639): avc:  denied  { execute_no_trans } for  comm="sh" path="/vendor/bin/tsnv_test" dev="dm-12" ino=495 scontext=u:r:xsud:s0 tcontext=u:object_r:tsnv_test_exec:s0 tclass=file permissive=1
[ 1336.623528] [kworke][0x607735f89][18:49:43.969389] kiwi_v2: [8373:I:PMO] pmo_core_psoc_send_host_wakeup_ind_to_fw: Host wakeup indication sent to fw
[ 1336.987815] init: Control message: Could not find 'vendor.qti.diaghal@1.0::Idiag/default' for ctl.interface_start from pid: 754 (/system/bin/hwservicemanager)
[ 1337.263321] [kworke][0x6082ed279][18:49:44.609215] kiwi_v2: [8373:I:PMO] pmo_core_enable_wow_in_fw: drv wow is enabled
[ 1337.345508] audit: audit_lost=66785 audit_rate_limit=5 audit_backlog_limit=64
[ 1337.345528] audit: rate limit exceeded
[ 1337.992560] init: Control message: Could not find 'vendor.qti.diaghal@1.0::Idiag/default' for ctl.interface_start from pid: 754 (/system/bin/hwservicemanager)
[ 1338.994719] init: Control message: Could not find 'vendor.qti.diaghal@1.0::Idiag/default' for ctl.interface_start from pid: 754 (/system/bin/hwservicemanager)
[ 1340.037447] servicemanager: Found vendor.qti.hardware.perf2.IPerf/default in device VINTF manifest.
[ 1340.041952] init: Control message: Could not find 'vendor.qti.diaghal@1.0::Idiag/default' for ctl.interface_start from pid: 754 (/system/bin/hwservicemanager)
[ 1340.042310] init: Control message: Could not find 'vendor.qti.diaghal@1.0::Idiag/default' for ctl.interface_start from pid: 754 (/system/bin/hwservicemanager)
[ 1341.028807] type=1400 audit(1785264588.372:71667): avc:  denied  { read } for  comm="cat" name="gpuclk" dev="sysfs" ino=124210 scontext=u:r:xsud:s0 tcontext=u:object_r:vendor_sysfs_kgsl_gpuclk:s0 tclass=file permissive=1
[ 1341.029090] type=1400 audit(1785264588.372:71668): avc:  denied  { open } for  comm="cat" path="/sys/devices/platform/soc/3d00000.qcom,kgsl-3d0/kgsl/kgsl-3d0/gpuclk" dev="sysfs" ino=124210 scontext=u:r:xsud:s0 tcontext=u:object_r:vendor_sysfs_kgsl_gpuclk:s0 tclass=file permissive=1
[ 1341.038262] type=1400 audit(1785264588.380:71669): avc:  denied  { read } for  comm="cat" name="min_pwrlevel" dev="sysfs" ino=124218 scontext=u:r:xsud:s0 tcontext=u:object_r:vendor_sysfs_kgsl:s0 tclass=file permissive=1
[ 1341.038749] type=1400 audit(1785264588.380:71670): avc:  denied  { open } for  comm="cat" path="/sys/devices/platform/soc/3d00000.qcom,kgsl-3d0/kgsl/kgsl-3d0/min_pwrlevel" dev="sysfs" ino=124218 scontext=u:r:xsud:s0 tcontext=u:object_r:vendor_sysfs_kgsl:s0 tclass=file permissive=1
[ 1341.045417] init: Control message: Could not find 'vendor.qti.diaghal@1.0::Idiag/default' for ctl.interface_start from pid: 754 (/system/bin/hwservicemanager)
[ 1341.060387] audit: audit_lost=66798 audit_rate_limit=5 audit_backlog_limit=64
[ 1341.060392] audit: rate limit exceeded
[ 1341.060565] type=1400 audit(1785264588.404:71671): avc:  denied  { search } for  comm="cat" name="battery" dev="sysfs" ino=141568 scontext=u:r:xsud:s0 tcontext=u:object_r:vendor_sysfs_battery_supply:s0 tclass=dir permissive=1
[ 1342.049525] init: Control message: Could not find 'vendor.qti.diaghal@1.0::Idiag/default' for ctl.interface_start from pid: 754 (/system/bin/hwservicemanager)
[ 1343.052391] init: Control message: Could not find 'vendor.qti.diaghal@1.0::Idiag/default' for ctl.interface_start from pid: 754 (/system/bin/hwservicemanager)
[ 1344.054838] init: Control message: Could not find 'vendor.qti.diaghal@1.0::Idiag/default' for ctl.interface_start from pid: 754 (/system/bin/hwservicemanager)
[ 1345.057919] init: Control message: Could not find 'vendor.qti.diaghal@1.0::Idiag/default' for ctl.interface_start from pid: 754 (/system/bin/hwservicemanager)
[ 1345.763916] wcd-usbss-i2c-driver 1-000e: wcd_usbss_is_in_reset_state: Surge check #3 failed
[ 1346.058483] init: Control message: Could not find 'vendor.qti.diaghal@1.0::Idiag/default' for ctl.interface_start from pid: 754 (/system/bin/hwservicemanager)
[ 1346.268367] healthd: battery l=72 v=8074 t=35.0 h=2 st=3 c=-99794 fc=4162000 cc=0 chg=a
[ 1346.294050] type=1400 audit(1785264593.636:71686): avc:  denied  { getattr } for  comm="sh" path="/vendor/bin/tsnv_test" dev="dm-12" ino=495 scontext=u:r:xsud:s0 tcontext=u:object_r:tsnv_test_exec:s0 tclass=file permissive=1
[ 1346.294269] type=1400 audit(1785264593.636:71687): avc:  denied  { execute } for  comm="sh" name="tsnv_test" dev="dm-12" ino=495 scontext=u:r:xsud:s0 tcontext=u:object_r:tsnv_test_exec:s0 tclass=file permissive=1
[ 1346.294395] type=1400 audit(1785264593.636:71688): avc:  denied  { read open } for  comm="sh" path="/vendor/bin/tsnv_test" dev="dm-12" ino=495 scontext=u:r:xsud:s0 tcontext=u:object_r:tsnv_test_exec:s0 tclass=file permissive=1
[ 1346.294492] type=1400 audit(1785264593.636:71689): avc:  denied  { execute_no_trans } for  comm="sh" path="/vendor/bin/tsnv_test" dev="dm-12" ino=495 scontext=u:r:xsud:s0 tcontext=u:object_r:tsnv_test_exec:s0 tclass=file permissive=1
[ 1346.294582] type=1400 audit(1785264593.636:71690): avc:  denied  { map } for  comm="tsnv_test" path="/vendor/bin/tsnv_test" dev="dm-12" ino=495 scontext=u:r:xsud:s0 tcontext=u:object_r:tsnv_test_exec:s0 tclass=file permissive=1
[ 1346.294903] audit: audit_lost=66812 audit_rate_limit=5 audit_backlog_limit=64
[ 1346.294906] audit: rate limit exceeded
[ 1346.310042] BATTERY_CHG: battery_psy_set_online: battery_psy_set_online: set online 1
[ 1347.060754] init: Control message: Could not find 'vendor.qti.diaghal@1.0::Idiag/default' for ctl.interface_start from pid: 754 (/system/bin/hwservicemanager)
[ 1348.066121] init: Control message: Could not find 'vendor.qti.diaghal@1.0::Idiag/default' for ctl.interface_start from pid: 754 (/system/bin/hwservicemanager)
[ 1349.070114] init: Control message: Could not find 'vendor.qti.diaghal@1.0::Idiag/default' for ctl.interface_start from pid: 754 (/system/bin/hwservicemanager)
[ 1350.073693] init: Control message: Could not find 'vendor.qti.diaghal@1.0::Idiag/default' for ctl.interface_start from pid: 754 (/system/bin/hwservicemanager)
[ 1351.076739] init: Control message: Could not find 'vendor.qti.diaghal@1.0::Idiag/default' for ctl.interface_start from pid: 754 (/system/bin/hwservicemanager)
[ 1352.078373] init: Control message: Could not find 'vendor.qti.diaghal@1.0::Idiag/default' for ctl.interface_start from pid: 754 (/system/bin/hwservicemanager)
[ 1353.081663] init: Control message: Could not find 'vendor.qti.diaghal@1.0::Idiag/default' for ctl.interface_start from pid: 754 (/system/bin/hwservicemanager)
[ 1354.085333] init: Control message: Could not find 'vendor.qti.diaghal@1.0::Idiag/default' for ctl.interface_start from pid: 754 (/system/bin/hwservicemanager)
[ 1355.088660] init: Control message: Could not find 'vendor.qti.diaghal@1.0::Idiag/default' for ctl.interface_start from pid: 754 (/system/bin/hwservicemanager)
[ 1356.091305] init: Control message: Could not find 'vendor.qti.diaghal@1.0::Idiag/default' for ctl.interface_start from pid: 754 (/system/bin/hwservicemanager)
[ 1357.091985] init: Control message: Could not find 'vendor.qti.diaghal@1.0::Idiag/default' for ctl.interface_start from pid: 754 (/system/bin/hwservicemanager)
[ 1358.096868] init: Control message: Could not find 'vendor.qti.diaghal@1.0::Idiag/default' for ctl.interface_start from pid: 754 (/system/bin/hwservicemanager)
[ 1358.473847] type=1400 audit(1785264605.816:71707): avc:  denied  { syslog_read } for  comm="dmesg" scontext=u:r:xsud:s0 tcontext=u:r:kernel:s0 tclass=system permissive=1
[ 1358.474062] type=1400 audit(1785264605.816:71708): avc:  denied  { syslog_mod } for  comm="dmesg" scontext=u:r:xsud:s0 tcontext=u:r:kernel:s0 tclass=system permissive=1
[ 1359.099776] init: Control message: Could not find 'vendor.qti.diaghal@1.0::Idiag/default' for ctl.interface_start from pid: 754 (/system/bin/hwservicemanager)
[ 1360.153932] servicemanager: Found vendor.qti.hardware.perf2.IPerf/default in device VINTF manifest.
[ 1360.159165] init: Control message: Could not find 'vendor.qti.diaghal@1.0::Idiag/default' for ctl.interface_start from pid: 754 (/system/bin/hwservicemanager)
[ 1360.159878] init: Control message: Could not find 'vendor.qti.diaghal@1.0::Idiag/default' for ctl.interface_start from pid: 754 (/system/bin/hwservicemanager)
[ 1360.868192] wcd-usbss-i2c-driver 1-000e: wcd_usbss_is_in_reset_state: Surge check #3 failed
[ 1360.993512] type=1400 audit(1785264608.336:71709): avc:  denied  { read } for  comm="cat" name="gpuclk" dev="sysfs" ino=124210 scontext=u:r:xsud:s0 tcontext=u:object_r:vendor_sysfs_kgsl_gpuclk:s0 tclass=file permissive=1
[ 1360.994439] type=1400 audit(1785264608.336:71710): avc:  denied  { open } for  comm="cat" path="/sys/devices/platform/soc/3d00000.qcom,kgsl-3d0/kgsl/kgsl-3d0/gpuclk" dev="sysfs" ino=124210 scontext=u:r:xsud:s0 tcontext=u:object_r:vendor_sysfs_kgsl_gpuclk:s0 tclass=file permissive=1
[ 1361.003926] type=1400 audit(1785264608.344:71711): avc:  denied  { read } for  comm="cat" name="min_pwrlevel" dev="sysfs" ino=124218 scontext=u:r:xsud:s0 tcontext=u:object_r:vendor_sysfs_kgsl:s0 tclass=file permissive=1
[ 1361.004364] type=1400 audit(1785264608.344:71712): avc:  denied  { open } for  comm="cat" path="/sys/devices/platform/soc/3d00000.qcom,kgsl-3d0/kgsl/kgsl-3d0/min_pwrlevel" dev="sysfs" ino=124218 scontext=u:r:xsud:s0 tcontext=u:object_r:vendor_sysfs_kgsl:s0 tclass=file permissive=1
[ 1361.018538] type=1400 audit(1785264608.360:71713): avc:  denied  { search } for  comm="cat" name="battery" dev="sysfs" ino=141568 scontext=u:r:xsud:s0 tcontext=u:object_r:vendor_sysfs_battery_supply:s0 tclass=dir permissive=1
[ 1361.018920] type=1400 audit(1785264608.360:71714): avc:  denied  { read } for  comm="cat" name="online" dev="sysfs" ino=141577 scontext=u:r:xsud:s0 tcontext=u:object_r:vendor_sysfs_battery_supply:s0 tclass=file permissive=1
[ 1361.019249] type=1400 audit(1785264608.360:71715): avc:  denied  { open } for  comm="cat" path="/sys/devices/platform/soc/soc:qcom,pmic_glink/soc:qcom,pmic_glink:qcom,battery_charger/power_supply/battery/online" dev="sysfs" ino=141577 scontext=u:r:xsud:s0 tcontext=u:object_r:vendor_sysfs_battery_supply:s0 tclass=file permissive=1
[ 1361.025504] audit: audit_lost=66828 audit_rate_limit=5 audit_backlog_limit=64
[ 1361.025507] audit: rate limit exceeded
[ 1361.025756] type=1400 audit(1785264608.368:71716): avc:  denied  { dac_read_search } for  comm="sh" capability=2  scontext=u:r:xsud:s0 tcontext=u:r:xsud:s0 tclass=capability permissive=1
[ 1361.162996] init: Control message: Could not find 'vendor.qti.diaghal@1.0::Idiag/default' for ctl.interface_start from pid: 754 (/system/bin/hwservicemanager)
[ 1362.164215] init: Control message: Could not find 'vendor.qti.diaghal@1.0::Idiag/default' for ctl.interface_start from pid: 754 (/system/bin/hwservicemanager)
[ 1363.167960] init: Control message: Could not find 'vendor.qti.diaghal@1.0::Idiag/default' for ctl.interface_start from pid: 754 (/system/bin/hwservicemanager)
[ 1364.016981] type=1400 audit(1785264611.356:71730): avc:  denied  { add_name } for  comm="android.hardwar" name="trip_point_1_temp" scontext=u:r:hal_thermal_default:s0 tcontext=u:object_r:sysfs_thermal:s0 tclass=dir permissive=1
[ 1364.017305] type=1400 audit(1785264611.356:71731): avc:  denied  { create } for  comm="android.hardwar" name="trip_point_1_temp" scontext=u:r:hal_thermal_default:s0 tcontext=u:object_r:sysfs_thermal:s0 tclass=file permissive=1
[ 1364.091940] servicemanager: Found vendor.qti.hardware.perf2.IPerf/default in device VINTF manifest.
[ 1364.097477] servicemanager: Found vendor.qti.hardware.perf2.IPerf/default in device VINTF manifest.
[ 1364.110779] servicemanager: Found vendor.qti.hardware.perf2.IPerf/default in device VINTF manifest.
[ 1364.167548] init: Control message: Could not find 'vendor.qti.diaghal@1.0::Idiag/default' for ctl.interface_start from pid: 754 (/system/bin/hwservicemanager)
[ 1364.167741] servicemanager: Found vendor.qti.hardware.perf2.IPerf/default in device VINTF manifest.
[ 1364.169294] servicemanager: Found vendor.qti.hardware.perf2.IPerf/default in device VINTF manifest.
[ 1364.173398] type=1400 audit(1785264611.516:71732): avc:  denied  { open } for  comm=4173796E635461736B202332 path="/dev/__properties__/u:object_r:vendor_default_prop:s0" dev="tmpfs" ino=406 scontext=u:r:priv_app:s0:c512,c768 tcontext=u:object_r:vendor_default_prop:s0 tclass=file permissive=1 app=com.google.android.apps.turbo
[ 1364.173461] type=1400 audit(1785264611.516:71733): avc:  denied  { getattr } for  comm=4173796E635461736B202332 path="/dev/__properties__/u:object_r:vendor_default_prop:s0" dev="tmpfs" ino=406 scontext=u:r:priv_app:s0:c512,c768 tcontext=u:object_r:vendor_default_prop:s0 tclass=file permissive=1 app=com.google.android.apps.turbo
[ 1364.173476] type=1400 audit(1785264611.516:71734): avc:  denied  { map } for  comm=4173796E635461736B202332 path="/dev/__properties__/u:object_r:vendor_default_prop:s0" dev="tmpfs" ino=406 scontext=u:r:priv_app:s0:c512,c768 tcontext=u:object_r:vendor_default_prop:s0 tclass=file permissive=1 app=com.google.android.apps.turbo
[ 1364.183468] servicemanager: Found vendor.qti.hardware.perf2.IPerf/default in device VINTF manifest.
[ 1364.253204] servicemanager: Found vendor.qti.hardware.perf2.IPerf/default in device VINTF manifest.
[ 1364.309123] [kworke][0x6272265d9][18:50:11.655020] kiwi_v2: [26310:I:PMO] pmo_core_psoc_send_host_wakeup_ind_to_fw: Host wakeup indication sent to fw
[ 1364.335205] audit: audit_lost=66841 audit_rate_limit=5 audit_backlog_limit=64
[ 1364.335209] audit: rate limit exceeded
[ 1364.918989] servicemanager: Found android.hardware.security.keymint.IRemotelyProvisionedComponent/default in device VINTF manifest.
[ 1365.168184] init: Control message: Could not find 'vendor.qti.diaghal@1.0::Idiag/default' for ctl.interface_start from pid: 754 (/system/bin/hwservicemanager)
[ 1365.190146] servicemanager: Found android.hardware.security.keymint.IRemotelyProvisionedComponent/default in device VINTF manifest.
[ 1365.262322] servicemanager: Found android.hardware.security.keymint.IRemotelyProvisionedComponent/default in device VINTF manifest.
[ 1365.444650] type=1400 audit(1785264612.784:71754): avc:  denied  { read } for  comm="cat" name="online" dev="sysfs" ino=141577 scontext=u:r:xsud:s0 tcontext=u:object_r:vendor_sysfs_battery_supply:s0 tclass=file permissive=1
[ 1365.444936] type=1400 audit(1785264612.784:71755): avc:  denied  { open } for  comm="cat" path="/sys/devices/platform/soc/soc:qcom,pmic_glink/soc:qcom,pmic_glink:qcom,battery_charger/power_supply/battery/online" dev="sysfs" ino=141577 scontext=u:r:xsud:s0 tcontext=u:object_r:vendor_sysfs_battery_supply:s0 tclass=file permissive=1
[ 1365.453882] type=1400 audit(1785264612.796:71756): avc:  denied  { search } for  comm="sh" name="0" dev="tmpfs" ino=12 scontext=u:r:xsud:s0 tcontext=u:object_r:mnt_user_file:s0 tclass=dir permissive=1
[ 1365.460890] type=1400 audit(1785264612.804:71757): avc:  denied  { syslog_read } for  comm="dmesg" scontext=u:r:xsud:s0 tcontext=u:r:kernel:s0 tclass=system permissive=1
[ 1365.461335] type=1400 audit(1785264612.804:71758): avc:  denied  { syslog } for  comm="dmesg" capability=34  scontext=u:r:xsud:s0 tcontext=u:r:xsud:s0 tclass=capability2 permissive=1
[ 1365.472729] servicemanager: Found android.hardware.security.keymint.IRemotelyProvisionedComponent/default in device VINTF manifest.
[ 1365.679381] servicemanager: Found android.hardware.security.keymint.IRemotelyProvisionedComponent/default in device VINTF manifest.
[ 1365.893308] servicemanager: Found android.hardware.security.keymint.IRemotelyProvisionedComponent/default in device VINTF manifest.
[ 1366.168719] init: Control message: Could not find 'vendor.qti.diaghal@1.0::Idiag/default' for ctl.interface_start from pid: 754 (/system/bin/hwservicemanager)
[ 1366.184216] servicemanager: Found vendor.qti.qspmhal.IQspmhal/default in device VINTF manifest.
[ 1366.428259] servicemanager: Found vendor.qti.qspmhal.IQspmhal/default in device VINTF manifest.
[ 1367.172629] init: Control message: Could not find 'vendor.qti.diaghal@1.0::Idiag/default' for ctl.interface_start from pid: 754 (/system/bin/hwservicemanager)
[ 1367.264747] [kworke][0x62a844d31][18:50:14.610638] kiwi_v2: [26310:I:PMO] pmo_core_enable_wow_in_fw: drv wow is enabled
[ 1368.176229] init: Control message: Could not find 'vendor.qti.diaghal@1.0::Idiag/default' for ctl.interface_start from pid: 754 (/system/bin/hwservicemanager)
[ 1369.178321] init: Control message: Could not find 'vendor.qti.diaghal@1.0::Idiag/default' for ctl.interface_start from pid: 754 (/system/bin/hwservicemanager)
[ 1370.182166] init: Control message: Could not find 'vendor.qti.diaghal@1.0::Idiag/default' for ctl.interface_start from pid: 754 (/system/bin/hwservicemanager)
[ 1371.182278] init: Control message: Could not find 'vendor.qti.diaghal@1.0::Idiag/default' for ctl.interface_start from pid: 754 (/system/bin/hwservicemanager)
[ 1372.189933] init: Control message: Could not find 'vendor.qti.diaghal@1.0::Idiag/default' for ctl.interface_start from pid: 754 (/system/bin/hwservicemanager)
[ 1373.190617] init: Control message: Could not find 'vendor.qti.diaghal@1.0::Idiag/default' for ctl.interface_start from pid: 754 (/system/bin/hwservicemanager)
[ 1374.191674] init: Control message: Could not find 'vendor.qti.diaghal@1.0::Idiag/default' for ctl.interface_start from pid: 754 (/system/bin/hwservicemanager)
[ 1374.646284] type=1400 audit(1785264621.988:71766): avc:  denied  { append } for  comm="sh" name="pulse_20260728_203503_cap_poll.log" dev="fuse" ino=332447 scontext=u:r:xsud:s0 tcontext=u:object_r:fuse:s0 tclass=file permissive=1
[ 1374.646861] type=1400 audit(1785264621.988:71767): avc:  denied  { open } for  comm="sh" path="/storage/emulated/0/apl_pulse_logs/pulse_20260728_203503_cap_poll.log" dev="fuse" ino=332447 scontext=u:r:xsud:s0 tcontext=u:object_r:fuse:s0 tclass=file permissive=1
[ 1374.666536] type=1400 audit(1785264622.008:71768): avc:  denied  { ioctl } for  comm="dmesg" path="/storage/emulated/0/apl_pulse_logs/pulse_20260728_203503_dmesg.log" dev="fuse" ino=332449 ioctlcmd=0x5401 scontext=u:r:xsud:s0 tcontext=u:object_r:fuse:s0 tclass=file permissive=1
[ 1375.193825] init: Control message: Could not find 'vendor.qti.diaghal@1.0::Idiag/default' for ctl.interface_start from pid: 754 (/system/bin/hwservicemanager)
[ 1375.969644] wcd-usbss-i2c-driver 1-000e: wcd_usbss_is_in_reset_state: Surge check #3 failed
[ 1376.196754] init: Control message: Could not find 'vendor.qti.diaghal@1.0::Idiag/default' for ctl.interface_start from pid: 754 (/system/bin/hwservicemanager)
[ 1376.433117] [kworke][0x6350258ba][18:50:23.779005] kiwi_v2: [8373:I:PMO] pmo_core_psoc_send_host_wakeup_ind_to_fw: Host wakeup indication sent to fw
[ 1376.444144] [soft_i][0x6350593a1][18:50:23.790031] kiwi_v2: [0:I:WMA] WLAN triggered wakeup: BPF_ALLOW (39), vdev: 0 (STA)
[ 1376.444519] [soft_i][0x63505b02f][18:50:23.790411] kiwi_v2: [0:I:WMA] wma_wake_event_packet: Wake event packet:
[ 1377.004275] [kworke][0x635a9ad81][18:50:24.350162] kiwi_v2: [8373:I:PMO] pmo_core_enable_wow_in_fw: drv wow is enabled
[ 1377.197952] init: Control message: Could not find 'vendor.qti.diaghal@1.0::Idiag/default' for ctl.interface_start from pid: 754 (/system/bin/hwservicemanager)
[ 1378.200527] init: Control message: Could not find 'vendor.qti.diaghal@1.0::Idiag/default' for ctl.interface_start from pid: 754 (/system/bin/hwservicemanager)
[ 1379.203189] init: Control message: Could not find 'vendor.qti.diaghal@1.0::Idiag/default' for ctl.interface_start from pid: 754 (/system/bin/hwservicemanager)
[ 1380.204135] init: Control message: Could not find 'vendor.qti.diaghal@1.0::Idiag/default' for ctl.interface_start from pid: 754 (/system/bin/hwservicemanager)
[ 1380.272240] servicemanager: Found vendor.qti.hardware.perf2.IPerf/default in device VINTF manifest.
[ 1380.275968] init: Control message: Could not find 'vendor.qti.diaghal@1.0::Idiag/default' for ctl.interface_start from pid: 754 (/system/bin/hwservicemanager)
[ 1380.276503] init: Control message: Could not find 'vendor.qti.diaghal@1.0::Idiag/default' for ctl.interface_start from pid: 754 (/system/bin/hwservicemanager)
[ 1381.278853] init: Control message: Could not find 'vendor.qti.diaghal@1.0::Idiag/default' for ctl.interface_start from pid: 754 (/system/bin/hwservicemanager)
[ 1381.348550] type=1400 audit(1785264628.692:71769): avc:  denied  { read } for  comm="cat" name="gpuclk" dev="sysfs" ino=124210 scontext=u:r:xsud:s0 tcontext=u:object_r:vendor_sysfs_kgsl_gpuclk:s0 tclass=file permissive=1
[ 1381.348686] type=1400 audit(1785264628.692:71770): avc:  denied  { open } for  comm="cat" path="/sys/devices/platform/soc/3d00000.qcom,kgsl-3d0/kgsl/kgsl-3d0/gpuclk" dev="sysfs" ino=124210 scontext=u:r:xsud:s0 tcontext=u:object_r:vendor_sysfs_kgsl_gpuclk:s0 tclass=file permissive=1
[ 1381.366326] type=1400 audit(1785264628.708:71771): avc:  denied  { read } for  comm="cat" name="min_pwrlevel" dev="sysfs" ino=124218 scontext=u:r:xsud:s0 tcontext=u:object_r:vendor_sysfs_kgsl:s0 tclass=file permissive=1
[ 1381.366460] type=1400 audit(1785264628.708:71772): avc:  denied  { open } for  comm="cat" path="/sys/devices/platform/soc/3d00000.qcom,kgsl-3d0/kgsl/kgsl-3d0/min_pwrlevel" dev="sysfs" ino=124218 scontext=u:r:xsud:s0 tcontext=u:object_r:vendor_sysfs_kgsl:s0 tclass=file permissive=1
[ 1381.388871] audit: audit_lost=66861 audit_rate_limit=5 audit_backlog_limit=64
[ 1381.388885] audit: rate limit exceeded
[ 1381.389208] type=1400 audit(1785264628.732:71773): avc:  denied  { search } for  comm="cat" name="battery" dev="sysfs" ino=141568 scontext=u:r:xsud:s0 tcontext=u:object_r:vendor_sysfs_battery_supply:s0 tclass=dir permissive=1
[ 1381.389373] type=1400 audit(1785264628.732:71774): avc:  denied  { read } for  comm="cat" name="online" dev="sysfs" ino=141577 scontext=u:r:xsud:s0 tcontext=u:object_r:vendor_sysfs_battery_supply:s0 tclass=file permissive=1
[ 1382.282391] init: Control message: Could not find 'vendor.qti.diaghal@1.0::Idiag/default' for ctl.interface_start from pid: 754 (/system/bin/hwservicemanager)
[ 1382.720969] type=1400 audit(1785264630.064:71788): avc:  denied  { read } for  comm="sh" name="primary" dev="tmpfs" ino=42 scontext=u:r:xsud:s0 tcontext=u:object_r:mnt_user_file:s0 tclass=lnk_file permissive=1
[ 1383.285626] init: Control message: Could not find 'vendor.qti.diaghal@1.0::Idiag/default' for ctl.interface_start from pid: 754 (/system/bin/hwservicemanager)
[ 1384.287790] init: Control message: Could not find 'vendor.qti.diaghal@1.0::Idiag/default' for ctl.interface_start from pid: 754 (/system/bin/hwservicemanager)
[ 1385.288841] init: Control message: Could not find 'vendor.qti.diaghal@1.0::Idiag/default' for ctl.interface_start from pid: 754 (/system/bin/hwservicemanager)
[ 1386.292252] init: Control message: Could not find 'vendor.qti.diaghal@1.0::Idiag/default' for ctl.interface_start from pid: 754 (/system/bin/hwservicemanager)
[ 1387.295325] init: Control message: Could not find 'vendor.qti.diaghal@1.0::Idiag/default' for ctl.interface_start from pid: 754 (/system/bin/hwservicemanager)
[ 1388.298231] init: Control message: Could not find 'vendor.qti.diaghal@1.0::Idiag/default' for ctl.interface_start from pid: 754 (/system/bin/hwservicemanager)
[ 1389.299076] init: Control message: Could not find 'vendor.qti.diaghal@1.0::Idiag/default' for ctl.interface_start from pid: 754 (/system/bin/hwservicemanager)
[ 1390.302217] init: Control message: Could not find 'vendor.qti.diaghal@1.0::Idiag/default' for ctl.interface_start from pid: 754 (/system/bin/hwservicemanager)
[ 1391.075503] wcd-usbss-i2c-driver 1-000e: wcd_usbss_is_in_reset_state: Surge check #3 failed
[ 1391.305721] init: Control message: Could not find 'vendor.qti.diaghal@1.0::Idiag/default' for ctl.interface_start from pid: 754 (/system/bin/hwservicemanager)
[ 1392.308097] init: Control message: Could not find 'vendor.qti.diaghal@1.0::Idiag/default' for ctl.interface_start from pid: 754 (/system/bin/hwservicemanager)
[ 1392.351078] type=1400 audit(1785264639.692:71789): avc:  denied  { search } for  comm="sh" name="0" dev="tmpfs" ino=12 scontext=u:r:xsud:s0 tcontext=u:object_r:mnt_user_file:s0 tclass=dir permissive=1
[ 1393.311229] init: Control message: Could not find 'vendor.qti.diaghal@1.0::Idiag/default' for ctl.interface_start from pid: 754 (/system/bin/hwservicemanager)
[ 1394.314303] init: Control message: Could not find 'vendor.qti.diaghal@1.0::Idiag/default' for ctl.interface_start from pid: 754 (/system/bin/hwservicemanager)
[ 1395.318321] init: Control message: Could not find 'vendor.qti.diaghal@1.0::Idiag/default' for ctl.interface_start from pid: 754 (/system/bin/hwservicemanager)
[ 1396.321408] init: Control message: Could not find 'vendor.qti.diaghal@1.0::Idiag/default' for ctl.interface_start from pid: 754 (/system/bin/hwservicemanager)
[ 1396.507401] type=1400 audit(1785264643.848:71790): avc:  denied  { syslog_read } for  comm="dmesg" scontext=u:r:xsud:s0 tcontext=u:r:kernel:s0 tclass=system permissive=1
[ 1396.508461] type=1400 audit(1785264643.848:71791): avc:  denied  { syslog_mod } for  comm="dmesg" scontext=u:r:xsud:s0 tcontext=u:r:kernel:s0 tclass=system permissive=1
[ 1397.324182] init: Control message: Could not find 'vendor.qti.diaghal@1.0::Idiag/default' for ctl.interface_start from pid: 754 (/system/bin/hwservicemanager)
[ 1398.327045] init: Control message: Could not find 'vendor.qti.diaghal@1.0::Idiag/default' for ctl.interface_start from pid: 754 (/system/bin/hwservicemanager)
[ 1399.329635] init: Control message: Could not find 'vendor.qti.diaghal@1.0::Idiag/default' for ctl.interface_start from pid: 754 (/system/bin/hwservicemanager)
[ 1400.381599] servicemanager: Found vendor.qti.hardware.perf2.IPerf/default in device VINTF manifest.
[ 1400.389221] init: Control message: Could not find 'vendor.qti.diaghal@1.0::Idiag/default' for ctl.interface_start from pid: 754 (/system/bin/hwservicemanager)
[ 1400.389760] init: Control message: Could not find 'vendor.qti.diaghal@1.0::Idiag/default' for ctl.interface_start from pid: 754 (/system/bin/hwservicemanager)
[ 1400.402381] type=1400 audit(1785264647.744:71792): avc:  denied  { read } for  comm="cat" name="gpuclk" dev="sysfs" ino=124210 scontext=u:r:xsud:s0 tcontext=u:object_r:vendor_sysfs_kgsl_gpuclk:s0 tclass=file permissive=1
[ 1400.402594] type=1400 audit(1785264647.744:71793): avc:  denied  { open } for  comm="cat" path="/sys/devices/platform/soc/3d00000.qcom,kgsl-3d0/kgsl/kgsl-3d0/gpuclk" dev="sysfs" ino=124210 scontext=u:r:xsud:s0 tcontext=u:object_r:vendor_sysfs_kgsl_gpuclk:s0 tclass=file permissive=1
[ 1400.418585] type=1400 audit(1785264647.760:71794): avc:  denied  { read } for  comm="cat" name="min_pwrlevel" dev="sysfs" ino=124218 scontext=u:r:xsud:s0 tcontext=u:object_r:vendor_sysfs_kgsl:s0 tclass=file permissive=1
[ 1400.418758] type=1400 audit(1785264647.760:71795): avc:  denied  { open } for  comm="cat" path="/sys/devices/platform/soc/3d00000.qcom,kgsl-3d0/kgsl/kgsl-3d0/min_pwrlevel" dev="sysfs" ino=124218 scontext=u:r:xsud:s0 tcontext=u:object_r:vendor_sysfs_kgsl:s0 tclass=file permissive=1
[ 1400.461999] audit: audit_lost=66874 audit_rate_limit=5 audit_backlog_limit=64
[ 1400.462005] audit: rate limit exceeded
[ 1400.462157] type=1400 audit(1785264647.804:71796): avc:  denied  { search } for  comm="cat" name="battery" dev="sysfs" ino=141568 scontext=u:r:xsud:s0 tcontext=u:object_r:vendor_sysfs_battery_supply:s0 tclass=dir permissive=1
[ 1400.462263] type=1400 audit(1785264647.804:71797): avc:  denied  { read } for  comm="cat" name="online" dev="sysfs" ino=141577 scontext=u:r:xsud:s0 tcontext=u:object_r:vendor_sysfs_battery_supply:s0 tclass=file permissive=1
[ 1401.393472] init: Control message: Could not find 'vendor.qti.diaghal@1.0::Idiag/default' for ctl.interface_start from pid: 754 (/system/bin/hwservicemanager)
[ 1401.847237] type=1400 audit(1785264649.188:71811): avc:  denied  { append } for  comm="sh" name="pulse_20260728_203503_cap_poll.log" dev="fuse" ino=332447 scontext=u:r:xsud:s0 tcontext=u:object_r:fuse:s0 tclass=file permissive=1
[ 1401.848664] type=1400 audit(1785264649.188:71812): avc:  denied  { open } for  comm="sh" path="/storage/emulated/0/apl_pulse_logs/pulse_20260728_203503_cap_poll.log" dev="fuse" ino=332447 scontext=u:r:xsud:s0 tcontext=u:object_r:fuse:s0 tclass=file permissive=1
[ 1401.867882] type=1400 audit(1785264649.212:71813): avc:  denied  { ioctl } for  comm="dmesg" path="/storage/emulated/0/apl_pulse_logs/pulse_20260728_203503_dmesg.log" dev="fuse" ino=332449 ioctlcmd=0x5401 scontext=u:r:xsud:s0 tcontext=u:object_r:fuse:s0 tclass=file permissive=1
[ 1402.396211] init: Control message: Could not find 'vendor.qti.diaghal@1.0::Idiag/default' for ctl.interface_start from pid: 754 (/system/bin/hwservicemanager)
[ 1403.398561] init: Control message: Could not find 'vendor.qti.diaghal@1.0::Idiag/default' for ctl.interface_start from pid: 754 (/system/bin/hwservicemanager)
[ 1404.399301] init: Control message: Could not find 'vendor.qti.diaghal@1.0::Idiag/default' for ctl.interface_start from pid: 754 (/system/bin/hwservicemanager)
[ 1405.402568] init: Control message: Could not find 'vendor.qti.diaghal@1.0::Idiag/default' for ctl.interface_start from pid: 754 (/system/bin/hwservicemanager)
[ 1406.179479] wcd-usbss-i2c-driver 1-000e: wcd_usbss_is_in_reset_state: Surge check #3 failed
[ 1406.269480] healthd: battery l=72 v=8078 t=35.0 h=2 st=3 c=-86977 fc=4162000 cc=0 chg=a
[ 1406.312663] type=1400 audit(1785264653.656:71814): avc:  denied  { getattr } for  comm="sh" path="/vendor/bin/tsnv_test" dev="dm-12" ino=495 scontext=u:r:xsud:s0 tcontext=u:object_r:tsnv_test_exec:s0 tclass=file permissive=1
[ 1406.312858] type=1400 audit(1785264653.656:71815): avc:  denied  { execute } for  comm="sh" name="tsnv_test" dev="dm-12" ino=495 scontext=u:r:xsud:s0 tcontext=u:object_r:tsnv_test_exec:s0 tclass=file permissive=1
[ 1406.313044] type=1400 audit(1785264653.656:71816): avc:  denied  { read open } for  comm="sh" path="/vendor/bin/tsnv_test" dev="dm-12" ino=495 scontext=u:r:xsud:s0 tcontext=u:object_r:tsnv_test_exec:s0 tclass=file permissive=1
[ 1406.313165] type=1400 audit(1785264653.656:71817): avc:  denied  { execute_no_trans } for  comm="sh" path="/vendor/bin/tsnv_test" dev="dm-12" ino=495 scontext=u:r:xsud:s0 tcontext=u:object_r:tsnv_test_exec:s0 tclass=file permissive=1
[ 1406.313752] type=1400 audit(1785264653.656:71818): avc:  denied  { map } for  comm="tsnv_test" path="/vendor/bin/tsnv_test" dev="dm-12" ino=495 scontext=u:r:xsud:s0 tcontext=u:object_r:tsnv_test_exec:s0 tclass=file permissive=1
[ 1406.315125] type=1400 audit(1785264653.656:71819): avc:  denied  { read } for  comm="tsnv_test" name="bin" dev="dm-12" ino=66 scontext=u:r:xsud:s0 tcontext=u:object_r:vendor_file:s0 tclass=dir permissive=1
[ 1406.318176] BATTERY_CHG: battery_psy_set_online: battery_psy_set_online: set online 1
[ 1406.318345] type=1400 audit(1785264653.660:71820): avc:  denied  { write } for  comm="sh" name="online" dev="sysfs" ino=141577 scontext=u:r:xsud:s0 tcontext=u:object_r:vendor_sysfs_battery_supply:s0 tclass=file permissive=1
[ 1406.319231] audit: audit_lost=66887 audit_rate_limit=5 audit_backlog_limit=64
[ 1406.319235] audit: rate limit exceeded
[ 1406.404454] init: Control message: Could not find 'vendor.qti.diaghal@1.0::Idiag/default' for ctl.interface_start from pid: 754 (/system/bin/hwservicemanager)
[ 1406.634773] servicemanager: Found vendor.qti.qspmhal.IQspmhal/default in device VINTF manifest.
[ 1407.034189] [kworke][0x6580780ac][18:50:54.380071] kiwi_v2: [14558:I:PMO] pmo_core_psoc_send_host_wakeup_ind_to_fw: Host wakeup indication sent to fw
[ 1407.408004] init: Control message: Could not find 'vendor.qti.diaghal@1.0::Idiag/default' for ctl.interface_start from pid: 754 (/system/bin/hwservicemanager)
[ 1408.396721] [kworke][0x65996aed9][18:50:55.742607] kiwi_v2: [14558:I:PMO] pmo_core_enable_wow_in_fw: drv wow is enabled
[ 1408.409439] init: Control message: Could not find 'vendor.qti.diaghal@1.0::Idiag/default' for ctl.interface_start from pid: 754 (/system/bin/hwservicemanager)
[ 1408.420008] type=1400 audit(1785264655.764:72668): avc:  denied  { read } for  comm="sh" name="primary" dev="tmpfs" ino=42 scontext=u:r:xsud:s0 tcontext=u:object_r:mnt_user_file:s0 tclass=lnk_file permissive=1
[ 1409.413845] init: Control message: Could not find 'vendor.qti.diaghal@1.0::Idiag/default' for ctl.interface_start from pid: 754 (/system/bin/hwservicemanager)
[ 1409.669553] type=1400 audit(1785264657.012:72669): avc:  denied  { search } for  comm="sh" name="0" dev="tmpfs" ino=12 scontext=u:r:xsud:s0 tcontext=u:object_r:mnt_user_file:s0 tclass=dir permissive=1
[ 1409.685807] type=1400 audit(1785264657.028:72670): avc:  denied  { syslog_read } for  comm="dmesg" scontext=u:r:xsud:s0 tcontext=u:r:kernel:s0 tclass=system permissive=1
[ 1410.415970] init: Control message: Could not find 'vendor.qti.diaghal@1.0::Idiag/default' for ctl.interface_start from pid: 754 (/system/bin/hwservicemanager)
[ 1411.419119] init: Control message: Could not find 'vendor.qti.diaghal@1.0::Idiag/default' for ctl.interface_start from pid: 754 (/system/bin/hwservicemanager)
[ 1412.077499] type=1400 audit(1785264659.420:72674): avc:  denied  { read } for  comm="cat" name="gpuclk" dev="sysfs" ino=124210 scontext=u:r:xsud:s0 tcontext=u:object_r:vendor_sysfs_kgsl_gpuclk:s0 tclass=file permissive=1
[ 1412.078085] type=1400 audit(1785264659.420:72675): avc:  denied  { open } for  comm="cat" path="/sys/devices/platform/soc/3d00000.qcom,kgsl-3d0/kgsl/kgsl-3d0/gpuclk" dev="sysfs" ino=124210 scontext=u:r:xsud:s0 tcontext=u:object_r:vendor_sysfs_kgsl_gpuclk:s0 tclass=file permissive=1
[ 1412.422294] init: Control message: Could not find 'vendor.qti.diaghal@1.0::Idiag/default' for ctl.interface_start from pid: 754 (/system/bin/hwservicemanager)
[ 1413.425321] init: Control message: Could not find 'vendor.qti.diaghal@1.0::Idiag/default' for ctl.interface_start from pid: 754 (/system/bin/hwservicemanager)
[ 1414.426667] init: Control message: Could not find 'vendor.qti.diaghal@1.0::Idiag/default' for ctl.interface_start from pid: 754 (/system/bin/hwservicemanager)
[ 1415.431072] init: Control message: Could not find 'vendor.qti.diaghal@1.0::Idiag/default' for ctl.interface_start from pid: 754 (/system/bin/hwservicemanager)
[ 1416.434274] init: Control message: Could not find 'vendor.qti.diaghal@1.0::Idiag/default' for ctl.interface_start from pid: 754 (/system/bin/hwservicemanager)
[ 1417.304261] [kworke][0x663c85048][18:51:04.650146] kiwi_v2: [8373:I:PMO] pmo_core_psoc_send_host_wakeup_ind_to_fw: Host wakeup indication sent to fw
[ 1417.317117] [soft_i][0x663cc1446][18:51:04.663000] kiwi_v2: [0:I:WMA] WLAN triggered wakeup: BPF_ALLOW (39), vdev: 0 (STA)
[ 1417.317568] [soft_i][0x663cc370f][18:51:04.663463] kiwi_v2: [0:I:WMA] wma_wake_event_packet: Wake event packet:
[ 1417.438032] init: Control message: Could not find 'vendor.qti.diaghal@1.0::Idiag/default' for ctl.interface_start from pid: 754 (/system/bin/hwservicemanager)
[ 1417.920895] [kworke][0x6647cf808][18:51:05.266783] kiwi_v2: [8373:I:PMO] pmo_core_enable_wow_in_fw: drv wow is enabled
[ 1418.440909] init: Control message: Could not find 'vendor.qti.diaghal@1.0::Idiag/default' for ctl.interface_start from pid: 754 (/system/bin/hwservicemanager)
[ 1419.442214] init: Control message: Could not find 'vendor.qti.diaghal@1.0::Idiag/default' for ctl.interface_start from pid: 754 (/system/bin/hwservicemanager)
[ 1420.497825] servicemanager: Found vendor.qti.hardware.perf2.IPerf/default in device VINTF manifest.
[ 1420.502144] init: Control message: Could not find 'vendor.qti.diaghal@1.0::Idiag/default' for ctl.interface_start from pid: 754 (/system/bin/hwservicemanager)
[ 1420.502611] init: Control message: Could not find 'vendor.qti.diaghal@1.0::Idiag/default' for ctl.interface_start from pid: 754 (/system/bin/hwservicemanager)
[ 1420.734373] type=1400 audit(1785264668.076:72676): avc:  denied  { read } for  comm="cat" name="gpuclk" dev="sysfs" ino=124210 scontext=u:r:xsud:s0 tcontext=u:object_r:vendor_sysfs_kgsl_gpuclk:s0 tclass=file permissive=1
[ 1420.734604] type=1400 audit(1785264668.076:72677): avc:  denied  { open } for  comm="cat" path="/sys/devices/platform/soc/3d00000.qcom,kgsl-3d0/kgsl/kgsl-3d0/gpuclk" dev="sysfs" ino=124210 scontext=u:r:xsud:s0 tcontext=u:object_r:vendor_sysfs_kgsl_gpuclk:s0 tclass=file permissive=1
[ 1420.750046] type=1400 audit(1785264668.092:72678): avc:  denied  { read } for  comm="cat" name="min_pwrlevel" dev="sysfs" ino=124218 scontext=u:r:xsud:s0 tcontext=u:object_r:vendor_sysfs_kgsl:s0 tclass=file permissive=1
[ 1420.750207] type=1400 audit(1785264668.092:72679): avc:  denied  { open } for  comm="cat" path="/sys/devices/platform/soc/3d00000.qcom,kgsl-3d0/kgsl/kgsl-3d0/min_pwrlevel" dev="sysfs" ino=124218 scontext=u:r:xsud:s0 tcontext=u:object_r:vendor_sysfs_kgsl:s0 tclass=file permissive=1
[ 1420.782298] type=1400 audit(1785264668.124:72680): avc:  denied  { search } for  comm="cat" name="battery" dev="sysfs" ino=141568 scontext=u:r:xsud:s0 tcontext=u:object_r:vendor_sysfs_battery_supply:s0 tclass=dir permissive=1
[ 1420.782373] type=1400 audit(1785264668.124:72681): avc:  denied  { read } for  comm="cat" name="online" dev="sysfs" ino=141577 scontext=u:r:xsud:s0 tcontext=u:object_r:vendor_sysfs_battery_supply:s0 tclass=file permissive=1
[ 1420.782391] type=1400 audit(1785264668.124:72682): avc:  denied  { open } for  comm="cat" path="/sys/devices/platform/soc/soc:qcom,pmic_glink/soc:qcom,pmic_glink:qcom,battery_charger/power_supply/battery/online" dev="sysfs" ino=141577 scontext=u:r:xsud:s0 tcontext=u:object_r:vendor_sysfs_battery_supply:s0 tclass=file permissive=1
[ 1420.795758] audit: audit_lost=67734 audit_rate_limit=5 audit_backlog_limit=64
[ 1420.795779] audit: rate limit exceeded
[ 1421.283577] wcd-usbss-i2c-driver 1-000e: wcd_usbss_is_in_reset_state: Surge check #3 failed
[ 1421.508282] init: Control message: Could not find 'vendor.qti.diaghal@1.0::Idiag/default' for ctl.interface_start from pid: 754 (/system/bin/hwservicemanager)
[ 1422.046576] type=1400 audit(1785264669.388:72695): avc:  denied  { read } for  comm="dmesg" name="kmsg" dev="tmpfs" ino=5 scontext=u:r:xsud:s0 tcontext=u:object_r:kmsg_device:s0 tclass=chr_file permissive=1
[ 1422.047031] type=1400 audit(1785264669.388:72696): avc:  denied  { open } for  comm="dmesg" path="/dev/kmsg" dev="tmpfs" ino=5 scontext=u:r:xsud:s0 tcontext=u:object_r:kmsg_device:s0 tclass=chr_file permissive=1
[ 1422.510501] init: Control message: Could not find 'vendor.qti.diaghal@1.0::Idiag/default' for ctl.interface_start from pid: 754 (/system/bin/hwservicemanager)
[ 1423.514737] init: Control message: Could not find 'vendor.qti.diaghal@1.0::Idiag/default' for ctl.interface_start from pid: 754 (/system/bin/hwservicemanager)
[ 1424.516333] init: Control message: Could not find 'vendor.qti.diaghal@1.0::Idiag/default' for ctl.interface_start from pid: 754 (/system/bin/hwservicemanager)
[ 1425.518121] init: Control message: Could not find 'vendor.qti.diaghal@1.0::Idiag/default' for ctl.interface_start from pid: 754 (/system/bin/hwservicemanager)
[ 1425.740249] type=1400 audit(1785264673.084:72697): avc:  denied  { search } for  comm="sh" name="/" dev="fuse" ino=131 scontext=u:r:xsud:s0 tcontext=u:object_r:fuse:s0 tclass=dir permissive=1
[ 1426.520719] init: Control message: Could not find 'vendor.qti.diaghal@1.0::Idiag/default' for ctl.interface_start from pid: 754 (/system/bin/hwservicemanager)
[ 1427.524422] init: Control message: Could not find 'vendor.qti.diaghal@1.0::Idiag/default' for ctl.interface_start from pid: 754 (/system/bin/hwservicemanager)
[ 1428.528088] init: Control message: Could not find 'vendor.qti.diaghal@1.0::Idiag/default' for ctl.interface_start from pid: 754 (/system/bin/hwservicemanager)
[ 1429.531967] init: Control message: Could not find 'vendor.qti.diaghal@1.0::Idiag/default' for ctl.interface_start from pid: 754 (/system/bin/hwservicemanager)
[ 1430.532980] init: Control message: Could not find 'vendor.qti.diaghal@1.0::Idiag/default' for ctl.interface_start from pid: 754 (/system/bin/hwservicemanager)
[ 1431.537853] init: Control message: Could not find 'vendor.qti.diaghal@1.0::Idiag/default' for ctl.interface_start from pid: 754 (/system/bin/hwservicemanager)
[ 1432.540123] init: Control message: Could not find 'vendor.qti.diaghal@1.0::Idiag/default' for ctl.interface_start from pid: 754 (/system/bin/hwservicemanager)
[ 1433.546088] init: Control message: Could not find 'vendor.qti.diaghal@1.0::Idiag/default' for ctl.interface_start from pid: 754 (/system/bin/hwservicemanager)
[ 1434.550025] init: Control message: Could not find 'vendor.qti.diaghal@1.0::Idiag/default' for ctl.interface_start from pid: 754 (/system/bin/hwservicemanager)
[ 1435.551972] init: Control message: Could not find 'vendor.qti.diaghal@1.0::Idiag/default' for ctl.interface_start from pid: 754 (/system/bin/hwservicemanager)
[ 1436.388814] wcd-usbss-i2c-driver 1-000e: wcd_usbss_is_in_reset_state: Surge check #3 failed
[ 1436.552147] init: Control message: Could not find 'vendor.qti.diaghal@1.0::Idiag/default' for ctl.interface_start from pid: 754 (/system/bin/hwservicemanager)
[ 1437.555855] init: Control message: Could not find 'vendor.qti.diaghal@1.0::Idiag/default' for ctl.interface_start from pid: 754 (/system/bin/hwservicemanager)
[ 1438.559928] init: Control message: Could not find 'vendor.qti.diaghal@1.0::Idiag/default' for ctl.interface_start from pid: 754 (/system/bin/hwservicemanager)
[ 1439.561865] init: Control message: Could not find 'vendor.qti.diaghal@1.0::Idiag/default' for ctl.interface_start from pid: 754 (/system/bin/hwservicemanager)
[ 1440.613391] servicemanager: Found vendor.qti.hardware.perf2.IPerf/default in device VINTF manifest.
[ 1440.618096] init: Control message: Could not find 'vendor.qti.diaghal@1.0::Idiag/default' for ctl.interface_start from pid: 754 (/system/bin/hwservicemanager)
[ 1440.618286] init: Control message: Could not find 'vendor.qti.diaghal@1.0::Idiag/default' for ctl.interface_start from pid: 754 (/system/bin/hwservicemanager)
[ 1441.489753] type=1400 audit(1785264688.832:72698): avc:  denied  { read } for  comm="cat" name="gpuclk" dev="sysfs" ino=124210 scontext=u:r:xsud:s0 tcontext=u:object_r:vendor_sysfs_kgsl_gpuclk:s0 tclass=file permissive=1
[ 1441.490223] type=1400 audit(1785264688.832:72699): avc:  denied  { open } for  comm="cat" path="/sys/devices/platform/soc/3d00000.qcom,kgsl-3d0/kgsl/kgsl-3d0/gpuclk" dev="sysfs" ino=124210 scontext=u:r:xsud:s0 tcontext=u:object_r:vendor_sysfs_kgsl_gpuclk:s0 tclass=file permissive=1
[ 1441.501256] type=1400 audit(1785264688.844:72700): avc:  denied  { read } for  comm="cat" name="min_pwrlevel" dev="sysfs" ino=124218 scontext=u:r:xsud:s0 tcontext=u:object_r:vendor_sysfs_kgsl:s0 tclass=file permissive=1
[ 1441.501729] type=1400 audit(1785264688.844:72701): avc:  denied  { open } for  comm="cat" path="/sys/devices/platform/soc/3d00000.qcom,kgsl-3d0/kgsl/kgsl-3d0/min_pwrlevel" dev="sysfs" ino=124218 scontext=u:r:xsud:s0 tcontext=u:object_r:vendor_sysfs_kgsl:s0 tclass=file permissive=1
[ 1441.531762] type=1400 audit(1785264688.872:72702): avc:  denied  { search } for  comm="cat" name="battery" dev="sysfs" ino=141568 scontext=u:r:xsud:s0 tcontext=u:object_r:vendor_sysfs_battery_supply:s0 tclass=dir permissive=1
[ 1441.531881] type=1400 audit(1785264688.872:72703): avc:  denied  { read } for  comm="cat" name="online" dev="sysfs" ino=141577 scontext=u:r:xsud:s0 tcontext=u:object_r:vendor_sysfs_battery_supply:s0 tclass=file permissive=1
[ 1441.531936] type=1400 audit(1785264688.872:72704): avc:  denied  { open } for  comm="cat" path="/sys/devices/platform/soc/soc:qcom,pmic_glink/soc:qcom,pmic_glink:qcom,battery_charger/power_supply/battery/online" dev="sysfs" ino=141577 scontext=u:r:xsud:s0 tcontext=u:object_r:vendor_sysfs_battery_supply:s0 tclass=file permissive=1
[ 1441.548792] audit: audit_lost=67746 audit_rate_limit=5 audit_backlog_limit=64
[ 1441.548811] audit: rate limit exceeded
[ 1441.622829] init: Control message: Could not find 'vendor.qti.diaghal@1.0::Idiag/default' for ctl.interface_start from pid: 754 (/system/bin/hwservicemanager)
[ 1442.625073] init: Control message: Could not find 'vendor.qti.diaghal@1.0::Idiag/default' for ctl.interface_start from pid: 754 (/system/bin/hwservicemanager)
[ 1443.630793] init: Control message: Could not find 'vendor.qti.diaghal@1.0::Idiag/default' for ctl.interface_start from pid: 754 (/system/bin/hwservicemanager)
[ 1444.634729] init: Control message: Could not find 'vendor.qti.diaghal@1.0::Idiag/default' for ctl.interface_start from pid: 754 (/system/bin/hwservicemanager)
[ 1445.638950] init: Control message: Could not find 'vendor.qti.diaghal@1.0::Idiag/default' for ctl.interface_start from pid: 754 (/system/bin/hwservicemanager)
[ 1446.639793] init: Control message: Could not find 'vendor.qti.diaghal@1.0::Idiag/default' for ctl.interface_start from pid: 754 (/system/bin/hwservicemanager)
[ 1447.643521] init: Control message: Could not find 'vendor.qti.diaghal@1.0::Idiag/default' for ctl.interface_start from pid: 754 (/system/bin/hwservicemanager)
[ 1448.646548] init: Control message: Could not find 'vendor.qti.diaghal@1.0::Idiag/default' for ctl.interface_start from pid: 754 (/system/bin/hwservicemanager)
[ 1449.647507] init: Control message: Could not find 'vendor.qti.diaghal@1.0::Idiag/default' for ctl.interface_start from pid: 754 (/system/bin/hwservicemanager)
[ 1450.649998] init: Control message: Could not find 'vendor.qti.diaghal@1.0::Idiag/default' for ctl.interface_start from pid: 754 (/system/bin/hwservicemanager)
[ 1451.493455] wcd-usbss-i2c-driver 1-000e: wcd_usbss_is_in_reset_state: Surge check #3 failed
[ 1451.653529] init: Control message: Could not find 'vendor.qti.diaghal@1.0::Idiag/default' for ctl.interface_start from pid: 754 (/system/bin/hwservicemanager)
[ 1452.656532] init: Control message: Could not find 'vendor.qti.diaghal@1.0::Idiag/default' for ctl.interface_start from pid: 754 (/system/bin/hwservicemanager)
[ 1453.657465] init: Control message: Could not find 'vendor.qti.diaghal@1.0::Idiag/default' for ctl.interface_start from pid: 754 (/system/bin/hwservicemanager)
[ 1454.660351] init: Control message: Could not find 'vendor.qti.diaghal@1.0::Idiag/default' for ctl.interface_start from pid: 754 (/system/bin/hwservicemanager)
[ 1455.664085] init: Control message: Could not find 'vendor.qti.diaghal@1.0::Idiag/default' for ctl.interface_start from pid: 754 (/system/bin/hwservicemanager)
[ 1456.560168] servicemanager: Found android.hardware.wifi.IWifi/default in device VINTF manifest.
[ 1456.590245] [wpa_su][0x690bde1a7][18:51:43.936137] kiwi_v2: [3925:I:PMO] pmo_core_psoc_send_host_wakeup_ind_to_fw: Host wakeup indication sent to fw
[ 1456.621219] [wpa_su][0x690c6f471][18:51:43.967108] kiwi_v2: [3925:I:OSIF] osif_cm_disconnect_sync: vdevid-0: Received Disconnect reason:3 REASON_DEAUTH_NETWORK_LEAVING
[ 1456.641330] [schedu][0x690ccd926][18:51:43.987224] kiwi_v2: [3892:E:PE] lim_is_ml_peer_state_disconn: ML peer ctx not found
[ 1456.641360] [schedu][0x690ccdb8a][18:51:43.987256] kiwi_v2: [3892:I:PE] Deauth TX: vdev 0 seq_num 2054 reason 3 waitForAck 1 to b0:a7:b9:**:**:b3 from zz:zz:zz:zz:zz:zz
[ 1456.665674] [schedu][0x690d3fac1][18:51:44.011566] kiwi_v2: [3892:I:mlme] mlme_set_chan_switch_in_progress: Set chan_switch_in_progress: 0 vdev 0
[ 1456.667044] init: Control message: Could not find 'vendor.qti.diaghal@1.0::Idiag/default' for ctl.interface_start from pid: 754 (/system/bin/hwservicemanager)
[ 1456.682360] [soft_i][0x690d8de03][18:51:44.028249] kiwi_v2: [0:I:TXRX] HTT_T2H_MSG_TYPE_PEER_UNMAP msg for peer id 6 vdev id 0 n
[ 1456.682432] [soft_i][0x690d8e3bb][18:51:44.028325] kiwi_v2: [0:F:DP] dp_peer_update_state: Invalid state shift from 2 to 4 peer b0:a7:b9:**:**:b3
[ 1456.684479] [schedu][0x690d97d30][18:51:44.030371] kiwi_v2: [3892:E:CMN_MLME] mlme_sr_update: Spatial Reuse disabled for vdev_id: 0
[ 1456.685334] [schedu][0x690d9bd36][18:51:44.031225] kiwi_v2: [3892:I:OSIF] wlan0(vdevid-0): zz:zz:zz:zz:zz:zz locally-generated disconnect b0:a7:b9:**:**:b3 cmid 0xd000002 src 5 reason:3 REASON_DEAUTH_NETWORK_LEAVING vendor:0 
[ 1456.689769] [schedu][0x690db0a0f][18:51:44.035663] kiwi_v2: [3892:W:SME] csr_save_to_channel_power2_g_5_g: Invalid Channel freq 5935 Present in Country IE
[ 1456.728073] [schedu][0x690e642ae][18:51:44.073965] kiwi_v2: [3892:E:DP] dp_tx_flow_pool_unmap_handler: flow pool id: 0 is inactive, ignore unmap
[ 1456.755729] [wifico][0x690ee5c55][18:51:44.101614] kiwi_v2: [1845:I:HDD] vdev 0 destroyed successfully
[ 1456.757482] [schedu][0x690eedfe9][18:51:44.103368] kiwi_v2: [3892:E:WMA] Peer zz:zz:zz:zz:zz:zz not found
[ 1456.757591] [schedu][0x690eee87a][18:51:44.103482] kiwi_v2: [3892:E:DP] dp_tx_flow_pool_unmap_handler: flow pool id: 1 is inactive, ignore unmap
[ 1456.780808] [wifico][0x690f5b51a][18:51:44.126691] kiwi_v2: [1845:I:HDD] vdev 1 destroyed successfully
[ 1456.804991] init: Service 'wpa_supplicant' (pid 3925) exited with status 0 oneshot service took 1447.614014 seconds in background
[ 1456.805063] init: Sending signal 9 to service 'wpa_supplicant' (pid 3925) process group...
[ 1456.805648] libprocessgroup: Successfully killed process cgroup uid 0 pid 3925 in 0ms
[ 1456.807333] servicemanager: Found android.hardware.wifi.IWifi/default in device VINTF manifest.
[ 1456.831137] [binder][0x6910474c2][18:51:44.177032] kiwi_v2: [1520:I:HDD] wlan_hdd_state_ctrl_param_write: Wifi turning off from UI

[ 1457.055907] [kworke][0x691464c9c][18:51:44.401779] kiwi_v2: [14558:I:HDD] hdd_psoc_idle_timeout_callback: Psoc idle timeout elapsed; starting psoc shutdown
[ 1457.057616] [kworke][0x69146cdf4][18:51:44.403502] kiwi_v2: [24328:E:WMI] wmi_unified_unregister_event_handler: event handler is not registered: evt id 0x1d01a
[ 1457.059390] [schedu][0x69147530f][18:51:44.405277] kiwi_v2: [3892:E:SYS] Processing SYS MC STOP
[ 1457.088479] [kworke][0x6914fd871][18:51:44.434362] kiwi_v2: [24328:I:WMI] WMI Stop
[ 1457.088518] [kworke][0x6914fdbdb][18:51:44.434407] kiwi_v2: [24328:I:HTC] htc_stop: endpoints cleanup

[ 1457.088561] [kworke][0x6914fdf27][18:51:44.434451] kiwi_v2: [24328:I:HTC] htc_stop: stopping hif layer

[ 1457.100838] [kworke][0x6915377ca][18:51:44.446726] kiwi_v2: [24328:I:HTC] htc_stop: flush endpoints Tx lookup queue

[ 1457.100873] [kworke][0x691537aa1][18:51:44.446764] kiwi_v2: [24328:I:HTC] htc_stop: resetting endpoints state

[ 1457.142775] [kworke][0x6915fc19d][18:51:44.488671] kiwi_v2: [24328:E:DP_INIT] dp_srng_deinit: 0000000000000000: Ring type: 27, num:0 not setup
[ 1457.142802] [kworke][0x6915fc247][18:51:44.488679] kiwi_v2: [24328:E:DP_INIT] dp_srng_deinit: 0000000000000000: Ring type: 27, num:0 not setup
[ 1457.143312] [kworke][0x6915fea00][18:51:44.489209] kiwi_v2: [24328:I:OSIF] os_if_spectral_free_skb: Socket buffer is null, msg_type= 0
[ 1457.143315] [kworke][0x6915fea48][18:51:44.489212] kiwi_v2: [24328:I:OSIF] os_if_spectral_free_skb: Socket buffer is null, msg_type= 1
[ 1457.143317] [kworke][0x6915fea71][18:51:44.489215] kiwi_v2: [24328:I:OSIF] os_if_spectral_free_skb: Socket buffer is null, msg_type= 2
[ 1457.160138] [kworke][0x69164d7db][18:51:44.506033] kiwi_v2: [24328:I:HTC] htc_cleanup: Non flow ctrl enabled endpoints nbuf map: 28, unamp: 28
[ 1457.185440] [kworke][0x6916c4189][18:51:44.531336] kiwi_v2: [24328:I:SPECTRAL] target_if_spectral_detach: spectral detach
[ 1457.185447] [kworke][0x6916c4223][18:51:44.531344] kiwi_v2: [24328:I:GREEN_AP] wlan_green_ap_pdev_obj_destroy_notification: Deleting green ap pdev obj, green ap ctx: 0000000000000000, pdev: 0000000000000000
[ 1457.185453] [kworke][0x6916c428e][18:51:44.531349] kiwi_v2: [24328:I:GREEN_AP] wlan_green_ap_pdev_obj_destroy_notification: green ap deletion successful
[ 1457.194814] [kworke][0x6916f008c][18:51:44.540710] kiwi_v2: [24328:I:IPA] ipa_component_config_free: Free the IPA config memory
[ 1457.271513] msm_pcie_disable: PCIe: Assert the reset of endpoint of RC0.
[ 1457.272993] cnss: QMI WLFW service disconnected, state: 0x16ea0100
[ 1457.668767] init: Control message: Could not find 'vendor.qti.diaghal@1.0::Idiag/default' for ctl.interface_start from pid: 754 (/system/bin/hwservicemanager)
[ 1457.742340] type=1400 audit(1785264705.084:72717): avc:  denied  { read } for  comm="cat" name="gpuclk" dev="sysfs" ino=124210 scontext=u:r:xsud:s0 tcontext=u:object_r:vendor_sysfs_kgsl_gpuclk:s0 tclass=file permissive=1
[ 1457.742551] type=1400 audit(1785264705.084:72718): avc:  denied  { open } for  comm="cat" path="/sys/devices/platform/soc/3d00000.qcom,kgsl-3d0/kgsl/kgsl-3d0/gpuclk" dev="sysfs" ino=124210 scontext=u:r:xsud:s0 tcontext=u:object_r:vendor_sysfs_kgsl_gpuclk:s0 tclass=file permissive=1
[ 1457.762734] type=1400 audit(1785264705.104:72719): avc:  denied  { read } for  comm="cat" name="min_pwrlevel" dev="sysfs" ino=124218 scontext=u:r:xsud:s0 tcontext=u:object_r:vendor_sysfs_kgsl:s0 tclass=file permissive=1
[ 1457.762909] type=1400 audit(1785264705.104:72720): avc:  denied  { open } for  comm="cat" path="/sys/devices/platform/soc/3d00000.qcom,kgsl-3d0/kgsl/kgsl-3d0/min_pwrlevel" dev="sysfs" ino=124218 scontext=u:r:xsud:s0 tcontext=u:object_r:vendor_sysfs_kgsl:s0 tclass=file permissive=1
[ 1457.812188] type=1400 audit(1785264705.156:72721): avc:  denied  { search } for  comm="cat" name="battery" dev="sysfs" ino=141568 scontext=u:r:xsud:s0 tcontext=u:object_r:vendor_sysfs_battery_supply:s0 tclass=dir permissive=1
[ 1457.830432] audit: audit_lost=67758 audit_rate_limit=5 audit_backlog_limit=64
[ 1457.830441] audit: rate limit exceeded
[ 1458.676359] init: Control message: Could not find 'vendor.qti.diaghal@1.0::Idiag/default' for ctl.interface_start from pid: 754 (/system/bin/hwservicemanager)
[ 1459.199501] type=1400 audit(1785264706.540:72731): avc:  denied  { read } for  comm="cat" name="online" dev="sysfs" ino=141577 scontext=u:r:xsud:s0 tcontext=u:object_r:vendor_sysfs_battery_supply:s0 tclass=file permissive=1
[ 1459.199701] type=1400 audit(1785264706.540:72732): avc:  denied  { open } for  comm="cat" path="/sys/devices/platform/soc/soc:qcom,pmic_glink/soc:qcom,pmic_glink:qcom,battery_charger/power_supply/battery/online" dev="sysfs" ino=141577 scontext=u:r:xsud:s0 tcontext=u:object_r:vendor_sysfs_battery_supply:s0 tclass=file permissive=1
[ 1459.678445] init: Control message: Could not find 'vendor.qti.diaghal@1.0::Idiag/default' for ctl.interface_start from pid: 754 (/system/bin/hwservicemanager)
[ 1460.641232] type=1400 audit(1785264707.984:72733): avc:  denied  { syslog_read } for  comm="dmesg" scontext=u:r:xsud:s0 tcontext=u:r:kernel:s0 tclass=system permissive=1
[ 1460.641883] type=1400 audit(1785264707.984:72734): avc:  denied  { syslog } for  comm="dmesg" capability=34  scontext=u:r:xsud:s0 tcontext=u:r:xsud:s0 tclass=capability2 permissive=1
[ 1460.641954] type=1400 audit(1785264707.984:72735): avc:  denied  { syslog_mod } for  comm="dmesg" scontext=u:r:xsud:s0 tcontext=u:r:kernel:s0 tclass=system permissive=1
[ 1460.745236] servicemanager: Found vendor.qti.hardware.perf2.IPerf/default in device VINTF manifest.
[ 1460.753500] init: Control message: Could not find 'vendor.qti.diaghal@1.0::Idiag/default' for ctl.interface_start from pid: 754 (/system/bin/hwservicemanager)
[ 1460.754516] init: Control message: Could not find 'vendor.qti.diaghal@1.0::Idiag/default' for ctl.interface_start from pid: 754 (/system/bin/hwservicemanager)
[ 1461.757355] init: Control message: Could not find 'vendor.qti.diaghal@1.0::Idiag/default' for ctl.interface_start from pid: 754 (/system/bin/hwservicemanager)
[ 1461.948642] audit: audit_lost=67767 audit_rate_limit=5 audit_backlog_limit=64
[ 1461.948659] audit: rate limit exceeded
[ 1462.759716] init: Control message: Could not find 'vendor.qti.diaghal@1.0::Idiag/default' for ctl.interface_start from pid: 754 (/system/bin/hwservicemanager)
[ 1463.244072] type=1400 audit(1785264710.588:72754): avc:  denied  { read } for  comm="cat" name="min_pwrlevel" dev="sysfs" ino=124218 scontext=u:r:xsud:s0 tcontext=u:object_r:vendor_sysfs_kgsl:s0 tclass=file permissive=1
[ 1463.244407] type=1400 audit(1785264710.588:72755): avc:  denied  { open } for  comm="cat" path="/sys/devices/platform/soc/3d00000.qcom,kgsl-3d0/kgsl/kgsl-3d0/min_pwrlevel" dev="sysfs" ino=124218 scontext=u:r:xsud:s0 tcontext=u:object_r:vendor_sysfs_kgsl:s0 tclass=file permissive=1
[ 1463.761925] init: Control message: Could not find 'vendor.qti.diaghal@1.0::Idiag/default' for ctl.interface_start from pid: 754 (/system/bin/hwservicemanager)
[ 1464.769279] init: Control message: Could not find 'vendor.qti.diaghal@1.0::Idiag/default' for ctl.interface_start from pid: 754 (/system/bin/hwservicemanager)
[ 1465.766145] init: Control message: Could not find 'vendor.qti.diaghal@1.0::Idiag/default' for ctl.interface_start from pid: 754 (/system/bin/hwservicemanager)
[ 1466.272923] healthd: battery l=72 v=8074 t=34.0 h=2 st=3 c=-127261 fc=4162000 cc=0 chg=a
[ 1466.316840] BATTERY_CHG: battery_psy_set_online: battery_psy_set_online: set online 1
[ 1466.319609] type=1400 audit(1785264713.660:72756): avc:  denied  { search } for  comm="sh" name="battery" dev="sysfs" ino=141568 scontext=u:r:xsud:s0 tcontext=u:object_r:vendor_sysfs_battery_supply:s0 tclass=dir permissive=1
[ 1466.319724] type=1400 audit(1785264713.660:72757): avc:  denied  { write } for  comm="sh" name="online" dev="sysfs" ino=141577 scontext=u:r:xsud:s0 tcontext=u:object_r:vendor_sysfs_battery_supply:s0 tclass=file permissive=1
[ 1466.326318] type=1400 audit(1785264713.668:72758): avc:  denied  { getattr } for  comm="sh" path="/vendor/bin/tsnv_test" dev="dm-12" ino=495 scontext=u:r:xsud:s0 tcontext=u:object_r:tsnv_test_exec:s0 tclass=file permissive=1
[ 1466.326445] type=1400 audit(1785264713.668:72759): avc:  denied  { execute } for  comm="sh" name="tsnv_test" dev="dm-12" ino=495 scontext=u:r:xsud:s0 tcontext=u:object_r:tsnv_test_exec:s0 tclass=file permissive=1
[ 1466.326534] type=1400 audit(1785264713.668:72760): avc:  denied  { read open } for  comm="sh" path="/vendor/bin/tsnv_test" dev="dm-12" ino=495 scontext=u:r:xsud:s0 tcontext=u:object_r:tsnv_test_exec:s0 tclass=file permissive=1
[ 1466.326603] type=1400 audit(1785264713.668:72761): avc:  denied  { execute_no_trans } for  comm="sh" path="/vendor/bin/tsnv_test" dev="dm-12" ino=495 scontext=u:r:xsud:s0 tcontext=u:object_r:tsnv_test_exec:s0 tclass=file permissive=1
[ 1466.326672] type=1400 audit(1785264713.668:72762): avc:  denied  { map } for  comm="tsnv_test" path="/vendor/bin/tsnv_test" dev="dm-12" ino=495 scontext=u:r:xsud:s0 tcontext=u:object_r:tsnv_test_exec:s0 tclass=file permissive=1
[ 1466.328044] type=1400 audit(1785264713.672:72763): avc:  denied  { read } for  comm="tsnv_test" name="bin" dev="dm-12" ino=66 scontext=u:r:xsud:s0 tcontext=u:object_r:vendor_file:s0 tclass=dir permissive=1
[ 1466.331722] audit: audit_lost=67780 audit_rate_limit=5 audit_backlog_limit=64
[ 1466.331727] audit: rate limit exceeded
[ 1466.333877] BATTERY_CHG: battery_psy_set_online: battery_psy_set_online: set online 1
[ 1466.595862] wcd-usbss-i2c-driver 1-000e: wcd_usbss_is_in_reset_state: Surge check #3 failed
[ 1466.768821] init: Control message: Could not find 'vendor.qti.diaghal@1.0::Idiag/default' for ctl.interface_start from pid: 754 (/system/bin/hwservicemanager)
[ 1467.771102] init: Control message: Could not find 'vendor.qti.diaghal@1.0::Idiag/default' for ctl.interface_start from pid: 754 (/system/bin/hwservicemanager)
[ 1468.772398] init: Control message: Could not find 'vendor.qti.diaghal@1.0::Idiag/default' for ctl.interface_start from pid: 754 (/system/bin/hwservicemanager)
[ 1469.774963] init: Control message: Could not find 'vendor.qti.diaghal@1.0::Idiag/default' for ctl.interface_start from pid: 754 (/system/bin/hwservicemanager)
[ 1470.777767] init: Control message: Could not find 'vendor.qti.diaghal@1.0::Idiag/default' for ctl.interface_start from pid: 754 (/system/bin/hwservicemanager)
[ 1471.780680] init: Control message: Could not find 'vendor.qti.diaghal@1.0::Idiag/default' for ctl.interface_start from pid: 754 (/system/bin/hwservicemanager)
[ 1472.782931] init: Control message: Could not find 'vendor.qti.diaghal@1.0::Idiag/default' for ctl.interface_start from pid: 754 (/system/bin/hwservicemanager)
[ 1473.785379] init: Control message: Could not find 'vendor.qti.diaghal@1.0::Idiag/default' for ctl.interface_start from pid: 754 (/system/bin/hwservicemanager)
[ 1474.788680] init: Control message: Could not find 'vendor.qti.diaghal@1.0::Idiag/default' for ctl.interface_start from pid: 754 (/system/bin/hwservicemanager)
[ 1475.697700] type=1400 audit(1785264723.040:72779): avc:  denied  { append } for  comm="sh" name="pulse_20260728_203503_cap_poll.log" dev="fuse" ino=332447 scontext=u:r:xsud:s0 tcontext=u:object_r:fuse:s0 tclass=file permissive=1
[ 1475.698392] type=1400 audit(1785264723.040:72780): avc:  denied  { open } for  comm="sh" path="/storage/emulated/0/apl_pulse_logs/pulse_20260728_203503_cap_poll.log" dev="fuse" ino=332447 scontext=u:r:xsud:s0 tcontext=u:object_r:fuse:s0 tclass=file permissive=1
[ 1475.718378] type=1400 audit(1785264723.060:72781): avc:  denied  { ioctl } for  comm="dmesg" path="/storage/emulated/0/apl_pulse_logs/pulse_20260728_203503_dmesg.log" dev="fuse" ino=332449 ioctlcmd=0x5401 scontext=u:r:xsud:s0 tcontext=u:object_r:fuse:s0 tclass=file permissive=1
[ 1475.791308] init: Control message: Could not find 'vendor.qti.diaghal@1.0::Idiag/default' for ctl.interface_start from pid: 754 (/system/bin/hwservicemanager)
[ 1476.791897] init: Control message: Could not find 'vendor.qti.diaghal@1.0::Idiag/default' for ctl.interface_start from pid: 754 (/system/bin/hwservicemanager)
[ 1477.794776] init: Control message: Could not find 'vendor.qti.diaghal@1.0::Idiag/default' for ctl.interface_start from pid: 754 (/system/bin/hwservicemanager)
[ 1478.798437] init: Control message: Could not find 'vendor.qti.diaghal@1.0::Idiag/default' for ctl.interface_start from pid: 754 (/system/bin/hwservicemanager)
[ 1479.799606] init: Control message: Could not find 'vendor.qti.diaghal@1.0::Idiag/default' for ctl.interface_start from pid: 754 (/system/bin/hwservicemanager)
[ 1480.854452] servicemanager: Found vendor.qti.hardware.perf2.IPerf/default in device VINTF manifest.
[ 1480.861046] init: Control message: Could not find 'vendor.qti.diaghal@1.0::Idiag/default' for ctl.interface_start from pid: 754 (/system/bin/hwservicemanager)
[ 1480.861205] init: Control message: Could not find 'vendor.qti.diaghal@1.0::Idiag/default' for ctl.interface_start from pid: 754 (/system/bin/hwservicemanager)
[ 1481.085943] type=1400 audit(1785264728.428:72782): avc:  denied  { read } for  comm="cat" name="gpuclk" dev="sysfs" ino=124210 scontext=u:r:xsud:s0 tcontext=u:object_r:vendor_sysfs_kgsl_gpuclk:s0 tclass=file permissive=1
[ 1481.086432] type=1400 audit(1785264728.428:72783): avc:  denied  { open } for  comm="cat" path="/sys/devices/platform/soc/3d00000.qcom,kgsl-3d0/kgsl/kgsl-3d0/gpuclk" dev="sysfs" ino=124210 scontext=u:r:xsud:s0 tcontext=u:object_r:vendor_sysfs_kgsl_gpuclk:s0 tclass=file permissive=1
[ 1481.107910] type=1400 audit(1785264728.452:72784): avc:  denied  { read } for  comm="cat" name="min_pwrlevel" dev="sysfs" ino=124218 scontext=u:r:xsud:s0 tcontext=u:object_r:vendor_sysfs_kgsl:s0 tclass=file permissive=1
[ 1481.108092] type=1400 audit(1785264728.452:72785): avc:  denied  { open } for  comm="cat" path="/sys/devices/platform/soc/3d00000.qcom,kgsl-3d0/kgsl/kgsl-3d0/min_pwrlevel" dev="sysfs" ino=124218 scontext=u:r:xsud:s0 tcontext=u:object_r:vendor_sysfs_kgsl:s0 tclass=file permissive=1
[ 1481.154464] type=1400 audit(1785264728.496:72786): avc:  denied  { search } for  comm="cat" name="battery" dev="sysfs" ino=141568 scontext=u:r:xsud:s0 tcontext=u:object_r:vendor_sysfs_battery_supply:s0 tclass=dir permissive=1
[ 1481.154568] type=1400 audit(1785264728.496:72787): avc:  denied  { read } for  comm="cat" name="online" dev="sysfs" ino=141577 scontext=u:r:xsud:s0 tcontext=u:object_r:vendor_sysfs_battery_supply:s0 tclass=file permissive=1
[ 1481.154621] type=1400 audit(1785264728.496:72788): avc:  denied  { open } for  comm="cat" path="/sys/devices/platform/soc/soc:qcom,pmic_glink/soc:qcom,pmic_glink:qcom,battery_charger/power_supply/battery/online" dev="sysfs" ino=141577 scontext=u:r:xsud:s0 tcontext=u:object_r:vendor_sysfs_battery_supply:s0 tclass=file permissive=1
[ 1481.171975] audit: audit_lost=67795 audit_rate_limit=5 audit_backlog_limit=64
[ 1481.171983] audit: rate limit exceeded
[ 1481.699878] wcd-usbss-i2c-driver 1-000e: wcd_usbss_is_in_reset_state: Surge check #3 failed
[ 1481.866998] init: Control message: Could not find 'vendor.qti.diaghal@1.0::Idiag/default' for ctl.interface_start from pid: 754 (/system/bin/hwservicemanager)
[ 1482.590791] type=1400 audit(1785264729.932:72801): avc:  denied  { syslog } for  comm="dmesg" capability=34  scontext=u:r:xsud:s0 tcontext=u:r:xsud:s0 tclass=capability2 permissive=1
[ 1482.870576] init: Control message: Could not find 'vendor.qti.diaghal@1.0::Idiag/default' for ctl.interface_start from pid: 754 (/system/bin/hwservicemanager)
[ 1483.872187] init: Control message: Could not find 'vendor.qti.diaghal@1.0::Idiag/default' for ctl.interface_start from pid: 754 (/system/bin/hwservicemanager)
[ 1484.874862] init: Control message: Could not find 'vendor.qti.diaghal@1.0::Idiag/default' for ctl.interface_start from pid: 754 (/system/bin/hwservicemanager)
[ 1485.878892] init: Control message: Could not find 'vendor.qti.diaghal@1.0::Idiag/default' for ctl.interface_start from pid: 754 (/system/bin/hwservicemanager)
[ 1486.882178] init: Control message: Could not find 'vendor.qti.diaghal@1.0::Idiag/default' for ctl.interface_start from pid: 754 (/system/bin/hwservicemanager)
[ 1487.882845] init: Control message: Could not find 'vendor.qti.diaghal@1.0::Idiag/default' for ctl.interface_start from pid: 754 (/system/bin/hwservicemanager)
[ 1488.886211] init: Control message: Could not find 'vendor.qti.diaghal@1.0::Idiag/default' for ctl.interface_start from pid: 754 (/system/bin/hwservicemanager)
[ 1489.891243] init: Control message: Could not find 'vendor.qti.diaghal@1.0::Idiag/default' for ctl.interface_start from pid: 754 (/system/bin/hwservicemanager)
[ 1490.894786] init: Control message: Could not find 'vendor.qti.diaghal@1.0::Idiag/default' for ctl.interface_start from pid: 754 (/system/bin/hwservicemanager)
[ 1491.895917] init: Control message: Could not find 'vendor.qti.diaghal@1.0::Idiag/default' for ctl.interface_start from pid: 754 (/system/bin/hwservicemanager)
[ 1492.900112] init: Control message: Could not find 'vendor.qti.diaghal@1.0::Idiag/default' for ctl.interface_start from pid: 754 (/system/bin/hwservicemanager)
[ 1493.903708] init: Control message: Could not find 'vendor.qti.diaghal@1.0::Idiag/default' for ctl.interface_start from pid: 754 (/system/bin/hwservicemanager)
[ 1494.905792] init: Control message: Could not find 'vendor.qti.diaghal@1.0::Idiag/default' for ctl.interface_start from pid: 754 (/system/bin/hwservicemanager)
[ 1495.908118] init: Control message: Could not find 'vendor.qti.diaghal@1.0::Idiag/default' for ctl.interface_start from pid: 754 (/system/bin/hwservicemanager)
[ 1496.803607] wcd-usbss-i2c-driver 1-000e: wcd_usbss_is_in_reset_state: Surge check #3 failed
[ 1496.911225] init: Control message: Could not find 'vendor.qti.diaghal@1.0::Idiag/default' for ctl.interface_start from pid: 754 (/system/bin/hwservicemanager)
[ 1497.914168] init: Control message: Could not find 'vendor.qti.diaghal@1.0::Idiag/default' for ctl.interface_start from pid: 754 (/system/bin/hwservicemanager)
[ 1498.915934] init: Control message: Could not find 'vendor.qti.diaghal@1.0::Idiag/default' for ctl.interface_start from pid: 754 (/system/bin/hwservicemanager)
[ 1499.919080] init: Control message: Could not find 'vendor.qti.diaghal@1.0::Idiag/default' for ctl.interface_start from pid: 754 (/system/bin/hwservicemanager)
[ 1500.919767] init: Control message: Could not find 'vendor.qti.diaghal@1.0::Idiag/default' for ctl.interface_start from pid: 754 (/system/bin/hwservicemanager)
[ 1501.045454] servicemanager: Found vendor.qti.hardware.perf2.IPerf/default in device VINTF manifest.
[ 1501.052942] init: Control message: Could not find 'vendor.qti.diaghal@1.0::Idiag/default' for ctl.interface_start from pid: 754 (/system/bin/hwservicemanager)
[ 1501.054234] init: Control message: Could not find 'vendor.qti.diaghal@1.0::Idiag/default' for ctl.interface_start from pid: 754 (/system/bin/hwservicemanager)
[ 1501.663719] type=1400 audit(1785264749.004:72802): avc:  denied  { read } for  comm="cat" name="gpuclk" dev="sysfs" ino=124210 scontext=u:r:xsud:s0 tcontext=u:object_r:vendor_sysfs_kgsl_gpuclk:s0 tclass=file permissive=1
[ 1501.663990] type=1400 audit(1785264749.004:72803): avc:  denied  { open } for  comm="cat" path="/sys/devices/platform/soc/3d00000.qcom,kgsl-3d0/kgsl/kgsl-3d0/gpuclk" dev="sysfs" ino=124210 scontext=u:r:xsud:s0 tcontext=u:object_r:vendor_sysfs_kgsl_gpuclk:s0 tclass=file permissive=1
[ 1501.679200] type=1400 audit(1785264749.020:72804): avc:  denied  { read } for  comm="cat" name="min_pwrlevel" dev="sysfs" ino=124218 scontext=u:r:xsud:s0 tcontext=u:object_r:vendor_sysfs_kgsl:s0 tclass=file permissive=1
[ 1501.679328] type=1400 audit(1785264749.020:72805): avc:  denied  { open } for  comm="cat" path="/sys/devices/platform/soc/3d00000.qcom,kgsl-3d0/kgsl/kgsl-3d0/min_pwrlevel" dev="sysfs" ino=124218 scontext=u:r:xsud:s0 tcontext=u:object_r:vendor_sysfs_kgsl:s0 tclass=file permissive=1
[ 1501.733322] type=1400 audit(1785264749.076:72806): avc:  denied  { search } for  comm="cat" name="battery" dev="sysfs" ino=141568 scontext=u:r:xsud:s0 tcontext=u:object_r:vendor_sysfs_battery_supply:s0 tclass=dir permissive=1
[ 1501.733419] type=1400 audit(1785264749.076:72807): avc:  denied  { read } for  comm="cat" name="online" dev="sysfs" ino=141577 scontext=u:r:xsud:s0 tcontext=u:object_r:vendor_sysfs_battery_supply:s0 tclass=file permissive=1
[ 1501.733487] type=1400 audit(1785264749.076:72808): avc:  denied  { open } for  comm="cat" path="/sys/devices/platform/soc/soc:qcom,pmic_glink/soc:qcom,pmic_glink:qcom,battery_charger/power_supply/battery/online" dev="sysfs" ino=141577 scontext=u:r:xsud:s0 tcontext=u:object_r:vendor_sysfs_battery_supply:s0 tclass=file permissive=1
[ 1501.749558] audit: audit_lost=67807 audit_rate_limit=5 audit_backlog_limit=64
[ 1501.749598] audit: rate limit exceeded
[ 1501.749692] type=1400 audit(1785264749.092:72809): avc:  denied  { dac_read_search } for  comm="sh" capability=2  scontext=u:r:xsud:s0 tcontext=u:r:xsud:s0 tclass=capability permissive=1
[ 1501.750584] type=1400 audit(1785264749.092:72810): avc:  denied  { search } for  comm="sh" name="0" dev="tmpfs" ino=12 scontext=u:r:xsud:s0 tcontext=u:object_r:mnt_user_file:s0 tclass=dir permissive=1
[ 1502.057683] init: Control message: Could not find 'vendor.qti.diaghal@1.0::Idiag/default' for ctl.interface_start from pid: 754 (/system/bin/hwservicemanager)
[ 1503.036029] type=1400 audit(1785264750.380:72821): avc:  denied  { read } for  comm="cat" name="gpuclk" dev="sysfs" ino=124210 scontext=u:r:xsud:s0 tcontext=u:object_r:vendor_sysfs_kgsl_gpuclk:s0 tclass=file permissive=1
[ 1503.058611] init: Control message: Could not find 'vendor.qti.diaghal@1.0::Idiag/default' for ctl.interface_start from pid: 754 (/system/bin/hwservicemanager)
[ 1504.061265] init: Control message: Could not find 'vendor.qti.diaghal@1.0::Idiag/default' for ctl.interface_start from pid: 754 (/system/bin/hwservicemanager)
[ 1505.064157] init: Control message: Could not find 'vendor.qti.diaghal@1.0::Idiag/default' for ctl.interface_start from pid: 754 (/system/bin/hwservicemanager)
[ 1506.066925] init: Control message: Could not find 'vendor.qti.diaghal@1.0::Idiag/default' for ctl.interface_start from pid: 754 (/system/bin/hwservicemanager)
[ 1507.067010] init: Control message: Could not find 'vendor.qti.diaghal@1.0::Idiag/default' for ctl.interface_start from pid: 754 (/system/bin/hwservicemanager)
[ 1508.070656] init: Control message: Could not find 'vendor.qti.diaghal@1.0::Idiag/default' for ctl.interface_start from pid: 754 (/system/bin/hwservicemanager)
[ 1509.073692] init: Control message: Could not find 'vendor.qti.diaghal@1.0::Idiag/default' for ctl.interface_start from pid: 754 (/system/bin/hwservicemanager)
[ 1510.074530] init: Control message: Could not find 'vendor.qti.diaghal@1.0::Idiag/default' for ctl.interface_start from pid: 754 (/system/bin/hwservicemanager)
[ 1511.077839] init: Control message: Could not find 'vendor.qti.diaghal@1.0::Idiag/default' for ctl.interface_start from pid: 754 (/system/bin/hwservicemanager)
[ 1511.907339] wcd-usbss-i2c-driver 1-000e: wcd_usbss_is_in_reset_state: Surge check #3 failed
[ 1512.081344] init: Control message: Could not find 'vendor.qti.diaghal@1.0::Idiag/default' for ctl.interface_start from pid: 754 (/system/bin/hwservicemanager)
[ 1512.742467] type=1400 audit(1785264760.084:72823): avc:  denied  { search } for  comm="cat" name="battery" dev="sysfs" ino=141568 scontext=u:r:xsud:s0 tcontext=u:object_r:vendor_sysfs_battery_supply:s0 tclass=dir permissive=1
[ 1512.759632] type=1400 audit(1785264760.100:72824): avc:  denied  { dac_read_search } for  comm="sh" capability=2  scontext=u:r:xsud:s0 tcontext=u:r:xsud:s0 tclass=capability permissive=1
[ 1512.760299] type=1400 audit(1785264760.100:72825): avc:  denied  { search } for  comm="sh" name="/" dev="fuse" ino=131 scontext=u:r:xsud:s0 tcontext=u:object_r:fuse:s0 tclass=dir permissive=1
[ 1512.760794] type=1400 audit(1785264760.100:72826): avc:  denied  { append } for  comm="sh" name="pulse_20260728_203503_cap_poll.log" dev="fuse" ino=332447 scontext=u:r:xsud:s0 tcontext=u:object_r:fuse:s0 tclass=file permissive=1
[ 1512.761243] type=1400 audit(1785264760.100:72827): avc:  denied  { open } for  comm="sh" path="/storage/emulated/0/apl_pulse_logs/pulse_20260728_203503_cap_poll.log" dev="fuse" ino=332447 scontext=u:r:xsud:s0 tcontext=u:object_r:fuse:s0 tclass=file permissive=1
[ 1512.782747] type=1400 audit(1785264760.124:72828): avc:  denied  { ioctl } for  comm="dmesg" path="/storage/emulated/0/apl_pulse_logs/pulse_20260728_203503_dmesg.log" dev="fuse" ino=332449 ioctlcmd=0x5401 scontext=u:r:xsud:s0 tcontext=u:object_r:fuse:s0 tclass=file permissive=1
[ 1512.782888] type=1400 audit(1785264760.124:72829): avc:  denied  { read } for  comm="dmesg" name="kmsg" dev="tmpfs" ino=5 scontext=u:r:xsud:s0 tcontext=u:object_r:kmsg_device:s0 tclass=chr_file permissive=1
[ 1512.782974] type=1400 audit(1785264760.124:72830): avc:  denied  { open } for  comm="dmesg" path="/dev/kmsg" dev="tmpfs" ino=5 scontext=u:r:xsud:s0 tcontext=u:object_r:kmsg_device:s0 tclass=chr_file permissive=1
[ 1513.083878] init: Control message: Could not find 'vendor.qti.diaghal@1.0::Idiag/default' for ctl.interface_start from pid: 754 (/system/bin/hwservicemanager)
[ 1514.086404] init: Control message: Could not find 'vendor.qti.diaghal@1.0::Idiag/default' for ctl.interface_start from pid: 754 (/system/bin/hwservicemanager)
[ 1514.105645] type=1400 audit(1785264761.448:72831): avc:  denied  { read } for  comm="cat" name="online" dev="sysfs" ino=141577 scontext=u:r:xsud:s0 tcontext=u:object_r:vendor_sysfs_battery_supply:s0 tclass=file permissive=1
[ 1514.105783] type=1400 audit(1785264761.448:72832): avc:  denied  { open } for  comm="cat" path="/sys/devices/platform/soc/soc:qcom,pmic_glink/soc:qcom,pmic_glink:qcom,battery_charger/power_supply/battery/online" dev="sysfs" ino=141577 scontext=u:r:xsud:s0 tcontext=u:object_r:vendor_sysfs_battery_supply:s0 tclass=file permissive=1
[ 1515.088923] init: Control message: Could not find 'vendor.qti.diaghal@1.0::Idiag/default' for ctl.interface_start from pid: 754 (/system/bin/hwservicemanager)
[ 1516.092112] init: Control message: Could not find 'vendor.qti.diaghal@1.0::Idiag/default' for ctl.interface_start from pid: 754 (/system/bin/hwservicemanager)
[ 1517.094696] init: Control message: Could not find 'vendor.qti.diaghal@1.0::Idiag/default' for ctl.interface_start from pid: 754 (/system/bin/hwservicemanager)
[ 1518.094754] init: Control message: Could not find 'vendor.qti.diaghal@1.0::Idiag/default' for ctl.interface_start from pid: 754 (/system/bin/hwservicemanager)
[ 1519.098536] init: Control message: Could not find 'vendor.qti.diaghal@1.0::Idiag/default' for ctl.interface_start from pid: 754 (/system/bin/hwservicemanager)
[ 1520.102572] init: Control message: Could not find 'vendor.qti.diaghal@1.0::Idiag/default' for ctl.interface_start from pid: 754 (/system/bin/hwservicemanager)
[ 1521.169169] servicemanager: Found vendor.qti.hardware.perf2.IPerf/default in device VINTF manifest.
[ 1521.177018] init: Control message: Could not find 'vendor.qti.diaghal@1.0::Idiag/default' for ctl.interface_start from pid: 754 (/system/bin/hwservicemanager)
[ 1521.177361] init: Control message: Could not find 'vendor.qti.diaghal@1.0::Idiag/default' for ctl.interface_start from pid: 754 (/system/bin/hwservicemanager)
[ 1522.179080] init: Control message: Could not find 'vendor.qti.diaghal@1.0::Idiag/default' for ctl.interface_start from pid: 754 (/system/bin/hwservicemanager)
[ 1522.259726] type=1400 audit(1785264769.600:72833): avc:  denied  { read } for  comm="cat" name="gpuclk" dev="sysfs" ino=124210 scontext=u:r:xsud:s0 tcontext=u:object_r:vendor_sysfs_kgsl_gpuclk:s0 tclass=file permissive=1
[ 1522.260171] type=1400 audit(1785264769.600:72834): avc:  denied  { open } for  comm="cat" path="/sys/devices/platform/soc/3d00000.qcom,kgsl-3d0/kgsl/kgsl-3d0/gpuclk" dev="sysfs" ino=124210 scontext=u:r:xsud:s0 tcontext=u:object_r:vendor_sysfs_kgsl_gpuclk:s0 tclass=file permissive=1
[ 1522.281469] type=1400 audit(1785264769.624:72835): avc:  denied  { read } for  comm="cat" name="min_pwrlevel" dev="sysfs" ino=124218 scontext=u:r:xsud:s0 tcontext=u:object_r:vendor_sysfs_kgsl:s0 tclass=file permissive=1
[ 1522.281662] type=1400 audit(1785264769.624:72836): avc:  denied  { open } for  comm="cat" path="/sys/devices/platform/soc/3d00000.qcom,kgsl-3d0/kgsl/kgsl-3d0/min_pwrlevel" dev="sysfs" ino=124218 scontext=u:r:xsud:s0 tcontext=u:object_r:vendor_sysfs_kgsl:s0 tclass=file permissive=1
[ 1522.335353] type=1400 audit(1785264769.676:72837): avc:  denied  { search } for  comm="cat" name="battery" dev="sysfs" ino=141568 scontext=u:r:xsud:s0 tcontext=u:object_r:vendor_sysfs_battery_supply:s0 tclass=dir permissive=1
[ 1522.335476] type=1400 audit(1785264769.676:72838): avc:  denied  { read } for  comm="cat" name="online" dev="sysfs" ino=141577 scontext=u:r:xsud:s0 tcontext=u:object_r:vendor_sysfs_battery_supply:s0 tclass=file permissive=1
[ 1522.335531] type=1400 audit(1785264769.676:72839): avc:  denied  { open } for  comm="cat" path="/sys/devices/platform/soc/soc:qcom,pmic_glink/soc:qcom,pmic_glink:qcom,battery_charger/power_supply/battery/online" dev="sysfs" ino=141577 scontext=u:r:xsud:s0 tcontext=u:object_r:vendor_sysfs_battery_supply:s0 tclass=file permissive=1
[ 1522.352725] audit: audit_lost=67817 audit_rate_limit=5 audit_backlog_limit=64
[ 1522.352761] audit: rate limit exceeded
[ 1522.352968] type=1400 audit(1785264769.696:72840): avc:  denied  { dac_read_search } for  comm="sh" capability=2  scontext=u:r:xsud:s0 tcontext=u:r:xsud:s0 tclass=capability permissive=1
[ 1523.181718] init: Control message: Could not find 'vendor.qti.diaghal@1.0::Idiag/default' for ctl.interface_start from pid: 754 (/system/bin/hwservicemanager)
[ 1524.184601] init: Control message: Could not find 'vendor.qti.diaghal@1.0::Idiag/default' for ctl.interface_start from pid: 754 (/system/bin/hwservicemanager)
[ 1525.186398] init: Control message: Could not find 'vendor.qti.diaghal@1.0::Idiag/default' for ctl.interface_start from pid: 754 (/system/bin/hwservicemanager)
[ 1526.187866] init: Control message: Could not find 'vendor.qti.diaghal@1.0::Idiag/default' for ctl.interface_start from pid: 754 (/system/bin/hwservicemanager)
[ 1526.265761] healthd: battery l=71 v=8077 t=34.0 h=2 st=3 c=-103457 fc=4162000 cc=0 chg=a
[ 1526.316425] audit: audit_lost=67829 audit_rate_limit=5 audit_backlog_limit=64
[ 1526.316431] audit: rate limit exceeded
[ 1526.320282] type=1400 audit(1785264773.656:72853): avc:  denied  { getattr } for  comm="sh" path="/vendor/bin/tsnv_test" dev="dm-12" ino=495 scontext=u:r:xsud:s0 tcontext=u:object_r:tsnv_test_exec:s0 tclass=file permissive=1
[ 1526.320403] type=1400 audit(1785264773.656:72854): avc:  denied  { execute } for  comm="sh" name="tsnv_test" dev="dm-12" ino=495 scontext=u:r:xsud:s0 tcontext=u:object_r:tsnv_test_exec:s0 tclass=file permissive=1
[ 1526.327287] BATTERY_CHG: battery_psy_set_online: battery_psy_set_online: set online 1
[ 1527.011903] wcd-usbss-i2c-driver 1-000e: wcd_usbss_is_in_reset_state: Surge check #3 failed
[ 1527.190352] init: Control message: Could not find 'vendor.qti.diaghal@1.0::Idiag/default' for ctl.interface_start from pid: 754 (/system/bin/hwservicemanager)
[ 1527.864840] type=1400 audit(1785264775.208:72890): avc:  denied  { syslog } for  comm="dmesg" capability=34  scontext=u:r:xsud:s0 tcontext=u:r:xsud:s0 tclass=capability2 permissive=1
[ 1528.192635] init: Control message: Could not find 'vendor.qti.diaghal@1.0::Idiag/default' for ctl.interface_start from pid: 754 (/system/bin/hwservicemanager)
[ 1529.193695] init: Control message: Could not find 'vendor.qti.diaghal@1.0::Idiag/default' for ctl.interface_start from pid: 754 (/system/bin/hwservicemanager)
[ 1530.196206] init: Control message: Could not find 'vendor.qti.diaghal@1.0::Idiag/default' for ctl.interface_start from pid: 754 (/system/bin/hwservicemanager)
[ 1531.199751] init: Control message: Could not find 'vendor.qti.diaghal@1.0::Idiag/default' for ctl.interface_start from pid: 754 (/system/bin/hwservicemanager)
[ 1532.203306] init: Control message: Could not find 'vendor.qti.diaghal@1.0::Idiag/default' for ctl.interface_start from pid: 754 (/system/bin/hwservicemanager)
[ 1533.206225] init: Control message: Could not find 'vendor.qti.diaghal@1.0::Idiag/default' for ctl.interface_start from pid: 754 (/system/bin/hwservicemanager)
[ 1534.208798] init: Control message: Could not find 'vendor.qti.diaghal@1.0::Idiag/default' for ctl.interface_start from pid: 754 (/system/bin/hwservicemanager)
[ 1535.211867] init: Control message: Could not find 'vendor.qti.diaghal@1.0::Idiag/default' for ctl.interface_start from pid: 754 (/system/bin/hwservicemanager)
[ 1536.214612] init: Control message: Could not find 'vendor.qti.diaghal@1.0::Idiag/default' for ctl.interface_start from pid: 754 (/system/bin/hwservicemanager)
[ 1537.216613] init: Control message: Could not find 'vendor.qti.diaghal@1.0::Idiag/default' for ctl.interface_start from pid: 754 (/system/bin/hwservicemanager)
[ 1537.445733] type=1400 audit(1785264784.788:72891): avc:  denied  { read } for  comm="sh" name="primary" dev="tmpfs" ino=42 scontext=u:r:xsud:s0 tcontext=u:object_r:mnt_user_file:s0 tclass=lnk_file permissive=1
[ 1538.218995] init: Control message: Could not find 'vendor.qti.diaghal@1.0::Idiag/default' for ctl.interface_start from pid: 754 (/system/bin/hwservicemanager)
[ 1539.222109] init: Control message: Could not find 'vendor.qti.diaghal@1.0::Idiag/default' for ctl.interface_start from pid: 754 (/system/bin/hwservicemanager)
[ 1540.223633] init: Control message: Could not find 'vendor.qti.diaghal@1.0::Idiag/default' for ctl.interface_start from pid: 754 (/system/bin/hwservicemanager)
[ 1541.296042] servicemanager: Found vendor.qti.hardware.perf2.IPerf/default in device VINTF manifest.
[ 1541.300830] init: Control message: Could not find 'vendor.qti.diaghal@1.0::Idiag/default' for ctl.interface_start from pid: 754 (/system/bin/hwservicemanager)
[ 1541.300957] init: Control message: Could not find 'vendor.qti.diaghal@1.0::Idiag/default' for ctl.interface_start from pid: 754 (/system/bin/hwservicemanager)
[ 1541.375860] type=1400 audit(1785264788.716:72892): avc:  denied  { read } for  comm="cat" name="gpuclk" dev="sysfs" ino=124210 scontext=u:r:xsud:s0 tcontext=u:object_r:vendor_sysfs_kgsl_gpuclk:s0 tclass=file permissive=1
[ 1541.376188] type=1400 audit(1785264788.716:72893): avc:  denied  { open } for  comm="cat" path="/sys/devices/platform/soc/3d00000.qcom,kgsl-3d0/kgsl/kgsl-3d0/gpuclk" dev="sysfs" ino=124210 scontext=u:r:xsud:s0 tcontext=u:object_r:vendor_sysfs_kgsl_gpuclk:s0 tclass=file permissive=1
[ 1541.399593] type=1400 audit(1785264788.740:72894): avc:  denied  { read } for  comm="cat" name="min_pwrlevel" dev="sysfs" ino=124218 scontext=u:r:xsud:s0 tcontext=u:object_r:vendor_sysfs_kgsl:s0 tclass=file permissive=1
[ 1541.399783] type=1400 audit(1785264788.740:72895): avc:  denied  { open } for  comm="cat" path="/sys/devices/platform/soc/3d00000.qcom,kgsl-3d0/kgsl/kgsl-3d0/min_pwrlevel" dev="sysfs" ino=124218 scontext=u:r:xsud:s0 tcontext=u:object_r:vendor_sysfs_kgsl:s0 tclass=file permissive=1
[ 1541.451186] type=1400 audit(1785264788.792:72896): avc:  denied  { search } for  comm="cat" name="battery" dev="sysfs" ino=141568 scontext=u:r:xsud:s0 tcontext=u:object_r:vendor_sysfs_battery_supply:s0 tclass=dir permissive=1
[ 1541.451290] type=1400 audit(1785264788.792:72897): avc:  denied  { read } for  comm="cat" name="online" dev="sysfs" ino=141577 scontext=u:r:xsud:s0 tcontext=u:object_r:vendor_sysfs_battery_supply:s0 tclass=file permissive=1
[ 1541.451343] type=1400 audit(1785264788.792:72898): avc:  denied  { open } for  comm="cat" path="/sys/devices/platform/soc/soc:qcom,pmic_glink/soc:qcom,pmic_glink:qcom,battery_charger/power_supply/battery/online" dev="sysfs" ino=141577 scontext=u:r:xsud:s0 tcontext=u:object_r:vendor_sysfs_battery_supply:s0 tclass=file permissive=1
[ 1541.467306] audit: audit_lost=67861 audit_rate_limit=5 audit_backlog_limit=64
[ 1541.467345] audit: rate limit exceeded
[ 1541.467684] type=1400 audit(1785264788.808:72899): avc:  denied  { dac_read_search } for  comm="sh" capability=2  scontext=u:r:xsud:s0 tcontext=u:r:xsud:s0 tclass=capability permissive=1
[ 1542.116725] wcd-usbss-i2c-driver 1-000e: wcd_usbss_is_in_reset_state: Surge check #3 failed
[ 1542.305615] init: Control message: Could not find 'vendor.qti.diaghal@1.0::Idiag/default' for ctl.interface_start from pid: 754 (/system/bin/hwservicemanager)
[ 1542.762695] type=1400 audit(1785264790.104:72911): avc:  denied  { read } for  comm="cat" name="gpuclk" dev="sysfs" ino=124210 scontext=u:r:xsud:s0 tcontext=u:object_r:vendor_sysfs_kgsl_gpuclk:s0 tclass=file permissive=1
[ 1542.763024] type=1400 audit(1785264790.104:72912): avc:  denied  { open } for  comm="cat" path="/sys/devices/platform/soc/3d00000.qcom,kgsl-3d0/kgsl/kgsl-3d0/gpuclk" dev="sysfs" ino=124210 scontext=u:r:xsud:s0 tcontext=u:object_r:vendor_sysfs_kgsl_gpuclk:s0 tclass=file permissive=1
[ 1543.308916] init: Control message: Could not find 'vendor.qti.diaghal@1.0::Idiag/default' for ctl.interface_start from pid: 754 (/system/bin/hwservicemanager)
[ 1544.311589] init: Control message: Could not find 'vendor.qti.diaghal@1.0::Idiag/default' for ctl.interface_start from pid: 754 (/system/bin/hwservicemanager)
[ 1545.312259] init: Control message: Could not find 'vendor.qti.diaghal@1.0::Idiag/default' for ctl.interface_start from pid: 754 (/system/bin/hwservicemanager)
[ 1546.317451] init: Control message: Could not find 'vendor.qti.diaghal@1.0::Idiag/default' for ctl.interface_start from pid: 754 (/system/bin/hwservicemanager)
[ 1547.320873] init: Control message: Could not find 'vendor.qti.diaghal@1.0::Idiag/default' for ctl.interface_start from pid: 754 (/system/bin/hwservicemanager)
[ 1548.321617] init: Control message: Could not find 'vendor.qti.diaghal@1.0::Idiag/default' for ctl.interface_start from pid: 754 (/system/bin/hwservicemanager)
[ 1549.323984] init: Control message: Could not find 'vendor.qti.diaghal@1.0::Idiag/default' for ctl.interface_start from pid: 754 (/system/bin/hwservicemanager)
[ 1550.327787] init: Control message: Could not find 'vendor.qti.diaghal@1.0::Idiag/default' for ctl.interface_start from pid: 754 (/system/bin/hwservicemanager)
[ 1551.330704] init: Control message: Could not find 'vendor.qti.diaghal@1.0::Idiag/default' for ctl.interface_start from pid: 754 (/system/bin/hwservicemanager)
[ 1552.332411] init: Control message: Could not find 'vendor.qti.diaghal@1.0::Idiag/default' for ctl.interface_start from pid: 754 (/system/bin/hwservicemanager)
[ 1553.335371] init: Control message: Could not find 'vendor.qti.diaghal@1.0::Idiag/default' for ctl.interface_start from pid: 754 (/system/bin/hwservicemanager)
[ 1554.339069] init: Control message: Could not find 'vendor.qti.diaghal@1.0::Idiag/default' for ctl.interface_start from pid: 754 (/system/bin/hwservicemanager)
[ 1555.342914] init: Control message: Could not find 'vendor.qti.diaghal@1.0::Idiag/default' for ctl.interface_start from pid: 754 (/system/bin/hwservicemanager)
[ 1556.344128] init: Control message: Could not find 'vendor.qti.diaghal@1.0::Idiag/default' for ctl.interface_start from pid: 754 (/system/bin/hwservicemanager)
[ 1557.219720] wcd-usbss-i2c-driver 1-000e: wcd_usbss_is_in_reset_state: Surge check #3 failed
[ 1557.347816] init: Control message: Could not find 'vendor.qti.diaghal@1.0::Idiag/default' for ctl.interface_start from pid: 754 (/system/bin/hwservicemanager)
[ 1558.351212] init: Control message: Could not find 'vendor.qti.diaghal@1.0::Idiag/default' for ctl.interface_start from pid: 754 (/system/bin/hwservicemanager)
[ 1559.352169] init: Control message: Could not find 'vendor.qti.diaghal@1.0::Idiag/default' for ctl.interface_start from pid: 754 (/system/bin/hwservicemanager)
[ 1560.353992] init: Control message: Could not find 'vendor.qti.diaghal@1.0::Idiag/default' for ctl.interface_start from pid: 754 (/system/bin/hwservicemanager)
[ 1561.438053] servicemanager: Found vendor.qti.hardware.perf2.IPerf/default in device VINTF manifest.
[ 1561.447380] init: Control message: Could not find 'vendor.qti.diaghal@1.0::Idiag/default' for ctl.interface_start from pid: 754 (/system/bin/hwservicemanager)
[ 1561.447860] init: Control message: Could not find 'vendor.qti.diaghal@1.0::Idiag/default' for ctl.interface_start from pid: 754 (/system/bin/hwservicemanager)
[ 1561.995865] type=1400 audit(1785264809.336:72913): avc:  denied  { read } for  comm="cat" name="gpuclk" dev="sysfs" ino=124210 scontext=u:r:xsud:s0 tcontext=u:object_r:vendor_sysfs_kgsl_gpuclk:s0 tclass=file permissive=1
[ 1561.996198] type=1400 audit(1785264809.336:72914): avc:  denied  { open } for  comm="cat" path="/sys/devices/platform/soc/3d00000.qcom,kgsl-3d0/kgsl/kgsl-3d0/gpuclk" dev="sysfs" ino=124210 scontext=u:r:xsud:s0 tcontext=u:object_r:vendor_sysfs_kgsl_gpuclk:s0 tclass=file permissive=1
[ 1562.020902] type=1400 audit(1785264809.364:72915): avc:  denied  { read } for  comm="cat" name="min_pwrlevel" dev="sysfs" ino=124218 scontext=u:r:xsud:s0 tcontext=u:object_r:vendor_sysfs_kgsl:s0 tclass=file permissive=1
[ 1562.021070] type=1400 audit(1785264809.364:72916): avc:  denied  { open } for  comm="cat" path="/sys/devices/platform/soc/3d00000.qcom,kgsl-3d0/kgsl/kgsl-3d0/min_pwrlevel" dev="sysfs" ino=124218 scontext=u:r:xsud:s0 tcontext=u:object_r:vendor_sysfs_kgsl:s0 tclass=file permissive=1
[ 1562.062945] type=1400 audit(1785264809.404:72917): avc:  denied  { search } for  comm="cat" name="battery" dev="sysfs" ino=141568 scontext=u:r:xsud:s0 tcontext=u:object_r:vendor_sysfs_battery_supply:s0 tclass=dir permissive=1
[ 1562.063070] type=1400 audit(1785264809.404:72918): avc:  denied  { read } for  comm="cat" name="online" dev="sysfs" ino=141577 scontext=u:r:xsud:s0 tcontext=u:object_r:vendor_sysfs_battery_supply:s0 tclass=file permissive=1
[ 1562.063152] type=1400 audit(1785264809.404:72919): avc:  denied  { open } for  comm="cat" path="/sys/devices/platform/soc/soc:qcom,pmic_glink/soc:qcom,pmic_glink:qcom,battery_charger/power_supply/battery/online" dev="sysfs" ino=141577 scontext=u:r:xsud:s0 tcontext=u:object_r:vendor_sysfs_battery_supply:s0 tclass=file permissive=1
[ 1562.093367] audit: audit_lost=67872 audit_rate_limit=5 audit_backlog_limit=64
[ 1562.093375] audit: rate limit exceeded
[ 1562.093414] type=1400 audit(1785264809.436:72920): avc:  denied  { dac_read_search } for  comm="sh" capability=2  scontext=u:r:xsud:s0 tcontext=u:r:xsud:s0 tclass=capability permissive=1
[ 1562.451194] init: Control message: Could not find 'vendor.qti.diaghal@1.0::Idiag/default' for ctl.interface_start from pid: 754 (/system/bin/hwservicemanager)
[ 1563.452595] init: Control message: Could not find 'vendor.qti.diaghal@1.0::Idiag/default' for ctl.interface_start from pid: 754 (/system/bin/hwservicemanager)
[ 1564.455783] init: Control message: Could not find 'vendor.qti.diaghal@1.0::Idiag/default' for ctl.interface_start from pid: 754 (/system/bin/hwservicemanager)
[ 1565.458353] init: Control message: Could not find 'vendor.qti.diaghal@1.0::Idiag/default' for ctl.interface_start from pid: 754 (/system/bin/hwservicemanager)
[ 1566.461541] init: Control message: Could not find 'vendor.qti.diaghal@1.0::Idiag/default' for ctl.interface_start from pid: 754 (/system/bin/hwservicemanager)
[ 1567.463658] init: Control message: Could not find 'vendor.qti.diaghal@1.0::Idiag/default' for ctl.interface_start from pid: 754 (/system/bin/hwservicemanager)
[ 1568.465491] init: Control message: Could not find 'vendor.qti.diaghal@1.0::Idiag/default' for ctl.interface_start from pid: 754 (/system/bin/hwservicemanager)
[ 1569.469162] init: Control message: Could not find 'vendor.qti.diaghal@1.0::Idiag/default' for ctl.interface_start from pid: 754 (/system/bin/hwservicemanager)
[ 1570.470858] init: Control message: Could not find 'vendor.qti.diaghal@1.0::Idiag/default' for ctl.interface_start from pid: 754 (/system/bin/hwservicemanager)
[ 1571.474343] init: Control message: Could not find 'vendor.qti.diaghal@1.0::Idiag/default' for ctl.interface_start from pid: 754 (/system/bin/hwservicemanager)
[ 1572.323706] wcd-usbss-i2c-driver 1-000e: wcd_usbss_is_in_reset_state: Surge check #3 failed
[ 1572.475008] init: Control message: Could not find 'vendor.qti.diaghal@1.0::Idiag/default' for ctl.interface_start from pid: 754 (/system/bin/hwservicemanager)
[ 1573.072200] type=1400 audit(1785264820.416:72932): avc:  denied  { read } for  comm="dmesg" name="kmsg" dev="tmpfs" ino=5 scontext=u:r:xsud:s0 tcontext=u:object_r:kmsg_device:s0 tclass=chr_file permissive=1
[ 1573.072747] type=1400 audit(1785264820.416:72933): avc:  denied  { open } for  comm="dmesg" path="/dev/kmsg" dev="tmpfs" ino=5 scontext=u:r:xsud:s0 tcontext=u:object_r:kmsg_device:s0 tclass=chr_file permissive=1
[ 1573.478640] init: Control message: Could not find 'vendor.qti.diaghal@1.0::Idiag/default' for ctl.interface_start from pid: 754 (/system/bin/hwservicemanager)
[ 1574.480151] init: Control message: Could not find 'vendor.qti.diaghal@1.0::Idiag/default' for ctl.interface_start from pid: 754 (/system/bin/hwservicemanager)
[ 1575.483603] init: Control message: Could not find 'vendor.qti.diaghal@1.0::Idiag/default' for ctl.interface_start from pid: 754 (/system/bin/hwservicemanager)
[ 1576.486445] init: Control message: Could not find 'vendor.qti.diaghal@1.0::Idiag/default' for ctl.interface_start from pid: 754 (/system/bin/hwservicemanager)
[ 1577.489541] init: Control message: Could not find 'vendor.qti.diaghal@1.0::Idiag/default' for ctl.interface_start from pid: 754 (/system/bin/hwservicemanager)
[ 1578.491256] init: Control message: Could not find 'vendor.qti.diaghal@1.0::Idiag/default' for ctl.interface_start from pid: 754 (/system/bin/hwservicemanager)
[ 1579.494328] init: Control message: Could not find 'vendor.qti.diaghal@1.0::Idiag/default' for ctl.interface_start from pid: 754 (/system/bin/hwservicemanager)
[ 1580.498989] init: Control message: Could not find 'vendor.qti.diaghal@1.0::Idiag/default' for ctl.interface_start from pid: 754 (/system/bin/hwservicemanager)
[ 1581.557614] servicemanager: Found vendor.qti.hardware.perf2.IPerf/default in device VINTF manifest.
[ 1581.561976] init: Control message: Could not find 'vendor.qti.diaghal@1.0::Idiag/default' for ctl.interface_start from pid: 754 (/system/bin/hwservicemanager)
[ 1581.562529] init: Control message: Could not find 'vendor.qti.diaghal@1.0::Idiag/default' for ctl.interface_start from pid: 754 (/system/bin/hwservicemanager)
[ 1582.546306] type=1400 audit(1785264829.888:72934): avc:  denied  { read } for  comm="cat" name="gpuclk" dev="sysfs" ino=124210 scontext=u:r:xsud:s0 tcontext=u:object_r:vendor_sysfs_kgsl_gpuclk:s0 tclass=file permissive=1
[ 1582.546651] type=1400 audit(1785264829.888:72935): avc:  denied  { open } for  comm="cat" path="/sys/devices/platform/soc/3d00000.qcom,kgsl-3d0/kgsl/kgsl-3d0/gpuclk" dev="sysfs" ino=124210 scontext=u:r:xsud:s0 tcontext=u:object_r:vendor_sysfs_kgsl_gpuclk:s0 tclass=file permissive=1
[ 1582.565199] type=1400 audit(1785264829.908:72936): avc:  denied  { read } for  comm="cat" name="min_pwrlevel" dev="sysfs" ino=124218 scontext=u:r:xsud:s0 tcontext=u:object_r:vendor_sysfs_kgsl:s0 tclass=file permissive=1
[ 1582.565590] type=1400 audit(1785264829.908:72937): avc:  denied  { open } for  comm="cat" path="/sys/devices/platform/soc/3d00000.qcom,kgsl-3d0/kgsl/kgsl-3d0/min_pwrlevel" dev="sysfs" ino=124218 scontext=u:r:xsud:s0 tcontext=u:object_r:vendor_sysfs_kgsl:s0 tclass=file permissive=1
[ 1582.566072] init: Control message: Could not find 'vendor.qti.diaghal@1.0::Idiag/default' for ctl.interface_start from pid: 754 (/system/bin/hwservicemanager)
[ 1582.592990] type=1400 audit(1785264829.936:72938): avc:  denied  { search } for  comm="cat" name="battery" dev="sysfs" ino=141568 scontext=u:r:xsud:s0 tcontext=u:object_r:vendor_sysfs_battery_supply:s0 tclass=dir permissive=1
[ 1582.593079] type=1400 audit(1785264829.936:72939): avc:  denied  { read } for  comm="cat" name="online" dev="sysfs" ino=141577 scontext=u:r:xsud:s0 tcontext=u:object_r:vendor_sysfs_battery_supply:s0 tclass=file permissive=1
[ 1582.593130] type=1400 audit(1785264829.936:72940): avc:  denied  { open } for  comm="cat" path="/sys/devices/platform/soc/soc:qcom,pmic_glink/soc:qcom,pmic_glink:qcom,battery_charger/power_supply/battery/online" dev="sysfs" ino=141577 scontext=u:r:xsud:s0 tcontext=u:object_r:vendor_sysfs_battery_supply:s0 tclass=file permissive=1
[ 1582.622995] audit: audit_lost=67883 audit_rate_limit=5 audit_backlog_limit=64
[ 1582.623002] audit: rate limit exceeded
[ 1582.623044] type=1400 audit(1785264829.964:72941): avc:  denied  { dac_read_search } for  comm="sh" capability=2  scontext=u:r:xsud:s0 tcontext=u:r:xsud:s0 tclass=capability permissive=1
[ 1583.568641] init: Control message: Could not find 'vendor.qti.diaghal@1.0::Idiag/default' for ctl.interface_start from pid: 754 (/system/bin/hwservicemanager)
[ 1584.571613] init: Control message: Could not find 'vendor.qti.diaghal@1.0::Idiag/default' for ctl.interface_start from pid: 754 (/system/bin/hwservicemanager)
[ 1585.573863] init: Control message: Could not find 'vendor.qti.diaghal@1.0::Idiag/default' for ctl.interface_start from pid: 754 (/system/bin/hwservicemanager)
[ 1586.269842] healthd: battery l=71 v=8080 t=33.0 h=2 st=3 c=-83315 fc=4162000 cc=0 chg=a
[ 1586.320587] BATTERY_CHG: battery_psy_set_online: battery_psy_set_online: set online 1
[ 1586.320828] type=1400 audit(1785264833.664:72953): avc:  denied  { write } for  comm="sh" name="online" dev="sysfs" ino=141577 scontext=u:r:xsud:s0 tcontext=u:object_r:vendor_sysfs_battery_supply:s0 tclass=file permissive=1
[ 1586.321113] type=1400 audit(1785264833.664:72954): avc:  denied  { getattr } for  comm="sh" path="/vendor/bin/tsnv_test" dev="dm-12" ino=495 scontext=u:r:xsud:s0 tcontext=u:object_r:tsnv_test_exec:s0 tclass=file permissive=1
[ 1586.321650] audit: audit_lost=67894 audit_rate_limit=5 audit_backlog_limit=64
[ 1586.321655] audit: rate limit exceeded
[ 1586.575061] init: Control message: Could not find 'vendor.qti.diaghal@1.0::Idiag/default' for ctl.interface_start from pid: 754 (/system/bin/hwservicemanager)
[ 1587.427593] wcd-usbss-i2c-driver 1-000e: wcd_usbss_is_in_reset_state: Surge check #3 failed
[ 1587.578186] init: Control message: Could not find 'vendor.qti.diaghal@1.0::Idiag/default' for ctl.interface_start from pid: 754 (/system/bin/hwservicemanager)
[ 1588.581912] init: Control message: Could not find 'vendor.qti.diaghal@1.0::Idiag/default' for ctl.interface_start from pid: 754 (/system/bin/hwservicemanager)
[ 1589.584220] init: Control message: Could not find 'vendor.qti.diaghal@1.0::Idiag/default' for ctl.interface_start from pid: 754 (/system/bin/hwservicemanager)
[ 1590.586668] init: Control message: Could not find 'vendor.qti.diaghal@1.0::Idiag/default' for ctl.interface_start from pid: 754 (/system/bin/hwservicemanager)
[ 1591.590900] init: Control message: Could not find 'vendor.qti.diaghal@1.0::Idiag/default' for ctl.interface_start from pid: 754 (/system/bin/hwservicemanager)
[ 1592.594225] init: Control message: Could not find 'vendor.qti.diaghal@1.0::Idiag/default' for ctl.interface_start from pid: 754 (/system/bin/hwservicemanager)
[ 1593.595688] init: Control message: Could not find 'vendor.qti.diaghal@1.0::Idiag/default' for ctl.interface_start from pid: 754 (/system/bin/hwservicemanager)
[ 1594.598975] init: Control message: Could not find 'vendor.qti.diaghal@1.0::Idiag/default' for ctl.interface_start from pid: 754 (/system/bin/hwservicemanager)
[ 1595.601976] init: Control message: Could not find 'vendor.qti.diaghal@1.0::Idiag/default' for ctl.interface_start from pid: 754 (/system/bin/hwservicemanager)
[ 1596.607222] init: Control message: Could not find 'vendor.qti.diaghal@1.0::Idiag/default' for ctl.interface_start from pid: 754 (/system/bin/hwservicemanager)
[ 1597.608882] init: Control message: Could not find 'vendor.qti.diaghal@1.0::Idiag/default' for ctl.interface_start from pid: 754 (/system/bin/hwservicemanager)
[ 1598.611955] init: Control message: Could not find 'vendor.qti.diaghal@1.0::Idiag/default' for ctl.interface_start from pid: 754 (/system/bin/hwservicemanager)
[ 1599.615983] init: Control message: Could not find 'vendor.qti.diaghal@1.0::Idiag/default' for ctl.interface_start from pid: 754 (/system/bin/hwservicemanager)
[ 1600.618888] init: Control message: Could not find 'vendor.qti.diaghal@1.0::Idiag/default' for ctl.interface_start from pid: 754 (/system/bin/hwservicemanager)
[ 1601.620931] init: Control message: Could not find 'vendor.qti.diaghal@1.0::Idiag/default' for ctl.interface_start from pid: 754 (/system/bin/hwservicemanager)
[ 1601.690739] type=1400 audit(1785264849.032:72974): avc:  denied  { read } for  comm="cat" name="gpuclk" dev="sysfs" ino=124210 scontext=u:r:xsud:s0 tcontext=u:object_r:vendor_sysfs_kgsl_gpuclk:s0 tclass=file permissive=1
[ 1601.690869] type=1400 audit(1785264849.032:72975): avc:  denied  { open } for  comm="cat" path="/sys/devices/platform/soc/3d00000.qcom,kgsl-3d0/kgsl/kgsl-3d0/gpuclk" dev="sysfs" ino=124210 scontext=u:r:xsud:s0 tcontext=u:object_r:vendor_sysfs_kgsl_gpuclk:s0 tclass=file permissive=1
[ 1601.697106] type=1400 audit(1785264849.040:72976): avc:  denied  { read } for  comm="cat" name="min_pwrlevel" dev="sysfs" ino=124218 scontext=u:r:xsud:s0 tcontext=u:object_r:vendor_sysfs_kgsl:s0 tclass=file permissive=1
[ 1601.697202] type=1400 audit(1785264849.040:72977): avc:  denied  { open } for  comm="cat" path="/sys/devices/platform/soc/3d00000.qcom,kgsl-3d0/kgsl/kgsl-3d0/min_pwrlevel" dev="sysfs" ino=124218 scontext=u:r:xsud:s0 tcontext=u:object_r:vendor_sysfs_kgsl:s0 tclass=file permissive=1
[ 1601.709058] servicemanager: Found vendor.qti.hardware.perf2.IPerf/default in device VINTF manifest.
[ 1601.709191] audit: audit_lost=67910 audit_rate_limit=5 audit_backlog_limit=64
[ 1601.709193] audit: rate limit exceeded
[ 1601.709443] type=1400 audit(1785264849.052:72978): avc:  denied  { search } for  comm="cat" name="battery" dev="sysfs" ino=141568 scontext=u:r:xsud:s0 tcontext=u:object_r:vendor_sysfs_battery_supply:s0 tclass=dir permissive=1
[ 1601.720707] init: Control message: Could not find 'vendor.qti.diaghal@1.0::Idiag/default' for ctl.interface_start from pid: 754 (/system/bin/hwservicemanager)
[ 1601.720852] init: Control message: Could not find 'vendor.qti.diaghal@1.0::Idiag/default' for ctl.interface_start from pid: 754 (/system/bin/hwservicemanager)
[ 1602.532186] wcd-usbss-i2c-driver 1-000e: wcd_usbss_is_in_reset_state: Surge check #3 failed
[ 1602.723854] init: Control message: Could not find 'vendor.qti.diaghal@1.0::Idiag/default' for ctl.interface_start from pid: 754 (/system/bin/hwservicemanager)
[ 1603.010979] type=1400 audit(1785264850.352:72993): avc:  denied  { read } for  comm="cat" name="gpuclk" dev="sysfs" ino=124210 scontext=u:r:xsud:s0 tcontext=u:object_r:vendor_sysfs_kgsl_gpuclk:s0 tclass=file permissive=1
[ 1603.011268] type=1400 audit(1785264850.352:72994): avc:  denied  { open } for  comm="cat" path="/sys/devices/platform/soc/3d00000.qcom,kgsl-3d0/kgsl/kgsl-3d0/gpuclk" dev="sysfs" ino=124210 scontext=u:r:xsud:s0 tcontext=u:object_r:vendor_sysfs_kgsl_gpuclk:s0 tclass=file permissive=1
[ 1603.087602] type=1400 audit(1785264850.428:72995): avc:  denied  { search } for  comm="cat" name="battery" dev="sysfs" ino=141568 scontext=u:r:xsud:s0 tcontext=u:object_r:vendor_sysfs_battery_supply:s0 tclass=dir permissive=1
[ 1603.726071] init: Control message: Could not find 'vendor.qti.diaghal@1.0::Idiag/default' for ctl.interface_start from pid: 754 (/system/bin/hwservicemanager)
[ 1604.728401] init: Control message: Could not find 'vendor.qti.diaghal@1.0::Idiag/default' for ctl.interface_start from pid: 754 (/system/bin/hwservicemanager)
[ 1605.729828] init: Control message: Could not find 'vendor.qti.diaghal@1.0::Idiag/default' for ctl.interface_start from pid: 754 (/system/bin/hwservicemanager)
[ 1606.732348] init: Control message: Could not find 'vendor.qti.diaghal@1.0::Idiag/default' for ctl.interface_start from pid: 754 (/system/bin/hwservicemanager)
[ 1607.736203] init: Control message: Could not find 'vendor.qti.diaghal@1.0::Idiag/default' for ctl.interface_start from pid: 754 (/system/bin/hwservicemanager)
[ 1608.738371] init: Control message: Could not find 'vendor.qti.diaghal@1.0::Idiag/default' for ctl.interface_start from pid: 754 (/system/bin/hwservicemanager)
[ 1609.740568] init: Control message: Could not find 'vendor.qti.diaghal@1.0::Idiag/default' for ctl.interface_start from pid: 754 (/system/bin/hwservicemanager)
[ 1610.744369] init: Control message: Could not find 'vendor.qti.diaghal@1.0::Idiag/default' for ctl.interface_start from pid: 754 (/system/bin/hwservicemanager)
[ 1611.747225] init: Control message: Could not find 'vendor.qti.diaghal@1.0::Idiag/default' for ctl.interface_start from pid: 754 (/system/bin/hwservicemanager)
[ 1612.703910] type=1400 audit(1785264860.044:72996): avc:  denied  { append } for  comm="sh" name="pulse_20260728_203503_cap_poll.log" dev="fuse" ino=332447 scontext=u:r:xsud:s0 tcontext=u:object_r:fuse:s0 tclass=file permissive=1
[ 1612.705078] type=1400 audit(1785264860.044:72997): avc:  denied  { open } for  comm="sh" path="/storage/emulated/0/apl_pulse_logs/pulse_20260728_203503_cap_poll.log" dev="fuse" ino=332447 scontext=u:r:xsud:s0 tcontext=u:object_r:fuse:s0 tclass=file permissive=1
[ 1612.728789] type=1400 audit(1785264860.072:72998): avc:  denied  { ioctl } for  comm="dmesg" path="/storage/emulated/0/apl_pulse_logs/pulse_20260728_203503_dmesg.log" dev="fuse" ino=332449 ioctlcmd=0x5401 scontext=u:r:xsud:s0 tcontext=u:object_r:fuse:s0 tclass=file permissive=1
[ 1612.748494] init: Control message: Could not find 'vendor.qti.diaghal@1.0::Idiag/default' for ctl.interface_start from pid: 754 (/system/bin/hwservicemanager)
[ 1613.750318] init: Control message: Could not find 'vendor.qti.diaghal@1.0::Idiag/default' for ctl.interface_start from pid: 754 (/system/bin/hwservicemanager)
[ 1614.753898] init: Control message: Could not find 'vendor.qti.diaghal@1.0::Idiag/default' for ctl.interface_start from pid: 754 (/system/bin/hwservicemanager)
[ 1615.756917] init: Control message: Could not find 'vendor.qti.diaghal@1.0::Idiag/default' for ctl.interface_start from pid: 754 (/system/bin/hwservicemanager)
[ 1616.758474] init: Control message: Could not find 'vendor.qti.diaghal@1.0::Idiag/default' for ctl.interface_start from pid: 754 (/system/bin/hwservicemanager)
[ 1617.635870] wcd-usbss-i2c-driver 1-000e: wcd_usbss_is_in_reset_state: Surge check #3 failed
[ 1617.762175] init: Control message: Could not find 'vendor.qti.diaghal@1.0::Idiag/default' for ctl.interface_start from pid: 754 (/system/bin/hwservicemanager)
[ 1618.766405] init: Control message: Could not find 'vendor.qti.diaghal@1.0::Idiag/default' for ctl.interface_start from pid: 754 (/system/bin/hwservicemanager)
[ 1619.770306] init: Control message: Could not find 'vendor.qti.diaghal@1.0::Idiag/default' for ctl.interface_start from pid: 754 (/system/bin/hwservicemanager)
[ 1620.771167] init: Control message: Could not find 'vendor.qti.diaghal@1.0::Idiag/default' for ctl.interface_start from pid: 754 (/system/bin/hwservicemanager)
[ 1621.771468] init: Control message: Could not find 'vendor.qti.diaghal@1.0::Idiag/default' for ctl.interface_start from pid: 754 (/system/bin/hwservicemanager)
[ 1621.864646] servicemanager: Found vendor.qti.hardware.perf2.IPerf/default in device VINTF manifest.
[ 1621.868735] init: Control message: Could not find 'vendor.qti.diaghal@1.0::Idiag/default' for ctl.interface_start from pid: 754 (/system/bin/hwservicemanager)
[ 1621.868910] init: Control message: Could not find 'vendor.qti.diaghal@1.0::Idiag/default' for ctl.interface_start from pid: 754 (/system/bin/hwservicemanager)
[ 1622.277109] type=1400 audit(1785264869.620:72999): avc:  denied  { read } for  comm="cat" name="gpuclk" dev="sysfs" ino=124210 scontext=u:r:xsud:s0 tcontext=u:object_r:vendor_sysfs_kgsl_gpuclk:s0 tclass=file permissive=1
[ 1622.277433] type=1400 audit(1785264869.620:73000): avc:  denied  { open } for  comm="cat" path="/sys/devices/platform/soc/3d00000.qcom,kgsl-3d0/kgsl/kgsl-3d0/gpuclk" dev="sysfs" ino=124210 scontext=u:r:xsud:s0 tcontext=u:object_r:vendor_sysfs_kgsl_gpuclk:s0 tclass=file permissive=1
[ 1622.310150] type=1400 audit(1785264869.652:73001): avc:  denied  { read } for  comm="cat" name="min_pwrlevel" dev="sysfs" ino=124218 scontext=u:r:xsud:s0 tcontext=u:object_r:vendor_sysfs_kgsl:s0 tclass=file permissive=1
[ 1622.310358] type=1400 audit(1785264869.652:73002): avc:  denied  { open } for  comm="cat" path="/sys/devices/platform/soc/3d00000.qcom,kgsl-3d0/kgsl/kgsl-3d0/min_pwrlevel" dev="sysfs" ino=124218 scontext=u:r:xsud:s0 tcontext=u:object_r:vendor_sysfs_kgsl:s0 tclass=file permissive=1
[ 1622.353091] type=1400 audit(1785264869.696:73003): avc:  denied  { search } for  comm="cat" name="battery" dev="sysfs" ino=141568 scontext=u:r:xsud:s0 tcontext=u:object_r:vendor_sysfs_battery_supply:s0 tclass=dir permissive=1
[ 1622.353221] type=1400 audit(1785264869.696:73004): avc:  denied  { read } for  comm="cat" name="online" dev="sysfs" ino=141577 scontext=u:r:xsud:s0 tcontext=u:object_r:vendor_sysfs_battery_supply:s0 tclass=file permissive=1
[ 1622.353284] type=1400 audit(1785264869.696:73005): avc:  denied  { open } for  comm="cat" path="/sys/devices/platform/soc/soc:qcom,pmic_glink/soc:qcom,pmic_glink:qcom,battery_charger/power_supply/battery/online" dev="sysfs" ino=141577 scontext=u:r:xsud:s0 tcontext=u:object_r:vendor_sysfs_battery_supply:s0 tclass=file permissive=1
[ 1622.370979] audit: audit_lost=67924 audit_rate_limit=5 audit_backlog_limit=64
[ 1622.371016] audit: rate limit exceeded
[ 1622.371155] type=1400 audit(1785264869.712:73006): avc:  denied  { dac_read_search } for  comm="sh" capability=2  scontext=u:r:xsud:s0 tcontext=u:r:xsud:s0 tclass=capability permissive=1
[ 1622.372079] type=1400 audit(1785264869.712:73007): avc:  denied  { search } for  comm="sh" name="0" dev="tmpfs" ino=12 scontext=u:r:xsud:s0 tcontext=u:object_r:mnt_user_file:s0 tclass=dir permissive=1
[ 1622.873381] init: Control message: Could not find 'vendor.qti.diaghal@1.0::Idiag/default' for ctl.interface_start from pid: 754 (/system/bin/hwservicemanager)
[ 1623.879191] init: Control message: Could not find 'vendor.qti.diaghal@1.0::Idiag/default' for ctl.interface_start from pid: 754 (/system/bin/hwservicemanager)
[ 1624.879689] init: Control message: Could not find 'vendor.qti.diaghal@1.0::Idiag/default' for ctl.interface_start from pid: 754 (/system/bin/hwservicemanager)
[ 1625.882494] init: Control message: Could not find 'vendor.qti.diaghal@1.0::Idiag/default' for ctl.interface_start from pid: 754 (/system/bin/hwservicemanager)
[ 1626.886080] init: Control message: Could not find 'vendor.qti.diaghal@1.0::Idiag/default' for ctl.interface_start from pid: 754 (/system/bin/hwservicemanager)
[ 1627.887217] init: Control message: Could not find 'vendor.qti.diaghal@1.0::Idiag/default' for ctl.interface_start from pid: 754 (/system/bin/hwservicemanager)
[ 1628.889583] init: Control message: Could not find 'vendor.qti.diaghal@1.0::Idiag/default' for ctl.interface_start from pid: 754 (/system/bin/hwservicemanager)
[ 1629.892042] init: Control message: Could not find 'vendor.qti.diaghal@1.0::Idiag/default' for ctl.interface_start from pid: 754 (/system/bin/hwservicemanager)
[ 1630.627539] type=1400 audit(1785264877.968:73018): avc:  denied  { read } for  comm="cat" name="online" dev="sysfs" ino=141577 scontext=u:r:xsud:s0 tcontext=u:object_r:vendor_sysfs_battery_supply:s0 tclass=file permissive=1
[ 1630.627826] type=1400 audit(1785264877.968:73019): avc:  denied  { open } for  comm="cat" path="/sys/devices/platform/soc/soc:qcom,pmic_glink/soc:qcom,pmic_glink:qcom,battery_charger/power_supply/battery/online" dev="sysfs" ino=141577 scontext=u:r:xsud:s0 tcontext=u:object_r:vendor_sysfs_battery_supply:s0 tclass=file permissive=1
[ 1630.895307] init: Control message: Could not find 'vendor.qti.diaghal@1.0::Idiag/default' for ctl.interface_start from pid: 754 (/system/bin/hwservicemanager)
[ 1631.897396] init: Control message: Could not find 'vendor.qti.diaghal@1.0::Idiag/default' for ctl.interface_start from pid: 754 (/system/bin/hwservicemanager)
[ 1632.739796] wcd-usbss-i2c-driver 1-000e: wcd_usbss_is_in_reset_state: Surge check #3 failed
[ 1632.900929] init: Control message: Could not find 'vendor.qti.diaghal@1.0::Idiag/default' for ctl.interface_start from pid: 754 (/system/bin/hwservicemanager)
[ 1633.903759] init: Control message: Could not find 'vendor.qti.diaghal@1.0::Idiag/default' for ctl.interface_start from pid: 754 (/system/bin/hwservicemanager)
[ 1634.906238] init: Control message: Could not find 'vendor.qti.diaghal@1.0::Idiag/default' for ctl.interface_start from pid: 754 (/system/bin/hwservicemanager)
[ 1635.906848] init: Control message: Could not find 'vendor.qti.diaghal@1.0::Idiag/default' for ctl.interface_start from pid: 754 (/system/bin/hwservicemanager)
[ 1636.910535] init: Control message: Could not find 'vendor.qti.diaghal@1.0::Idiag/default' for ctl.interface_start from pid: 754 (/system/bin/hwservicemanager)
[ 1637.913615] init: Control message: Could not find 'vendor.qti.diaghal@1.0::Idiag/default' for ctl.interface_start from pid: 754 (/system/bin/hwservicemanager)
[ 1638.916460] init: Control message: Could not find 'vendor.qti.diaghal@1.0::Idiag/default' for ctl.interface_start from pid: 754 (/system/bin/hwservicemanager)
[ 1639.919906] init: Control message: Could not find 'vendor.qti.diaghal@1.0::Idiag/default' for ctl.interface_start from pid: 754 (/system/bin/hwservicemanager)
[ 1640.923319] init: Control message: Could not find 'vendor.qti.diaghal@1.0::Idiag/default' for ctl.interface_start from pid: 754 (/system/bin/hwservicemanager)
[ 1641.924313] init: Control message: Could not find 'vendor.qti.diaghal@1.0::Idiag/default' for ctl.interface_start from pid: 754 (/system/bin/hwservicemanager)
[ 1642.041837] servicemanager: Found vendor.qti.hardware.perf2.IPerf/default in device VINTF manifest.
[ 1642.045512] init: Control message: Could not find 'vendor.qti.diaghal@1.0::Idiag/default' for ctl.interface_start from pid: 754 (/system/bin/hwservicemanager)
[ 1642.046247] init: Control message: Could not find 'vendor.qti.diaghal@1.0::Idiag/default' for ctl.interface_start from pid: 754 (/system/bin/hwservicemanager)
[ 1642.899090] type=1400 audit(1785264890.240:73020): avc:  denied  { read } for  comm="cat" name="gpuclk" dev="sysfs" ino=124210 scontext=u:r:xsud:s0 tcontext=u:object_r:vendor_sysfs_kgsl_gpuclk:s0 tclass=file permissive=1
[ 1642.899335] type=1400 audit(1785264890.240:73021): avc:  denied  { open } for  comm="cat" path="/sys/devices/platform/soc/3d00000.qcom,kgsl-3d0/kgsl/kgsl-3d0/gpuclk" dev="sysfs" ino=124210 scontext=u:r:xsud:s0 tcontext=u:object_r:vendor_sysfs_kgsl_gpuclk:s0 tclass=file permissive=1
[ 1642.914590] type=1400 audit(1785264890.256:73022): avc:  denied  { read } for  comm="cat" name="min_pwrlevel" dev="sysfs" ino=124218 scontext=u:r:xsud:s0 tcontext=u:object_r:vendor_sysfs_kgsl:s0 tclass=file permissive=1
[ 1642.914713] type=1400 audit(1785264890.256:73023): avc:  denied  { open } for  comm="cat" path="/sys/devices/platform/soc/3d00000.qcom,kgsl-3d0/kgsl/kgsl-3d0/min_pwrlevel" dev="sysfs" ino=124218 scontext=u:r:xsud:s0 tcontext=u:object_r:vendor_sysfs_kgsl:s0 tclass=file permissive=1
[ 1642.957165] type=1400 audit(1785264890.300:73024): avc:  denied  { search } for  comm="cat" name="battery" dev="sysfs" ino=141568 scontext=u:r:xsud:s0 tcontext=u:object_r:vendor_sysfs_battery_supply:s0 tclass=dir permissive=1
[ 1642.957282] type=1400 audit(1785264890.300:73025): avc:  denied  { read } for  comm="cat" name="online" dev="sysfs" ino=141577 scontext=u:r:xsud:s0 tcontext=u:object_r:vendor_sysfs_battery_supply:s0 tclass=file permissive=1
[ 1642.957353] type=1400 audit(1785264890.300:73026): avc:  denied  { open } for  comm="cat" path="/sys/devices/platform/soc/soc:qcom,pmic_glink/soc:qcom,pmic_glink:qcom,battery_charger/power_supply/battery/online" dev="sysfs" ino=141577 scontext=u:r:xsud:s0 tcontext=u:object_r:vendor_sysfs_battery_supply:s0 tclass=file permissive=1
[ 1642.975264] audit: audit_lost=67934 audit_rate_limit=5 audit_backlog_limit=64
[ 1642.975284] audit: rate limit exceeded
[ 1642.975837] type=1400 audit(1785264890.316:73027): avc:  denied  { dac_read_search } for  comm="sh" capability=2  scontext=u:r:xsud:s0 tcontext=u:r:xsud:s0 tclass=capability permissive=1
[ 1643.051032] init: Control message: Could not find 'vendor.qti.diaghal@1.0::Idiag/default' for ctl.interface_start from pid: 754 (/system/bin/hwservicemanager)
[ 1644.054117] init: Control message: Could not find 'vendor.qti.diaghal@1.0::Idiag/default' for ctl.interface_start from pid: 754 (/system/bin/hwservicemanager)
[ 1645.056181] init: Control message: Could not find 'vendor.qti.diaghal@1.0::Idiag/default' for ctl.interface_start from pid: 754 (/system/bin/hwservicemanager)
[ 1646.058266] init: Control message: Could not find 'vendor.qti.diaghal@1.0::Idiag/default' for ctl.interface_start from pid: 754 (/system/bin/hwservicemanager)
[ 1646.268897] healthd: battery l=71 v=8078 t=33.0 h=2 st=3 c=-88808 fc=4162000 cc=0 chg=a
[ 1646.314945] type=1400 audit(1785264893.656:73039): avc:  denied  { getattr } for  comm="sh" path="/vendor/bin/tsnv_test" dev="dm-12" ino=495 scontext=u:r:xsud:s0 tcontext=u:object_r:tsnv_test_exec:s0 tclass=file permissive=1
[ 1646.315129] type=1400 audit(1785264893.656:73040): avc:  denied  { execute } for  comm="sh" name="tsnv_test" dev="dm-12" ino=495 scontext=u:r:xsud:s0 tcontext=u:object_r:tsnv_test_exec:s0 tclass=file permissive=1
[ 1646.315791] audit: audit_lost=67945 audit_rate_limit=5 audit_backlog_limit=64
[ 1646.315796] audit: rate limit exceeded
[ 1646.315980] BATTERY_CHG: battery_psy_set_online: battery_psy_set_online: set online 1
[ 1647.061397] init: Control message: Could not find 'vendor.qti.diaghal@1.0::Idiag/default' for ctl.interface_start from pid: 754 (/system/bin/hwservicemanager)
[ 1647.843762] wcd-usbss-i2c-driver 1-000e: wcd_usbss_is_in_reset_state: Surge check #3 failed
[ 1648.063345] init: Control message: Could not find 'vendor.qti.diaghal@1.0::Idiag/default' for ctl.interface_start from pid: 754 (/system/bin/hwservicemanager)
[ 1649.067117] init: Control message: Could not find 'vendor.qti.diaghal@1.0::Idiag/default' for ctl.interface_start from pid: 754 (/system/bin/hwservicemanager)
[ 1650.070025] init: Control message: Could not find 'vendor.qti.diaghal@1.0::Idiag/default' for ctl.interface_start from pid: 754 (/system/bin/hwservicemanager)
[ 1651.070616] init: Control message: Could not find 'vendor.qti.diaghal@1.0::Idiag/default' for ctl.interface_start from pid: 754 (/system/bin/hwservicemanager)
[ 1652.073889] init: Control message: Could not find 'vendor.qti.diaghal@1.0::Idiag/default' for ctl.interface_start from pid: 754 (/system/bin/hwservicemanager)
[ 1653.079371] init: Control message: Could not find 'vendor.qti.diaghal@1.0::Idiag/default' for ctl.interface_start from pid: 754 (/system/bin/hwservicemanager)
[ 1654.082175] init: Control message: Could not find 'vendor.qti.diaghal@1.0::Idiag/default' for ctl.interface_start from pid: 754 (/system/bin/hwservicemanager)
[ 1655.084229] init: Control message: Could not find 'vendor.qti.diaghal@1.0::Idiag/default' for ctl.interface_start from pid: 754 (/system/bin/hwservicemanager)
[ 1656.087234] init: Control message: Could not find 'vendor.qti.diaghal@1.0::Idiag/default' for ctl.interface_start from pid: 754 (/system/bin/hwservicemanager)
[ 1657.091049] init: Control message: Could not find 'vendor.qti.diaghal@1.0::Idiag/default' for ctl.interface_start from pid: 754 (/system/bin/hwservicemanager)
[ 1658.092621] init: Control message: Could not find 'vendor.qti.diaghal@1.0::Idiag/default' for ctl.interface_start from pid: 754 (/system/bin/hwservicemanager)
[ 1659.094761] init: Control message: Could not find 'vendor.qti.diaghal@1.0::Idiag/default' for ctl.interface_start from pid: 754 (/system/bin/hwservicemanager)
[ 1660.098389] init: Control message: Could not find 'vendor.qti.diaghal@1.0::Idiag/default' for ctl.interface_start from pid: 754 (/system/bin/hwservicemanager)
[ 1661.102006] init: Control message: Could not find 'vendor.qti.diaghal@1.0::Idiag/default' for ctl.interface_start from pid: 754 (/system/bin/hwservicemanager)
[ 1662.102427] init: Control message: Could not find 'vendor.qti.diaghal@1.0::Idiag/default' for ctl.interface_start from pid: 754 (/system/bin/hwservicemanager)
[ 1662.139913] type=1400 audit(1785264909.480:73064): avc:  denied  { search } for  comm="cat" name="battery" dev="sysfs" ino=141568 scontext=u:r:xsud:s0 tcontext=u:object_r:vendor_sysfs_battery_supply:s0 tclass=dir permissive=1
[ 1662.140431] type=1400 audit(1785264909.480:73065): avc:  denied  { read } for  comm="cat" name="online" dev="sysfs" ino=141577 scontext=u:r:xsud:s0 tcontext=u:object_r:vendor_sysfs_battery_supply:s0 tclass=file permissive=1
[ 1662.140784] type=1400 audit(1785264909.480:73066): avc:  denied  { open } for  comm="cat" path="/sys/devices/platform/soc/soc:qcom,pmic_glink/soc:qcom,pmic_glink:qcom,battery_charger/power_supply/battery/online" dev="sysfs" ino=141577 scontext=u:r:xsud:s0 tcontext=u:object_r:vendor_sysfs_battery_supply:s0 tclass=file permissive=1
[ 1662.162070] audit: audit_lost=67965 audit_rate_limit=5 audit_backlog_limit=64
[ 1662.162077] audit: rate limit exceeded
[ 1662.162254] type=1400 audit(1785264909.504:73067): avc:  denied  { dac_read_search } for  comm="sh" capability=2  scontext=u:r:xsud:s0 tcontext=u:r:xsud:s0 tclass=capability permissive=1
[ 1662.162464] type=1400 audit(1785264909.504:73068): avc:  denied  { search } for  comm="sh" name="0" dev="tmpfs" ino=12 scontext=u:r:xsud:s0 tcontext=u:object_r:mnt_user_file:s0 tclass=dir permissive=1
[ 1662.179542] servicemanager: Found vendor.qti.hardware.perf2.IPerf/default in device VINTF manifest.
[ 1662.184168] init: Control message: Could not find 'vendor.qti.diaghal@1.0::Idiag/default' for ctl.interface_start from pid: 754 (/system/bin/hwservicemanager)
[ 1662.184309] init: Control message: Could not find 'vendor.qti.diaghal@1.0::Idiag/default' for ctl.interface_start from pid: 754 (/system/bin/hwservicemanager)
[ 1662.948105] wcd-usbss-i2c-driver 1-000e: wcd_usbss_is_in_reset_state: Surge check #3 failed
[ 1663.185929] init: Control message: Could not find 'vendor.qti.diaghal@1.0::Idiag/default' for ctl.interface_start from pid: 754 (/system/bin/hwservicemanager)
[ 1663.425346] type=1400 audit(1785264910.768:73078): avc:  denied  { read } for  comm="cat" name="gpuclk" dev="sysfs" ino=124210 scontext=u:r:xsud:s0 tcontext=u:object_r:vendor_sysfs_kgsl_gpuclk:s0 tclass=file permissive=1
[ 1663.425764] type=1400 audit(1785264910.768:73079): avc:  denied  { open } for  comm="cat" path="/sys/devices/platform/soc/3d00000.qcom,kgsl-3d0/kgsl/kgsl-3d0/gpuclk" dev="sysfs" ino=124210 scontext=u:r:xsud:s0 tcontext=u:object_r:vendor_sysfs_kgsl_gpuclk:s0 tclass=file permissive=1
[ 1663.452033] type=1400 audit(1785264910.796:73080): avc:  denied  { read } for  comm="cat" name="min_pwrlevel" dev="sysfs" ino=124218 scontext=u:r:xsud:s0 tcontext=u:object_r:vendor_sysfs_kgsl:s0 tclass=file permissive=1
[ 1663.452277] type=1400 audit(1785264910.796:73081): avc:  denied  { open } for  comm="cat" path="/sys/devices/platform/soc/3d00000.qcom,kgsl-3d0/kgsl/kgsl-3d0/min_pwrlevel" dev="sysfs" ino=124218 scontext=u:r:xsud:s0 tcontext=u:object_r:vendor_sysfs_kgsl:s0 tclass=file permissive=1
[ 1663.502171] type=1400 audit(1785264910.844:73082): avc:  denied  { search } for  comm="cat" name="battery" dev="sysfs" ino=141568 scontext=u:r:xsud:s0 tcontext=u:object_r:vendor_sysfs_battery_supply:s0 tclass=dir permissive=1
[ 1663.527009] audit: audit_lost=67974 audit_rate_limit=5 audit_backlog_limit=64
[ 1663.527017] audit: rate limit exceeded
[ 1664.188527] init: Control message: Could not find 'vendor.qti.diaghal@1.0::Idiag/default' for ctl.interface_start from pid: 754 (/system/bin/hwservicemanager)
[ 1665.191664] init: Control message: Could not find 'vendor.qti.diaghal@1.0::Idiag/default' for ctl.interface_start from pid: 754 (/system/bin/hwservicemanager)
[ 1666.192788] init: Control message: Could not find 'vendor.qti.diaghal@1.0::Idiag/default' for ctl.interface_start from pid: 754 (/system/bin/hwservicemanager)
[ 1667.194931] init: Control message: Could not find 'vendor.qti.diaghal@1.0::Idiag/default' for ctl.interface_start from pid: 754 (/system/bin/hwservicemanager)
[ 1668.198128] init: Control message: Could not find 'vendor.qti.diaghal@1.0::Idiag/default' for ctl.interface_start from pid: 754 (/system/bin/hwservicemanager)
[ 1669.200954] init: Control message: Could not find 'vendor.qti.diaghal@1.0::Idiag/default' for ctl.interface_start from pid: 754 (/system/bin/hwservicemanager)
[ 1670.203189] init: Control message: Could not find 'vendor.qti.diaghal@1.0::Idiag/default' for ctl.interface_start from pid: 754 (/system/bin/hwservicemanager)
[ 1671.205496] init: Control message: Could not find 'vendor.qti.diaghal@1.0::Idiag/default' for ctl.interface_start from pid: 754 (/system/bin/hwservicemanager)
[ 1672.209221] init: Control message: Could not find 'vendor.qti.diaghal@1.0::Idiag/default' for ctl.interface_start from pid: 754 (/system/bin/hwservicemanager)
[ 1673.211701] init: Control message: Could not find 'vendor.qti.diaghal@1.0::Idiag/default' for ctl.interface_start from pid: 754 (/system/bin/hwservicemanager)
[ 1674.213745] init: Control message: Could not find 'vendor.qti.diaghal@1.0::Idiag/default' for ctl.interface_start from pid: 754 (/system/bin/hwservicemanager)
[ 1675.218022] init: Control message: Could not find 'vendor.qti.diaghal@1.0::Idiag/default' for ctl.interface_start from pid: 754 (/system/bin/hwservicemanager)
[ 1676.219311] init: Control message: Could not find 'vendor.qti.diaghal@1.0::Idiag/default' for ctl.interface_start from pid: 754 (/system/bin/hwservicemanager)
[ 1677.221880] init: Control message: Could not find 'vendor.qti.diaghal@1.0::Idiag/default' for ctl.interface_start from pid: 754 (/system/bin/hwservicemanager)
[ 1678.051816] wcd-usbss-i2c-driver 1-000e: wcd_usbss_is_in_reset_state: Surge check #3 failed
[ 1678.227683] init: Control message: Could not find 'vendor.qti.diaghal@1.0::Idiag/default' for ctl.interface_start from pid: 754 (/system/bin/hwservicemanager)
[ 1679.228973] init: Control message: Could not find 'vendor.qti.diaghal@1.0::Idiag/default' for ctl.interface_start from pid: 754 (/system/bin/hwservicemanager)
[ 1680.232860] init: Control message: Could not find 'vendor.qti.diaghal@1.0::Idiag/default' for ctl.interface_start from pid: 754 (/system/bin/hwservicemanager)
[ 1681.237292] init: Control message: Could not find 'vendor.qti.diaghal@1.0::Idiag/default' for ctl.interface_start from pid: 754 (/system/bin/hwservicemanager)
[ 1682.238360] init: Control message: Could not find 'vendor.qti.diaghal@1.0::Idiag/default' for ctl.interface_start from pid: 754 (/system/bin/hwservicemanager)
[ 1682.309091] servicemanager: Found vendor.qti.hardware.perf2.IPerf/default in device VINTF manifest.
[ 1682.313344] init: Control message: Could not find 'vendor.qti.diaghal@1.0::Idiag/default' for ctl.interface_start from pid: 754 (/system/bin/hwservicemanager)
[ 1682.313559] init: Control message: Could not find 'vendor.qti.diaghal@1.0::Idiag/default' for ctl.interface_start from pid: 754 (/system/bin/hwservicemanager)
[ 1683.224904] type=1400 audit(1785264930.568:73086): avc:  denied  { read } for  comm="cat" name="gpuclk" dev="sysfs" ino=124210 scontext=u:r:xsud:s0 tcontext=u:object_r:vendor_sysfs_kgsl_gpuclk:s0 tclass=file permissive=1
[ 1683.225549] type=1400 audit(1785264930.568:73087): avc:  denied  { open } for  comm="cat" path="/sys/devices/platform/soc/3d00000.qcom,kgsl-3d0/kgsl/kgsl-3d0/gpuclk" dev="sysfs" ino=124210 scontext=u:r:xsud:s0 tcontext=u:object_r:vendor_sysfs_kgsl_gpuclk:s0 tclass=file permissive=1
[ 1683.233782] type=1400 audit(1785264930.576:73088): avc:  denied  { read } for  comm="cat" name="min_pwrlevel" dev="sysfs" ino=124218 scontext=u:r:xsud:s0 tcontext=u:object_r:vendor_sysfs_kgsl:s0 tclass=file permissive=1
[ 1683.234188] type=1400 audit(1785264930.576:73089): avc:  denied  { open } for  comm="cat" path="/sys/devices/platform/soc/3d00000.qcom,kgsl-3d0/kgsl/kgsl-3d0/min_pwrlevel" dev="sysfs" ino=124218 scontext=u:r:xsud:s0 tcontext=u:object_r:vendor_sysfs_kgsl:s0 tclass=file permissive=1
[ 1683.256834] audit: audit_lost=67977 audit_rate_limit=5 audit_backlog_limit=64
[ 1683.256838] audit: rate limit exceeded
[ 1683.257361] type=1400 audit(1785264930.600:73090): avc:  denied  { search } for  comm="cat" name="battery" dev="sysfs" ino=141568 scontext=u:r:xsud:s0 tcontext=u:object_r:vendor_sysfs_battery_supply:s0 tclass=dir permissive=1
[ 1683.317881] init: Control message: Could not find 'vendor.qti.diaghal@1.0::Idiag/default' for ctl.interface_start from pid: 754 (/system/bin/hwservicemanager)
[ 1684.319472] init: Control message: Could not find 'vendor.qti.diaghal@1.0::Idiag/default' for ctl.interface_start from pid: 754 (/system/bin/hwservicemanager)
[ 1685.323041] init: Control message: Could not find 'vendor.qti.diaghal@1.0::Idiag/default' for ctl.interface_start from pid: 754 (/system/bin/hwservicemanager)
[ 1686.325371] init: Control message: Could not find 'vendor.qti.diaghal@1.0::Idiag/default' for ctl.interface_start from pid: 754 (/system/bin/hwservicemanager)
[ 1687.328082] init: Control message: Could not find 'vendor.qti.diaghal@1.0::Idiag/default' for ctl.interface_start from pid: 754 (/system/bin/hwservicemanager)
[ 1688.330397] init: Control message: Could not find 'vendor.qti.diaghal@1.0::Idiag/default' for ctl.interface_start from pid: 754 (/system/bin/hwservicemanager)
[ 1689.330661] init: Control message: Could not find 'vendor.qti.diaghal@1.0::Idiag/default' for ctl.interface_start from pid: 754 (/system/bin/hwservicemanager)
[ 1690.334669] init: Control message: Could not find 'vendor.qti.diaghal@1.0::Idiag/default' for ctl.interface_start from pid: 754 (/system/bin/hwservicemanager)
[ 1691.338215] init: Control message: Could not find 'vendor.qti.diaghal@1.0::Idiag/default' for ctl.interface_start from pid: 754 (/system/bin/hwservicemanager)
[ 1692.340772] init: Control message: Could not find 'vendor.qti.diaghal@1.0::Idiag/default' for ctl.interface_start from pid: 754 (/system/bin/hwservicemanager)
[ 1693.154747] wcd-usbss-i2c-driver 1-000e: wcd_usbss_is_in_reset_state: Surge check #3 failed
[ 1693.343889] init: Control message: Could not find 'vendor.qti.diaghal@1.0::Idiag/default' for ctl.interface_start from pid: 754 (/system/bin/hwservicemanager)
[ 1694.344671] init: Control message: Could not find 'vendor.qti.diaghal@1.0::Idiag/default' for ctl.interface_start from pid: 754 (/system/bin/hwservicemanager)
[ 1695.347751] init: Control message: Could not find 'vendor.qti.diaghal@1.0::Idiag/default' for ctl.interface_start from pid: 754 (/system/bin/hwservicemanager)
[ 1696.350591] init: Control message: Could not find 'vendor.qti.diaghal@1.0::Idiag/default' for ctl.interface_start from pid: 754 (/system/bin/hwservicemanager)
[ 1697.352846] init: Control message: Could not find 'vendor.qti.diaghal@1.0::Idiag/default' for ctl.interface_start from pid: 754 (/system/bin/hwservicemanager)
[ 1698.354581] init: Control message: Could not find 'vendor.qti.diaghal@1.0::Idiag/default' for ctl.interface_start from pid: 754 (/system/bin/hwservicemanager)
[ 1699.357303] init: Control message: Could not find 'vendor.qti.diaghal@1.0::Idiag/default' for ctl.interface_start from pid: 754 (/system/bin/hwservicemanager)
[ 1700.360562] init: Control message: Could not find 'vendor.qti.diaghal@1.0::Idiag/default' for ctl.interface_start from pid: 754 (/system/bin/hwservicemanager)
[ 1701.363352] init: Control message: Could not find 'vendor.qti.diaghal@1.0::Idiag/default' for ctl.interface_start from pid: 754 (/system/bin/hwservicemanager)
[ 1702.315964] type=1400 audit(1785264949.660:73101): avc:  denied  { syslog_read } for  comm="dmesg" scontext=u:r:xsud:s0 tcontext=u:r:kernel:s0 tclass=system permissive=1
[ 1702.364575] init: Control message: Could not find 'vendor.qti.diaghal@1.0::Idiag/default' for ctl.interface_start from pid: 754 (/system/bin/hwservicemanager)
[ 1702.441177] servicemanager: Found vendor.qti.hardware.perf2.IPerf/default in device VINTF manifest.
[ 1702.446860] init: Control message: Could not find 'vendor.qti.diaghal@1.0::Idiag/default' for ctl.interface_start from pid: 754 (/system/bin/hwservicemanager)
[ 1702.447332] init: Control message: Could not find 'vendor.qti.diaghal@1.0::Idiag/default' for ctl.interface_start from pid: 754 (/system/bin/hwservicemanager)
[ 1703.450420] init: Control message: Could not find 'vendor.qti.diaghal@1.0::Idiag/default' for ctl.interface_start from pid: 754 (/system/bin/hwservicemanager)
[ 1703.576922] type=1400 audit(1785264950.920:73103): avc:  denied  { read } for  comm="cat" name="gpuclk" dev="sysfs" ino=124210 scontext=u:r:xsud:s0 tcontext=u:object_r:vendor_sysfs_kgsl_gpuclk:s0 tclass=file permissive=1
[ 1703.577263] type=1400 audit(1785264950.920:73104): avc:  denied  { open } for  comm="cat" path="/sys/devices/platform/soc/3d00000.qcom,kgsl-3d0/kgsl/kgsl-3d0/gpuclk" dev="sysfs" ino=124210 scontext=u:r:xsud:s0 tcontext=u:object_r:vendor_sysfs_kgsl_gpuclk:s0 tclass=file permissive=1
[ 1703.601075] type=1400 audit(1785264950.944:73105): avc:  denied  { read } for  comm="cat" name="min_pwrlevel" dev="sysfs" ino=124218 scontext=u:r:xsud:s0 tcontext=u:object_r:vendor_sysfs_kgsl:s0 tclass=file permissive=1
[ 1703.601285] type=1400 audit(1785264950.944:73106): avc:  denied  { open } for  comm="cat" path="/sys/devices/platform/soc/3d00000.qcom,kgsl-3d0/kgsl/kgsl-3d0/min_pwrlevel" dev="sysfs" ino=124218 scontext=u:r:xsud:s0 tcontext=u:object_r:vendor_sysfs_kgsl:s0 tclass=file permissive=1
[ 1703.661234] type=1400 audit(1785264951.004:73107): avc:  denied  { search } for  comm="cat" name="battery" dev="sysfs" ino=141568 scontext=u:r:xsud:s0 tcontext=u:object_r:vendor_sysfs_battery_supply:s0 tclass=dir permissive=1
[ 1703.661481] type=1400 audit(1785264951.004:73108): avc:  denied  { read } for  comm="cat" name="online" dev="sysfs" ino=141577 scontext=u:r:xsud:s0 tcontext=u:object_r:vendor_sysfs_battery_supply:s0 tclass=file permissive=1
[ 1703.661897] type=1400 audit(1785264951.004:73109): avc:  denied  { open } for  comm="cat" path="/sys/devices/platform/soc/soc:qcom,pmic_glink/soc:qcom,pmic_glink:qcom,battery_charger/power_supply/battery/online" dev="sysfs" ino=141577 scontext=u:r:xsud:s0 tcontext=u:object_r:vendor_sysfs_battery_supply:s0 tclass=file permissive=1
[ 1703.683226] audit: audit_lost=67987 audit_rate_limit=5 audit_backlog_limit=64
[ 1703.683250] audit: rate limit exceeded
[ 1703.683646] type=1400 audit(1785264951.024:73110): avc:  denied  { dac_read_search } for  comm="sh" capability=2  scontext=u:r:xsud:s0 tcontext=u:r:xsud:s0 tclass=capability permissive=1
[ 1704.454206] init: Control message: Could not find 'vendor.qti.diaghal@1.0::Idiag/default' for ctl.interface_start from pid: 754 (/system/bin/hwservicemanager)
[ 1705.459099] init: Control message: Could not find 'vendor.qti.diaghal@1.0::Idiag/default' for ctl.interface_start from pid: 754 (/system/bin/hwservicemanager)
[ 1706.266337] healthd: battery l=71 v=8078 t=33.0 h=2 st=3 c=-88808 fc=4162000 cc=0 chg=a
[ 1706.296046] audit: audit_lost=67998 audit_rate_limit=5 audit_backlog_limit=64
[ 1706.296052] audit: rate limit exceeded
[ 1706.309380] BATTERY_CHG: battery_psy_set_online: battery_psy_set_online: set online 1
[ 1706.461345] init: Control message: Could not find 'vendor.qti.diaghal@1.0::Idiag/default' for ctl.interface_start from pid: 754 (/system/bin/hwservicemanager)
[ 1707.462256] init: Control message: Could not find 'vendor.qti.diaghal@1.0::Idiag/default' for ctl.interface_start from pid: 754 (/system/bin/hwservicemanager)
[ 1708.261463] wcd-usbss-i2c-driver 1-000e: wcd_usbss_is_in_reset_state: Surge check #3 failed
[ 1708.466912] init: Control message: Could not find 'vendor.qti.diaghal@1.0::Idiag/default' for ctl.interface_start from pid: 754 (/system/bin/hwservicemanager)
[ 1709.469580] init: Control message: Could not find 'vendor.qti.diaghal@1.0::Idiag/default' for ctl.interface_start from pid: 754 (/system/bin/hwservicemanager)
[ 1710.472590] init: Control message: Could not find 'vendor.qti.diaghal@1.0::Idiag/default' for ctl.interface_start from pid: 754 (/system/bin/hwservicemanager)
[ 1711.475556] init: Control message: Could not find 'vendor.qti.diaghal@1.0::Idiag/default' for ctl.interface_start from pid: 754 (/system/bin/hwservicemanager)
[ 1712.479626] init: Control message: Could not find 'vendor.qti.diaghal@1.0::Idiag/default' for ctl.interface_start from pid: 754 (/system/bin/hwservicemanager)
[ 1713.071888] type=1400 audit(1785264960.412:73147): avc:  denied  { read } for  comm="cat" name="online" dev="sysfs" ino=141577 scontext=u:r:xsud:s0 tcontext=u:object_r:vendor_sysfs_battery_supply:s0 tclass=file permissive=1
[ 1713.072588] type=1400 audit(1785264960.412:73148): avc:  denied  { open } for  comm="cat" path="/sys/devices/platform/soc/soc:qcom,pmic_glink/soc:qcom,pmic_glink:qcom,battery_charger/power_supply/battery/online" dev="sysfs" ino=141577 scontext=u:r:xsud:s0 tcontext=u:object_r:vendor_sysfs_battery_supply:s0 tclass=file permissive=1
[ 1713.482772] init: Control message: Could not find 'vendor.qti.diaghal@1.0::Idiag/default' for ctl.interface_start from pid: 754 (/system/bin/hwservicemanager)
[ 1714.485774] init: Control message: Could not find 'vendor.qti.diaghal@1.0::Idiag/default' for ctl.interface_start from pid: 754 (/system/bin/hwservicemanager)
[ 1715.489927] init: Control message: Could not find 'vendor.qti.diaghal@1.0::Idiag/default' for ctl.interface_start from pid: 754 (/system/bin/hwservicemanager)
[ 1716.492355] init: Control message: Could not find 'vendor.qti.diaghal@1.0::Idiag/default' for ctl.interface_start from pid: 754 (/system/bin/hwservicemanager)
[ 1717.494595] init: Control message: Could not find 'vendor.qti.diaghal@1.0::Idiag/default' for ctl.interface_start from pid: 754 (/system/bin/hwservicemanager)
[ 1718.498304] init: Control message: Could not find 'vendor.qti.diaghal@1.0::Idiag/default' for ctl.interface_start from pid: 754 (/system/bin/hwservicemanager)
[ 1718.873513] [I]focaltech: irq_num 400 trigger
[ 1719.111239] [drm:dsi_display_set_mode [msm_drm]] [msm-dsi-info]: mdp_transfer_time=0, hactive=1080, vactive=1920, fps=120, clk_rate=0
[ 1719.111423] [drm:dsi_ctrl_isr_configure [msm_drm]] [msm-dsi-info]: dsi-ctrl-0: IRQ 350 registered
[ 1719.116186] type=1400 audit(1785264966.460:73149): avc:  denied  { read } for  comm="cat" name="dsi_display0" dev="sysfs" ino=124723 scontext=u:r:xsud:s0 tcontext=u:object_r:vendor_sysfs_disp_boot_param:s0 tclass=file permissive=1
[ 1719.116456] type=1400 audit(1785264966.460:73150): avc:  denied  { open } for  comm="cat" path="/sys/module/msm_drm/parameters/dsi_display0" dev="sysfs" ino=124723 scontext=u:r:xsud:s0 tcontext=u:object_r:vendor_sysfs_disp_boot_param:s0 tclass=file permissive=1
[ 1719.131039] servicemanager: Found android.hardware.wifi.IWifi/default in device VINTF manifest.
[ 1719.131964] servicemanager: Found android.hardware.wifi.IWifi/default in device VINTF manifest.
[ 1719.132056] type=1400 audit(1785264966.472:73151): avc:  denied  { read } for  comm="Timer-0" name="pwm1" dev="sysfs" ino=115174 scontext=u:r:system_app:s0 tcontext=u:object_r:sysfs:s0 tclass=file permissive=1
[ 1719.132145] type=1400 audit(1785264966.476:73152): avc:  denied  { open } for  comm="Timer-0" path="/sys/devices/platform/soc/soc:pwm-fan/hwmon/hwmon0/pwm1" dev="sysfs" ino=115174 scontext=u:r:system_app:s0 tcontext=u:object_r:sysfs:s0 tclass=file permissive=1
[ 1719.132203] type=1400 audit(1785264966.476:73153): avc:  denied  { getattr } for  comm="Timer-0" path="/sys/devices/platform/soc/soc:pwm-fan/hwmon/hwmon0/pwm1" dev="sysfs" ino=115174 scontext=u:r:system_app:s0 tcontext=u:object_r:sysfs:s0 tclass=file permissive=1
[ 1719.134929] [binder][0x7bd334513][18:56:06.480823] kiwi_v2: [3906:I:HDD] wlan_hdd_state_ctrl_param_write: Wifi Turning On from UI

[ 1719.134938] [binder][0x7bd3345d5][18:56:06.480833] kiwi_v2: [3906:I:HDD] wlan_hdd_state_ctrl_param_write: is_driver_loaded 1 is_driver_recovering 0
[ 1719.135016] [binder][0x7bd334ba4][18:56:06.480911] kiwi_v2: [3906:I:HDD] wlan_hdd_validate_modules_state: Modules not enabled, Present status: 2
[ 1719.135730] audit: audit_lost=68018 audit_rate_limit=5 audit_backlog_limit=64
[ 1719.135734] audit: rate limit exceeded
[ 1719.136012] type=1400 audit(1785264966.480:73154): avc:  denied  { read } for  comm="binder:1451_3" name="u:object_r:persist_vendor_debug_wifi_prop:s0" dev="tmpfs" ino=300 scontext=u:r:hal_wifi_default:s0 tcontext=u:object_r:persist_vendor_debug_wifi_prop:s0 tclass=file permissive=1
[ 1719.136467] type=1400 audit(1785264966.480:73155): avc:  denied  { open } for  comm="binder:1451_3" path="/dev/__properties__/u:object_r:persist_vendor_debug_wifi_prop:s0" dev="tmpfs" ino=300 scontext=u:r:hal_wifi_default:s0 tcontext=u:object_r:persist_vendor_debug_wifi_prop:s0 tclass=file permissive=1
[ 1719.136534] type=1400 audit(1785264966.480:73156): avc:  denied  { getattr } for  comm="binder:1451_3" path="/dev/__properties__/u:object_r:persist_vendor_debug_wifi_prop:s0" dev="tmpfs" ino=300 scontext=u:r:hal_wifi_default:s0 tcontext=u:object_r:persist_vendor_debug_wifi_prop:s0 tclass=file permissive=1
[ 1719.142146] servicemanager: Found android.hardware.wifi.IWifi/default in device VINTF manifest.
[ 1719.145175] [binder][0x7bd3645aa][18:56:06.491071] kiwi_v2: [1451:I:HDD] wlan_hdd_state_ctrl_param_write: Wifi Turning On from UI

[ 1719.145180] [binder][0x7bd364612][18:56:06.491076] kiwi_v2: [1451:I:HDD] wlan_hdd_state_ctrl_param_write: is_driver_loaded 1 is_driver_recovering 0
[ 1719.145221] [binder][0x7bd36492e][18:56:06.491118] kiwi_v2: [1451:I:HDD] wlan_hdd_validate_modules_state: Modules not enabled, Present status: 2
[ 1719.152288] msm_pcie_enable: PCIe: Assert the reset of endpoint of RC0.
[ 1719.156130] msm_pcie_enable_link: PCIe: RC0: PCIE20_PARF_INT_ALL_MASK: 0x7f80d202
[ 1719.158388] pcie_phy_init: PCIe RC0 PHY is ready!
[ 1719.168621] msm_pcie_enable_link: PCIe: Release the reset of endpoint of RC0.
[ 1719.179227] adsp_sleepmon: Audio: num_sessions=1,num_lpi_sessions=0,timer_pending=0
[ 1719.185178] msm_pcie_link_train: PCIe RC0 link initialized
[ 1719.206212] swr-mgr wsa2_swr_ctrl: swr_mstr_interrupt: SWR CMD Ignored, fifo status 0x40000005
[ 1719.207430] <<SGM3804-INF>>[sgm3804_reg_init:152] reg[0] addr:0x00000000 val:0x0000000c
[ 1719.208015] <<SGM3804-INF>>[sgm3804_reg_init:158] write reg[0] addr:0x00000000 val:0x0000000c success
[ 1719.208018] <<SGM3804-INF>>[sgm3804_reg_init:152] reg[1] addr:0x00000001 val:0x0000000c
[ 1719.208189] <<SGM3804-INF>>[sgm3804_reg_init:158] write reg[1] addr:0x00000001 val:0x0000000c success
[ 1719.208191] <<SGM3804-INF>>[sgm3804_reg_init:152] reg[2] addr:0x00000003 val:0x00000003
[ 1719.208361] <<SGM3804-INF>>[sgm3804_reg_init:158] write reg[2] addr:0x00000003 val:0x00000003 success
[ 1719.210778] swr-mgr wsa2_swr_ctrl: swr_mstr_interrupt: SWR CMD Ignored, fifo status 0x4000000b
[ 1719.214494] swr-mgr wsa2_swr_ctrl: swr_mstr_interrupt: SWR CMD Ignored, fifo status 0x4000000d
[ 1719.218610] swr-mgr wsa2_swr_ctrl: swr_mstr_interrupt: SWR CMD Ignored, fifo status 0x4000200d
[ 1719.223023] swr-mgr wsa2_swr_ctrl: swr_mstr_interrupt: SWR CMD Ignored, fifo status 0x40002102
[ 1719.226856] swr-mgr wsa2_swr_ctrl: swr_mstr_interrupt: SWR CMD Ignored, fifo status 0x40002104
[ 1719.312540] graph_product_name =  AR14
[ 1719.312811] sy7758vgs_reg_init:I2C transfer error!
[ 1719.313181] sy7758vgs_reg_init:I2C transfer error!
[ 1719.313498] sy7758vgs_reg_init:I2C transfer error!
[ 1719.313847] sy7758vgs_reg_init:I2C transfer error!
[ 1719.314113] sy7758vgs_reg_init:I2C transfer error!
[ 1719.314415] sy7758vgs_reg_init:I2C transfer error!
[ 1719.314667] sy7758vgs_reg_init:I2C transfer error!
[ 1719.314919] sy7758vgs_reg_init:I2C transfer error!
[ 1719.315167] Read reg = 0x01 val = 0x00
[ 1719.315469] Read reg = 0x10 val = 0x00
[ 1719.315716] Read reg = 0x11 val = 0x00
[ 1719.315965] Read reg = 0xa5 val = 0x00
[ 1719.316217] Read reg = 0xa0 val = 0x00
[ 1719.316487] Read reg = 0xa1 val = 0x00
[ 1719.316833] Read reg = 0xa2 val = 0x00
[ 1719.317243] Read reg = 0xa9 val = 0x00
[ 1719.317577] Read reg = 0x02 val = 0x00
[ 1719.403522] usb 1-2: new full-speed USB device number 4 using xhci_hcd
[ 1719.494460] [drm:sde_dsc_create_pps_buf_cmd:505] [sde error]pic_width 1080 pic_height 1920
[ 1719.494480] [drm:sde_dsc_create_pps_buf_cmd:512] [sde error]slice_width 540 slice_height 8
[ 1719.498232] <I>CTS-I2CDrv Resume
[ 1719.498236] <I>CTS-Core Resume device
[ 1719.498237] <I>CTS-Core Reset device
[ 1719.498239] <I>CTS-Plat Reset device
[ 1719.506838] init: Control message: Could not find 'vendor.qti.diaghal@1.0::Idiag/default' for ctl.interface_start from pid: 754 (/system/bin/hwservicemanager)
[ 1719.550657] <I>CTS-Core Start device...
[ 1719.550692] <I>CTS-Core Start device successfully
[ 1719.624575] graph_product_name =  AR14
[ 1719.624770] sy7758vgs_reg_init:write reg[0] addr:0x00000001 val:0x00000085 success
[ 1719.624957] sy7758vgs_reg_init:write reg[1] addr:0x00000010 val:0x00000000 success
[ 1719.625168] sy7758vgs_reg_init:write reg[2] addr:0x00000011 val:0x00000000 success
[ 1719.625380] sy7758vgs_reg_init:write reg[3] addr:0x000000a5 val:0x00000064 success
[ 1719.625558] sy7758vgs_reg_init:write reg[4] addr:0x000000a0 val:0x00000055 success
[ 1719.625731] sy7758vgs_reg_init:write reg[5] addr:0x000000a1 val:0x0000009a success
[ 1719.625914] sy7758vgs_reg_init:write reg[6] addr:0x000000a9 val:0x00000080 success
[ 1719.626091] sy7758vgs_reg_init:write reg[7] addr:0x000000a2 val:0x00000028 success
[ 1719.626376] Read reg = 0x01 val = 0x85
[ 1719.626751] Read reg = 0x10 val = 0x00
[ 1719.627059] Read reg = 0x11 val = 0x00
[ 1719.627371] Read reg = 0xa5 val = 0x64
[ 1719.627781] Read reg = 0xa0 val = 0x55
[ 1719.628086] Read reg = 0xa1 val = 0x9a
[ 1719.628401] Read reg = 0xa2 val = 0x28
[ 1719.628690] Read reg = 0xa9 val = 0x80
[ 1719.629127] Read reg = 0x02 val = 0x3c
[ 1719.740245] usb 1-2: device descriptor read/64, error -71
[ 1719.777144] cdsp-loader soc:qcom,msm-cdsp-loader: cdsp_loader_probe: rproc not found
[ 1719.777798] msm_mpss: [parse_devicetree]rproc phandle not ready
[ 1719.778003] system_health_monitor_probe Failed to parse Device Tree
[ 1719.781341] cdsp-loader soc:qcom,msm-cdsp-loader: cdsp_loader_probe: rproc not found
[ 1719.781791] msm_mpss: [parse_devicetree]rproc phandle not ready
[ 1719.781796] system_health_monitor_probe Failed to parse Device Tree
[ 1719.782235] cdsp-loader soc:qcom,msm-cdsp-loader: cdsp_loader_probe: rproc not found
[ 1719.783192] qrtr: announce_servers(): Avoiding duplicate announce for NODE ID 7
[ 1719.784963] cnss: QMI WLFW service connected, state: 0x6e20141
[ 1719.801396] cnss: serial id  0x0 0xbee9d1b3
[ 1719.857993] cnss: Host BDF config: HW_XPA: 1 CalDB: 0
[ 1719.870314] ueventd: firmware: loading 'kiwi/qdss_trace_config_perf_v2.cfg' for '/devices/platform/soc/b0000000.qcom,cnss-kiwi/firmware/kiwi!qdss_trace_config_perf_v2.cfg'
[ 1719.903425] [I]focaltech: irq_num 400 trigger
[ 1719.913847] ueventd: firmware: could not find firmware for kiwi/qdss_trace_config_perf_v2.cfg
[ 1719.913868] ueventd: firmware: attempted /etc/firmware/kiwi/qdss_trace_config_perf_v2.cfg, open failed: No such file or directory
[ 1719.913872] ueventd: firmware: attempted /odm/firmware/kiwi/qdss_trace_config_perf_v2.cfg, open failed: No such file or directory
[ 1719.913875] ueventd: firmware: attempted /vendor/firmware/kiwi/qdss_trace_config_perf_v2.cfg, open failed: No such file or directory
[ 1719.913879] ueventd: firmware: attempted /firmware/image/kiwi/qdss_trace_config_perf_v2.cfg, open failed: No such file or directory
[ 1719.913883] ueventd: firmware: attempted /vendor/firmware_mnt/image/kiwi/qdss_trace_config_perf_v2.cfg, open failed: No such file or directory
[ 1719.913886] ueventd: firmware: attempted /product/vm-system/kiwi/qdss_trace_config_perf_v2.cfg, open failed: No such file or directory
[ 1719.913970] ueventd: loading /devices/platform/soc/b0000000.qcom,cnss-kiwi/firmware/kiwi!qdss_trace_config_perf_v2.cfg took 44ms
[ 1719.929152] cnss: DMS QMI connection not established
[ 1719.972993] wlan_pld:pld_is_ipa_offload_disabled:2752:: Not supported on type 0
[ 1719.973065] [kworke][0x7be28d159][18:56:07.318960] kiwi_v2: [4277:E:QDF] __cds_get_context: Module ID 53 context is Null (via wlan_mlme_set_epcs_capability)
[ 1719.973198] [kworke][0x7be28db46][18:56:07.319092] kiwi_v2: [4277:E:POLICY_MGR] policy_mgr_init_cfg: max_conc_cxns 5 nan
[ 1719.973632] [kworke][0x7be28fad4][18:56:07.319513] kiwi_v2: [4277:E:QDF] __cds_get_context: Module ID 66 context is Null (via hdd_update_ol_config)
[ 1719.975626] [kworke][0x7be299154][18:56:07.321520] kiwi_v2: [4277:E:QDF] __cds_get_context: Module ID 66 context is Null (via cds_open)
[ 1719.979211] [kworke][0x7be2a9e26][18:56:07.325104] kiwi_v2: [4277:I:WMA] wma_open: WMA --> wmi_unified_attach - success
[ 1719.982324] [kworke][0x7be2b878b][18:56:07.328217] kiwi_v2: [4277:E:QDF] htc_wait_target: Target Ready! TX resource : 1 size:2176, MaxMsgsPerHTCBundle = 1
[ 1719.982335] [kworke][0x7be2b8891][18:56:07.328230] kiwi_v2: [4277:E:QDF] htc_setup_target_buffer_assignments: SVS Index : 1 TX : 0x100 : alloc:1
[ 1719.986051] [kworke][0x7be2c9f54][18:56:07.331946] kiwi_v2: [4277:E:QDF] dp_tx_mon_soc_attach_2_0: dp_tx_mon_soc_attach_2_0:1626 tx mon buf entries: 4096
[ 1719.986092] [kworke][0x7be2ca27f][18:56:07.331989] kiwi_v2: [4277:E:QDF] dp_tx_mon_buf_desc_pool_alloc: dp_tx_mon_buf_desc_pool_alloc:409 tx mon buf desc pool entries: 4096
[ 1719.990835] [kworke][0x7be2e0630][18:56:07.336731] kiwi_v2: [4277:I:scan] scm_channel_list_db_init: min_freq 5935 max_freq 7115
[ 1720.001660] [kworke][0x7be3131f6][18:56:07.347555] kiwi_v2: [21649:I:WMA] wma_rx_service_ready_event: Firmware build version : 20060a8e
[ 1720.001682] [kworke][0x7be3132fc][18:56:07.347568] kiwi_v2: [21649:I:WMA] wma_rx_service_ready_event: Board id: 0, Board version: 8 0 0 0 1
[ 1720.002822] [kworke][0x7be31890b][18:56:07.348716] kiwi_v2: [21649:E:WMA] wma_update_supported_bands: wrong supported band
[ 1720.002938] [kworke][0x7be3191dc][18:56:07.348833] kiwi_v2: [21649:I:WMI] extract_hw_bdf_status: BDF VER is 0, FW and BDF ver check skipped
[ 1720.098414] usb 1-2: New USB device found, idVendor=4001, idProduct=0428, bcdDevice= 1.00
[ 1720.098439] usb 1-2: New USB device strings: Mfr=1, Product=2, SerialNumber=3
[ 1720.098451] usb 1-2: Product: AYANEO Controller
[ 1720.098459] usb 1-2: SerialNumber: USB HID
[ 1720.115275] [kworke][0x7be527af1][18:56:07.461168] kiwi_v2: [21649:I:WMI] ready_extract_init_status_tlv: ready_extract_init_status_tlv:0
[ 1720.115383] [kworke][0x7be528328][18:56:07.461277] kiwi_v2: [21649:E:QDF] __cds_get_context: Module ID 65 context is Null (via wma_set_tx_partition_base)
[ 1720.115390] [kworke][0x7be5283c0][18:56:07.461285] kiwi_v2: [21649:F:DP] cdp_ipa_set_uc_tx_partition_base invalid instance
[ 1720.117946] [kworke][0x7be53436a][18:56:07.463841] kiwi_v2: [21649:E:REGULATORY] reg_set_keep_6ghz_sta_cli_connection: pdev reg component is NULL
[ 1720.118164] [kworke][0x7be5353c5][18:56:07.464059] kiwi_v2: [21649:E:REGULATORY] reg_send_scheduler_msg_nb: hlos not initialized
[ 1720.118193] [kworke][0x7be5355fa][18:56:07.464088] kiwi_v2: [21649:I:dfs] WLAN_DEBUG_DFS_ALWAYS : wlan_dfs_pdev_obj_create_notification: dfs_bangradar_320_support 0
[ 1720.118201] [kworke][0x7be53569b][18:56:07.464097] kiwi_v2: [21649:I:dfs] WLAN_DEBUG_DFS_ALWAYS : dfs_set_nol_subchannel_marking: NOL subchannel marking is set 
[ 1720.118216] [kworke][0x7be5357ba][18:56:07.464112] kiwi_v2: [21649:I:SPECTRAL] null_get_capability: SPECTRAL : get_capability not registered

[ 1720.118221] [kworke][0x7be53581b][18:56:07.464117] kiwi_v2: [21649:I:SPECTRAL] target_if_pdev_spectral_init: HAL_CAP_PHYDIAG : Capable
[ 1720.118226] [kworke][0x7be53586e][18:56:07.464121] kiwi_v2: [21649:I:SPECTRAL] null_get_capability: SPECTRAL : get_capability not registered

[ 1720.118230] [kworke][0x7be5358bd][18:56:07.464125] kiwi_v2: [21649:I:SPECTRAL] target_if_pdev_spectral_init: HAL_CAP_RADAR   : Capable
[ 1720.118234] [kworke][0x7be535914][18:56:07.464130] kiwi_v2: [21649:I:SPECTRAL] null_get_capability: SPECTRAL : get_capability not registered

[ 1720.118238] [kworke][0x7be535960][18:56:07.464134] kiwi_v2: [21649:I:SPECTRAL] target_if_pdev_spectral_init: HAL_CAP_SPECTRAL_SCAN : Capable
[ 1720.118243] [kworke][0x7be5359b5][18:56:07.464138] kiwi_v2: [21649:I:SPECTRAL] null_get_tsf64: SPECTRAL : get_tsf64 not registered

[ 1720.118276] [kworke][0x7be535c39][18:56:07.464172] kiwi_v2: [21649:I:GREEN_AP] wlan_green_ap_pdev_obj_create_notification: Green AP creation successful, green ap ctx: 0000000000000000, pdev: 0000000000000000
[ 1720.119746] [kworke][0x7be53ca7c][18:56:07.465642] kiwi_v2: [21649:E:CFR] cfr_streamfs_init: Directory create failed
[ 1720.119749] [kworke][0x7be53cac8][18:56:07.465646] kiwi_v2: [21649:E:CFR] wlan_cfr_pdev_open: cfr_streamfs_init failed with 16

[ 1720.119764] [kworke][0x7be53cbdf][18:56:07.465660] kiwi_v2: [21649:I:REGULATORY] reg_set_band: same band 7
[ 1720.119769] [kworke][0x7be53cc44][18:56:07.465666] kiwi_v2: [21649:I:HDD] hdd_intersect_igmp_offload_setting: fw cap to handle igmp 1 igmp_offload_enable ini 0
[ 1720.119866] [kworke][0x7be53d387][18:56:07.465762] kiwi_v2: [21649:I:GREEN_AP] target_if_green_ap_register_egap_event_handler: Set the Enhance Green AP event handler
[ 1720.120148] [kworke][0x7be53e880][18:56:07.466042] kiwi_v2: [4277:I:WMA] wma_wait_for_ready_event: FW ready event received
[ 1720.120508] [kworke][0x7be5402ad][18:56:07.466391] kiwi_v2: [4277:I:IPA] ipa_register_is_ipa_ready: No. of instances added for IPA is 1
[ 1720.120557] [kworke][0x7be540760][18:56:07.466454] kiwi_v2: [4277:I:SYS] Creating periodic timer for OLBC UPDATE CACHE TIMEOUT

[ 1720.121781] [kworke][0x7be54631d][18:56:07.467677] kiwi_v2: [4277:I:DIRECT_BUF_RX] target_if_direct_buf_rx_register_events: DBR Handler Context 1
[ 1720.139584] type=1400 audit(1785264967.480:73440): avc:  denied  { read } for  comm="top" name="pid_max" dev="proc" ino=756353 scontext=u:r:system_app:s0 tcontext=u:object_r:proc_pid_max:s0 tclass=file permissive=1
[ 1720.139701] audit: audit_lost=68301 audit_rate_limit=5 audit_backlog_limit=64
[ 1720.139704] audit: rate limit exceeded
[ 1720.140026] type=1400 audit(1785264967.480:73441): avc:  denied  { open } for  comm="top" path="/proc/sys/kernel/pid_max" dev="proc" ino=756353 scontext=u:r:system_app:s0 tcontext=u:object_r:proc_pid_max:s0 tclass=file permissive=1
[ 1720.143738] [kworke][0x7be5acf03][18:56:07.489596] kiwi_v2: [4277:E:fwol] ucfg_fwol_send_get_thermal_stats_cmd: Command Disabled in Ini gThermalStatsTempOffset 5 or not enabled in FW 0
[ 1720.143754] [kworke][0x7be5ad2e0][18:56:07.489647] kiwi_v2: [4277:E:OSIF] os_if_fwol_get_thermal_stats_req: Failed to send get thermal stats cmd to FW, 4
[ 1720.146018] [binder][0x7be5b7cde][18:56:07.491914] kiwi_v2: [1451:E:MLO_MGR] mlo_mgr_ml_peer_exist_on_diff_ml_ctx: MLD ID 0 exists with mac zz:zz:zz:zz:zz:zz
[ 1720.146897] [binder][0x7be5bbed1][18:56:07.492793] kiwi_v2: [1451:E:HDD] hdd_sysfs_bmiss_create: could not create bmiss sysfs file
[ 1720.164630] servicemanager: Found android.hardware.wifi.IWifi/default in device VINTF manifest.
[ 1720.166567] [binder][0x7be6181e2][18:56:07.512461] kiwi_v2: [1451:E:HDD] hdd_convert_nl80211_to_reg_band_mask: band: 2 not supported
[ 1720.170027] servicemanager: Found android.hardware.wifi.IWifi/default in device VINTF manifest.
[ 1720.171204] servicemanager: Found android.hardware.wifi.IWifi/default in device VINTF manifest.
[ 1720.173335] servicemanager: Found android.hardware.wifi.IWifi/default in device VINTF manifest.
[ 1720.174464] servicemanager: Found android.hardware.wifi.IWifi/default in device VINTF manifest.
[ 1720.175200] servicemanager: Found android.hardware.wifi.IWifi/default in device VINTF manifest.
[ 1720.178393] servicemanager: Found android.hardware.wifi.IWifi/default in device VINTF manifest.
[ 1720.183025] [binder][0x7be665453][18:56:07.528920] kiwi_v2: [1451:E:HDD] hdd_convert_nl80211_to_reg_band_mask: band: 2 not supported
[ 1720.183031] [binder][0x7be6654e6][18:56:07.528927] kiwi_v2: [1451:E:REGULATORY] reg_get_band_from_cur_chan_list: Failed to retrieve the channel list
[ 1720.183037] [binder][0x7be665563][18:56:07.528934] kiwi_v2: [1451:E:HDD] hdd_send_usable_channel: No data requested
[ 1720.183039] [binder][0x7be66558a][18:56:07.528936] kiwi_v2: [1451:E:HDD] __wlan_hdd_cfg80211_get_usable_channel: failed to send usable_channels
[ 1720.184789] input: AYANEO Controller as /devices/platform/soc/1c08000.qcom,pcie/pci0001:00/0001:00:00.0/0001:01:00.0/usb1/1-2/1-2:1.0/0003:4001:0428.0003/input/input12
[ 1720.186205] init: starting service 'wpa_supplicant'...
[ 1720.187057] init: Created socket '/dev/socket/wpa_wlan0', mode 660, user 1010, group 1010
[ 1720.190069] init: ... started service 'wpa_supplicant' has pid 21670
[ 1720.190106] init: Control message: Processed ctl.interface_start for 'aidl/android.hardware.wifi.supplicant.ISupplicant/default' from pid: 752 (/system/bin/servicemanager)
[ 1720.233890] [wpa_su][0x7be753b38][18:56:07.579785] kiwi_v2: [21670:E:HDD] hdd_config_power: power attr and opm attr is null
[ 1720.237056] [binder][0x7be762898][18:56:07.582950] kiwi_v2: [1451:E:HDD] hdd_convert_nl80211_to_reg_band_mask: band: 2 not supported
[ 1720.240700] aya_haptic 0003:4001:0428.0003: input,hidraw0: USB HID v1.11 Gamepad [AYANEO Controller] on usb-0001:01:00.0-2/input0
[ 1720.241179] input: AYANEO Controller aya_haptic as /devices/platform/soc/1c08000.qcom,pcie/pci0001:00/0001:00:00.0/0001:01:00.0/usb1/1-2/1-2:1.0/0003:4001:0428.0003/input/input13
[ 1720.241466] aya_haptic 0003:4001:0428.0003: aya_haptic init done
[ 1720.241471] aya_haptic 0003:4001:0428.0003: aya_haptic probe done
[ 1720.246048] [binder][0x7be78caff][18:56:07.591942] kiwi_v2: [1520:E:OSIF] wlan_hdd_set_station_stats_request_pending: peer is null
[ 1720.246936] msm_mpss: [parse_devicetree]rproc phandle not ready
[ 1720.246941] system_health_monitor_probe Failed to parse Device Tree
[ 1720.247680] cdsp-loader soc:qcom,msm-cdsp-loader: cdsp_loader_probe: rproc not found
[ 1720.310791] [binder][0x7be8bc0f3][18:56:07.656661] kiwi_v2: [1520:E:DP] dp_tx_flow_pool_unmap_handler: flow pool id: 0 is inactive, ignore unmap
[ 1720.314322] [binder][0x7be8ccb62][18:56:07.660214] kiwi_v2: [1520:E:DP] dp_tx_flow_pool_unmap_handler: flow pool id: 1 is inactive, ignore unmap
[ 1720.342792] [binder][0x7be9522df][18:56:07.688687] kiwi_v2: [1451:E:OSIF] wlan_hdd_set_station_stats_request_pending: peer is null
[ 1720.377587] [schedu][0x7be9f5406][18:56:07.723476] kiwi_v2: [21653:I:OSIF] scan start scan id 40961
[ 1720.507972] init: Control message: Could not find 'vendor.qti.diaghal@1.0::Idiag/default' for ctl.interface_start from pid: 754 (/system/bin/hwservicemanager)
[ 1720.509787] [schedu][0x7bec60db0][18:56:07.855658] kiwi_v2: [21653:I:OSIF] vdev 0, scan id 40961 type COMPLETED(1) reason COMPLETED(1) scan found 14 bss
[ 1720.519384] [binder][0x7bec8df42][18:56:07.865279] kiwi_v2: [1451:E:OSIF] wlan_hdd_set_station_stats_request_pending: peer is null
[ 1720.530161] [binder][0x7becc07a7][18:56:07.876057] kiwi_v2: [1451:E:DP] dp_tx_flow_pool_unmap_handler: flow pool id: 0 is inactive, ignore unmap
[ 1720.531793] [binder][0x7becc8200][18:56:07.877689] kiwi_v2: [1451:E:DP] dp_tx_flow_pool_unmap_handler: flow pool id: 1 is inactive, ignore unmap
[ 1720.555346] [schedu][0x7bed36884][18:56:07.901242] kiwi_v2: [21653:I:CMN_MLME] vdev 0 cm_id 0xc000001: Connecting to HOMENET b0:a7:b9:**:**:b3 rssi: -53 freq: 5220 akm 0x800 cipher: uc 0x8 mc 0x8, wps 0 osen 0 force RSN 0 CC: US
[ 1720.555674] [schedu][0x7bed38123][18:56:07.901570] kiwi_v2: [21653:I:WMI] vdev_start_add_mlo_params: mlo_flags 0x0 emlsr_support 0 
[ 1720.555678] [schedu][0x7bed38174][18:56:07.901575] kiwi_v2: [21653:I:WMI] send_vdev_start_cmd_tlv: vdev_id 0 freq 5220 chanmode 18 ch_info: 0x12 is_dfs 0 beacon interval 100 dtim 0 center_chan 5210 center_freq2 0 reg_info_1: 0x180000 reg_info_2: 0x1800, req->max_txpow: 0x18 Tx SS 2, Rx SS 2, ldpc_rx: 0, cac 0, regd 1, HE ops: 0req->dis_hw_ack: 0 
[ 1720.555681] [schedu][0x7bed381a7][18:56:07.901577] kiwi_v2: [21653:I:WMI] vdev_start_cmd_fill_11be: EHT ops: 0 puncture_bitmap 0 wmi cmd puncture bitmap ffffffff
[ 1720.679184] [schedu][0x7bef7b010][18:56:08.025076] kiwi_v2: [21653:I:PE] Auth TX: vdev 0 seq 1 seq num 2049 status 0 WEP 0 to b0:a7:b9:**:**:b3
[ 1720.681545] [schedu][0x7bef86122][18:56:08.027437] kiwi_v2: [21653:I:PE] Auth TX: success (0)
[ 1720.683707] [schedu][0x7bef9034b][18:56:08.029599] kiwi_v2: [21653:I:PE] Auth RX: vdev 0 sys role 2 lim_state 5 from b0:a7:b9:**:**:b3 rssi -50 auth_alg 0 seq 0
[ 1720.684104] [schedu][0x7bef9211c][18:56:08.029997] kiwi_v2: [21653:I:PE] Assoc req TX: vdev 0 to b0:a7:b9:**:**:b3 seq num 2050
[ 1720.686980] [schedu][0x7bef9f8c7][18:56:08.032872] kiwi_v2: [21653:I:PE] Assoc req TX: success (0)
[ 1720.689771] [schedu][0x7befaca13][18:56:08.035663] kiwi_v2: [21653:I:PE] Assoc rsp RX: subtype 0 vdev 0 sys role 2 lim state 10 rssi -50 from b0:a7:b9:**:**:b3
[ 1720.690336] [schedu][0x7befaf484][18:56:08.036229] kiwi_v2: [21653:E:PE] lim_extract_msd_caps: mlo peer ctx is null
[ 1720.700275] [schedu][0x7befdde0f][18:56:08.046169] kiwi_v2: [21653:E:CMN_MLME] mlme_sr_update: Spatial Reuse disabled for vdev_id: 0
[ 1720.701002] [schedu][0x7befe149c][18:56:08.046897] kiwi_v2: [21653:I:CMN_MLME] cm_roam_switch_to_init: dual_sta_roam_active:1, sta concurrency on different mac:0, state:0
[ 1720.701016] [schedu][0x7befe15b8][18:56:08.046912] kiwi_v2: [21653:I:CMN_MLME] cm_roam_switch_to_init: STA + STA concurrency with a primary iface, have roaming enabled on both interfaces
[ 1720.701151] [schedu][0x7befe1fd5][18:56:08.047046] kiwi_v2: [21653:I:OSIF] wlan0(vdevid-0): zz:zz:zz:zz:zz:zz Connect with b0:a7:b9:**:**:b3 "HOMENET" is SUCCESS, cmid 0xc000001 
[ 1720.703643] [dp_rx_][0x7befeda6a][18:56:08.049534] kiwi_v2: [21655:I:QDF] EAPOL-1 RX: SA:b0:a7:b9:**:**:b3 DA:zz:zz:zz:zz:zz:zz
[ 1720.713107] [soft_i][0x7bf01a001][18:56:08.058996] kiwi_v2: [0:E:DP] dp_tx_update_peer_stats: Release source:3 is not from TQM
[ 1720.713136] [soft_i][0x7bf01a27c][18:56:08.059029] kiwi_v2: [0:I:QDF] EAPOL-2 TX: SA:zz:zz:zz:zz:zz:zz DA:b0:a7:b9:**:**:b3 msdu_id:0 status: succ
[ 1720.715609] [dp_rx_][0x7bf025bc9][18:56:08.061499] kiwi_v2: [21655:I:QDF] EAPOL-3 RX: SA:b0:a7:b9:**:**:b3 DA:zz:zz:zz:zz:zz:zz
[ 1720.732667] [soft_i][0x7bf075ae9][18:56:08.078555] kiwi_v2: [0:I:QDF] EAPOL-4 TX: SA:zz:zz:zz:zz:zz:zz DA:b0:a7:b9:**:**:b3 msdu_id:0 status: succ
[ 1720.804399] cnss-daemon: Invalid mac address
[ 1720.804409] cnss-daemon: failed to update gateway
[ 1720.814046] [binder][0x7bf1f32f7][18:56:08.159941] kiwi_v2: [3906:E:HDD] hdd_config_power: power attr and opm attr is null
[ 1720.814865] [schedu][0x7bf1f7050][18:56:08.160759] kiwi_v2: [21653:E:WMA] wma_process_dhcp_ind: Failed to find vdev id for DHCP indication
[ 1720.814879] [wpa_su][0x7bf1f7179][18:56:08.160775] kiwi_v2: [21670:E:TWT] wlan_twt_is_setup_done: Peer object not found 00:00:00:**:**:00
[ 1720.839740] [soft_i][0x7bf26b9f6][18:56:08.185635] kiwi_v2: [0:I:QDF] DHCP-R TX: SA:zz:zz:zz:zz:zz:zz DA:ff:ff:ff:**:**:ff msdu_id:1 status: succ
[ 1720.855709] [dp_rx_][0x7bf2b6575][18:56:08.201575] kiwi_v2: [21655:I:QDF] DHCP-A RX: SA:78:8c:b5:**:**:25 DA:zz:zz:zz:zz:zz:zz
[ 1720.865570] [schedu][0x7bf2e4a8b][18:56:08.211456] kiwi_v2: [21653:E:WMA] wma_process_dhcp_ind: Failed to find vdev id for DHCP indication
[ 1720.895935] cnss-daemon: Invalid mac address
[ 1720.895943] cnss-daemon: failed to update gateway
[ 1720.909620] [dp_rx_][0x7bf3b32dd][18:56:08.255514] kiwi_v2: [21655:I:QDF] DHCP-R RX: SA:zz:zz:zz:zz:zz:zz DA:ff:ff:ff:**:**:ff
[ 1721.392191] audit: audit_lost=68728 audit_rate_limit=5 audit_backlog_limit=64
[ 1721.392197] audit: rate limit exceeded
[ 1721.510443] init: Control message: Could not find 'vendor.qti.diaghal@1.0::Idiag/default' for ctl.interface_start from pid: 754 (/system/bin/hwservicemanager)
[ 1721.580282] adsp_sleepmon: Audio: num_sessions=0,num_lpi_sessions=0,timer_pending=1
[ 1721.649816] cnss-daemon: Invalid mac address
[ 1721.649845] cnss-daemon: failed to update gateway
[ 1721.661293] [binder][0x7c0176a54][18:56:09.007186] kiwi_v2: [3906:E:HDD] hdd_config_power: power attr and opm attr is null
[ 1722.396191] audit: audit_lost=68900 audit_rate_limit=5 audit_backlog_limit=64
[ 1722.396196] audit: rate limit exceeded
[ 1722.535966] init: Control message: Could not find 'vendor.qti.diaghal@1.0::Idiag/default' for ctl.interface_start from pid: 754 (/system/bin/hwservicemanager)
[ 1722.536139] init: Control message: Could not find 'vendor.qti.diaghal@1.0::Idiag/default' for ctl.interface_start from pid: 754 (/system/bin/hwservicemanager)
[ 1723.281690] [kworke][0x7c1f223c9][18:56:10.627579] kiwi_v2: [8373:I:PMO] pmo_core_enable_wow_in_fw: drv wow is enabled
[ 1723.315056] [kworke][0x7c1fbea89][18:56:10.660949] kiwi_v2: [8373:I:PMO] pmo_core_psoc_send_host_wakeup_ind_to_fw: Host wakeup indication sent to fw
[ 1723.361641] wcd-usbss-i2c-driver 1-000e: wcd_usbss_is_in_reset_state: Surge check #3 failed
[ 1723.400994] audit: audit_lost=69118 audit_rate_limit=5 audit_backlog_limit=64
[ 1723.400998] audit: rate limit exceeded
[ 1723.537375] init: Control message: Could not find 'vendor.qti.diaghal@1.0::Idiag/default' for ctl.interface_start from pid: 754 (/system/bin/hwservicemanager)
[ 1724.095538] [soft_i][0x7c2e0928d][18:56:11.441429] kiwi_v2: [0:E:DP] dp_tx_update_peer_stats: Release source:3 is not from TQM
[ 1724.101102] cnss-daemon: Invalid mac address
[ 1724.101143] cnss-daemon: failed to update gateway
[ 1724.391388] type=1400 audit(1785264971.732:74370): avc:  denied  { read } for  comm="top" scontext=u:r:system_app:s0 tcontext=u:r:vendor_feature_enabler_client:s0 tclass=file permissive=1
[ 1724.391801] type=1400 audit(1785264971.736:74371): avc:  denied  { getattr } for  comm="top" path="/proc/752" dev="proc" ino=756354 scontext=u:r:system_app:s0 tcontext=u:r:servicemanager:s0 tclass=dir permissive=1
[ 1724.391893] type=1400 audit(1785264971.736:74372): avc:  denied  { search } for  comm="top" name="752" dev="proc" ino=756354 scontext=u:r:system_app:s0 tcontext=u:r:servicemanager:s0 tclass=dir permissive=1
[ 1724.392053] type=1400 audit(1785264971.736:74373): avc:  denied  { getattr } for  comm="top" path="/proc/754" dev="proc" ino=764899 scontext=u:r:system_app:s0 tcontext=u:r:hwservicemanager:s0 tclass=dir permissive=1
[ 1724.392150] type=1400 audit(1785264971.736:74374): avc:  denied  { search } for  comm="top" name="754" dev="proc" ino=764899 scontext=u:r:system_app:s0 tcontext=u:r:hwservicemanager:s0 tclass=dir permissive=1
[ 1724.440169] audit: audit_lost=69232 audit_rate_limit=5 audit_backlog_limit=64
[ 1724.440174] audit: rate limit exceeded
[ 1724.539187] init: Control message: Could not find 'vendor.qti.diaghal@1.0::Idiag/default' for ctl.interface_start from pid: 754 (/system/bin/hwservicemanager)
[ 1724.726556] [kworke][0x7c39970f0][18:56:12.072448] kiwi_v2: [8373:I:PMO] pmo_core_enable_wow_in_fw: drv wow is enabled
[ 1725.405958] type=1400 audit(1785264972.748:74446): avc:  denied  { getattr } for  comm="top" path="/proc/1473" dev="proc" ino=756372 scontext=u:r:system_app:s0 tcontext=u:r:vendor_qesdsect:s0 tclass=dir permissive=1
[ 1725.406193] type=1400 audit(1785264972.748:74447): avc:  denied  { search } for  comm="top" name="1473" dev="proc" ino=756372 scontext=u:r:system_app:s0 tcontext=u:r:vendor_qesdsect:s0 tclass=dir permissive=1
[ 1725.461419] audit: audit_lost=69282 audit_rate_limit=5 audit_backlog_limit=64
[ 1725.461461] audit: rate limit exceeded
[ 1725.461705] type=1400 audit(1785264972.804:74448): avc:  denied  { execute } for  comm="DefaultDispatch" name="xsu" dev="dm-11" ino=188 scontext=u:r:untrusted_app:s0:c183,c256,c512,c768 tcontext=u:object_r:xsu_exec:s0 tclass=file permissive=1 app=com.kei.pulse
[ 1725.462065] type=1400 audit(1785264972.804:74449): avc:  denied  { read open } for  comm="DefaultDispatch" path="/product/bin/xsu" dev="dm-11" ino=188 scontext=u:r:untrusted_app:s0:c183,c256,c512,c768 tcontext=u:object_r:xsu_exec:s0 tclass=file permissive=1 app=com.kei.pulse
[ 1725.464091] type=1400 audit(1785264972.804:74450): avc:  denied  { execute_no_trans } for  comm="DefaultDispatch" path="/product/bin/xsu" dev="dm-11" ino=188 scontext=u:r:untrusted_app:s0:c183,c256,c512,c768 tcontext=u:object_r:xsu_exec:s0 tclass=file permissive=1 app=com.kei.pulse
[ 1725.540100] init: Control message: Could not find 'vendor.qti.diaghal@1.0::Idiag/default' for ctl.interface_start from pid: 754 (/system/bin/hwservicemanager)
[ 1726.541035] init: Control message: Could not find 'vendor.qti.diaghal@1.0::Idiag/default' for ctl.interface_start from pid: 754 (/system/bin/hwservicemanager)
[ 1726.691501] adsp_sleepmon: timer_event = 1,suspend_event = 0
[ 1727.025765] audit: audit_lost=69299 audit_rate_limit=5 audit_backlog_limit=64
[ 1727.025769] audit: rate limit exceeded
[ 1727.060787] [kworke][0x7c6454c3d][18:56:14.406679] kiwi_v2: [21638:I:PMO] pmo_core_psoc_send_host_wakeup_ind_to_fw: Host wakeup indication sent to fw
[ 1727.069741] [soft_i][0x7c647eb9a][18:56:14.415630] kiwi_v2: [0:I:WMA] WLAN triggered wakeup: BPF_ALLOW (39), vdev: 0 (STA)
[ 1727.069984] [soft_i][0x7c647fe1e][18:56:14.415877] kiwi_v2: [0:I:WMA] wma_wake_event_packet: Wake event packet:
[ 1727.541844] init: Control message: Could not find 'vendor.qti.diaghal@1.0::Idiag/default' for ctl.interface_start from pid: 754 (/system/bin/hwservicemanager)
[ 1727.696217] [kworke][0x7c6ff7584][18:56:15.042109] kiwi_v2: [21638:I:PMO] pmo_core_enable_wow_in_fw: drv wow is enabled
[ 1728.141083] audit: audit_lost=69337 audit_rate_limit=5 audit_backlog_limit=64
[ 1728.141088] audit: rate limit exceeded
[ 1728.543734] init: Control message: Could not find 'vendor.qti.diaghal@1.0::Idiag/default' for ctl.interface_start from pid: 754 (/system/bin/hwservicemanager)
[ 1729.544184] init: Control message: Could not find 'vendor.qti.diaghal@1.0::Idiag/default' for ctl.interface_start from pid: 754 (/system/bin/hwservicemanager)
[ 1730.042685] [kworke][0x7c9aee6a3][18:56:17.388577] kiwi_v2: [21638:I:PMO] pmo_core_psoc_send_host_wakeup_ind_to_fw: Host wakeup indication sent to fw
[ 1730.051324] [soft_i][0x7c9b16e5c][18:56:17.397214] kiwi_v2: [0:I:WMA] WLAN triggered wakeup: BPF_ALLOW (39), vdev: 0 (STA)
[ 1730.051631] [soft_i][0x7c9b1852d][18:56:17.397518] kiwi_v2: [0:I:WMA] wma_wake_event_packet: Wake event packet:
[ 1730.130656] type=1400 audit(1785264977.472:74539): avc:  denied  { read } for  comm="top" scontext=u:r:system_app:s0 tcontext=u:r:vendor_per_proxy:s0 tclass=file permissive=1
[ 1730.132305] type=1400 audit(1785264977.476:74540): avc:  denied  { open } for  comm="top" path="/proc/1767/stat" dev="proc" ino=718174 scontext=u:r:system_app:s0 tcontext=u:r:vendor_per_proxy:s0 tclass=file permissive=1
[ 1730.228356] type=1400 audit(1785264977.568:74541): avc:  denied  { write } for  comm="sh" name="pwm1" dev="sysfs" ino=115174 scontext=u:r:xsud:s0 tcontext=u:object_r:sysfs:s0 tclass=file permissive=1
[ 1730.230923] type=1400 audit(1785264977.572:74542): avc:  denied  { open } for  comm="sh" path="/sys/devices/platform/soc/soc:pwm-fan/hwmon/hwmon0/pwm1" dev="sysfs" ino=115174 scontext=u:r:xsud:s0 tcontext=u:object_r:sysfs:s0 tclass=file permissive=1
[ 1730.383800] type=1400 audit(1785264977.728:74543): avc:  denied  { read } for  comm="top" scontext=u:r:system_app:s0 tcontext=u:r:hal_fingerprint_default:s0 tclass=file permissive=1
[ 1730.383998] type=1400 audit(1785264977.728:74544): avc:  denied  { read } for  comm="top" scontext=u:r:system_app:s0 tcontext=u:r:vendor_hal_capabilityconfigstore_qti_default:s0 tclass=file permissive=1
[ 1730.384861] type=1400 audit(1785264977.728:74545): avc:  denied  { getattr } for  comm="top" path="/proc/1073" dev="proc" ino=756360 scontext=u:r:system_app:s0 tcontext=u:r:vendor_hal_keymint_spu_qti:s0 tclass=dir permissive=1
[ 1730.384966] type=1400 audit(1785264977.728:74546): avc:  denied  { search } for  comm="top" name="1073" dev="proc" ino=756360 scontext=u:r:system_app:s0 tcontext=u:r:vendor_hal_keymint_spu_qti:s0 tclass=dir permissive=1
[ 1730.385364] audit: audit_lost=69359 audit_rate_limit=5 audit_backlog_limit=64
[ 1730.385366] audit: rate limit exceeded
[ 1730.385522] type=1400 audit(1785264977.728:74547): avc:  denied  { open } for  comm="top" path="/proc/1479/stat" dev="proc" ino=756463 scontext=u:r:system_app:s0 tcontext=u:r:hal_fingerprint_default:s0 tclass=file permissive=1
[ 1730.545263] init: Control message: Could not find 'vendor.qti.diaghal@1.0::Idiag/default' for ctl.interface_start from pid: 754 (/system/bin/hwservicemanager)
[ 1730.677434] [kworke][0x7ca68dcb7][18:56:18.023325] kiwi_v2: [21638:I:PMO] pmo_core_enable_wow_in_fw: drv wow is enabled
[ 1731.272383] [kworke][0x7cb1729e5][18:56:18.618274] kiwi_v2: [21638:I:PMO] pmo_core_psoc_send_host_wakeup_ind_to_fw: Host wakeup indication sent to fw
[ 1731.281160] [soft_i][0x7cb19bc01][18:56:18.627049] kiwi_v2: [0:I:WMA] WLAN triggered wakeup: BPF_ALLOW (39), vdev: 0 (STA)
[ 1731.281288] [soft_i][0x7cb19c612][18:56:18.627183] kiwi_v2: [0:I:WMA] wma_wake_event_packet: Wake event packet:
[ 1731.546193] init: Control message: Could not find 'vendor.qti.diaghal@1.0::Idiag/default' for ctl.interface_start from pid: 754 (/system/bin/hwservicemanager)
[ 1731.864163] [kworke][0x7cbc48960][18:56:19.210054] kiwi_v2: [21720:I:PMO] pmo_core_enable_wow_in_fw: drv wow is enabled
[ 1732.132666] type=1400 audit(1785264979.476:74561): avc:  denied  { read } for  comm="top" scontext=u:r:system_app:s0 tcontext=u:r:vendor_sxrd_vndr:s0 tclass=file permissive=1
[ 1732.134037] audit: audit_lost=69372 audit_rate_limit=5 audit_backlog_limit=64
[ 1732.134039] audit: rate limit exceeded
[ 1732.549067] init: Control message: Could not find 'vendor.qti.diaghal@1.0::Idiag/default' for ctl.interface_start from pid: 754 (/system/bin/hwservicemanager)
[ 1733.102745] [kworke][0x7cd2f6740][18:56:20.448639] kiwi_v2: [21638:I:PMO] pmo_core_psoc_send_host_wakeup_ind_to_fw: Host wakeup indication sent to fw
[ 1733.113204] [soft_i][0x7cd3277a8][18:56:20.459097] kiwi_v2: [0:I:WMA] WLAN triggered wakeup: BPF_ALLOW (39), vdev: 0 (STA)
[ 1733.113415] [soft_i][0x7cd328793][18:56:20.459310] kiwi_v2: [0:I:WMA] wma_wake_event_packet: Wake event packet:
[ 1733.136964] audit: audit_lost=69385 audit_rate_limit=5 audit_backlog_limit=64
[ 1733.136973] audit: rate limit exceeded
[ 1733.551388] init: Control message: Could not find 'vendor.qti.diaghal@1.0::Idiag/default' for ctl.interface_start from pid: 754 (/system/bin/hwservicemanager)
[ 1733.736594] [kworke][0x7cde9199e][18:56:21.082484] kiwi_v2: [28951:I:PMO] pmo_core_enable_wow_in_fw: drv wow is enabled
[ 1733.769624] healthd: battery l=71 v=8033 t=33.0 h=2 st=3 c=-335091 fc=4162000 cc=0 chg=a
[ 1733.816000] BATTERY_CHG: battery_psy_set_online: battery_psy_set_online: set online 1
[ 1734.080157] [drm:dsi_display_set_mode [msm_drm]] [msm-dsi-info]: mdp_transfer_time=0, hactive=1080, vactive=1920, fps=90, clk_rate=0
[ 1734.385276] audit: audit_lost=69506 audit_rate_limit=5 audit_backlog_limit=64
[ 1734.385284] audit: rate limit exceeded
[ 1734.553111] init: Control message: Could not find 'vendor.qti.diaghal@1.0::Idiag/default' for ctl.interface_start from pid: 754 (/system/bin/hwservicemanager)
[ 1735.252337] type=1400 audit(1785264982.596:74738): avc:  denied  { write } for  comm="sh" name="pwm1" dev="sysfs" ino=115174 scontext=u:r:xsud:s0 tcontext=u:object_r:sysfs:s0 tclass=file permissive=1
[ 1735.253712] type=1400 audit(1785264982.596:74739): avc:  denied  { open } for  comm="sh" path="/sys/devices/platform/soc/soc:pwm-fan/hwmon/hwmon0/pwm1" dev="sysfs" ino=115174 scontext=u:r:xsud:s0 tcontext=u:object_r:sysfs:s0 tclass=file permissive=1
[ 1735.323722] type=1400 audit(1785264982.668:74740): avc:  denied  { read } for  comm="cat" name="gpuclk" dev="sysfs" ino=124210 scontext=u:r:xsud:s0 tcontext=u:object_r:vendor_sysfs_kgsl_gpuclk:s0 tclass=file permissive=1
[ 1735.324058] type=1400 audit(1785264982.668:74741): avc:  denied  { open } for  comm="cat" path="/sys/devices/platform/soc/3d00000.qcom,kgsl-3d0/kgsl/kgsl-3d0/gpuclk" dev="sysfs" ino=124210 scontext=u:r:xsud:s0 tcontext=u:object_r:vendor_sysfs_kgsl_gpuclk:s0 tclass=file permissive=1
[ 1735.383730] type=1400 audit(1785264982.724:74742): avc:  denied  { syslog_read } for  comm="dmesg" scontext=u:r:xsud:s0 tcontext=u:r:kernel:s0 tclass=system permissive=1
[ 1735.389901] audit: audit_lost=69537 audit_rate_limit=5 audit_backlog_limit=64
[ 1735.389906] audit: rate limit exceeded
[ 1735.553665] init: Control message: Could not find 'vendor.qti.diaghal@1.0::Idiag/default' for ctl.interface_start from pid: 754 (/system/bin/hwservicemanager)
[ 1736.074891] [kworke][0x7d0962629][18:56:23.420784] kiwi_v2: [28951:I:PMO] pmo_core_psoc_send_host_wakeup_ind_to_fw: Host wakeup indication sent to fw
[ 1736.084260] [soft_i][0x7d098e4e3][18:56:23.430154] kiwi_v2: [0:I:WMA] WLAN triggered wakeup: BPF_ALLOW (39), vdev: 0 (STA)
[ 1736.084374] [soft_i][0x7d098ed87][18:56:23.430269] kiwi_v2: [0:I:WMA] wma_wake_event_packet: Wake event packet:
[ 1736.400568] type=1400 audit(1785264983.740:74774): avc:  denied  { getattr } for  comm="top" path="/proc/1813" dev="proc" ino=717675 scontext=u:r:system_app:s0 tcontext=u:r:vendor_tcmd:s0 tclass=dir permissive=1
[ 1736.401384] type=1400 audit(1785264983.740:74775): avc:  denied  { search } for  comm="top" name="1813" dev="proc" ino=717675 scontext=u:r:system_app:s0 tcontext=u:r:vendor_tcmd:s0 tclass=dir permissive=1
[ 1736.401801] type=1400 audit(1785264983.744:74776): avc:  denied  { getattr } for  comm="top" path="/proc/2022" dev="proc" ino=717685 scontext=u:r:system_app:s0 tcontext=u:r:vendor_hal_soter_qti:s0 tclass=dir permissive=1
[ 1736.401944] type=1400 audit(1785264983.744:74777): avc:  denied  { search } for  comm="top" name="2022" dev="proc" ino=717685 scontext=u:r:system_app:s0 tcontext=u:r:vendor_hal_soter_qti:s0 tclass=dir permissive=1
[ 1736.553034] audit: audit_lost=69565 audit_rate_limit=5 audit_backlog_limit=64
[ 1736.553049] audit: rate limit exceeded
[ 1736.553200] type=1400 audit(1785264983.896:74778): avc:  denied  { append } for  comm="sh" name="pulse_20260728_203503_cap_poll.log" dev="fuse" ino=332447 scontext=u:r:xsud:s0 tcontext=u:object_r:fuse:s0 tclass=file permissive=1
[ 1736.555067] init: Control message: Could not find 'vendor.qti.diaghal@1.0::Idiag/default' for ctl.interface_start from pid: 754 (/system/bin/hwservicemanager)
[ 1736.713446] [kworke][0x7d15139a9][18:56:24.059338] kiwi_v2: [28951:I:PMO] pmo_core_enable_wow_in_fw: drv wow is enabled
[ 1737.558614] init: Control message: Could not find 'vendor.qti.diaghal@1.0::Idiag/default' for ctl.interface_start from pid: 754 (/system/bin/hwservicemanager)
[ 1738.466544] wcd-usbss-i2c-driver 1-000e: wcd_usbss_is_in_reset_state: Surge check #3 failed
[ 1738.562138] init: Control message: Could not find 'vendor.qti.diaghal@1.0::Idiag/default' for ctl.interface_start from pid: 754 (/system/bin/hwservicemanager)
[ 1738.728761] init: processing action (vendor.change.cgroup=bg && vendor.change.cgroup.for.pid=*) from (/vendor/etc/init/vendor.qti.hardware.perf2-hal-service.rc:22)
[ 1738.740646] init: processing action (vendor.change.cgroup=bg && vendor.change.cgroup.for.pid=*) from (/vendor/etc/init/vendor.qti.hardware.perf2-hal-service.rc:22)
[ 1738.810455] audit: audit_lost=69708 audit_rate_limit=5 audit_backlog_limit=64
[ 1738.810459] audit: rate limit exceeded
[ 1739.047199] [kworke][0x7d3fcf14f][18:56:26.393093] kiwi_v2: [28951:I:PMO] pmo_core_psoc_send_host_wakeup_ind_to_fw: Host wakeup indication sent to fw
[ 1739.056458] [soft_i][0x7d3ffa7b9][18:56:26.402352] kiwi_v2: [0:I:WMA] WLAN triggered wakeup: BPF_ALLOW (39), vdev: 0 (STA)
[ 1739.056587] [soft_i][0x7d3ffb174][18:56:26.402481] kiwi_v2: [0:I:WMA] wma_wake_event_packet: Wake event packet:
[ 1739.114142] binder: undelivered transaction 1043894, process died.
[ 1739.114151] binder: undelivered transaction 1043964, process died.
[ 1739.114153] binder: undelivered transaction 1044028, process died.
[ 1739.114155] binder: undelivered transaction 1044744, process died.
[ 1739.114222] binder: undelivered transaction 1007271, process died.
[ 1739.114225] binder: undelivered transaction 1007329, process died.
[ 1739.114227] binder: undelivered transaction 1039310, process died.
[ 1739.114228] binder: undelivered transaction 1041873, process died.
[ 1739.114230] binder: undelivered transaction 1041887, process died.
[ 1739.115039] binder: undelivered transaction 1007247, process died.
[ 1739.231803] init: processing action (vendor.change.cgroup=def && vendor.change.cgroup.for.pid=*) from (/vendor/etc/init/vendor.qti.hardware.perf2-hal-service.rc:27)
[ 1739.564202] init: Control message: Could not find 'vendor.qti.diaghal@1.0::Idiag/default' for ctl.interface_start from pid: 754 (/system/bin/hwservicemanager)
[ 1739.670288] [kworke][0x7d4b37c89][18:56:27.016176] kiwi_v2: [28951:I:PMO] pmo_core_enable_wow_in_fw: drv wow is enabled
[ 1740.133882] audit: audit_lost=69843 audit_rate_limit=5 audit_backlog_limit=64
[ 1740.133894] audit: rate limit exceeded
[ 1740.566052] init: Control message: Could not find 'vendor.qti.diaghal@1.0::Idiag/default' for ctl.interface_start from pid: 754 (/system/bin/hwservicemanager)
[ 1741.132872] type=1400 audit(1785264988.476:75086): avc:  denied  { read } for  comm="top" scontext=u:r:system_app:s0 tcontext=u:r:vendor_hal_usb_qti:s0 tclass=file permissive=1
[ 1741.133110] type=1400 audit(1785264988.476:75087): avc:  denied  { read } for  comm="top" scontext=u:r:system_app:s0 tcontext=u:r:vendor_perf_qesdk:s0 tclass=file permissive=1
[ 1741.133918] type=1400 audit(1785264988.476:75088): avc:  denied  { getattr } for  comm="top" path="/proc/1380" dev="proc" ino=756362 scontext=u:r:system_app:s0 tcontext=u:r:vendor_hal_identity_qti:s0 tclass=dir permissive=1
[ 1741.134244] type=1400 audit(1785264988.476:75089): avc:  denied  { search } for  comm="top" name="1380" dev="proc" ino=756362 scontext=u:r:system_app:s0 tcontext=u:r:vendor_hal_identity_qti:s0 tclass=dir permissive=1
[ 1741.134462] type=1400 audit(1785264988.476:75090): avc:  denied  { open } for  comm="top" path="/proc/1447/stat" dev="proc" ino=756431 scontext=u:r:system_app:s0 tcontext=u:r:vendor_hal_usb_qti:s0 tclass=file permissive=1
[ 1741.375994] audit: audit_lost=69858 audit_rate_limit=5 audit_backlog_limit=64
[ 1741.376003] audit: rate limit exceeded
[ 1741.567953] init: Control message: Could not find 'vendor.qti.diaghal@1.0::Idiag/default' for ctl.interface_start from pid: 754 (/system/bin/hwservicemanager)
[ 1742.176604] type=1400 audit(1785264989.520:75098): avc:  denied  { execute } for  comm="DefaultDispatch" name="xsu" dev="dm-11" ino=188 scontext=u:r:untrusted_app:s0:c183,c256,c512,c768 tcontext=u:object_r:xsu_exec:s0 tclass=file permissive=1 app=com.kei.pulse
[ 1742.176791] type=1400 audit(1785264989.520:75099): avc:  denied  { read open } for  comm="DefaultDispatch" path="/product/bin/xsu" dev="dm-11" ino=188 scontext=u:r:untrusted_app:s0:c183,c256,c512,c768 tcontext=u:object_r:xsu_exec:s0 tclass=file permissive=1 app=com.kei.pulse
[ 1742.176838] type=1400 audit(1785264989.520:75100): avc:  denied  { execute_no_trans } for  comm="DefaultDispatch" path="/product/bin/xsu" dev="dm-11" ino=188 scontext=u:r:untrusted_app:s0:c183,c256,c512,c768 tcontext=u:object_r:xsu_exec:s0 tclass=file permissive=1 app=com.kei.pulse
[ 1742.177063] type=1400 audit(1785264989.520:75101): avc:  denied  { map } for  comm="xsu" path="/product/bin/xsu" dev="dm-11" ino=188 scontext=u:r:untrusted_app:s0:c183,c256,c512,c768 tcontext=u:object_r:xsu_exec:s0 tclass=file permissive=1 app=com.kei.pulse
[ 1742.177586] type=1400 audit(1785264989.520:75102): avc:  denied  { getattr } for  comm="xsu" path="/product/bin/xsu" dev="dm-11" ino=188 scontext=u:r:untrusted_app:s0:c183,c256,c512,c768 tcontext=u:object_r:xsu_exec:s0 tclass=file permissive=1 app=com.kei.pulse
[ 1742.386754] audit: audit_lost=69867 audit_rate_limit=5 audit_backlog_limit=64
[ 1742.386760] audit: rate limit exceeded
[ 1742.600974] servicemanager: Found vendor.qti.hardware.perf2.IPerf/default in device VINTF manifest.
[ 1742.605025] init: Control message: Could not find 'vendor.qti.diaghal@1.0::Idiag/default' for ctl.interface_start from pid: 754 (/system/bin/hwservicemanager)
[ 1742.605394] init: Control message: Could not find 'vendor.qti.diaghal@1.0::Idiag/default' for ctl.interface_start from pid: 754 (/system/bin/hwservicemanager)
[ 1743.384180] SELinux: avc:  denied  { find } for pid=23272 uid=0 name=game scontext=u:r:xsud:s0 tcontext=u:object_r:game_service:s0 tclass=service_manager permissive=1
[ 1743.500464] audit: audit_lost=70087 audit_rate_limit=5 audit_backlog_limit=64
[ 1743.500469] audit: rate limit exceeded
[ 1743.606544] init: Control message: Could not find 'vendor.qti.diaghal@1.0::Idiag/default' for ctl.interface_start from pid: 754 (/system/bin/hwservicemanager)
[ 1743.775323] [kworke][0x7d96622b9][18:56:31.121218] kiwi_v2: [859:I:PMO] pmo_core_psoc_send_host_wakeup_ind_to_fw: Host wakeup indication sent to fw
[ 1744.608461] init: Control message: Could not find 'vendor.qti.diaghal@1.0::Idiag/default' for ctl.interface_start from pid: 754 (/system/bin/hwservicemanager)
[ 1744.732531] [kworke][0x7da7e8f66][18:56:32.078401] kiwi_v2: [859:I:PMO] pmo_core_enable_wow_in_fw: drv wow is enabled
[ 1744.880942] audit: audit_lost=70237 audit_rate_limit=5 audit_backlog_limit=64
[ 1744.880947] audit: rate limit exceeded
[ 1745.609501] init: Control message: Could not find 'vendor.qti.diaghal@1.0::Idiag/default' for ctl.interface_start from pid: 754 (/system/bin/hwservicemanager)
[ 1746.118813] audit: audit_lost=70272 audit_rate_limit=5 audit_backlog_limit=64
[ 1746.118818] audit: rate limit exceeded
[ 1746.610602] init: Control message: Could not find 'vendor.qti.diaghal@1.0::Idiag/default' for ctl.interface_start from pid: 754 (/system/bin/hwservicemanager)
[ 1747.127722] type=1400 audit(1785264994.468:75545): avc:  denied  { read } for  comm="top" scontext=u:r:system_app:s0 tcontext=u:r:vendor_hal_identity_qti:s0 tclass=file permissive=1
[ 1747.127960] type=1400 audit(1785264994.468:75546): avc:  denied  { read } for  comm="top" scontext=u:r:system_app:s0 tcontext=u:r:hal_ir_default:s0 tclass=file permissive=1
[ 1747.130047] type=1400 audit(1785264994.472:75547): avc:  denied  { open } for  comm="top" path="/proc/1380/stat" dev="proc" ino=756419 scontext=u:r:system_app:s0 tcontext=u:r:vendor_hal_identity_qti:s0 tclass=file permissive=1
[ 1747.130246] type=1400 audit(1785264994.472:75548): avc:  denied  { open } for  comm="top" path="/proc/1386/stat" dev="proc" ino=756423 scontext=u:r:system_app:s0 tcontext=u:r:hal_ir_default:s0 tclass=file permissive=1
[ 1747.130376] audit: audit_lost=70291 audit_rate_limit=5 audit_backlog_limit=64
[ 1747.130381] audit: rate limit exceeded
[ 1747.130409] type=1400 audit(1785264994.472:75549): avc:  denied  { getattr } for  comm="top" path="/proc/1447" dev="proc" ino=756365 scontext=u:r:system_app:s0 tcontext=u:r:vendor_hal_usb_qti:s0 tclass=dir permissive=1
[ 1747.612648] init: Control message: Could not find 'vendor.qti.diaghal@1.0::Idiag/default' for ctl.interface_start from pid: 754 (/system/bin/hwservicemanager)
[ 1748.376939] type=1400 audit(1785264995.720:75560): avc:  denied  { getattr } for  comm="top" path="/proc/3431" dev="proc" ino=717687 scontext=u:r:system_app:s0 tcontext=u:r:vendor_qspmsvc:s0 tclass=dir permissive=1
[ 1748.377669] type=1400 audit(1785264995.720:75561): avc:  denied  { search } for  comm="top" name="3431" dev="proc" ino=717687 scontext=u:r:system_app:s0 tcontext=u:r:vendor_qspmsvc:s0 tclass=dir permissive=1
[ 1748.550094] type=1400 audit(1785264995.892:75562): avc:  denied  { syslog_read } for  comm="dmesg" scontext=u:r:xsud:s0 tcontext=u:r:kernel:s0 tclass=system permissive=1
[ 1748.550350] type=1400 audit(1785264995.892:75563): avc:  denied  { syslog_mod } for  comm="dmesg" scontext=u:r:xsud:s0 tcontext=u:r:kernel:s0 tclass=system permissive=1
[ 1748.612747] init: Control message: Could not find 'vendor.qti.diaghal@1.0::Idiag/default' for ctl.interface_start from pid: 754 (/system/bin/hwservicemanager)
[ 1748.671338] audit: audit_lost=70301 audit_rate_limit=5 audit_backlog_limit=64
[ 1748.671343] audit: rate limit exceeded
[ 1748.671622] type=1400 audit(1785264996.012:75564): avc:  denied  { read } for  comm="cat" name="cur_freq" dev="sysfs" ino=124350 scontext=u:r:xsud:s0 tcontext=u:object_r:vendor_sysfs_kgsl:s0 tclass=file permissive=1
[ 1749.613852] init: Control message: Could not find 'vendor.qti.diaghal@1.0::Idiag/default' for ctl.interface_start from pid: 754 (/system/bin/hwservicemanager)
[ 1750.125802] audit: audit_lost=70319 audit_rate_limit=5 audit_backlog_limit=64
[ 1750.125812] audit: rate limit exceeded
[ 1750.616183] init: Control message: Could not find 'vendor.qti.diaghal@1.0::Idiag/default' for ctl.interface_start from pid: 754 (/system/bin/hwservicemanager)
[ 1750.935797] [kworke][0x7e197ee36][18:56:38.281691] kiwi_v2: [859:I:PMO] pmo_core_psoc_send_host_wakeup_ind_to_fw: Host wakeup indication sent to fw
[ 1751.129038] audit: audit_lost=70330 audit_rate_limit=5 audit_backlog_limit=64
[ 1751.129043] audit: rate limit exceeded
[ 1751.617342] init: Control message: Could not find 'vendor.qti.diaghal@1.0::Idiag/default' for ctl.interface_start from pid: 754 (/system/bin/hwservicemanager)
[ 1752.198151] audit: audit_lost=70425 audit_rate_limit=5 audit_backlog_limit=64
[ 1752.198159] audit: rate limit exceeded
[ 1752.619929] init: Control message: Could not find 'vendor.qti.diaghal@1.0::Idiag/default' for ctl.interface_start from pid: 754 (/system/bin/hwservicemanager)
[ 1752.916537] [kworke][0x7e3dc399f][18:56:40.262430] kiwi_v2: [859:I:PMO] pmo_core_enable_wow_in_fw: drv wow is enabled
[ 1753.120978] type=1400 audit(1785265000.464:75730): avc:  denied  { getattr } for  comm="top" path="/proc/1455" dev="proc" ino=756367 scontext=u:r:system_app:s0 tcontext=u:r:vendor_hal_spu_qti:s0 tclass=dir permissive=1
[ 1753.121240] type=1400 audit(1785265000.464:75731): avc:  denied  { search } for  comm="top" name="1455" dev="proc" ino=756367 scontext=u:r:system_app:s0 tcontext=u:r:vendor_hal_spu_qti:s0 tclass=dir permissive=1
[ 1753.121806] type=1400 audit(1785265000.464:75732): avc:  denied  { getattr } for  comm="top" path="/proc/1767" dev="proc" ino=717674 scontext=u:r:system_app:s0 tcontext=u:r:vendor_per_proxy:s0 tclass=dir permissive=1
[ 1753.121889] type=1400 audit(1785265000.464:75733): avc:  denied  { search } for  comm="top" name="1767" dev="proc" ino=717674 scontext=u:r:system_app:s0 tcontext=u:r:vendor_per_proxy:s0 tclass=dir permissive=1
[ 1753.122087] type=1400 audit(1785265000.464:75734): avc:  denied  { read } for  comm="top" scontext=u:r:system_app:s0 tcontext=u:r:vendor_perfservice:s0 tclass=file permissive=1
[ 1753.234446] audit: audit_lost=70454 audit_rate_limit=5 audit_backlog_limit=64
[ 1753.234456] audit: rate limit exceeded
[ 1753.571633] wcd-usbss-i2c-driver 1-000e: wcd_usbss_is_in_reset_state: Surge check #3 failed
[ 1753.622927] init: Control message: Could not find 'vendor.qti.diaghal@1.0::Idiag/default' for ctl.interface_start from pid: 754 (/system/bin/hwservicemanager)
[ 1754.125214] type=1400 audit(1785265001.468:75756): avc:  denied  { getattr } for  comm="top" path="/proc/1879" dev="proc" ino=717680 scontext=u:r:system_app:s0 tcontext=u:r:vendor_perf_qesdk:s0 tclass=dir permissive=1
[ 1754.125775] type=1400 audit(1785265001.468:75757): avc:  denied  { search } for  comm="top" name="1879" dev="proc" ino=717680 scontext=u:r:system_app:s0 tcontext=u:r:vendor_perf_qesdk:s0 tclass=dir permissive=1
[ 1754.126116] type=1400 audit(1785265001.468:75758): avc:  denied  { open } for  comm="top" path="/proc/3431/stat" dev="proc" ino=718226 scontext=u:r:system_app:s0 tcontext=u:r:vendor_qspmsvc:s0 tclass=file permissive=1
[ 1754.347714] type=1400 audit(1785265001.692:75759): avc:  denied  { write } for  comm="Thread-10661" name="pulse_fifo_in" dev="dm-53" ino=332444 scontext=u:r:untrusted_app:s0:c183,c256,c512,c768 tcontext=u:object_r:app_data_file:s0 tclass=fifo_file permissive=1 app=com.kei.pulse
[ 1754.376982] audit: audit_lost=70472 audit_rate_limit=5 audit_backlog_limit=64
[ 1754.376988] audit: rate limit exceeded
[ 1754.377090] type=1400 audit(1785265001.720:75760): avc:  denied  { getattr } for  comm="top" path="/proc/1447" dev="proc" ino=756365 scontext=u:r:system_app:s0 tcontext=u:r:vendor_hal_usb_qti:s0 tclass=dir permissive=1
[ 1754.623233] init: Control message: Could not find 'vendor.qti.diaghal@1.0::Idiag/default' for ctl.interface_start from pid: 754 (/system/bin/hwservicemanager)
[ 1755.625982] init: Control message: Could not find 'vendor.qti.diaghal@1.0::Idiag/default' for ctl.interface_start from pid: 754 (/system/bin/hwservicemanager)
[ 1755.733041] audit: audit_lost=70495 audit_rate_limit=5 audit_backlog_limit=64
[ 1755.733047] audit: rate limit exceeded
[ 1756.628070] init: Control message: Could not find 'vendor.qti.diaghal@1.0::Idiag/default' for ctl.interface_start from pid: 754 (/system/bin/hwservicemanager)
[ 1757.364824] audit: audit_lost=70509 audit_rate_limit=5 audit_backlog_limit=64
[ 1757.364831] audit: rate limit exceeded
[ 1757.630788] init: Control message: Could not find 'vendor.qti.diaghal@1.0::Idiag/default' for ctl.interface_start from pid: 754 (/system/bin/hwservicemanager)
[ 1758.576091] type=1400 audit(1785265005.920:75830): avc:  denied  { read } for  comm="sh" name="fps-probe.sh" dev="dm-53" ino=330200 scontext=u:r:xsud:s0 tcontext=u:object_r:app_data_file:s0:c183,c256,c512,c768 tclass=file permissive=1
[ 1758.576202] type=1400 audit(1785265005.920:75831): avc:  denied  { open } for  comm="sh" path="/data/user/0/com.kei.pulse/files/fps-probe.sh" dev="dm-53" ino=330200 scontext=u:r:xsud:s0 tcontext=u:object_r:app_data_file:s0:c183,c256,c512,c768 tclass=file permissive=1
[ 1758.633629] init: Control message: Could not find 'vendor.qti.diaghal@1.0::Idiag/default' for ctl.interface_start from pid: 754 (/system/bin/hwservicemanager)
[ 1758.667770] type=1400 audit(1785265006.012:75832): avc:  denied  { append } for  comm="sh" name="pulse_20260728_203503.log" dev="fuse" ino=332446 scontext=u:r:xsud:s0 tcontext=u:object_r:fuse:s0 tclass=file permissive=1
[ 1758.668382] type=1400 audit(1785265006.012:75833): avc:  denied  { open } for  comm="sh" path="/storage/emulated/0/apl_pulse_logs/pulse_20260728_203503.log" dev="fuse" ino=332446 scontext=u:r:xsud:s0 tcontext=u:object_r:fuse:s0 tclass=file permissive=1
[ 1758.669164] audit: audit_lost=70531 audit_rate_limit=5 audit_backlog_limit=64
[ 1758.669180] audit: rate limit exceeded
[ 1758.669284] type=1400 audit(1785265006.012:75834): avc:  denied  { read } for  comm="sh" name="pulse_fifo_in" dev="dm-53" ino=332444 scontext=u:r:xsud:s0 tcontext=u:object_r:app_data_file:s0 tclass=fifo_file permissive=1
[ 1759.635612] init: Control message: Could not find 'vendor.qti.diaghal@1.0::Idiag/default' for ctl.interface_start from pid: 754 (/system/bin/hwservicemanager)
[ 1759.892251] type=1400 audit(1785265007.236:75853): avc:  denied  { write } for  comm="sh" name="pulse_fifo_out" dev="dm-53" ino=332445 scontext=u:r:xsud:s0 tcontext=u:object_r:app_data_file:s0 tclass=fifo_file permissive=1
[ 1760.637525] init: Control message: Could not find 'vendor.qti.diaghal@1.0::Idiag/default' for ctl.interface_start from pid: 754 (/system/bin/hwservicemanager)
[ 1761.071778] [kworke][0x7ed3174b2][18:56:48.417671] kiwi_v2: [28951:I:PMO] pmo_core_psoc_send_host_wakeup_ind_to_fw: Host wakeup indication sent to fw
[ 1761.081402] [soft_i][0x7ed34466a][18:56:48.427294] kiwi_v2: [0:I:WMA] WLAN triggered wakeup: BPF_ALLOW (39), vdev: 0 (STA)
[ 1761.081553] [soft_i][0x7ed3451d8][18:56:48.427447] kiwi_v2: [0:I:WMA] wma_wake_event_packet: Wake event packet:
[ 1761.115163] type=1400 audit(1785265008.456:75854): avc:  denied  { getattr } for  comm="top" path="/proc/754" dev="proc" ino=764899 scontext=u:r:system_app:s0 tcontext=u:r:hwservicemanager:s0 tclass=dir permissive=1
[ 1761.115697] type=1400 audit(1785265008.456:75855): avc:  denied  { search } for  comm="top" name="754" dev="proc" ino=764899 scontext=u:r:system_app:s0 tcontext=u:r:hwservicemanager:s0 tclass=dir permissive=1
[ 1761.115852] type=1400 audit(1785265008.456:75856): avc:  denied  { getattr } for  comm="top" path="/proc/756" dev="proc" ino=756355 scontext=u:r:system_app:s0 tcontext=u:r:vndservicemanager:s0 tclass=dir permissive=1
[ 1761.115909] type=1400 audit(1785265008.456:75857): avc:  denied  { read } for  comm="top" scontext=u:r:system_app:s0 tcontext=u:r:vndservicemanager:s0 tclass=file permissive=1
[ 1761.119098] audit: audit_lost=70549 audit_rate_limit=5 audit_backlog_limit=64
[ 1761.119102] audit: rate limit exceeded
[ 1761.639105] [kworke][0x7edd7aa2a][18:56:48.984998] kiwi_v2: [28951:I:PMO] pmo_core_enable_wow_in_fw: drv wow is enabled
[ 1761.640219] init: Control message: Could not find 'vendor.qti.diaghal@1.0::Idiag/default' for ctl.interface_start from pid: 754 (/system/bin/hwservicemanager)
[ 1762.634655] audit: audit_lost=70563 audit_rate_limit=5 audit_backlog_limit=64
[ 1762.634665] audit: rate limit exceeded
[ 1762.640998] init: Control message: Could not find 'vendor.qti.diaghal@1.0::Idiag/default' for ctl.interface_start from pid: 754 (/system/bin/hwservicemanager)
[ 1762.717006] servicemanager: Found vendor.qti.hardware.perf2.IPerf/default in device VINTF manifest.
[ 1762.721354] init: Control message: Could not find 'vendor.qti.diaghal@1.0::Idiag/default' for ctl.interface_start from pid: 754 (/system/bin/hwservicemanager)
[ 1762.721703] init: Control message: Could not find 'vendor.qti.diaghal@1.0::Idiag/default' for ctl.interface_start from pid: 754 (/system/bin/hwservicemanager)
[ 1763.715875] type=1400 audit(1785265011.056:76077): avc:  denied  { write } for  comm="Thread-10692" name="pulse_fifo_in" dev="dm-53" ino=332444 scontext=u:r:untrusted_app:s0:c183,c256,c512,c768 tcontext=u:object_r:app_data_file:s0 tclass=fifo_file permissive=1 app=com.kei.pulse
[ 1763.724713] init: Control message: Could not find 'vendor.qti.diaghal@1.0::Idiag/default' for ctl.interface_start from pid: 754 (/system/bin/hwservicemanager)
[ 1763.782044] type=1400 audit(1785265011.124:76078): avc:  denied  { read } for  comm="cat" name="gpuclk" dev="sysfs" ino=124210 scontext=u:r:xsud:s0 tcontext=u:object_r:vendor_sysfs_kgsl_gpuclk:s0 tclass=file permissive=1
[ 1763.782188] type=1400 audit(1785265011.124:76079): avc:  denied  { open } for  comm="cat" path="/sys/devices/platform/soc/3d00000.qcom,kgsl-3d0/kgsl/kgsl-3d0/gpuclk" dev="sysfs" ino=124210 scontext=u:r:xsud:s0 tcontext=u:object_r:vendor_sysfs_kgsl_gpuclk:s0 tclass=file permissive=1
[ 1763.810518] type=1400 audit(1785265011.152:76080): avc:  denied  { read } for  comm="cat" name="cur_freq" dev="sysfs" ino=124350 scontext=u:r:xsud:s0 tcontext=u:object_r:vendor_sysfs_kgsl:s0 tclass=file permissive=1
[ 1763.811129] type=1400 audit(1785265011.152:76081): avc:  denied  { open } for  comm="cat" path="/sys/devices/platform/soc/3d00000.qcom,kgsl-3d0/devfreq/3d00000.qcom,kgsl-3d0/cur_freq" dev="sysfs" ino=124350 scontext=u:r:xsud:s0 tcontext=u:object_r:vendor_sysfs_kgsl:s0 tclass=file permissive=1
[ 1763.855631] audit: audit_lost=70758 audit_rate_limit=5 audit_backlog_limit=64
[ 1763.855636] audit: rate limit exceeded
[ 1764.728655] init: Control message: Could not find 'vendor.qti.diaghal@1.0::Idiag/default' for ctl.interface_start from pid: 754 (/system/bin/hwservicemanager)
[ 1765.103166] type=1400 audit(1785265012.444:76193): avc:  denied  { read } for  comm="top" name="pid_max" dev="proc" ino=756353 scontext=u:r:system_app:s0 tcontext=u:object_r:proc_pid_max:s0 tclass=file permissive=1
[ 1765.103509] type=1400 audit(1785265012.444:76194): avc:  denied  { open } for  comm="top" path="/proc/sys/kernel/pid_max" dev="proc" ino=756353 scontext=u:r:system_app:s0 tcontext=u:object_r:proc_pid_max:s0 tclass=file permissive=1
[ 1765.103790] type=1400 audit(1785265012.444:76195): avc:  denied  { read } for  comm="top" scontext=u:r:system_app:s0 tcontext=u:r:vendor_hal_qspa_default:s0 tclass=file permissive=1
[ 1765.105052] type=1400 audit(1785265012.448:76196): avc:  denied  { getattr } for  comm="top" path="/proc/1469" dev="proc" ino=756371 scontext=u:r:system_app:s0 tcontext=u:r:vendor_hal_qesdhal_default:s0 tclass=dir permissive=1
[ 1765.105075] audit: audit_lost=70869 audit_rate_limit=5 audit_backlog_limit=64
[ 1765.105077] audit: rate limit exceeded
[ 1765.105142] type=1400 audit(1785265012.448:76197): avc:  denied  { search } for  comm="top" name="1469" dev="proc" ino=756371 scontext=u:r:system_app:s0 tcontext=u:r:vendor_hal_qesdhal_default:s0 tclass=dir permissive=1
[ 1765.731647] init: Control message: Could not find 'vendor.qti.diaghal@1.0::Idiag/default' for ctl.interface_start from pid: 754 (/system/bin/hwservicemanager)
[ 1766.269688] healthd: battery l=71 v=8048 t=33.0 h=2 st=3 c=-219732 fc=4162000 cc=0 chg=a
[ 1766.300921] BATTERY_CHG: battery_psy_set_online: battery_psy_set_online: set online 1
[ 1766.360489] audit: audit_lost=70899 audit_rate_limit=5 audit_backlog_limit=64
[ 1766.360495] audit: rate limit exceeded
[ 1766.732304] init: Control message: Could not find 'vendor.qti.diaghal@1.0::Idiag/default' for ctl.interface_start from pid: 754 (/system/bin/hwservicemanager)
[ 1767.734990] init: Control message: Could not find 'vendor.qti.diaghal@1.0::Idiag/default' for ctl.interface_start from pid: 754 (/system/bin/hwservicemanager)
[ 1767.986053] audit: audit_lost=70919 audit_rate_limit=5 audit_backlog_limit=64
[ 1767.986062] audit: rate limit exceeded
[ 1768.677957] wcd-usbss-i2c-driver 1-000e: wcd_usbss_is_in_reset_state: Surge check #3 failed
[ 1768.737858] init: Control message: Could not find 'vendor.qti.diaghal@1.0::Idiag/default' for ctl.interface_start from pid: 754 (/system/bin/hwservicemanager)
[ 1769.740234] init: Control message: Could not find 'vendor.qti.diaghal@1.0::Idiag/default' for ctl.interface_start from pid: 754 (/system/bin/hwservicemanager)
[ 1770.101350] type=1400 audit(1785265017.444:76262): avc:  denied  { read } for  comm="top" scontext=u:r:system_app:s0 tcontext=u:r:vendor_hal_usb_qti:s0 tclass=file permissive=1
[ 1770.103109] type=1400 audit(1785265017.444:76263): avc:  denied  { open } for  comm="top" path="/proc/1447/stat" dev="proc" ino=756431 scontext=u:r:system_app:s0 tcontext=u:r:vendor_hal_usb_qti:s0 tclass=file permissive=1
[ 1770.459688] type=1400 audit(1785265017.800:76264): avc:  denied  { write } for  comm="sh" name="pwm1" dev="sysfs" ino=115174 scontext=u:r:xsud:s0 tcontext=u:object_r:sysfs:s0 tclass=file permissive=1
[ 1770.459867] type=1400 audit(1785265017.800:76265): avc:  denied  { open } for  comm="sh" path="/sys/devices/platform/soc/soc:pwm-fan/hwmon/hwmon0/pwm1" dev="sysfs" ino=115174 scontext=u:r:xsud:s0 tcontext=u:object_r:sysfs:s0 tclass=file permissive=1
[ 1770.645253] [kworke][0x7f8262f7e][18:56:57.991149] kiwi_v2: [859:I:PMO] pmo_core_psoc_send_host_wakeup_ind_to_fw: Host wakeup indication sent to fw
[ 1770.655430] audit: audit_lost=70923 audit_rate_limit=5 audit_backlog_limit=64
[ 1770.655434] audit: rate limit exceeded
[ 1770.655686] type=1400 audit(1785265017.996:76266): avc:  denied  { read } for  comm="cat" name="temp" dev="sysfs" ino=124234 scontext=u:r:xsud:s0 tcontext=u:object_r:vendor_sysfs_kgsl:s0 tclass=file permissive=1
[ 1770.742064] init: Control message: Could not find 'vendor.qti.diaghal@1.0::Idiag/default' for ctl.interface_start from pid: 754 (/system/bin/hwservicemanager)
[ 1771.357171] type=1400 audit(1785265018.700:76291): avc:  denied  { getattr } for  comm="Timer-0" path="/proc/stat" dev="proc" ino=4026532011 scontext=u:r:system_app:s0 tcontext=u:object_r:proc_stat:s0 tclass=file permissive=1
[ 1771.413226] [kworke][0x7f9072d43][18:56:58.759119] kiwi_v2: [859:I:PMO] pmo_core_enable_wow_in_fw: drv wow is enabled
[ 1771.518971] type=1400 audit(1785265018.860:76292): avc:  denied  { read } for  comm="cat" name="gpuclk" dev="sysfs" ino=124210 scontext=u:r:xsud:s0 tcontext=u:object_r:vendor_sysfs_kgsl_gpuclk:s0 tclass=file permissive=1
[ 1771.519590] type=1400 audit(1785265018.860:76293): avc:  denied  { open } for  comm="cat" path="/sys/devices/platform/soc/3d00000.qcom,kgsl-3d0/kgsl/kgsl-3d0/gpuclk" dev="sysfs" ino=124210 scontext=u:r:xsud:s0 tcontext=u:object_r:vendor_sysfs_kgsl_gpuclk:s0 tclass=file permissive=1
[ 1771.592857] type=1400 audit(1785265018.936:76294): avc:  denied  { syslog_read } for  comm="dmesg" scontext=u:r:xsud:s0 tcontext=u:r:kernel:s0 tclass=system permissive=1
[ 1771.593409] type=1400 audit(1785265018.936:76295): avc:  denied  { syslog_mod } for  comm="dmesg" scontext=u:r:xsud:s0 tcontext=u:r:kernel:s0 tclass=system permissive=1
[ 1771.745635] init: Control message: Could not find 'vendor.qti.diaghal@1.0::Idiag/default' for ctl.interface_start from pid: 754 (/system/bin/hwservicemanager)
[ 1772.098221] audit: audit_lost=70947 audit_rate_limit=5 audit_backlog_limit=64
[ 1772.098226] audit: rate limit exceeded
[ 1772.745669] init: Control message: Could not find 'vendor.qti.diaghal@1.0::Idiag/default' for ctl.interface_start from pid: 754 (/system/bin/hwservicemanager)
[ 1773.099615] audit: audit_lost=70968 audit_rate_limit=5 audit_backlog_limit=64
[ 1773.099620] audit: rate limit exceeded
[ 1773.747577] init: Control message: Could not find 'vendor.qti.diaghal@1.0::Idiag/default' for ctl.interface_start from pid: 754 (/system/bin/hwservicemanager)
[ 1774.364565] audit: audit_lost=70972 audit_rate_limit=5 audit_backlog_limit=64
[ 1774.364572] audit: rate limit exceeded
[ 1774.750276] init: Control message: Could not find 'vendor.qti.diaghal@1.0::Idiag/default' for ctl.interface_start from pid: 754 (/system/bin/hwservicemanager)
[ 1775.527041] type=1400 audit(1785265022.868:76333): avc:  denied  { write } for  comm="sh" name="pulse_fifo_out" dev="dm-53" ino=332445 scontext=u:r:xsud:s0 tcontext=u:object_r:app_data_file:s0 tclass=fifo_file permissive=1
[ 1775.527605] type=1400 audit(1785265022.868:76334): avc:  denied  { open } for  comm="sh" path="/data/user/0/com.kei.pulse/files/pulse_fifo_out" dev="dm-53" ino=332445 scontext=u:r:xsud:s0 tcontext=u:object_r:app_data_file:s0 tclass=fifo_file permissive=1
[ 1775.527707] type=1400 audit(1785265022.868:76335): avc:  denied  { read } for  comm="sh" name="pulse_fifo_in" dev="dm-53" ino=332444 scontext=u:r:xsud:s0 tcontext=u:object_r:app_data_file:s0 tclass=fifo_file permissive=1
[ 1775.536313] type=1400 audit(1785265022.880:76336): avc:  denied  { append } for  comm="sh" name="pulse_20260728_203503.log" dev="fuse" ino=332446 scontext=u:r:xsud:s0 tcontext=u:object_r:fuse:s0 tclass=file permissive=1
[ 1775.536604] type=1400 audit(1785265022.880:76337): avc:  denied  { open } for  comm="sh" path="/storage/emulated/0/apl_pulse_logs/pulse_20260728_203503.log" dev="fuse" ino=332446 scontext=u:r:xsud:s0 tcontext=u:object_r:fuse:s0 tclass=file permissive=1
[ 1775.751993] init: Control message: Could not find 'vendor.qti.diaghal@1.0::Idiag/default' for ctl.interface_start from pid: 754 (/system/bin/hwservicemanager)
[ 1776.103858] audit: audit_lost=70974 audit_rate_limit=5 audit_backlog_limit=64
[ 1776.103869] audit: rate limit exceeded
[ 1776.753275] init: Control message: Could not find 'vendor.qti.diaghal@1.0::Idiag/default' for ctl.interface_start from pid: 754 (/system/bin/hwservicemanager)
[ 1777.102705] type=1400 audit(1785265024.444:76374): avc:  denied  { read } for  comm="top" scontext=u:r:system_app:s0 tcontext=u:r:servicemanager:s0 tclass=file permissive=1
[ 1777.102847] type=1400 audit(1785265024.444:76375): avc:  denied  { read } for  comm="top" scontext=u:r:system_app:s0 tcontext=u:r:hwservicemanager:s0 tclass=file permissive=1
[ 1777.102979] type=1400 audit(1785265024.444:76376): avc:  denied  { read } for  comm="top" scontext=u:r:system_app:s0 tcontext=u:r:vendor_spdaemon:s0 tclass=file permissive=1
[ 1777.103043] type=1400 audit(1785265024.444:76377): avc:  denied  { read } for  comm="top" scontext=u:r:system_app:s0 tcontext=u:r:vendor_sec_nvm:s0 tclass=file permissive=1
[ 1777.103234] type=1400 audit(1785265024.444:76378): avc:  denied  { read } for  comm="top" scontext=u:r:system_app:s0 tcontext=u:r:vendor_hal_trustedui_qti:s0 tclass=file permissive=1
[ 1777.108397] audit: audit_lost=71015 audit_rate_limit=5 audit_backlog_limit=64
[ 1777.108400] audit: rate limit exceeded
[ 1777.756197] init: Control message: Could not find 'vendor.qti.diaghal@1.0::Idiag/default' for ctl.interface_start from pid: 754 (/system/bin/hwservicemanager)
[ 1778.354547] audit: audit_lost=71029 audit_rate_limit=5 audit_backlog_limit=64
[ 1778.354554] audit: rate limit exceeded
[ 1778.757843] init: Control message: Could not find 'vendor.qti.diaghal@1.0::Idiag/default' for ctl.interface_start from pid: 754 (/system/bin/hwservicemanager)
[ 1779.759898] init: Control message: Could not find 'vendor.qti.diaghal@1.0::Idiag/default' for ctl.interface_start from pid: 754 (/system/bin/hwservicemanager)
[ 1780.761802] init: Control message: Could not find 'vendor.qti.diaghal@1.0::Idiag/default' for ctl.interface_start from pid: 754 (/system/bin/hwservicemanager)
[ 1780.829282] [kworke][0x803cdc047][18:57:08.175053] kiwi_v2: [28951:I:PMO] pmo_core_psoc_send_host_wakeup_ind_to_fw: Host wakeup indication sent to fw
[ 1780.839334] [soft_i][0x803d0bb2e][18:57:08.185225] kiwi_v2: [0:I:WMA] WLAN triggered wakeup: BPF_ALLOW (39), vdev: 0 (STA)
[ 1780.839517] [soft_i][0x803d0c918][18:57:08.185410] kiwi_v2: [0:I:WMA] wma_wake_event_packet: Wake event packet:
[ 1780.911602] type=1400 audit(1785265028.252:76418): avc:  denied  { execute } for  comm="DefaultDispatch" name="xsu" dev="dm-11" ino=188 scontext=u:r:untrusted_app:s0:c183,c256,c512,c768 tcontext=u:object_r:xsu_exec:s0 tclass=file permissive=1 app=com.kei.pulse
[ 1780.912230] type=1400 audit(1785265028.252:76419): avc:  denied  { read open } for  comm="DefaultDispatch" path="/product/bin/xsu" dev="dm-11" ino=188 scontext=u:r:untrusted_app:s0:c183,c256,c512,c768 tcontext=u:object_r:xsu_exec:s0 tclass=file permissive=1 app=com.kei.pulse
[ 1780.912385] type=1400 audit(1785265028.252:76420): avc:  denied  { execute_no_trans } for  comm="DefaultDispatch" path="/product/bin/xsu" dev="dm-11" ino=188 scontext=u:r:untrusted_app:s0:c183,c256,c512,c768 tcontext=u:object_r:xsu_exec:s0 tclass=file permissive=1 app=com.kei.pulse
[ 1780.912515] type=1400 audit(1785265028.252:76421): avc:  denied  { map } for  comm="xsu" path="/product/bin/xsu" dev="dm-11" ino=188 scontext=u:r:untrusted_app:s0:c183,c256,c512,c768 tcontext=u:object_r:xsu_exec:s0 tclass=file permissive=1 app=com.kei.pulse
[ 1780.912643] type=1400 audit(1785265028.256:76422): avc:  denied  { getattr } for  comm="xsu" path="/product/bin/xsu" dev="dm-11" ino=188 scontext=u:r:untrusted_app:s0:c183,c256,c512,c768 tcontext=u:object_r:xsu_exec:s0 tclass=file permissive=1 app=com.kei.pulse
[ 1780.944592] type=1400 audit(1785265028.288:76423): avc:  denied  { call } for  comm="dumpsys" scontext=u:r:xsud:s0 tcontext=u:r:servicemanager:s0 tclass=binder permissive=1
[ 1781.082193] audit: audit_lost=71040 audit_rate_limit=5 audit_backlog_limit=64
[ 1781.082205] audit: rate limit exceeded
[ 1781.377060] [kworke][0x8046e431c][18:57:08.722930] kiwi_v2: [28951:I:PMO] pmo_core_enable_wow_in_fw: drv wow is enabled
[ 1781.764569] init: Control message: Could not find 'vendor.qti.diaghal@1.0::Idiag/default' for ctl.interface_start from pid: 754 (/system/bin/hwservicemanager)
[ 1782.099081] type=1400 audit(1785265029.440:76439): avc:  denied  { read } for  comm="top" scontext=u:r:system_app:s0 tcontext=u:r:hal_allocator_default:s0 tclass=file permissive=1
[ 1782.099383] type=1400 audit(1785265029.440:76440): avc:  denied  { read } for  comm="top" scontext=u:r:system_app:s0 tcontext=u:r:hal_tsnv_default:s0 tclass=file permissive=1
[ 1782.099516] type=1400 audit(1785265029.440:76441): avc:  denied  { read } for  comm="top" scontext=u:r:system_app:s0 tcontext=u:r:vendor_perfservice:s0 tclass=file permissive=1
[ 1782.101756] type=1400 audit(1785265029.444:76442): avc:  denied  { open } for  comm="top" path="/proc/1354/stat" dev="proc" ino=756415 scontext=u:r:system_app:s0 tcontext=u:r:hal_allocator_default:s0 tclass=file permissive=1
[ 1782.102871] audit: audit_lost=71055 audit_rate_limit=5 audit_backlog_limit=64
[ 1782.102876] audit: rate limit exceeded
[ 1782.784553] servicemanager: Found vendor.qti.hardware.perf2.IPerf/default in device VINTF manifest.
[ 1782.788456] init: Control message: Could not find 'vendor.qti.diaghal@1.0::Idiag/default' for ctl.interface_start from pid: 754 (/system/bin/hwservicemanager)
[ 1782.788810] init: Control message: Could not find 'vendor.qti.diaghal@1.0::Idiag/default' for ctl.interface_start from pid: 754 (/system/bin/hwservicemanager)
[ 1783.350118] audit: audit_lost=71202 audit_rate_limit=5 audit_backlog_limit=64
[ 1783.350123] audit: rate limit exceeded
[ 1783.779937] wcd-usbss-i2c-driver 1-000e: wcd_usbss_is_in_reset_state: Surge check #3 failed
[ 1783.791760] init: Control message: Could not find 'vendor.qti.diaghal@1.0::Idiag/default' for ctl.interface_start from pid: 754 (/system/bin/hwservicemanager)
[ 1784.792363] init: Control message: Could not find 'vendor.qti.diaghal@1.0::Idiag/default' for ctl.interface_start from pid: 754 (/system/bin/hwservicemanager)
[ 1784.878976] audit: audit_lost=71318 audit_rate_limit=5 audit_backlog_limit=64
[ 1784.878987] audit: rate limit exceeded
[ 1785.794768] init: Control message: Could not find 'vendor.qti.diaghal@1.0::Idiag/default' for ctl.interface_start from pid: 754 (/system/bin/hwservicemanager)
[ 1785.996510] type=1400 audit(1785265033.340:76756): avc:  denied  { write } for  comm="Thread-10780" name="pulse_fifo_in" dev="dm-53" ino=332444 scontext=u:r:untrusted_app:s0:c183,c256,c512,c768 tcontext=u:object_r:app_data_file:s0 tclass=fifo_file permissive=1 app=com.kei.pulse
[ 1786.061189] type=1400 audit(1785265033.404:76757): avc:  denied  { read } for  comm="sh" name="primary" dev="tmpfs" ino=42 scontext=u:r:xsud:s0 tcontext=u:object_r:mnt_user_file:s0 tclass=lnk_file permissive=1
[ 1786.061495] type=1400 audit(1785265033.404:76758): avc:  denied  { search } for  comm="sh" name="0" dev="tmpfs" ino=12 scontext=u:r:xsud:s0 tcontext=u:object_r:mnt_user_file:s0 tclass=dir permissive=1
[ 1786.095980] audit: audit_lost=71355 audit_rate_limit=5 audit_backlog_limit=64
[ 1786.095985] audit: rate limit exceeded
[ 1786.797610] init: Control message: Could not find 'vendor.qti.diaghal@1.0::Idiag/default' for ctl.interface_start from pid: 754 (/system/bin/hwservicemanager)
[ 1787.345538] type=1400 audit(1785265034.688:76761): avc:  denied  { read } for  comm="top" scontext=u:r:system_app:s0 tcontext=u:r:vendor_hal_usb_qti:s0 tclass=file permissive=1
[ 1787.347071] audit: audit_lost=71357 audit_rate_limit=5 audit_backlog_limit=64
[ 1787.347075] audit: rate limit exceeded
[ 1787.347190] type=1400 audit(1785265034.688:76762): avc:  denied  { read } for  comm="top" scontext=u:r:system_app:s0 tcontext=u:r:vendor_perf_qesdk:s0 tclass=file permissive=1
[ 1787.347361] type=1400 audit(1785265034.688:76763): avc:  denied  { getattr } for  comm="top" path="/proc/1380" dev="proc" ino=756362 scontext=u:r:system_app:s0 tcontext=u:r:vendor_hal_identity_qti:s0 tclass=dir permissive=1
[ 1787.347529] type=1400 audit(1785265034.688:76764): avc:  denied  { search } for  comm="top" name="1380" dev="proc" ino=756362 scontext=u:r:system_app:s0 tcontext=u:r:vendor_hal_identity_qti:s0 tclass=dir permissive=1
[ 1787.347730] type=1400 audit(1785265034.688:76765): avc:  denied  { open } for  comm="top" path="/proc/1447/stat" dev="proc" ino=756431 scontext=u:r:system_app:s0 tcontext=u:r:vendor_hal_usb_qti:s0 tclass=file permissive=1
[ 1787.799231] init: Control message: Could not find 'vendor.qti.diaghal@1.0::Idiag/default' for ctl.interface_start from pid: 754 (/system/bin/hwservicemanager)
[ 1788.799251] init: Control message: Could not find 'vendor.qti.diaghal@1.0::Idiag/default' for ctl.interface_start from pid: 754 (/system/bin/hwservicemanager)
[ 1789.733243] type=1400 audit(1785265037.076:76767): avc:  denied  { syslog_read } for  comm="dmesg" scontext=u:r:xsud:s0 tcontext=u:r:kernel:s0 tclass=system permissive=1
[ 1789.733942] type=1400 audit(1785265037.076:76768): avc:  denied  { syslog_mod } for  comm="dmesg" scontext=u:r:xsud:s0 tcontext=u:r:kernel:s0 tclass=system permissive=1
[ 1789.802453] init: Control message: Could not find 'vendor.qti.diaghal@1.0::Idiag/default' for ctl.interface_start from pid: 754 (/system/bin/hwservicemanager)
[ 1790.803769] init: Control message: Could not find 'vendor.qti.diaghal@1.0::Idiag/default' for ctl.interface_start from pid: 754 (/system/bin/hwservicemanager)
[ 1791.086143] type=1400 audit(1785265038.428:76769): avc:  denied  { read } for  comm="top" scontext=u:r:system_app:s0 tcontext=u:r:hal_power_default:s0 tclass=file permissive=1
[ 1791.086921] type=1400 audit(1785265038.428:76770): avc:  denied  { read } for  comm="top" scontext=u:r:system_app:s0 tcontext=u:r:vendor_qwesd:s0 tclass=file permissive=1
[ 1791.087247] type=1400 audit(1785265038.428:76771): avc:  denied  { getattr } for  comm="top" path="/proc/1386" dev="proc" ino=756363 scontext=u:r:system_app:s0 tcontext=u:r:hal_ir_default:s0 tclass=dir permissive=1
[ 1791.087620] type=1400 audit(1785265038.428:76772): avc:  denied  { search } for  comm="top" name="1386" dev="proc" ino=756363 scontext=u:r:system_app:s0 tcontext=u:r:hal_ir_default:s0 tclass=dir permissive=1
[ 1791.087938] type=1400 audit(1785265038.428:76773): avc:  denied  { open } for  comm="top" path="/proc/1417/stat" dev="proc" ino=756427 scontext=u:r:system_app:s0 tcontext=u:r:hal_power_default:s0 tclass=file permissive=1
[ 1791.088196] audit: audit_lost=71358 audit_rate_limit=5 audit_backlog_limit=64
[ 1791.088199] audit: rate limit exceeded
[ 1791.088335] type=1400 audit(1785265038.432:76774): avc:  denied  { getattr } for  comm="top" path="/proc/1548" dev="proc" ino=756383 scontext=u:r:system_app:s0 tcontext=u:r:vendor_hal_qspmhal_default:s0 tclass=dir permissive=1
[ 1791.088721] type=1400 audit(1785265038.432:76775): avc:  denied  { search } for  comm="top" name="1548" dev="proc" ino=756383 scontext=u:r:system_app:s0 tcontext=u:r:vendor_hal_qspmhal_default:s0 tclass=dir permissive=1
[ 1791.088908] type=1400 audit(1785265038.432:76776): avc:  denied  { open } for  comm="top" path="/proc/1641/stat" dev="proc" ino=718170 scontext=u:r:system_app:s0 tcontext=u:r:vendor_qwesd:s0 tclass=file permissive=1
[ 1791.806665] init: Control message: Could not find 'vendor.qti.diaghal@1.0::Idiag/default' for ctl.interface_start from pid: 754 (/system/bin/hwservicemanager)
[ 1792.736592] type=1400 audit(1785265040.080:76781): avc:  denied  { getattr } for  comm="DefaultDispatch" path="/dev/ttyHS5" dev="tmpfs" ino=1195 scontext=u:r:system_app:s0 tcontext=u:object_r:device:s0 tclass=chr_file permissive=1
[ 1792.807747] init: Control message: Could not find 'vendor.qti.diaghal@1.0::Idiag/default' for ctl.interface_start from pid: 754 (/system/bin/hwservicemanager)
[ 1793.809930] init: Control message: Could not find 'vendor.qti.diaghal@1.0::Idiag/default' for ctl.interface_start from pid: 754 (/system/bin/hwservicemanager)
[ 1794.084691] type=1400 audit(1785265041.428:76782): avc:  denied  { read } for  comm="top" scontext=u:r:system_app:s0 tcontext=u:r:vendor_hal_poweroptservice_qti:s0 tclass=file permissive=1
[ 1794.087271] audit: audit_lost=71362 audit_rate_limit=5 audit_backlog_limit=64
[ 1794.087275] audit: rate limit exceeded
[ 1794.814277] init: Control message: Could not find 'vendor.qti.diaghal@1.0::Idiag/default' for ctl.interface_start from pid: 754 (/system/bin/hwservicemanager)
[ 1795.101079] audit: audit_lost=71373 audit_rate_limit=5 audit_backlog_limit=64
[ 1795.101083] audit: rate limit exceeded
[ 1795.816151] init: Control message: Could not find 'vendor.qti.diaghal@1.0::Idiag/default' for ctl.interface_start from pid: 754 (/system/bin/hwservicemanager)
[ 1796.342627] type=1400 audit(1785265043.684:76832): avc:  denied  { getattr } for  comm="top" path="/proc/752" dev="proc" ino=756354 scontext=u:r:system_app:s0 tcontext=u:r:servicemanager:s0 tclass=dir permissive=1
[ 1796.343479] audit: audit_lost=71398 audit_rate_limit=5 audit_backlog_limit=64
[ 1796.343483] audit: rate limit exceeded
[ 1796.343495] type=1400 audit(1785265043.684:76833): avc:  denied  { search } for  comm="top" name="752" dev="proc" ino=756354 scontext=u:r:system_app:s0 tcontext=u:r:servicemanager:s0 tclass=dir permissive=1
[ 1796.343913] type=1400 audit(1785265043.684:76834): avc:  denied  { getattr } for  comm="top" path="/proc/1068" dev="proc" ino=756359 scontext=u:r:system_app:s0 tcontext=u:r:vendor_sec_nvm:s0 tclass=dir permissive=1
[ 1796.344159] type=1400 audit(1785265043.684:76835): avc:  denied  { search } for  comm="top" name="1068" dev="proc" ino=756359 scontext=u:r:system_app:s0 tcontext=u:r:vendor_sec_nvm:s0 tclass=dir permissive=1
[ 1796.344398] type=1400 audit(1785265043.684:76836): avc:  denied  { getattr } for  comm="top" path="/proc/1521" dev="proc" ino=756379 scontext=u:r:system_app:s0 tcontext=u:r:vendor_hal_srvctracker_default:s0 tclass=dir permissive=1
[ 1796.816454] init: Control message: Could not find 'vendor.qti.diaghal@1.0::Idiag/default' for ctl.interface_start from pid: 754 (/system/bin/hwservicemanager)
[ 1797.005537] [kworke][0x81650eca4][18:57:24.351431] kiwi_v2: [28951:I:PMO] pmo_core_psoc_send_host_wakeup_ind_to_fw: Host wakeup indication sent to fw
[ 1797.014877] [soft_i][0x81653a91e][18:57:24.360770] kiwi_v2: [0:I:WMA] WLAN triggered wakeup: BPF_ALLOW (39), vdev: 0 (STA)
[ 1797.014987] [soft_i][0x81653b187][18:57:24.360882] kiwi_v2: [0:I:WMA] wma_wake_event_packet: Wake event packet:
[ 1797.025879] [soft_i][0x81656e22e][18:57:24.371771] kiwi_v2: [0:E:DP] dp_tx_update_peer_stats: Release source:3 is not from TQM
[ 1797.346734] type=1400 audit(1785265044.688:76887): avc:  denied  { read } for  comm="Timer-0" name="gpuclk" dev="sysfs" ino=124210 scontext=u:r:system_app:s0 tcontext=u:object_r:vendor_sysfs_kgsl_gpuclk:s0 tclass=file permissive=1
[ 1797.347599] type=1400 audit(1785265044.688:76888): avc:  denied  { open } for  comm="Timer-0" path="/sys/devices/platform/soc/3d00000.qcom,kgsl-3d0/kgsl/kgsl-3d0/gpuclk" dev="sysfs" ino=124210 scontext=u:r:system_app:s0 tcontext=u:object_r:vendor_sysfs_kgsl_gpuclk:s0 tclass=file permissive=1
[ 1797.348068] type=1400 audit(1785265044.688:76889): avc:  denied  { getattr } for  comm="Timer-0" path="/sys/devices/platform/soc/3d00000.qcom,kgsl-3d0/kgsl/kgsl-3d0/gpuclk" dev="sysfs" ino=124210 scontext=u:r:system_app:s0 tcontext=u:object_r:vendor_sysfs_kgsl_gpuclk:s0 tclass=file permissive=1
[ 1797.629571] [kworke][0x81707be8a][18:57:24.975456] kiwi_v2: [28951:I:PMO] pmo_core_enable_wow_in_fw: drv wow is enabled
[ 1797.819352] init: Control message: Could not find 'vendor.qti.diaghal@1.0::Idiag/default' for ctl.interface_start from pid: 754 (/system/bin/hwservicemanager)
[ 1798.085804] type=1400 audit(1785265045.428:76890): avc:  denied  { read } for  comm="top" name="pid_max" dev="proc" ino=756353 scontext=u:r:system_app:s0 tcontext=u:object_r:proc_pid_max:s0 tclass=file permissive=1
[ 1798.086040] type=1400 audit(1785265045.428:76891): avc:  denied  { open } for  comm="top" path="/proc/sys/kernel/pid_max" dev="proc" ino=756353 scontext=u:r:system_app:s0 tcontext=u:object_r:proc_pid_max:s0 tclass=file permissive=1
[ 1798.087084] audit: audit_lost=71448 audit_rate_limit=5 audit_backlog_limit=64
[ 1798.087088] audit: rate limit exceeded
[ 1798.821138] init: Control message: Could not find 'vendor.qti.diaghal@1.0::Idiag/default' for ctl.interface_start from pid: 754 (/system/bin/hwservicemanager)
[ 1798.883175] wcd-usbss-i2c-driver 1-000e: wcd_usbss_is_in_reset_state: Surge check #3 failed
[ 1799.823513] init: Control message: Could not find 'vendor.qti.diaghal@1.0::Idiag/default' for ctl.interface_start from pid: 754 (/system/bin/hwservicemanager)
[ 1800.018532] audit: audit_lost=71469 audit_rate_limit=5 audit_backlog_limit=64
[ 1800.018554] audit: rate limit exceeded
[ 1800.826971] init: Control message: Could not find 'vendor.qti.diaghal@1.0::Idiag/default' for ctl.interface_start from pid: 754 (/system/bin/hwservicemanager)
[ 1801.084419] audit: audit_lost=71625 audit_rate_limit=5 audit_backlog_limit=64
[ 1801.084426] audit: rate limit exceeded
[ 1801.828566] init: Control message: Could not find 'vendor.qti.diaghal@1.0::Idiag/default' for ctl.interface_start from pid: 754 (/system/bin/hwservicemanager)
[ 1802.083252] type=1400 audit(1785265049.424:77130): avc:  denied  { read } for  comm="top" scontext=u:r:system_app:s0 tcontext=u:r:vendor_hal_keymint_qti:s0 tclass=file permissive=1
[ 1802.084084] type=1400 audit(1785265049.424:77131): avc:  denied  { read } for  comm="top" scontext=u:r:system_app:s0 tcontext=u:r:hal_allocator_default:s0 tclass=file permissive=1
[ 1802.084400] type=1400 audit(1785265049.424:77132): avc:  denied  { read } for  comm="top" scontext=u:r:system_app:s0 tcontext=u:r:vendor_hal_qspmhal_default:s0 tclass=file permissive=1
[ 1802.084764] type=1400 audit(1785265049.424:77133): avc:  denied  { read } for  comm="top" scontext=u:r:system_app:s0 tcontext=u:r:hal_tsnv_default:s0 tclass=file permissive=1
[ 1802.085132] type=1400 audit(1785265049.424:77134): avc:  denied  { read } for  comm="top" scontext=u:r:system_app:s0 tcontext=u:r:vendor_perfservice:s0 tclass=file permissive=1
[ 1802.878010] servicemanager: Found vendor.qti.hardware.perf2.IPerf/default in device VINTF manifest.
[ 1802.881111] audit: audit_lost=71680 audit_rate_limit=5 audit_backlog_limit=64
[ 1802.881115] audit: rate limit exceeded
[ 1802.881967] init: Control message: Could not find 'vendor.qti.diaghal@1.0::Idiag/default' for ctl.interface_start from pid: 754 (/system/bin/hwservicemanager)
[ 1802.882348] init: Control message: Could not find 'vendor.qti.diaghal@1.0::Idiag/default' for ctl.interface_start from pid: 754 (/system/bin/hwservicemanager)
[ 1803.084225] type=1400 audit(1785265050.428:77169): avc:  denied  { read } for  comm="top" scontext=u:r:system_app:s0 tcontext=u:r:vendor_hal_keymint_qti:s0 tclass=file permissive=1
[ 1803.084645] type=1400 audit(1785265050.428:77170): avc:  denied  { read } for  comm="top" scontext=u:r:system_app:s0 tcontext=u:r:vendor_hal_qseecom_default:s0 tclass=file permissive=1
[ 1803.085081] type=1400 audit(1785265050.428:77171): avc:  denied  { read } for  comm="top" scontext=u:r:system_app:s0 tcontext=u:r:vendor_sec_nvm:s0 tclass=file permissive=1
[ 1803.085336] type=1400 audit(1785265050.428:77172): avc:  denied  { read } for  comm="top" scontext=u:r:system_app:s0 tcontext=u:r:vendor_hal_keymint_spu_qti:s0 tclass=file permissive=1
[ 1803.085515] type=1400 audit(1785265050.428:77173): avc:  denied  { read } for  comm="top" scontext=u:r:system_app:s0 tcontext=u:r:hal_allocator_default:s0 tclass=file permissive=1
[ 1803.885867] init: Control message: Could not find 'vendor.qti.diaghal@1.0::Idiag/default' for ctl.interface_start from pid: 754 (/system/bin/hwservicemanager)
[ 1804.075196] audit: audit_lost=71880 audit_rate_limit=5 audit_backlog_limit=64
[ 1804.075201] audit: rate limit exceeded
[ 1804.888961] init: Control message: Could not find 'vendor.qti.diaghal@1.0::Idiag/default' for ctl.interface_start from pid: 754 (/system/bin/hwservicemanager)
[ 1805.077729] audit: audit_lost=71909 audit_rate_limit=5 audit_backlog_limit=64
[ 1805.077735] audit: rate limit exceeded
[ 1805.888697] init: Control message: Could not find 'vendor.qti.diaghal@1.0::Idiag/default' for ctl.interface_start from pid: 754 (/system/bin/hwservicemanager)
[ 1806.079805] audit: audit_lost=71935 audit_rate_limit=5 audit_backlog_limit=64
[ 1806.079811] audit: rate limit exceeded
[ 1806.891195] init: Control message: Could not find 'vendor.qti.diaghal@1.0::Idiag/default' for ctl.interface_start from pid: 754 (/system/bin/hwservicemanager)
[ 1807.186360] audit: audit_lost=71954 audit_rate_limit=5 audit_backlog_limit=64
[ 1807.186385] audit: rate limit exceeded
[ 1807.892698] init: Control message: Could not find 'vendor.qti.diaghal@1.0::Idiag/default' for ctl.interface_start from pid: 754 (/system/bin/hwservicemanager)
[ 1808.083170] type=1400 audit(1785265055.424:77446): avc:  denied  { read } for  comm="top" scontext=u:r:system_app:s0 tcontext=u:r:hwservicemanager:s0 tclass=file permissive=1
[ 1808.083529] type=1400 audit(1785265055.424:77447): avc:  denied  { read } for  comm="top" scontext=u:r:system_app:s0 tcontext=u:r:vndservicemanager:s0 tclass=file permissive=1
[ 1808.085091] type=1400 audit(1785265055.428:77448): avc:  denied  { open } for  comm="top" path="/proc/754/stat" dev="proc" ino=756388 scontext=u:r:system_app:s0 tcontext=u:r:hwservicemanager:s0 tclass=file permissive=1
[ 1808.085365] type=1400 audit(1785265055.428:77449): avc:  denied  { open } for  comm="top" path="/proc/756/stat" dev="proc" ino=756391 scontext=u:r:system_app:s0 tcontext=u:r:vndservicemanager:s0 tclass=file permissive=1
[ 1808.893918] init: Control message: Could not find 'vendor.qti.diaghal@1.0::Idiag/default' for ctl.interface_start from pid: 754 (/system/bin/hwservicemanager)
[ 1808.982265] audit: audit_lost=71962 audit_rate_limit=5 audit_backlog_limit=64
[ 1808.982271] audit: rate limit exceeded
[ 1808.983038] type=1400 audit(1785265056.324:77450): avc:  denied  { read } for  comm="dmesg" name="kmsg" dev="tmpfs" ino=5 scontext=u:r:xsud:s0 tcontext=u:object_r:kmsg_device:s0 tclass=chr_file permissive=1
[ 1809.893275] type=1400 audit(1785265057.236:77462): avc:  denied  { search } for  comm="sh" name="/" dev="fuse" ino=131 scontext=u:r:xsud:s0 tcontext=u:object_r:fuse:s0 tclass=dir permissive=1
[ 1809.896543] init: Control message: Could not find 'vendor.qti.diaghal@1.0::Idiag/default' for ctl.interface_start from pid: 754 (/system/bin/hwservicemanager)
[ 1809.902469] type=1400 audit(1785265057.244:77463): avc:  denied  { connectto } for  comm="xsu" path="/dev/socket/xsud" scontext=u:r:untrusted_app:s0:c183,c256,c512,c768 tcontext=u:r:xsud:s0 tclass=unix_stream_socket permissive=1 app=com.kei.pulse
[ 1809.921752] type=1400 audit(1785265057.264:77464): avc:  denied  { execute_no_trans } for  comm="sh" path="/system/bin/dumpsys" dev="dm-9" ino=355 scontext=u:r:xsud:s0 tcontext=u:object_r:system_file:s0 tclass=file permissive=1
[ 1809.929133] type=1400 audit(1785265057.272:77465): avc:  denied  { write } for  comm="dumpsys" path="pipe:[1979887]" dev="pipefs" ino=1979887 scontext=u:r:surfaceflinger:s0 tcontext=u:r:xsud:s0 tclass=fifo_file permissive=1
[ 1810.073335] audit: audit_lost=71973 audit_rate_limit=5 audit_backlog_limit=64
[ 1810.073341] audit: rate limit exceeded
[ 1810.073607] type=1400 audit(1785265057.416:77466): avc:  denied  { read } for  comm="top" name="pid_max" dev="proc" ino=756353 scontext=u:r:system_app:s0 tcontext=u:object_r:proc_pid_max:s0 tclass=file permissive=1
[ 1810.899149] init: Control message: Could not find 'vendor.qti.diaghal@1.0::Idiag/default' for ctl.interface_start from pid: 754 (/system/bin/hwservicemanager)
[ 1811.902657] init: Control message: Could not find 'vendor.qti.diaghal@1.0::Idiag/default' for ctl.interface_start from pid: 754 (/system/bin/hwservicemanager)
[ 1812.333056] audit: audit_lost=71994 audit_rate_limit=5 audit_backlog_limit=64
[ 1812.333063] audit: rate limit exceeded
[ 1812.905816] init: Control message: Could not find 'vendor.qti.diaghal@1.0::Idiag/default' for ctl.interface_start from pid: 754 (/system/bin/hwservicemanager)
[ 1813.342903] type=1400 audit(1785265060.684:77590): avc:  denied  { getattr } for  comm="Timer-0" path="/proc/stat" dev="proc" ino=4026532011 scontext=u:r:system_app:s0 tcontext=u:object_r:proc_stat:s0 tclass=file permissive=1
[ 1813.693721] type=1400 audit(1785265061.036:77591): avc:  denied  { write } for  comm="Thread-10887" name="pulse_fifo_in" dev="dm-53" ino=332444 scontext=u:r:untrusted_app:s0:c183,c256,c512,c768 tcontext=u:object_r:app_data_file:s0 tclass=fifo_file permissive=1 app=com.kei.pulse
[ 1813.720270] type=1400 audit(1785265061.064:77592): avc:  denied  { read } for  comm="cat" name="gpuclk" dev="sysfs" ino=124210 scontext=u:r:xsud:s0 tcontext=u:object_r:vendor_sysfs_kgsl_gpuclk:s0 tclass=file permissive=1
[ 1813.720546] type=1400 audit(1785265061.064:77593): avc:  denied  { open } for  comm="cat" path="/sys/devices/platform/soc/3d00000.qcom,kgsl-3d0/kgsl/kgsl-3d0/gpuclk" dev="sysfs" ino=124210 scontext=u:r:xsud:s0 tcontext=u:object_r:vendor_sysfs_kgsl_gpuclk:s0 tclass=file permissive=1
[ 1813.734181] audit: audit_lost=72086 audit_rate_limit=5 audit_backlog_limit=64
[ 1813.734187] audit: rate limit exceeded
[ 1813.734302] type=1400 audit(1785265061.076:77594): avc:  denied  { read } for  comm="cat" name="min_pwrlevel" dev="sysfs" ino=124218 scontext=u:r:xsud:s0 tcontext=u:object_r:vendor_sysfs_kgsl:s0 tclass=file permissive=1
[ 1813.906164] init: Control message: Could not find 'vendor.qti.diaghal@1.0::Idiag/default' for ctl.interface_start from pid: 754 (/system/bin/hwservicemanager)
[ 1813.986932] wcd-usbss-i2c-driver 1-000e: wcd_usbss_is_in_reset_state: Surge check #3 failed
[ 1814.907118] init: Control message: Could not find 'vendor.qti.diaghal@1.0::Idiag/default' for ctl.interface_start from pid: 754 (/system/bin/hwservicemanager)
[ 1815.004573] type=1400 audit(1785265062.348:77680): avc:  denied  { read } for  comm="cat" name="online" dev="sysfs" ino=141577 scontext=u:r:xsud:s0 tcontext=u:object_r:vendor_sysfs_battery_supply:s0 tclass=file permissive=1
[ 1815.004697] type=1400 audit(1785265062.348:77681): avc:  denied  { open } for  comm="cat" path="/sys/devices/platform/soc/soc:qcom,pmic_glink/soc:qcom,pmic_glink:qcom,battery_charger/power_supply/battery/online" dev="sysfs" ino=141577 scontext=u:r:xsud:s0 tcontext=u:object_r:vendor_sysfs_battery_supply:s0 tclass=file permissive=1
[ 1815.060032] type=1400 audit(1785265062.404:77682): avc:  denied  { read } for  comm="Timer-0" name="pwm1" dev="sysfs" ino=115174 scontext=u:r:system_app:s0 tcontext=u:object_r:sysfs:s0 tclass=file permissive=1
[ 1815.060148] type=1400 audit(1785265062.404:77683): avc:  denied  { open } for  comm="Timer-0" path="/sys/devices/platform/soc/soc:pwm-fan/hwmon/hwmon0/pwm1" dev="sysfs" ino=115174 scontext=u:r:system_app:s0 tcontext=u:object_r:sysfs:s0 tclass=file permissive=1
[ 1815.060170] type=1400 audit(1785265062.404:77684): avc:  denied  { getattr } for  comm="Timer-0" path="/sys/devices/platform/soc/soc:pwm-fan/hwmon/hwmon0/pwm1" dev="sysfs" ino=115174 scontext=u:r:system_app:s0 tcontext=u:object_r:sysfs:s0 tclass=file permissive=1
[ 1815.069837] audit: audit_lost=72171 audit_rate_limit=5 audit_backlog_limit=64
[ 1815.069841] audit: rate limit exceeded
[ 1815.910669] init: Control message: Could not find 'vendor.qti.diaghal@1.0::Idiag/default' for ctl.interface_start from pid: 754 (/system/bin/hwservicemanager)
[ 1816.914501] init: Control message: Could not find 'vendor.qti.diaghal@1.0::Idiag/default' for ctl.interface_start from pid: 754 (/system/bin/hwservicemanager)
[ 1817.072490] audit: audit_lost=72190 audit_rate_limit=5 audit_backlog_limit=64
[ 1817.072495] audit: rate limit exceeded
[ 1817.914662] init: Control message: Could not find 'vendor.qti.diaghal@1.0::Idiag/default' for ctl.interface_start from pid: 754 (/system/bin/hwservicemanager)
[ 1818.076579] audit: audit_lost=72198 audit_rate_limit=5 audit_backlog_limit=64
[ 1818.076584] audit: rate limit exceeded
[ 1818.918221] init: Control message: Could not find 'vendor.qti.diaghal@1.0::Idiag/default' for ctl.interface_start from pid: 754 (/system/bin/hwservicemanager)
[ 1819.319922] type=1400 audit(1785265066.664:77726): avc:  denied  { getattr } for  comm="top" path="/proc/1447" dev="proc" ino=756365 scontext=u:r:system_app:s0 tcontext=u:r:vendor_hal_usb_qti:s0 tclass=dir permissive=1
[ 1819.320186] type=1400 audit(1785265066.664:77727): avc:  denied  { search } for  comm="top" name="1447" dev="proc" ino=756365 scontext=u:r:system_app:s0 tcontext=u:r:vendor_hal_usb_qti:s0 tclass=dir permissive=1
[ 1819.918989] init: Control message: Could not find 'vendor.qti.diaghal@1.0::Idiag/default' for ctl.interface_start from pid: 754 (/system/bin/hwservicemanager)
[ 1820.742487] type=1400 audit(1785265068.084:77728): avc:  denied  { write } for  comm="sh" name="pwm1" dev="sysfs" ino=115174 scontext=u:r:xsud:s0 tcontext=u:object_r:sysfs:s0 tclass=file permissive=1
[ 1820.742718] type=1400 audit(1785265068.084:77729): avc:  denied  { open } for  comm="sh" path="/sys/devices/platform/soc/soc:pwm-fan/hwmon/hwmon0/pwm1" dev="sysfs" ino=115174 scontext=u:r:xsud:s0 tcontext=u:object_r:sysfs:s0 tclass=file permissive=1
[ 1820.922255] init: Control message: Could not find 'vendor.qti.diaghal@1.0::Idiag/default' for ctl.interface_start from pid: 754 (/system/bin/hwservicemanager)
[ 1821.923308] init: Control message: Could not find 'vendor.qti.diaghal@1.0::Idiag/default' for ctl.interface_start from pid: 754 (/system/bin/hwservicemanager)
[ 1822.890347] type=1400 audit(1785265070.232:77730): avc:  denied  { getattr } for  comm="DefaultDispatch" path="/dev/ttyHS5" dev="tmpfs" ino=1195 scontext=u:r:system_app:s0 tcontext=u:object_r:device:s0 tclass=chr_file permissive=1
[ 1822.925476] init: Control message: Could not find 'vendor.qti.diaghal@1.0::Idiag/default' for ctl.interface_start from pid: 754 (/system/bin/hwservicemanager)
[ 1822.974418] type=1400 audit(1785265070.316:77731): avc:  denied  { getattr } for  comm="DefaultDispatch" path="/dev/ttyHS5" dev="tmpfs" ino=1195 scontext=u:r:system_app:s0 tcontext=u:object_r:device:s0 tclass=chr_file permissive=1
[ 1822.995304] servicemanager: Found vendor.qti.hardware.perf2.IPerf/default in device VINTF manifest.
[ 1823.000456] init: Control message: Could not find 'vendor.qti.diaghal@1.0::Idiag/default' for ctl.interface_start from pid: 754 (/system/bin/hwservicemanager)
[ 1823.000666] init: Control message: Could not find 'vendor.qti.diaghal@1.0::Idiag/default' for ctl.interface_start from pid: 754 (/system/bin/hwservicemanager)
[ 1823.064363] audit: audit_lost=72202 audit_rate_limit=5 audit_backlog_limit=64
[ 1823.064366] audit: rate limit exceeded
[ 1823.064942] type=1400 audit(1785265070.408:77732): avc:  denied  { read } for  comm="top" scontext=u:r:system_app:s0 tcontext=u:r:hwservicemanager:s0 tclass=file permissive=1
[ 1823.065561] type=1400 audit(1785265070.408:77733): avc:  denied  { read } for  comm="top" scontext=u:r:system_app:s0 tcontext=u:r:vndservicemanager:s0 tclass=file permissive=1
[ 1823.065833] type=1400 audit(1785265070.408:77734): avc:  denied  { read } for  comm="top" scontext=u:r:system_app:s0 tcontext=u:r:vendor_hal_keymint_qti:s0 tclass=file permissive=1
[ 1823.066210] type=1400 audit(1785265070.408:77735): avc:  denied  { read } for  comm="top" scontext=u:r:system_app:s0 tcontext=u:r:vendor_hal_qseecom_default:s0 tclass=file permissive=1
[ 1824.004525] init: Control message: Could not find 'vendor.qti.diaghal@1.0::Idiag/default' for ctl.interface_start from pid: 754 (/system/bin/hwservicemanager)
[ 1824.072438] audit: audit_lost=72430 audit_rate_limit=5 audit_backlog_limit=64
[ 1824.072444] audit: rate limit exceeded
[ 1825.008959] init: Control message: Could not find 'vendor.qti.diaghal@1.0::Idiag/default' for ctl.interface_start from pid: 754 (/system/bin/hwservicemanager)
[ 1825.062864] type=1400 audit(1785265072.404:78010): avc:  denied  { read } for  comm="top" scontext=u:r:system_app:s0 tcontext=u:r:vendor_hal_usb_qti:s0 tclass=file permissive=1
[ 1825.063706] type=1400 audit(1785265072.404:78011): avc:  denied  { read } for  comm="top" scontext=u:r:system_app:s0 tcontext=u:r:vendor_perf_qesdk:s0 tclass=file permissive=1
[ 1825.064245] type=1400 audit(1785265072.408:78012): avc:  denied  { getattr } for  comm="top" path="/proc/1380" dev="proc" ino=756362 scontext=u:r:system_app:s0 tcontext=u:r:vendor_hal_identity_qti:s0 tclass=dir permissive=1
[ 1825.064514] type=1400 audit(1785265072.408:78013): avc:  denied  { search } for  comm="top" name="1380" dev="proc" ino=756362 scontext=u:r:system_app:s0 tcontext=u:r:vendor_hal_identity_qti:s0 tclass=dir permissive=1
[ 1825.064939] type=1400 audit(1785265072.408:78014): avc:  denied  { open } for  comm="top" path="/proc/1447/stat" dev="proc" ino=756431 scontext=u:r:system_app:s0 tcontext=u:r:vendor_hal_usb_qti:s0 tclass=file permissive=1
[ 1825.771897] audit: audit_lost=72474 audit_rate_limit=5 audit_backlog_limit=64
[ 1825.771902] audit: rate limit exceeded
[ 1826.009516] init: Control message: Could not find 'vendor.qti.diaghal@1.0::Idiag/default' for ctl.interface_start from pid: 754 (/system/bin/hwservicemanager)
[ 1826.063824] type=1400 audit(1785265073.408:78034): avc:  denied  { getattr } for  comm="DefaultDispatch" path="/dev/ttyHS5" dev="tmpfs" ino=1195 scontext=u:r:system_app:s0 tcontext=u:object_r:device:s0 tclass=chr_file permissive=1
[ 1826.266258] healthd: battery l=71 v=8033 t=33.0 h=2 st=3 c=-320442 fc=4162000 cc=0 chg=a
[ 1826.297075] BATTERY_CHG: battery_psy_set_online: battery_psy_set_online: set online 1
[ 1826.297206] type=1400 audit(1785265073.640:78035): avc:  denied  { write } for  comm="sh" name="online" dev="sysfs" ino=141577 scontext=u:r:xsud:s0 tcontext=u:object_r:vendor_sysfs_battery_supply:s0 tclass=file permissive=1
[ 1826.312610] type=1400 audit(1785265073.656:78036): avc:  denied  { read } for  comm="top" scontext=u:r:system_app:s0 tcontext=u:r:vendor_hal_spu_qti:s0 tclass=file permissive=1
[ 1826.313111] type=1400 audit(1785265073.656:78037): avc:  denied  { getattr } for  comm="top" path="/proc/905" dev="proc" ino=756356 scontext=u:r:system_app:s0 tcontext=u:r:vendor_hal_keymint_qti:s0 tclass=dir permissive=1
[ 1826.313237] type=1400 audit(1785265073.656:78038): avc:  denied  { search } for  comm="top" name="905" dev="proc" ino=756356 scontext=u:r:system_app:s0 tcontext=u:r:vendor_hal_keymint_qti:s0 tclass=dir permissive=1
[ 1827.011033] init: Control message: Could not find 'vendor.qti.diaghal@1.0::Idiag/default' for ctl.interface_start from pid: 754 (/system/bin/hwservicemanager)
[ 1827.064219] audit: audit_lost=72498 audit_rate_limit=5 audit_backlog_limit=64
[ 1827.064226] audit: rate limit exceeded
[ 1827.333846] [kworke][0x839062b90][18:57:54.679736] kiwi_v2: [28951:I:PMO] pmo_core_psoc_send_host_wakeup_ind_to_fw: Host wakeup indication sent to fw
[ 1827.343326] [soft_i][0x83908f29c][18:57:54.689217] kiwi_v2: [0:I:WMA] WLAN triggered wakeup: BPF_ALLOW (39), vdev: 0 (STA)
[ 1827.343620] [soft_i][0x8390908be][18:57:54.689512] kiwi_v2: [0:I:WMA] wma_wake_event_packet: Wake event packet:
[ 1827.955548] [kworke][0x839bc4f64][18:57:55.301441] kiwi_v2: [21638:I:PMO] pmo_core_enable_wow_in_fw: drv wow is enabled
[ 1828.013618] init: Control message: Could not find 'vendor.qti.diaghal@1.0::Idiag/default' for ctl.interface_start from pid: 754 (/system/bin/hwservicemanager)
[ 1828.079195] audit: audit_lost=72591 audit_rate_limit=5 audit_backlog_limit=64
[ 1828.079203] audit: rate limit exceeded
[ 1829.017121] init: Control message: Could not find 'vendor.qti.diaghal@1.0::Idiag/default' for ctl.interface_start from pid: 754 (/system/bin/hwservicemanager)
[ 1829.091150] wcd-usbss-i2c-driver 1-000e: wcd_usbss_is_in_reset_state: Surge check #3 failed
[ 1829.560053] audit: audit_lost=72631 audit_rate_limit=5 audit_backlog_limit=64
[ 1829.560064] audit: rate limit exceeded
[ 1830.020430] init: Control message: Could not find 'vendor.qti.diaghal@1.0::Idiag/default' for ctl.interface_start from pid: 754 (/system/bin/hwservicemanager)
[ 1830.727110] type=1400 audit(1785265078.068:78211): avc:  denied  { search } for  comm="sh" name="0" dev="tmpfs" ino=12 scontext=u:r:xsud:s0 tcontext=u:object_r:mnt_user_file:s0 tclass=dir permissive=1
[ 1830.727568] type=1400 audit(1785265078.068:78212): avc:  denied  { read } for  comm="sh" name="primary" dev="tmpfs" ino=42 scontext=u:r:xsud:s0 tcontext=u:object_r:mnt_user_file:s0 tclass=lnk_file permissive=1
[ 1830.798445] type=1400 audit(1785265078.140:78213): avc:  denied  { write } for  comm="sh" name="pwm1" dev="sysfs" ino=115174 scontext=u:r:xsud:s0 tcontext=u:object_r:sysfs:s0 tclass=file permissive=1
[ 1830.798662] type=1400 audit(1785265078.140:78214): avc:  denied  { open } for  comm="sh" path="/sys/devices/platform/soc/soc:pwm-fan/hwmon/hwmon0/pwm1" dev="sysfs" ino=115174 scontext=u:r:xsud:s0 tcontext=u:object_r:sysfs:s0 tclass=file permissive=1
[ 1831.024052] init: Control message: Could not find 'vendor.qti.diaghal@1.0::Idiag/default' for ctl.interface_start from pid: 754 (/system/bin/hwservicemanager)
[ 1831.056729] audit: audit_lost=72647 audit_rate_limit=5 audit_backlog_limit=64
[ 1831.056734] audit: rate limit exceeded
[ 1831.057802] type=1400 audit(1785265078.400:78215): avc:  denied  { read } for  comm="top" scontext=u:r:system_app:s0 tcontext=u:r:hal_power_default:s0 tclass=file permissive=1
[ 1831.909992] type=1400 audit(1785265079.252:78231): avc:  denied  { read } for  comm="cat" name="min_pwrlevel" dev="sysfs" ino=124218 scontext=u:r:xsud:s0 tcontext=u:object_r:vendor_sysfs_kgsl:s0 tclass=file permissive=1
[ 1831.910307] type=1400 audit(1785265079.252:78232): avc:  denied  { open } for  comm="cat" path="/sys/devices/platform/soc/3d00000.qcom,kgsl-3d0/kgsl/kgsl-3d0/min_pwrlevel" dev="sysfs" ino=124218 scontext=u:r:xsud:s0 tcontext=u:object_r:vendor_sysfs_kgsl:s0 tclass=file permissive=1
[ 1831.965056] type=1400 audit(1785265079.308:78233): avc:  denied  { syslog_read } for  comm="dmesg" scontext=u:r:xsud:s0 tcontext=u:r:kernel:s0 tclass=system permissive=1
[ 1831.965779] type=1400 audit(1785265079.308:78234): avc:  denied  { syslog_mod } for  comm="dmesg" scontext=u:r:xsud:s0 tcontext=u:r:kernel:s0 tclass=system permissive=1
[ 1831.966138] type=1400 audit(1785265079.308:78235): avc:  denied  { getattr } for  comm="DefaultDispatch" path="/dev/ttyHS5" dev="tmpfs" ino=1195 scontext=u:r:system_app:s0 tcontext=u:object_r:device:s0 tclass=chr_file permissive=1
[ 1832.024025] init: Control message: Could not find 'vendor.qti.diaghal@1.0::Idiag/default' for ctl.interface_start from pid: 754 (/system/bin/hwservicemanager)
[ 1832.422092] [kworke][0x83ed8dd68][18:57:59.767974] kiwi_v2: [21638:I:PMO] pmo_core_psoc_send_host_wakeup_ind_to_fw: Host wakeup indication sent to fw
[ 1833.024617] init: Control message: Could not find 'vendor.qti.diaghal@1.0::Idiag/default' for ctl.interface_start from pid: 754 (/system/bin/hwservicemanager)
[ 1833.052442] audit: audit_lost=72668 audit_rate_limit=5 audit_backlog_limit=64
[ 1833.052446] audit: rate limit exceeded
[ 1833.055754] [kworke][0x83f9282f3][18:58:00.401648] kiwi_v2: [21638:I:PMO] pmo_core_enable_wow_in_fw: drv wow is enabled
[ 1834.027787] init: Control message: Could not find 'vendor.qti.diaghal@1.0::Idiag/default' for ctl.interface_start from pid: 754 (/system/bin/hwservicemanager)
[ 1834.055548] audit: audit_lost=72677 audit_rate_limit=5 audit_backlog_limit=64
[ 1834.055550] audit: rate limit exceeded
[ 1835.030045] init: Control message: Could not find 'vendor.qti.diaghal@1.0::Idiag/default' for ctl.interface_start from pid: 754 (/system/bin/hwservicemanager)
[ 1836.030958] init: Control message: Could not find 'vendor.qti.diaghal@1.0::Idiag/default' for ctl.interface_start from pid: 754 (/system/bin/hwservicemanager)
[ 1836.225732] type=1400 audit(1785265083.568:78276): avc:  denied  { read } for  comm="sh" name="fps-probe.sh" dev="dm-53" ino=330200 scontext=u:r:xsud:s0 tcontext=u:object_r:app_data_file:s0:c183,c256,c512,c768 tclass=file permissive=1
[ 1836.225808] type=1400 audit(1785265083.568:78277): avc:  denied  { open } for  comm="sh" path="/data/user/0/com.kei.pulse/files/fps-probe.sh" dev="dm-53" ino=330200 scontext=u:r:xsud:s0 tcontext=u:object_r:app_data_file:s0:c183,c256,c512,c768 tclass=file permissive=1
[ 1836.306771] type=1400 audit(1785265083.648:78278): avc:  denied  { read } for  comm="top" scontext=u:r:system_app:s0 tcontext=u:r:vendor_sxrd_vndr:s0 tclass=file permissive=1
[ 1836.308737] type=1400 audit(1785265083.652:78279): avc:  denied  { getattr } for  comm="top" path="/proc/1513" dev="proc" ino=756378 scontext=u:r:system_app:s0 tcontext=u:r:vendor_hal_sensorscalibrate_qti_default:s0 tclass=dir permissive=1
[ 1836.308966] type=1400 audit(1785265083.652:78280): avc:  denied  { search } for  comm="top" name="1513" dev="proc" ino=756378 scontext=u:r:system_app:s0 tcontext=u:r:vendor_hal_sensorscalibrate_qti_default:s0 tclass=dir permissive=1
[ 1836.309232] audit: audit_lost=72687 audit_rate_limit=5 audit_backlog_limit=64
[ 1836.309237] audit: rate limit exceeded
[ 1837.034141] init: Control message: Could not find 'vendor.qti.diaghal@1.0::Idiag/default' for ctl.interface_start from pid: 754 (/system/bin/hwservicemanager)
[ 1837.547930] type=1400 audit(1785265084.888:78293): avc:  denied  { write } for  comm="sh" name="pulse_fifo_out" dev="dm-53" ino=332445 scontext=u:r:xsud:s0 tcontext=u:object_r:app_data_file:s0 tclass=fifo_file permissive=1
[ 1837.548228] type=1400 audit(1785265084.892:78294): avc:  denied  { open } for  comm="sh" path="/data/user/0/com.kei.pulse/files/pulse_fifo_out" dev="dm-53" ino=332445 scontext=u:r:xsud:s0 tcontext=u:object_r:app_data_file:s0 tclass=fifo_file permissive=1
[ 1837.548437] type=1400 audit(1785265084.892:78295): avc:  denied  { read } for  comm="sh" name="pulse_fifo_in" dev="dm-53" ino=332444 scontext=u:r:xsud:s0 tcontext=u:object_r:app_data_file:s0 tclass=fifo_file permissive=1
[ 1838.036745] init: Control message: Could not find 'vendor.qti.diaghal@1.0::Idiag/default' for ctl.interface_start from pid: 754 (/system/bin/hwservicemanager)
[ 1839.040103] init: Control message: Could not find 'vendor.qti.diaghal@1.0::Idiag/default' for ctl.interface_start from pid: 754 (/system/bin/hwservicemanager)
[ 1839.056984] type=1400 audit(1785265086.400:78296): avc:  denied  { getattr } for  comm="top" path="/proc/752" dev="proc" ino=756354 scontext=u:r:system_app:s0 tcontext=u:r:servicemanager:s0 tclass=dir permissive=1
[ 1839.057277] type=1400 audit(1785265086.400:78297): avc:  denied  { search } for  comm="top" name="752" dev="proc" ino=756354 scontext=u:r:system_app:s0 tcontext=u:r:servicemanager:s0 tclass=dir permissive=1
[ 1839.060759] audit: audit_lost=72699 audit_rate_limit=5 audit_backlog_limit=64
[ 1839.060762] audit: rate limit exceeded
[ 1840.043871] init: Control message: Could not find 'vendor.qti.diaghal@1.0::Idiag/default' for ctl.interface_start from pid: 754 (/system/bin/hwservicemanager)
[ 1841.046872] init: Control message: Could not find 'vendor.qti.diaghal@1.0::Idiag/default' for ctl.interface_start from pid: 754 (/system/bin/hwservicemanager)
[ 1841.046990] audit: audit_lost=72708 audit_rate_limit=5 audit_backlog_limit=64
[ 1841.046994] audit: rate limit exceeded
[ 1841.642679] type=1400 audit(1785265088.984:78335): avc:  denied  { connectto } for  comm="xsu" path="/dev/socket/xsud" scontext=u:r:untrusted_app:s0:c183,c256,c512,c768 tcontext=u:r:xsud:s0 tclass=unix_stream_socket permissive=1 app=com.kei.pulse
[ 1841.654398] type=1400 audit(1785265088.996:78336): avc:  denied  { read } for  comm="dmesg" name="kmsg" dev="tmpfs" ino=5 scontext=u:r:xsud:s0 tcontext=u:object_r:kmsg_device:s0 tclass=chr_file permissive=1
[ 1841.654628] type=1400 audit(1785265088.996:78337): avc:  denied  { open } for  comm="dmesg" path="/dev/kmsg" dev="tmpfs" ino=5 scontext=u:r:xsud:s0 tcontext=u:object_r:kmsg_device:s0 tclass=chr_file permissive=1
[ 1841.655345] type=1400 audit(1785265088.996:78338): avc:  denied  { execute_no_trans } for  comm="sh" path="/system/bin/dumpsys" dev="dm-9" ino=355 scontext=u:r:xsud:s0 tcontext=u:object_r:system_file:s0 tclass=file permissive=1
[ 1841.667848] type=1400 audit(1785265089.012:78339): avc:  denied  { write } for  comm="dumpsys" path="pipe:[2010389]" dev="pipefs" ino=2010389 scontext=u:r:surfaceflinger:s0 tcontext=u:r:xsud:s0 tclass=fifo_file permissive=1
[ 1842.049271] init: Control message: Could not find 'vendor.qti.diaghal@1.0::Idiag/default' for ctl.interface_start from pid: 754 (/system/bin/hwservicemanager)
[ 1842.050986] audit: audit_lost=72726 audit_rate_limit=5 audit_backlog_limit=64
[ 1842.050990] audit: rate limit exceeded
[ 1842.858818] type=1400 audit(1785265090.200:78360): avc:  denied  { search } for  comm="sh" name="/" dev="fuse" ino=131 scontext=u:r:xsud:s0 tcontext=u:object_r:fuse:s0 tclass=dir permissive=1
[ 1842.970057] type=1400 audit(1785265090.312:78361): avc:  denied  { search } for  comm="sh" name="com.kei.pulse" dev="dm-53" ino=329013 scontext=u:r:xsud:s0 tcontext=u:object_r:app_data_file:s0:c183,c256,c512,c768 tclass=dir permissive=1
[ 1842.982856] type=1400 audit(1785265090.324:78362): avc:  denied  { execute } for  comm="DefaultDispatch" name="xsu" dev="dm-11" ino=188 scontext=u:r:untrusted_app:s0:c183,c256,c512,c768 tcontext=u:object_r:xsu_exec:s0 tclass=file permissive=1 app=com.kei.pulse
[ 1842.983135] type=1400 audit(1785265090.324:78363): avc:  denied  { read open } for  comm="DefaultDispatch" path="/product/bin/xsu" dev="dm-11" ino=188 scontext=u:r:untrusted_app:s0:c183,c256,c512,c768 tcontext=u:object_r:xsu_exec:s0 tclass=file permissive=1 app=com.kei.pulse
[ 1842.983723] type=1400 audit(1785265090.324:78364): avc:  denied  { execute_no_trans } for  comm="DefaultDispatch" path="/product/bin/xsu" dev="dm-11" ino=188 scontext=u:r:untrusted_app:s0:c183,c256,c512,c768 tcontext=u:object_r:xsu_exec:s0 tclass=file permissive=1 app=com.kei.pulse
[ 1843.056189] servicemanager: Found vendor.qti.hardware.perf2.IPerf/default in device VINTF manifest.
[ 1843.060502] init: Control message: Could not find 'vendor.qti.diaghal@1.0::Idiag/default' for ctl.interface_start from pid: 754 (/system/bin/hwservicemanager)
[ 1843.060989] init: Control message: Could not find 'vendor.qti.diaghal@1.0::Idiag/default' for ctl.interface_start from pid: 754 (/system/bin/hwservicemanager)
[ 1843.297928] audit: audit_lost=72901 audit_rate_limit=5 audit_backlog_limit=64
[ 1843.297932] audit: rate limit exceeded
[ 1844.062571] init: Control message: Could not find 'vendor.qti.diaghal@1.0::Idiag/default' for ctl.interface_start from pid: 754 (/system/bin/hwservicemanager)
[ 1844.193247] wcd-usbss-i2c-driver 1-000e: wcd_usbss_is_in_reset_state: Surge check #3 failed
[ 1844.301601] audit: audit_lost=72982 audit_rate_limit=5 audit_backlog_limit=64
[ 1844.301606] audit: rate limit exceeded
[ 1845.065012] init: Control message: Could not find 'vendor.qti.diaghal@1.0::Idiag/default' for ctl.interface_start from pid: 754 (/system/bin/hwservicemanager)
[ 1846.066540] init: Control message: Could not find 'vendor.qti.diaghal@1.0::Idiag/default' for ctl.interface_start from pid: 754 (/system/bin/hwservicemanager)
[ 1846.756033] type=1400 audit(1785265094.100:78722): avc:  denied  { write } for  comm="Thread-11012" name="pulse_fifo_in" dev="dm-53" ino=332444 scontext=u:r:untrusted_app:s0:c183,c256,c512,c768 tcontext=u:object_r:app_data_file:s0 tclass=fifo_file permissive=1 app=com.kei.pulse
[ 1846.991094] type=1400 audit(1785265094.332:78723): avc:  denied  { search } for  comm="sh" name="0" dev="tmpfs" ino=12 scontext=u:r:xsud:s0 tcontext=u:object_r:mnt_user_file:s0 tclass=dir permissive=1
[ 1847.047070] audit: audit_lost=73091 audit_rate_limit=5 audit_backlog_limit=64
[ 1847.047074] audit: rate limit exceeded
[ 1847.047555] type=1400 audit(1785265094.388:78724): avc:  denied  { getattr } for  comm="top" path="/proc/1447" dev="proc" ino=756365 scontext=u:r:system_app:s0 tcontext=u:r:vendor_hal_usb_qti:s0 tclass=dir permissive=1
[ 1847.067979] init: Control message: Could not find 'vendor.qti.diaghal@1.0::Idiag/default' for ctl.interface_start from pid: 754 (/system/bin/hwservicemanager)
[ 1848.042181] type=1400 audit(1785265095.384:78726): avc:  denied  { read } for  comm="top" scontext=u:r:system_app:s0 tcontext=u:r:vendor_hal_usb_qti:s0 tclass=file permissive=1
[ 1848.043833] type=1400 audit(1785265095.388:78727): avc:  denied  { getattr } for  comm="top" path="/proc/1380" dev="proc" ino=756362 scontext=u:r:system_app:s0 tcontext=u:r:vendor_hal_identity_qti:s0 tclass=dir permissive=1
[ 1848.043876] type=1400 audit(1785265095.388:78728): avc:  denied  { search } for  comm="top" name="1380" dev="proc" ino=756362 scontext=u:r:system_app:s0 tcontext=u:r:vendor_hal_identity_qti:s0 tclass=dir permissive=1
[ 1848.043987] type=1400 audit(1785265095.388:78729): avc:  denied  { open } for  comm="top" path="/proc/1447/stat" dev="proc" ino=756431 scontext=u:r:system_app:s0 tcontext=u:r:vendor_hal_usb_qti:s0 tclass=file permissive=1
[ 1848.069845] init: Control message: Could not find 'vendor.qti.diaghal@1.0::Idiag/default' for ctl.interface_start from pid: 754 (/system/bin/hwservicemanager)
[ 1848.915963] audit: audit_lost=73092 audit_rate_limit=5 audit_backlog_limit=64
[ 1848.915969] audit: rate limit exceeded
[ 1848.916193] type=1400 audit(1785265096.260:78730): avc:  denied  { read } for  comm="cat" name="min_pwrlevel" dev="sysfs" ino=124218 scontext=u:r:xsud:s0 tcontext=u:object_r:vendor_sysfs_kgsl:s0 tclass=file permissive=1
[ 1849.049559] type=1400 audit(1785265096.392:78734): avc:  denied  { read } for  comm="top" scontext=u:r:system_app:s0 tcontext=u:r:hal_power_default:s0 tclass=file permissive=1
[ 1849.052076] type=1400 audit(1785265096.396:78735): avc:  denied  { getattr } for  comm="top" path="/proc/1386" dev="proc" ino=756363 scontext=u:r:system_app:s0 tcontext=u:r:hal_ir_default:s0 tclass=dir permissive=1
[ 1849.071315] init: Control message: Could not find 'vendor.qti.diaghal@1.0::Idiag/default' for ctl.interface_start from pid: 754 (/system/bin/hwservicemanager)
[ 1850.072454] init: Control message: Could not find 'vendor.qti.diaghal@1.0::Idiag/default' for ctl.interface_start from pid: 754 (/system/bin/hwservicemanager)
[ 1851.042719] audit: audit_lost=73101 audit_rate_limit=5 audit_backlog_limit=64
[ 1851.042724] audit: rate limit exceeded
[ 1851.074063] init: Control message: Could not find 'vendor.qti.diaghal@1.0::Idiag/default' for ctl.interface_start from pid: 754 (/system/bin/hwservicemanager)
[ 1852.077404] init: Control message: Could not find 'vendor.qti.diaghal@1.0::Idiag/default' for ctl.interface_start from pid: 754 (/system/bin/hwservicemanager)
[ 1852.294583] type=1400 audit(1785265099.636:78767): avc:  denied  { read } for  comm="top" scontext=u:r:system_app:s0 tcontext=u:r:vendor_hal_qesdhal_default:s0 tclass=file permissive=1
[ 1852.295388] type=1400 audit(1785265099.636:78768): avc:  denied  { read } for  comm="top" scontext=u:r:system_app:s0 tcontext=u:r:vendor_hal_secureprocessor_qti:s0 tclass=file permissive=1
[ 1852.296051] type=1400 audit(1785265099.640:78769): avc:  denied  { open } for  comm="top" path="/proc/1469/stat" dev="proc" ino=756455 scontext=u:r:system_app:s0 tcontext=u:r:vendor_hal_qesdhal_default:s0 tclass=file permissive=1
[ 1852.296279] type=1400 audit(1785265099.640:78770): avc:  denied  { open } for  comm="top" path="/proc/1508/stat" dev="proc" ino=756475 scontext=u:r:system_app:s0 tcontext=u:r:vendor_hal_secureprocessor_qti:s0 tclass=file permissive=1
[ 1852.296824] audit: audit_lost=73118 audit_rate_limit=5 audit_backlog_limit=64
[ 1852.296830] audit: rate limit exceeded
[ 1852.296889] type=1400 audit(1785265099.640:78771): avc:  denied  { getattr } for  comm="top" path="/proc/1814" dev="proc" ino=717676 scontext=u:r:system_app:s0 tcontext=u:r:vendor_hal_gatekeeper_qti:s0 tclass=dir permissive=1
[ 1853.080125] init: Control message: Could not find 'vendor.qti.diaghal@1.0::Idiag/default' for ctl.interface_start from pid: 754 (/system/bin/hwservicemanager)
[ 1853.298802] type=1400 audit(1785265100.640:78802): avc:  denied  { getattr } for  comm="top" path="/proc/756" dev="proc" ino=756355 scontext=u:r:system_app:s0 tcontext=u:r:vndservicemanager:s0 tclass=dir permissive=1
[ 1853.298917] type=1400 audit(1785265100.640:78803): avc:  denied  { search } for  comm="top" name="756" dev="proc" ino=756355 scontext=u:r:system_app:s0 tcontext=u:r:vndservicemanager:s0 tclass=dir permissive=1
[ 1853.306217] type=1400 audit(1785265100.648:78804): avc:  denied  { read } for  comm="Timer-0" name="gpuclk" dev="sysfs" ino=124210 scontext=u:r:system_app:s0 tcontext=u:object_r:vendor_sysfs_kgsl_gpuclk:s0 tclass=file permissive=1
[ 1853.306388] type=1400 audit(1785265100.648:78805): avc:  denied  { open } for  comm="Timer-0" path="/sys/devices/platform/soc/3d00000.qcom,kgsl-3d0/kgsl/kgsl-3d0/gpuclk" dev="sysfs" ino=124210 scontext=u:r:system_app:s0 tcontext=u:object_r:vendor_sysfs_kgsl_gpuclk:s0 tclass=file permissive=1
[ 1853.306458] type=1400 audit(1785265100.648:78806): avc:  denied  { getattr } for  comm="Timer-0" path="/sys/devices/platform/soc/3d00000.qcom,kgsl-3d0/kgsl/kgsl-3d0/gpuclk" dev="sysfs" ino=124210 scontext=u:r:system_app:s0 tcontext=u:object_r:vendor_sysfs_kgsl_gpuclk:s0 tclass=file permissive=1
[ 1853.722306] audit: audit_lost=73148 audit_rate_limit=5 audit_backlog_limit=64
[ 1853.722316] audit: rate limit exceeded
[ 1854.082395] init: Control message: Could not find 'vendor.qti.diaghal@1.0::Idiag/default' for ctl.interface_start from pid: 754 (/system/bin/hwservicemanager)
[ 1855.036152] audit: audit_lost=73159 audit_rate_limit=5 audit_backlog_limit=64
[ 1855.036156] audit: rate limit exceeded
[ 1855.083064] init: Control message: Could not find 'vendor.qti.diaghal@1.0::Idiag/default' for ctl.interface_start from pid: 754 (/system/bin/hwservicemanager)
[ 1856.085450] init: Control message: Could not find 'vendor.qti.diaghal@1.0::Idiag/default' for ctl.interface_start from pid: 754 (/system/bin/hwservicemanager)
[ 1857.087572] init: Control message: Could not find 'vendor.qti.diaghal@1.0::Idiag/default' for ctl.interface_start from pid: 754 (/system/bin/hwservicemanager)
[ 1858.032549] type=1400 audit(1785265105.376:78846): avc:  denied  { read } for  comm="top" scontext=u:r:system_app:s0 tcontext=u:r:vendor_hal_qspa_default:s0 tclass=file permissive=1
[ 1858.033124] type=1400 audit(1785265105.376:78847): avc:  denied  { read } for  comm="top" scontext=u:r:system_app:s0 tcontext=u:r:vendor_tcmd:s0 tclass=file permissive=1
[ 1858.033721] type=1400 audit(1785265105.376:78848): avc:  denied  { getattr } for  comm="top" path="/proc/1469" dev="proc" ino=756371 scontext=u:r:system_app:s0 tcontext=u:r:vendor_hal_qesdhal_default:s0 tclass=dir permissive=1
[ 1858.033982] audit: audit_lost=73177 audit_rate_limit=5 audit_backlog_limit=64
[ 1858.033986] audit: rate limit exceeded
[ 1858.034083] type=1400 audit(1785265105.376:78849): avc:  denied  { search } for  comm="top" name="1469" dev="proc" ino=756371 scontext=u:r:system_app:s0 tcontext=u:r:vendor_hal_qesdhal_default:s0 tclass=dir permissive=1
[ 1858.034432] type=1400 audit(1785265105.376:78850): avc:  denied  { open } for  comm="top" path="/proc/1542/stat" dev="proc" ino=756499 scontext=u:r:system_app:s0 tcontext=u:r:vendor_hal_qspa_default:s0 tclass=file permissive=1
[ 1858.091052] init: Control message: Could not find 'vendor.qti.diaghal@1.0::Idiag/default' for ctl.interface_start from pid: 754 (/system/bin/hwservicemanager)
[ 1858.813770] <I>CTS-I2CDrv Suspend
[ 1858.813780] <I>CTS-Core Suspend device
[ 1858.813784] <I>CTS-Core Set suspend mode:sleep
[ 1858.814770] <I>CTS-Core Device suspended ...
[ 1858.814772] <I>CTS-Core Stop device...
[ 1858.814789] <I>CTS-Core Flush workqueue...
[ 1858.814791] <I>CTS-Plat Release all touch
[ 1858.814795] <I>CTS-Plat Set Reset to LOW
[ 1858.817029] usb 1-2: USB disconnect, device number 4
[ 1858.819749] aya_haptic_remove: enter
[ 1858.821416] aya_haptic_remove: done
[ 1859.035717] audit: audit_lost=73252 audit_rate_limit=5 audit_backlog_limit=64
[ 1859.035723] audit: rate limit exceeded
[ 1859.036449] type=1400 audit(1785265106.380:78926): avc:  denied  { getattr } for  comm="top" path="/proc/1542" dev="proc" ino=756382 scontext=u:r:system_app:s0 tcontext=u:r:vendor_hal_qspa_default:s0 tclass=dir permissive=1
[ 1859.037088] type=1400 audit(1785265106.380:78927): avc:  denied  { search } for  comm="top" name="1542" dev="proc" ino=756382 scontext=u:r:system_app:s0 tcontext=u:r:vendor_hal_qspa_default:s0 tclass=dir permissive=1
[ 1859.037443] type=1400 audit(1785265106.380:78928): avc:  denied  { getattr } for  comm="top" path="/proc/1548" dev="proc" ino=756383 scontext=u:r:system_app:s0 tcontext=u:r:vendor_hal_qspmhal_default:s0 tclass=dir permissive=1
[ 1859.037784] type=1400 audit(1785265106.380:78929): avc:  denied  { search } for  comm="top" name="1548" dev="proc" ino=756383 scontext=u:r:system_app:s0 tcontext=u:r:vendor_hal_qspmhal_default:s0 tclass=dir permissive=1
[ 1859.038144] type=1400 audit(1785265106.380:78930): avc:  denied  { open } for  comm="top" path="/proc/1548/stat" dev="proc" ino=756503 scontext=u:r:system_app:s0 tcontext=u:r:vendor_hal_qspmhal_default:s0 tclass=file permissive=1
[ 1859.093792] init: Control message: Could not find 'vendor.qti.diaghal@1.0::Idiag/default' for ctl.interface_start from pid: 754 (/system/bin/hwservicemanager)
[ 1859.300974] wcd-usbss-i2c-driver 1-000e: wcd_usbss_is_in_reset_state: Surge check #3 failed
[ 1859.356304] [kworke][0x85dabbfd1][18:58:26.702193] kiwi_v2: [21638:I:PMO] pmo_core_psoc_send_host_wakeup_ind_to_fw: Host wakeup indication sent to fw
[ 1860.001730] [kworke][0x85e68d695][18:58:27.347617] kiwi_v2: [21638:I:PMO] pmo_core_enable_wow_in_fw: drv wow is enabled
[ 1860.098021] init: Control message: Could not find 'vendor.qti.diaghal@1.0::Idiag/default' for ctl.interface_start from pid: 754 (/system/bin/hwservicemanager)
[ 1861.099291] init: Control message: Could not find 'vendor.qti.diaghal@1.0::Idiag/default' for ctl.interface_start from pid: 754 (/system/bin/hwservicemanager)
[ 1862.102463] init: Control message: Could not find 'vendor.qti.diaghal@1.0::Idiag/default' for ctl.interface_start from pid: 754 (/system/bin/hwservicemanager)
[ 1863.142985] servicemanager: Found vendor.qti.hardware.perf2.IPerf/default in device VINTF manifest.
[ 1863.147348] init: Control message: Could not find 'vendor.qti.diaghal@1.0::Idiag/default' for ctl.interface_start from pid: 754 (/system/bin/hwservicemanager)
[ 1863.147761] init: Control message: Could not find 'vendor.qti.diaghal@1.0::Idiag/default' for ctl.interface_start from pid: 754 (/system/bin/hwservicemanager)
[ 1863.515676] type=1400 audit(1785265110.856:79070): avc:  denied  { read } for  comm="cat" name="gpuclk" dev="sysfs" ino=124210 scontext=u:r:xsud:s0 tcontext=u:object_r:vendor_sysfs_kgsl_gpuclk:s0 tclass=file permissive=1
[ 1863.516233] type=1400 audit(1785265110.856:79071): avc:  denied  { open } for  comm="cat" path="/sys/devices/platform/soc/3d00000.qcom,kgsl-3d0/kgsl/kgsl-3d0/gpuclk" dev="sysfs" ino=124210 scontext=u:r:xsud:s0 tcontext=u:object_r:vendor_sysfs_kgsl_gpuclk:s0 tclass=file permissive=1
[ 1863.525232] type=1400 audit(1785265110.868:79072): avc:  denied  { read } for  comm="cat" name="min_pwrlevel" dev="sysfs" ino=124218 scontext=u:r:xsud:s0 tcontext=u:object_r:vendor_sysfs_kgsl:s0 tclass=file permissive=1
[ 1863.525653] type=1400 audit(1785265110.868:79073): avc:  denied  { open } for  comm="cat" path="/sys/devices/platform/soc/3d00000.qcom,kgsl-3d0/kgsl/kgsl-3d0/min_pwrlevel" dev="sysfs" ino=124218 scontext=u:r:xsud:s0 tcontext=u:object_r:vendor_sysfs_kgsl:s0 tclass=file permissive=1
[ 1863.549904] type=1400 audit(1785265110.892:79074): avc:  denied  { search } for  comm="cat" name="battery" dev="sysfs" ino=141568 scontext=u:r:xsud:s0 tcontext=u:object_r:vendor_sysfs_battery_supply:s0 tclass=dir permissive=1
[ 1863.550354] type=1400 audit(1785265110.892:79075): avc:  denied  { read } for  comm="cat" name="online" dev="sysfs" ino=141577 scontext=u:r:xsud:s0 tcontext=u:object_r:vendor_sysfs_battery_supply:s0 tclass=file permissive=1
[ 1863.550843] type=1400 audit(1785265110.892:79076): avc:  denied  { open } for  comm="cat" path="/sys/devices/platform/soc/soc:qcom,pmic_glink/soc:qcom,pmic_glink:qcom,battery_charger/power_supply/battery/online" dev="sysfs" ino=141577 scontext=u:r:xsud:s0 tcontext=u:object_r:vendor_sysfs_battery_supply:s0 tclass=file permissive=1
[ 1863.567106] audit: audit_lost=73390 audit_rate_limit=5 audit_backlog_limit=64
[ 1863.567113] audit: rate limit exceeded
[ 1863.567216] type=1400 audit(1785265110.908:79077): avc:  denied  { dac_read_search } for  comm="sh" capability=2  scontext=u:r:xsud:s0 tcontext=u:r:xsud:s0 tclass=capability permissive=1
[ 1863.567694] type=1400 audit(1785265110.908:79078): avc:  denied  { search } for  comm="sh" name="0" dev="tmpfs" ino=12 scontext=u:r:xsud:s0 tcontext=u:object_r:mnt_user_file:s0 tclass=dir permissive=1
[ 1864.153243] init: Control message: Could not find 'vendor.qti.diaghal@1.0::Idiag/default' for ctl.interface_start from pid: 754 (/system/bin/hwservicemanager)
[ 1865.157748] init: Control message: Could not find 'vendor.qti.diaghal@1.0::Idiag/default' for ctl.interface_start from pid: 754 (/system/bin/hwservicemanager)
[ 1866.159765] init: Control message: Could not find 'vendor.qti.diaghal@1.0::Idiag/default' for ctl.interface_start from pid: 754 (/system/bin/hwservicemanager)
[ 1867.160758] init: Control message: Could not find 'vendor.qti.diaghal@1.0::Idiag/default' for ctl.interface_start from pid: 754 (/system/bin/hwservicemanager)
[ 1868.165142] init: Control message: Could not find 'vendor.qti.diaghal@1.0::Idiag/default' for ctl.interface_start from pid: 754 (/system/bin/hwservicemanager)
[ 1869.171485] init: Control message: Could not find 'vendor.qti.diaghal@1.0::Idiag/default' for ctl.interface_start from pid: 754 (/system/bin/hwservicemanager)
[ 1870.174864] init: Control message: Could not find 'vendor.qti.diaghal@1.0::Idiag/default' for ctl.interface_start from pid: 754 (/system/bin/hwservicemanager)
[ 1871.178279] init: Control message: Could not find 'vendor.qti.diaghal@1.0::Idiag/default' for ctl.interface_start from pid: 754 (/system/bin/hwservicemanager)
[ 1872.179820] init: Control message: Could not find 'vendor.qti.diaghal@1.0::Idiag/default' for ctl.interface_start from pid: 754 (/system/bin/hwservicemanager)
[ 1873.183281] init: Control message: Could not find 'vendor.qti.diaghal@1.0::Idiag/default' for ctl.interface_start from pid: 754 (/system/bin/hwservicemanager)
[ 1873.512442] type=1400 audit(1785265120.852:79090): avc:  denied  { read } for  comm="dmesg" name="kmsg" dev="tmpfs" ino=5 scontext=u:r:xsud:s0 tcontext=u:object_r:kmsg_device:s0 tclass=chr_file permissive=1
[ 1873.512758] type=1400 audit(1785265120.852:79091): avc:  denied  { open } for  comm="dmesg" path="/dev/kmsg" dev="tmpfs" ino=5 scontext=u:r:xsud:s0 tcontext=u:object_r:kmsg_device:s0 tclass=chr_file permissive=1
[ 1874.186868] init: Control message: Could not find 'vendor.qti.diaghal@1.0::Idiag/default' for ctl.interface_start from pid: 754 (/system/bin/hwservicemanager)
[ 1874.404154] wcd-usbss-i2c-driver 1-000e: wcd_usbss_is_in_reset_state: Surge check #3 failed
[ 1875.191488] init: Control message: Could not find 'vendor.qti.diaghal@1.0::Idiag/default' for ctl.interface_start from pid: 754 (/system/bin/hwservicemanager)
[ 1876.196525] init: Control message: Could not find 'vendor.qti.diaghal@1.0::Idiag/default' for ctl.interface_start from pid: 754 (/system/bin/hwservicemanager)
[ 1877.198589] init: Control message: Could not find 'vendor.qti.diaghal@1.0::Idiag/default' for ctl.interface_start from pid: 754 (/system/bin/hwservicemanager)
[ 1878.203632] init: Control message: Could not find 'vendor.qti.diaghal@1.0::Idiag/default' for ctl.interface_start from pid: 754 (/system/bin/hwservicemanager)
[ 1879.207055] init: Control message: Could not find 'vendor.qti.diaghal@1.0::Idiag/default' for ctl.interface_start from pid: 754 (/system/bin/hwservicemanager)
[ 1880.210666] init: Control message: Could not find 'vendor.qti.diaghal@1.0::Idiag/default' for ctl.interface_start from pid: 754 (/system/bin/hwservicemanager)
[ 1881.213924] init: Control message: Could not find 'vendor.qti.diaghal@1.0::Idiag/default' for ctl.interface_start from pid: 754 (/system/bin/hwservicemanager)
[ 1882.217815] init: Control message: Could not find 'vendor.qti.diaghal@1.0::Idiag/default' for ctl.interface_start from pid: 754 (/system/bin/hwservicemanager)
[ 1883.262714] servicemanager: Found vendor.qti.hardware.perf2.IPerf/default in device VINTF manifest.
[ 1883.270504] init: Control message: Could not find 'vendor.qti.diaghal@1.0::Idiag/default' for ctl.interface_start from pid: 754 (/system/bin/hwservicemanager)
[ 1883.270710] init: Control message: Could not find 'vendor.qti.diaghal@1.0::Idiag/default' for ctl.interface_start from pid: 754 (/system/bin/hwservicemanager)
[ 1884.165489] type=1400 audit(1785265131.508:79092): avc:  denied  { read } for  comm="cat" name="gpuclk" dev="sysfs" ino=124210 scontext=u:r:xsud:s0 tcontext=u:object_r:vendor_sysfs_kgsl_gpuclk:s0 tclass=file permissive=1
[ 1884.166043] type=1400 audit(1785265131.508:79093): avc:  denied  { open } for  comm="cat" path="/sys/devices/platform/soc/3d00000.qcom,kgsl-3d0/kgsl/kgsl-3d0/gpuclk" dev="sysfs" ino=124210 scontext=u:r:xsud:s0 tcontext=u:object_r:vendor_sysfs_kgsl_gpuclk:s0 tclass=file permissive=1
[ 1884.191983] type=1400 audit(1785265131.536:79094): avc:  denied  { read } for  comm="cat" name="min_pwrlevel" dev="sysfs" ino=124218 scontext=u:r:xsud:s0 tcontext=u:object_r:vendor_sysfs_kgsl:s0 tclass=file permissive=1
[ 1884.192308] type=1400 audit(1785265131.536:79095): avc:  denied  { open } for  comm="cat" path="/sys/devices/platform/soc/3d00000.qcom,kgsl-3d0/kgsl/kgsl-3d0/min_pwrlevel" dev="sysfs" ino=124218 scontext=u:r:xsud:s0 tcontext=u:object_r:vendor_sysfs_kgsl:s0 tclass=file permissive=1
[ 1884.235553] type=1400 audit(1785265131.576:79096): avc:  denied  { search } for  comm="cat" name="battery" dev="sysfs" ino=141568 scontext=u:r:xsud:s0 tcontext=u:object_r:vendor_sysfs_battery_supply:s0 tclass=dir permissive=1
[ 1884.235648] type=1400 audit(1785265131.576:79097): avc:  denied  { read } for  comm="cat" name="online" dev="sysfs" ino=141577 scontext=u:r:xsud:s0 tcontext=u:object_r:vendor_sysfs_battery_supply:s0 tclass=file permissive=1
[ 1884.235703] type=1400 audit(1785265131.576:79098): avc:  denied  { open } for  comm="cat" path="/sys/devices/platform/soc/soc:qcom,pmic_glink/soc:qcom,pmic_glink:qcom,battery_charger/power_supply/battery/online" dev="sysfs" ino=141577 scontext=u:r:xsud:s0 tcontext=u:object_r:vendor_sysfs_battery_supply:s0 tclass=file permissive=1
[ 1884.251914] audit: audit_lost=73401 audit_rate_limit=5 audit_backlog_limit=64
[ 1884.251936] audit: rate limit exceeded
[ 1884.252074] type=1400 audit(1785265131.596:79099): avc:  denied  { dac_read_search } for  comm="sh" capability=2  scontext=u:r:xsud:s0 tcontext=u:r:xsud:s0 tclass=capability permissive=1
[ 1884.273728] init: Control message: Could not find 'vendor.qti.diaghal@1.0::Idiag/default' for ctl.interface_start from pid: 754 (/system/bin/hwservicemanager)
[ 1885.279477] init: Control message: Could not find 'vendor.qti.diaghal@1.0::Idiag/default' for ctl.interface_start from pid: 754 (/system/bin/hwservicemanager)
[ 1886.272098] healthd: battery l=71 v=8069 t=33.0 h=2 st=3 c=-86061 fc=4162000 cc=0 chg=a
[ 1886.287253] init: Control message: Could not find 'vendor.qti.diaghal@1.0::Idiag/default' for ctl.interface_start from pid: 754 (/system/bin/hwservicemanager)
[ 1886.320564] BATTERY_CHG: battery_psy_set_online: battery_psy_set_online: set online 1
[ 1886.320594] type=1400 audit(1785265133.664:79111): avc:  denied  { getattr } for  comm="sh" path="/vendor/bin/tsnv_test" dev="dm-12" ino=495 scontext=u:r:xsud:s0 tcontext=u:object_r:tsnv_test_exec:s0 tclass=file permissive=1
[ 1886.320886] type=1400 audit(1785265133.664:79112): avc:  denied  { write } for  comm="sh" name="online" dev="sysfs" ino=141577 scontext=u:r:xsud:s0 tcontext=u:object_r:vendor_sysfs_battery_supply:s0 tclass=file permissive=1
[ 1886.321361] audit: audit_lost=73412 audit_rate_limit=5 audit_backlog_limit=64
[ 1886.321365] audit: rate limit exceeded
[ 1887.291626] init: Control message: Could not find 'vendor.qti.diaghal@1.0::Idiag/default' for ctl.interface_start from pid: 754 (/system/bin/hwservicemanager)
[ 1888.293549] init: Control message: Could not find 'vendor.qti.diaghal@1.0::Idiag/default' for ctl.interface_start from pid: 754 (/system/bin/hwservicemanager)
[ 1889.296956] init: Control message: Could not find 'vendor.qti.diaghal@1.0::Idiag/default' for ctl.interface_start from pid: 754 (/system/bin/hwservicemanager)
[ 1889.507361] wcd-usbss-i2c-driver 1-000e: wcd_usbss_is_in_reset_state: Surge check #3 failed
[ 1890.300531] init: Control message: Could not find 'vendor.qti.diaghal@1.0::Idiag/default' for ctl.interface_start from pid: 754 (/system/bin/hwservicemanager)
[ 1891.303822] init: Control message: Could not find 'vendor.qti.diaghal@1.0::Idiag/default' for ctl.interface_start from pid: 754 (/system/bin/hwservicemanager)
[ 1892.304774] init: Control message: Could not find 'vendor.qti.diaghal@1.0::Idiag/default' for ctl.interface_start from pid: 754 (/system/bin/hwservicemanager)
[ 1893.308390] init: Control message: Could not find 'vendor.qti.diaghal@1.0::Idiag/default' for ctl.interface_start from pid: 754 (/system/bin/hwservicemanager)
[ 1894.312186] init: Control message: Could not find 'vendor.qti.diaghal@1.0::Idiag/default' for ctl.interface_start from pid: 754 (/system/bin/hwservicemanager)
[ 1895.280199] [kworke][0x886c85436][18:59:02.626091] kiwi_v2: [8373:I:PMO] pmo_core_psoc_send_host_wakeup_ind_to_fw: Host wakeup indication sent to fw
[ 1895.312746] init: Control message: Could not find 'vendor.qti.diaghal@1.0::Idiag/default' for ctl.interface_start from pid: 754 (/system/bin/hwservicemanager)
[ 1895.313771] type=1400 audit(1785265142.656:79132): avc:  denied  { syslog_read } for  comm="dmesg" scontext=u:r:xsud:s0 tcontext=u:r:kernel:s0 tclass=system permissive=1
[ 1895.314668] type=1400 audit(1785265142.656:79133): avc:  denied  { syslog_mod } for  comm="dmesg" scontext=u:r:xsud:s0 tcontext=u:r:kernel:s0 tclass=system permissive=1
[ 1896.166187] [kworke][0x887cbe51d][18:59:03.512077] kiwi_v2: [8373:I:PMO] pmo_core_enable_wow_in_fw: drv wow is enabled
[ 1896.317730] init: Control message: Could not find 'vendor.qti.diaghal@1.0::Idiag/default' for ctl.interface_start from pid: 754 (/system/bin/hwservicemanager)
[ 1896.633601] type=1400 audit(1785265143.976:79134): avc:  denied  { read } for  comm="cat" name="min_pwrlevel" dev="sysfs" ino=124218 scontext=u:r:xsud:s0 tcontext=u:object_r:vendor_sysfs_kgsl:s0 tclass=file permissive=1
[ 1896.633993] type=1400 audit(1785265143.976:79135): avc:  denied  { open } for  comm="cat" path="/sys/devices/platform/soc/3d00000.qcom,kgsl-3d0/kgsl/kgsl-3d0/min_pwrlevel" dev="sysfs" ino=124218 scontext=u:r:xsud:s0 tcontext=u:object_r:vendor_sysfs_kgsl:s0 tclass=file permissive=1
[ 1897.323939] init: Control message: Could not find 'vendor.qti.diaghal@1.0::Idiag/default' for ctl.interface_start from pid: 754 (/system/bin/hwservicemanager)
[ 1898.326756] init: Control message: Could not find 'vendor.qti.diaghal@1.0::Idiag/default' for ctl.interface_start from pid: 754 (/system/bin/hwservicemanager)
[ 1899.329230] init: Control message: Could not find 'vendor.qti.diaghal@1.0::Idiag/default' for ctl.interface_start from pid: 754 (/system/bin/hwservicemanager)
[ 1900.335877] init: Control message: Could not find 'vendor.qti.diaghal@1.0::Idiag/default' for ctl.interface_start from pid: 754 (/system/bin/hwservicemanager)
[ 1901.340112] init: Control message: Could not find 'vendor.qti.diaghal@1.0::Idiag/default' for ctl.interface_start from pid: 754 (/system/bin/hwservicemanager)
[ 1902.176922] type=1400 audit(1785265149.520:79136): avc:  denied  { read } for  comm="cat" name="gpuclk" dev="sysfs" ino=124210 scontext=u:r:xsud:s0 tcontext=u:object_r:vendor_sysfs_kgsl_gpuclk:s0 tclass=file permissive=1
[ 1902.177413] type=1400 audit(1785265149.520:79137): avc:  denied  { open } for  comm="cat" path="/sys/devices/platform/soc/3d00000.qcom,kgsl-3d0/kgsl/kgsl-3d0/gpuclk" dev="sysfs" ino=124210 scontext=u:r:xsud:s0 tcontext=u:object_r:vendor_sysfs_kgsl_gpuclk:s0 tclass=file permissive=1
[ 1902.342535] init: Control message: Could not find 'vendor.qti.diaghal@1.0::Idiag/default' for ctl.interface_start from pid: 754 (/system/bin/hwservicemanager)
[ 1903.393810] servicemanager: Found vendor.qti.hardware.perf2.IPerf/default in device VINTF manifest.
[ 1903.398622] init: Control message: Could not find 'vendor.qti.diaghal@1.0::Idiag/default' for ctl.interface_start from pid: 754 (/system/bin/hwservicemanager)
[ 1903.398809] init: Control message: Could not find 'vendor.qti.diaghal@1.0::Idiag/default' for ctl.interface_start from pid: 754 (/system/bin/hwservicemanager)
[ 1903.476399] type=1400 audit(1785265150.820:79138): avc:  denied  { read } for  comm="cat" name="gpuclk" dev="sysfs" ino=124210 scontext=u:r:xsud:s0 tcontext=u:object_r:vendor_sysfs_kgsl_gpuclk:s0 tclass=file permissive=1
[ 1903.476611] type=1400 audit(1785265150.820:79139): avc:  denied  { open } for  comm="cat" path="/sys/devices/platform/soc/3d00000.qcom,kgsl-3d0/kgsl/kgsl-3d0/gpuclk" dev="sysfs" ino=124210 scontext=u:r:xsud:s0 tcontext=u:object_r:vendor_sysfs_kgsl_gpuclk:s0 tclass=file permissive=1
[ 1903.491200] type=1400 audit(1785265150.832:79140): avc:  denied  { read } for  comm="cat" name="min_pwrlevel" dev="sysfs" ino=124218 scontext=u:r:xsud:s0 tcontext=u:object_r:vendor_sysfs_kgsl:s0 tclass=file permissive=1
[ 1903.491482] type=1400 audit(1785265150.832:79141): avc:  denied  { open } for  comm="cat" path="/sys/devices/platform/soc/3d00000.qcom,kgsl-3d0/kgsl/kgsl-3d0/min_pwrlevel" dev="sysfs" ino=124218 scontext=u:r:xsud:s0 tcontext=u:object_r:vendor_sysfs_kgsl:s0 tclass=file permissive=1
[ 1903.546625] type=1400 audit(1785265150.888:79142): avc:  denied  { search } for  comm="cat" name="battery" dev="sysfs" ino=141568 scontext=u:r:xsud:s0 tcontext=u:object_r:vendor_sysfs_battery_supply:s0 tclass=dir permissive=1
[ 1903.546721] type=1400 audit(1785265150.888:79143): avc:  denied  { read } for  comm="cat" name="online" dev="sysfs" ino=141577 scontext=u:r:xsud:s0 tcontext=u:object_r:vendor_sysfs_battery_supply:s0 tclass=file permissive=1
[ 1903.546779] type=1400 audit(1785265150.888:79144): avc:  denied  { open } for  comm="cat" path="/sys/devices/platform/soc/soc:qcom,pmic_glink/soc:qcom,pmic_glink:qcom,battery_charger/power_supply/battery/online" dev="sysfs" ino=141577 scontext=u:r:xsud:s0 tcontext=u:object_r:vendor_sysfs_battery_supply:s0 tclass=file permissive=1
[ 1903.567054] audit: audit_lost=73428 audit_rate_limit=5 audit_backlog_limit=64
[ 1903.567059] audit: rate limit exceeded
[ 1903.567062] type=1400 audit(1785265150.908:79145): avc:  denied  { dac_read_search } for  comm="sh" capability=2  scontext=u:r:xsud:s0 tcontext=u:r:xsud:s0 tclass=capability permissive=1
[ 1904.403629] init: Control message: Could not find 'vendor.qti.diaghal@1.0::Idiag/default' for ctl.interface_start from pid: 754 (/system/bin/hwservicemanager)
[ 1904.612431] wcd-usbss-i2c-driver 1-000e: wcd_usbss_is_in_reset_state: Surge check #3 failed
[ 1905.406932] init: Control message: Could not find 'vendor.qti.diaghal@1.0::Idiag/default' for ctl.interface_start from pid: 754 (/system/bin/hwservicemanager)
[ 1905.570390] [kworke][0x8928f02f8][18:59:12.916208] kiwi_v2: [21638:I:PMO] pmo_core_psoc_send_host_wakeup_ind_to_fw: Host wakeup indication sent to fw
[ 1905.582033] [soft_i][0x89292712e][18:59:12.927918] kiwi_v2: [0:I:WMA] WLAN triggered wakeup: BPF_ALLOW (39), vdev: 0 (STA)
[ 1905.582445] [soft_i][0x892929050][18:59:12.928333] kiwi_v2: [0:I:WMA] wma_wake_event_packet: Wake event packet:
[ 1906.208811] [kworke][0x8934a0f95][18:59:13.554670] kiwi_v2: [21638:I:PMO] pmo_core_enable_wow_in_fw: drv wow is enabled
[ 1906.408022] init: Control message: Could not find 'vendor.qti.diaghal@1.0::Idiag/default' for ctl.interface_start from pid: 754 (/system/bin/hwservicemanager)
[ 1907.411571] init: Control message: Could not find 'vendor.qti.diaghal@1.0::Idiag/default' for ctl.interface_start from pid: 754 (/system/bin/hwservicemanager)
[ 1908.415727] init: Control message: Could not find 'vendor.qti.diaghal@1.0::Idiag/default' for ctl.interface_start from pid: 754 (/system/bin/hwservicemanager)
[ 1909.420503] init: Control message: Could not find 'vendor.qti.diaghal@1.0::Idiag/default' for ctl.interface_start from pid: 754 (/system/bin/hwservicemanager)
[ 1910.421755] init: Control message: Could not find 'vendor.qti.diaghal@1.0::Idiag/default' for ctl.interface_start from pid: 754 (/system/bin/hwservicemanager)
[ 1910.526207] type=1400 audit(1785265157.868:79159): avc:  denied  { search } for  comm="sh" name="/" dev="fuse" ino=131 scontext=u:r:xsud:s0 tcontext=u:object_r:fuse:s0 tclass=dir permissive=1
[ 1911.426561] init: Control message: Could not find 'vendor.qti.diaghal@1.0::Idiag/default' for ctl.interface_start from pid: 754 (/system/bin/hwservicemanager)
[ 1912.432487] init: Control message: Could not find 'vendor.qti.diaghal@1.0::Idiag/default' for ctl.interface_start from pid: 754 (/system/bin/hwservicemanager)
[ 1913.436196] init: Control message: Could not find 'vendor.qti.diaghal@1.0::Idiag/default' for ctl.interface_start from pid: 754 (/system/bin/hwservicemanager)
[ 1914.438759] init: Control message: Could not find 'vendor.qti.diaghal@1.0::Idiag/default' for ctl.interface_start from pid: 754 (/system/bin/hwservicemanager)
[ 1915.443001] init: Control message: Could not find 'vendor.qti.diaghal@1.0::Idiag/default' for ctl.interface_start from pid: 754 (/system/bin/hwservicemanager)
[ 1916.447141] init: Control message: Could not find 'vendor.qti.diaghal@1.0::Idiag/default' for ctl.interface_start from pid: 754 (/system/bin/hwservicemanager)
[ 1917.447795] init: Control message: Could not find 'vendor.qti.diaghal@1.0::Idiag/default' for ctl.interface_start from pid: 754 (/system/bin/hwservicemanager)
[ 1918.455523] init: Control message: Could not find 'vendor.qti.diaghal@1.0::Idiag/default' for ctl.interface_start from pid: 754 (/system/bin/hwservicemanager)
[ 1919.456332] init: Control message: Could not find 'vendor.qti.diaghal@1.0::Idiag/default' for ctl.interface_start from pid: 754 (/system/bin/hwservicemanager)
[ 1919.715749] wcd-usbss-i2c-driver 1-000e: wcd_usbss_is_in_reset_state: Surge check #3 failed
[ 1920.205039] type=1400 audit(1785265167.548:79160): avc:  denied  { read } for  comm="cat" name="online" dev="sysfs" ino=141577 scontext=u:r:xsud:s0 tcontext=u:object_r:vendor_sysfs_battery_supply:s0 tclass=file permissive=1
[ 1920.205430] type=1400 audit(1785265167.548:79161): avc:  denied  { open } for  comm="cat" path="/sys/devices/platform/soc/soc:qcom,pmic_glink/soc:qcom,pmic_glink:qcom,battery_charger/power_supply/battery/online" dev="sysfs" ino=141577 scontext=u:r:xsud:s0 tcontext=u:object_r:vendor_sysfs_battery_supply:s0 tclass=file permissive=1
[ 1920.460335] init: Control message: Could not find 'vendor.qti.diaghal@1.0::Idiag/default' for ctl.interface_start from pid: 754 (/system/bin/hwservicemanager)
[ 1921.461711] init: Control message: Could not find 'vendor.qti.diaghal@1.0::Idiag/default' for ctl.interface_start from pid: 754 (/system/bin/hwservicemanager)
[ 1922.467670] init: Control message: Could not find 'vendor.qti.diaghal@1.0::Idiag/default' for ctl.interface_start from pid: 754 (/system/bin/hwservicemanager)
[ 1923.468139] init: Control message: Could not find 'vendor.qti.diaghal@1.0::Idiag/default' for ctl.interface_start from pid: 754 (/system/bin/hwservicemanager)
[ 1923.580413] servicemanager: Found vendor.qti.hardware.perf2.IPerf/default in device VINTF manifest.
[ 1923.588818] init: Control message: Could not find 'vendor.qti.diaghal@1.0::Idiag/default' for ctl.interface_start from pid: 754 (/system/bin/hwservicemanager)
[ 1923.589362] init: Control message: Could not find 'vendor.qti.diaghal@1.0::Idiag/default' for ctl.interface_start from pid: 754 (/system/bin/hwservicemanager)
[ 1924.339508] type=1400 audit(1785265171.680:79162): avc:  denied  { read } for  comm="cat" name="gpuclk" dev="sysfs" ino=124210 scontext=u:r:xsud:s0 tcontext=u:object_r:vendor_sysfs_kgsl_gpuclk:s0 tclass=file permissive=1
[ 1924.339786] type=1400 audit(1785265171.680:79163): avc:  denied  { open } for  comm="cat" path="/sys/devices/platform/soc/3d00000.qcom,kgsl-3d0/kgsl/kgsl-3d0/gpuclk" dev="sysfs" ino=124210 scontext=u:r:xsud:s0 tcontext=u:object_r:vendor_sysfs_kgsl_gpuclk:s0 tclass=file permissive=1
[ 1924.352608] type=1400 audit(1785265171.696:79164): avc:  denied  { read } for  comm="cat" name="min_pwrlevel" dev="sysfs" ino=124218 scontext=u:r:xsud:s0 tcontext=u:object_r:vendor_sysfs_kgsl:s0 tclass=file permissive=1
[ 1924.352725] type=1400 audit(1785265171.696:79165): avc:  denied  { open } for  comm="cat" path="/sys/devices/platform/soc/3d00000.qcom,kgsl-3d0/kgsl/kgsl-3d0/min_pwrlevel" dev="sysfs" ino=124218 scontext=u:r:xsud:s0 tcontext=u:object_r:vendor_sysfs_kgsl:s0 tclass=file permissive=1
[ 1924.402083] audit: audit_lost=73438 audit_rate_limit=5 audit_backlog_limit=64
[ 1924.402091] audit: rate limit exceeded
[ 1924.402297] type=1400 audit(1785265171.744:79166): avc:  denied  { search } for  comm="cat" name="battery" dev="sysfs" ino=141568 scontext=u:r:xsud:s0 tcontext=u:object_r:vendor_sysfs_battery_supply:s0 tclass=dir permissive=1
[ 1924.596195] init: Control message: Could not find 'vendor.qti.diaghal@1.0::Idiag/default' for ctl.interface_start from pid: 754 (/system/bin/hwservicemanager)
[ 1925.597418] init: Control message: Could not find 'vendor.qti.diaghal@1.0::Idiag/default' for ctl.interface_start from pid: 754 (/system/bin/hwservicemanager)
[ 1926.599954] init: Control message: Could not find 'vendor.qti.diaghal@1.0::Idiag/default' for ctl.interface_start from pid: 754 (/system/bin/hwservicemanager)
[ 1927.608193] init: Control message: Could not find 'vendor.qti.diaghal@1.0::Idiag/default' for ctl.interface_start from pid: 754 (/system/bin/hwservicemanager)
[ 1928.605782] init: Control message: Could not find 'vendor.qti.diaghal@1.0::Idiag/default' for ctl.interface_start from pid: 754 (/system/bin/hwservicemanager)
[ 1929.607078] init: Control message: Could not find 'vendor.qti.diaghal@1.0::Idiag/default' for ctl.interface_start from pid: 754 (/system/bin/hwservicemanager)
[ 1930.611540] init: Control message: Could not find 'vendor.qti.diaghal@1.0::Idiag/default' for ctl.interface_start from pid: 754 (/system/bin/hwservicemanager)
[ 1931.617162] init: Control message: Could not find 'vendor.qti.diaghal@1.0::Idiag/default' for ctl.interface_start from pid: 754 (/system/bin/hwservicemanager)
[ 1932.618192] init: Control message: Could not find 'vendor.qti.diaghal@1.0::Idiag/default' for ctl.interface_start from pid: 754 (/system/bin/hwservicemanager)
[ 1933.622990] init: Control message: Could not find 'vendor.qti.diaghal@1.0::Idiag/default' for ctl.interface_start from pid: 754 (/system/bin/hwservicemanager)
[ 1934.629679] init: Control message: Could not find 'vendor.qti.diaghal@1.0::Idiag/default' for ctl.interface_start from pid: 754 (/system/bin/hwservicemanager)
[ 1934.823271] wcd-usbss-i2c-driver 1-000e: wcd_usbss_is_in_reset_state: Surge check #3 failed
[ 1935.633403] init: Control message: Could not find 'vendor.qti.diaghal@1.0::Idiag/default' for ctl.interface_start from pid: 754 (/system/bin/hwservicemanager)
[ 1936.635827] init: Control message: Could not find 'vendor.qti.diaghal@1.0::Idiag/default' for ctl.interface_start from pid: 754 (/system/bin/hwservicemanager)
[ 1937.639008] init: Control message: Could not find 'vendor.qti.diaghal@1.0::Idiag/default' for ctl.interface_start from pid: 754 (/system/bin/hwservicemanager)
[ 1938.645106] init: Control message: Could not find 'vendor.qti.diaghal@1.0::Idiag/default' for ctl.interface_start from pid: 754 (/system/bin/hwservicemanager)
[ 1939.645749] init: Control message: Could not find 'vendor.qti.diaghal@1.0::Idiag/default' for ctl.interface_start from pid: 754 (/system/bin/hwservicemanager)
[ 1940.649980] init: Control message: Could not find 'vendor.qti.diaghal@1.0::Idiag/default' for ctl.interface_start from pid: 754 (/system/bin/hwservicemanager)
[ 1941.653080] init: Control message: Could not find 'vendor.qti.diaghal@1.0::Idiag/default' for ctl.interface_start from pid: 754 (/system/bin/hwservicemanager)
[ 1942.307782] type=1400 audit(1785265189.648:79181): avc:  denied  { read } for  comm="cat" name="min_pwrlevel" dev="sysfs" ino=124218 scontext=u:r:xsud:s0 tcontext=u:object_r:vendor_sysfs_kgsl:s0 tclass=file permissive=1
[ 1942.308290] type=1400 audit(1785265189.648:79182): avc:  denied  { open } for  comm="cat" path="/sys/devices/platform/soc/3d00000.qcom,kgsl-3d0/kgsl/kgsl-3d0/min_pwrlevel" dev="sysfs" ino=124218 scontext=u:r:xsud:s0 tcontext=u:object_r:vendor_sysfs_kgsl:s0 tclass=file permissive=1
[ 1942.656684] init: Control message: Could not find 'vendor.qti.diaghal@1.0::Idiag/default' for ctl.interface_start from pid: 754 (/system/bin/hwservicemanager)
[ 1943.635021] type=1400 audit(1785265190.976:79183): avc:  denied  { read } for  comm="cat" name="gpuclk" dev="sysfs" ino=124210 scontext=u:r:xsud:s0 tcontext=u:object_r:vendor_sysfs_kgsl_gpuclk:s0 tclass=file permissive=1
[ 1943.635177] type=1400 audit(1785265190.976:79184): avc:  denied  { open } for  comm="cat" path="/sys/devices/platform/soc/3d00000.qcom,kgsl-3d0/kgsl/kgsl-3d0/gpuclk" dev="sysfs" ino=124210 scontext=u:r:xsud:s0 tcontext=u:object_r:vendor_sysfs_kgsl_gpuclk:s0 tclass=file permissive=1
[ 1943.670676] type=1400 audit(1785265191.012:79185): avc:  denied  { search } for  comm="cat" name="battery" dev="sysfs" ino=141568 scontext=u:r:xsud:s0 tcontext=u:object_r:vendor_sysfs_battery_supply:s0 tclass=dir permissive=1
[ 1943.671015] type=1400 audit(1785265191.012:79186): avc:  denied  { read } for  comm="cat" name="online" dev="sysfs" ino=141577 scontext=u:r:xsud:s0 tcontext=u:object_r:vendor_sysfs_battery_supply:s0 tclass=file permissive=1
[ 1943.671210] type=1400 audit(1785265191.012:79187): avc:  denied  { open } for  comm="cat" path="/sys/devices/platform/soc/soc:qcom,pmic_glink/soc:qcom,pmic_glink:qcom,battery_charger/power_supply/battery/online" dev="sysfs" ino=141577 scontext=u:r:xsud:s0 tcontext=u:object_r:vendor_sysfs_battery_supply:s0 tclass=file permissive=1
[ 1943.689914] audit: audit_lost=73452 audit_rate_limit=5 audit_backlog_limit=64
[ 1943.689924] audit: rate limit exceeded
[ 1943.690032] type=1400 audit(1785265191.032:79188): avc:  denied  { dac_read_search } for  comm="sh" capability=2  scontext=u:r:xsud:s0 tcontext=u:r:xsud:s0 tclass=capability permissive=1
[ 1943.690118] type=1400 audit(1785265191.032:79189): avc:  denied  { search } for  comm="sh" name="0" dev="tmpfs" ino=12 scontext=u:r:xsud:s0 tcontext=u:object_r:mnt_user_file:s0 tclass=dir permissive=1
[ 1943.690154] type=1400 audit(1785265191.032:79190): avc:  denied  { read } for  comm="sh" name="primary" dev="tmpfs" ino=42 scontext=u:r:xsud:s0 tcontext=u:object_r:mnt_user_file:s0 tclass=lnk_file permissive=1
[ 1943.700440] servicemanager: Found vendor.qti.hardware.perf2.IPerf/default in device VINTF manifest.
[ 1943.705485] init: Control message: Could not find 'vendor.qti.diaghal@1.0::Idiag/default' for ctl.interface_start from pid: 754 (/system/bin/hwservicemanager)
[ 1943.705675] init: Control message: Could not find 'vendor.qti.diaghal@1.0::Idiag/default' for ctl.interface_start from pid: 754 (/system/bin/hwservicemanager)
[ 1944.711297] init: Control message: Could not find 'vendor.qti.diaghal@1.0::Idiag/default' for ctl.interface_start from pid: 754 (/system/bin/hwservicemanager)
[ 1945.077041] audit: audit_lost=73461 audit_rate_limit=5 audit_backlog_limit=64
[ 1945.077062] audit: rate limit exceeded
[ 1945.714483] init: Control message: Could not find 'vendor.qti.diaghal@1.0::Idiag/default' for ctl.interface_start from pid: 754 (/system/bin/hwservicemanager)
[ 1946.269846] healthd: battery l=71 v=8070 t=33.0 h=2 st=3 c=-85146 fc=4162000 cc=0 chg=a
[ 1946.309659] audit: audit_lost=73463 audit_rate_limit=5 audit_backlog_limit=64
[ 1946.309665] audit: rate limit exceeded
[ 1946.328956] BATTERY_CHG: battery_psy_set_online: battery_psy_set_online: set online 1
[ 1946.717835] init: Control message: Could not find 'vendor.qti.diaghal@1.0::Idiag/default' for ctl.interface_start from pid: 754 (/system/bin/hwservicemanager)
[ 1947.719981] init: Control message: Could not find 'vendor.qti.diaghal@1.0::Idiag/default' for ctl.interface_start from pid: 754 (/system/bin/hwservicemanager)
[ 1948.723062] init: Control message: Could not find 'vendor.qti.diaghal@1.0::Idiag/default' for ctl.interface_start from pid: 754 (/system/bin/hwservicemanager)
[ 1949.151642] type=1400 audit(1785265196.492:79229): avc:  denied  { read } for  comm="cat" name="online" dev="sysfs" ino=141577 scontext=u:r:xsud:s0 tcontext=u:object_r:vendor_sysfs_battery_supply:s0 tclass=file permissive=1
[ 1949.151859] type=1400 audit(1785265196.492:79230): avc:  denied  { open } for  comm="cat" path="/sys/devices/platform/soc/soc:qcom,pmic_glink/soc:qcom,pmic_glink:qcom,battery_charger/power_supply/battery/online" dev="sysfs" ino=141577 scontext=u:r:xsud:s0 tcontext=u:object_r:vendor_sysfs_battery_supply:s0 tclass=file permissive=1
[ 1949.727094] init: Control message: Could not find 'vendor.qti.diaghal@1.0::Idiag/default' for ctl.interface_start from pid: 754 (/system/bin/hwservicemanager)
[ 1949.923815] wcd-usbss-i2c-driver 1-000e: wcd_usbss_is_in_reset_state: Surge check #3 failed
[ 1950.730604] init: Control message: Could not find 'vendor.qti.diaghal@1.0::Idiag/default' for ctl.interface_start from pid: 754 (/system/bin/hwservicemanager)
[ 1951.731949] init: Control message: Could not find 'vendor.qti.diaghal@1.0::Idiag/default' for ctl.interface_start from pid: 754 (/system/bin/hwservicemanager)
[ 1952.739120] init: Control message: Could not find 'vendor.qti.diaghal@1.0::Idiag/default' for ctl.interface_start from pid: 754 (/system/bin/hwservicemanager)
[ 1953.743902] init: Control message: Could not find 'vendor.qti.diaghal@1.0::Idiag/default' for ctl.interface_start from pid: 754 (/system/bin/hwservicemanager)
[ 1954.744970] init: Control message: Could not find 'vendor.qti.diaghal@1.0::Idiag/default' for ctl.interface_start from pid: 754 (/system/bin/hwservicemanager)
[ 1955.750746] init: Control message: Could not find 'vendor.qti.diaghal@1.0::Idiag/default' for ctl.interface_start from pid: 754 (/system/bin/hwservicemanager)
[ 1955.923082] [I]focaltech: irq_num 400 trigger
[ 1956.051164] type=1400 audit(1785265203.392:79231): avc:  denied  { syslog } for  comm="dmesg" capability=34  scontext=u:r:xsud:s0 tcontext=u:r:xsud:s0 tclass=capability2 permissive=1
[ 1956.054297] [drm:dsi_display_set_mode [msm_drm]] [msm-dsi-info]: mdp_transfer_time=0, hactive=1080, vactive=1920, fps=90, clk_rate=0
[ 1956.054467] [drm:dsi_ctrl_isr_configure [msm_drm]] [msm-dsi-info]: dsi-ctrl-0: IRQ 350 registered
[ 1956.054704] servicemanager: Found android.hardware.wifi.IWifi/default in device VINTF manifest.
[ 1956.056531] type=1400 audit(1785265203.396:79232): avc:  denied  { read } for  comm="Timer-1" name="pwm1" dev="sysfs" ino=115174 scontext=u:r:system_app:s0 tcontext=u:object_r:sysfs:s0 tclass=file permissive=1
[ 1956.056645] type=1400 audit(1785265203.396:79233): avc:  denied  { open } for  comm="Timer-1" path="/sys/devices/platform/soc/soc:pwm-fan/hwmon/hwmon0/pwm1" dev="sysfs" ino=115174 scontext=u:r:system_app:s0 tcontext=u:object_r:sysfs:s0 tclass=file permissive=1
[ 1956.056664] type=1400 audit(1785265203.396:79234): avc:  denied  { getattr } for  comm="Timer-1" path="/sys/devices/platform/soc/soc:pwm-fan/hwmon/hwmon0/pwm1" dev="sysfs" ino=115174 scontext=u:r:system_app:s0 tcontext=u:object_r:sysfs:s0 tclass=file permissive=1
[ 1956.062017] audit: audit_lost=73480 audit_rate_limit=5 audit_backlog_limit=64
[ 1956.062021] audit: rate limit exceeded
[ 1956.062512] type=1400 audit(1785265203.404:79235): avc:  denied  { read } for  comm="top" name="pid_max" dev="proc" ino=756353 scontext=u:r:system_app:s0 tcontext=u:object_r:proc_pid_max:s0 tclass=file permissive=1
[ 1956.062767] type=1400 audit(1785265203.404:79236): avc:  denied  { open } for  comm="top" path="/proc/sys/kernel/pid_max" dev="proc" ino=756353 scontext=u:r:system_app:s0 tcontext=u:object_r:proc_pid_max:s0 tclass=file permissive=1
[ 1956.062862] type=1400 audit(1785265203.404:79237): avc:  denied  { read } for  comm="top" scontext=u:r:system_app:s0 tcontext=u:r:servicemanager:s0 tclass=file permissive=1
[ 1956.062940] type=1400 audit(1785265203.404:79238): avc:  denied  { read } for  comm="top" scontext=u:r:system_app:s0 tcontext=u:r:hwservicemanager:s0 tclass=file permissive=1
[ 1956.143455] <<SGM3804-INF>>[sgm3804_reg_init:152] reg[0] addr:0x00000000 val:0x0000000c
[ 1956.144155] <<SGM3804-INF>>[sgm3804_reg_init:158] write reg[0] addr:0x00000000 val:0x0000000c success
[ 1956.144159] <<SGM3804-INF>>[sgm3804_reg_init:152] reg[1] addr:0x00000001 val:0x0000000c
[ 1956.144367] <<SGM3804-INF>>[sgm3804_reg_init:158] write reg[1] addr:0x00000001 val:0x0000000c success
[ 1956.144376] <<SGM3804-INF>>[sgm3804_reg_init:152] reg[2] addr:0x00000003 val:0x00000003
[ 1956.144553] <<SGM3804-INF>>[sgm3804_reg_init:158] write reg[2] addr:0x00000003 val:0x00000003 success
[ 1956.217495] [kworke][0x8cc850c1b][19:00:03.563370] kiwi_v2: [17814:I:PMO] pmo_core_psoc_send_host_wakeup_ind_to_fw: Host wakeup indication sent to fw
[ 1956.252343] graph_product_name =  AR14
[ 1956.252579] sy7758vgs_reg_init:I2C transfer error!
[ 1956.252817] sy7758vgs_reg_init:I2C transfer error!
[ 1956.253008] sy7758vgs_reg_init:I2C transfer error!
[ 1956.253212] sy7758vgs_reg_init:I2C transfer error!
[ 1956.253432] sy7758vgs_reg_init:I2C transfer error!
[ 1956.253634] sy7758vgs_reg_init:I2C transfer error!
[ 1956.253880] sy7758vgs_reg_init:I2C transfer error!
[ 1956.254129] sy7758vgs_reg_init:I2C transfer error!
[ 1956.254331] Read reg = 0x01 val = 0x00
[ 1956.254524] Read reg = 0x10 val = 0x00
[ 1956.254754] Read reg = 0x11 val = 0x00
[ 1956.254951] Read reg = 0xa5 val = 0x00
[ 1956.255149] Read reg = 0xa0 val = 0x00
[ 1956.255382] Read reg = 0xa1 val = 0x00
[ 1956.255623] Read reg = 0xa2 val = 0x00
[ 1956.255817] Read reg = 0xa9 val = 0x00
[ 1956.256004] Read reg = 0x02 val = 0x00
[ 1956.347524] usb 1-2: new full-speed USB device number 5 using xhci_hcd
[ 1956.431490] [drm:sde_dsc_create_pps_buf_cmd:505] [sde error]pic_width 1080 pic_height 1920
[ 1956.431526] [drm:sde_dsc_create_pps_buf_cmd:512] [sde error]slice_width 540 slice_height 8
[ 1956.436833] <I>CTS-I2CDrv Resume
[ 1956.436840] <I>CTS-Core Resume device
[ 1956.436841] <I>CTS-Core Reset device
[ 1956.436841] <I>CTS-Plat Reset device
[ 1956.489264] <I>CTS-Core Start device...
[ 1956.489294] <I>CTS-Core Start device successfully
[ 1956.557475] graph_product_name =  AR14
[ 1956.557712] sy7758vgs_reg_init:write reg[0] addr:0x00000001 val:0x00000085 success
[ 1956.557924] sy7758vgs_reg_init:write reg[1] addr:0x00000010 val:0x00000000 success
[ 1956.558144] sy7758vgs_reg_init:write reg[2] addr:0x00000011 val:0x00000000 success
[ 1956.558334] sy7758vgs_reg_init:write reg[3] addr:0x000000a5 val:0x00000064 success
[ 1956.558527] sy7758vgs_reg_init:write reg[4] addr:0x000000a0 val:0x00000055 success
[ 1956.558722] sy7758vgs_reg_init:write reg[5] addr:0x000000a1 val:0x0000009a success
[ 1956.559004] sy7758vgs_reg_init:write reg[6] addr:0x000000a9 val:0x00000080 success
[ 1956.559234] sy7758vgs_reg_init:write reg[7] addr:0x000000a2 val:0x00000028 success
[ 1956.559583] Read reg = 0x01 val = 0x85
[ 1956.559941] Read reg = 0x10 val = 0x00
[ 1956.560268] Read reg = 0x11 val = 0x00
[ 1956.560706] Read reg = 0xa5 val = 0x64
[ 1956.561158] Read reg = 0xa0 val = 0x55
[ 1956.561492] Read reg = 0xa1 val = 0x9a
[ 1956.561896] Read reg = 0xa2 val = 0x28
[ 1956.562221] Read reg = 0xa9 val = 0x80
[ 1956.562527] Read reg = 0x02 val = 0x3c
[ 1956.594110] adsp_sleepmon: Audio: num_sessions=1,num_lpi_sessions=0,timer_pending=0
[ 1956.623906] swr-mgr wsa2_swr_ctrl: swr_mstr_interrupt: SWR CMD Ignored, fifo status 0x4000000a
[ 1956.628835] swr-mgr wsa2_swr_ctrl: swr_mstr_interrupt: SWR CMD Ignored, fifo status 0x40000001
[ 1956.633243] swr-mgr wsa2_swr_ctrl: swr_mstr_interrupt: SWR CMD Ignored, fifo status 0x40000003
[ 1956.637658] swr-mgr wsa2_swr_ctrl: swr_mstr_interrupt: SWR CMD Ignored, fifo status 0x40002002
[ 1956.642432] swr-mgr wsa2_swr_ctrl: swr_mstr_interrupt: SWR CMD Ignored, fifo status 0x40000009
[ 1956.647029] swr-mgr wsa2_swr_ctrl: swr_mstr_interrupt: SWR CMD Ignored, fifo status 0x40000005
[ 1956.651853] swr-mgr wsa2_swr_ctrl: swr_mstr_interrupt: SWR CMD Ignored, fifo status 0x40000002
[ 1956.684837] usb 1-2: device descriptor read/64, error -71
[ 1956.752294] init: Control message: Could not find 'vendor.qti.diaghal@1.0::Idiag/default' for ctl.interface_start from pid: 754 (/system/bin/hwservicemanager)
[ 1956.815279] [kworke][0x8cd342f2f][19:00:04.161171] kiwi_v2: [17814:I:PMO] pmo_core_enable_wow_in_fw: drv wow is enabled
[ 1957.036034] usb 1-2: New USB device found, idVendor=4001, idProduct=0428, bcdDevice= 1.00
[ 1957.036079] usb 1-2: New USB device strings: Mfr=1, Product=2, SerialNumber=3
[ 1957.036099] usb 1-2: Product: AYANEO Controller
[ 1957.036117] usb 1-2: SerialNumber: USB HID
[ 1957.065529] audit: audit_lost=73797 audit_rate_limit=5 audit_backlog_limit=64
[ 1957.065533] audit: rate limit exceeded
[ 1957.065604] type=1400 audit(1785265204.408:79556): avc:  denied  { read } for  comm="top" name="pid_max" dev="proc" ino=756353 scontext=u:r:system_app:s0 tcontext=u:object_r:proc_pid_max:s0 tclass=file permissive=1
[ 1957.066136] type=1400 audit(1785265204.408:79557): avc:  denied  { open } for  comm="top" path="/proc/sys/kernel/pid_max" dev="proc" ino=756353 scontext=u:r:system_app:s0 tcontext=u:object_r:proc_pid_max:s0 tclass=file permissive=1
[ 1957.122772] input: AYANEO Controller as /devices/platform/soc/1c08000.qcom,pcie/pci0001:00/0001:00:00.0/0001:01:00.0/usb1/1-2/1-2:1.0/0003:4001:0428.0004/input/input14
[ 1957.178454] aya_haptic 0003:4001:0428.0004: input,hidraw0: USB HID v1.11 Gamepad [AYANEO Controller] on usb-0001:01:00.0-2/input0
[ 1957.178572] input: AYANEO Controller aya_haptic as /devices/platform/soc/1c08000.qcom,pcie/pci0001:00/0001:00:00.0/0001:01:00.0/usb1/1-2/1-2:1.0/0003:4001:0428.0004/input/input15
[ 1957.178616] aya_haptic 0003:4001:0428.0004: aya_haptic init done
[ 1957.178619] aya_haptic 0003:4001:0428.0004: aya_haptic probe done
[ 1957.180797] msm_mpss: [parse_devicetree]rproc phandle not ready
[ 1957.180803] system_health_monitor_probe Failed to parse Device Tree
[ 1957.181182] cdsp-loader soc:qcom,msm-cdsp-loader: cdsp_loader_probe: rproc not found
[ 1957.189538] msm_mpss: [parse_devicetree]rproc phandle not ready
[ 1957.189546] system_health_monitor_probe Failed to parse Device Tree
[ 1957.189927] cdsp-loader soc:qcom,msm-cdsp-loader: cdsp_loader_probe: rproc not found
[ 1957.753731] init: Control message: Could not find 'vendor.qti.diaghal@1.0::Idiag/default' for ctl.interface_start from pid: 754 (/system/bin/hwservicemanager)
[ 1958.148826] hid_aya_haptic_play: enter
[ 1958.148922] aya_haptic 0003:4001:0428.0004: aya_haptic_hid_report_work: left 255, right 255
[ 1958.179370] hid_aya_haptic_play: enter
[ 1958.179506] aya_haptic 0003:4001:0428.0004: aya_haptic_hid_report_work: left 0, right 0
[ 1958.317216] audit: audit_lost=74058 audit_rate_limit=5 audit_backlog_limit=64
[ 1958.317221] audit: rate limit exceeded
[ 1958.470167] [I]focaltech: irq_num 400 trigger
[ 1958.758107] init: Control message: Could not find 'vendor.qti.diaghal@1.0::Idiag/default' for ctl.interface_start from pid: 754 (/system/bin/hwservicemanager)
[ 1959.008102] adsp_sleepmon: Audio: num_sessions=0,num_lpi_sessions=0,timer_pending=1
[ 1959.168872] init: Received sys.powerctl='bootanim' from pid: 2281 (system_server)
[ 1959.168958] init: Got shutdown_command 'bootanim' Calling HandlePowerctlMessage()
[ 1959.169013] init: powerctl: unrecognized command 'bootanim'
[ 1959.169556] init: starting service 'bootanim'...
[ 1959.173851] init: ... started service 'bootanim' has pid 30394
[ 1959.173869] init: Control message: Processed ctl.start for 'bootanim' from pid: 2281 (system_server)
[ 1959.179164] [init][0x8cfe8baa8][19:00:06.525058] kiwi_v2: [300:I:HDD] wlan_hdd_pld_uevent: Received system reboot
[ 1959.182240] cnss_plat: cnss_plat_ipc_qmi_disconnect_cb: QMI client disconnect. QMI Socket Node:1 Port:16449 ID: 1
[ 1959.182251] cnss: CNSS Daemon disconnected
[ 1959.187529] qcom rproc: Device shutdown requested: true
[ 1959.198240] [kworke][0x8cfee515f][19:00:06.544134] kiwi_v2: [8373:I:PMO] pmo_core_psoc_send_host_wakeup_ind_to_fw: Host wakeup indication sent to fw
[ 1959.322266] audit: audit_lost=74173 audit_rate_limit=5 audit_backlog_limit=64
[ 1959.322270] audit: rate limit exceeded
[ 1959.338673] servicemanager: Found vendor.qti.hardware.perf2.IPerf/default in device VINTF manifest.
[ 1959.416658] SELinux: avc:  denied  { find } for pid=30394 uid=1003 name=vendor.perfservice scontext=u:r:bootanim:s0 tcontext=u:object_r:vendor_perf_service:s0 tclass=service_manager permissive=1
[ 1959.418619] gpio gpiochip0: Persistence not supported for GPIO 52
[ 1959.418674] gpio gpiochip0: (f000000.pinctrl): allocate IRQ 438, hwirq 52
[ 1959.418677] gpio gpiochip0: (f000000.pinctrl): found parent hwirq 4294967295
[ 1959.418681] gpio gpiochip0: (f000000.pinctrl): alloc_irqs_parent for 438 parent hwirq -1
[ 1959.418683] irq: IRQ438: trimming hierarchy from :soc:interrupt-controller@b220000-9
[ 1959.495257] servicemanager: Found vendor.qti.qspmhal.IQspmhal/default in device VINTF manifest.
[ 1959.536936] servicemanager: Found android.hardware.graphics.allocator.IAllocator/default in device VINTF manifest.
[ 1959.538502] servicemanager: Found android.hardware.graphics.allocator.IAllocator/default in device VINTF manifest.
[ 1959.577853] btpower_handle_client_request: Start of BT_CMD_PWR_CTRL cmd request to Power OFF.
[ 1959.577871] bt_power_vote: Start Current state is BT powered ON and No SSR, BT in Retention state access NO_GRANT_FOR_ANY_SS pending NO_OTHER_CLIENT_WAITING_FOR_GRANT
[ 1959.577874] bt_regulators_pwr: vote off
[ 1959.679440] BT-OFF:bt-reset-gpio(318) value(0)
[ 1959.679447] BT-OFF:bt-sw-ctrl-gpio(319) value(0)
[ 1959.679448] bt_configure_gpios: bt_gpio= 318 on: 0
[ 1959.679477] platform_regulators_pwr: not avilable to vote off
[ 1959.679479] bt_power_vote: Completed Current state is ALL Client OFF and No SSR, Both client not in Retention state access NO_GRANT_FOR_ANY_SS pending NO_OTHER_CLIENT_WAITING_FOR_GRANT
[ 1959.679512] schedule_client_voting: 0
[ 1959.925119] msm_eusb2_phy 88e3000.hsphy: Avail curr from USB = 2
[ 1959.956487] healthd: battery l=71 v=8005 t=32.0 h=2 st=3 c=-570387 fc=4162000 cc=0 chg=a
[ 1959.976796] msm_eusb2_phy 88e3000.hsphy: Avail curr from USB = 0
[ 1959.979610] android_work: sent uevent USB_STATE=DISCONNECTED
[ 1959.979879] [kworke][0x8d0d35057][19:00:07.325773] kiwi_v2: [8373:I:PMO] pmo_core_enable_wow_in_fw: drv wow is enabled
[ 1959.982651] android_work: did not send uevent (0 0 0000000000000000)
[ 1959.982961] wcd_usbss_switch_update: ctype = 0, connect_status = 0
[ 1959.983693] msm_eusb2_phy 88e3000.hsphy: Avail curr from USB = 0
[ 1959.984173] BATTERY_CHG: battery_psy_set_online: battery_psy_set_online: set online 1
[ 1959.985447] msm-dwc3 a600000.ssusb: DWC3 in low power mode
[ 1959.989340] healthd: battery l=71 v=8005 t=32.0 h=2 st=3 c=-570387 fc=4162000 cc=0 chg=a
[ 1960.016832] healthd: battery l=71 v=8005 t=32.0 h=2 st=3 c=-570387 fc=4162000 cc=0 chg=
[ 1960.020006] dwc3 a600000.dwc3: request 0000000000000000 was not queued to ep0out
[ 1960.020172] android_work: did not send uevent (0 0 0000000000000000)
[ 1960.020181] msm_eusb2_phy 88e3000.hsphy: Avail curr from USB = 0
[ 1960.021509] read descriptors
[ 1960.021527] read strings
[ 1960.055830] BATTERY_CHG: battery_psy_set_online: battery_psy_set_online: set online 1
[ 1960.519173] audit: audit_lost=74507 audit_rate_limit=5 audit_backlog_limit=64
[ 1960.519183] audit: rate limit exceeded
[ 1960.762234] init: Control message: Could not find 'vendor.qti.diaghal@1.0::Idiag/default' for ctl.interface_start from pid: 754 (/system/bin/hwservicemanager)
[ 1961.057744] read descriptors
[ 1961.057784] read strings
[ 1961.365415] [kworke][0x8d26933ee][19:00:08.711208] kiwi_v2: [28951:I:PMO] pmo_core_psoc_send_host_wakeup_ind_to_fw: Host wakeup indication sent to fw
[ 1961.375383] [soft_i][0x8d26c2650][19:00:08.721266] kiwi_v2: [0:I:WMA] WLAN triggered wakeup: BPF_ALLOW (39), vdev: 0 (STA)
[ 1961.375967] [soft_i][0x8d26c5267][19:00:08.721854] kiwi_v2: [0:I:WMA] wma_wake_event_packet: Wake event packet:
[ 1961.561502] msm-dwc3 a600000.ssusb: DWC3 exited from low power mode
[ 1961.562139] eusb2-repeater c42d000.qcom,spmi:qcom,pm8550b@7:qcom,eusb2-repeater@fd00: eUSB2 repeater status:OK
[ 1961.562472] msm-usb-ssphy-qmp 88e8000.ssphy: USB DP QMP PHY: Update TYPEC CTRL(2)
[ 1961.616754] dwc3 a600000.dwc3: Set IRQ thread:irq/356-dwc3 pid:30580 to SCHED_NORMAL prio
[ 1961.623255] msm_mpss: [parse_devicetree]rproc phandle not ready
[ 1961.623272] system_health_monitor_probe Failed to parse Device Tree
[ 1961.625315] cdsp-loader soc:qcom,msm-cdsp-loader: cdsp_loader_probe: rproc not found
[ 1961.625657] android_work: did not send uevent (0 0 0000000000000000)
[ 1961.625678] msm_eusb2_phy 88e3000.hsphy: Avail curr from USB = 0
[ 1961.762339] init: Control message: Could not find 'vendor.qti.diaghal@1.0::Idiag/default' for ctl.interface_start from pid: 754 (/system/bin/hwservicemanager)
[ 1961.797304] type=1400 audit(1785265209.140:80380): avc:  denied  { read } for  comm="cat" name="gpuclk" dev="sysfs" ino=124210 scontext=u:r:xsud:s0 tcontext=u:object_r:vendor_sysfs_kgsl_gpuclk:s0 tclass=file permissive=1
[ 1961.797441] type=1400 audit(1785265209.140:80381): avc:  denied  { open } for  comm="cat" path="/sys/devices/platform/soc/3d00000.qcom,kgsl-3d0/kgsl/kgsl-3d0/gpuclk" dev="sysfs" ino=124210 scontext=u:r:xsud:s0 tcontext=u:object_r:vendor_sysfs_kgsl_gpuclk:s0 tclass=file permissive=1
[ 1961.809649] type=1400 audit(1785265209.152:80382): avc:  denied  { read } for  comm="cat" name="cur_freq" dev="sysfs" ino=124350 scontext=u:r:xsud:s0 tcontext=u:object_r:vendor_sysfs_kgsl:s0 tclass=file permissive=1
[ 1961.809830] type=1400 audit(1785265209.152:80383): avc:  denied  { open } for  comm="cat" path="/sys/devices/platform/soc/3d00000.qcom,kgsl-3d0/devfreq/3d00000.qcom,kgsl-3d0/cur_freq" dev="sysfs" ino=124350 scontext=u:r:xsud:s0 tcontext=u:object_r:vendor_sysfs_kgsl:s0 tclass=file permissive=1
[ 1961.859187] type=1400 audit(1785265209.200:80384): avc:  denied  { search } for  comm="cat" name="battery" dev="sysfs" ino=141568 scontext=u:r:xsud:s0 tcontext=u:object_r:vendor_sysfs_battery_supply:s0 tclass=dir permissive=1
[ 1961.894828] audit: audit_lost=74601 audit_rate_limit=5 audit_backlog_limit=64
[ 1961.894850] audit: rate limit exceeded
