[    1.006431] modprobe: Loaded kernel module /system_dlkm/lib/modules/6.1.75-android14-11-maybe-dirty//kernel/net/6lowpan/nhc_hop.ko
[    1.006443] usbcore: registered new interface driver cdc_eem
[    1.006520] modprobe: Loaded kernel module /system_dlkm/lib/modules/6.1.75-android14-11-maybe-dirty//kernel/drivers/net/usb/cdc_eem.ko
[    1.006598] Bluetooth: RFCOMM TTY layer initialized
[    1.006602] Bluetooth: RFCOMM socket layer initialized
[    1.006615] Bluetooth: RFCOMM ver 1.11
[    1.006646] Bluetooth: Bind failed -13
[    1.006706] modprobe: Loaded kernel module /system_dlkm/lib/modules/6.1.75-android14-11-maybe-dirty//kernel/net/bluetooth/rfcomm/rfcomm.ko
[    1.007104] modprobe: Loading module /system_dlkm/lib/modules/6.1.75-android14-11-maybe-dirty//kernel/net/6lowpan/6lowpan.ko with args ''
[    1.007563] modprobe: Loading module /system_dlkm/lib/modules/6.1.75-android14-11-maybe-dirty//kernel/net/6lowpan/nhc_routing.ko with args ''
[    1.007598] modprobe: Loaded kernel module /system_dlkm/lib/modules/6.1.75-android14-11-maybe-dirty//kernel/drivers/bluetooth/btqca.ko
[    1.007721] modprobe: Loaded kernel module /system_dlkm/lib/modules/6.1.75-android14-11-maybe-dirty//kernel/drivers/bluetooth/btbcm.ko
[    1.007757] modprobe: Loaded kernel module /system_dlkm/lib/modules/6.1.75-android14-11-maybe-dirty//kernel/net/6lowpan/nhc_dest.ko
[    1.007763] Bluetooth: HIDP (Human Interface Emulation) ver 1.2
[    1.007768] Bluetooth: HIDP socket layer initialized
[    1.007798] modprobe: Loading module /system_dlkm/lib/modules/6.1.75-android14-11-maybe-dirty//kernel/drivers/bluetooth/btqca.ko with args ''
[    1.007833] modprobe: Loaded kernel module /system_dlkm/lib/modules/6.1.75-android14-11-maybe-dirty//kernel/net/bluetooth/hidp/hidp.ko
[    1.008226] modprobe: Loading module /system_dlkm/lib/modules/6.1.75-android14-11-maybe-dirty//kernel/drivers/bluetooth/hci_uart.ko with args ''
[    1.009241] modprobe: Loaded kernel module /system_dlkm/lib/modules/6.1.75-android14-11-maybe-dirty//kernel/net/6lowpan/nhc_routing.ko
[    1.009872] Bluetooth: HCI UART driver ver 2.3
[    1.009875] Bluetooth: HCI UART protocol H4 registered
[    1.009888] Bluetooth: HCI UART protocol LL registered
[    1.010037] Bluetooth: HCI UART protocol Broadcom registered
[    1.010041] Bluetooth: HCI UART protocol QCA registered
[    1.010124] modprobe: Loaded kernel module /system_dlkm/lib/modules/6.1.75-android14-11-maybe-dirty//kernel/drivers/bluetooth/hci_uart.ko
[    1.045244] modprobe: Loading module /vendor/lib/modules/msm_sysstats.ko with args ''
[    1.046446] registered sysstats version 2
[    1.046805] modprobe: Loaded kernel module /vendor/lib/modules/msm_sysstats.ko
[    1.053982] ntfs: driver 2.1.32 [Flags: R/O MODULE].
[    1.067635] Registered swp emulation handler
[    1.130238] swr_dlkm: loading out-of-tree module taints kernel.
[    1.260838] cs_system_cfg: CoreSight Configuration manager initialised
[    1.261109] msm_hang_detect_probe: Missing cluster-id.
[    1.261563] tz_log_dlkm:[tzdbg_get_tz_version][1736]: tz diag version is 37765120
[    1.261607] tz_log_dlkm:[tzdbg_query_encrypted_log][1770]: encrypted qseelog enabled is 0
[    1.262293] coresight-dummy soc:tpdm@10b30000: Dummy device initialized
[    1.262530] coresight-dummy soc:tpdm@10b46000: Dummy device initialized
[    1.262822] coresight-dummy soc:lpass_stm: Dummy device initialized
[    1.263082] coresight-dummy soc:tpdm@10981000: Dummy device initialized
[    1.263283] coresight-dummy soc:tpdm@10982000: Dummy device initialized
[    1.263653] ipclite:ipclite_init_v0: APSS:info:IPCLite Version : 1.0 Feature Mask : 0x3
[    1.263655] ipclite:ipclite_init_v0: APSS:info:IPCLite Probe Completed Successfully
[    1.263890] qti-reg-fixed-voltage soc:regulator-dbo3: GPIO lookup for consumer (null)
[    1.263893] qti-reg-fixed-voltage soc:regulator-dbo3: using device tree for GPIO lookup
[    1.263896] of_get_named_gpiod_flags: can't parse 'gpios' property of node '/soc/regulator-dbo3[0]'
[    1.263901] of_get_named_gpiod_flags: can't parse 'gpio' property of node '/soc/regulator-dbo3[0]'
[    1.263905] qti-reg-fixed-voltage soc:regulator-dbo3: using lookup tables for GPIO lookup
[    1.263906] qti-reg-fixed-voltage soc:regulator-dbo3: No GPIO consumer (null) found
[    1.264162] msm_sps_probe: sps:sps is ready
[    1.264271] KPI: Bootloader start count = 62967
[    1.264274] KPI: Bootloader end count = 169279
[    1.264274] KPI: Bootloader load kernel count = 1233
[    1.264277] KPI: Kernel MPM timestamp = 220291
[    1.264278] KPI: Kernel MPM Clock frequency = 32768
[    1.267865] coresight-dummy soc:tpdm@10801000: Dummy device initialized
[    1.269555] cdsprm: Init successful
[    1.272173] 88e0000.qcom,msm-eud: ttyEUD0 at MMIO 0x0 (irq = 187, base_baud = 0) is a EUD UART
[    1.274667] cnss_plat: CNSS Platform IPC QMI Service is started
[    1.274785] coresight-dummy soc:tpdm@1080d000: Dummy device initialized
[    1.275020] coresight-dummy soc:gladiator: Dummy device initialized
[    1.275139] coresight-dummy soc:modem_diag: Dummy device initialized
[    1.275296] coresight-dummy soc:dummy_replicator: Dummy device initialized
[    1.275369] coresight-dummy soc:dummy_sink: Dummy device initialized
[    1.275828] of_get_named_gpiod_flags: can't parse 'qcom,cdc-rst-n-gpio' property of node '/soc/wsa_spkr_en2_pinctrl[0]'
[    1.276009] of_get_named_gpiod_flags: can't parse 'qcom,cdc-rst-n-gpio' property of node '/soc/msm_cdc_pinctrl@32[0]'
[    1.276887] pci-msm 1c00000.qcom,pcie: PCIe: msm_pcie_probe
[    1.276968] msm_pcie_get_reg: PCIe: RC0: no mhi resource found.
[    1.276970] msm_pcie_get_reg: PCIe: RC0: no tcsr resource found.
[    1.276972] msm_pcie_get_reg: PCIe: RC0: no rumi resource found.
[    1.277051] msm_pcie_get_clk: PCIe: RC0: could not find entry for pcie_pipe_clk
[    1.277131] pci-msm 1c00000.qcom,pcie: supply gdsc-core-vdd not found, using dummy regulator
[    1.278465] qcom-bwmon: Zone thres larger than hw limit: hi:267 med:400 lo:0
[    1.278922] of_get_named_gpiod_flags: parsed 'perst-gpio' property of node '/soc/qcom,pcie@1c00000[0]' - status (0)
[    1.278928] of_get_named_gpiod_flags: parsed 'wake-gpio' property of node '/soc/qcom,pcie@1c00000[0]' - status (0)
[    1.278932] of_get_named_gpiod_flags: can't parse 'qcom,ep-gpio' property of node '/soc/qcom,pcie@1c00000[0]'
[    1.278935] of_get_named_gpiod_flags: can't parse 'card-presence-pin' property of node '/soc/qcom,pcie@1c00000[0]'
[    1.278949] gpio gpiochip0: (f000000.pinctrl): allocate IRQ 220, hwirq 96
[    1.278953] gpio gpiochip0: (f000000.pinctrl): found parent hwirq 119
[    1.278955] gpio gpiochip0: (f000000.pinctrl): alloc_irqs_parent for 220 parent hwirq 119
[    1.280059] pci-msm 1c08000.qcom,pcie: PCIe: msm_pcie_probe
[    1.280148] msm_pcie_get_reg: PCIe: RC1: no pcie_sm resource found.
[    1.280150] msm_pcie_get_reg: PCIe: RC1: no mhi resource found.
[    1.280152] msm_pcie_get_reg: PCIe: RC1: no tcsr resource found.
[    1.280153] msm_pcie_get_reg: PCIe: RC1: no rumi resource found.
[    1.280737] of_get_named_gpiod_flags: parsed 'perst-gpio' property of node '/soc/qcom,pcie@1c08000[0]' - status (0)
[    1.280743] of_get_named_gpiod_flags: parsed 'wake-gpio' property of node '/soc/qcom,pcie@1c08000[0]' - status (0)
[    1.280747] of_get_named_gpiod_flags: parsed 'qcom,ep-gpio' property of node '/soc/qcom,pcie@1c08000[0]' - status (0)
[    1.280750] of_get_named_gpiod_flags: can't parse 'card-presence-pin' property of node '/soc/qcom,pcie@1c08000[0]'
[    1.280760] gpio gpiochip0: (f000000.pinctrl): allocate IRQ 228, hwirq 99
[    1.280763] gpio gpiochip0: (f000000.pinctrl): found parent hwirq 62
[    1.280764] gpio gpiochip0: (f000000.pinctrl): alloc_irqs_parent for 228 parent hwirq 62
[    1.284334] msm_pcie_enable: PCIe: Assert the reset of endpoint of RC1.
[    1.285084] qcom_dload_probe: Current dump mode: 0x10
[    1.285862] pineapple-pinctrl f000000.pinctrl: pin_config_group_set op failed for group 37
[    1.285864] gpio-ir-tx soc:irled@0: Error applying setting, reverse things back
[    1.285901] gpio-ir-tx soc:irled@0: GPIO lookup for consumer (null)
[    1.285902] gpio-ir-tx soc:irled@0: using device tree for GPIO lookup
[    1.285917] of_get_named_gpiod_flags: parsed 'gpios' property of node '/soc/irled@0[0]' - status (0)
[    1.285943] gpio gpiochip0: Persistence not supported for GPIO 37
[    1.285966] rc rc0: GPIO IR Bit Banging Transmitter as /devices/platform/soc/soc:irled@0/rc/rc0
[    1.285991] rc rc0: lirc_dev: driver gpio-ir-tx registered at minor = 0, no receiver, raw IR transmitter
[    1.286074] gh_panic_notifier soc:qcom,gunyah-panic-notifier: assigned reserved memory node vm_comm_mem_region
[    1.286908] cfg80211: Loading compiled-in X.509 certificates for regulatory database
[    1.287085] qcom,qfprom 221c2000.qfprom: GPIO lookup for consumer wp
[    1.287087] qcom,qfprom 221c2000.qfprom: using device tree for GPIO lookup
[    1.287090] of_get_named_gpiod_flags: can't parse 'wp-gpios' property of node '/soc/qfprom@221c2000[0]'
[    1.287094] of_get_named_gpiod_flags: can't parse 'wp-gpio' property of node '/soc/qfprom@221c2000[0]'
[    1.287096] qcom,qfprom 221c2000.qfprom: using lookup tables for GPIO lookup
[    1.287098] qcom,qfprom 221c2000.qfprom: No GPIO consumer wp found
[    1.287143] cfg80211: Problem loading in-kernel X.509 certificate (-13)
[    1.287199] leds-qti-tri-led c42d000.qcom,spmi:qcom,pm8550@1:qcom,leds@ef00: qpnp_tri_led_register: set red default brightness 10
[    1.287500] leds-qti-tri-led c42d000.qcom,spmi:qcom,pm8550@1:qcom,leds@ef00: qpnp_tri_led_register: set green default brightness 10
[    1.287800] leds-qti-tri-led c42d000.qcom,spmi:qcom,pm8550@1:qcom,leds@ef00: qpnp_tri_led_register: set blue default brightness 10
[    1.288391] of_get_named_gpiod_flags: parsed 'tlmm-vm-gpio-list' property of node '/soc/tlmm-vm-mem-access[0]' - status (0)
[    1.288415] of_get_named_gpiod_flags: parsed 'tlmm-vm-gpio-list' property of node '/soc/tlmm-vm-mem-access[1]' - status (0)
[    1.288509] of_get_named_gpiod_flags: parsed 'tlmm-vm-gpio-list' property of node '/soc/tlmm-vm-mem-access[2]' - status (0)
[    1.288533] of_get_named_gpiod_flags: parsed 'tlmm-vm-gpio-list' property of node '/soc/tlmm-vm-mem-access[3]' - status (0)
[    1.288599] of_get_named_gpiod_flags: parsed 'tlmm-vm-gpio-list' property of node '/soc/tlmm-vm-mem-access[4]' - status (0)
[    1.288640] of_get_named_gpiod_flags: parsed 'tlmm-vm-gpio-list' property of node '/soc/tlmm-vm-mem-access[5]' - status (0)
[    1.288709] of_get_named_gpiod_flags: parsed 'tlmm-vm-gpio-list' property of node '/soc/tlmm-vm-mem-access[6]' - status (0)
[    1.288757] of_get_named_gpiod_flags: parsed 'tlmm-vm-gpio-list' property of node '/soc/tlmm-vm-mem-access[7]' - status (0)
[    1.288829] of_get_named_gpiod_flags: parsed 'tlmm-vm-gpio-list' property of node '/soc/tlmm-vm-mem-access[8]' - status (0)
[    1.288896] of_get_named_gpiod_flags: parsed 'tlmm-vm-gpio-list' property of node '/soc/tlmm-vm-mem-access[9]' - status (0)
[    1.288989] of_get_named_gpiod_flags: parsed 'tlmm-vm-gpio-list' property of node '/soc/tlmm-vm-mem-access[10]' - status (0)
[    1.289042] cpu_voltage_cooling:build_unified_table CPU1:7 CPU2:5
[    1.289045] cpu_voltage_cooling:build_unified_table freq1:3302400 freq2:2956800
[    1.289046] cpu_voltage_cooling:build_unified_table freq1:3244800 freq2:2956800
[    1.289047] cpu_voltage_cooling:build_unified_table freq1:3187200 freq2:2956800
[    1.289047] cpu_voltage_cooling:build_unified_table freq1:3110400 freq2:2956800
[    1.289048] cpu_voltage_cooling:build_unified_table freq1:3052800 freq2:2956800
[    1.289048] cpu_voltage_cooling:build_unified_table freq1:2995200 freq2:2956800
[    1.289049] cpu_voltage_cooling:build_unified_table freq1:2937600 freq2:2899200
[    1.289050] cpu_voltage_cooling:build_unified_table freq1:2880000 freq2:2841600
[    1.289050] cpu_voltage_cooling:build_unified_table freq1:2803200 freq2:2764800
[    1.289051] cpu_voltage_cooling:build_unified_table freq1:2745600 freq2:2630400
[    1.289052] cpu_voltage_cooling:build_unified_table freq1:2688000 freq2:2630400
[    1.289052] cpu_voltage_cooling:build_unified_table freq1:2630400 freq2:2572800
[    1.289053] cpu_voltage_cooling:build_unified_table freq1:2553600 freq2:2515200
[    1.289054] cpu_voltage_cooling:build_unified_table freq1:2496000 freq2:2438400
[    1.289054] cpu_voltage_cooling:build_unified_table freq1:2438400 freq2:2380800
[    1.289055] cpu_voltage_cooling:build_unified_table freq1:2380800 freq2:2323200
[    1.289056] cpu_voltage_cooling:build_unified_table freq1:2304000 freq2:2246400
[    1.289056] cpu_voltage_cooling:build_unified_table freq1:2246400 freq2:2131200
[    1.289057] cpu_voltage_cooling:build_unified_table freq1:2169600 freq2:2131200
[    1.289057] cpu_voltage_cooling:build_unified_table freq1:2112000 freq2:2035200
[    1.289058] cpu_voltage_cooling:build_unified_table freq1:2035200 freq2:2035200
[    1.289058] cpu_voltage_cooling:build_unified_table freq1:1939200 freq2:1920000
[    1.289059] cpu_voltage_cooling:build_unified_table freq1:1824000 freq2:1824000
[    1.289059] cpu_voltage_cooling:build_unified_table freq1:1708800 freq2:1708800
[    1.289060] cpu_voltage_cooling:build_unified_table freq1:1593600 freq2:1612800
[    1.289060] cpu_voltage_cooling:build_unified_table freq1:1478400 freq2:1497600
[    1.289061] cpu_voltage_cooling:build_unified_table freq1:1363200 freq2:1401600
[    1.289061] cpu_voltage_cooling:build_unified_table freq1:1248000 freq2:1286400
[    1.289062] cpu_voltage_cooling:build_unified_table freq1:1132800 freq2:1075200
[    1.289062] cpu_voltage_cooling:build_unified_table freq1:1017600 freq2:960000
[    1.289063] cpu_voltage_cooling:build_unified_table freq1:902400 freq2:844800
[    1.289063] cpu_voltage_cooling:build_unified_table freq1:787200 freq2:844800
[    1.289064] cpu_voltage_cooling:build_unified_table freq1:672000 freq2:729600
[    1.289064] cpu_voltage_cooling:build_unified_table freq1:576000 freq2:614400
[    1.289065] cpu_voltage_cooling:build_unified_table freq1:480000 freq2:499200
[    1.289076] of_get_named_gpiod_flags: parsed 'tlmm-vm-gpio-list' property of node '/soc/tlmm-vm-mem-access[11]' - status (0)
[    1.289177] of_get_named_gpiod_flags: parsed 'tlmm-vm-gpio-list' property of node '/soc/tlmm-vm-mem-access[12]' - status (0)
[    1.289286] of_get_named_gpiod_flags: parsed 'tlmm-vm-gpio-list' property of node '/soc/tlmm-vm-mem-access[13]' - status (0)
[    1.289386] of_get_named_gpiod_flags: parsed 'tlmm-vm-gpio-list' property of node '/soc/tlmm-vm-mem-access[14]' - status (0)
[    1.289494] of_get_named_gpiod_flags: parsed 'tlmm-vm-gpio-list' property of node '/soc/tlmm-vm-mem-access[15]' - status (0)
[    1.289645] msm_sharedmem: msm_sharedmem_probe: Device created for client 'rmtfs'
[    1.289649] msm_pcie_enable_link: PCIe: RC1: PCIE20_PARF_INT_ALL_MASK: 0x7f80d202
[    1.290705] CLD80211: Initializing
[    1.291445] platform regulatory.0: Direct firmware load for regulatory.db failed with error -2
[    1.291449] platform regulatory.0: Falling back to sysfs fallback for: regulatory.db
[    1.292006] pcie_phy_init: PCIe RC1 PHY is ready!
[    1.293022] coresight-csr 10001000.csr: CSR initialized: coresight-csr
[    1.293530] coresight coresight-cti-qdss_cti: CTI initialized
[    1.294074] coresight coresight-cti-cti0: CTI initialized
[    1.294432] coresight coresight-cti-dlmm_cti0: CTI initialized
[    1.294763] coresight coresight-cti-ddr_dl_0_cti_0: CTI initialized
[    1.295134] coresight coresight-cti-ddr_dl_1_cti_0: CTI initialized
[    1.295556] coresight coresight-cti-ddr_ch02_dl_cti_0: CTI initialized
[    1.296632] coresight-csr 10b11000.csr: CSR initialized: coresight-swao-csr
[    1.298870] register_kretprobe failed at functionfs_bind, returned -2
[    1.299315] coresight coresight-cti-ddr_ch13_dl_cti_0: CTI initialized
[    1.299671] coresight-remote-etm soc:audio_etm0: Remote ETM initialized
[    1.299835] coresight-remote-etm soc:turing_etm0: Remote ETM initialized
[    1.301143] ufs_device_wlun 0:0:0:49488: Attached scsi generic sg0 type 30
[    1.301175] scsi 0:0:0:49476: Attached scsi generic sg1 type 30
[    1.301204] scsi 0:0:0:49456: Attached scsi generic sg2 type 30
[    1.301232] sd 0:0:0:0: Attached scsi generic sg3 type 0
[    1.301263] sd 0:0:0:1: Attached scsi generic sg4 type 0
[    1.301296] sd 0:0:0:2: Attached scsi generic sg5 type 0
[    1.301323] sd 0:0:0:3: Attached scsi generic sg6 type 0
[    1.301377] sd 0:0:0:4: Attached scsi generic sg7 type 0
[    1.301941] sd 0:0:0:5: Attached scsi generic sg8 type 0
[    1.301968] coresight coresight-cti-lpass_dl_cti: CTI initialized
[    1.301971] sd 0:0:0:6: Attached scsi generic sg9 type 0
[    1.301999] sd 0:0:0:7: Attached scsi generic sg10 type 0
[    1.302150] coresight coresight-cti-apss_pe0: CTI initialized
[    1.302151] msm_pcie_enable_link: PCIe: Release the reset of endpoint of RC1.
[    1.302345] coresight-remote-etm soc:modem_etm0: Remote ETM initialized
[    1.302553] coresight-remote-etm soc:modem2_etm0: Remote ETM initialized
[    1.303981] logd: libprocessgroup: JoinCgroup: controller schedtune is not found
[    1.305078] register_kretprobe failed at ffs_closed, returned -2
[    1.306597] coresight coresight-cti-apss_pe1: CTI initialized
[    1.306684] coresight coresight-cti-apss_pe2: CTI initialized
[    1.306745] coresight coresight-cti-apss_pe3: CTI initialized
[    1.306813] coresight coresight-cti-apss_pe4: CTI initialized
[    1.306873] coresight coresight-cti-apss_pe5: CTI initialized
[    1.306924] coresight coresight-cti-apss_pe6: CTI initialized
[    1.306983] coresight coresight-cti-apss_pe7: CTI initialized
[    1.307036] coresight coresight-cti-apss_cluster: CTI initialized
[    1.307092] coresight coresight-cti-apss_cti0: CTI initialized
[    1.307149] coresight coresight-cti-apss_cti1: CTI initialized
[    1.307199] coresight coresight-cti-apss_cti2: CTI initialized
[    1.307253] coresight coresight-cti-apss_atb_cti: CTI initialized
[    1.307309] coresight coresight-cti-iris_dl_cti: CTI initialized
[    1.307364] coresight coresight-cti-mdss_dl_cti: CTI initialized
[    1.307425] coresight coresight-cti-turing_dl_cti_0: CTI initialized
[    1.307479] coresight coresight-cti-turing_q6_cti: CTI initialized
[    1.307536] coresight coresight-cti-swao_cti: CTI initialized
[    1.307597] coresight coresight-cti-mss_q6_cti: CTI initialized
[    1.307657] coresight coresight-cti-modem_tp_cti: CTI initialized
[    1.308904] servicemanager: Starting sm instance on /dev/binder
[    1.309386] logd.auditd: start
[    1.310519] tsnv tsnv_init register TSNV Driver v0.01
[    1.312210] SELinux: Multiple same specifications for android.hardware.camera.provider.ICameraProvider/external/0.
[    1.312289] SELinux: Multiple same specifications for vendor.qti.gnss.ILocAidlGnss/default.
[    1.313142] SELinux: SELinux: Loaded service context from:
[    1.313156] SELinux: 		/system/etc/selinux/plat_service_contexts
[    1.313159] SELinux: 		/system_ext/etc/selinux/system_ext_service_contexts
[    1.313161] SELinux: 		/product/etc/selinux/product_service_contexts
[    1.313164] SELinux: 		/vendor/etc/selinux/vendor_service_contexts
[    1.313168] SELinux: 		/odm/etc/selinux/odm_service_contexts
[    1.314202] logd: Loaded bug_map file: /system_ext/etc/selinux/bug_map
[    1.314228] logd: Loaded bug_map file: /vendor/etc/selinux/selinux_denial_metadata
[    1.314628] logd: Loaded bug_map file: /system/etc/selinux/bug_map
[    1.316012] coresight-secure-etr soc:tmc_modem: assigned reserved memory node qdss_region@82800000
[    1.316132] gpiochip_find_base: found new base at 289
[    1.316273] gpio gpiochip1: (c42d000.qcom,spmi:qcom,pm8550@1:pinctrl@8800): added GPIO chardev (254:1)
[    1.316308] gpio gpiochip1: registered GPIOs 289 to 300 on c42d000.qcom,spmi:qcom,pm8550@1:pinctrl@8800
[    1.316321] gpio gpiochip1: (c42d000.qcom,spmi:qcom,pm8550@1:pinctrl@8800): created GPIO range 0->11 ==> c42d000.qcom,spmi:qcom,pm8550@1:pinctrl@8800 PIN 0->11
[    1.317449] qti-reg-fixed-voltage soc:display_gpio_regulator@1: GPIO lookup for consumer (null)
[    1.317452] qti-reg-fixed-voltage soc:display_gpio_regulator@1: using device tree for GPIO lookup
[    1.317454] of_get_named_gpiod_flags: can't parse 'gpios' property of node '/soc/display_gpio_regulator@1[0]'
[    1.317525] of_get_named_gpiod_flags: parsed 'gpio' property of node '/soc/display_gpio_regulator@1[0]' - status (0)
[    1.317531] gpio gpiochip1: Persistence not supported for GPIO 10
[    1.317569] sdhci_msm 8804000.sdhci: Adding to iommu group 3
[    1.318029] cdsp-loader soc:qcom,msm-cdsp-loader: cdsp_loader_probe: rproc not found
[    1.318124] vndservicemanager: Starting sm instance on /dev/vndbinder
[    1.318326] gpiochip_find_base: found new base at 277
[    1.318528] gpio gpiochip2: (c42d000.qcom,spmi:qcom,pm8550b@7:pinctrl@8800): added GPIO chardev (254:2)
[    1.318543] gpio gpiochip2: registered GPIOs 277 to 288 on c42d000.qcom,spmi:qcom,pm8550b@7:pinctrl@8800
[    1.318558] gpio gpiochip2: (c42d000.qcom,spmi:qcom,pm8550b@7:pinctrl@8800): created GPIO range 0->11 ==> c42d000.qcom,spmi:qcom,pm8550b@7:pinctrl@8800 PIN 0->11
[    1.319001] rmnet_mem_module_init(): Starting rmnet mem module
[    1.319314] sch: init (1.2)
[    1.319444] gpiochip_find_base: found new base at 269
[    1.319505] gpio gpiochip3: (c42d000.qcom,spmi:qcom,pm8550ve@8:pinctrl@8800): added GPIO chardev (254:3)
[    1.319519] gpio gpiochip3: registered GPIOs 269 to 276 on c42d000.qcom,spmi:qcom,pm8550ve@8:pinctrl@8800
[    1.319521] gpio gpiochip3: (c42d000.qcom,spmi:qcom,pm8550ve@8:pinctrl@8800): created GPIO range 0->7 ==> c42d000.qcom,spmi:qcom,pm8550ve@8:pinctrl@8800 PIN 0->7
[    1.320003] of_get_named_gpiod_flags: parsed 'gpios' property of node '/soc/gpio_keys/vol_up[0]' - status (0)
[    1.320009] gpio gpiochip1: Persistence not supported for GPIO 5
[    1.320179] gpio gpiochip1: (c42d000.qcom,spmi:qcom,pm8550@1:pinctrl@8800): allocate IRQ 234, hwirq 5
[    1.320180] gpio gpiochip1: (c42d000.qcom,spmi:qcom,pm8550@1:pinctrl@8800): found parent hwirq 141
[    1.320182] gpio gpiochip1: (c42d000.qcom,spmi:qcom,pm8550@1:pinctrl@8800): alloc_irqs_parent for 234 parent hwirq 141
[    1.320331] of_get_named_gpiod_flags: parsed 'gpios' property of node '/soc/gpio_keys/aya_key[0]' - status (0)
[    1.320339] gpio gpiochip0: Persistence not supported for GPIO 126
[    1.320350] gpio gpiochip0: (f000000.pinctrl): allocate IRQ 235, hwirq 126
[    1.320352] gpio gpiochip0: (f000000.pinctrl): found parent hwirq 4294967295
[    1.320354] gpio gpiochip0: (f000000.pinctrl): alloc_irqs_parent for 235 parent hwirq -1
[    1.320355] irq: IRQ235: trimming hierarchy from :soc:interrupt-controller@b220000-9
[    1.320369] of_get_named_gpiod_flags: parsed 'gpios' property of node '/soc/gpio_keys/equal_key[0]' - status (0)
[    1.320373] gpio gpiochip0: Persistence not supported for GPIO 127
[    1.320381] gpio gpiochip0: (f000000.pinctrl): allocate IRQ 236, hwirq 127
[    1.320382] gpio gpiochip0: (f000000.pinctrl): found parent hwirq 4294967295
[    1.320384] gpio gpiochip0: (f000000.pinctrl): alloc_irqs_parent for 236 parent hwirq -1
[    1.320384] irq: IRQ236: trimming hierarchy from :soc:interrupt-controller@b220000-9
[    1.320395] of_get_named_gpiod_flags: parsed 'gpios' property of node '/soc/gpio_keys/lc_key[0]' - status (0)
[    1.320399] gpio gpiochip0: Persistence not supported for GPIO 129
[    1.320406] gpio gpiochip0: (f000000.pinctrl): allocate IRQ 237, hwirq 129
[    1.320407] gpio gpiochip0: (f000000.pinctrl): found parent hwirq 4294967295
[    1.320408] gpio gpiochip0: (f000000.pinctrl): alloc_irqs_parent for 237 parent hwirq -1
[    1.320409] irq: IRQ237: trimming hierarchy from :soc:interrupt-controller@b220000-9
[    1.320420] of_get_named_gpiod_flags: parsed 'gpios' property of node '/soc/gpio_keys/rc_key[0]' - status (0)
[    1.320425] gpio gpiochip0: Persistence not supported for GPIO 128
[    1.320433] gpio gpiochip0: (f000000.pinctrl): allocate IRQ 238, hwirq 128
[    1.320434] gpio gpiochip0: (f000000.pinctrl): found parent hwirq 4294967295
[    1.320436] gpio gpiochip0: (f000000.pinctrl): alloc_irqs_parent for 238 parent hwirq -1
[    1.320436] irq: IRQ238: trimming hierarchy from :soc:interrupt-controller@b220000-9
[    1.320446] of_get_named_gpiod_flags: parsed 'gpios' property of node '/soc/gpio_keys/rc2_key[0]' - status (0)
[    1.320450] gpio gpiochip0: Persistence not supported for GPIO 2
[    1.320458] gpio gpiochip0: (f000000.pinctrl): allocate IRQ 239, hwirq 2
[    1.320459] gpio gpiochip0: (f000000.pinctrl): found parent hwirq 4294967295
[    1.320460] gpio gpiochip0: (f000000.pinctrl): alloc_irqs_parent for 239 parent hwirq -1
[    1.320461] irq: IRQ239: trimming hierarchy from :soc:interrupt-controller@b220000-9
[    1.320471] of_get_named_gpiod_flags: parsed 'gpios' property of node '/soc/gpio_keys/standard[0]' - status (0)
[    1.320475] gpio gpiochip0: Persistence not supported for GPIO 79
[    1.320483] gpio gpiochip0: (f000000.pinctrl): allocate IRQ 240, hwirq 79
[    1.320484] gpio gpiochip0: (f000000.pinctrl): found parent hwirq 4294967295
[    1.320486] gpio gpiochip0: (f000000.pinctrl): alloc_irqs_parent for 240 parent hwirq -1
[    1.320487] irq: IRQ240: trimming hierarchy from :soc:interrupt-controller@b220000-9
[    1.320490] gpiochip_find_base: found new base at 263
[    1.320498] of_get_named_gpiod_flags: parsed 'gpios' property of node '/soc/gpio_keys/powersave[0]' - status (0)
[    1.320502] gpio gpiochip0: Persistence not supported for GPIO 78
[    1.320512] gpio gpiochip0: (f000000.pinctrl): allocate IRQ 241, hwirq 78
[    1.320513] gpio gpiochip4: (c42d000.qcom,spmi:qcom,pm8550vs@2:pinctrl@8800): added GPIO chardev (254:4)
[    1.320513] gpio gpiochip0: (f000000.pinctrl): found parent hwirq 4294967295
[    1.320515] gpio gpiochip0: (f000000.pinctrl): alloc_irqs_parent for 241 parent hwirq -1
[    1.320516] irq: IRQ241: trimming hierarchy from :soc:interrupt-controller@b220000-9
[    1.320526] gpio gpiochip4: registered GPIOs 263 to 268 on c42d000.qcom,spmi:qcom,pm8550vs@2:pinctrl@8800
[    1.320528] gpio gpiochip4: (c42d000.qcom,spmi:qcom,pm8550vs@2:pinctrl@8800): created GPIO range 0->5 ==> c42d000.qcom,spmi:qcom,pm8550vs@2:pinctrl@8800 PIN 0->5
[    1.320530] of_get_named_gpiod_flags: parsed 'gpios' property of node '/soc/gpio_keys/performance[0]' - status (0)
[    1.320534] gpio gpiochip0: Persistence not supported for GPIO 82
[    1.320542] gpio gpiochip0: (f000000.pinctrl): allocate IRQ 242, hwirq 82
[    1.320543] gpio gpiochip0: (f000000.pinctrl): found parent hwirq 4294967295
[    1.320544] gpio gpiochip0: (f000000.pinctrl): alloc_irqs_parent for 242 parent hwirq -1
[    1.320545] irq: IRQ242: trimming hierarchy from :soc:interrupt-controller@b220000-9
[    1.320554] of_get_named_gpiod_flags: parsed 'gpios' property of node '/soc/gpio_keys/gpio-hall-sensors[0]' - status (0)
[    1.320558] gpio gpiochip0: Persistence not supported for GPIO 65
[    1.320565] gpio gpiochip0: (f000000.pinctrl): allocate IRQ 243, hwirq 65
[    1.320577] gpio gpiochip0: (f000000.pinctrl): found parent hwirq 108
[    1.320578] gpio gpiochip0: (f000000.pinctrl): alloc_irqs_parent for 243 parent hwirq 108
[    1.320863] input: gpio-keys as /devices/platform/soc/soc:gpio_keys/input/input0
[    1.321255] gpiochip_find_base: found new base at 257
[    1.321799] SELinux: SELinux: Loaded vndservice context from:
[    1.321802] SELinux: 		/vendor/etc/selinux/vndservice_contexts
[    1.321945] gpi_dma a00000.qcom,gpi-dma: Adding to iommu group 4
[    1.322547] Error: adsprpc (3087): modprobe: fastrpc_get_nsp_status: nsp part defective with status:0
[    1.322561] Info: adsprpc (3111): modprobe: fastrpc_lowest_capacity_corecount: lowest capacity core count: 2
[    1.322596] fastrpc soc:qcom,msm-adsprpc-mem: assigned reserved memory node adsp_heap_region
[    1.322630] Info: adsprpc (8290): modprobe: init_secure_vmid_list: secure VMID = 22
[    1.322630] Info: adsprpc (8290): modprobe: init_secure_vmid_list: secure VMID = 37
[    1.322631] adsprpc: fastrpc_init_privileged_gids: privileged GID: 2908
[    1.323866] [I]focaltech: 'ff_driver_init' enter.
[    1.323902] synx: info: synx_init: 2830: device initialization start
[    1.323946] [I]focaltech: 'ff_probe' enter.
[    1.323954] of_get_named_gpiod_flags: parsed 'focaltech_fp,reset-gpio' property of node '/soc/focaltech_fp[0]' - status (0)
[    1.323959] of_get_named_gpiod_flags: parsed 'focaltech_fp,irq-gpio' property of node '/soc/focaltech_fp[0]' - status (0)
[    1.323962] of_get_named_gpiod_flags: parsed 'focaltech_fp,vdd-gpio' property of node '/soc/focaltech_fp[0]' - status (0)
[    1.323963] synx: info: synx_init: 2897: device initialization success
[    1.323964] [I]focaltech: irq gpio:393, reset gpio:391, vdd gpio:367
[    1.323965] focaltech: power_always_on:0, use_regulator:0, use_pinctrl:0
[    1.323966] focaltech: read_chip:0, ree:0, spiclk:0, screen on/off:1
[    1.324003] focaltech: 'ff_register_device' enter.
[    1.324005] focaltech: ff devno:1ea00000, 1ea00000
[    1.324021] focaltech: 'ff_register_device' leave.
[    1.324024] [I]focaltech: 'ff_probe' ff driver probe succeeds.
[    1.324053] Gt9xx driver installing..
[    1.324102] [I]focaltech: 'ff_driver_init' leave.
[    1.324366] gpio gpiochip5: (c42d000.qcom,spmi:qcom,pm8550vs@3:pinctrl@8800): added GPIO chardev (254:5)
[    1.324384] gpio gpiochip5: registered GPIOs 257 to 262 on c42d000.qcom,spmi:qcom,pm8550vs@3:pinctrl@8800
[    1.324387] gpio gpiochip5: (c42d000.qcom,spmi:qcom,pm8550vs@3:pinctrl@8800): created GPIO range 0->5 ==> c42d000.qcom,spmi:qcom,pm8550vs@3:pinctrl@8800 PIN 0->5
[    1.324926] adsprpc: fastrpc_setup_service_locator: pdr_add_lookup enabled for avs/audio (audio_pdr_adsprpc, msm/adsp/audio_pd), DTSI (qcom,fastrpc-adsp-audio-pdr)
[    1.325087] adsprpc: fastrpc_setup_service_locator: pdr_add_lookup enabled for tms/servreg (sensors_pdr_adsprpc, msm/adsp/sensor_pd), DTSI (qcom,fastrpc-adsp-sensors-pdr)
[    1.325623] fastrpc soc:qcom,msm_fastrpc:qcom,msm_fastrpc_compute_cb1: Adding to iommu group 5
[    1.326568] msm_mpss: [parse_devicetree]rproc phandle not ready
[    1.326570] system_health_monitor_probe Failed to parse Device Tree
[    1.328190] gpiochip_find_base: found new base at 251
[    1.328413] gpio gpiochip6: (c42d000.qcom,spmi:qcom,pm8550vs@4:pinctrl@8800): added GPIO chardev (254:6)
[    1.328425] gpio gpiochip6: registered GPIOs 251 to 256 on c42d000.qcom,spmi:qcom,pm8550vs@4:pinctrl@8800
[    1.328747] gpio gpiochip6: (c42d000.qcom,spmi:qcom,pm8550vs@4:pinctrl@8800): created GPIO range 0->5 ==> c42d000.qcom,spmi:qcom,pm8550vs@4:pinctrl@8800 PIN 0->5
[    1.329521] msm_pcie_link_train: PCIe RC1 link initialized
[    1.329830] pci-msm 1c08000.qcom,pcie: host bridge /soc/qcom,pcie@1c08000 ranges:
[    1.329925] pci-msm 1c08000.qcom,pcie:   No bus range found for /soc/qcom,pcie@1c08000, using [bus 00-ff]
[    1.329935] pci-msm 1c08000.qcom,pcie:      MEM 0x0040200000..0x005fffffff -> 0x0040200000
[    1.330216] pci-msm 1c08000.qcom,pcie: MSI: qgic controller is present
[    1.330503] gpiochip_find_base: found new base at 245
[    1.330662] gpio gpiochip7: (c42d000.qcom,spmi:qcom,pm8550vs@6:pinctrl@8800): added GPIO chardev (254:7)
[    1.330683] gpio gpiochip7: registered GPIOs 245 to 250 on c42d000.qcom,spmi:qcom,pm8550vs@6:pinctrl@8800
[    1.330758] gpio gpiochip7: (c42d000.qcom,spmi:qcom,pm8550vs@6:pinctrl@8800): created GPIO range 0->5 ==> c42d000.qcom,spmi:qcom,pm8550vs@6:pinctrl@8800 PIN 0->5
[    1.331055] gpi_dma 800000.qcom,gpi-dma: Adding to iommu group 6
[    1.331413] memshare soc:qcom,memshare:qcom,client_1: memshare: Continuing with allocation from CMA
[    1.331635] memshare soc:qcom,memshare:qcom,client_2: memshare: Continuing with allocation from CMA
[    1.331827] memshare soc:qcom,memshare:qcom,client_3: memshare: Continuing with allocation from CMA
[    1.332029] memshare soc:qcom,memshare:qcom,client_4: assigned reserved memory node qmc_dma_region
[    1.332032] memshare soc:qcom,memshare:qcom,client_4: memshare: Memory allocation from shared DMA pool
[    1.332277] memshare soc:qcom,memshare:qcom,client_5: memshare: Continuing with allocation from CMA
[    1.332933] fastrpc soc:qcom,msm_fastrpc:qcom,msm_fastrpc_compute_cb2: Adding to iommu group 7
[    1.333530] gpiochip_find_base: found new base at 239
[    1.333621] gpio gpiochip8: (c42d000.qcom,spmi:qcom,pmk8550@0:pinctrl@b800): added GPIO chardev (254:8)
[    1.333638] gpio gpiochip8: registered GPIOs 239 to 244 on c42d000.qcom,spmi:qcom,pmk8550@0:pinctrl@b800
[    1.333640] gpio gpiochip8: (c42d000.qcom,spmi:qcom,pmk8550@0:pinctrl@b800): created GPIO range 0->5 ==> c42d000.qcom,spmi:qcom,pmk8550@0:pinctrl@b800 PIN 0->5
[    1.334236] spmi spmi-1: pmic_arb_debug_wait_for_done: transaction failed (0x3)
[    1.334239] pmic-spmi: probe of 1-0a failed with error -5
[    1.334504] spmi spmi-1: pmic_arb_debug_wait_for_done: transaction failed (0x3)
[    1.334506] pmic-spmi: probe of 1-0c failed with error -5
[    1.334591] spmi spmi-1: pmic_arb_debug_wait_for_done: transaction failed (0x3)
[    1.334621] pci-msm 1c08000.qcom,pcie: PCI host bridge to bus 0001:00
[    1.334624] pci_bus 0001:00: root bus resource [bus 00-ff]
[    1.334626] pci_bus 0001:00: root bus resource [mem 0x40200000-0x5fffffff]
[    1.334645] pci 0001:00:00.0: [17cb:0113] type 01 class 0x060400
[    1.334661] pci 0001:00:00.0: reg 0x10: [mem 0x00000000-0x00000fff 64bit]
[    1.334741] pci 0001:00:00.0: PME# supported from D0 D3hot D3cold
[    1.336213] gtx8_common:     [GTP-INF] Core layer init:v1.4.3
[    1.336275] gtx8_common:     [GTP-INF] Goodix i2c driver init
[    1.337994] pineapple-debugcc soc:qcom,cc-debug: Registered debug measure clocks
[    1.339358] pci 0001:00:00.0: bridge configuration invalid ([bus 00-00]), reconfiguring
[    1.339472] pci 0001:01:00.0: [1912:0014] type 00 class 0x0c0330
[    1.339522] pci 0001:01:00.0: reg 0x10: [mem 0x00000000-0x00001fff 64bit]
[    1.339700] qce 1de0000.qcedev: Adding to iommu group 8
[    1.339709] pci 0001:01:00.0: PME# supported from D0 D3hot
[    1.339999] pmic-spmi: probe of 1-0d failed with error -5
[    1.340173] spmi spmi-1: SPMI PMIC arbiter debug bus controller added
[    1.340338] i2c_dev: i2c /dev entries driver
[    1.342701] sdhci_msm 8804000.sdhci: GPIO lookup for consumer cd
[    1.342704] sdhci_msm 8804000.sdhci: using device tree for GPIO lookup
[    1.342717] of_get_named_gpiod_flags: parsed 'cd-gpios' property of node '/soc/sdhci@8804000[0]' - status (0)
[    1.342735] gpio gpiochip1: Persistence not supported for GPIO 11
[    1.342822] sdhci_msm 8804000.sdhci: Got CD GPIO
[    1.342826] sdhci_msm 8804000.sdhci: GPIO lookup for consumer wp
[    1.342827] sdhci_msm 8804000.sdhci: using device tree for GPIO lookup
[    1.342829] of_get_named_gpiod_flags: can't parse 'wp-gpios' property of node '/soc/sdhci@8804000[0]'
[    1.342919] of_get_named_gpiod_flags: can't parse 'wp-gpio' property of node '/soc/sdhci@8804000[0]'
[    1.342947] sdhci_msm 8804000.sdhci: using lookup tables for GPIO lookup
[    1.342948] sdhci_msm 8804000.sdhci: No GPIO consumer wp found
[    1.343016] fastrpc soc:qcom,msm_fastrpc:qcom,msm_fastrpc_compute_cb3: Adding to iommu group 9
[    1.343044] <I>CTS-I2CDrv 2024/8/28 17:30 Chipone touch driver init, version: v3.4.7
[    1.343045] <I>CTS-I2CDrv  - Register i2c driver
[    1.344634] sdhci_msm 8804000.sdhci: TCXO clk not present (-2)
[    1.344638] sdhci_msm 8804000.sdhci: Failed to get bus_scale data
[    1.345229] pci_bus 0001:01: busn_res: [bus 01-ff] end is updated to 01
[    1.345253] pci 0001:00:00.0: BAR 14: assigned [mem 0x40200000-0x403fffff]
[    1.345258] pci 0001:00:00.0: BAR 15: assigned [mem 0x40400000-0x405fffff 64bit pref]
[    1.345262] pci 0001:00:00.0: BAR 0: assigned [mem 0x40600000-0x40600fff 64bit]
[    1.345283] pci 0001:00:00.0: BAR 13: no space for [io  size 0x1000]
[    1.345287] pci 0001:00:00.0: BAR 13: failed to assign [io  size 0x1000]
[    1.345292] pci 0001:01:00.0: BAR 0: assigned [mem 0x40200000-0x40201fff 64bit]
[    1.345329] pci 0001:00:00.0: PCI bridge to [bus 01]
[    1.345340] pci 0001:00:00.0:   bridge window [mem 0x40200000-0x403fffff]
[    1.345348] pci 0001:00:00.0:   bridge window [mem 0x40400000-0x405fffff 64bit pref]
[    1.345393] pci 0001:00:00.0: enabling device (0000 -> 0002)
[    1.345411] pci 0001:01:00.0: enabling device (0000 -> 0002)
[    1.346641] EDAC DEVICE0: Giving out device to module qcom_llcc_edac controller llcc: DEV qcom_llcc_edac (INTERRUPT)
[    1.347367] qcedev_probe_device: No icc avg BW set, using default
[    1.347369] qcedev_probe_device: No icc peak BW set, using default
[    1.347430] qcom_dmesg_dumper soc:dmesg-dump: assigned reserved memory node vm_comm_mem_region
[    1.347888] boot_kpi: M - DRIVER GENI_HS_UART_5 Init
[    1.348956] fastrpc soc:qcom,msm_fastrpc:qcom,msm_fastrpc_compute_cb4: Adding to iommu group 10
[    1.349288] QCE50: __qce_get_device_tree_data: CE operating frequency is not defined, setting to default 100MHZ
[    1.349327] qcom-hv-haptics c42d000.qcom,spmi:qcom,pm8550b@7:qcom,hv-haptics@f000: haptics revision: HAP_CFG 0x4, HAP_PTN 0x4, HAP_HBST 0x2
[    1.349963] cpuidle: using governor qcom-cpu-lpm
[    1.350190] qce 1de0000.qcedev: QTI Crypto 5.8.0 device found @0x1de0000
[    1.350280] sps_register_bam_device: sps:BAM 0x0000000001dc4000 is registered
[    1.350327] sps_bam_enable: sps:BAM 0x0000000001dc4000 (va:0x0000000000000000) enabled: ver:0x28, number of pipes:20
[    1.350876] QCE50: qce_sps_init:  QTI MSM CE-BAM at 0x0000000001dc4000 irq 305
[    1.351466] qcom-hv-haptics c42d000.qcom,spmi:qcom,pm8550b@7:qcom,hv-haptics@f000: The calibrated period (2023 us) has large variation, use open-loop LRA period (5880 us) instead
[    1.351840] qce 1de0000.qcedev:qcom_cedev_ns_cb: Adding to iommu group 8
[    1.352549] gpio gpiochip0: (f000000.pinctrl): allocate IRQ 315, hwirq 23
[    1.352556] gpio gpiochip0: (f000000.pinctrl): found parent hwirq 84
[    1.352561] gpio gpiochip0: (f000000.pinctrl): alloc_irqs_parent for 315 parent hwirq 84
[    1.352570] msm_geni_serial 894000.qcom,qup_uart: No Shutdown config specified
[    1.352698] qce 1de0000.qcedev:qcom_cedev_s_cb: Adding to iommu group 11
[    1.352933] input: qcom-hv-haptics as /devices/platform/soc/c42d000.qcom,spmi/spmi-0/0-07/c42d000.qcom,spmi:qcom,pm8550b@7:qcom,hv-haptics@f000/input/input1
[    1.353086] msm_geni_serial 894000.qcom,qup_uart: gsi_mode:0
[    1.353338] msm_geni_serial 894000.qcom,qup_uart: Serial port5 added.FifoSize 64 is_console0
[    1.353440] 894000.qcom,qup_uart: ttyHS5 at MMIO 0x894000 (irq = 316, base_baud = 0) is a MSM
[    1.353946] boot_kpi: M - DRIVER GENI_HS_UART_5 Ready
[    1.354503] boot_kpi: M - DRIVER GENI_HS_UART_0 Init
[    1.354556] msm_geni_serial 898000.qcom,qup_uart: Wakeup byte 0xfd
[    1.354615] gpio gpiochip0: (f000000.pinctrl): allocate IRQ 317, hwirq 27
[    1.354618] gpio gpiochip0: (f000000.pinctrl): found parent hwirq 61
[    1.354620] gpio gpiochip0: (f000000.pinctrl): alloc_irqs_parent for 317 parent hwirq 61
[    1.355832] msm_geni_serial 898000.qcom,qup_uart: gsi_mode:0
[    1.356310] fastrpc soc:qcom,msm_fastrpc:qcom,msm_fastrpc_compute_cb5: Adding to iommu group 12
[    1.358736] msm_geni_serial 898000.qcom,qup_uart: Serial port0 added.FifoSize 64 is_console0
[    1.358867] 898000.qcom,qup_uart: ttyHS0 at MMIO 0x898000 (irq = 318, base_baud = 0) is a MSM
[    1.359400] fastrpc soc:qcom,msm_fastrpc:qcom,msm_fastrpc_compute_cb6: Adding to iommu group 13
[    1.359857] boot_kpi: M - DRIVER GENI_HS_UART_0 Ready
[    1.360131] fastrpc soc:qcom,msm_fastrpc:qcom,msm_fastrpc_compute_cb7: Adding to iommu group 14
[    1.363616] gh_msgq: Registered client for label: 10
[    1.363751] tzobject_delete: me->fd = 4, me->refs = 0, files = 000000001b2ebd87
[    1.363845] tzobject_delete: me->fd = 4, me->refs = 0, files = 000000001b2ebd87
[    1.363888] tzobject_delete: me->fd = 5, me->refs = 0, files = 000000001b2ebd87
[    1.363932] sender_probe_handler: Failed to get CSF version rc: 12
[    1.363933] gh_msgq_unregister: Unregistered client for label: 10
[    1.363934] qti-smmu-proxy: probe of soc:qti,smmu-proxy failed with error 12
[    1.368860] st54spi_gpio_dev_init : Loading st54spi gpio_driver 1.0
[    1.369779] cutils-trace: Error opening trace file: No such file or directory (2)
[    1.370035] fastrpc soc:qcom,msm_fastrpc:qcom,msm_fastrpc_compute_cb8: Adding to iommu group 15
[    1.370789] msm_vidc_v4l2 aa00000.qcom,vidc:non_secure_pixel_cb: Adding to iommu group 16
[    1.371315] tp_parse_cmdline:  index=[5], panel:[qcom,mdss_dsi_panel_ar14_1080p_144hz_video:]
[    1.372379] uaudio-qmi soc:usb_audio_qmi_dev: Adding to iommu group 17
[    1.373778] fastrpc soc:qcom,msm_fastrpc:qcom,msm_fastrpc_compute_cb9: Adding to iommu group 18
[    1.374281] boot_kpi: M - DRIVER GENI_I2C Init
[    1.374445] i2c_geni a80000.i2c: Bus frequency is set to 1000000Hz.
[    1.375386] msm_vidc_v4l2 aa00000.qcom,vidc:non_secure_cb: Adding to iommu group 19
[    1.376150] msm_vidc_v4l2 aa00000.qcom,vidc:secure_non_pixel_cb: Adding to iommu group 20
[    1.378631] uaudio-qmi soc:usb_audio_qmi_dev: failed to register disconnect callback ret = 0
[    1.379357] msm_vidc_v4l2 aa00000.qcom,vidc:secure_pixel_cb: Adding to iommu group 21
[    1.380269] pwm-fan soc:pwm-fan: GPIO lookup for consumer pwren
[    1.380271] pwm-fan soc:pwm-fan: using device tree for GPIO lookup
[    1.380278] of_get_named_gpiod_flags: parsed 'pwren-gpios' property of node '/soc/pwm-fan[0]' - status (0)
[    1.380286] gpio gpiochip0: Persistence not supported for GPIO 125
[    1.380287] gpio-426 (pwren): no flags found for pwren
[    1.380311] gpio gpiochip0: (f000000.pinctrl): allocate IRQ 321, hwirq 14
[    1.380313] gpio gpiochip0: (f000000.pinctrl): found parent hwirq 4294967295
[    1.380316] gpio gpiochip0: (f000000.pinctrl): alloc_irqs_parent for 321 parent hwirq -1
[    1.380317] irq: IRQ321: trimming hierarchy from :soc:interrupt-controller@b220000-9
[    1.381282] msm_vidc_v4l2 aa00000.qcom,vidc:secure_bitstream_cb: Adding to iommu group 22
[    1.382583] coresight coresight-stm: STM32 initialized
[    1.383407] fastrpc soc:qcom,msm_fastrpc:qcom,msm_fastrpc_compute_cb10: Adding to iommu group 23
[    1.384132] boot_kpi: M - DRIVER GENI_I2C_0 Ready
[    1.384133] i2c_geni a80000.i2c: I2C probed
[    1.384273] of_get_named_gpiod_flags: can't parse 'hw-strobe-gpios' property of node '/soc/qcom,spmi@c42d000/qcom,pm8550@1/qcom,flash_led@ee00[0]'
[    1.384281] of_get_named_gpiod_flags: can't parse 'hw-strobe-gpios' property of node '/soc/qcom,spmi@c42d000/qcom,pm8550@1/qcom,flash_led@ee00[1]'
[    1.384284] of_get_named_gpiod_flags: can't parse 'hw-strobe-gpios' property of node '/soc/qcom,spmi@c42d000/qcom,pm8550@1/qcom,flash_led@ee00[2]'
[    1.384286] of_get_named_gpiod_flags: can't parse 'hw-strobe-gpios' property of node '/soc/qcom,spmi@c42d000/qcom,pm8550@1/qcom,flash_led@ee00[3]'
[    1.384333] boot_kpi: M - DRIVER GENI_I2C Init
[    1.384338] i2c_geni a8c000.i2c: Bus frequency is set to 400000Hz.
[    1.384444] msm_vidc_v4l2 aa00000.qcom,vidc: bound aa00000.qcom,vidc:non_secure_pixel_cb (ops msm_vidc_component_ops [msm_video])
[    1.384486] msm_vidc_v4l2 aa00000.qcom,vidc: bound aa00000.qcom,vidc:non_secure_cb (ops msm_vidc_component_ops [msm_video])
[    1.384513] msm_vidc_v4l2 aa00000.qcom,vidc: bound aa00000.qcom,vidc:secure_non_pixel_cb (ops msm_vidc_component_ops [msm_video])
[    1.384539] msm_vidc_v4l2 aa00000.qcom,vidc: bound aa00000.qcom,vidc:secure_bitstream_cb (ops msm_vidc_component_ops [msm_video])
[    1.384563] msm_vidc_v4l2 aa00000.qcom,vidc: bound aa00000.qcom,vidc:secure_pixel_cb (ops msm_vidc_component_ops [msm_video])
[    1.385972] bt_power_probe: is_ganges_dt = 0
[    1.386024] boot_kpi: M - DRIVER GENI_I2C_1 Ready
[    1.386026] i2c_geni a8c000.i2c: I2C probed
[    1.386357] tzobject_delete: me->fd = 4, me->refs = 0, files = 00000000763316a0
[    1.386554] SMC invoke ret: 10 state: 0
[    1.386556] Secure HW mode is not updated. Peripheral not found
[    1.386557] tzobject_delete: me->fd = 4, me->refs = 0, files = 00000000763316a0
[    1.386635] tzobject_delete: me->fd = 5, me->refs = 0, files = 00000000763316a0
[    1.386720] bt_power_populate_dt_pinfo
[    1.386744] get_power_dt_pinfo: bt_num_vregs =8
[    1.387089] userspace-cdev soc:qcom,userspace-cdev: cdev:display-fps lvl:16 registered
[    1.391283] remoteproc remoteproc1: 188101c.remoteproc-spss is available
[    1.391613] dt_parse_vreg_info: Got regulator: qcom,bt-vdd18-aon, min_vol: 1800000, max_vol: 1800000, load_curr: 0, is_retention_supp: 1
[    1.391698] dt_parse_vreg_info: Got regulator: qcom,bt-vdd12-io, min_vol: 1200000, max_vol: 1200000, load_curr: 0, is_retention_supp: 1
[    1.391700] dt_parse_vreg_info: qcom,bt-ant-ldo is not provided in device tree
[    1.391750] dt_parse_vreg_info: Got regulator: qcom,bt-vdd-dig, min_vol: 916000, max_vol: 916000, load_curr: 0, is_retention_supp: 1
[    1.391809] dt_parse_vreg_info: Got regulator: qcom,bt-vdd-aon, min_vol: 916000, max_vol: 916000, load_curr: 0, is_retention_supp: 1
[    1.392188] gpio gpiochip1: (c42d000.qcom,spmi:qcom,pm8550@1:pinctrl@8800): allocate IRQ 328, hwirq 11
[    1.392191] gpio gpiochip1: (c42d000.qcom,spmi:qcom,pm8550@1:pinctrl@8800): found parent hwirq 147
[    1.392192] gpio gpiochip1: (c42d000.qcom,spmi:qcom,pm8550@1:pinctrl@8800): alloc_irqs_parent for 328 parent hwirq 147
[    1.392273] boot_kpi: M - DRIVER KGSL Init
[    1.393368] mmc1: SDHCI controller on 8804000.sdhci [8804000.sdhci] using ADMA 64-bit
[    1.393410] boot_kpi: M - DRIVER GENI_I2C Init
[    1.393452] i2c_geni a90000.i2c: Bus frequency is set to 400000Hz.
[    1.393599] fastrpc soc:qcom,msm_fastrpc:qcom,msm_fastrpc_compute_cb11: Adding to iommu group 24
[    1.393908] dt_parse_vreg_info: Got regulator: qcom,bt-vdd-rfaOp8, min_vol: 916000, max_vol: 916000, load_curr: 0, is_retention_supp: 1
[    1.393973] dt_parse_vreg_info: Got regulator: qcom,bt-vdd-rfa2, min_vol: 1864000, max_vol: 1864000, load_curr: 0, is_retention_supp: 1
[    1.394040] dt_parse_vreg_info: Got regulator: qcom,bt-vdd-rfa1, min_vol: 1316000, max_vol: 1316000, load_curr: 0, is_retention_supp: 1
[    1.394047] of_get_named_gpiod_flags: parsed 'qcom,bt-reset-gpio' property of node '/soc/bt_kiwi[0]' - status (0)
[    1.394085] of_get_named_gpiod_flags: parsed 'qcom,wl-reset-gpio' property of node '/soc/bt_kiwi[0]' - status (0)
[    1.394126] of_get_named_gpiod_flags: parsed 'qcom,bt-sw-ctrl-gpio' property of node '/soc/bt_kiwi[0]' - status (0)
[    1.394133] of_get_named_gpiod_flags: can't parse 'qcom,bt-debug-gpio' property of node '/soc/bt_kiwi[0]'
[    1.394136] bt-debug-gpio not provided in devicetree
[    1.394168] of_get_named_gpiod_flags: can't parse 'qcom,xo-clk-gpio' property of node '/soc/bt_kiwi[0]'
[    1.394175] xo-clk-gpio not provided in devicetree
[    1.394176] bt_dt_parse_clk_info
[    1.394177] bt_dt_parse_clk_info: clocks is not provided in device tree
[    1.394178] bt_power_probe:send platform data of btpower
[    1.394218] PDC Init table configured
[    1.394255] btpower_aop_mbox_init: vreg for iPA not configured
[    1.394256] Setting PDC defaults
[    1.394257] bt_aop_send_msg: {class: wlan_pdc, ss: rf, res: s3c.v, upval: 916}
[    1.394369] fastrpc soc:qcom,msm_fastrpc:qcom,msm_fastrpc_compute_cb12: Adding to iommu group 25
[    1.394688] bt_aop_send_msg: {class: wlan_pdc, ss: rf, res: s3c.v, dwnval: 612}
[    1.394919] boot_kpi: M - DRIVER KGSL Ready
[    1.395043] bt_aop_send_msg: {class: wlan_pdc, ss: rf, res: s1c.v, upval: 1316}
[    1.395233] boot_kpi: M - DRIVER GENI_I2C_2 Ready
[    1.395234] i2c_geni a90000.i2c: I2C probed
[    1.395409] bt_aop_send_msg: {class: wlan_pdc, ss: rf, res: s1c.v, dwnval: 944}
[    1.395584] kgsl-iommu 3da0000.qcom,kgsl-iommu:gfx3d_user: Adding to iommu group 26
[    1.395683] boot_kpi: M - DRIVER GENI_I2C Init
[    1.395691] i2c_geni a98000.i2c: Bus frequency is set to 400000Hz.
[    1.395799] bt_aop_send_msg: {class: wlan_pdc, ss: rf, res: s6c.v, upval: 1864}
[    1.395799] i2c_geni a98000.i2c: Multi-EE usecase
[    1.396187] bt_aop_send_msg: {class: wlan_pdc, ss: rf, res: s6c.v, dwnval: 1820}
[    1.396400] fastrpc soc:qcom,msm_fastrpc:qcom,msm_fastrpc_compute_cb13: Adding to iommu group 27
[    1.396704] of_get_named_gpiod_flags: parsed 'fmint-gpio' property of node '/soc/qcom,qupv3_1_geni_se@ac0000/i2c@a98000/nq@64[0]' - status (0)
[    1.396818] cdsp-loader soc:qcom,msm-cdsp-loader: cdsp_loader_probe: rproc not found
[    1.397103] msm_mpss: [parse_devicetree]rproc phandle not ready
[    1.397105] system_health_monitor_probe Failed to parse Device Tree
[    1.398673] fastrpc soc:qcom,msm_fastrpc:qcom,msm_fastrpc_compute_cb14: Adding to iommu group 28
[    1.400138] fastrpc soc:qcom,msm_fastrpc:qcom,msm_fastrpc_compute_cb15: Adding to iommu group 29
[    1.400770] wcd-usbss-i2c-driver 1-000e: sdam registration successful
[    1.401551] fastrpc soc:qcom,msm_fastrpc:qcom,msm_fastrpc_compute_cb16: Adding to iommu group 30
[    1.401759] type=1400 audit(121158.647:24): avc:  denied  { ptrace } for  comm="crash_dump64" scontext=u:r:crash_dump:s0 tcontext=u:r:init:s0 tclass=process permissive=0
[    1.402826] remoteproc remoteproc0: 3000000.remoteproc-adsp is available
[    1.402910] wcd-usbss-i2c-driver 1-000e: Probe completed!
[    1.404195] fastrpc soc:qcom,msm_fastrpc:qcom,msm_fastrpc_compute_cb17: Adding to iommu group 31
[    1.404960] adsprpc: fastrpc_device_init: SSR notifier registered for lpass
[    1.404965] adsprpc: fastrpc_device_init: SSR notifier registered for mpss
[    1.404968] adsprpc: fastrpc_device_init: SSR notifier registered for dsps
[    1.405233] wcd-usbss-i2c-driver 1-000e: wcd_usbss_is_in_reset_state: Surge check #3 failed
[    1.406350] adsprpc: fastrpc_device_init: SSR notifier registered for cdsp
[    1.406352] adsprpc: fastrpc_device_init: SSR notifier register failed for (null) with err -22
[    1.410018] init: wait for '/dev/block/platform/soc/1d84000.ufshc' took 0ms
[    1.412602] type=1400 audit(121158.655:25): avc:  denied  { getattr } for  comm="init" path="/dev/cpuctl/tasks" dev="cgroup" ino=5 scontext=u:r:vendor_init:s0 tcontext=u:object_r:cgroup:s0 tclass=file permissive=0
[    1.422140] kgsl-iommu 3da0000.qcom,kgsl-iommu:gfx3d_lpac: Adding to iommu group 32
[    1.422346] kgsl-iommu 3da0000.qcom,kgsl-iommu:gfx3d_secure: Adding to iommu group 33
[    1.422400] video_cc-pineapple aaf0000.clock-controller: sync-state
[    1.423090] adreno-gen7-gmu 3d68000.qcom,gmu: Adding to iommu group 34
[    1.423501] modprobe (531) used greatest stack depth: 9696 bytes left
[    1.423890] boot_kpi: M - DRIVER GPU Init
[    1.426423] qcom_slim_ngd_runtime_resume QMI handle is NULL
[    1.426433] btfm_slim_probe: name = 217:221:1:0   
[    1.426434] btfm_slim_probe: name = btfmslim_slave
[    1.426435] btfm_slim_probe: is_laddr_valid is true
[    1.426436] btpower_register_slimdev
[    1.426468] btfmslim-driver btfmslim_slave: 
[    1.429554] kgsl-3d 3d00000.qcom,kgsl-3d0: bound 3da0000.qcom,kgsl-iommu (ops kgsl_mmu_component_ops [msm_kgsl])
[    1.429752] kgsl-3d 3d00000.qcom,kgsl-3d0: bound 3da0000.qcom,kgsl-iommu:gfx3d_user (ops kgsl_mmu_cb_component_ops [msm_kgsl])
[    1.429868] kgsl-3d 3d00000.qcom,kgsl-3d0: bound 3da0000.qcom,kgsl-iommu:gfx3d_lpac (ops kgsl_mmu_cb_component_ops [msm_kgsl])
[    1.429981] kgsl-3d 3d00000.qcom,kgsl-3d0: bound 3da0000.qcom,kgsl-iommu:gfx3d_secure (ops kgsl_mmu_cb_component_ops [msm_kgsl])
[    1.430445] spf_core_platform_driver_probe
[    1.434427] input: pmic_pwrkey as /devices/platform/soc/c42d000.qcom,spmi/spmi-0/0-00/c42d000.qcom,spmi:qcom,pmk8550@0:pon_hlos@1300/c42d000.qcom,spmi:qcom,pmk8550@0:pon_hlos@1300:pwrkey/input/input2
[    1.437313] spf-core-platform soc:spf_core_platform: Failed to create device link (0x180) with soc:vote_lpass_core_hw
[    1.437317] spf-core-platform soc:spf_core_platform: Failed to create device link (0x180) with soc:vote_lpass_core_hw
[    1.437319] spf-core-platform soc:spf_core_platform: Failed to create device link (0x180) with soc:vote_lpass_core_hw
[    1.437320] spf-core-platform soc:spf_core_platform: Failed to create device link (0x180) with soc:vote_lpass_core_hw
[    1.437321] spf-core-platform soc:spf_core_platform: Failed to create device link (0x180) with soc:vote_lpass_core_hw
[    1.437393] spf-core-platform soc:spf_core_platform: Failed to create device link (0x180) with soc:vote_lpass_audio_hw
[    1.437395] spf-core-platform soc:spf_core_platform: Failed to create device link (0x180) with soc:vote_lpass_audio_hw
[    1.437396] spf-core-platform soc:spf_core_platform: Failed to create device link (0x180) with soc:vote_lpass_audio_hw
[    1.437397] spf-core-platform soc:spf_core_platform: Failed to create device link (0x180) with soc:vote_lpass_audio_hw
[    1.437398] spf-core-platform soc:spf_core_platform: Failed to create device link (0x180) with soc:vote_lpass_audio_hw
[    1.437399] spf-core-platform soc:spf_core_platform: Failed to create device link (0x180) with soc:vote_lpass_audio_hw
[    1.437400] spf-core-platform soc:spf_core_platform: Failed to create device link (0x180) with soc:vote_lpass_audio_hw
[    1.437484] spf-core-platform soc:spf_core_platform: Failed to create device link (0x180) with soc:va_core_clk
[    1.437563] spf-core-platform soc:spf_core_platform: Failed to create device link (0x180) with soc:wsa_core_clk
[    1.437644] spf-core-platform soc:spf_core_platform: Failed to create device link (0x180) with soc:wsa2_core_clk
[    1.438357] input: pmic_resin as /devices/platform/soc/c42d000.qcom,spmi/spmi-0/0-00/c42d000.qcom,spmi:qcom,pmk8550@0:pon_hlos@1300/c42d000.qcom,spmi:qcom,pmk8550@0:pon_hlos@1300:resin/input/input3
[    1.440573] spf-core-platform soc:spf_core_platform: Failed to create device link (0x180) with soc:rx_core_clk
[    1.440636] spf-core-platform soc:spf_core_platform: Failed to create device link (0x180) with soc:rx_core_tx_clk
[    1.440697] spf-core-platform soc:spf_core_platform: Failed to create device link (0x180) with soc:tx_core_clk
[    1.440806] spf-core-platform soc:spf_core_platform: Failed to create device link (0x180) with soc:wsa2_core_tx_clk
[    1.440858] spf-core-platform soc:spf_core_platform: Failed to create device link (0x180) with soc:rx_mclk2_2x_clk
[    1.441134] kgsl-3d 3d00000.qcom,kgsl-3d0: bound 3d68000.qcom,gmu (ops gen7_gmu_component_ops [msm_kgsl])
[    1.447726] spss_utils [spss_parse_dt]: iar_buf_addr [0x9b213000].
[    1.447832] spss_utils [spss_probe]: Probe completed successfully, [spss1p.mdt].
[    1.462590] modprobe (506) used greatest stack depth: 9376 bytes left
[    1.467375] boot_kpi: M - DRIVER GPU Ready
[    1.472990] gpu_cc-pineapple 3d90000.clock-controller: sync-state
[    1.478166] adsp_sleepmon soc:adsp-sleepmon: ADSP sleep monitor probe called
[    1.478316] spcom:spcom_probe: Driver Initialization completed ok
[    1.480307] coresight-tmc 10048000.tmc: Adding to iommu group 35
[    1.485125] CAM_INFO: CAM-UTIL: camera_init: 297: Camera-Banner: (scm@23aec5bd66ee) (Fri Dec 26 05:36:14 CST 2025) 
[    1.485596] [sde_rsc_hw:rsc_hw_init_v3:545]: sde rsc init successfully done
[    1.485616] [sde_rsc:sde_rsc_probe:1831]: sde rsc index:0 probed successfully
[    1.485833] cdsp-loader soc:qcom,msm-cdsp-loader: cdsp_loader_probe: rproc not found
[    1.486178] msm_mpss: [parse_devicetree]rproc phandle not ready
[    1.486179] system_health_monitor_probe Failed to parse Device Tree
[    1.486388] msmdrm_smmu soc:qcom,smmu_sde_unsec_cb: Adding to iommu group 36
[    1.486508] debugfs: Directory 'a600000.ssusb' with parent '/' already present!
[    1.486702] [drm] probing device qcom,smmu_sde_unsec
[    1.486704] [drm] Created domain mdp_ns, secure=0
[    1.486789] msmdrm_smmu soc:qcom,smmu_sde_sec_cb: Adding to iommu group 37
[    1.486908] cdsp-loader soc:qcom,msm-cdsp-loader: cdsp_loader_probe: rproc not found
[    1.487158] msm_mpss: [parse_devicetree]rproc phandle not ready
[    1.487159] system_health_monitor_probe Failed to parse Device Tree
[    1.487656] debugfs: Directory 'a600000.ssusb' with parent '/' already present!
[    1.488180] [drm] probing device qcom,smmu_sde_sec
[    1.488182] [drm] Created domain mdp_s, secure=1
[    1.489296] [drm:sde_dbg_init:2679] evtlog_status: enable:11, panic:1, dump:2
[    1.489522] cdsp-loader soc:qcom,msm-cdsp-loader: cdsp_loader_probe: rproc not found
[    1.489947] SPI driver qcom_eeprom has no spi_device_id for qcom,eeprom
[    1.490139] msm_mpss: [parse_devicetree]rproc phandle not ready
[    1.490140] system_health_monitor_probe Failed to parse Device Tree
[    1.490527] debugfs: Directory 'a600000.ssusb' with parent '/' already present!
[    1.490555] dsi_phy ae95000.qcom,mdss_dsi_phy0: supply gdsc not found, using dummy regulator
[    1.490866] gpio gpiochip0: (f000000.pinctrl): allocate IRQ 343, hwirq 25
[    1.490870] gpio gpiochip0: (f000000.pinctrl): found parent hwirq 4294967295
[    1.490873] gpio gpiochip0: (f000000.pinctrl): alloc_irqs_parent for 343 parent hwirq -1
[    1.490875] irq: IRQ343: trimming hierarchy from :soc:interrupt-controller@b220000-9
[    1.490878] goodix-ts 2-005d: GTP Driver Version: V2.8.2<2022/09/20>
[    1.490879] goodix-ts 2-005d: GTP I2C Address: 0x5d
[    1.490885] goodix-ts 2-005d: touch input parameters is [id x y w p]<11 1440 2560 512 512>
[    1.490887] goodix-ts 2-005d: int-sync enabled
[    1.490888] goodix-ts 2-005d: driver-send-cfg enabled
[    1.490892] goodix-ts 2-005d: slide-wakeup enabled
[    1.490895] goodix-ts 2-005d: esd-protect enabled
[    1.490896] goodix-ts 2-005d: type-a-report enabled
[    1.490897] goodix-ts 2-005d: power-off-sleep enabled
[    1.490899] goodix-ts 2-005d: key-map is [ac 9e 0 0]
[    1.490905] of_get_named_gpiod_flags: parsed 'irq-gpios' property of node '/soc/qcom,qupv3_1_geni_se@ac0000/i2c@a90000/gt9xx@5d[0]' - status (0)
[    1.490913] of_get_named_gpiod_flags: parsed 'reset-gpios' property of node '/soc/qcom,qupv3_1_geni_se@ac0000/i2c@a90000/gt9xx@5d[0]' - status (0)
[    1.490985] goodix-ts 2-005d: supply vcc_i2c not found, using dummy regulator
[    1.490895] [drm:dsi_pll_init [msm_drm]] [msm-dsi-info]: DSI_PLL_0: DSI pll label = dsi_pll_4nm
[    1.491456] goodix-ts 2-005d: Success init pinctrl
[    1.491466] goodix-ts 2-005d: Success request irq-gpio
[    1.491470] goodix-ts 2-005d: Success request rst-gpio
[    1.491471] goodix-ts 2-005d: Guitar reset
[    1.491710] dsi_pll_init: PLL base=000000001c26784e
[    1.491866] [drm:dsi_pll_clock_register_4nm [msm_drm]] [msm-dsi-info]: DSI_PLL_0: Registered clocks successfully
[    1.492007] [drm:dsi_phy_driver_probe [msm_drm]] [msm-dsi-info]: DSI_0: Probe successful
[    1.492222] dsi_phy ae97000.qcom,mdss_dsi_phy1: supply gdsc not found, using dummy regulator
[    1.492324] [drm:dsi_pll_init [msm_drm]] [msm-dsi-info]: DSI_PLL_0: DSI pll label = dsi_pll_4nm
[    1.492466] [drm:dsi_pll_init [msm_drm]] [msm-dsi-info]: DSI_PLL_1: PLL SSC enabled
[    1.492600] dsi_pll_init: PLL base=0000000054c668b6
[    1.492800] [drm:dsi_pll_clock_register_4nm [msm_drm]] [msm-dsi-info]: DSI_PLL_1: Registered clocks successfully
[    1.492935] [drm:dsi_phy_driver_probe [msm_drm]] [msm-dsi-info]: DSI_1: Probe successful
[    1.493614] [drm:dsi_ctrl_dev_probe [msm_drm]] [msm-dsi-info]: dsi-ctrl-0: Probe successful
[    1.493885] [drm:dsi_ctrl_dev_probe [msm_drm]] [msm-dsi-info]: dsi-ctrl-1: Probe successful
[    1.494201] <<SGM3804-INF>>[sgm3804_register:334] SGM3804 driver installing...
[    1.494214] sy7758vgs driver installing...
[    1.495104] of_get_named_gpiod_flags: parsed 'qcom,platform-te-gpio' property of node '/soc/qcom,dsi-display-primary[0]' - status (0)
[    1.495116] OF: graph: no port node found in /soc/qcom,dsi-display-primary
[    1.495134] [drm] [msm-dsi-warn]: [ar14 1080p 144hz video mode dsi panel] fallback to default te-pin-select
[    1.495174] of_get_named_gpiod_flags: parsed 'qcom,platform-reset-gpio' property of node '/soc/qcom,mdss_mdp@ae00000/qcom,mdss_dsi_panel_ar14_1080p_144hz_video[0]' - status (0)
[    1.495183] of_get_named_gpiod_flags: can't parse 'qcom,5v-boost-gpio' property of node '/soc/qcom,mdss_mdp@ae00000/qcom,mdss_dsi_panel_ar14_1080p_144hz_video[0]'
[    1.495192] of_get_named_gpiod_flags: parsed 'qcom,platform-en-gpio' property of node '/soc/qcom,mdss_mdp@ae00000/qcom,mdss_dsi_panel_ar14_1080p_144hz_video[0]' - status (0)
[    1.495201] [drm:dsi_panel_parse_gpios [msm_drm]] [msm-dsi-info]: [ar14 1080p 144hz video mode dsi panel] reset gpio 434 en-gpio 464
[    1.495339] of_get_named_gpiod_flags: parsed 'qcom,platform-sgm3804-en-gpio-r' property of node '/soc/qcom,mdss_mdp@ae00000/qcom,mdss_dsi_panel_ar14_1080p_144hz_video[0]' - status (0)
[    1.495350] of_get_named_gpiod_flags: parsed 'qcom,platform-sgm3804-en-gpio-l' property of node '/soc/qcom,mdss_mdp@ae00000/qcom,mdss_dsi_panel_ar14_1080p_144hz_video[0]' - status (0)
[    1.495352] of_get_named_gpiod_flags: parsed 'qcom,platform-3v3-en' property of node '/soc/qcom,mdss_mdp@ae00000/qcom,mdss_dsi_panel_ar14_1080p_144hz_video[0]' - status (0)
[    1.495354] [drm:dsi_panel_parse_gpios [msm_drm]] [msm-dsi-info]: [ar14 1080p 144hz video mode dsi panel]  sgm3804_gpio_r 359  sgm3804_gpio_l 360 lcd_3v3_en_gpio 465
[    1.495479] of_get_named_gpiod_flags: can't parse 'qcom,panel-mode-gpio' property of node '/soc/qcom,mdss_mdp@ae00000/qcom,mdss_dsi_panel_ar14_1080p_144hz_video[0]'
[    1.495491] of_get_named_gpiod_flags: can't parse 'qcom,mdss-dsi-panel-test-pin' property of node '/soc/qcom,mdss_mdp@ae00000/qcom,mdss_dsi_panel_ar14_1080p_144hz_video[0]'
[    1.495572] of_get_named_gpiod_flags: can't parse 'qcom,platform-bklight-en-gpio' property of node '/soc/qcom,mdss_mdp@ae00000/qcom,mdss_dsi_panel_ar14_1080p_144hz_video[0]'
[    1.497850] coresight-tmc 1004f000.tmc: Adding to iommu group 38
[    1.498570] 1004f000.tmc: ETR usb property is not configured!
[    1.500056] rtc6226: rtc6226_i2c_probe: rtc6226,vdd-load val 15000
[    1.500061] rtc6226: rtc6226_pinctrl_init: target does not use pinctrl
[    1.500062] rtc6226: rtc6226_i2c_probe: rtc6226_pinctrl_init returned -19
[    1.502454] boot_kpi: M - DRIVER GENI_I2C_3 Ready
[    1.502456] i2c_geni a98000.i2c: I2C probed
[    1.502953] boot_kpi: M - DRIVER GENI_I2C Init
[    1.502976] i2c_geni 880000.i2c: Bus frequency is set to 400000Hz.
[    1.504076] gpio gpiochip0: (f000000.pinctrl): allocate IRQ 346, hwirq 112
[    1.504081] gpio gpiochip0: (f000000.pinctrl): found parent hwirq 120
[    1.504083] gpio gpiochip0: (f000000.pinctrl): alloc_irqs_parent for 346 parent hwirq 120
[    1.504319] sgm7220_read_byte_data: (0x0a) error, ret(-107)
[    1.504467] sgm7220_write_byte_data: (0x0a) error, ret(-107)
[    1.504468] sgm7220_update_config: (0x0a) error, ret(-107)
[    1.504476] sgm7220_config_init: init DRP fail!
[    1.504477] sgm7220_probe: fails to do initialization -107
[    1.504479] sgm7220_driver: probe of 4-0047 failed with error -107
[    1.504541] boot_kpi: M - DRIVER GENI_I2C_4 Ready
[    1.504563] i2c_geni 880000.i2c: I2C probed
[    1.504837] boot_kpi: M - DRIVER GENI_I2C Init
[    1.504867] i2c_geni 884000.i2c: Bus frequency is set to 400000Hz.
[    1.505947] <<SGM3804-INF>>[sgm3804_probe:175] SGM3804 driver probeing...
[    1.506035] sy7758vgs driver probeing...
[    1.506077] boot_kpi: M - DRIVER GENI_I2C_5 Ready
[    1.506078] i2c_geni 884000.i2c: I2C probed
[    1.535703] Early_eth start.
[    1.539283] [drm:dsi_display_dev_probe [msm_drm]] [msm-dsi-info]: secondary default panel not found
[    1.541209] [drm:dsi_display_bind [msm_drm]] [msm-dsi-info]: Successfully bind display panel 'qcom,mdss_dsi_panel_ar14_1080p_144hz_video '
[    1.541372] msm_drm ae00000.qcom,mdss_mdp: bound soc:qcom,dsi-display-primary (ops dsi_display_comp_ops [msm_drm])
[    1.541484] msm_drm ae00000.qcom,mdss_mdp: bound soc:qcom,dsi-display-secondary (ops dsi_display_comp_ops [msm_drm])
[    1.541592] msm_drm ae00000.qcom,mdss_mdp: bound soc:qcom,smmu_sde_unsec_cb (ops msm_smmu_comp_ops [msm_drm])
[    1.541700] msm_drm ae00000.qcom,mdss_mdp: bound soc:qcom,wb-display@1 (ops sde_wb_comp_ops [msm_drm])
[    1.541806] msm_drm ae00000.qcom,mdss_mdp: bound soc:qcom,wb-display@2 (ops sde_wb_comp_ops [msm_drm])
[    1.541914] msm_drm ae00000.qcom,mdss_mdp: bound af20000.qcom,sde_rscc (ops sde_rsc_comp_ops [msm_drm])
[    1.542022] msm_drm ae00000.qcom,mdss_mdp: bound af54000.qcom,dp_display (ops dp_display_comp_ops [msm_drm])
[    1.542143] [drm] mapped mdp address space @0000000000000000
[    1.543037] [drm:_sde_kms_hw_init_blocks:4982] sde hardware revision:0xa0000000
[    1.543568] [drm:_sde_rm_hw_blk_create_new:859] failed to init hw-fences, disabling hw-fences
[    1.543661] [drm:max_clock_perf:1486] [sde error]Initialized with max clk and bw
[    1.548783] [drm:dsi_panel_get_mode [msm_drm]] [msm-dsi-info]: default topology: lm: 1 comp_enc:1 intf: 1
[    1.549182] of_get_named_gpiod_flags: can't parse 'qcom,aux-en-gpio' property of node '/soc/qcom,dp_display@ae154000[0]'
[    1.549188] of_get_named_gpiod_flags: can't parse 'qcom,aux-sel-gpio' property of node '/soc/qcom,dp_display@ae154000[0]'
[    1.549190] of_get_named_gpiod_flags: can't parse 'qcom,usbplug-cc-gpio' property of node '/soc/qcom,dp_display@ae154000[0]'
[    1.551646] [drm:dp_pll_get][msm-dp-info][714 ]revision=DP_PLL_4NM_V1_1, ssc_en=0, bonding_en=0
[    1.557325] of_get_named_gpiod_flags: can't parse 'qcom,dp-hpd-gpio' property of node '/soc/qcom,dp_display@ae154000[0]'
[    1.557334] of_get_named_gpiod_flags: can't parse 'qcom,dp-hpd-gpio' property of node '/soc/qcom,dp_display@ae154000[0]'
[    1.557600] [drm:dp_display_initialize_hdcp][msm-dp-info][714 ]HDCP 1.3 initialized
[    1.557694] [drm:dp_display_initialize_hdcp][msm-dp-info][714 ]HDCP 2.2 initialized
[    1.557853] [drm:dp_mst_init][msm-dp-info][714 ]dp drm mst topology manager init completed
[    1.558596] gh_msgq: Registered client for label: 2
[    1.558711] EXT4-fs (sda2): mounted filesystem with ordered data mode. Quota mode: none.
[    1.561000] EXT4-fs (sde39): mounted filesystem with ordered data mode. Quota mode: none.
[    1.562217] EXT4-fs (sde49): mounted filesystem with ordered data mode. Quota mode: none.
[    1.562222] [drm] Initialized msm_drm 1.4.0 20130625 for ae00000.qcom,mdss_mdp on minor 0
[    1.562225] [drm] cont_splash enabled in 1 of 1 display(s)
[    1.562277] [drm:dsi_ctrl_isr_configure [msm_drm]] [msm-dsi-info]: dsi-ctrl-0: IRQ 350 registered
[    1.562734] disp_cc-pineapple af00000.clock-controller: sync-state
[    1.563719] EXT4-fs (sde67): mounted filesystem with ordered data mode. Quota mode: none.
[    1.570466] fsck_msdos: ** /dev/block/bootdevice/by-name/qmcs
[    1.570584] fsck_msdos: ** Phase 1 - Read FAT and checking connectivity
[    1.570622] fsck_msdos: ** Phase 2 - Checking Directories
[    1.570747] fsck_msdos: ** Phase 3 - Checking for Lost Files
[    1.570748] fsck_msdos: 1 files, 30688 KiB free (959 clusters)
[    1.571623] FAT-fs (sde23): Volume was not properly unmounted. Some data may be corrupt. Please run fsck.
[    1.574459] DATARMNET63abbdc3d3(): Loading
[    1.574565] RNDIS_IPA module is loaded.
[    1.574659] qca_cld3_qca6750: Loading driver v5.2.1.92C +PANIC_ON_BUG
[    1.577014] fsck_msdos: ** /dev/block/bootdevice/by-name/spunvm
[    1.577203] fsck_msdos: ** Phase 1 - Read FAT and checking connectivity
[    1.577310] fsck_msdos: ** Phase 2 - Checking Directories
[    1.577378] wlan_pld:pld_register_driver:305:: Fail to register ipci driver
[    1.577623] fsck_msdos: ** Phase 3 - Checking for Lost Files
[    1.577627] fsck_msdos: 2 files, 32704 KiB free (1022 clusters)
[    1.578543] DATARMNETb1c42acd9c(): rmnet_offload initializing
[    1.578601] DATARMNET5e4be08a32(): Loading
[    1.579593] DATARMNET163e93649e(): Starting rmnet SHS module 43a6b 
[    1.579802] modprobe (714) used greatest stack depth: 8544 bytes left
[    1.580215] aps: init (1.4)
[    1.580447] DATARMNET7eb0fa5c8f(): rmnet_wlan initializing
[    1.580454] DATARMNET7eb0fa5c8f(): rmnet_wlan_set_hooks set
[    1.580901] FAT-fs (sde71): Volume was not properly unmounted. Some data may be corrupt. Please run fsck.
[    1.588489] goodix-ts 2-005d: I2c write failed,dev:5d,reg:8041,size:1
[    1.588492] goodix-ts 2-005d: Failed init ext watchdog
[    1.595578] vdc: Waited 0ms for vold
[    1.599605] goodix-ts 2-005d: I2c read failed,dev:5d,reg:8047,size:1
[    1.599607] goodix-ts 2-005d: GTP i2c test failed time 1
[    1.610488] type=1400 audit(121158.855:26): avc:  denied  { read write } for  comm="qseecomd" name="0:0:0:7" dev="tmpfs" ino=529 scontext=u:r:tee:s0 tcontext=u:object_r:device:s0 tclass=chr_file permissive=0
[    1.610512] type=1400 audit(121158.855:27): avc:  denied  { read } for  comm="qseecomd" name="sdh" dev="tmpfs" ino=792 scontext=u:r:tee:s0 tcontext=u:object_r:block_device:s0 tclass=blk_file permissive=0
[    1.610524] type=1400 audit(121158.855:28): avc:  denied  { read write } for  comm="qseecomd" name="0:0:0:0" dev="tmpfs" ino=987 scontext=u:r:tee:s0 tcontext=u:object_r:device:s0 tclass=chr_file permissive=0
[    1.621828] goodix-ts 2-005d: I2c read failed,dev:5d,reg:8047,size:1
[    1.621832] goodix-ts 2-005d: GTP i2c test failed time 2
[    1.643982] goodix-ts 2-005d: I2c read failed,dev:5d,reg:8047,size:1
[    1.643985] goodix-ts 2-005d: GTP i2c test failed time 3
[    1.653689] gh_secure_vm_loader soc:gh-secure-vm-loader@2: loading /vendor/firmware_mnt/image/cpusys_vm.mdt failed with error -13
[    1.653693] gh_secure_vm_loader soc:gh-secure-vm-loader@2: loading /vendor/firmware_mnt/image/kiwi/cpusys_vm.mdt failed with error -13
[    1.653719] gh_secure_vm_loader soc:gh-secure-vm-loader@2: Direct firmware load for cpusys_vm.mdt failed with error -2
[    1.653721] gh_secure_vm_loader soc:gh-secure-vm-loader@2: Falling back to sysfs fallback for: cpusys_vm.mdt
[    1.655004] goodix-ts 2-005d: Failed communicate with IC use I2C
[    1.655016] goodix-ts 2-005d: Regulator vcc_i2c disabled
[    1.655033] goodix-ts 2-005d: Regulator vdd_ana disabled
[    1.655135] goodix-ts: probe of 2-005d failed with error -11
[    1.655377] gpio gpiochip0: (f000000.pinctrl): allocate IRQ 351, hwirq 162
[    1.655380] gpio gpiochip0: (f000000.pinctrl): found parent hwirq 86
[    1.655383] gpio gpiochip0: (f000000.pinctrl): alloc_irqs_parent for 351 parent hwirq 86
[    1.655584] <I>CTS-I2CDrv check active_panel
[    1.655585] <I>CTS-I2CDrv Probe i2c client: name='chipone-tddi' addr=0x48 flags=0x00 irq=351
[    1.655598] <I>CTS-Plat cts_init_platform_data Init
[    1.655599] <I>CTS-Plat Parse device tree
[    1.655604] of_get_named_gpiod_flags: parsed 'chipone,irq-gpio' property of node '/soc/qcom,qupv3_1_geni_se@ac0000/i2c@a90000/chipone_tddi@48[0]' - status (0)
[    1.655610] <I>CTS-Plat   int gpio    : 463
[    1.655613] <I>CTS-Plat   irq num     : 351
[    1.655615] of_get_named_gpiod_flags: parsed 'chipone,rst-gpio' property of node '/soc/qcom,qupv3_1_geni_se@ac0000/i2c@a90000/chipone_tddi@48[0]' - status (0)
[    1.655617] <I>CTS-Plat   rst gpio    : 462
[    1.655618] <I>CTS-Plat   X resolution: 1080
[    1.655619] <I>CTS-Plat   Y resolution: 1920
[    1.655620] <I>CTS-Plat chipone,build_id undefined.
[    1.655621] <I>CTS-Plat chipone,config_id undefined.
[    1.655674] input: chipone-tddi as /devices/platform/soc/ac0000.qcom,qupv3_1_geni_se/a90000.i2c/i2c-2/2-0048/input/input4
[    1.655768] <I>CTS-Plat Request resource
[    1.655780] <I>CTS-Core Reset device
[    1.655781] <I>CTS-Plat Reset device
[    1.706802] <I>CTS-Core Probe device
[    1.707924] <I>CTS-Core Firmware id: 0x9965
[    1.708408] <I>CTS-Core Firmware version: 0x0103
[    1.708409] <I>CTS-Core Init hardware data hwid: ffffffff fwid: 9965
[    1.708410] <I>CTS-Core Touch info size:112
[    1.708411] <I>CTS-Plat Init touch device
[    1.708412] <I>CTS-Tool Init
[    1.708416] <I>CTS-Sysfs Add device attr groups
[    1.708454] <I>CTS-Sysfs Add touchscreen class files
[    1.708458] <I>CTS-Sysfs Create class 'touchscreen'
[    1.708495] <I>CTS-Sysfs Create device for IC: ICNL9922C
[    1.708496] <I>CTS-Sysfs Create attr files
[    1.708496] <I>CTS-Sysfs   Create attr file 'path'
[    1.708499] <I>CTS-Sysfs   Create attr file 'vendor'
[    1.708499] <I>CTS-Sysfs   Create attr file 'ic_ver'
[    1.708500] <I>CTS-Sysfs Create /sys/class/touchscreen/ Succeeded
[    1.708502] <I>CTS-Sysfs Create ts_suspend successfully
[    1.708503] <I>CTS-I2CDrv Init FB notifier
[    1.708504] <I>CTS-Plat Request IRQ
[    1.708654] <I>CTS-Oem Init
[    1.708655] <I>CTS-Oem  - Create '/proc/cts_selftest'
[    1.708908] cdsp-loader soc:qcom,msm-cdsp-loader: cdsp_loader_probe: rproc not found
[    1.709127] msm_mpss: [parse_devicetree]rproc phandle not ready
[    1.709128] system_health_monitor_probe Failed to parse Device Tree
[    1.709317] debugfs: Directory 'a600000.ssusb' with parent '/' already present!
[    1.709331] of_get_named_gpiod_flags: parsed 'gpios' property of node '/soc/ssusb@a600000[0]' - status (0)
[    1.709547] msm-dwc3 a600000.ssusb: error -ENXIO: IRQ hs_phy_irq not found
[    1.709995] msm-dwc3 a600000.ssusb: Nominal values not found.
[    1.709997] msm-dwc3 a600000.ssusb: Using default bus votes
[    1.710009] msm-dwc3 a600000.ssusb: error -EINVAL: error finding dst node
[    1.710357] pmic_glink soc:qcom,pmic_glink: Failed to create device link (0x180) with a600000.ssusb
[    1.710595] cdsp-loader soc:qcom,msm-cdsp-loader: cdsp_loader_probe: rproc not found
[    1.710743] msm_mpss: [parse_devicetree]rproc phandle not ready
[    1.710745] system_health_monitor_probe Failed to parse Device Tree
[    1.792679] Info: adsprpc (6598): audioadsprpcd: fastrpc_set_process_info: HLOS pid 493, cid 0 is mapped to unique sessions pid 1
[    1.792707] Error: adsprpc (4689): audioadsprpcd: fastrpc_get_info_from_dsp: could not obtain dsp information, err val -111
[    1.792736] Info: adsprpc (6598): audioadsprpcd: fastrpc_set_process_info: HLOS pid 493, cid 0 is mapped to unique sessions pid 1
[    2.131592] gh_secure_vm_loader soc:gh-secure-vm-loader@2: loading /vendor/firmware_mnt/image/cpusys_vm.b03 failed with error -13
[    2.131597] gh_secure_vm_loader soc:gh-secure-vm-loader@2: loading /vendor/firmware_mnt/image/kiwi/cpusys_vm.b03 failed with error -13
[    2.131617] gh_secure_vm_loader soc:gh-secure-vm-loader@2: Direct firmware load for cpusys_vm.b03 failed with error -2
[    2.131619] gh_secure_vm_loader soc:gh-secure-vm-loader@2: Falling back to sysfs fallback for: cpusys_vm.b03
[    2.139833] gh_secure_vm_loader soc:gh-secure-vm-loader@2: loading /vendor/firmware_mnt/image/cpusys_vm.b01 failed with error -13
[    2.139835] gh_secure_vm_loader soc:gh-secure-vm-loader@2: loading /vendor/firmware_mnt/image/kiwi/cpusys_vm.b01 failed with error -13
[    2.139845] gh_secure_vm_loader soc:gh-secure-vm-loader@2: Direct firmware load for cpusys_vm.b01 failed with error -2
[    2.139846] gh_secure_vm_loader soc:gh-secure-vm-loader@2: Falling back to sysfs fallback for: cpusys_vm.b01
[    2.141581] gh_secure_vm_loader soc:gh-secure-vm-loader@2: loading /vendor/firmware_mnt/image/cpusys_vm.b02 failed with error -13
[    2.141584] gh_secure_vm_loader soc:gh-secure-vm-loader@2: loading /vendor/firmware_mnt/image/kiwi/cpusys_vm.b02 failed with error -13
[    2.141595] gh_secure_vm_loader soc:gh-secure-vm-loader@2: Direct firmware load for cpusys_vm.b02 failed with error -2
[    2.141597] gh_secure_vm_loader soc:gh-secure-vm-loader@2: Falling back to sysfs fallback for: cpusys_vm.b02
[    2.214114] gunyah_loader: VM: 50 status 2 complete
[    2.219119] gh_proxy_sched: Skip populating VCPU affinity info for VM=50
[    2.219121] gh_proxy_sched: Skip populating VCPU affinity info for VM=50
[    2.219122] gh_proxy_sched: Skip populating VCPU affinity info for VM=50
[    2.219122] gh_proxy_sched: Skip populating VCPU affinity info for VM=50
[    2.219123] gh_proxy_sched: Skip populating VCPU affinity info for VM=50
[    2.219123] gh_proxy_sched: Skip populating VCPU affinity info for VM=50
[    2.219124] gh_proxy_sched: Skip populating VCPU affinity info for VM=50
[    2.219124] gh_proxy_sched: Skip populating VCPU affinity info for VM=50
[    2.219243] gh_proxy_sched: Proxy Scheduling isn't supported for VM=50
[    2.247112] gunyah_loader: VM:50 started running
[    2.720067] <I>CTS-Core Firmware upgrade work
[    2.720070] <I>CTS-Firmware Request newer if match hwid: 99c220 fwid: 0000 && ver > 0103
[    2.720071] <I>CTS-Firmware Request driver builtin if match hwid: 99c220 fwid: 0000 && ver > 0103
[    2.720072] <I>CTS-Firmware No newer driver builtin found
[    2.720073] <I>CTS-Firmware Request from file 'chipone_firmware.bin' if version > 0103
[    2.720075] <I>CTS-Firmware Filepath is only filename, use request_firmware()
[    2.720087] input input4: loading /vendor/firmware_mnt/image/chipone_firmware.bin failed with error -13
[    2.720090] input input4: loading /vendor/firmware_mnt/image/kiwi/chipone_firmware.bin failed with error -13
[    2.720109] input input4: Direct firmware load for chipone_firmware.bin failed with error -2
[    2.720111] input input4: Falling back to sysfs fallback for: chipone_firmware.bin
[    2.944073] msm_vidc:     fw: <VFW_E:HostDr:unkn:--------:--> VenusHostDriver_ParseC2SysPacket(897): QC_IMAGE_VERSION_STRING=video-firmware.3.4-83d88af7b6539e38cac2aa5dc1fe19c760da2b16
[    2.944075] msm_vidc:     fw: <VFW_E:HostDr:unkn:--------:--> VenusHostDriver_ParseC2SysPacket(898): IMAGE_VARIANT_STRING=PROD
[    2.944076] msm_vidc:     fw: <VFW_E:HostDr:unkn:--------:--> VenusHostDriver_ParseC2SysPacket(899): OEM_IMAGE_VERSION_STRING=hyd-lablnx446
[    2.944077] msm_vidc:     fw: <VFW_E:HostDr:unkn:--------:--> VenusHostDriver_ParseC2SysPacket(900): BUILD_TIME: Jul 24 2024 13:35:23
[    6.345456] pci 0001:01:00.0: xHCI HW not ready after 5 sec (HC bug?) status = 0x801
[    6.345473] pci 0001:01:00.0: quirk_usb_early_handoff+0x0/0x848 took 4882899 usecs
[    6.346273] xhci_hcd 0001:01:00.0: Adding to iommu group 39
[    6.346505] xhci_hcd 0001:01:00.0: of_irq_parse_pci: failed with rc=-22
[    6.346519] xhci_hcd 0001:01:00.0: Attempting to load from /vendor/firmware/renesas_usb_fw.mem
[    6.708440] xhci_hcd 0001:01:00.0: xHCI Host Controller
[    6.708444] xhci_hcd 0001:01:00.0: new USB bus registered, assigned bus number 1
[    6.708464] xhci_hcd 0001:01:00.0: Zeroing 64bit base registers, expecting fault
[    6.745863] xhci_hcd 0001:01:00.0: hcc params 0x014051cf hci version 0x100 quirks 0x0000001100000410
[    6.746009] genirq: irq_chip gic_msm_pci_msi did not update eff. affinity mask of irq 358
[    6.746620] xhci_hcd 0001:01:00.0: xHCI Host Controller
[    6.746622] xhci_hcd 0001:01:00.0: new USB bus registered, assigned bus number 2
[    6.746623] xhci_hcd 0001:01:00.0: Host supports USB 3.0 SuperSpeed
[    6.749413] usb usb1: New USB device found, idVendor=1d6b, idProduct=0002, bcdDevice= 6.01
[    6.749414] usb usb1: New USB device strings: Mfr=3, Product=2, SerialNumber=1
[    6.749415] usb usb1: Product: xHCI Host Controller
[    6.749416] usb usb1: Manufacturer: Linux 6.1.75-android14-11-maybe-dirty xhci-hcd
[    6.749416] usb usb1: SerialNumber: 0001:01:00.0
[    6.750354] hub 1-0:1.0: USB hub found
[    6.750366] hub 1-0:1.0: 4 ports detected
[    6.750670] cdsp-loader soc:qcom,msm-cdsp-loader: cdsp_loader_probe: rproc not found
[    6.750892] msm_mpss: [parse_devicetree]rproc phandle not ready
[    6.750894] system_health_monitor_probe Failed to parse Device Tree
[    6.750950] cdsp-loader soc:qcom,msm-cdsp-loader: cdsp_loader_probe: rproc not found
[    6.751077] usb usb2: We don't know the algorithms for LPM for this host, disabling LPM.
[    6.751095] usb usb2: New USB device found, idVendor=1d6b, idProduct=0003, bcdDevice= 6.01
[    6.751096] usb usb2: New USB device strings: Mfr=3, Product=2, SerialNumber=1
[    6.751097] usb usb2: Product: xHCI Host Controller
[    6.751098] usb usb2: Manufacturer: Linux 6.1.75-android14-11-maybe-dirty xhci-hcd
[    6.751099] usb usb2: SerialNumber: 0001:01:00.0
[    6.751804] hub 2-0:1.0: USB hub found
[    6.751816] hub 2-0:1.0: 4 ports detected
[    6.751974] msm_mpss: [parse_devicetree]rproc phandle not ready
[    6.751975] system_health_monitor_probe Failed to parse Device Tree
[    6.752029] cdsp-loader soc:qcom,msm-cdsp-loader: cdsp_loader_probe: rproc not found
[    6.752272] msm_mpss: [parse_devicetree]rproc phandle not ready
[    6.752273] system_health_monitor_probe Failed to parse Device Tree
[    6.752329] cdsp-loader soc:qcom,msm-cdsp-loader: cdsp_loader_probe: rproc not found
[    6.752590] msm_mpss: [parse_devicetree]rproc phandle not ready
[    6.752591] system_health_monitor_probe Failed to parse Device Tree
[    6.752645] cdsp-loader soc:qcom,msm-cdsp-loader: cdsp_loader_probe: rproc not found
[    6.757117] msm_pcie_probe: RC1 is enabled in bootup
[    6.757134] tcsr_cc-pineapple 1f40000.clock-controller: sync-state
[    6.757157] gcc-pineapple 100000.clock-controller: sync-state
[    6.757449] msm_mpss: [parse_devicetree]rproc phandle not ready
[    6.757450] system_health_monitor_probe Failed to parse Device Tree
[    6.757505] cdsp-loader soc:qcom,msm-cdsp-loader: cdsp_loader_probe: rproc not found
[    6.776668] cnss_prealloc: assign cnss pool for device id 0x1107
[    6.776696] cnss_prealloc: created mempool cnss-pool-8k of min size 16 * 8192
[    6.776714] cnss_prealloc: created mempool cnss-pool-16k of min size 16 * 16384
[    6.776748] cnss_prealloc: created mempool cnss-pool-32k of min size 22 * 32768
[    6.776831] cnss_prealloc: created mempool cnss-pool-64k of min size 38 * 65536
[    6.776884] cnss_prealloc: created mempool cnss-pool-128k of min size 10 * 131072
[    6.781207] of_get_named_gpiod_flags: parsed 'wlan-en-gpio' property of node '/soc/qcom,cnss-kiwi@b0000000[0]' - status (0)
[    6.781215] of_get_named_gpiod_flags: parsed 'qcom,bt-en-gpio' property of node '/soc/qcom,cnss-kiwi@b0000000[0]' - status (0)
[    6.781218] of_get_named_gpiod_flags: parsed 'qcom,sw-ctrl-gpio' property of node '/soc/qcom,cnss-kiwi@b0000000[0]' - status (0)
[    6.781291] of_get_named_gpiod_flags: can't parse 'wlan-dev-sol-gpio' property of node '/soc/qcom,cnss-kiwi@b0000000[0]'
[    6.781293] of_get_named_gpiod_flags: can't parse 'wlan-host-sol-gpio' property of node '/soc/qcom,cnss-kiwi@b0000000[0]'
[    6.782895] msm_pcie_enable: PCIe: Assert the reset of endpoint of RC0.
[    6.786623] msm_pcie_enable_link: PCIe: RC0: PCIE20_PARF_INT_ALL_MASK: 0x7f80d202
[    6.788838] pcie_phy_init: PCIe RC0 PHY is ready!
[    6.798854] msm_pcie_enable_link: PCIe: Release the reset of endpoint of RC0.
[    6.815209] msm_pcie_link_train: PCIe RC0 link initialized
[    6.815564] pci-msm 1c00000.qcom,pcie: host bridge /soc/qcom,pcie@1c00000 ranges:
[    6.815570] pci-msm 1c00000.qcom,pcie:   No bus range found for /soc/qcom,pcie@1c00000, using [bus 00-ff]
[    6.815578] pci-msm 1c00000.qcom,pcie:      MEM 0x0060200000..0x0063ffffff -> 0x0060200000
[    6.815687] pci-msm 1c00000.qcom,pcie: PCI host bridge to bus 0000:00
[    6.815688] pci_bus 0000:00: root bus resource [bus 00-ff]
[    6.815689] pci_bus 0000:00: root bus resource [mem 0x60200000-0x63ffffff]
[    6.815706] pci 0000:00:00.0: [17cb:0113] type 01 class 0x060400
[    6.815723] pci 0000:00:00.0: reg 0x10: [mem 0x00000000-0x00000fff 64bit]
[    6.815791] pci 0000:00:00.0: PME# supported from D0 D3hot D3cold
[    6.818979] pci 0000:00:00.0: bridge configuration invalid ([bus 00-00]), reconfiguring
[    6.819098] pci 0000:01:00.0: [17cb:1107] type 00 class 0x028000
[    6.819151] pci 0000:01:00.0: reg 0x10: [mem 0x00000000-0x001fffff 64bit]
[    6.819386] pci 0000:01:00.0: PME# supported from D0 D3hot D3cold
[    6.832106] pci_bus 0000:01: busn_res: [bus 01-ff] end is updated to 01
[    6.832115] pci 0000:00:00.0: BAR 14: assigned [mem 0x60200000-0x603fffff]
[    6.832117] pci 0000:00:00.0: BAR 15: assigned [mem 0x60400000-0x605fffff 64bit pref]
[    6.832118] pci 0000:00:00.0: BAR 0: assigned [mem 0x60600000-0x60600fff 64bit]
[    6.832128] pci 0000:00:00.0: BAR 13: no space for [io  size 0x1000]
[    6.832129] pci 0000:00:00.0: BAR 13: failed to assign [io  size 0x1000]
[    6.832131] pci 0000:01:00.0: BAR 0: assigned [mem 0x60200000-0x603fffff 64bit]
[    6.832167] pci 0000:00:00.0: PCI bridge to [bus 01]
[    6.832172] pci 0000:00:00.0:   bridge window [mem 0x60200000-0x603fffff]
[    6.832176] pci 0000:00:00.0:   bridge window [mem 0x60400000-0x605fffff 64bit pref]
[    6.832392] msm_pcie_enumerate: PCIe: RC0: has already been enumerated.
[    6.832596] cnss_pci 0000:01:00.0: Adding to iommu group 40
[    6.832915] cnss_pci 0000:01:00.0: assigned reserved memory node cnss_wlan_region
[    6.832946] cnss_pci 0000:01:00.0: BAR 0: assigned [mem 0x60200000-0x603fffff 64bit]
[    6.832987] cnss_pci 0000:01:00.0: enabling device (0000 -> 0002)
[    6.954246] msm_pcie_disable: PCIe: Assert the reset of endpoint of RC0.
[    6.955252] msm_mpss: [parse_devicetree]rproc phandle not ready
[    6.955253] system_health_monitor_probe Failed to parse Device Tree
[    6.955359] cdsp-loader soc:qcom,msm-cdsp-loader: cdsp_loader_probe: rproc not found
[    6.955588] cnss: Platform driver probed successfully.
[    6.955861] qnoc-pineapple 16c0000.interconnect: sync-state
[    6.956061] msm_mpss: [parse_devicetree]rproc phandle not ready
[    6.956063] system_health_monitor_probe Failed to parse Device Tree
[    6.956171] cdsp-loader soc:qcom,msm-cdsp-loader: cdsp_loader_probe: rproc not found
[    6.999934] Could not create tracefs 'dp_rx_tcp_pkt' directory
[    6.999940] Could not create tracefs 'dp_tx_comp_tcp_pkt' directory
[    6.999943] Could not create tracefs 'dp_rx_udp_pkt' directory
[    6.999945] Could not create tracefs 'dp_tx_comp_udp_pkt' directory
[    6.999948] Could not create tracefs 'dp_rx_generic_ip_pkt' directory
[    6.999952] Could not create tracefs 'dp_tx_comp_generic_ip_pkt' directory
[    6.999955] Could not create tracefs 'dp_rx_pkt' directory
[    6.999957] Could not create tracefs 'dp_tx_comp_pkt' directory
[    6.999960] Could not create tracefs 'dp_del_reg_write' directory
[    6.999962] Could not create tracefs 'dp_ce_tasklet_sched_latency' directory
[    7.000618] qca_cld3_peach: Loading driver v5.2.1.92C +PANIC_ON_BUG
[    7.000868] qca_cld3_kiwi_v2: Loading driver v5.2.1.92C +PANIC_ON_BUG
[    7.001290] cnss: Host driver is built for PCIe device ID 0x110e
[    7.001294] cnss: Enumerated PCIe device id is 0x1107, reject unsupported driver
[    7.001295] wlan_pld:pld_register_driver:263:: Fail to register pcie driver
[    7.001336] cnss: WLAN register driver deferred for Calibration
[    7.001412] wlan_hdd_state wlan major(468) initialized
[    7.009348] init: Wait for property 'vendor.all.modules.ready=1' took 5406ms
[    7.009936] init: Command 'write /dev/cpuctl/foreground/cpu.uclamp.sched_boost_no_override 1' action=post-fs (/vendor/etc/init/hw/init.qti.kernel.rc:73) took 0ms and failed: Unable to write to file '/dev/cpuctl/foreground/cpu.uclamp.sched_boost_no_override': open() failed: Permission denied
[    7.010052] init: Command 'write /dev/cpuctl/top-app/cpu.uclamp.sched_boost_no_override 1' action=post-fs (/vendor/etc/init/hw/init.qti.kernel.rc:74) took 0ms and failed: Unable to write to file '/dev/cpuctl/top-app/cpu.uclamp.sched_boost_no_override': open() failed: Permission denied
[    7.010062] init: Service 'vendor.modprobe' (pid 430) exited with status 0 oneshot service took 5.998000 seconds in background
[    7.010065] init: Sending signal 9 to service 'vendor.modprobe' (pid 430) process group...
[    7.010099] libprocessgroup: Successfully killed process cgroup uid 0 pid 430 in 0ms
[    7.010383] init: Command 'write /dev/cpuctl/background/cpu.uclamp.colocate 0' action=post-fs (/vendor/etc/init/hw/init.qti.kernel.rc:75) took 0ms and failed: Unable to write to file '/dev/cpuctl/background/cpu.uclamp.colocate': open() failed: Permission denied
[    7.010471] init: Command 'write /dev/cpuctl/foreground/cpu.uclamp.colocate 0' action=post-fs (/vendor/etc/init/hw/init.qti.kernel.rc:76) took 0ms and failed: Unable to write to file '/dev/cpuctl/foreground/cpu.uclamp.colocate': open() failed: Permission denied
[    7.010556] init: Command 'write /dev/cpuctl/top-app/cpu.uclamp.colocate 1' action=post-fs (/vendor/etc/init/hw/init.qti.kernel.rc:77) took 0ms and failed: Unable to write to file '/dev/cpuctl/top-app/cpu.uclamp.colocate': open() failed: Permission denied
[    7.010785] init: processing action (post-fs) from (/system/etc/init/gsid.rc:8)
[    7.022776] servicemanager: Since 'android.system.suspend.ISystemSuspend/default' could not be found, trying to start it as a lazy AIDL service. (if it's not configured to be a lazy service, it may be stuck starting or still starting).
[    7.024424] servicemanager: Tried to start aidl service android.system.suspend.ISystemSuspend/default as a lazy service, but was unable to. Usually this happens when a service is not installed, but if the service is intended to be used as a lazy service, then it may be configured incorrectly.
[    7.026098] servicemanager: Found android.system.suspend.ISystemSuspend/default in framework VINTF manifest.
[    7.029865] Info: adsprpc (6598): sscrpcd: fastrpc_set_process_info: HLOS pid 1074, cid 0 is mapped to unique sessions pid 2
[    7.029879] Error: adsprpc (4689): sscrpcd: fastrpc_get_info_from_dsp: could not obtain dsp information, err val -111
[    7.029903] Info: adsprpc (6598): sscrpcd: fastrpc_set_process_info: HLOS pid 1074, cid 0 is mapped to unique sessions pid 2
[    7.031699] android.hardware.boot-service.qti: [libfs_mgr] Warning: unknown flag: resize
[    7.032849] servicemanager: Found android.hardware.boot.IBootControl/default in device VINTF manifest.
[    7.032890] android.hardware.boot-service.qti: IBootControl AIDL service running...
[    7.035087] vdc: Waited 0ms for vold
[    7.035201] servicemanager: Found android.hardware.boot.IBootControl/default in device VINTF manifest.
[    7.035278] servicemanager: Found android.hardware.security.keymint.IKeyMintDevice/strongbox in device VINTF manifest.
[    7.035427] servicemanager: Found android.hardware.security.keymint.IRemotelyProvisionedComponent/strongbox in device VINTF manifest.
[    7.040160] type=1400 audit(121164.283:40): avc:  denied  { getattr } for  comm="resize.f2fs" path="/sys/devices/platform/soc/1d84000.ufshc/host0/target0:0:0/0:0:0:0/block/sda/sda11/partition" dev="sysfs" ino=82792 scontext=u:r:fsck:s0 tcontext=u:object_r:sysfs:s0 tclass=file permissive=0
[    7.045772] servicemanager: Found android.system.keystore2.IKeystoreService/default in framework VINTF manifest.
[    7.047947] vdc: Waited 0ms for vold
[    7.085339] tmecom-qmp-client soc:qcom,tmecom-qmp-client: response received
[    7.104880] fsck.f2fs: Info: Fix the reported corruption.
[    7.105108] fsck.f2fs: Info: not exist /proc/version!
[    7.105495] fsck.f2fs: Info: MKFS version
[    7.105498] fsck.f2fs:   "6.1.75-android14-11-maybe-dirty"
[    7.105499] fsck.f2fs: Info: FSCK version
[    7.105500] fsck.f2fs:   from "6.1.75-android14-11-maybe-dirty"
[    7.105501] fsck.f2fs:     to "6.1.75-android14-11-maybe-dirty"
[    7.105502] fsck.f2fs: Info: superblock features = 1499 :  encrypt verity extra_attr project_quota quota_ino casefold
[    7.105503] fsck.f2fs: Info: superblock encrypt level = 0, salt = 00000000000000000000000000000000
[    7.105504] fsck.f2fs: Info: checkpoint stop reason: shutdown(50) 
[    7.107894] F2FS-fs (dm-53): Using encoding defined by superblock: utf8-12.1.0 with flags 0x0
[    7.159361] F2FS-fs (dm-53): Mounted with checkpoint version = 14dcc38e
[    7.168659] vdc: Waited 0ms for vold
[    7.174588] vdc: Waited 0ms for vold
[    7.293152] fscrypt: AES-256-CTS-CBC using implementation "cts-cbc-aes-ce"
[    7.293504] fscrypt: AES-256-XTS using blk-crypto (native)
[    7.314748] vdc: Waited 0ms for vold
[    7.372054] logd: logd reinit
[    7.372297] logd: FrameworkListener: read() failed (Connection reset by peer)
[    7.376686] apexd: Scanning /system/apex for pre-installed ApexFiles
[    7.376744] apexd: Found pre-installed APEX /system/apex/com.google.android.healthfitness_compressed.apex
[    7.376836] apexd: Found pre-installed APEX /system/apex/com.google.android.sdkext_compressed.apex
[    7.376864] apexd: Found pre-installed APEX /system/apex/com.google.android.media_compressed.apex
[    7.376892] apexd: Found pre-installed APEX /system/apex/com.android.wifi.capex
[    7.376917] apexd: Found pre-installed APEX /system/apex/com.google.android.resolv_compressed.apex
[    7.376952] apexd: Found pre-installed APEX /system/apex/com.android.apex.cts.shim.apex
[    7.377007] apexd: Found pre-installed APEX /system/apex/com.android.runtime.apex
[    7.377036] apexd: Found pre-installed APEX /system/apex/com.google.android.tethering_compressed.apex
[    7.377071] apexd: Found pre-installed APEX /system/apex/com.google.mainline.primary.libs.apex
[    7.403621] loop4: detected capacity change from 0 to 54184
[    7.403852] loop5: detected capacity change from 0 to 58720
[    7.404055] loop6: detected capacity change from 0 to 528
[    7.404305] loop7: detected capacity change from 0 to 72080
[    7.404809] loop8: detected capacity change from 0 to 14200
[    7.405246] loop9: detected capacity change from 0 to 8920
[    7.405990] loop10: detected capacity change from 0 to 11168
[    7.406866] loop11: detected capacity change from 0 to 2336
[    7.407079] loop12: detected capacity change from 0 to 33544
[    7.407329] loop13: detected capacity change from 0 to 536
[    7.407722] loop14: detected capacity change from 0 to 44104
[    7.408386] loop15: detected capacity change from 0 to 11744
[    7.408664] loop16: detected capacity change from 0 to 47488
[    7.409234] loop17: detected capacity change from 0 to 60136
[    7.409454] loop18: detected capacity change from 0 to 13056
[    7.409718] loop19: detected capacity change from 0 to 10704
[    7.410694] loop20: detected capacity change from 0 to 1568
[    7.410928] loop21: detected capacity change from 0 to 56624
[    7.411122] loop22: detected capacity change from 0 to 5424
[    7.411371] loop23: detected capacity change from 0 to 51000
[    7.412291] loop24: detected capacity change from 0 to 8736
[    7.412468] loop25: detected capacity change from 0 to 130392
[    7.412695] loop26: detected capacity change from 0 to 6680
[    7.413327] loop27: detected capacity change from 0 to 54440
[    7.414326] loop28: detected capacity change from 0 to 12360
[    7.414500] loop29: detected capacity change from 0 to 2200
[    7.415047] loop30: detected capacity change from 0 to 47616
[    7.415368] loop31: detected capacity change from 0 to 9520
[    7.415555] loop32: detected capacity change from 0 to 15496
[    7.415747] loop33: detected capacity change from 0 to 60248
[    7.416665] loop34: detected capacity change from 0 to 42800
[    7.416869] loop35: detected capacity change from 0 to 536
[    7.417104] loop36: detected capacity change from 0 to 123464
[    7.418204] loop37: detected capacity change from 0 to 1768
[    7.418443] loop38: detected capacity change from 0 to 7576
[    7.418648] loop39: detected capacity change from 0 to 17384
[    7.418856] loop40: detected capacity change from 0 to 28712
[    7.421114] device-mapper: verity: sha256 using implementation "sha256-ce"
[    7.421159] EXT4-fs (loop7): mounted filesystem without journal. Quota mode: none.
[    7.425179] device-mapper: verity: sha256 using implementation "sha256-ce"
[    7.425280] device-mapper: verity: sha256 using implementation "sha256-ce"
[    7.425282] device-mapper: verity: sha1 using implementation "sha1-generic"
[    7.425634] device-mapper: verity: sha256 using implementation "sha256-ce"
[    7.425733] device-mapper: verity: sha1 using implementation "sha1-generic"
[    7.425800] device-mapper: verity: sha1 using implementation "sha1-generic"
[    7.425879] device-mapper: verity: sha1 using implementation "sha1-generic"
[    7.426191] device-mapper: verity: sha256 using implementation "sha256-ce"
[    7.426348] device-mapper: verity: sha256 using implementation "sha256-ce"
[    7.426570] device-mapper: verity: sha256 using implementation "sha256-ce"
[    7.426584] device-mapper: verity: sha256 using implementation "sha256-ce"
[    7.426656] device-mapper: verity: sha256 using implementation "sha256-ce"
[    7.426989] device-mapper: verity: sha1 using implementation "sha1-generic"
[    7.427422] EXT4-fs (loop15): mounted filesystem without journal. Quota mode: none.
[    7.427422] EXT4-fs (loop9): mounted filesystem without journal. Quota mode: none.
[    7.427525] EXT4-fs (loop8): mounted filesystem without journal. Quota mode: none.
[    7.427903] EXT4-fs (loop13): mounted filesystem without journal. Quota mode: none.
[    7.427921] EXT4-fs (loop16): mounted filesystem without journal. Quota mode: none.
[    7.427930] EXT4-fs (loop22): mounted filesystem without journal. Quota mode: none.
[    7.428308] EXT4-fs (loop25): mounted filesystem without journal. Quota mode: none.
[    7.433004] device-mapper: verity: sha256 using implementation "sha256-ce"
[    7.433041] device-mapper: verity: sha256 using implementation "sha256-ce"
[    7.433796] device-mapper: verity: sha256 using implementation "sha256-ce"
[    7.433880] device-mapper: verity: sha1 using implementation "sha1-generic"
[    7.433910] device-mapper: verity: sha1 using implementation "sha1-generic"
[    7.434129] device-mapper: verity: sha256 using implementation "sha256-ce"
[    7.434188] device-mapper: verity: sha256 using implementation "sha256-ce"
[    7.434303] device-mapper: verity: sha256 using implementation "sha256-ce"
[    7.434420] EXT4-fs (loop23): mounted filesystem without journal. Quota mode: none.
[    7.434683] EXT4-fs (loop27): mounted filesystem without journal. Quota mode: none.
[    7.435056] EXT4-fs (loop30): mounted filesystem without journal. Quota mode: none.
[    7.435916] EXT4-fs (loop29): mounted filesystem without journal. Quota mode: none.
[    7.441095] device-mapper: verity: sha1 using implementation "sha1-generic"
[    7.441137] device-mapper: verity: sha256 using implementation "sha256-ce"
[    7.441665] EXT4-fs (loop36): mounted filesystem without journal. Quota mode: none.
[    7.442263] EXT4-fs (dm-52): mounted filesystem without journal. Quota mode: none.
[    7.447766] EXT4-fs (dm-33): mounted filesystem without journal. Quota mode: none.
[    7.448193] EXT4-fs (dm-38): mounted filesystem without journal. Quota mode: none.
[    7.448221] EXT4-fs (dm-31): mounted filesystem without journal. Quota mode: none.
[    7.448233] EXT4-fs (dm-35): mounted filesystem without journal. Quota mode: none.
[    7.448236] EXT4-fs (dm-51): mounted filesystem without journal. Quota mode: none.
[    7.448236] EXT4-fs (dm-50): mounted filesystem without journal. Quota mode: none.
[    7.448367] EXT4-fs (dm-41): mounted filesystem without journal. Quota mode: none.
[    7.448514] EXT4-fs (dm-37): mounted filesystem without journal. Quota mode: none.
[    7.449175] EXT4-fs (dm-45): mounted filesystem without journal. Quota mode: none.
[    7.449202] EXT4-fs (dm-28): mounted filesystem without journal. Quota mode: none.
[    7.449246] EXT4-fs (dm-34): mounted filesystem without journal. Quota mode: none.
[    7.449458] EXT4-fs (dm-43): mounted filesystem without journal. Quota mode: none.
[    7.449544] EXT4-fs (dm-46): mounted filesystem without journal. Quota mode: none.
[    7.454043] EXT4-fs (dm-36): mounted filesystem without journal. Quota mode: none.
[    7.454144] EXT4-fs (dm-44): mounted filesystem without journal. Quota mode: none.
[    7.455239] EXT4-fs (dm-24): mounted filesystem without journal. Quota mode: none.
[    7.455334] EXT4-fs (dm-23): mounted filesystem without journal. Quota mode: none.
[    7.455406] EXT4-fs (dm-21): mounted filesystem without journal. Quota mode: none.
[    7.455516] EXT4-fs (dm-27): mounted filesystem without journal. Quota mode: none.
[    7.455638] EXT4-fs (dm-20): mounted filesystem without journal. Quota mode: none.
[    7.462855] EXT4-fs (dm-17): mounted filesystem without journal. Quota mode: none.
[    7.462903] EXT4-fs (dm-19): mounted filesystem without journal. Quota mode: none.
[    7.476126] EXT4-fs (dm-22): mounted filesystem without journal. Quota mode: none.
[    7.531254] vdc: Waited 0ms for vold
[    7.670276] fs-verity: sha256 using implementation "sha256-ce"
[    7.753005] apexd: Snapshot DE subcommand detected
[    7.753403] apexd-snapshotde: Marking APEXd as ready
[    7.768033] msm_pcie_enable: PCIe: Assert the reset of endpoint of RC0.
[    7.771815] msm_pcie_enable_link: PCIe: RC0: PCIE20_PARF_INT_ALL_MASK: 0x7f80d202
[    7.774042] pcie_phy_init: PCIe RC0 PHY is ready!
[    7.782311] init: Verified that /data/vendor/tlog has the encryption policy 0dff690d3a0956aaef28f10552652c88 v2 modes 1/4 flags 0xa
[    7.783990] type=1400 audit(121165.027:41): avc:  denied  { getattr } for  comm="init" path="/product/bin/init.qti.display.sh" dev="dm-11" ino=186 scontext=u:r:init:s0 tcontext=u:object_r:vendor_sys_qti_display_exec:s0 tclass=file permissive=0
[    7.784081] msm_pcie_enable_link: PCIe: Release the reset of endpoint of RC0.
[    7.791012] LibBpfLoader: Loading optional ELF object /system/etc/bpf/timeInState.o with license GPL
[    7.791022] LibBpfLoader: Section bpfloader_min_ver value is 28 [0x1c]
[    7.791029] LibBpfLoader: Section bpfloader_max_ver value is 65536 [0x10000]
[    7.791035] LibBpfLoader: Couldn't find section bpfloader_min_required_ver (defaulting to 0 [0x0]).
[    7.791042] LibBpfLoader: Section size_of_bpf_map_def value is 120 [0x78]
[    7.791049] LibBpfLoader: Section size_of_bpf_prog_def value is 92 [0x5c]
[    7.791050] LibBpfLoader: BpfLoader version 0x00026 processing ELF object /system/etc/bpf/timeInState.o with ver [0x0001c,0x10000)
[    7.791329] LibBpfLoader: Loaded code section 3 (tracepoint_sched_sched_switch)
[    7.791356] LibBpfLoader: Loaded relo section 3 (.reltracepoint/sched/sched_switch)
[    7.791363] LibBpfLoader: Adding section 3 to cs list
[    7.800474] msm_pcie_link_train: PCIe RC0 link initialized
[    7.802953] cnss_pci 0000:01:00.0: loading /vendor/firmware_mnt/image/kiwi/amss20.bin failed with error -13
[    7.802957] cnss_pci 0000:01:00.0: loading /vendor/firmware_mnt/image/kiwi/kiwi/amss20.bin failed with error -13
[    7.802982] cnss_pci 0000:01:00.0: Direct firmware load for kiwi/amss20.bin failed with error -2
[    7.802984] cnss_pci 0000:01:00.0: Falling back to sysfs fallback for: kiwi/amss20.bin
[    7.804246] ueventd: firmware: loading 'kiwi/amss20.bin' for '/devices/platform/soc/1c00000.qcom,pcie/pci0000:00/0000:00:00.0/0000:01:00.0/firmware/kiwi!amss20.bin'
[    7.805857] printk: bpfloader: 124 output lines suppressed due to ratelimiting
[    7.808001] ueventd: loading /devices/platform/soc/1c00000.qcom,pcie/pci0000:00/0000:00:00.0/0000:01:00.0/firmware/kiwi!amss20.bin took 3ms
[    7.812620] update_verifier: Started with arg 1: nonencrypted
[    7.812996] servicemanager: getDeviceHalManifest: Reloading VINTF information.
[    7.813100] servicemanager: getDeviceHalManifest: Reading VINTF information.
[    7.816746] update_verifier: Using AIDL version of IBootControl
[    7.817009] update_verifier: Booting slot 1: isSlotMarkedSuccessful=1
[    7.817011] update_verifier: Leaving update_verifier.
[    7.826761] Mass Storage Function, version: 2009/09/11
[    7.826762] LUN: removable file: (no medium)
[    7.828405] file system registered
[    7.829302] f_cdev_alloc: port_name:at_usb0 (0000000000000000) portno:(0)
[    7.829699] f_cdev_alloc: port_name:at_usb1 (0000000000000000) portno:(1)
[    7.830416] f_cdev_alloc: port_name:at_usb2 (0000000000000000) portno:(2)
[    7.832462] using random self ethernet address
[    7.832464] using random host ethernet address
[    7.858517] NetBpfLoad: NetBpfLoad (/apex/com.android.tethering/bin/netbpfload) api:34/3400 kver:601004b (64-on-aarch64) libbpf: v1.4 uid:1000 rc:10 user:100
[    7.858716] NetBpfLoad: Tethering APEX version 361524320
[    7.859911] NetBpfLoad: Loading ELF object /apex/com.android.tethering/etc/bpf/mainline/offload.o with license Apache 2.0
[    7.859913] NetBpfLoad: Processing ELF object /apex/com.android.tethering/etc/bpf/mainline/offload.o
[    7.887833] NetBpfLoad: bpf_create_map[tether_error_map] btf:1 -> 5
[    7.887859] NetBpfLoad: map /sys/fs/bpf/tethering/map_offload_tether_error_map id 21
[    7.887870] NetBpfLoad: bpf_create_map[tether_stats_map] btf:1 -> 6
[    7.887879] NetBpfLoad: map /sys/fs/bpf/tethering/map_offload_tether_stats_map id 22
[    7.887886] NetBpfLoad: bpf_create_map[tether_limit_map] btf:1 -> 7
[    7.887895] NetBpfLoad: map /sys/fs/bpf/tethering/map_offload_tether_limit_map id 23
[    7.930574] ueventd: firmware: could not find firmware for chipone_firmware.bin
[    7.930579] ueventd: firmware: attempted /etc/firmware/chipone_firmware.bin, open failed: No such file or directory
[    7.930581] ueventd: firmware: attempted /odm/firmware/chipone_firmware.bin, open failed: No such file or directory
[    7.930583] ueventd: firmware: attempted /vendor/firmware/chipone_firmware.bin, open failed: No such file or directory
[    7.930585] ueventd: firmware: attempted /firmware/image/chipone_firmware.bin, open failed: No such file or directory
[    7.930587] ueventd: firmware: attempted /vendor/firmware_mnt/image/chipone_firmware.bin, open failed: No such file or directory
[    7.930589] ueventd: firmware: attempted /product/vm-system/chipone_firmware.bin, open failed: No such file or directory
[    7.930622] ueventd: loading /devices/platform/soc/ac0000.qcom,qupv3_1_geni_se/a90000.i2c/i2c-2/2-0048/input/input4/chipone_firmware.bin took 5209ms
[    7.931128] <E>CTS-Firmware Could not load firmware from chipone_firmware.bin: -2
[    7.931131] <E>CTS-Firmware Request from file 'chipone_firmware.bin' failed -2
[    7.931132] <W>CTS-Core Request firmware failed
[    7.931133] <I>CTS-Core Enter normal mode
[    7.931134] <I>CTS-Core Set dev boot mode to 3(SRAM-BOOT)
[    7.933537] printk: netbpfload: 158 output lines suppressed due to ratelimiting
[    7.962505] <I>CTS-Core Curr dev boot mode: 0(IDLE-BOOT)
[    7.962508] <E>CTS-Core Curr boot mode 0(IDLE-BOOT) != SRAM_BOOT
[    7.963036] <I>CTS-Core Get firmware id: 0x9965
[    7.963037] <I>CTS-Core Init firmware data
[    7.972316] <E>CTS-Core fwver: 0103
[    7.972318] <E>CTS-Core libver: 0100
[    7.972318] <E>CTS-Core ddi_version: 00
[    7.972319] <E>CTS-Core res_x: 1079
[    7.972319] <E>CTS-Core res_y: 1919
[    7.972320] <E>CTS-Core rows: 32
[    7.972320] <E>CTS-Core cols: 18
[    7.972321] <E>CTS-Core flip_x: 1
[    7.972321] <E>CTS-Core flip_y: 1
[    7.972322] <E>CTS-Core swap_axes: 0
[    7.972322] <E>CTS-Core int_mode: 0
[    7.972322] <E>CTS-Core int_keep_time: 3000
[    7.972323] <E>CTS-Core rawdata_target: 2000
[    7.972323] <E>CTS-Core esd_method: 0
[    7.972324] <E>CTS-Core has_int_data: 1
[    7.972324] <E>CTS-Core int_data_method: 0
[    7.972324] <E>CTS-Core int_data_types: 0
[    7.972325] <E>CTS-Core int_data_size: 117
[    7.972326] <I>CTS-Core Start device...
[    7.972338] <I>CTS-Core Start device successfully
[    7.993199] cfg80211: failed to load regulatory.db
[    8.013041] adsp-loader soc:qcom,msm-adsp-loader: adsp_load_fw: Load default ADSP
[    8.013047] adsp-loader soc:qcom,msm-adsp-loader: adsp_load_fw: Load default ADSP DTB
[    8.013051] remoteproc remoteproc0: powering up 3000000.remoteproc-adsp
[    8.013080] remoteproc remoteproc0: loading /vendor/firmware_mnt/image/adsp.mdt failed with error -13
[    8.013083] remoteproc remoteproc0: loading /vendor/firmware_mnt/image/kiwi/adsp.mdt failed with error -13
[    8.013127] remoteproc remoteproc0: Direct firmware load for adsp.mdt failed with error -2
[    8.013129] remoteproc remoteproc0: Falling back to sysfs fallback for: adsp.mdt
[    8.014749] remoteproc remoteproc0: Booting fw image adsp.mdt, size 8364
[    8.014856] qcom_q6v5_pas 3000000.remoteproc-adsp: loading /vendor/firmware_mnt/image/adsp_dtb.mdt failed with error -13
[    8.014859] qcom_q6v5_pas 3000000.remoteproc-adsp: loading /vendor/firmware_mnt/image/kiwi/adsp_dtb.mdt failed with error -13
[    8.014880] qcom_q6v5_pas 3000000.remoteproc-adsp: Direct firmware load for adsp_dtb.mdt failed with error -2
[    8.014881] qcom_q6v5_pas 3000000.remoteproc-adsp: Falling back to sysfs fallback for: adsp_dtb.mdt
[    8.016117] qcom_q6v5_pas 3000000.remoteproc-adsp: loading /vendor/firmware_mnt/image/adsp_dtb.b02 failed with error -13
[    8.016120] qcom_q6v5_pas 3000000.remoteproc-adsp: loading /vendor/firmware_mnt/image/kiwi/adsp_dtb.b02 failed with error -13
[    8.016136] qcom_q6v5_pas 3000000.remoteproc-adsp: Direct firmware load for adsp_dtb.b02 failed with error -2
[    8.016138] qcom_q6v5_pas 3000000.remoteproc-adsp: Falling back to sysfs fallback for: adsp_dtb.b02
[    8.019095] qcom_q6v5_pas 3000000.remoteproc-adsp: loading /vendor/firmware_mnt/image/adsp_dtb.b01 failed with error -13
[    8.019100] qcom_q6v5_pas 3000000.remoteproc-adsp: loading /vendor/firmware_mnt/image/kiwi/adsp_dtb.b01 failed with error -13
[    8.019119] qcom_q6v5_pas 3000000.remoteproc-adsp: Direct firmware load for adsp_dtb.b01 failed with error -2
[    8.019121] qcom_q6v5_pas 3000000.remoteproc-adsp: Falling back to sysfs fallback for: adsp_dtb.b01
[    8.023738] tsnv nv_initialize successfully!
[    8.024535] adsprpc: fastrpc_restart_notifier_cb: subsystem lpass is about to start
[    8.024882] type=1400 audit(1785263248.760:42): avc:  denied  { write } for  comm="init" name="discard_max_bytes" dev="sysfs" ino=80531 scontext=u:r:init:s0 tcontext=u:object_r:sysfs:s0 tclass=file permissive=0
[    8.029966] qcom_q6v5_pas 3000000.remoteproc-adsp: loading /vendor/firmware_mnt/image/adsp.b56 failed with error -13
[    8.029972] qcom_q6v5_pas 3000000.remoteproc-adsp: loading /vendor/firmware_mnt/image/kiwi/adsp.b56 failed with error -13
[    8.029995] qcom_q6v5_pas 3000000.remoteproc-adsp: Direct firmware load for adsp.b56 failed with error -2
[    8.029997] qcom_q6v5_pas 3000000.remoteproc-adsp: Falling back to sysfs fallback for: adsp.b56
[    8.034947] qcom_q6v5_pas 3000000.remoteproc-adsp: loading /vendor/firmware_mnt/image/adsp.b01 failed with error -13
[    8.034951] qcom_q6v5_pas 3000000.remoteproc-adsp: loading /vendor/firmware_mnt/image/kiwi/adsp.b01 failed with error -13
[    8.034976] qcom_q6v5_pas 3000000.remoteproc-adsp: Direct firmware load for adsp.b01 failed with error -2
[    8.034978] qcom_q6v5_pas 3000000.remoteproc-adsp: Falling back to sysfs fallback for: adsp.b01
[    8.036240] qcom_q6v5_pas 3000000.remoteproc-adsp: loading /vendor/firmware_mnt/image/adsp.b02 failed with error -13
[    8.036243] qcom_q6v5_pas 3000000.remoteproc-adsp: loading /vendor/firmware_mnt/image/kiwi/adsp.b02 failed with error -13
[    8.036260] qcom_q6v5_pas 3000000.remoteproc-adsp: Direct firmware load for adsp.b02 failed with error -2
[    8.036261] qcom_q6v5_pas 3000000.remoteproc-adsp: Falling back to sysfs fallback for: adsp.b02
[    8.038486] qcom_q6v5_pas 3000000.remoteproc-adsp: loading /vendor/firmware_mnt/image/adsp.b03 failed with error -13
[    8.038491] qcom_q6v5_pas 3000000.remoteproc-adsp: loading /vendor/firmware_mnt/image/kiwi/adsp.b03 failed with error -13
[    8.038508] qcom_q6v5_pas 3000000.remoteproc-adsp: Direct firmware load for adsp.b03 failed with error -2
[    8.038510] qcom_q6v5_pas 3000000.remoteproc-adsp: Falling back to sysfs fallback for: adsp.b03
[    8.040151] qcom_q6v5_pas 3000000.remoteproc-adsp: loading /vendor/firmware_mnt/image/adsp.b04 failed with error -13
[    8.040155] qcom_q6v5_pas 3000000.remoteproc-adsp: loading /vendor/firmware_mnt/image/kiwi/adsp.b04 failed with error -13
[    8.040170] qcom_q6v5_pas 3000000.remoteproc-adsp: Direct firmware load for adsp.b04 failed with error -2
[    8.040171] qcom_q6v5_pas 3000000.remoteproc-adsp: Falling back to sysfs fallback for: adsp.b04
[    8.041398] qcom_q6v5_pas 3000000.remoteproc-adsp: loading /vendor/firmware_mnt/image/adsp.b05 failed with error -13
[    8.041401] qcom_q6v5_pas 3000000.remoteproc-adsp: loading /vendor/firmware_mnt/image/kiwi/adsp.b05 failed with error -13
[    8.041418] qcom_q6v5_pas 3000000.remoteproc-adsp: Direct firmware load for adsp.b05 failed with error -2
[    8.041419] qcom_q6v5_pas 3000000.remoteproc-adsp: Falling back to sysfs fallback for: adsp.b05
[    8.042611] qcom_q6v5_pas 3000000.remoteproc-adsp: loading /vendor/firmware_mnt/image/adsp.b06 failed with error -13
[    8.042614] qcom_q6v5_pas 3000000.remoteproc-adsp: loading /vendor/firmware_mnt/image/kiwi/adsp.b06 failed with error -13
[    8.042628] qcom_q6v5_pas 3000000.remoteproc-adsp: Direct firmware load for adsp.b06 failed with error -2
[    8.042629] qcom_q6v5_pas 3000000.remoteproc-adsp: Falling back to sysfs fallback for: adsp.b06
[    8.044864] remoteproc remoteproc1: attaching to 188101c.remoteproc-spss
[    8.045165] qcom_q6v5_pas 3000000.remoteproc-adsp: loading /vendor/firmware_mnt/image/adsp.b07 failed with error -13
[    8.045169] qcom_q6v5_pas 3000000.remoteproc-adsp: loading /vendor/firmware_mnt/image/kiwi/adsp.b07 failed with error -13
[    8.045185] qcom_q6v5_pas 3000000.remoteproc-adsp: Direct firmware load for adsp.b07 failed with error -2
[    8.045186] qcom_q6v5_pas 3000000.remoteproc-adsp: Falling back to sysfs fallback for: adsp.b07
[    8.045334] qcom_spss 188101c.remoteproc-spss: SW_INIT_DONE - 2nd phase loading [188101c.remoteproc-spss] completed ok
[    8.045353] qcom_spss 188101c.remoteproc-spss: PBL_DONE - 1st phase loading [188101c.remoteproc-spss] completed ok
[    8.045363] qcom_spss 188101c.remoteproc-spss: Iteration: [0x0], Debug Data1: [0x105], Debug Data2: [0xc2]
[    8.045370] qcom_spss 188101c.remoteproc-spss: Iteration: [0x1], Debug Data1: [0x5554], Debug Data2: [0xf004]
[    8.045374] qcom_spss 188101c.remoteproc-spss: Iteration: [0x2], Debug Data1: [0x6], Debug Data2: [0x0]
[    8.046760] qcom_q6v5_pas 3000000.remoteproc-adsp: loading /vendor/firmware_mnt/image/adsp.b08 failed with error -13
[    8.046763] qcom_q6v5_pas 3000000.remoteproc-adsp: loading /vendor/firmware_mnt/image/kiwi/adsp.b08 failed with error -13
[    8.046778] qcom_q6v5_pas 3000000.remoteproc-adsp: Direct firmware load for adsp.b08 failed with error -2
[    8.046779] qcom_q6v5_pas 3000000.remoteproc-adsp: Falling back to sysfs fallback for: adsp.b08
[    8.048736] spss_utils [spss_utils_rproc_callback]: QCOM_SSR_AFTER_POWERUP] event.
[    8.048751] remoteproc remoteproc1: remote processor 188101c.remoteproc-spss is now attached
[    8.048753] spcom:spcom_ioctl_handle_restart_spu_command: FW loading process is complete
[    8.049040] qcom_q6v5_pas 3000000.remoteproc-adsp: loading /vendor/firmware_mnt/image/adsp.b09 failed with error -13
[    8.049043] qcom_q6v5_pas 3000000.remoteproc-adsp: loading /vendor/firmware_mnt/image/kiwi/adsp.b09 failed with error -13
[    8.049060] qcom_q6v5_pas 3000000.remoteproc-adsp: Direct firmware load for adsp.b09 failed with error -2
[    8.049062] qcom_q6v5_pas 3000000.remoteproc-adsp: Falling back to sysfs fallback for: adsp.b09
[    8.052403] qcom_q6v5_pas 3000000.remoteproc-adsp: loading /vendor/firmware_mnt/image/adsp.b10 failed with error -13
[    8.052406] qcom_q6v5_pas 3000000.remoteproc-adsp: loading /vendor/firmware_mnt/image/kiwi/adsp.b10 failed with error -13
[    8.052424] qcom_q6v5_pas 3000000.remoteproc-adsp: Direct firmware load for adsp.b10 failed with error -2
[    8.052425] qcom_q6v5_pas 3000000.remoteproc-adsp: Falling back to sysfs fallback for: adsp.b10
[    8.054601] msm_mpss: [parse_devicetree]rproc phandle not ready
[    8.054604] system_health_monitor_probe Failed to parse Device Tree
[    8.054745] qcom_q6v5_pas 3000000.remoteproc-adsp: loading /vendor/firmware_mnt/image/adsp.b11 failed with error -13
[    8.054749] qcom_q6v5_pas 3000000.remoteproc-adsp: loading /vendor/firmware_mnt/image/kiwi/adsp.b11 failed with error -13
[    8.054768] qcom_q6v5_pas 3000000.remoteproc-adsp: Direct firmware load for adsp.b11 failed with error -2
[    8.054769] qcom_q6v5_pas 3000000.remoteproc-adsp: Falling back to sysfs fallback for: adsp.b11
[    8.054873] cdsp-loader soc:qcom,msm-cdsp-loader: cdsp_loader_probe: rproc not found
[    8.054965] spcom:spcom_rpdev_probe: Signal link up
[    8.055145] msm_mpss: [parse_devicetree]rproc phandle not ready
[    8.055147] system_health_monitor_probe Failed to parse Device Tree
[    8.055227] cdsp-loader soc:qcom,msm-cdsp-loader: cdsp_loader_probe: rproc not found
[    8.056217] msm_mpss: [parse_devicetree]rproc phandle not ready
[    8.056219] system_health_monitor_probe Failed to parse Device Tree
[    8.056299] cdsp-loader soc:qcom,msm-cdsp-loader: cdsp_loader_probe: rproc not found
[    8.057509] qcom_q6v5_pas 3000000.remoteproc-adsp: loading /vendor/firmware_mnt/image/adsp.b12 failed with error -13
[    8.057513] qcom_q6v5_pas 3000000.remoteproc-adsp: loading /vendor/firmware_mnt/image/kiwi/adsp.b12 failed with error -13
[    8.057529] qcom_q6v5_pas 3000000.remoteproc-adsp: Direct firmware load for adsp.b12 failed with error -2
[    8.057530] qcom_q6v5_pas 3000000.remoteproc-adsp: Falling back to sysfs fallback for: adsp.b12
[    8.058804] qcom_q6v5_pas 3000000.remoteproc-adsp: loading /vendor/firmware_mnt/image/adsp.b13 failed with error -13
[    8.058808] qcom_q6v5_pas 3000000.remoteproc-adsp: loading /vendor/firmware_mnt/image/kiwi/adsp.b13 failed with error -13
[    8.058823] qcom_q6v5_pas 3000000.remoteproc-adsp: Direct firmware load for adsp.b13 failed with error -2
[    8.058824] qcom_q6v5_pas 3000000.remoteproc-adsp: Falling back to sysfs fallback for: adsp.b13
[    8.059769] qcom_q6v5_pas 3000000.remoteproc-adsp: loading /vendor/firmware_mnt/image/adsp.b14 failed with error -13
[    8.059772] qcom_q6v5_pas 3000000.remoteproc-adsp: loading /vendor/firmware_mnt/image/kiwi/adsp.b14 failed with error -13
[    8.059787] qcom_q6v5_pas 3000000.remoteproc-adsp: Direct firmware load for adsp.b14 failed with error -2
[    8.059788] qcom_q6v5_pas 3000000.remoteproc-adsp: Falling back to sysfs fallback for: adsp.b14
[    8.061427] qcom_q6v5_pas 3000000.remoteproc-adsp: loading /vendor/firmware_mnt/image/adsp.b15 failed with error -13
[    8.061432] qcom_q6v5_pas 3000000.remoteproc-adsp: loading /vendor/firmware_mnt/image/kiwi/adsp.b15 failed with error -13
[    8.061447] qcom_q6v5_pas 3000000.remoteproc-adsp: Direct firmware load for adsp.b15 failed with error -2
[    8.061448] qcom_q6v5_pas 3000000.remoteproc-adsp: Falling back to sysfs fallback for: adsp.b15
[    8.065923] smcinvoke: process_accept_req: Setting pid:1407, server id : 31 state to defunct
[    8.066400] smcinvoke: process_accept_req: Setting pid:1406, server id : 31 state to defunct
[    8.066489] smcinvoke: process_accept_req: Setting pid:1405, server id : 31 state to defunct
[    8.066594] smcinvoke: process_accept_req: Setting pid:1404, server id : 31 state to defunct
[    8.066792] qcom_q6v5_pas 3000000.remoteproc-adsp: loading /vendor/firmware_mnt/image/adsp.b16 failed with error -13
[    8.066796] qcom_q6v5_pas 3000000.remoteproc-adsp: loading /vendor/firmware_mnt/image/kiwi/adsp.b16 failed with error -13
[    8.066814] qcom_q6v5_pas 3000000.remoteproc-adsp: Direct firmware load for adsp.b16 failed with error -2
[    8.066816] qcom_q6v5_pas 3000000.remoteproc-adsp: Falling back to sysfs fallback for: adsp.b16
[    8.069469] smcinvoke: prepare_send_scm_msg: Secure side is busy,will retry after 30 ms, retry_count = 0
[    8.070107] qcom_q6v5_pas 3000000.remoteproc-adsp: loading /vendor/firmware_mnt/image/adsp.b17 failed with error -13
[    8.070111] qcom_q6v5_pas 3000000.remoteproc-adsp: loading /vendor/firmware_mnt/image/kiwi/adsp.b17 failed with error -13
[    8.070127] qcom_q6v5_pas 3000000.remoteproc-adsp: Direct firmware load for adsp.b17 failed with error -2
[    8.070129] qcom_q6v5_pas 3000000.remoteproc-adsp: Falling back to sysfs fallback for: adsp.b17
[    8.082427] qcom_q6v5_pas 3000000.remoteproc-adsp: loading /vendor/firmware_mnt/image/adsp.b18 failed with error -13
[    8.082433] qcom_q6v5_pas 3000000.remoteproc-adsp: loading /vendor/firmware_mnt/image/kiwi/adsp.b18 failed with error -13
[    8.082461] qcom_q6v5_pas 3000000.remoteproc-adsp: Direct firmware load for adsp.b18 failed with error -2
[    8.082462] qcom_q6v5_pas 3000000.remoteproc-adsp: Falling back to sysfs fallback for: adsp.b18
[    8.088207] qcom_q6v5_pas 3000000.remoteproc-adsp: loading /vendor/firmware_mnt/image/adsp.b19 failed with error -13
[    8.088213] qcom_q6v5_pas 3000000.remoteproc-adsp: loading /vendor/firmware_mnt/image/kiwi/adsp.b19 failed with error -13
[    8.088233] qcom_q6v5_pas 3000000.remoteproc-adsp: Direct firmware load for adsp.b19 failed with error -2
[    8.088235] qcom_q6v5_pas 3000000.remoteproc-adsp: Falling back to sysfs fallback for: adsp.b19
[    8.092027] qcom_q6v5_pas 3000000.remoteproc-adsp: loading /vendor/firmware_mnt/image/adsp.b20 failed with error -13
[    8.092032] qcom_q6v5_pas 3000000.remoteproc-adsp: loading /vendor/firmware_mnt/image/kiwi/adsp.b20 failed with error -13
[    8.092360] qcom_q6v5_pas 3000000.remoteproc-adsp: Direct firmware load for adsp.b20 failed with error -2
[    8.092363] qcom_q6v5_pas 3000000.remoteproc-adsp: Falling back to sysfs fallback for: adsp.b20
[    8.094774] qcom_q6v5_pas 3000000.remoteproc-adsp: loading /vendor/firmware_mnt/image/adsp.b21 failed with error -13
[    8.094778] qcom_q6v5_pas 3000000.remoteproc-adsp: loading /vendor/firmware_mnt/image/kiwi/adsp.b21 failed with error -13
[    8.094796] qcom_q6v5_pas 3000000.remoteproc-adsp: Direct firmware load for adsp.b21 failed with error -2
[    8.094797] qcom_q6v5_pas 3000000.remoteproc-adsp: Falling back to sysfs fallback for: adsp.b21
[    8.100227] Info: adsprpc (6598): hexlpservice: fastrpc_set_process_info: HLOS pid 1453, cid 3 is mapped to unique sessions pid 3
[    8.100257] Error: adsprpc (4689): hexlpservice: fastrpc_get_info_from_dsp: could not obtain dsp information, err val -111
[    8.100297] Info: adsprpc (6598): hexlpservice: fastrpc_set_process_info: HLOS pid 1453, cid 3 is mapped to unique sessions pid 3
[    8.107395] msm_mpss: [parse_devicetree]rproc phandle not ready
[    8.107398] system_health_monitor_probe Failed to parse Device Tree
[    8.107612] cdsp-loader soc:qcom,msm-cdsp-loader: cdsp_loader_probe: rproc not found
[    8.108804] Info: adsprpc (6598): hexlpservice: fastrpc_set_process_info: HLOS pid 1453, cid 3 is mapped to unique sessions pid 3
[    8.109210] qcom_q6v5_pas 3000000.remoteproc-adsp: loading /vendor/firmware_mnt/image/adsp.b22 failed with error -13
[    8.109213] qcom_q6v5_pas 3000000.remoteproc-adsp: loading /vendor/firmware_mnt/image/kiwi/adsp.b22 failed with error -13
[    8.109239] qcom_q6v5_pas 3000000.remoteproc-adsp: Direct firmware load for adsp.b22 failed with error -2
[    8.109241] qcom_q6v5_pas 3000000.remoteproc-adsp: Falling back to sysfs fallback for: adsp.b22
[    8.115632] smcinvoke: process_accept_req: Setting pid:1436, server id : 35 state to defunct
[    8.115712] smcinvoke: process_accept_req: Setting pid:1434, server id : 35 state to defunct
[    8.116254] smcinvoke: process_accept_req: Setting pid:1432, server id : 35 state to defunct
[    8.116323] smcinvoke: process_accept_req: Setting pid:1430, server id : 35 state to defunct
[    8.123231] qcom_q6v5_pas 3000000.remoteproc-adsp: loading /vendor/firmware_mnt/image/adsp.b23 failed with error -13
[    8.123236] qcom_q6v5_pas 3000000.remoteproc-adsp: loading /vendor/firmware_mnt/image/kiwi/adsp.b23 failed with error -13
[    8.123257] qcom_q6v5_pas 3000000.remoteproc-adsp: Direct firmware load for adsp.b23 failed with error -2
[    8.123260] qcom_q6v5_pas 3000000.remoteproc-adsp: Falling back to sysfs fallback for: adsp.b23
[    8.130552] qcom_q6v5_pas 3000000.remoteproc-adsp: loading /vendor/firmware_mnt/image/adsp.b25 failed with error -13
[    8.130557] qcom_q6v5_pas 3000000.remoteproc-adsp: loading /vendor/firmware_mnt/image/kiwi/adsp.b25 failed with error -13
[    8.130584] qcom_q6v5_pas 3000000.remoteproc-adsp: Direct firmware load for adsp.b25 failed with error -2
[    8.130586] qcom_q6v5_pas 3000000.remoteproc-adsp: Falling back to sysfs fallback for: adsp.b25
[    8.130840] type=1400 audit(1785263248.864:43): avc:  denied  { read } for  comm="vendor.qti.hard" name="u:object_r:vendor_cap_configstore_dbg_prop:s0" dev="tmpfs" ino=383 scontext=u:r:vendor_hal_capabilityconfigstore_qti_default:s0 tcontext=u:object_r:vendor_cap_configstore_dbg_prop:s0 tclass=file permissive=0
[    8.136946] qcom_q6v5_pas 3000000.remoteproc-adsp: loading /vendor/firmware_mnt/image/adsp.b26 failed with error -13
[    8.136952] qcom_q6v5_pas 3000000.remoteproc-adsp: loading /vendor/firmware_mnt/image/kiwi/adsp.b26 failed with error -13
[    8.136971] qcom_q6v5_pas 3000000.remoteproc-adsp: Direct firmware load for adsp.b26 failed with error -2
[    8.136973] qcom_q6v5_pas 3000000.remoteproc-adsp: Falling back to sysfs fallback for: adsp.b26
[    8.139809] type=1400 audit(1785263248.872:44): avc:  denied  { read } for  comm="vendor.qti.hard" name="display" dev="sysfs" ino=61823 scontext=u:r:vendor_hal_perf_default:s0 tcontext=u:object_r:vendor_sys_nonsp_comp:s0 tclass=file permissive=0
[    8.139832] type=1400 audit(1785263248.872:45): avc:  denied  { read } for  comm="vendor.qti.hard" name="gpu" dev="sysfs" ino=61820 scontext=u:r:vendor_hal_perf_default:s0 tcontext=u:object_r:vendor_sys_sp_comp:s0 tclass=file permissive=0
[    8.156170] qcom_q6v5_pas 3000000.remoteproc-adsp: loading /vendor/firmware_mnt/image/adsp.b27 failed with error -13
[    8.156177] qcom_q6v5_pas 3000000.remoteproc-adsp: loading /vendor/firmware_mnt/image/kiwi/adsp.b27 failed with error -13
[    8.156204] qcom_q6v5_pas 3000000.remoteproc-adsp: Direct firmware load for adsp.b27 failed with error -2
[    8.156206] qcom_q6v5_pas 3000000.remoteproc-adsp: Falling back to sysfs fallback for: adsp.b27
[    8.157066] msm_mpss: [parse_devicetree]rproc phandle not ready
[    8.157070] system_health_monitor_probe Failed to parse Device Tree
[    8.157447] cdsp-loader soc:qcom,msm-cdsp-loader: cdsp_loader_probe: rproc not found
[    8.159319] kgsl-3d 3d00000.qcom,kgsl-3d0: loading /vendor/firmware_mnt/image/gen70900_sqe.fw failed with error -13
[    8.159323] kgsl-3d 3d00000.qcom,kgsl-3d0: loading /vendor/firmware_mnt/image/kiwi/gen70900_sqe.fw failed with error -13
[    8.160134] kgsl-3d 3d00000.qcom,kgsl-3d0: loading /vendor/firmware_mnt/image/gen70900_aqe.fw failed with error -13
[    8.160137] kgsl-3d 3d00000.qcom,kgsl-3d0: loading /vendor/firmware_mnt/image/kiwi/gen70900_aqe.fw failed with error -13
[    8.160394] adreno-gen7-gmu 3d68000.qcom,gmu: loading /vendor/firmware_mnt/image/gmu_gen70900.bin failed with error -13
[    8.160397] adreno-gen7-gmu 3d68000.qcom,gmu: loading /vendor/firmware_mnt/image/kiwi/gmu_gen70900.bin failed with error -13
[    8.160733] qcom_q6v5_pas 3000000.remoteproc-adsp: loading /vendor/firmware_mnt/image/adsp.b28 failed with error -13
[    8.160737] qcom_q6v5_pas 3000000.remoteproc-adsp: loading /vendor/firmware_mnt/image/kiwi/adsp.b28 failed with error -13
[    8.160753] qcom_q6v5_pas 3000000.remoteproc-adsp: Direct firmware load for adsp.b28 failed with error -2
[    8.160755] qcom_q6v5_pas 3000000.remoteproc-adsp: Falling back to sysfs fallback for: adsp.b28
[    8.166027] qcom_q6v5_pas 3000000.remoteproc-adsp: loading /vendor/firmware_mnt/image/adsp.b29 failed with error -13
[    8.166031] qcom_q6v5_pas 3000000.remoteproc-adsp: loading /vendor/firmware_mnt/image/kiwi/adsp.b29 failed with error -13
[    8.166054] qcom_q6v5_pas 3000000.remoteproc-adsp: Direct firmware load for adsp.b29 failed with error -2
[    8.166055] qcom_q6v5_pas 3000000.remoteproc-adsp: Falling back to sysfs fallback for: adsp.b29
[    8.170231] qcom_q6v5_pas 3000000.remoteproc-adsp: loading /vendor/firmware_mnt/image/adsp.b30 failed with error -13
[    8.170235] qcom_q6v5_pas 3000000.remoteproc-adsp: loading /vendor/firmware_mnt/image/kiwi/adsp.b30 failed with error -13
[    8.170278] qcom_q6v5_pas 3000000.remoteproc-adsp: Direct firmware load for adsp.b30 failed with error -2
[    8.170280] qcom_q6v5_pas 3000000.remoteproc-adsp: Falling back to sysfs fallback for: adsp.b30
[    8.170374] kgsl kgsl-3d0: HW fences not supported: -19
[    8.171041] smcinvoke: process_accept_req: Setting pid:1507, server id : 39 state to defunct
[    8.171183] smcinvoke: process_accept_req: Setting pid:1506, server id : 39 state to defunct
[    8.181108] binder: 752:752 transaction credentials failed
[    8.181112] binder: 752:752 transaction async to 1466:0 failed 1074/29201/-1, size 184-8 line 3284
[    8.181131] qcom_q6v5_pas 3000000.remoteproc-adsp: loading /vendor/firmware_mnt/image/adsp.b31 failed with error -13
[    8.181135] qcom_q6v5_pas 3000000.remoteproc-adsp: loading /vendor/firmware_mnt/image/kiwi/adsp.b31 failed with error -13
[    8.181154] qcom_q6v5_pas 3000000.remoteproc-adsp: Direct firmware load for adsp.b31 failed with error -2
[    8.181156] qcom_q6v5_pas 3000000.remoteproc-adsp: Falling back to sysfs fallback for: adsp.b31
[    8.181294] type=1400 audit(1785263248.916:46): avc:  denied  { call } for  comm="servicemanager" scontext=u:r:servicemanager:s0 tcontext=u:r:vendor_hal_poweroptservice_qti:s0 tclass=binder permissive=0
[    8.185283] qcom_q6v5_pas 3000000.remoteproc-adsp: loading /vendor/firmware_mnt/image/adsp.b32 failed with error -13
[    8.185289] qcom_q6v5_pas 3000000.remoteproc-adsp: loading /vendor/firmware_mnt/image/kiwi/adsp.b32 failed with error -13
[    8.185312] qcom_q6v5_pas 3000000.remoteproc-adsp: Direct firmware load for adsp.b32 failed with error -2
[    8.185314] qcom_q6v5_pas 3000000.remoteproc-adsp: Falling back to sysfs fallback for: adsp.b32
[    8.186394] type=1400 audit(1785263248.920:47): avc:  denied  { read } for  comm="Loc_hal_worker" name="u:object_r:vendor_qc_aon_prop:s0" dev="tmpfs" ino=450 scontext=u:r:vendor_hal_gnss_qti:s0 tcontext=u:object_r:vendor_qc_aon_prop:s0 tclass=file permissive=0
[    8.190120] qcom_q6v5_pas 3000000.remoteproc-adsp: loading /vendor/firmware_mnt/image/adsp.b33 failed with error -13
[    8.190125] qcom_q6v5_pas 3000000.remoteproc-adsp: loading /vendor/firmware_mnt/image/kiwi/adsp.b33 failed with error -13
[    8.190144] qcom_q6v5_pas 3000000.remoteproc-adsp: Direct firmware load for adsp.b33 failed with error -2
[    8.190146] qcom_q6v5_pas 3000000.remoteproc-adsp: Falling back to sysfs fallback for: adsp.b33
[    8.195410] qcom_q6v5_pas 3000000.remoteproc-adsp: loading /vendor/firmware_mnt/image/adsp.b34 failed with error -13
[    8.195414] qcom_q6v5_pas 3000000.remoteproc-adsp: loading /vendor/firmware_mnt/image/kiwi/adsp.b34 failed with error -13
[    8.195432] qcom_q6v5_pas 3000000.remoteproc-adsp: Direct firmware load for adsp.b34 failed with error -2
[    8.195434] qcom_q6v5_pas 3000000.remoteproc-adsp: Falling back to sysfs fallback for: adsp.b34
[    8.198023] rmt_storage:INFO:main: Done with init now waiting for messages!
[    8.203790] kgsl-3d 3d00000.qcom,kgsl-3d0: loading /vendor/firmware_mnt/image/gen70900_zap.mbn failed with error -13
[    8.203803] kgsl-3d 3d00000.qcom,kgsl-3d0: loading /vendor/firmware_mnt/image/kiwi/gen70900_zap.mbn failed with error -13
[    8.206468] qcom_q6v5_pas 3000000.remoteproc-adsp: loading /vendor/firmware_mnt/image/adsp.b35 failed with error -13
[    8.206473] qcom_q6v5_pas 3000000.remoteproc-adsp: loading /vendor/firmware_mnt/image/kiwi/adsp.b35 failed with error -13
[    8.206495] qcom_q6v5_pas 3000000.remoteproc-adsp: Direct firmware load for adsp.b35 failed with error -2
[    8.206497] qcom_q6v5_pas 3000000.remoteproc-adsp: Falling back to sysfs fallback for: adsp.b35
[    8.208181] qcom_q6v5_pas 3000000.remoteproc-adsp: loading /vendor/firmware_mnt/image/adsp.b36 failed with error -13
[    8.208186] qcom_q6v5_pas 3000000.remoteproc-adsp: loading /vendor/firmware_mnt/image/kiwi/adsp.b36 failed with error -13
[    8.208203] qcom_q6v5_pas 3000000.remoteproc-adsp: Direct firmware load for adsp.b36 failed with error -2
[    8.208205] qcom_q6v5_pas 3000000.remoteproc-adsp: Falling back to sysfs fallback for: adsp.b36
[    8.210491] qcom_q6v5_pas 3000000.remoteproc-adsp: loading /vendor/firmware_mnt/image/adsp.b37 failed with error -13
[    8.210495] qcom_q6v5_pas 3000000.remoteproc-adsp: loading /vendor/firmware_mnt/image/kiwi/adsp.b37 failed with error -13
[    8.210516] qcom_q6v5_pas 3000000.remoteproc-adsp: Direct firmware load for adsp.b37 failed with error -2
[    8.210518] qcom_q6v5_pas 3000000.remoteproc-adsp: Falling back to sysfs fallback for: adsp.b37
[    8.212263] qcom_q6v5_pas 3000000.remoteproc-adsp: loading /vendor/firmware_mnt/image/adsp.b38 failed with error -13
[    8.212267] qcom_q6v5_pas 3000000.remoteproc-adsp: loading /vendor/firmware_mnt/image/kiwi/adsp.b38 failed with error -13
[    8.212286] qcom_q6v5_pas 3000000.remoteproc-adsp: Direct firmware load for adsp.b38 failed with error -2
[    8.212288] qcom_q6v5_pas 3000000.remoteproc-adsp: Falling back to sysfs fallback for: adsp.b38
[    8.216906] qcom_q6v5_pas 3000000.remoteproc-adsp: loading /vendor/firmware_mnt/image/adsp.b39 failed with error -13
[    8.216912] qcom_q6v5_pas 3000000.remoteproc-adsp: loading /vendor/firmware_mnt/image/kiwi/adsp.b39 failed with error -13
[    8.216931] qcom_q6v5_pas 3000000.remoteproc-adsp: Direct firmware load for adsp.b39 failed with error -2
[    8.216932] qcom_q6v5_pas 3000000.remoteproc-adsp: Falling back to sysfs fallback for: adsp.b39
[    8.218120] qcom_q6v5_pas 3000000.remoteproc-adsp: loading /vendor/firmware_mnt/image/adsp.b40 failed with error -13
[    8.218124] qcom_q6v5_pas 3000000.remoteproc-adsp: loading /vendor/firmware_mnt/image/kiwi/adsp.b40 failed with error -13
[    8.218139] qcom_q6v5_pas 3000000.remoteproc-adsp: Direct firmware load for adsp.b40 failed with error -2
[    8.218141] qcom_q6v5_pas 3000000.remoteproc-adsp: Falling back to sysfs fallback for: adsp.b40
[    8.220571] qcom_q6v5_pas 3000000.remoteproc-adsp: loading /vendor/firmware_mnt/image/adsp.b41 failed with error -13
[    8.220575] qcom_q6v5_pas 3000000.remoteproc-adsp: loading /vendor/firmware_mnt/image/kiwi/adsp.b41 failed with error -13
[    8.220651] qcom_q6v5_pas 3000000.remoteproc-adsp: Direct firmware load for adsp.b41 failed with error -2
[    8.220653] qcom_q6v5_pas 3000000.remoteproc-adsp: Falling back to sysfs fallback for: adsp.b41
[    8.225155] qcom_q6v5_pas 3000000.remoteproc-adsp: loading /vendor/firmware_mnt/image/adsp.b42 failed with error -13
[    8.225159] qcom_q6v5_pas 3000000.remoteproc-adsp: loading /vendor/firmware_mnt/image/kiwi/adsp.b42 failed with error -13
[    8.225176] qcom_q6v5_pas 3000000.remoteproc-adsp: Direct firmware load for adsp.b42 failed with error -2
[    8.225178] qcom_q6v5_pas 3000000.remoteproc-adsp: Falling back to sysfs fallback for: adsp.b42
[    8.227454] qcom_q6v5_pas 3000000.remoteproc-adsp: loading /vendor/firmware_mnt/image/adsp.b43 failed with error -13
[    8.227458] qcom_q6v5_pas 3000000.remoteproc-adsp: loading /vendor/firmware_mnt/image/kiwi/adsp.b43 failed with error -13
[    8.227474] qcom_q6v5_pas 3000000.remoteproc-adsp: Direct firmware load for adsp.b43 failed with error -2
[    8.227476] qcom_q6v5_pas 3000000.remoteproc-adsp: Falling back to sysfs fallback for: adsp.b43
[    8.246566] qcom_q6v5_pas 3000000.remoteproc-adsp: loading /vendor/firmware_mnt/image/adsp.b44 failed with error -13
[    8.246572] qcom_q6v5_pas 3000000.remoteproc-adsp: loading /vendor/firmware_mnt/image/kiwi/adsp.b44 failed with error -13
[    8.246592] qcom_q6v5_pas 3000000.remoteproc-adsp: Direct firmware load for adsp.b44 failed with error -2
[    8.246594] qcom_q6v5_pas 3000000.remoteproc-adsp: Falling back to sysfs fallback for: adsp.b44
[    8.253837] qcom_q6v5_pas 3000000.remoteproc-adsp: loading /vendor/firmware_mnt/image/adsp.b45 failed with error -13
[    8.253844] qcom_q6v5_pas 3000000.remoteproc-adsp: loading /vendor/firmware_mnt/image/kiwi/adsp.b45 failed with error -13
[    8.253864] qcom_q6v5_pas 3000000.remoteproc-adsp: Direct firmware load for adsp.b45 failed with error -2
[    8.253866] qcom_q6v5_pas 3000000.remoteproc-adsp: Falling back to sysfs fallback for: adsp.b45
[    8.255005] qcom_q6v5_pas 3000000.remoteproc-adsp: loading /vendor/firmware_mnt/image/adsp.b46 failed with error -13
[    8.255010] qcom_q6v5_pas 3000000.remoteproc-adsp: loading /vendor/firmware_mnt/image/kiwi/adsp.b46 failed with error -13
[    8.255403] qcom_q6v5_pas 3000000.remoteproc-adsp: Direct firmware load for adsp.b46 failed with error -2
[    8.255406] qcom_q6v5_pas 3000000.remoteproc-adsp: Falling back to sysfs fallback for: adsp.b46
[    8.258180] qcom_q6v5_pas 3000000.remoteproc-adsp: loading /vendor/firmware_mnt/image/adsp.b47 failed with error -13
[    8.258185] qcom_q6v5_pas 3000000.remoteproc-adsp: loading /vendor/firmware_mnt/image/kiwi/adsp.b47 failed with error -13
[    8.258204] qcom_q6v5_pas 3000000.remoteproc-adsp: Direct firmware load for adsp.b47 failed with error -2
[    8.258206] qcom_q6v5_pas 3000000.remoteproc-adsp: Falling back to sysfs fallback for: adsp.b47
[    8.263281] qcom_q6v5_pas 3000000.remoteproc-adsp: loading /vendor/firmware_mnt/image/adsp.b48 failed with error -13
[    8.263285] qcom_q6v5_pas 3000000.remoteproc-adsp: loading /vendor/firmware_mnt/image/kiwi/adsp.b48 failed with error -13
[    8.263302] qcom_q6v5_pas 3000000.remoteproc-adsp: Direct firmware load for adsp.b48 failed with error -2
[    8.263303] qcom_q6v5_pas 3000000.remoteproc-adsp: Falling back to sysfs fallback for: adsp.b48
[    8.264828] qcom_q6v5_pas 3000000.remoteproc-adsp: loading /vendor/firmware_mnt/image/adsp.b49 failed with error -13
[    8.264833] qcom_q6v5_pas 3000000.remoteproc-adsp: loading /vendor/firmware_mnt/image/kiwi/adsp.b49 failed with error -13
[    8.264849] qcom_q6v5_pas 3000000.remoteproc-adsp: Direct firmware load for adsp.b49 failed with error -2
[    8.264850] qcom_q6v5_pas 3000000.remoteproc-adsp: Falling back to sysfs fallback for: adsp.b49
[    8.266466] qcom_q6v5_pas 3000000.remoteproc-adsp: loading /vendor/firmware_mnt/image/adsp.b50 failed with error -13
[    8.266470] qcom_q6v5_pas 3000000.remoteproc-adsp: loading /vendor/firmware_mnt/image/kiwi/adsp.b50 failed with error -13
[    8.266486] qcom_q6v5_pas 3000000.remoteproc-adsp: Direct firmware load for adsp.b50 failed with error -2
[    8.266487] qcom_q6v5_pas 3000000.remoteproc-adsp: Falling back to sysfs fallback for: adsp.b50
[    8.268903] qcom_q6v5_pas 3000000.remoteproc-adsp: loading /vendor/firmware_mnt/image/adsp.b51 failed with error -13
[    8.268907] qcom_q6v5_pas 3000000.remoteproc-adsp: loading /vendor/firmware_mnt/image/kiwi/adsp.b51 failed with error -13
[    8.268923] qcom_q6v5_pas 3000000.remoteproc-adsp: Direct firmware load for adsp.b51 failed with error -2
[    8.268924] qcom_q6v5_pas 3000000.remoteproc-adsp: Falling back to sysfs fallback for: adsp.b51
[    8.269997] qcom_q6v5_pas 3000000.remoteproc-adsp: loading /vendor/firmware_mnt/image/adsp.b52 failed with error -13
[    8.270000] qcom_q6v5_pas 3000000.remoteproc-adsp: loading /vendor/firmware_mnt/image/kiwi/adsp.b52 failed with error -13
[    8.270015] qcom_q6v5_pas 3000000.remoteproc-adsp: Direct firmware load for adsp.b52 failed with error -2
[    8.270016] qcom_q6v5_pas 3000000.remoteproc-adsp: Falling back to sysfs fallback for: adsp.b52
[    8.270724] msm_vidc:     fw: <VFW_E:HostDr:unkn:--------:--> VenusHostDriver_ParseC2SysPacket(897): QC_IMAGE_VERSION_STRING=video-firmware.3.4-83d88af7b6539e38cac2aa5dc1fe19c760da2b16
[    8.270729] msm_vidc:     fw: <VFW_E:HostDr:unkn:--------:--> VenusHostDriver_ParseC2SysPacket(898): IMAGE_VARIANT_STRING=PROD
[    8.270732] msm_vidc:     fw: <VFW_E:HostDr:unkn:--------:--> VenusHostDriver_ParseC2SysPacket(899): OEM_IMAGE_VERSION_STRING=hyd-lablnx446
[    8.270735] msm_vidc:     fw: <VFW_E:HostDr:unkn:--------:--> VenusHostDriver_ParseC2SysPacket(900): BUILD_TIME: Jul 24 2024 13:35:23
[    8.272745] qcom_q6v5_pas 3000000.remoteproc-adsp: loading /vendor/firmware_mnt/image/adsp.b53 failed with error -13
[    8.272748] qcom_q6v5_pas 3000000.remoteproc-adsp: loading /vendor/firmware_mnt/image/kiwi/adsp.b53 failed with error -13
[    8.272764] qcom_q6v5_pas 3000000.remoteproc-adsp: Direct firmware load for adsp.b53 failed with error -2
[    8.272766] qcom_q6v5_pas 3000000.remoteproc-adsp: Falling back to sysfs fallback for: adsp.b53
[    8.273005] msm_vidc:     fw: <VFW_E:HostDr:unkn:--------:--> VenusHostDriver_ParseC2SysPacket(897): QC_IMAGE_VERSION_STRING=video-firmware.3.4-83d88af7b6539e38cac2aa5dc1fe19c760da2b16
[    8.273009] msm_vidc:     fw: <VFW_E:HostDr:unkn:--------:--> VenusHostDriver_ParseC2SysPacket(898): IMAGE_VARIANT_STRING=PROD
[    8.273012] msm_vidc:     fw: <VFW_E:HostDr:unkn:--------:--> VenusHostDriver_ParseC2SysPacket(899): OEM_IMAGE_VERSION_STRING=hyd-lablnx446
[    8.273015] msm_vidc:     fw: <VFW_E:HostDr:unkn:--------:--> VenusHostDriver_ParseC2SysPacket(900): BUILD_TIME: Jul 24 2024 13:35:23
[    8.274004] qcom_q6v5_pas 3000000.remoteproc-adsp: loading /vendor/firmware_mnt/image/adsp.b54 failed with error -13
[    8.274007] qcom_q6v5_pas 3000000.remoteproc-adsp: loading /vendor/firmware_mnt/image/kiwi/adsp.b54 failed with error -13
[    8.274021] qcom_q6v5_pas 3000000.remoteproc-adsp: Direct firmware load for adsp.b54 failed with error -2
[    8.274022] qcom_q6v5_pas 3000000.remoteproc-adsp: Falling back to sysfs fallback for: adsp.b54
[    8.274795] msm_vidc:     fw: <VFW_E:HostDr:unkn:--------:--> VenusHostDriver_ParseC2SysPacket(897): QC_IMAGE_VERSION_STRING=video-firmware.3.4-83d88af7b6539e38cac2aa5dc1fe19c760da2b16
[    8.274798] msm_vidc:     fw: <VFW_E:HostDr:unkn:--------:--> VenusHostDriver_ParseC2SysPacket(898): IMAGE_VARIANT_STRING=PROD
[    8.274801] msm_vidc:     fw: <VFW_E:HostDr:unkn:--------:--> VenusHostDriver_ParseC2SysPacket(899): OEM_IMAGE_VERSION_STRING=hyd-lablnx446
[    8.274804] msm_vidc:     fw: <VFW_E:HostDr:unkn:--------:--> VenusHostDriver_ParseC2SysPacket(900): BUILD_TIME: Jul 24 2024 13:35:23
[    8.276011] msm_vidc:     fw: <VFW_E:HostDr:unkn:--------:--> VenusHostDriver_ParseC2SysPacket(897): QC_IMAGE_VERSION_STRING=video-firmware.3.4-83d88af7b6539e38cac2aa5dc1fe19c760da2b16
[    8.276015] msm_vidc:     fw: <VFW_E:HostDr:unkn:--------:--> VenusHostDriver_ParseC2SysPacket(898): IMAGE_VARIANT_STRING=PROD
[    8.276018] msm_vidc:     fw: <VFW_E:HostDr:unkn:--------:--> VenusHostDriver_ParseC2SysPacket(899): OEM_IMAGE_VERSION_STRING=hyd-lablnx446
[    8.276021] msm_vidc:     fw: <VFW_E:HostDr:unkn:--------:--> VenusHostDriver_ParseC2SysPacket(900): BUILD_TIME: Jul 24 2024 13:35:23
[    8.277688] msm_vidc:     fw: <VFW_E:HostDr:unkn:--------:--> VenusHostDriver_ParseC2SysPacket(897): QC_IMAGE_VERSION_STRING=video-firmware.3.4-83d88af7b6539e38cac2aa5dc1fe19c760da2b16
[    8.277691] msm_vidc:     fw: <VFW_E:HostDr:unkn:--------:--> VenusHostDriver_ParseC2SysPacket(898): IMAGE_VARIANT_STRING=PROD
[    8.277694] msm_vidc:     fw: <VFW_E:HostDr:unkn:--------:--> VenusHostDriver_ParseC2SysPacket(899): OEM_IMAGE_VERSION_STRING=hyd-lablnx446
[    8.277696] msm_vidc:     fw: <VFW_E:HostDr:unkn:--------:--> VenusHostDriver_ParseC2SysPacket(900): BUILD_TIME: Jul 24 2024 13:35:23
[    8.279423] msm_vidc:     fw: <VFW_E:HostDr:unkn:--------:--> VenusHostDriver_ParseC2SysPacket(897): QC_IMAGE_VERSION_STRING=video-firmware.3.4-83d88af7b6539e38cac2aa5dc1fe19c760da2b16
[    8.279427] msm_vidc:     fw: <VFW_E:HostDr:unkn:--------:--> VenusHostDriver_ParseC2SysPacket(898): IMAGE_VARIANT_STRING=PROD
[    8.279429] msm_vidc:     fw: <VFW_E:HostDr:unkn:--------:--> VenusHostDriver_ParseC2SysPacket(899): OEM_IMAGE_VERSION_STRING=hyd-lablnx446
[    8.279432] msm_vidc:     fw: <VFW_E:HostDr:unkn:--------:--> VenusHostDriver_ParseC2SysPacket(900): BUILD_TIME: Jul 24 2024 13:35:23
[    8.280852] msm_vidc:     fw: <VFW_E:HostDr:unkn:--------:--> VenusHostDriver_ParseC2SysPacket(897): QC_IMAGE_VERSION_STRING=video-firmware.3.4-83d88af7b6539e38cac2aa5dc1fe19c760da2b16
[    8.280856] msm_vidc:     fw: <VFW_E:HostDr:unkn:--------:--> VenusHostDriver_ParseC2SysPacket(898): IMAGE_VARIANT_STRING=PROD
[    8.280858] msm_vidc:     fw: <VFW_E:HostDr:unkn:--------:--> VenusHostDriver_ParseC2SysPacket(899): OEM_IMAGE_VERSION_STRING=hyd-lablnx446
[    8.280861] msm_vidc:     fw: <VFW_E:HostDr:unkn:--------:--> VenusHostDriver_ParseC2SysPacket(900): BUILD_TIME: Jul 24 2024 13:35:23
[    8.282672] msm_vidc:     fw: <VFW_E:HostDr:unkn:--------:--> VenusHostDriver_ParseC2SysPacket(897): QC_IMAGE_VERSION_STRING=video-firmware.3.4-83d88af7b6539e38cac2aa5dc1fe19c760da2b16
[    8.282675] msm_vidc:     fw: <VFW_E:HostDr:unkn:--------:--> VenusHostDriver_ParseC2SysPacket(898): IMAGE_VARIANT_STRING=PROD
[    8.282677] msm_vidc:     fw: <VFW_E:HostDr:unkn:--------:--> VenusHostDriver_ParseC2SysPacket(899): OEM_IMAGE_VERSION_STRING=hyd-lablnx446
[    8.282680] msm_vidc:     fw: <VFW_E:HostDr:unkn:--------:--> VenusHostDriver_ParseC2SysPacket(900): BUILD_TIME: Jul 24 2024 13:35:23
[    8.284500] msm_vidc:     fw: <VFW_E:HostDr:unkn:--------:--> VenusHostDriver_ParseC2SysPacket(897): QC_IMAGE_VERSION_STRING=video-firmware.3.4-83d88af7b6539e38cac2aa5dc1fe19c760da2b16
[    8.284504] msm_vidc:     fw: <VFW_E:HostDr:unkn:--------:--> VenusHostDriver_ParseC2SysPacket(898): IMAGE_VARIANT_STRING=PROD
[    8.284506] msm_vidc:     fw: <VFW_E:HostDr:unkn:--------:--> VenusHostDriver_ParseC2SysPacket(899): OEM_IMAGE_VERSION_STRING=hyd-lablnx446
[    8.284509] msm_vidc:     fw: <VFW_E:HostDr:unkn:--------:--> VenusHostDriver_ParseC2SysPacket(900): BUILD_TIME: Jul 24 2024 13:35:23
[    8.285919] msm_vidc:     fw: <VFW_E:HostDr:unkn:--------:--> VenusHostDriver_ParseC2SysPacket(897): QC_IMAGE_VERSION_STRING=video-firmware.3.4-83d88af7b6539e38cac2aa5dc1fe19c760da2b16
[    8.285923] msm_vidc:     fw: <VFW_E:HostDr:unkn:--------:--> VenusHostDriver_ParseC2SysPacket(898): IMAGE_VARIANT_STRING=PROD
[    8.285925] msm_vidc:     fw: <VFW_E:HostDr:unkn:--------:--> VenusHostDriver_ParseC2SysPacket(899): OEM_IMAGE_VERSION_STRING=hyd-lablnx446
[    8.285928] msm_vidc:     fw: <VFW_E:HostDr:unkn:--------:--> VenusHostDriver_ParseC2SysPacket(900): BUILD_TIME: Jul 24 2024 13:35:23
[    8.287734] msm_vidc:     fw: <VFW_E:HostDr:unkn:--------:--> VenusHostDriver_ParseC2SysPacket(897): QC_IMAGE_VERSION_STRING=video-firmware.3.4-83d88af7b6539e38cac2aa5dc1fe19c760da2b16
[    8.287738] msm_vidc:     fw: <VFW_E:HostDr:unkn:--------:--> VenusHostDriver_ParseC2SysPacket(898): IMAGE_VARIANT_STRING=PROD
[    8.287741] msm_vidc:     fw: <VFW_E:HostDr:unkn:--------:--> VenusHostDriver_ParseC2SysPacket(899): OEM_IMAGE_VERSION_STRING=hyd-lablnx446
[    8.287743] msm_vidc:     fw: <VFW_E:HostDr:unkn:--------:--> VenusHostDriver_ParseC2SysPacket(900): BUILD_TIME: Jul 24 2024 13:35:23
[    8.297122] msm_vidc:     fw: <VFW_E:HostDr:unkn:--------:--> VenusHostDriver_ParseC2SysPacket(897): QC_IMAGE_VERSION_STRING=video-firmware.3.4-83d88af7b6539e38cac2aa5dc1fe19c760da2b16
[    8.297126] msm_vidc:     fw: <VFW_E:HostDr:unkn:--------:--> VenusHostDriver_ParseC2SysPacket(898): IMAGE_VARIANT_STRING=PROD
[    8.297130] msm_vidc:     fw: <VFW_E:HostDr:unkn:--------:--> VenusHostDriver_ParseC2SysPacket(899): OEM_IMAGE_VERSION_STRING=hyd-lablnx446
[    8.297133] msm_vidc:     fw: <VFW_E:HostDr:unkn:--------:--> VenusHostDriver_ParseC2SysPacket(900): BUILD_TIME: Jul 24 2024 13:35:23
[    8.298829] msm_vidc:     fw: <VFW_E:HostDr:unkn:--------:--> VenusHostDriver_ParseC2SysPacket(897): QC_IMAGE_VERSION_STRING=video-firmware.3.4-83d88af7b6539e38cac2aa5dc1fe19c760da2b16
[    8.298833] msm_vidc:     fw: <VFW_E:HostDr:unkn:--------:--> VenusHostDriver_ParseC2SysPacket(898): IMAGE_VARIANT_STRING=PROD
[    8.298835] msm_vidc:     fw: <VFW_E:HostDr:unkn:--------:--> VenusHostDriver_ParseC2SysPacket(899): OEM_IMAGE_VERSION_STRING=hyd-lablnx446
[    8.298838] msm_vidc:     fw: <VFW_E:HostDr:unkn:--------:--> VenusHostDriver_ParseC2SysPacket(900): BUILD_TIME: Jul 24 2024 13:35:23
[    8.302117] msm_vidc:     fw: <VFW_E:HostDr:unkn:--------:--> VenusHostDriver_ParseC2SysPacket(897): QC_IMAGE_VERSION_STRING=video-firmware.3.4-83d88af7b6539e38cac2aa5dc1fe19c760da2b16
[    8.302120] msm_vidc:     fw: <VFW_E:HostDr:unkn:--------:--> VenusHostDriver_ParseC2SysPacket(898): IMAGE_VARIANT_STRING=PROD
[    8.302124] msm_vidc:     fw: <VFW_E:HostDr:unkn:--------:--> VenusHostDriver_ParseC2SysPacket(899): OEM_IMAGE_VERSION_STRING=hyd-lablnx446
[    8.302127] msm_vidc:     fw: <VFW_E:HostDr:unkn:--------:--> VenusHostDriver_ParseC2SysPacket(900): BUILD_TIME: Jul 24 2024 13:35:23
[    8.307166] msm_mpss: [parse_devicetree]rproc phandle not ready
[    8.307169] system_health_monitor_probe Failed to parse Device Tree
[    8.307348] cdsp-loader soc:qcom,msm-cdsp-loader: cdsp_loader_probe: rproc not found
[    8.309334] msm_vidc:     fw: <VFW_E:HostDr:unkn:--------:--> VenusHostDriver_ParseC2SysPacket(897): QC_IMAGE_VERSION_STRING=video-firmware.3.4-83d88af7b6539e38cac2aa5dc1fe19c760da2b16
[    8.309338] msm_vidc:     fw: <VFW_E:HostDr:unkn:--------:--> VenusHostDriver_ParseC2SysPacket(898): IMAGE_VARIANT_STRING=PROD
[    8.309341] msm_vidc:     fw: <VFW_E:HostDr:unkn:--------:--> VenusHostDriver_ParseC2SysPacket(899): OEM_IMAGE_VERSION_STRING=hyd-lablnx446
[    8.309343] msm_vidc:     fw: <VFW_E:HostDr:unkn:--------:--> VenusHostDriver_ParseC2SysPacket(900): BUILD_TIME: Jul 24 2024 13:35:23
[    8.311127] msm_mpss: [parse_devicetree]rproc phandle not ready
[    8.311130] system_health_monitor_probe Failed to parse Device Tree
[    8.311244] cdsp-loader soc:qcom,msm-cdsp-loader: cdsp_loader_probe: rproc not found
[    8.311333] msm_mpss: [parse_devicetree]rproc phandle not ready
[    8.311334] system_health_monitor_probe Failed to parse Device Tree
[    8.313695] msm_vidc:     fw: <VFW_E:HostDr:unkn:--------:--> VenusHostDriver_ParseC2SysPacket(897): QC_IMAGE_VERSION_STRING=video-firmware.3.4-83d88af7b6539e38cac2aa5dc1fe19c760da2b16
[    8.313699] msm_vidc:     fw: <VFW_E:HostDr:unkn:--------:--> VenusHostDriver_ParseC2SysPacket(898): IMAGE_VARIANT_STRING=PROD
[    8.313701] msm_vidc:     fw: <VFW_E:HostDr:unkn:--------:--> VenusHostDriver_ParseC2SysPacket(899): OEM_IMAGE_VERSION_STRING=hyd-lablnx446
[    8.313704] msm_vidc:     fw: <VFW_E:HostDr:unkn:--------:--> VenusHostDriver_ParseC2SysPacket(900): BUILD_TIME: Jul 24 2024 13:35:23
[    8.314729] cnss: QMI WLFW service connected, state: 0x2c00009
[    8.319482] msm_vidc:     fw: <VFW_E:HostDr:unkn:--------:--> VenusHostDriver_ParseC2SysPacket(897): QC_IMAGE_VERSION_STRING=video-firmware.3.4-83d88af7b6539e38cac2aa5dc1fe19c760da2b16
[    8.319486] msm_vidc:     fw: <VFW_E:HostDr:unkn:--------:--> VenusHostDriver_ParseC2SysPacket(898): IMAGE_VARIANT_STRING=PROD
[    8.319488] msm_vidc:     fw: <VFW_E:HostDr:unkn:--------:--> VenusHostDriver_ParseC2SysPacket(899): OEM_IMAGE_VERSION_STRING=hyd-lablnx446
[    8.319490] msm_vidc:     fw: <VFW_E:HostDr:unkn:--------:--> VenusHostDriver_ParseC2SysPacket(900): BUILD_TIME: Jul 24 2024 13:35:23
[    8.326861] msm_vidc:     fw: <VFW_E:HostDr:unkn:--------:--> VenusHostDriver_ParseC2SysPacket(897): QC_IMAGE_VERSION_STRING=video-firmware.3.4-83d88af7b6539e38cac2aa5dc1fe19c760da2b16
[    8.326864] msm_vidc:     fw: <VFW_E:HostDr:unkn:--------:--> VenusHostDriver_ParseC2SysPacket(898): IMAGE_VARIANT_STRING=PROD
[    8.326866] msm_vidc:     fw: <VFW_E:HostDr:unkn:--------:--> VenusHostDriver_ParseC2SysPacket(899): OEM_IMAGE_VERSION_STRING=hyd-lablnx446
[    8.326868] msm_vidc:     fw: <VFW_E:HostDr:unkn:--------:--> VenusHostDriver_ParseC2SysPacket(900): BUILD_TIME: Jul 24 2024 13:35:23
[    8.342910] msm_vidc:     fw: <VFW_E:HostDr:unkn:--------:--> VenusHostDriver_ParseC2SysPacket(897): QC_IMAGE_VERSION_STRING=video-firmware.3.4-83d88af7b6539e38cac2aa5dc1fe19c760da2b16
[    8.342913] msm_vidc:     fw: <VFW_E:HostDr:unkn:--------:--> VenusHostDriver_ParseC2SysPacket(898): IMAGE_VARIANT_STRING=PROD
[    8.342916] msm_vidc:     fw: <VFW_E:HostDr:unkn:--------:--> VenusHostDriver_ParseC2SysPacket(899): OEM_IMAGE_VERSION_STRING=hyd-lablnx446
[    8.342918] msm_vidc:     fw: <VFW_E:HostDr:unkn:--------:--> VenusHostDriver_ParseC2SysPacket(900): BUILD_TIME: Jul 24 2024 13:35:23
[    8.395811] cnss: serial id  0x0 0xbee9d1b3
[    8.395858] cnss2 b0000000.qcom,cnss-kiwi: loading /vendor/firmware_mnt/image/kiwi/regdb.bin failed with error -13
[    8.395861] cnss2 b0000000.qcom,cnss-kiwi: loading /vendor/firmware_mnt/image/kiwi/kiwi/regdb.bin failed with error -13
[    8.414427] cnss2 b0000000.qcom,cnss-kiwi: loading /vendor/firmware_mnt/image/kiwi/bdwlan.elf failed with error -13
[    8.414435] cnss2 b0000000.qcom,cnss-kiwi: loading /vendor/firmware_mnt/image/kiwi/kiwi/bdwlan.elf failed with error -13
[    8.446364] Info: adsprpc (6598): cdsprpcd: fastrpc_set_process_info: HLOS pid 1881, cid 3 is mapped to unique sessions pid 3
[    8.446381] Error: adsprpc (4689): cdsprpcd: fastrpc_get_info_from_dsp: could not obtain dsp information, err val -111
[    8.446404] Info: adsprpc (6598): cdsprpcd: fastrpc_set_process_info: HLOS pid 1881, cid 3 is mapped to unique sessions pid 3
[    8.458184] cnss: Host BDF config: HW_XPA: 1 CalDB: 0
[    8.458255] cnss_pci 0000:01:00.0: loading /vendor/firmware_mnt/image/kiwi/phy_ucode20.elf failed with error -13
[    8.458268] cnss_pci 0000:01:00.0: loading /vendor/firmware_mnt/image/kiwi/kiwi/phy_ucode20.elf failed with error -13
[    8.466327] cnss-daemon: NL group_id 10, cnss_nl.family_id 42
[    8.467330] cnss_plat: cnss_plat_ipc_qmi_reg_client_req_handler: QMI Client Connected. QMI Socket Node: 1 Port: 16449 ID: 1
[    8.467335] cnss: CNSS Daemon connected
[    8.470212] cnss-daemon: No Modem support for this target
[    8.470284] cnss_plat: MAC: 0 HW_TRC: 0 CAL: 0
[    8.472402] cnss2 b0000000.qcom,cnss-kiwi: loading /vendor/firmware_mnt/image/kiwi/qdss_trace_config_perf_v2.cfg failed with error -13
[    8.472407] cnss2 b0000000.qcom,cnss-kiwi: loading /vendor/firmware_mnt/image/kiwi/kiwi/qdss_trace_config_perf_v2.cfg failed with error -13
[    8.475452] cnss-daemon: no interop issues ap currently
[    8.483977] Info: adsprpc (6598): adsprpcd: fastrpc_set_process_info: HLOS pid 1880, cid 0 is mapped to unique sessions pid 4
[    8.484011] Error: adsprpc (4689): adsprpcd: fastrpc_get_info_from_dsp: could not obtain dsp information, err val -111
[    8.484032] Info: adsprpc (6598): adsprpcd: fastrpc_set_process_info: HLOS pid 1880, cid 0 is mapped to unique sessions pid 4
[    8.484848] vndservicemanager: Since 'vendor.qti.data.nwmgr.INwMgr' could not be found, trying to start it as a lazy AIDL service. (if it's not configured to be a lazy service, it may be stuck starting or still starting).
[    8.493568] cnss2 b0000000.qcom,cnss-kiwi: loading /vendor/firmware_mnt/image/kiwi/qdss_trace_config_v2.cfg failed with error -13
[    8.493574] cnss2 b0000000.qcom,cnss-kiwi: loading /vendor/firmware_mnt/image/kiwi/kiwi/qdss_trace_config_v2.cfg failed with error -13
[    8.516846] cnss: CAL DB file not required as per BDF
[    8.519595] vndservicemanager: Tried to start aidl service vendor.qti.data.nwmgr.INwMgr as a lazy service, but was unable to. Usually this happens when a service is not installed, but if the service is intended to be used as a lazy service, then it may be configured incorrectly.
[    8.533741] adsprpc: fastrpc_restart_notifier_cb: lpass subsystem is up
[    8.533746] remoteproc remoteproc0: remote processor 3000000.remoteproc-adsp is now up
[    8.534390] cdsp-loader soc:qcom,msm-cdsp-loader: cdsp_loader_probe: rproc not found
[    8.534666] msm_mpss: [parse_devicetree]rproc phandle not ready
[    8.534668] system_health_monitor_probe Failed to parse Device Tree
[    8.534738] cdsp-loader soc:qcom,msm-cdsp-loader: cdsp_loader_probe: rproc not found
[    8.539922] qcom_smd_qrtr_probe: SMD QRTR driver probed
[    8.540362] msm_mpss: [parse_devicetree]rproc phandle not ready
[    8.540364] system_health_monitor_probe Failed to parse Device Tree
[    8.540536] cdsp-loader soc:qcom,msm-cdsp-loader: cdsp_loader_probe: rproc not found
[    8.541632] coresight-remote-etm soc:audio_etm0: Connection established between QMI handle and 5 service
[    8.544706] Info: adsprpc (99): kworker/0:1H: fastrpc_rpmsg_probe: opened rpmsg channel for lpass
[    8.545296] msm_mpss: [parse_devicetree]rproc phandle not ready
[    8.545298] system_health_monitor_probe Failed to parse Device Tree
[    8.545462] cdsp-loader soc:qcom,msm-cdsp-loader: cdsp_loader_probe: rproc not found
[    8.545558] qcom,gpr 3000000.remoteproc-adsp:glink-edge.adsp_apps.-1.-1: Adding GPR dev: gprsvc:spf_core:2:3
[    8.546025] spf_core_probe
[    8.546175] msm_mpss: [parse_devicetree]rproc phandle not ready
[    8.546177] system_health_monitor_probe Failed to parse Device Tree
[    8.546236] cdsp-loader soc:qcom,msm-cdsp-loader: cdsp_loader_probe: rproc not found
[    8.546395] qcom,gpr 3000000.remoteproc-adsp:glink-edge.adsp_apps.-1.-1: Adding GPR dev: gprsvc:audio-pkt:2:17
[    8.546929] msm_mpss: [parse_devicetree]rproc phandle not ready
[    8.546930] system_health_monitor_probe Failed to parse Device Tree
[    8.546973] cdsp-loader soc:qcom,msm-cdsp-loader: cdsp_loader_probe: rproc not found
[    8.547148] qcom,gpr 3000000.remoteproc-adsp:glink-edge.adsp_apps.-1.-1: Adding GPR dev: gprsvc:q6prm:2:7
[    8.547463] spf_core_add_child_devices:enumarate machine driver
[    8.547468] spf-core-platform soc:spf_core_platform: __spf_core_is_apm_ready: send_command ret
[    8.547471] gpr_send_pkt: q6 state is down
[    8.547604] audio_notifier_reg_service: service PDR_ADSP is in use
[    8.547608] audio_prm_service_cb: Service opcode 0x0
[    8.547611] audio_prm_probe: prm probe success, Sleep API supported :1
[    8.547748] msm_mpss: [parse_devicetree]rproc phandle not ready
[    8.547750] system_health_monitor_probe Failed to parse Device Tree
[    8.547835] cdsp-loader soc:qcom,msm-cdsp-loader: cdsp_loader_probe: rproc not found
[    8.547845] qcom,gpr 3000000.remoteproc-adsp:glink-edge.adsp_apps.-1.-1: gpr_probe: gpr-lite probe success
[    8.548196] msm_mpss: [parse_devicetree]rproc phandle not ready
[    8.548197] system_health_monitor_probe Failed to parse Device Tree
[    8.548302] cdsp-loader soc:qcom,msm-cdsp-loader: cdsp_loader_probe: rproc not found
[    8.550242] adsp_sleepmon: Resetting recovery flag for ADSP SSR
[    8.550248] qcom rproc: 3000000.remoteproc-adsp: recovery disabled by kernel client
[    8.550553] adsp_sleepmon: Received ADSP version 0x2
[    8.550681] qcom,gpr 3000000.remoteproc-adsp:glink-edge.adsp_apps.-1.-1: gpr_notifier_register: registered via subsys_notif_register for domain id(2)
[    8.550741] binder: 752:752 transaction credentials failed
[    8.550744] binder: 752:752 transaction async to 1499:0 failed 1869/29201/-1, size 164-8 line 3284
[    8.550967] msm_mpss: [parse_devicetree]rproc phandle not ready
[    8.550968] system_health_monitor_probe Failed to parse Device Tree
[    8.551056] cdsp-loader soc:qcom,msm-cdsp-loader: cdsp_loader_probe: rproc not found
[    8.553718] focaltech: 'ff_ctl_sync_config' enter.
[    8.553723] [I]focaltech: gesture is supported.
[    8.553725] [I]focaltech: set log:2->3
[    8.553730] [I]focaltech: ioctrl:FF_IOC_INIT_DRIVER
[    8.553733] [I]focaltech: init irq gpio:393
[    8.553756] [I]focaltech: init reset gpio:391
[    8.553765] [I]focaltech: get irq and reset gpio success
[    8.553776] [I]focaltech: get power gpio(367) success
[    8.553821] gpio gpiochip0: (f000000.pinctrl): allocate IRQ 400, hwirq 92
[    8.553828] gpio gpiochip0: (f000000.pinctrl): found parent hwirq 99
[    8.553835] gpio gpiochip0: (f000000.pinctrl): alloc_irqs_parent for 400 parent hwirq 99
[    8.553848] [I]focaltech: irq_gpio:393,irq_num:400
[    8.553850] [I]focaltech: irq_num:400
[    8.554193] input: ff_key as /devices/virtual/input/input5
[    8.554351] [I]focaltech: feature ver:0101h
[    8.554383] [I]focaltech: set event type:3
[    8.560146] PDR: Indication received from msm/adsp/audio_pd, state: 0x1fffffff, trans-id: 1
[    8.560153] PDR: Indication received from msm/adsp/audio_pd, state: 0x1fffffff, trans-id: 1
[    8.560157] audio_notifier_service_cb: service PDR_ADSP, opcode 0x1
[    8.560161] qcom,gpr 3000000.remoteproc-adsp:glink-edge.adsp_apps.-1.-1: gpr_adsp_up: Q6 is Up
[    8.560164] audio_prm_service_cb: Service opcode 0x1
[    8.560180] PDR: Indication ack sent to msm/adsp/audio_pd, state: 0x1fffffff, trans-id: 1
[    8.560303] PDR: Indication received from msm/adsp/audio_pd, state: 0x1fffffff, trans-id: 1
[    8.560320] adsprpc: fastrpc_pdr_cb: msm/adsp/audio_pd (audio_pdr_adsprpc) is up for PDR on lpass
[    8.560344] PDR: Indication ack sent to msm/adsp/audio_pd, state: 0x1fffffff, trans-id: 1
[    8.560997] Info: adsprpc (6598): audioadsprpcd: fastrpc_set_process_info: HLOS pid 493, cid 0 is mapped to unique sessions pid 1
[    8.562097] PDR: Indication ack sent to msm/adsp/audio_pd, state: 0x1fffffff, trans-id: 1
[    8.583956] PDR: Indication received from msm/adsp/charger_pd, state: 0x1fffffff, trans-id: 1
[    8.584007] PDR: Indication ack sent to msm/adsp/charger_pd, state: 0x1fffffff, trans-id: 1
[    8.588997] PDR: Indication received from msm/adsp/sensor_pd, state: 0x1fffffff, trans-id: 1
[    8.589020] adsprpc: fastrpc_pdr_cb: msm/adsp/sensor_pd (sensors_pdr_adsprpc) is up for PDR on lpass
[    8.589074] PDR: Indication ack sent to msm/adsp/sensor_pd, state: 0x1fffffff, trans-id: 1
[    8.589625] Info: adsprpc (6598): audioadsprpcd: fastrpc_set_process_info: HLOS pid 493, cid 0 is mapped to unique sessions pid 1
[    8.589662] Info: adsprpc (6598): sscrpcd: fastrpc_set_process_info: HLOS pid 1074, cid 0 is mapped to unique sessions pid 2
[    8.589984] Info: adsprpc (6598): audioadsprpcd: fastrpc_set_process_info: HLOS pid 493, cid 0 is mapped to unique sessions pid 1
[    8.597569] spf-core-platform soc:spf_core_platform: __spf_core_is_apm_ready: send_command ret
[    8.597720] qcom-spf_core gprsvc:spf_core:2:3: spf_core_callback: Payload 2001007
[    8.597727] qcom-spf_core gprsvc:spf_core:2:3: spf_core_callback: sucess response received
[    8.597750] spf-core-platform soc:spf_core_platform: spf_core_add_child_devices: apm is up
[    8.598624] msm-audio-ion soc:spf_core_platform:qcom,msm-audio-ion: Adding to iommu group 41
[    8.602637] msm-audio-ion soc:spf_core_platform:qcom,msm-audio-ion: msm_audio_ion_probe: msm_audio_ion_probe
[    8.603387] msm-audio-ion soc:spf_core_platform:qcom,msm-audio-ion-cma: msm_audio_ion_probe: msm_audio_ion_probe
[    8.603426] msm_mpss: [parse_devicetree]rproc phandle not ready
[    8.603466] system_health_monitor_probe Failed to parse Device Tree
[    8.603890] cdsp-loader soc:qcom,msm-cdsp-loader: cdsp_loader_probe: rproc not found
[    8.604203] msm_mpss: [parse_devicetree]rproc phandle not ready
[    8.604205] system_health_monitor_probe Failed to parse Device Tree
[    8.605618] gpiochip_find_base: found new base at 216
[    8.605801] gpio gpiochip9: (soc:spf_core_platform:lpi_pinctrl@6E80000): added GPIO chardev (254:9)
[    8.605893] gpio gpiochip9: registered GPIOs 216 to 238 on soc:spf_core_platform:lpi_pinctrl@6E80000
[    8.605903] gpio gpiochip9: (soc:spf_core_platform:lpi_pinctrl@6E80000): created GPIO range 0->22 ==> soc:spf_core_platform:lpi_pinctrl@6E80000 PIN 0->22
[    8.607009] cdsp-loader soc:qcom,msm-cdsp-loader: cdsp_loader_probe: rproc not found
[    8.607151] msm_mpss: [parse_devicetree]rproc phandle not ready
[    8.607153] system_health_monitor_probe Failed to parse Device Tree
[    8.613068] cdsp-loader soc:qcom,msm-cdsp-loader: cdsp_loader_probe: rproc not found
[    8.613465] msm_mpss: [parse_devicetree]rproc phandle not ready
[    8.613467] system_health_monitor_probe Failed to parse Device Tree
[    8.613597] msm_cdc_pinctrl_get_gpiodata: platform device not found!
[    8.613602] lpass_cdc_va_macro va-macro: lpass_cdc_va_macro_probe: failed to get swr pin state
[    8.614186] lpass_cdc_tx_macro tx-macro: lpass_cdc_tx_macro_probe: va-macro not registered yet, defer
[    8.614805] lpass_cdc_rx_macro rx-macro: lpass_cdc_rx_macro_probe: va-macro not registered yet, defer
[    8.615317] lpass_cdc_wsa2_macro wsa2-macro: lpass_cdc_wsa2_macro_probe: va-macro not registered yet, defer
[    8.616722] wcd939x_codec wcd939x-codec: msm_cdc_dt_parse_vreg_info: cdc-vdd-rx: vol=[1800000 1800000]uV, curr=[30000]uA, ond 0 lpm 1 rem 0
[    8.616738] wcd939x_codec wcd939x-codec: msm_cdc_dt_parse_vreg_info: cdc-vdd-tx: vol=[1800000 1800000]uV, curr=[30000]uA, ond 0 lpm 1 rem 0
[    8.616799] wcd939x_codec wcd939x-codec: msm_cdc_dt_parse_vreg_info: cdc-vdd-mic-bias: vol=[3296000 3296000]uV, curr=[30000]uA, ond 0 lpm 0 rem 0
[    8.616812] wcd939x_codec wcd939x-codec: msm_cdc_dt_parse_vreg_info: cdc-vdd-buck: vol=[1800000 1800000]uV, curr=[650000]uA, ond 1 lpm 1 rem 0
[    8.616822] wcd939x_codec wcd939x-codec: msm_cdc_dt_parse_vreg_info: cdc-vdd-px: vol=[1800000 1800000]uV, curr=[650000]uA, ond 1 lpm 1 rem 1
[    8.617366] cdsp-loader soc:qcom,msm-cdsp-loader: cdsp_loader_probe: rproc not found
[    8.617578] msm_mpss: [parse_devicetree]rproc phandle not ready
[    8.617580] system_health_monitor_probe Failed to parse Device Tree
[    8.618013] msm_cdc_pinctrl_get_gpiodata: platform device not found!
[    8.618016] lpass_cdc_va_macro va-macro: lpass_cdc_va_macro_probe: failed to get swr pin state
[    8.618536] lpass_cdc_tx_macro tx-macro: lpass_cdc_tx_macro_probe: va-macro not registered yet, defer
[    8.618789] lpass_cdc_rx_macro rx-macro: lpass_cdc_rx_macro_probe: va-macro not registered yet, defer
[    8.619393] lpass_cdc_wsa2_macro wsa2-macro: lpass_cdc_wsa2_macro_probe: va-macro not registered yet, defer
[    8.620169] Info: adsprpc (6598): sscrpcd: fastrpc_set_process_info: HLOS pid 1074, cid 0 is mapped to unique sessions pid 2
[    8.620589] Info: adsprpc (6598): sscrpcd: fastrpc_set_process_info: HLOS pid 1074, cid 0 is mapped to unique sessions pid 2
[    8.621148] pineapple-pinctrl f000000.pinctrl: pin GPIO_121 already requested by 1c08000.qcom,pcie; cannot claim for soc:spf_core_platform:fm_i2s1_pinctrl
[    8.621154] pineapple-pinctrl f000000.pinctrl: pin-121 (soc:spf_core_platform:fm_i2s1_pinctrl) status -22
[    8.621159] pineapple-pinctrl f000000.pinctrl: could not request pin 121 (GPIO_121) from group gpio121  on device f000000.pinctrl
[    8.621164] msm-cdc-pinctrl soc:spf_core_platform:fm_i2s1_pinctrl: Error applying setting, reverse things back
[    8.621167] msm-cdc-pinctrl soc:spf_core_platform:fm_i2s1_pinctrl: msm_cdc_pinctrl_probe: set cdc gpio sleep state fail: -22
[    8.621177] of_get_named_gpiod_flags: can't parse 'qcom,cdc-rst-n-gpio' property of node '/soc/spf_core_platform/fm_i2s1_pinctrl[0]'
[    8.621345] cdsp-loader soc:qcom,msm-cdsp-loader: cdsp_loader_probe: rproc not found
[    8.622429] msm_mpss: [parse_devicetree]rproc phandle not ready
[    8.622431] system_health_monitor_probe Failed to parse Device Tree
[    8.622844] of_get_named_gpiod_flags: can't parse 'qcom,cdc-rst-n-gpio' property of node '/soc/spf_core_platform/wsa2_swr_clk_data_pinctrl[0]'
[    8.622927] msm_cdc_pinctrl_get_gpiodata: platform device not found!
[    8.622929] lpass_cdc_va_macro va-macro: lpass_cdc_va_macro_probe: failed to get swr pin state
[    8.623036] lpass_cdc_tx_macro tx-macro: lpass_cdc_tx_macro_probe: va-macro not registered yet, defer
[    8.623530] lpass_cdc_rx_macro rx-macro: lpass_cdc_rx_macro_probe: va-macro not registered yet, defer
[    8.624648] lpass_cdc_wsa2_macro wsa2-macro: lpass_cdc_wsa2_macro_probe: va-macro not registered yet, defer
[    8.624656] of_get_named_gpiod_flags: can't parse 'qcom,cdc-rst-n-gpio' property of node '/soc/spf_core_platform/rx_swr_clk_data_pinctrl[0]'
[    8.625706] read descriptors
[    8.625718] read strings
[    8.625753] cdsp-loader soc:qcom,msm-cdsp-loader: cdsp_loader_probe: rproc not found
[    8.626479] msm_mpss: [parse_devicetree]rproc phandle not ready
[    8.626481] system_health_monitor_probe Failed to parse Device Tree
[    8.626752] of_get_named_gpiod_flags: can't parse 'qcom,cdc-rst-n-gpio' property of node '/soc/spf_core_platform/tx_swr_clk_data_pinctrl[0]'
[    8.626815] lpass_cdc_va_macro va-macro: lpass_cdc_register_macro: register macro successful:3
[    8.627037] prm_gpr_send_pkt: apm ready check not done
[    8.627040] spf-core-platform soc:spf_core_platform: __spf_core_is_apm_ready: send_command ret
[    8.627268] qcom-spf_core gprsvc:spf_core:2:3: spf_core_callback: Payload 2001007
[    8.627276] qcom-spf_core gprsvc:spf_core:2:3: spf_core_callback: sucess response received
[    8.627384] prm_gpr_send_pkt: apm ready check done
[    8.627997] lpass_cdc_tx_macro tx-macro: lpass_cdc_register_macro: register macro successful:0
[    8.628026] of_get_named_gpiod_flags: can't parse 'qcom,cdc-rst-n-gpio' property of node '/soc/spf_core_platform/cdc_dmic01_pinctrl[0]'
[    8.628781] lpass_cdc_rx_macro rx-macro: lpass_cdc_register_macro: register macro successful:1
[    8.629493] swr-mgr va_swr_ctrl: swrm_probe: version specified in dtsi: 0x2000000 not match with HW read version 0x2010000
[    8.630395] swr-mgr rx_swr_ctrl: swrm_probe: version specified in dtsi: 0x2000000 not match with HW read version 0x2010000
[    8.630492] lpass_cdc_wsa2_macro wsa2-macro: lpass_cdc_register_macro: register macro successful:4
[    8.631752] of_get_named_gpiod_flags: can't parse 'qcom,cdc-rst-n-gpio' property of node '/soc/spf_core_platform/cdc_dmic23_pinctrl[0]'
[    8.633227] swr-mgr rx_swr_ctrl: swrm_get_logical_dev_num: devnum 1 assigned for dev 2f0170220
[    8.634051] of_get_named_gpiod_flags: can't parse 'qcom,cdc-rst-n-gpio' property of node '/soc/spf_core_platform/cdc_dmic45_pinctrl[0]'
[    8.635940] of_get_named_gpiod_flags: can't parse 'qcom,cdc-rst-n-gpio' property of node '/soc/spf_core_platform/cdc_dmic67_pinctrl[0]'
[    8.638794] swr-mgr rx_swr_ctrl: swrm_get_logical_dev_num: devnum 2 assigned for dev e01170224
[    8.638797] wcd939x_codec wcd939x-codec: bound wcd939x-slave.e01170224 (ops wcd939x_slave_comp_ops [wcd939x_slave_dlkm])
[    8.638934] swr-mgr va_swr_ctrl: swrm_get_logical_dev_num: devnum 1 assigned for dev e01170223
[    8.638946] wcd939x_codec wcd939x-codec: bound wcd939x-slave.e01170223 (ops wcd939x_slave_comp_ops [wcd939x_slave_dlkm])
[    8.639192] cdsp-loader soc:qcom,msm-cdsp-loader: cdsp_loader_probe: rproc not found
[    8.639550] msm_mpss: [parse_devicetree]rproc phandle not ready
[    8.639552] system_health_monitor_probe Failed to parse Device Tree
[    8.639756] wcd939x_codec wcd939x-codec: wcd939x_bind: wcd9395 version: WCD939X_2_0
[    8.640414] swr-mgr wsa2_swr_ctrl: swrm_probe: version specified in dtsi: 0x2000000 not match with HW read version 0x2010000
[    8.642080] wsa884x wsa884x_2.402170220: msm_cdc_dt_parse_vreg_info: cdc-vdd-1p8: vol=[1800000 1800000]uV, curr=[20000]uA, ond 0 lpm 1 rem 0
[    8.644715] cdsp-loader soc:qcom,msm-cdsp-loader: cdsp_loader_probe: rproc not found
[    8.644831] msm_mpss: [parse_devicetree]rproc phandle not ready
[    8.644833] system_health_monitor_probe Failed to parse Device Tree
[    8.647607] swr-mgr wsa2_swr_ctrl: swrm_get_logical_dev_num: devnum 2 assigned for dev 402170220
[    8.651904] wsa884x wsa884x_2.402170220: VPHX EN Status: 1
[    8.655785] wsa884x wsa884x_2.402170221: msm_cdc_dt_parse_vreg_info: cdc-vdd-1p8: vol=[1800000 1800000]uV, curr=[20000]uA, ond 0 lpm 1 rem 0
[    8.656413] cdsp-loader soc:qcom,msm-cdsp-loader: cdsp_loader_probe: rproc not found
[    8.656536] msm_mpss: [parse_devicetree]rproc phandle not ready
[    8.656538] system_health_monitor_probe Failed to parse Device Tree
[    8.661119] swr-mgr wsa2_swr_ctrl: swrm_get_logical_dev_num: devnum 1 assigned for dev 402170221
[    8.673259] wsa884x wsa884x_2.402170221: VPHX EN Status: 1
[    8.679684] wcd939x_codec wcd939x-codec: wcd939x_soc_codec_probe()
[    8.711872] of_get_named_gpiod_flags: can't parse 'qcom,swr-wakeup-irq' property of node '/soc/spf_core_platform/lpass-cdc/va-macro@6D44000/va_swr_master[0]'
[    8.712344] swr-mgr rx_swr_ctrl: swrm_alloc_port_mem: called more than once
[    8.712347] swr-mgr rx_swr_ctrl: swrm_alloc_port_mem: called more than once
[    8.712348] swr-mgr rx_swr_ctrl: swrm_alloc_port_mem: called more than once
[    8.712349] swr-mgr wsa2_swr_ctrl: swrm_alloc_port_mem: called more than once
[    8.712350] swr-mgr wsa2_swr_ctrl: swrm_alloc_port_mem: called more than once
[    8.712353] of_get_named_gpiod_flags: can't parse 'qcom,swr-wakeup-irq' property of node '/soc/spf_core_platform/lpass-cdc/va-macro@6D44000/va_swr_master[0]'
[    8.712505] genirq: Flags mismatch irq 437. 00002004 (swr_wake_irq) vs. 00002004 (swr_wake_irq)
[    8.712527] swr-mgr va_swr_ctrl: swrm_register_wake_irq: Failed to request irq -16
[    8.712529] swr-mgr va_swr_ctrl: swrm_wcd_notify: register wake_irq failed
[    8.712732] pineapple-asoc-snd soc:spf_core_platform:sound: ASoC: source widget Digital Mic1 overwritten
[    8.712740] pineapple-asoc-snd soc:spf_core_platform:sound: ASoC: source widget Digital Mic4 overwritten
[    8.712746] pineapple-asoc-snd soc:spf_core_platform:sound: ASoC: source widget Analog Mic1 overwritten
[    8.712751] pineapple-asoc-snd soc:spf_core_platform:sound: ASoC: source widget Analog Mic2 overwritten
[    8.712756] pineapple-asoc-snd soc:spf_core_platform:sound: ASoC: source widget Analog Mic3 overwritten
[    8.712760] pineapple-asoc-snd soc:spf_core_platform:sound: ASoC: source widget Analog Mic4 overwritten
[    8.712764] pineapple-asoc-snd soc:spf_core_platform:sound: ASoC: source widget Analog Mic5 overwritten
[    8.712768] pineapple-asoc-snd soc:spf_core_platform:sound: ASoC: source widget Analog Mic1 overwritten
[    8.712773] pineapple-asoc-snd soc:spf_core_platform:sound: ASoC: source widget Analog Mic2 overwritten
[    8.712777] pineapple-asoc-snd soc:spf_core_platform:sound: ASoC: source widget Analog Mic3 overwritten
[    8.712782] pineapple-asoc-snd soc:spf_core_platform:sound: ASoC: source widget Analog Mic4 overwritten
[    8.712786] pineapple-asoc-snd soc:spf_core_platform:sound: ASoC: source widget Analog Mic5 overwritten
[    8.712815] pineapple-asoc-snd soc:spf_core_platform:sound: ASoC: driver name too long 'pineapple-qrd-snd-card' -> 'pineapple-qrd-s'
[    8.716625] debugfs: File 'Analog Mic1' in directory 'dapm' already present!
[    8.716628] debugfs: File 'Analog Mic2' in directory 'dapm' already present!
[    8.716629] debugfs: File 'Analog Mic3' in directory 'dapm' already present!
[    8.716630] debugfs: File 'Analog Mic4' in directory 'dapm' already present!
[    8.716631] debugfs: File 'Analog Mic5' in directory 'dapm' already present!
[    8.716632] debugfs: File 'Digital Mic0' in directory 'dapm' already present!
[    8.716633] debugfs: File 'Digital Mic1' in directory 'dapm' already present!
[    8.716633] debugfs: File 'Digital Mic2' in directory 'dapm' already present!
[    8.716634] debugfs: File 'Digital Mic3' in directory 'dapm' already present!
[    8.716635] debugfs: File 'Digital Mic4' in directory 'dapm' already present!
[    8.716636] debugfs: File 'Digital Mic5' in directory 'dapm' already present!
[    8.716637] debugfs: File 'Digital Mic6' in directory 'dapm' already present!
[    8.716637] debugfs: File 'Digital Mic7' in directory 'dapm' already present!
[    8.717299] input: pineapple-qrd-snd-card Headset Jack as /devices/platform/soc/soc:spf_core_platform/soc:spf_core_platform:sound/sound/card0/input6
[    8.717341] input: pineapple-qrd-snd-card Button Jack as /devices/platform/soc/soc:spf_core_platform/soc:spf_core_platform:sound/sound/card0/input7
[    8.717401] pineapple-asoc-snd soc:spf_core_platform:sound: msm_asoc_machine_probe: Sound card pineapple-qrd-snd-card registered
[    8.717917] pineapple-asoc-snd soc:spf_core_platform:sound: num_links 30 
[    8.717987] msm_set_upd_config: wsa-codec.1 component is NULL
[    8.718249] cdsp-loader soc:qcom,msm-cdsp-loader: cdsp_loader_probe: rproc not found
[    8.718486] msm_mpss: [parse_devicetree]rproc phandle not ready
[    8.718487] system_health_monitor_probe Failed to parse Device Tree
[    8.757736] [I]focaltech: set reset pin to low,use_pinctrl:0
[    8.772072] [I]focaltech: set reset pin to high,use_pinctrl:0
[    8.772153] [I]focaltech: irq_num 400 trigger
[    8.777192] [I]focaltech: set power:0->1,use_regulator:0
[    8.777194] [I]focaltech: use gpio(367) to control power
[    8.777200] [I]focaltech: jeff add always on
[    8.777201] [I]focaltech: set irq:1->1
[    8.777202] [I]focaltech: set reset pin to low,use_pinctrl:0
[    8.792084] [I]focaltech: set reset pin to high,use_pinctrl:0
[    8.792149] [I]focaltech: irq_num 400 trigger
[    8.802175] [I]focaltech: set reset pin to low,use_pinctrl:0
[    8.816102] [I]focaltech: set reset pin to high,use_pinctrl:0
[    8.816173] [I]focaltech: irq_num 400 trigger
[    8.826271] [I]focaltech: set reset pin to low,use_pinctrl:0
[    8.840071] [I]focaltech: set reset pin to high,use_pinctrl:0
[    8.840139] [I]focaltech: irq_num 400 trigger
[    8.850209] [I]focaltech: set reset pin to low,use_pinctrl:0
[    8.868079] [I]focaltech: set reset pin to high,use_pinctrl:0
[    8.868147] [I]focaltech: irq_num 400 trigger
[    9.003988] cdsp-loader soc:qcom,msm-cdsp-loader: cdsp_loader_probe: rproc not found
[    9.004337] msm_mpss: [parse_devicetree]rproc phandle not ready
[    9.004339] system_health_monitor_probe Failed to parse Device Tree
[    9.004619] cdsp-loader soc:qcom,msm-cdsp-loader: cdsp_loader_probe: rproc not found
[    9.008218] msm_mpss: [parse_devicetree]rproc phandle not ready
[    9.008221] system_health_monitor_probe Failed to parse Device Tree
[    9.008512] cdsp-loader soc:qcom,msm-cdsp-loader: cdsp_loader_probe: rproc not found
[    9.008812] msm_mpss: [parse_devicetree]rproc phandle not ready
[    9.008813] system_health_monitor_probe Failed to parse Device Tree
[    9.012790] cdsp-loader soc:qcom,msm-cdsp-loader: cdsp_loader_probe: rproc not found
[    9.012958] msm_mpss: [parse_devicetree]rproc phandle not ready
[    9.012960] system_health_monitor_probe Failed to parse Device Tree
[    9.013087] I2C PMIC: i2c_pmic_probe: I2C PMIC probe successful
[    9.013165] cdsp-loader soc:qcom,msm-cdsp-loader: cdsp_loader_probe: rproc not found
[    9.013241] I2C PMIC: i2c_pmic_probe: I2C PMIC probe successful
[    9.013278] msm_mpss: [parse_devicetree]rproc phandle not ready
[    9.013280] system_health_monitor_probe Failed to parse Device Tree
[    9.013347] cdsp-loader soc:qcom,msm-cdsp-loader: cdsp_loader_probe: rproc not found
[    9.013385] I2C PMIC: i2c_pmic_probe: I2C PMIC probe successful
[    9.013433] msm_mpss: [parse_devicetree]rproc phandle not ready
[    9.013434] system_health_monitor_probe Failed to parse Device Tree
[    9.013497] cdsp-loader soc:qcom,msm-cdsp-loader: cdsp_loader_probe: rproc not found
[    9.022135] msm_mpss: [parse_devicetree]rproc phandle not ready
[    9.022139] system_health_monitor_probe Failed to parse Device Tree
[    9.022417] cdsp-loader soc:qcom,msm-cdsp-loader: cdsp_loader_probe: rproc not found
[    9.022840] msm_mpss: [parse_devicetree]rproc phandle not ready
[    9.022842] system_health_monitor_probe Failed to parse Device Tree
[    9.022925] cdsp-loader soc:qcom,msm-cdsp-loader: cdsp_loader_probe: rproc not found
[    9.024370] msm_mpss: [parse_devicetree]rproc phandle not ready
[    9.024374] system_health_monitor_probe Failed to parse Device Tree
[    9.024959] cdsp-loader soc:qcom,msm-cdsp-loader: cdsp_loader_probe: rproc not found
[    9.025917] msm_mpss: [parse_devicetree]rproc phandle not ready
[    9.025919] system_health_monitor_probe Failed to parse Device Tree
[    9.026706] cdsp-loader soc:qcom,msm-cdsp-loader: cdsp_loader_probe: rproc not found
[    9.027530] msm_mpss: [parse_devicetree]rproc phandle not ready
[    9.027533] system_health_monitor_probe Failed to parse Device Tree
[    9.027616] cdsp-loader soc:qcom,msm-cdsp-loader: cdsp_loader_probe: rproc not found
[    9.060605] android.hardware.health-service.qti: opened battery/capacity after 10 retries
[    9.060717] android.hardware.health-service.qti: Read Batt Capacity after 10 retries ret : 1
[    9.061033] healthd: batteryCapacityLevelPath not found
[    9.061035] healthd: batteryStateOfHealthPath not found
[    9.061035] healthd: batteryHealthStatusPath not found
[    9.061036] healthd: batteryManufacturingDatePath not found
[    9.061037] healthd: batteryFirstUsageDatePath not found
[    9.061038] healthd: chargingStatePath not found
[    9.061039] healthd: chargingPolicyPath not found
[    9.061076] android.hardware.health-service.qti: Starting health HAL.
[    9.126778] UDC core: g1: couldn't find an available UDC or it's busy
[    9.126993] UDC core: g1: couldn't find an available UDC or it's busy
[    9.127084] UDC core: g1: couldn't find an available UDC or it's busy
[    9.168530] [I]focaltech: set irq:1->1
[    9.282029] tag mismatch entry->tag:1 tag:2
[    9.282032] tag mismatch entry->tag:1 tag:2
[    9.282688] [drm:dsi_display_set_mode [msm_drm]] [msm-dsi-info]: mdp_transfer_time=0, hactive=1080, vactive=1920, fps=144, clk_rate=0
[    9.296087] usb 1-2: new full-speed USB device number 2 using xhci_hcd
[    9.337431] <I>CTS-I2CDrv Resume
[    9.337434] <I>CTS-Core Resume device
[    9.337434] <I>CTS-Core Reset device
[    9.337435] <I>CTS-Plat Reset device
[    9.389234] <I>CTS-Core Start device...
[    9.389237] <W>CTS-Core Start device while already started
[    9.392106] msm_ext_disp_update_audio_ops: Display not found (EXT_DISPLAY_TYPE_DP) ctld (0) stream (0)
[    9.392109] msm_ext_disp_update_audio_ops: Display not found (EXT_DISPLAY_TYPE_HDMI) ctld (0) stream (0)
[    9.392111] msm_ext_disp_update_audio_ops: Display not found (EXT_DISPLAY_TYPE_DP) ctld (0) stream (0)
[    9.392113] msm_ext_disp_update_audio_ops: Display not found (EXT_DISPLAY_TYPE_DP) ctld (0) stream (0)
[    9.392118] msm_ext_disp_update_audio_ops: Display not found (EXT_DISPLAY_TYPE_DP) ctld (0) stream (0)
[    9.392120] msm-ext-disp-audio-codec-rx soc:qcom,msm-ext-disp:qcom,msm-ext-disp-audio-codec-rx: msm_ext_disp_audio_type_get: get_audio_edid_blk() or get_intf_id is NULL
[    9.392123] msm_ext_disp_update_audio_ops: Display not found (EXT_DISPLAY_TYPE_DP) ctld (0) stream (0)
[    9.392124] msm-ext-disp-audio-codec-rx soc:qcom,msm-ext-disp:qcom,msm-ext-disp-audio-codec-rx: msm_ext_disp_audio_type_get: get_audio_edid_blk() or get_intf_id is NULL
[    9.392127] msm_ext_disp_update_audio_ops: Display not found (EXT_DISPLAY_TYPE_DP) ctld (0) stream (0)
[    9.392127] msm-ext-disp-audio-codec-rx soc:qcom,msm-ext-disp:qcom,msm-ext-disp-audio-codec-rx: msm_ext_disp_audio_type_get: get_audio_edid_blk() or get_intf_id is NULL
[    9.392164] msm-ext-disp-audio-codec-rx soc:qcom,msm-ext-disp:qcom,msm-ext-disp-audio-codec-rx: msm_ext_disp_audio_device_get: invalid dai id: 4
[    9.485242] vndservicemanager: Since 'vendor.qti.data.nwmgr.INwMgr' could not be found, trying to start it as a lazy AIDL service. (if it's not configured to be a lazy service, it may be stuck starting or still starting).
[    9.485713] vndservicemanager: Tried to start aidl service vendor.qti.data.nwmgr.INwMgr as a lazy service, but was unable to. Usually this happens when a service is not installed, but if the service is intended to be used as a lazy service, then it may be configured incorrectly.
[    9.632775] usb 1-2: device descriptor read/64, error -71
[    9.672274] read descriptors
[    9.672280] read strings
[    9.672552] UDC core: g1: couldn't find an available UDC or it's busy
[    9.672618] UDC core: g1: couldn't find an available UDC or it's busy
[    9.672713] UDC core: g1: couldn't find an available UDC or it's busy
[    9.672818] UDC core: g1: couldn't find an available UDC or it's busy
[    9.983191] usb 1-2: New USB device found, idVendor=4001, idProduct=0428, bcdDevice= 1.00
[    9.983200] usb 1-2: New USB device strings: Mfr=1, Product=2, SerialNumber=3
[    9.983203] usb 1-2: Product: AYANEO Controller
[    9.983205] usb 1-2: SerialNumber: USB HID
[   10.064922] input: AYANEO Controller as /devices/platform/soc/1c08000.qcom,pcie/pci0001:00/0001:00:00.0/0001:01:00.0/usb1/1-2/1-2:1.0/0003:4001:0428.0001/input/input8
[   10.097206] msm-dwc3 a600000.ssusb: DWC3 exited from low power mode
[   10.097451] eusb2-repeater c42d000.qcom,spmi:qcom,pm8550b@7:qcom,eusb2-repeater@fd00: eUSB2 repeater status:OK
[   10.097827] msm-usb-ssphy-qmp 88e8000.ssphy: USB DP QMP PHY: Update TYPEC CTRL(2)
[   10.100190] dwc3 a600000.dwc3: Adding to iommu group 42
[   10.101833] eusb2-repeater c42d000.qcom,spmi:qcom,pm8550b@7:qcom,eusb2-repeater@fd00: eUSB2 repeater status:OK
[   10.102107] msm-usb-ssphy-qmp 88e8000.ssphy: USB DP QMP PHY: Update TYPEC CTRL(2)
[   10.120334] aya_haptic 0003:4001:0428.0001: input,hidraw0: USB HID v1.11 Gamepad [AYANEO Controller] on usb-0001:01:00.0-2/input0
[   10.120652] input: AYANEO Controller aya_haptic as /devices/platform/soc/1c08000.qcom,pcie/pci0001:00/0001:00:00.0/0001:01:00.0/usb1/1-2/1-2:1.0/0003:4001:0428.0001/input/input9
[   10.120729] aya_haptic 0003:4001:0428.0001: aya_haptic init done
[   10.120732] aya_haptic 0003:4001:0428.0001: aya_haptic probe done
[   10.121047] msm_mpss: [parse_devicetree]rproc phandle not ready
[   10.121050] system_health_monitor_probe Failed to parse Device Tree
[   10.121230] cdsp-loader soc:qcom,msm-cdsp-loader: cdsp_loader_probe: rproc not found
[   10.124348] msm_mpss: [parse_devicetree]rproc phandle not ready
[   10.124350] system_health_monitor_probe Failed to parse Device Tree
[   10.124442] cdsp-loader soc:qcom,msm-cdsp-loader: cdsp_loader_probe: rproc not found
[   10.485561] vndservicemanager: Since 'vendor.qti.data.nwmgr.INwMgr' could not be found, trying to start it as a lazy AIDL service. (if it's not configured to be a lazy service, it may be stuck starting or still starting).
[   10.485847] vndservicemanager: Tried to start aidl service vendor.qti.data.nwmgr.INwMgr as a lazy service, but was unable to. Usually this happens when a service is not installed, but if the service is intended to be used as a lazy service, then it may be configured incorrectly.
[   10.688220] read descriptors
[   10.688225] read strings
[   10.688762] eusb2-repeater c42d000.qcom,spmi:qcom,pm8550b@7:qcom,eusb2-repeater@fd00: eUSB2 repeater status:OK
[   10.689356] msm-usb-ssphy-qmp 88e8000.ssphy: USB DP QMP PHY: Update TYPEC CTRL(2)
[   10.740735] dwc3 a600000.dwc3: Set IRQ thread:irq/356-dwc3 pid:2506 to SCHED_NORMAL prio
[   10.743175] msm_mpss: [parse_devicetree]rproc phandle not ready
[   10.743177] system_health_monitor_probe Failed to parse Device Tree
[   10.743515] cdsp-loader soc:qcom,msm-cdsp-loader: cdsp_loader_probe: rproc not found
[   10.746131] android_work: did not send uevent (0 0 0000000000000000)
[   10.746136] msm_eusb2_phy 88e3000.hsphy: Avail curr from USB = 0
[   10.885253] read descriptors
[   10.885257] read strings
[   10.885274] read descriptors
[   10.885276] read strings
[   10.997768] [drm:dsi_display_set_mode [msm_drm]] [msm-dsi-info]: mdp_transfer_time=0, hactive=1080, vactive=1920, fps=120, clk_rate=0
[   11.353628] msm-dwc3 a600000.ssusb: DWC3 in low power mode
[   11.431763] ufshcd-qcom 1d84000.ufshc: clock scaling is suspended, skip
[   11.485962] vndservicemanager: Since 'vendor.qti.data.nwmgr.INwMgr' could not be found, trying to start it as a lazy AIDL service. (if it's not configured to be a lazy service, it may be stuck starting or still starting).
[   11.486446] vndservicemanager: Tried to start aidl service vendor.qti.data.nwmgr.INwMgr as a lazy service, but was unable to. Usually this happens when a service is not installed, but if the service is intended to be used as a lazy service, then it may be configured incorrectly.
[   11.936660] btpower_handle_client_request: Start of BT_CMD_PWR_CTRL cmd request to Power OFF.
[   11.936682] bt_power_vote: Start Current state is ALL Client OFF and No SSR, Both client not in Retention state access NO_GRANT_FOR_ANY_SS pending NO_OTHER_CLIENT_WAITING_FOR_GRANT
[   11.936684] power_disable: both BT and UWB regulators already voted-Off
[   11.936685] bt_power_vote: Completed Current state is ALL Client OFF and No SSR, Both client not in Retention state access NO_GRANT_FOR_ANY_SS pending NO_OTHER_CLIENT_WAITING_FOR_GRANT
[   11.936691] schedule_client_voting: 0
[   11.936713] btpower_handle_client_request: Start of BT_CMD_PWR_CTRL cmd request to Power ON.
[   11.936718] bt_power_vote: Start Current state is ALL Client OFF and No SSR, Both client not in Retention state access NO_GRANT_FOR_ANY_SS pending NO_OTHER_CLIENT_WAITING_FOR_GRANT
[   11.936719] platform_regulators_pwr: not avilable to vote on
[   11.936721] bt_regulators_pwr: vote on
[   11.936846] BTON:Turn Bt OFF asserting BT_EN to low
[   11.936848] bt-reset-gpio(318) value(0)
[   11.992061] BTON:Turn Bt OFF post asserting BT_EN to low
[   11.992069] bt-reset-gpio(318) value(0)
[   11.992071] Set msm_gpio_mpm_wake_set for sw_cntrl gpio successful
[   11.992072] BTON:Turn Bt OFF bt-sw-ctrl-gpio(319) value(1)
[   11.992073] BTON:Turn Bt ON wl-reset-gpio(317) value(1)
[   11.992074] BTON: WLAN ON Asserting BT_EN to high
[   12.048074] BTON:Turn Bt On bt-reset-gpio(318) value(1)
[   12.048079] BTON: Turn BT ON bt-sw-ctrl-gpio(319) value(1)
[   12.048080] bt_configure_gpios: bt_gpio= 318 on: 1
[   12.048108] bt_power_vote: Completed Current state is BT powered ON and No SSR, Both client not in Retention state access NO_GRANT_FOR_ANY_SS pending NO_OTHER_CLIENT_WAITING_FOR_GRANT
[   12.048128] schedule_client_voting: 1
[   12.075898] bt_ioctl: unified Current SOC Version : 40170200
[   12.233587] servicemanager: Found vendor.qti.hardware.perf2.IPerf/default in device VINTF manifest.
[   12.381071] servicemanager: Since 'vendor.qti.hardware.dpmaidlservice.IDpmService/default' could not be found, trying to start it as a lazy AIDL service. (if it's not configured to be a lazy service, it may be stuck starting or still starting).
[   12.381418] init: Control message: Could not find 'aidl/vendor.qti.hardware.dpmaidlservice.IDpmService/default' for ctl.interface_start from pid: 752 (/system/bin/servicemanager)
[   12.381465] servicemanager: Tried to start aidl service vendor.qti.hardware.dpmaidlservice.IDpmService/default as a lazy service, but was unable to. Usually this happens when a service is not installed, but if the service is intended to be used as a lazy service, then it may be configured incorrectly.
[   12.465923] binder: undelivered transaction 32624, process died.
[   12.466289] init: Service 'bootanim' (pid 2053) exited with status 0 oneshot service took 3.950000 seconds in background
[   12.466296] init: Sending signal 9 to service 'bootanim' (pid 2053) process group...
[   12.466397] libprocessgroup: Successfully killed process cgroup uid 1003 pid 2053 in 0ms
[   12.486348] vndservicemanager: Since 'vendor.qti.data.nwmgr.INwMgr' could not be found, trying to start it as a lazy AIDL service. (if it's not configured to be a lazy service, it may be stuck starting or still starting).
[   12.487057] init: Control message: Could not find 'aidl/vendor.qti.data.nwmgr.INwMgr' for ctl.interface_start from pid: 756 (/vendor/bin/vndservicemanager /dev/vndbinder)
[   12.487183] vndservicemanager: Tried to start aidl service vendor.qti.data.nwmgr.INwMgr as a lazy service, but was unable to. Usually this happens when a service is not installed, but if the service is intended to be used as a lazy service, then it may be configured incorrectly.
[   12.496361] servicemanager: Notifying apexservice they do (previously: don't) have clients when service is guaranteed to be in use
[   12.496437] AidlLazyServiceRegistrar: Process has 1 (of 1 available) client(s) in use after notification apexservice has clients: 1
[   12.496441] AidlLazyServiceRegistrar: Shutdown prevented by forcePersist override flag.
[   12.496612] apexd: markBootCompleted() received by ApexService
[   12.500203] init: processing action (sys.boot_completed=1) from (/system/etc/init/hw/init.rc:1232)
[   12.500358] init: starting service 'exec 25 (/bin/rm -rf /data/per_boot)'...
[   12.501947] init: ... started service 'exec 25 (/bin/rm -rf /data/per_boot)' has pid 3370
[   12.501960] init: SVC_EXEC service 'exec 25 (/bin/rm -rf /data/per_boot)' pid 3370 (uid 1000 gid 1000+0 context default) started; waiting...
[   12.508783] init: Service 'exec 25 (/bin/rm -rf /data/per_boot)' (pid 3370) exited with status 0 waiting took 0.007000 seconds
[   12.509317] Boot completed 
[   12.515327] Boot completed 
[   12.516496] servicemanager: Found vendor.qti.qesdsys.IQesdSys/default in framework VINTF manifest.
[   12.526220] type=1400 audit(1785263253.260:165): avc:  denied  { ptrace } for  comm="crash_dump64" scontext=u:r:crash_dump:s0 tcontext=u:r:init:s0 tclass=process permissive=0
[   12.554510] zram0: detected capacity change from 0 to 12582912
[   12.555256] adsprpc : chip_family_id : 
[   12.561921] adsprpc : fastrpc_nsp_status : 0
[   12.564094] init: wait for '/dev/smcinvoke' took 0ms
[   12.573716] adsprpc : Disabled cdsp daemon
[   12.576745] Adding 6291452k swap on /dev/block/zram0.  Priority:32758 extents:1 across:6291452k SS
[   12.576843] servicemanager: Found vendor.qti.hardware.perf2.IPerf/default in device VINTF manifest.
[   12.588278] servicemanager: Found vendor.qti.hardware.perf2.IPerf/default in device VINTF manifest.
[   12.601317] servicemanager: Found vendor.qti.hardware.perf2.IPerf/default in device VINTF manifest.
[   12.604267] servicemanager: Found vendor.qti.gnss.ILocAidlGnss/default in device VINTF manifest.
[   12.618153] servicemanager: Found vendor.qti.hardware.perf2.IPerf/default in device VINTF manifest.
[   12.670425] gh_secure_vm_loader soc:gh-secure-vm-loader@0: loading /vendor/firmware_mnt/image/trustedvm.mdt failed with error -13
[   12.670432] gh_secure_vm_loader soc:gh-secure-vm-loader@0: loading /vendor/firmware_mnt/image/kiwi/trustedvm.mdt failed with error -13
[   12.670461] gh_secure_vm_loader soc:gh-secure-vm-loader@0: Direct firmware load for trustedvm.mdt failed with error -2
[   12.670463] gh_secure_vm_loader soc:gh-secure-vm-loader@0: Falling back to sysfs fallback for: trustedvm.mdt
[   12.677896] gh_secure_vm_loader soc:gh-secure-vm-loader@0: loading /vendor/firmware_mnt/image/trustedvm.b04 failed with error -13
[   12.677900] gh_secure_vm_loader soc:gh-secure-vm-loader@0: loading /vendor/firmware_mnt/image/kiwi/trustedvm.b04 failed with error -13
[   12.677915] gh_secure_vm_loader soc:gh-secure-vm-loader@0: Direct firmware load for trustedvm.b04 failed with error -2
[   12.677916] gh_secure_vm_loader soc:gh-secure-vm-loader@0: Falling back to sysfs fallback for: trustedvm.b04
[   12.684267] gh_secure_vm_loader soc:gh-secure-vm-loader@0: loading /vendor/firmware_mnt/image/trustedvm.b01 failed with error -13
[   12.684271] gh_secure_vm_loader soc:gh-secure-vm-loader@0: loading /vendor/firmware_mnt/image/kiwi/trustedvm.b01 failed with error -13
[   12.684285] gh_secure_vm_loader soc:gh-secure-vm-loader@0: Direct firmware load for trustedvm.b01 failed with error -2
[   12.684287] gh_secure_vm_loader soc:gh-secure-vm-loader@0: Falling back to sysfs fallback for: trustedvm.b01
[   12.694168] gh_secure_vm_loader soc:gh-secure-vm-loader@0: loading /vendor/firmware_mnt/image/trustedvm.b02 failed with error -13
[   12.694174] gh_secure_vm_loader soc:gh-secure-vm-loader@0: loading /vendor/firmware_mnt/image/kiwi/trustedvm.b02 failed with error -13
[   12.694199] gh_secure_vm_loader soc:gh-secure-vm-loader@0: Direct firmware load for trustedvm.b02 failed with error -2
[   12.694201] gh_secure_vm_loader soc:gh-secure-vm-loader@0: Falling back to sysfs fallback for: trustedvm.b02
[   12.702047] gh_secure_vm_loader soc:gh-secure-vm-loader@0: loading /vendor/firmware_mnt/image/trustedvm.b03 failed with error -13
[   12.702053] gh_secure_vm_loader soc:gh-secure-vm-loader@0: loading /vendor/firmware_mnt/image/kiwi/trustedvm.b03 failed with error -13
[   12.702092] gh_secure_vm_loader soc:gh-secure-vm-loader@0: Direct firmware load for trustedvm.b03 failed with error -2
[   12.702094] gh_secure_vm_loader soc:gh-secure-vm-loader@0: Falling back to sysfs fallback for: trustedvm.b03
[   12.703175] type=1400 audit(1785263253.436:166): avc:  denied  { write } for  comm="CachedAppOptimi" name="vndbinder" dev="binder" ino=6 scontext=u:r:system_server:s0 tcontext=u:object_r:vndbinder_device:s0 tclass=chr_file permissive=0
[   12.703281] type=1400 audit(1785263253.436:167): avc:  denied  { write } for  comm="CachedAppOptimi" name="vndbinder" dev="binder" ino=6 scontext=u:r:system_server:s0 tcontext=u:object_r:vndbinder_device:s0 tclass=chr_file permissive=0
[   12.793050] type=1400 audit(1785263253.528:168): avc:  denied  { write } for  comm="CachedAppOptimi" dev="tmpfs" ino=4102 scontext=u:r:system_server:s0 tcontext=u:object_r:zygote_tmpfs:s0 tclass=file permissive=0
[   12.793076] type=1400 audit(1785263253.528:169): avc:  denied  { write } for  comm="CachedAppOptimi" dev="tmpfs" ino=4102 scontext=u:r:system_server:s0 tcontext=u:object_r:zygote_tmpfs:s0 tclass=file permissive=0
[   12.795646] type=1400 audit(1785263253.528:170): avc:  denied  { write } for  comm="CachedAppOptimi" dev="tmpfs" ino=4102 scontext=u:r:system_server:s0 tcontext=u:object_r:zygote_tmpfs:s0 tclass=file permissive=0
[   12.803517] gh_rsc_mgr hypervisor:qcom,resource-manager-rpc@8e00bac9cc3272e7: RM rejected message 5600000a. Error: 2
[   12.803525] gh_rm_vm_auth_image: VM_AUTH_IMAGE failed with err: -19
[   12.803527] gunyah_loader: VM_AUTH_IMAGE failed for VM:45 -19
[   12.803529] gh_secure_vm_loader soc:gh-secure-vm-loader@0: Configuring secure VM trustedvm to memory failed 4294967277
[   12.803539] gh_secure_vm_loader soc:gh-secure-vm-loader@0: Loading Secure VM trustedvm failed -19
[   12.803541] gh_secure_vm_loader soc:gh-secure-vm-loader@0: Loading secure VM trustedvm to memory failed -19
[   12.824173] type=1400 audit(1785263253.556:171): avc:  denied  { write } for  comm="CachedAppOptimi" name="vndbinder" dev="binder" ino=6 scontext=u:r:system_server:s0 tcontext=u:object_r:vndbinder_device:s0 tclass=chr_file permissive=0
[   12.824201] type=1400 audit(1785263253.560:172): avc:  denied  { write } for  comm="CachedAppOptimi" name="vndbinder" dev="binder" ino=6 scontext=u:r:system_server:s0 tcontext=u:object_r:vndbinder_device:s0 tclass=chr_file permissive=0
[   12.824252] type=1400 audit(1785263253.560:173): avc:  denied  { write } for  comm="CachedAppOptimi" name="vndbinder" dev="binder" ino=6 scontext=u:r:system_server:s0 tcontext=u:object_r:vndbinder_device:s0 tclass=chr_file permissive=0
[   12.831123] type=1400 audit(1785263253.564:174): avc:  denied  { write } for  comm="CachedAppOptimi" dev="tmpfs" ino=3464 scontext=u:r:system_server:s0 tcontext=u:object_r:tmpfs:s0 tclass=file permissive=0
[   12.831283] audit_log_lost: 13 callbacks suppressed
[   12.831284] audit: audit_lost=1 audit_rate_limit=5 audit_backlog_limit=64
[   12.831285] audit: rate limit exceeded
[   13.347807] khugepaged: raising min_free_kbytes from 11584 to 73728 to help transparent hugepage allocations
[   13.501440] vndservicemanager: Since 'vendor.qti.data.nwmgr.INwMgr' could not be found, trying to start it as a lazy AIDL service. (if it's not configured to be a lazy service, it may be stuck starting or still starting).
[   13.504182] vndservicemanager: Tried to start aidl service vendor.qti.data.nwmgr.INwMgr as a lazy service, but was unable to. Usually this happens when a service is not installed, but if the service is intended to be used as a lazy service, then it may be configured incorrectly.
[   13.550954] btpower_handle_client_request: Start of BT_CMD_PWR_CTRL cmd request to Power Retention.
[   13.550975] bt_power_vote: Start Current state is BT powered ON and No SSR, Both client not in Retention state access NO_GRANT_FOR_ANY_SS pending NO_OTHER_CLIENT_WAITING_FOR_GRANT
[   13.550978] bt_regulators_pwr: vote for retention
[   13.551026] platform_regulators_pwr: not avilable to vote for retention
[   13.551027] bt_power_vote: Completed Current state is BT powered ON and No SSR, BT in Retention state access NO_GRANT_FOR_ANY_SS pending NO_OTHER_CLIENT_WAITING_FOR_GRANT
[   13.551047] schedule_client_voting: 0
[   14.479358] cnss: Calibration took 5960 ms
[   14.503524] vndservicemanager: Since 'vendor.qti.data.nwmgr.INwMgr' could not be found, trying to start it as a lazy AIDL service. (if it's not configured to be a lazy service, it may be stuck starting or still starting).
[   14.506217] vndservicemanager: Tried to start aidl service vendor.qti.data.nwmgr.INwMgr as a lazy service, but was unable to. Usually this happens when a service is not installed, but if the service is intended to be used as a lazy service, then it may be configured incorrectly.
[   14.585129] msm_pcie_disable: PCIe: Assert the reset of endpoint of RC0.
[   14.688150] cnss: CAL DB file not required as per BDF
[   14.688315] cnss: QMI WLFW service disconnected, state: 0x12ea0000
[   14.691717] msm_pcie_enable: PCIe: Assert the reset of endpoint of RC0.
[   14.696274] msm_pcie_enable_link: PCIe: RC0: PCIE20_PARF_INT_ALL_MASK: 0x7f80d202
[   14.698673] pcie_phy_init: PCIe RC0 PHY is ready!
[   14.708765] msm_pcie_enable_link: PCIe: Release the reset of endpoint of RC0.
[   14.725347] msm_pcie_link_train: PCIe RC0 link initialized
[   14.728803] cnss_pci 0000:01:00.0: loading /vendor/firmware_mnt/image/kiwi/amss20.bin failed with error -13
[   14.728830] cnss_pci 0000:01:00.0: loading /vendor/firmware_mnt/image/kiwi/kiwi/amss20.bin failed with error -13
[   14.728945] cnss_pci 0000:01:00.0: Direct firmware load for kiwi/amss20.bin failed with error -2
[   14.728959] cnss_pci 0000:01:00.0: Falling back to sysfs fallback for: kiwi/amss20.bin
[   14.737528] ueventd: firmware: loading 'kiwi/amss20.bin' for '/devices/platform/soc/1c00000.qcom,pcie/pci0000:00/0000:00:00.0/0000:01:00.0/firmware/kiwi!amss20.bin'
[   14.743573] ueventd: loading /devices/platform/soc/1c00000.qcom,pcie/pci0000:00/0000:00:00.0/0000:01:00.0/firmware/kiwi!amss20.bin took 6ms
[   15.060354] binder: 756:756 transaction credentials failed
[   15.060378] binder: 756:756 transaction async to 1852:0 failed 40527/29201/-1, size 164-8 line 3284
[   15.060572] IPCThreadState: Binder transaction failure: 40527/29201/-1
[   15.256810] msm_mpss: [parse_devicetree]rproc phandle not ready
[   15.256823] system_health_monitor_probe Failed to parse Device Tree
[   15.257381] cdsp-loader soc:qcom,msm-cdsp-loader: cdsp_loader_probe: rproc not found
[   15.259987] msm_mpss: [parse_devicetree]rproc phandle not ready
[   15.259992] system_health_monitor_probe Failed to parse Device Tree
[   15.260432] cdsp-loader soc:qcom,msm-cdsp-loader: cdsp_loader_probe: rproc not found
[   15.260695] msm_mpss: [parse_devicetree]rproc phandle not ready
[   15.260697] system_health_monitor_probe Failed to parse Device Tree
[   15.260836] cdsp-loader soc:qcom,msm-cdsp-loader: cdsp_loader_probe: rproc not found
[   15.261039] qrtr: announce_servers(): Avoiding duplicate announce for NODE ID 7
[   15.261112] msm_mpss: [parse_devicetree]rproc phandle not ready
[   15.261114] system_health_monitor_probe Failed to parse Device Tree
[   15.263230] cnss: QMI WLFW service connected, state: 0x6e20011
[   15.280463] cnss: serial id  0x0 0xbee9d1b3
[   15.280576] cnss2 b0000000.qcom,cnss-kiwi: loading /vendor/firmware_mnt/image/kiwi/regdb.bin failed with error -13
[   15.280593] cnss2 b0000000.qcom,cnss-kiwi: loading /vendor/firmware_mnt/image/kiwi/kiwi/regdb.bin failed with error -13
[   15.283302] ueventd: firmware: loading 'kiwi/regdb.bin' for '/devices/platform/soc/b0000000.qcom,cnss-kiwi/firmware/kiwi!regdb.bin'
[   15.284281] ueventd: loading /devices/platform/soc/b0000000.qcom,cnss-kiwi/firmware/kiwi!regdb.bin took 1ms
[   15.298560] cnss2 b0000000.qcom,cnss-kiwi: loading /vendor/firmware_mnt/image/kiwi/bdwlan.elf failed with error -13
[   15.298585] cnss2 b0000000.qcom,cnss-kiwi: loading /vendor/firmware_mnt/image/kiwi/kiwi/bdwlan.elf failed with error -13
[   15.306774] ueventd: firmware: loading 'kiwi/bdwlan.elf' for '/devices/platform/soc/b0000000.qcom,cnss-kiwi/firmware/kiwi!bdwlan.elf'
[   15.307570] ueventd: loading /devices/platform/soc/b0000000.qcom,cnss-kiwi/firmware/kiwi!bdwlan.elf took 1ms
[   15.352328] cnss: Host BDF config: HW_XPA: 1 CalDB: 0
[   15.354922] cnss2 b0000000.qcom,cnss-kiwi: loading /vendor/firmware_mnt/image/kiwi/qdss_trace_config_perf_v2.cfg failed with error -13
[   15.354943] cnss2 b0000000.qcom,cnss-kiwi: loading /vendor/firmware_mnt/image/kiwi/kiwi/qdss_trace_config_perf_v2.cfg failed with error -13
[   15.364682] ueventd: firmware: loading 'kiwi/qdss_trace_config_perf_v2.cfg' for '/devices/platform/soc/b0000000.qcom,cnss-kiwi/firmware/kiwi!qdss_trace_config_perf_v2.cfg'
[   15.366217] ueventd: firmware: could not find firmware for kiwi/qdss_trace_config_perf_v2.cfg
[   15.366244] ueventd: firmware: attempted /etc/firmware/kiwi/qdss_trace_config_perf_v2.cfg, open failed: No such file or directory
[   15.366257] ueventd: firmware: attempted /odm/firmware/kiwi/qdss_trace_config_perf_v2.cfg, open failed: No such file or directory
[   15.366753] cnss2 b0000000.qcom,cnss-kiwi: loading /vendor/firmware_mnt/image/kiwi/qdss_trace_config_v2.cfg failed with error -13
[   15.366771] cnss2 b0000000.qcom,cnss-kiwi: loading /vendor/firmware_mnt/image/kiwi/kiwi/qdss_trace_config_v2.cfg failed with error -13
[   15.388637] cnss: DMS QMI connection not established
[   15.389037] (NULL device *): loading /vendor/firmware_mnt/image/wlan/qca_cld/kiwi_v2/WCNSS_qcom_cfg.ini failed with error -13
[   15.389058] (NULL device *): loading /vendor/firmware_mnt/image/kiwi/wlan/qca_cld/kiwi_v2/WCNSS_qcom_cfg.ini failed with error -13
[   15.477514] wlan_pld:pld_is_ipa_offload_disabled:2752:: Not supported on type 0
[   15.477616] [kworke][0x17f4eb1a][18:27:36.215304] kiwi_v2: [87:E:QDF] __cds_get_context: Module ID 53 context is Null (via wlan_mlme_set_epcs_capability)
[   15.477708] [kworke][0x17f4f20f][18:27:36.215397] kiwi_v2: [87:E:POLICY_MGR] policy_mgr_init_cfg: max_conc_cxns 4 non-nan
[   15.478764] [kworke][0x17f540fc][18:27:36.216450] kiwi_v2: [87:E:QDF] __cds_get_context: Module ID 66 context is Null (via hdd_update_ol_config)
[   15.479425] [kworke][0x17f5727b][18:27:36.217109] kiwi_v2: [87:E:QDF] __cds_get_context: Module ID 66 context is Null (via cds_open)
[   15.488890] [kworke][0x17f838a6][18:27:36.226578] kiwi_v2: [87:I:WMA] wma_open: WMA --> wmi_unified_attach - success
[   15.492734] [kworke][0x17f958c3][18:27:36.230420] kiwi_v2: [87:E:QDF] htc_wait_target: Target Ready! TX resource : 1 size:2176, MaxMsgsPerHTCBundle = 1
[   15.492745] [kworke][0x17f959cf][18:27:36.230433] kiwi_v2: [87:E:QDF] htc_setup_target_buffer_assignments: SVS Index : 1 TX : 0x100 : alloc:1
[   15.496929] [kworke][0x17fa9387][18:27:36.234616] kiwi_v2: [87:E:QDF] dp_tx_mon_soc_attach_2_0: dp_tx_mon_soc_attach_2_0:1626 tx mon buf entries: 4096
[   15.496975] [kworke][0x17fa970e][18:27:36.234663] kiwi_v2: [87:E:QDF] dp_tx_mon_buf_desc_pool_alloc: dp_tx_mon_buf_desc_pool_alloc:409 tx mon buf desc pool entries: 4096
[   15.503310] [kworke][0x17fc7238][18:27:36.240999] kiwi_v2: [87:I:scan] scm_channel_list_db_init: min_freq 5935 max_freq 7115
[   15.505702] BpBinder: onLastStrongRef automatically unlinking death recipients: 
[   15.514862] [kworke][0x17ffd447][18:27:36.252546] kiwi_v2: [8:I:WMA] wma_rx_service_ready_event: Firmware build version : 20060a8e
[   15.514889] [kworke][0x17ffd66a][18:27:36.252575] kiwi_v2: [8:I:WMA] wma_rx_service_ready_event: Board id: 0, Board version: 8 0 0 0 1
[   15.519264] [kworke][0x18011e79][18:27:36.256949] kiwi_v2: [8:E:WMA] wma_update_supported_bands: wrong supported band
[   15.519588] [kworke][0x180136e5][18:27:36.257275] kiwi_v2: [8:I:WMI] extract_hw_bdf_status: BDF VER is 0, FW and BDF ver check skipped
[   15.631365] [kworke][0x1821f609][18:27:36.369050] kiwi_v2: [10:I:WMI] ready_extract_init_status_tlv: ready_extract_init_status_tlv:0
[   15.631513] [kworke][0x18220140][18:27:36.369199] kiwi_v2: [10:E:QDF] __cds_get_context: Module ID 65 context is Null (via wma_set_tx_partition_base)
[   15.631530] [kworke][0x18220284][18:27:36.369216] kiwi_v2: [10:F:DP] cdp_ipa_set_uc_tx_partition_base invalid instance
[   15.633416] [kworke][0x18229020][18:27:36.371104] kiwi_v2: [10:E:REGULATORY] reg_set_keep_6ghz_sta_cli_connection: pdev reg component is NULL
[   15.633672] [kworke][0x1822a364][18:27:36.371361] kiwi_v2: [10:E:REGULATORY] reg_send_scheduler_msg_nb: hlos not initialized
[   15.633690] [kworke][0x1822a4bd][18:27:36.371379] kiwi_v2: [10:I:dfs] WLAN_DEBUG_DFS_ALWAYS : wlan_dfs_pdev_obj_create_notification: dfs_bangradar_320_support 0
[   15.633699] [kworke][0x1822a569][18:27:36.371388] kiwi_v2: [10:I:dfs] WLAN_DEBUG_DFS_ALWAYS : dfs_set_nol_subchannel_marking: NOL subchannel marking is set 
[   15.633717] [kworke][0x1822a6be][18:27:36.371406] kiwi_v2: [10:I:SPECTRAL] null_get_capability: SPECTRAL : get_capability not registered

[   15.633723] [kworke][0x1822a733][18:27:36.371412] kiwi_v2: [10:I:SPECTRAL] target_if_pdev_spectral_init: HAL_CAP_PHYDIAG : Capable
[   15.633728] [kworke][0x1822a79a][18:27:36.371417] kiwi_v2: [10:I:SPECTRAL] null_get_capability: SPECTRAL : get_capability not registered

[   15.633733] [kworke][0x1822a7f4][18:27:36.371422] kiwi_v2: [10:I:SPECTRAL] target_if_pdev_spectral_init: HAL_CAP_RADAR   : Capable
[   15.633750] [kworke][0x1822a855][18:27:36.371427] kiwi_v2: [10:I:SPECTRAL] null_get_capability: SPECTRAL : get_capability not registered

[   15.633757] [kworke][0x1822a9bd][18:27:36.371446] kiwi_v2: [10:I:SPECTRAL] target_if_pdev_spectral_init: HAL_CAP_SPECTRAL_SCAN : Capable
[   15.633763] [kworke][0x1822aa40][18:27:36.371453] kiwi_v2: [10:I:SPECTRAL] null_get_tsf64: SPECTRAL : get_tsf64 not registered

[   15.633791] [kworke][0x1822ac46][18:27:36.371480] kiwi_v2: [10:I:GREEN_AP] wlan_green_ap_pdev_obj_create_notification: Green AP creation successful, green ap ctx: 0000000000000000, pdev: 0000000000000000
[   15.636315] [kworke][0x1823698a][18:27:36.374003] kiwi_v2: [10:E:CFR] cfr_streamfs_init: Directory create failed
[   15.636361] [kworke][0x18236a6f][18:27:36.374015] kiwi_v2: [10:E:CFR] wlan_cfr_pdev_open: cfr_streamfs_init failed with 16

[   15.636422] [kworke][0x18237191][18:27:36.374110] kiwi_v2: [10:I:REGULATORY] reg_set_band: same band 7
[   15.636433] [kworke][0x18237270][18:27:36.374122] kiwi_v2: [10:I:HDD] hdd_intersect_igmp_offload_setting: fw cap to handle igmp 1 igmp_offload_enable ini 0
[   15.636876] [kworke][0x1823938b][18:27:36.374563] kiwi_v2: [10:I:GREEN_AP] target_if_green_ap_register_egap_event_handler: Set the Enhance Green AP event handler
[   15.636972] [kworke][0x18239ac6][18:27:36.374660] kiwi_v2: [87:I:WMA] wma_wait_for_ready_event: FW ready event received
[   15.637315] [kworke][0x1823b4b2][18:27:36.375005] kiwi_v2: [87:I:IPA] ipa_register_is_ipa_ready: No. of instances added for IPA is 1
[   15.637369] [kworke][0x1823b8b8][18:27:36.375059] kiwi_v2: [87:I:SYS] Creating periodic timer for OLBC UPDATE CACHE TIMEOUT

[   15.638407] [kworke][0x1824068b][18:27:36.376097] kiwi_v2: [87:I:DIRECT_BUF_RX] target_if_direct_buf_rx_register_events: DBR Handler Context 1
[   15.656873] [kworke][0x18296f42][18:27:36.394560] kiwi_v2: [87:E:fwol] ucfg_fwol_send_get_thermal_stats_cmd: Command Disabled in Ini gThermalStatsTempOffset 5 or not enabled in FW 0
[   15.656881] [kworke][0x18297015][18:27:36.394570] kiwi_v2: [87:E:OSIF] os_if_fwol_get_thermal_stats_req: Failed to send get thermal stats cmd to FW, 4
[   15.659356] cnss_utils: WLAN MAC address is not set, type 0
[   15.659390] cnss_pci 0000:01:00.0: loading /vendor/firmware_mnt/image/wlan/qca_cld/kiwi_v2/wlan_mac.bin failed with error -13
[   15.659397] cnss_pci 0000:01:00.0: loading /vendor/firmware_mnt/image/kiwi/wlan/qca_cld/kiwi_v2/wlan_mac.bin failed with error -13
[   15.659580] cnss_pci 0000:01:00.0: loading /vendor/firmware/wlan/qca_cld/kiwi_v2/wlan_mac.bin failed with error -13
[   15.665832] [kworke][0x182c0f51][18:27:36.403520] kiwi_v2: [87:I:HDD] hdd_initialize_mac_address: using MAC address from wlan_mac.bin
[   15.668579] cnss-daemon: no interop issues ap currently
[   15.686113] cnss: Failed to get cooling device node
[   15.686416] cnss: Failed to get cooling device node
[   15.694999] [binder][0x18349aed][18:27:36.432688] kiwi_v2: [1451:I:HDD] wlan_hdd_state_ctrl_param_write: Wifi Turning On from UI

[   15.695003] [binder][0x18349b49][18:27:36.432693] kiwi_v2: [1451:I:HDD] wlan_hdd_state_ctrl_param_write: is_driver_loaded 1 is_driver_recovering 0
[   15.697330] [binder][0x183549d1][18:27:36.435020] kiwi_v2: [1451:E:MLO_MGR] mlo_mgr_ml_peer_exist_on_diff_ml_ctx: MLD ID 0 exists with mac zz:zz:zz:zz:zz:zz
[   15.698107] [binder][0x18358407][18:27:36.435796] kiwi_v2: [1451:E:HDD] hdd_sysfs_bmiss_create: could not create bmiss sysfs file
[   15.704846] [binder][0x18377d66][18:27:36.442535] kiwi_v2: [1520:E:PMO] pmo_register_wow_wakeup_events: Skipping wake event configuration for vdev_opmode 16
[   15.704983] [binder][0x183787b0][18:27:36.442672] kiwi_v2: [1520:E:SME] sme_get_nss_chain_shift: Device mode 16 invalid
[   15.704991] [binder][0x18378844][18:27:36.442680] kiwi_v2: [1520:E:SME] sme_get_nss_chain_shift: Device mode 16 invalid
[   15.747697] [binder][0x18440b15][18:27:36.485384] kiwi_v2: [1520:E:HDD] hdd_convert_nl80211_to_reg_band_mask: band: 2 not supported
[   15.821100] audit: audit_lost=183 audit_rate_limit=5 audit_backlog_limit=64
[   15.821105] audit: rate limit exceeded
[   15.832460] capability: warning: `wpa_supplicant' uses 32-bit capabilities (legacy support in use)
[   15.866964] [wpa_su][0x1866fc2e][18:27:36.604652] kiwi_v2: [3925:E:HDD] hdd_config_power: power attr and opm attr is null
[   15.870452] [binder][0x186801dd][18:27:36.608141] kiwi_v2: [1520:E:HDD] hdd_convert_nl80211_to_reg_band_mask: band: 2 not supported
[   15.921525] [binder][0x1876f83a][18:27:36.659212] kiwi_v2: [1520:I:OSIF] osif_cm_disconnect_sync: vdevid-2: Received Disconnect reason:65528 
[   15.921541] [binder][0x1876f97d][18:27:36.659229] kiwi_v2: [1520:E:CMN_MLME] cm_disconnect_start_req_sync:869: vdev 2 cm_ctx is NULL
[   15.921553] [binder][0x1876fa58][18:27:36.659241] kiwi_v2: [1520:E:HDD] hdd_sta_disconnect_and_cleanup: STA disconnect failed
[   15.925789] [schedu][0x18783807][18:27:36.663476] kiwi_v2: [3892:E:DP] dp_tx_flow_pool_unmap_handler: flow pool id: 2 is inactive, ignore unmap
[   15.941362] [binder][0x187cc7db][18:27:36.679048] kiwi_v2: [1520:I:HDD] vdev 2 destroyed successfully
[   15.951621] [binder][0x187fc977][18:27:36.689309] kiwi_v2: [3906:E:DP] dp_tx_flow_pool_unmap_handler: flow pool id: 0 is inactive, ignore unmap
[   15.952994] [binder][0x18803091][18:27:36.690684] kiwi_v2: [3906:E:DP] dp_tx_flow_pool_unmap_handler: flow pool id: 1 is inactive, ignore unmap
[   16.012548] [binder][0x1891a2d8][18:27:36.750234] kiwi_v2: [1520:E:HDD] hdd_convert_nl80211_to_reg_band_mask: band: 2 not supported
[   16.012569] [binder][0x1891a4a7][18:27:36.750258] kiwi_v2: [1520:E:REGULATORY] reg_get_band_from_cur_chan_list: Failed to retrieve the channel list
[   16.012584] [binder][0x1891a5ce][18:27:36.750273] kiwi_v2: [1520:E:HDD] hdd_send_usable_channel: No data requested
[   16.012591] [binder][0x1891a646][18:27:36.750280] kiwi_v2: [1520:E:HDD] __wlan_hdd_cfg80211_get_usable_channel: failed to send usable_channels
[   16.018769] [binder][0x189375a0][18:27:36.756458] kiwi_v2: [1520:E:OSIF] wlan_hdd_set_station_stats_request_pending: peer is null
[   16.029587] [binder][0x1896a0e5][18:27:36.767275] kiwi_v2: [3906:E:OSIF] wlan_hdd_set_station_stats_request_pending: peer is null
[   16.079264] [schedu][0x18a52ea3][18:27:36.816951] kiwi_v2: [3892:I:OSIF] scan start scan id 40961
[   16.317653] AidlLazyServiceRegistrar: Process has 0 (of 1 available) client(s) in use after notification apexservice has clients: 0
[   16.317686] AidlLazyServiceRegistrar: Shutdown prevented by forcePersist override flag.
[   17.488578] apexd: Deleting unused dm device com.android.apex.cts.shim
[   17.489189] apexd: Didn't generate uevent for [com.android.apex.cts.shim] removal
[   17.489233] apexd: Failed to delete dm-device com.android.apex.cts.shim
[   17.489368] apexd: Deleting unused dm device com.android.compos
[   17.490074] apexd: Didn't generate uevent for [com.android.compos] removal
[   17.495093] servicemanager: Unregistering apexservice
[   17.495144] BpBinder: onLastStrongRef automatically unlinking death recipients: 
[   17.501095] printk: binder:1119_1: 151 output lines suppressed due to ratelimiting
[   17.501724] init: Service 'apexd' (pid 1119) exited with status 0 oneshot service took 10.130000 seconds in background
[   17.501748] init: Sending signal 9 to service 'apexd' (pid 1119) process group...
[   17.501963] libprocessgroup: Successfully killed process cgroup uid 0 pid 1119 in 0ms
[   17.567560] init: starting service 'vendor.qlm-service'...
[   17.568616] init: Created socket '/dev/socket/qlm_service', mode 660, user 0, group 1000
[   17.578053] init: ... started service 'vendor.qlm-service' has pid 3941
[   19.327153] [schedu][0x1c5cb5d1][18:27:40.064834] kiwi_v2: [3892:I:OSIF] vdev 0, scan id 40961 type COMPLETED(1) reason COMPLETED(1) scan found 18 bss
[   19.343157] [binder][0x1c61646b][18:27:40.080815] kiwi_v2: [3906:E:OSIF] wlan_hdd_set_station_stats_request_pending: peer is null
[   19.365921] [binder][0x1c68120c][18:27:40.103610] kiwi_v2: [3906:E:DP] dp_tx_flow_pool_unmap_handler: flow pool id: 0 is inactive, ignore unmap
[   19.369078] [binder][0x1c68fed2][18:27:40.106767] kiwi_v2: [3906:E:DP] dp_tx_flow_pool_unmap_handler: flow pool id: 1 is inactive, ignore unmap
[   19.413765] [schedu][0x1c76160a][18:27:40.151450] kiwi_v2: [3892:I:CMN_MLME] vdev 0 cm_id 0xc000001: Connecting to HOMENET b0:a7:b9:**:**:b3 rssi: -55 freq: 5220 akm 0x800 cipher: uc 0x8 mc 0x8, wps 0 osen 0 force RSN 0 CC: US
[   19.415183] [schedu][0x1c768067][18:27:40.152868] kiwi_v2: [3892:I:WMI] vdev_start_add_mlo_params: mlo_flags 0x0 emlsr_support 0 
[   19.415229] [schedu][0x1c768210][18:27:40.152890] kiwi_v2: [3892:I:WMI] send_vdev_start_cmd_tlv: vdev_id 0 freq 5220 chanmode 18 ch_info: 0x12 is_dfs 0 beacon interval 100 dtim 0 center_chan 5210 center_freq2 0 reg_info_1: 0x180000 reg_info_2: 0x1800, req->max_txpow: 0x18 Tx SS 2, Rx SS 2, ldpc_rx: 0, cac 0, regd 1, HE ops: 0req->dis_hw_ack: 0 
[   19.415246] [schedu][0x1c768551][18:27:40.152934] kiwi_v2: [3892:I:WMI] vdev_start_cmd_fill_11be: EHT ops: 0 puncture_bitmap 0 wmi cmd puncture bitmap ffffffff
[   19.521323] logd: start watching /data/system/packages.list ...
[   19.523833] logd: ReadPackageList, total packages: 206
[   19.551899] [schedu][0x1c9e8e2a][18:27:40.289585] kiwi_v2: [3892:I:PE] Auth TX: success (0)
[   19.583088] [schedu][0x1ca7b116][18:27:40.320771] kiwi_v2: [3892:I:PE] Auth RX: vdev 0 sys role 2 lim_state 29 from b0:a7:b9:**:**:b3 rssi -52 auth_alg 3 seq 0
[   19.583126] [schedu][0x1ca7b430][18:27:40.320812] kiwi_v2: [3892:I:PE] vdev:0 SAE Auth RX type 0 subtype 11 trans_seq_num:1 from b0:a7:b9:**:**:b3
[   19.598645] [schedu][0x1cac3f72][18:27:40.336322] kiwi_v2: [3892:I:PE] Assoc req TX: vdev 0 to b0:a7:b9:**:**:b3 seq num 2051
[   19.602260] [schedu][0x1cad4f17][18:27:40.339944] kiwi_v2: [3892:I:PE] Assoc req TX: success (0)
[   19.604460] [schedu][0x1cadf423][18:27:40.342145] kiwi_v2: [3892:I:PE] Assoc rsp RX: subtype 0 vdev 0 sys role 2 lim state 10 rssi -52 from b0:a7:b9:**:**:b3
[   19.605403] [schedu][0x1cae3ade][18:27:40.343088] kiwi_v2: [3892:E:PE] lim_extract_msd_caps: mlo peer ctx is null
[   19.614811] [schedu][0x1cb0fc99][18:27:40.352497] kiwi_v2: [3892:E:CMN_MLME] mlme_sr_update: Spatial Reuse disabled for vdev_id: 0
[   19.615952] [schedu][0x1cb1523c][18:27:40.353639] kiwi_v2: [3892:I:CMN_MLME] cm_roam_switch_to_init: dual_sta_roam_active:1, sta concurrency on different mac:0, state:0
[   19.615973] [schedu][0x1cb153e5][18:27:40.353661] kiwi_v2: [3892:I:CMN_MLME] cm_roam_switch_to_init: STA + STA concurrency with a primary iface, have roaming enabled on both interfaces
[   19.616204] [schedu][0x1cb16531][18:27:40.353892] kiwi_v2: [3892:I:OSIF] wlan0(vdevid-0): zz:zz:zz:zz:zz:zz Connect with b0:a7:b9:**:**:b3 "HOMENET" is SUCCESS, cmid 0xc000001 
[   19.617705] [dp_rx_][0x1cb1d566][18:27:40.355389] kiwi_v2: [3897:I:QDF] EAPOL-1 RX: SA:b0:a7:b9:**:**:b3 DA:zz:zz:zz:zz:zz:zz
[   19.642094] [soft_i][0x1cb8fa4f][18:27:40.379774] kiwi_v2: [0:E:DP] dp_tx_update_peer_stats: Release source:3 is not from TQM
[   19.642154] [soft_i][0x1cb8ff33][18:27:40.379839] kiwi_v2: [0:I:QDF] EAPOL-2 TX: SA:zz:zz:zz:zz:zz:zz DA:b0:a7:b9:**:**:b3 msdu_id:0 status: succ
[   19.644468] [dp_rx_][0x1cb9aca7][18:27:40.382152] kiwi_v2: [3897:I:QDF] EAPOL-3 RX: SA:b0:a7:b9:**:**:b3 DA:zz:zz:zz:zz:zz:zz
[   19.645118] [kworke][0x1cb9dd75][18:27:40.382802] kiwi_v2: [259:E:OSIF] osif_twt_enable_complete_cb: obsolete request
[   19.655025] [soft_i][0x1cbcc430][18:27:40.392706] kiwi_v2: [0:I:QDF] EAPOL-4 TX: SA:zz:zz:zz:zz:zz:zz DA:b0:a7:b9:**:**:b3 msdu_id:0 status: succ
[   19.760956] [binder][0x1cdbcda1][18:27:40.498644] kiwi_v2: [3906:E:HDD] hdd_config_power: power attr and opm attr is null
[   19.762625] [wpa_su][0x1cdc4ad7][18:27:40.500314] kiwi_v2: [3925:E:TWT] wlan_twt_is_setup_done: Peer object not found 00:00:00:**:**:00
[   19.762808] [schedu][0x1cdc5894][18:27:40.500497] kiwi_v2: [3892:E:WMA] wma_process_dhcp_ind: Failed to find vdev id for DHCP indication
[   19.777720] [soft_i][0x1ce0b6ae][18:27:40.515405] kiwi_v2: [0:I:QDF] DHCP-R TX: SA:zz:zz:zz:zz:zz:zz DA:ff:ff:ff:**:**:ff msdu_id:1 status: succ
[   19.793772] [dp_rx_][0x1ce56a85][18:27:40.531457] kiwi_v2: [3897:I:QDF] DHCP-A RX: SA:78:8c:b5:**:**:25 DA:zz:zz:zz:zz:zz:zz
[   19.799178] [schedu][0x1ce7003a][18:27:40.536866] kiwi_v2: [3892:E:WMA] wma_process_dhcp_ind: Failed to find vdev id for DHCP indication
[   19.827380] [dp_rx_][0x1cef4380][18:27:40.565069] kiwi_v2: [3897:I:QDF] DHCP-R RX: SA:zz:zz:zz:zz:zz:zz DA:ff:ff:ff:**:**:ff
[   19.848726] cnss-daemon: Invalid mac address
[   19.848736] cnss-daemon: failed to update gateway
[   20.954015] cnss-daemon: Invalid mac address
[   20.954109] cnss-daemon: failed to update gateway
[   20.963462] cdsp-loader soc:qcom,msm-cdsp-loader: cdsp_loader_probe: rproc not found
[   20.964927] msm_mpss: [parse_devicetree]rproc phandle not ready
[   20.964934] system_health_monitor_probe Failed to parse Device Tree
[   20.965136] platform soc:qcom,msm-cdsp-loader: deferred probe pending
[   20.965144] platform soc:regulator-ocp-notifier: deferred probe pending
[   20.965148] platform soc:qcom,health_monitor: deferred probe pending
[   20.965337] [binder][0x1e3ca647][18:27:41.703026] kiwi_v2: [3906:E:HDD] hdd_config_power: power attr and opm attr is null
[   21.211279] init: Sending signal 9 to service 'idmap2d' (pid 1833) process group...
[   21.217924] libprocessgroup: Successfully killed process cgroup uid 1000 pid 1833 in 6ms
[   21.223921] init: Control message: Processed ctl.stop for 'idmap2d' from pid: 2281 (system_server)
[   21.224872] init: Service 'idmap2d' (pid 1833) received signal 9
[   21.653588] [kworke][0x1f064887][18:27:42.391270] kiwi_v2: [2202:I:PMO] pmo_core_enable_wow_in_fw: drv wow is enabled
[   21.739417] [kworke][0x1f1f6e16][18:27:42.477104] kiwi_v2: [858:I:PMO] pmo_core_psoc_send_host_wakeup_ind_to_fw: Host wakeup indication sent to fw
[   22.261421] [kworke][0x1fb85c67][18:27:42.999108] kiwi_v2: [858:I:PMO] pmo_core_enable_wow_in_fw: drv wow is enabled
[   22.501561] servicemanager: Found android.hardware.graphics.allocator.IAllocator/default in device VINTF manifest.
[   22.507698] servicemanager: Found android.hardware.graphics.allocator.IAllocator/default in device VINTF manifest.
[   22.552271] servicemanager: Found vendor.qti.qspmhal.IQspmhal/default in device VINTF manifest.
[   22.989561] type=1400 audit(1785263263.724:365): avc:  denied  { read } for  comm="binder:1070_1" name="wakeup64" dev="sysfs" ino=142950 scontext=u:r:system_suspend:s0 tcontext=u:object_r:sysfs:s0 tclass=dir permissive=0
[   22.991403] type=1400 audit(1785263263.724:366): avc:  denied  { read } for  comm="binder:1070_1" name="wakeup9" dev="sysfs" ino=106917 scontext=u:r:system_suspend:s0 tcontext=u:object_r:sysfs:s0 tclass=dir permissive=0
[   22.992472] type=1400 audit(1785263263.728:367): avc:  denied  { read } for  comm="binder:1070_1" name="wakeup22" dev="sysfs" ino=128678 scontext=u:r:system_suspend:s0 tcontext=u:object_r:sysfs:s0 tclass=dir permissive=0
[   22.994073] type=1400 audit(1785263263.728:368): avc:  denied  { read } for  comm="binder:1070_1" name="wakeup10" dev="sysfs" ino=112190 scontext=u:r:system_suspend:s0 tcontext=u:object_r:sysfs:s0 tclass=dir permissive=0
[   22.994926] <I>CTS-I2CDrv Suspend
[   22.994931] <I>CTS-Core Suspend device
[   22.994934] <I>CTS-Core Set suspend mode:sleep
[   22.995508] type=1400 audit(1785263263.728:369): avc:  denied  { read } for  comm="binder:1070_1" name="wakeup65" dev="sysfs" ino=142966 scontext=u:r:system_suspend:s0 tcontext=u:object_r:sysfs:s0 tclass=dir permissive=0
[   22.995876] <I>CTS-Core Device suspended ...
[   22.995880] <I>CTS-Core Stop device...
[   22.995909] <I>CTS-Core Flush workqueue...
[   22.995914] <I>CTS-Plat Release all touch
[   22.995924] <I>CTS-Plat Set Reset to LOW
[   22.997273] audit: audit_lost=186 audit_rate_limit=5 audit_backlog_limit=64
[   22.997276] audit: rate limit exceeded
[   22.998599] usb 1-2: USB disconnect, device number 2
[   23.001709] aya_haptic_remove: enter
[   23.005566] aya_haptic_remove: done
[   23.020649] healthd: battery l=77 v=8161 t=33.0 h=2 st=3 c=-267340 fc=4162000 cc=0 chg=
[   23.555186] [kworke][0x2133644a][18:27:44.292867] kiwi_v2: [779:I:PMO] pmo_core_psoc_send_host_wakeup_ind_to_fw: Host wakeup indication sent to fw
[   23.628146] [soft_i][0x2148c434][18:27:44.365826] kiwi_v2: [0:E:DP] dp_tx_update_peer_stats: Release source:3 is not from TQM
[   23.634581] cnss-daemon: Invalid mac address
[   23.634725] cnss-daemon: failed to update gateway
[   24.154530] PM: suspend entry (s2idle)
[   24.172314] Filesystems sync: 0.017 seconds
[   24.180557] Freezing user space processes
[   24.181585] smcinvoke: process_accept_req: Server id :27 interrupted probaby due to suspend, pid:1008
[   24.181627] smcinvoke: process_accept_req: Server id :27 interrupted probaby due to suspend, pid:1009
[   24.181661] smcinvoke: process_accept_req: Server id :27 interrupted probaby due to suspend, pid:1010
[   24.181703] smcinvoke: process_accept_req: Server id :27 interrupted probaby due to suspend, pid:1011
[   24.181781] smcinvoke: process_accept_req: Server id :17 interrupted probaby due to suspend, pid:967
[   24.181788] smcinvoke: process_accept_req: Server id :17 interrupted probaby due to suspend, pid:968
[   24.181838] smcinvoke: process_accept_req: Server id :17 interrupted probaby due to suspend, pid:966
[   24.181871] smcinvoke: process_accept_req: Server id :18 interrupted probaby due to suspend, pid:970
[   24.181917] smcinvoke: process_accept_req: Server id :18 interrupted probaby due to suspend, pid:971
[   24.181980] smcinvoke: process_accept_req: Server id :17 interrupted probaby due to suspend, pid:969
[   24.183014] gunyah_loader: Wait for VM_STATUS 9 interrupted
[   24.183042] spcom:spcom_ioctl_handle_poll_event: Wait for link state change interrupted, ret[-512], pid: 1067
[   24.183234] spcom:spcom_ioctl_handle_poll_event: Wait for link state change interrupted, ret[-512], pid: 1073
[   24.183268] spcom:spcom_ioctl_handle_poll_event: Wait for link state change interrupted, ret[-512], pid: 1068
[   24.186285] spcom:spcom_ioctl_handle_poll_event: Wait for link state change interrupted, ret[-512], pid: 1455
[   24.186329] spcom:spcom_ioctl_handle_poll_event: Wait for link state change interrupted, ret[-512], pid: 1456
[   24.186343] spcom:spcom_ioctl_handle_poll_event: Wait for link state change interrupted, ret[-512], pid: 1459
[   24.200929] Freezing user space processes completed (elapsed 0.020 seconds)
[   24.200943] OOM killer disabled.
[   24.200946] Freezing remaining freezable tasks
[   24.203275] Freezing remaining freezable tasks completed (elapsed 0.002 seconds)
[   24.203286] printk: Suspending console(s) (use no_console_suspend to debug)
[   24.207186] [kworke][0x21f2687c][18:27:44.944869] kiwi_v2: [8:I:HDD] hdd_suspend_wlan: WLAN being suspended by OS
[   24.208734] [kworke][0x21f2dd02][18:27:44.946423] kiwi_v2: [8:I:PMO] pmo_core_is_wow_applicable: lpass enabled, enabling wow
[   24.208899] [binder][0x21f2e960][18:27:44.946588] kiwi_v2: [4012:I:HDD] __wlan_hdd_bus_suspend: starting bus suspend
[   24.208931] [binder][0x21f2ebd5][18:27:44.946620] kiwi_v2: [4012:I:PMO] pmo_core_enable_wow_in_fw: drv wow is enabled
[   24.208937] [binder][0x21f2ec43][18:27:44.946626] kiwi_v2: [4012:I:PMO] pmo_core_enable_wow_in_fw: system suspend wow
[   24.259169] [binder][0x2201a398][18:27:44.996857] kiwi_v2: [4012:I:HDD] __wlan_hdd_bus_suspend: bus suspend succeeded
[   24.278385] PM: PM: Pending Wakeup Sources: NETLINK 
[   24.278507] PM: Some devices failed to suspend, or early wake event detected
[   24.283580] [binder][0x2208c9ca][18:27:45.021260] kiwi_v2: [4012:I:HDD] wlan_hdd_bus_resume: starting bus resume
[   24.284128] [binder][0x2208f346][18:27:45.021813] kiwi_v2: [4012:I:PMO] pmo_core_psoc_send_host_wakeup_ind_to_fw: Host wakeup indication sent to fw
[   24.295955] [soft_i][0x220c6a1a][18:27:45.033638] kiwi_v2: [0:I:WMA] Non-WLAN triggered wakeup: UNSPECIFIED (-1)
[   24.296174] [binder][0x220c7ab4][18:27:45.033859] kiwi_v2: [4012:I:HDD] wlan_hdd_bus_resume: bus resume succeeded
[   24.296756] [kworke][0x220ca655][18:27:45.034441] kiwi_v2: [10:I:HDD] hdd_resume_wlan: WLAN being resumed by OS
[   24.297604] [kworke][0x220ce5f2][18:27:45.035289] kiwi_v2: [10:E:HDD] hdd_restart_tsf_sync_post_wlan_resume: Host TSF sync is not initialized!!
[   24.298221] [kworke][0x220d144b][18:27:45.035907] kiwi_v2: [10:E:HDD] hdd_restart_tsf_sync_post_wlan_resume: Host TSF sync is not initialized!!
[   24.308513] OOM killer enabled.
[   24.308520] Restarting tasks ... 
[   24.309844] cdsp-loader soc:qcom,msm-cdsp-loader: cdsp_loader_probe: rproc not found
[   24.311030] smcinvoke: process_accept_req: process_accept_req txn 2 either invalid or removed from Q
[   24.311127] smcinvoke: process_accept_req: process_accept_req txn 3 either invalid or removed from Q
[   24.311385] smcinvoke: process_accept_req: process_accept_req txn 3 either invalid or removed from Q
[   24.311400] smcinvoke: process_accept_req: process_accept_req txn 4 either invalid or removed from Q
[   24.311502] smcinvoke: process_accept_req: process_accept_req txn 4 either invalid or removed from Q
[   24.311599] smcinvoke: process_accept_req: process_accept_req txn 2 either invalid or removed from Q
[   24.311675] smcinvoke: process_accept_req: process_accept_req txn 3 either invalid or removed from Q
[   24.311679] smcinvoke: process_accept_req: process_accept_req txn 4 either invalid or removed from Q
[   24.311941] smcinvoke: process_accept_req: process_accept_req txn 3 either invalid or removed from Q
[   24.312318] smcinvoke: process_accept_req: process_accept_req txn 6 either invalid or removed from Q
[   24.312522] msm_mpss: [parse_devicetree]rproc phandle not ready
[   24.312532] system_health_monitor_probe Failed to parse Device Tree
[   24.328872] done.
[   24.328916] random: crng reseeded on system resumption
[   24.335134] init: Service 'vendor.qlm-service' (pid 3941) exited with status 0
[   24.335164] init: Sending signal 9 to service 'vendor.qlm-service' (pid 3941) process group...
[   24.335381] libprocessgroup: Successfully killed process cgroup uid 0 pid 3941 in 0ms
[   24.337665] init: starting service 'vendor.qlm-service'...
[   24.338284] init: Created socket '/dev/socket/qlm_service', mode 660, user 0, group 1000
[   24.344306] init: ... started service 'vendor.qlm-service' has pid 4057
[   24.360700] Abort: Pending Wakeup Sources: NETLINK 
[   24.360747] adsp_sleepmon: PM_POST_SUSPEND
[   24.360806] PM: suspend exit
[   24.361185] adsp_sleepmon: timer_event = 0,suspend_event = 1
[   24.564711] PM: suspend entry (s2idle)
[   24.609412] Filesystems sync: 0.044 seconds
[   24.628652] Freezing user space processes
[   24.630880] gunyah_loader: Wait for VM_STATUS 9 interrupted
[   24.630926] spcom:spcom_ioctl_handle_poll_event: Wait for link state change interrupted, ret[-512], pid: 1067
[   24.631084] spcom:spcom_ioctl_handle_poll_event: Wait for link state change interrupted, ret[-512], pid: 1068
[   24.631299] spcom:spcom_ioctl_handle_poll_event: Wait for link state change interrupted, ret[-512], pid: 1073
[   24.634443] spcom:spcom_ioctl_handle_poll_event: Wait for link state change interrupted, ret[-512], pid: 1455
[   24.634477] spcom:spcom_ioctl_handle_poll_event: Wait for link state change interrupted, ret[-512], pid: 1456
[   24.634484] spcom:spcom_ioctl_handle_poll_event: Wait for link state change interrupted, ret[-512], pid: 1459
[   24.648558] Freezing user space processes completed (elapsed 0.019 seconds)
[   24.648571] OOM killer disabled.
[   24.648573] Freezing remaining freezable tasks
[   24.650940] Freezing remaining freezable tasks completed (elapsed 0.002 seconds)
[   24.650949] printk: Suspending console(s) (use no_console_suspend to debug)
[   24.654930] [kworke][0x22759561][18:27:45.392614] kiwi_v2: [4052:I:HDD] hdd_suspend_wlan: WLAN being suspended by OS
[   24.656750] [kworke][0x22761e38][18:27:45.394439] kiwi_v2: [4052:I:PMO] pmo_core_is_wow_applicable: lpass enabled, enabling wow
[   24.656907] [binder][0x22762a0b][18:27:45.394597] kiwi_v2: [4012:I:HDD] __wlan_hdd_bus_suspend: starting bus suspend
[   24.656939] [binder][0x22762c67][18:27:45.394628] kiwi_v2: [4012:I:PMO] pmo_core_enable_wow_in_fw: drv wow is enabled
[   24.656943] [binder][0x22762cca][18:27:45.394633] kiwi_v2: [4012:I:PMO] pmo_core_enable_wow_in_fw: system suspend wow
[   24.709736] [binder][0x2285a41c][18:27:45.447424] kiwi_v2: [4012:I:HDD] __wlan_hdd_bus_suspend: bus suspend succeeded
[   24.739586] alarmtimer alarmtimer.1.auto: PM: dpm_run_callback(): platform_pm_suspend+0x0/0x88 returns -16
[   24.739631] alarmtimer alarmtimer.1.auto: PM: failed to suspend: error -16
[   24.739644] PM: Some devices failed to suspend, or early wake event detected
[   24.750959] [binder][0x2291b771][18:27:45.488642] kiwi_v2: [4012:I:HDD] wlan_hdd_bus_resume: starting bus resume
[   24.751425] [binder][0x2291da99][18:27:45.489111] kiwi_v2: [4012:I:PMO] pmo_core_psoc_send_host_wakeup_ind_to_fw: Host wakeup indication sent to fw
[   24.763510] [soft_i][0x229564cc][18:27:45.501193] kiwi_v2: [0:I:WMA] Non-WLAN triggered wakeup: UNSPECIFIED (-1)
[   24.764253] [binder][0x22959caf][18:27:45.501939] kiwi_v2: [4012:I:HDD] wlan_hdd_bus_resume: bus resume succeeded
[   24.764746] [kworke][0x2295c1b6][18:27:45.502432] kiwi_v2: [4051:I:HDD] hdd_resume_wlan: WLAN being resumed by OS
[   24.765431] [kworke][0x2295f50c][18:27:45.503117] kiwi_v2: [4051:E:HDD] hdd_restart_tsf_sync_post_wlan_resume: Host TSF sync is not initialized!!
[   24.765856] [kworke][0x229614d7][18:27:45.503541] kiwi_v2: [4051:E:HDD] hdd_restart_tsf_sync_post_wlan_resume: Host TSF sync is not initialized!!
[   24.775389] OOM killer enabled.
[   24.775395] Restarting tasks ... 
[   24.776697] cdsp-loader soc:qcom,msm-cdsp-loader: cdsp_loader_probe: rproc not found
[   24.778085] msm_mpss: [parse_devicetree]rproc phandle not ready
[   24.778096] system_health_monitor_probe Failed to parse Device Tree
[   24.795785] done.
[   24.795863] random: crng reseeded on system resumption
[   24.797516] init: Service 'vendor.qlm-service' (pid 4057) exited with status 0
[   24.797550] init: Sending signal 9 to service 'vendor.qlm-service' (pid 4057) process group...
[   24.797830] libprocessgroup: Successfully killed process cgroup uid 0 pid 4057 in 0ms
[   24.830178] Abort: Device alarmtimer.1.auto failed to suspend: error -16
[   24.830197] adsp_sleepmon: PM_POST_SUSPEND
[   24.830250] PM: suspend exit
[   24.831392] adsp_sleepmon: timer_event = 0,suspend_event = 1
[   25.365896] [kworke][0x2345dfe0][18:27:46.103581] kiwi_v2: [779:I:PMO] pmo_core_enable_wow_in_fw: drv wow is enabled
[   26.599723] [kworke][0x24af4688][18:27:47.337163] kiwi_v2: [779:I:PMO] pmo_core_psoc_send_host_wakeup_ind_to_fw: Host wakeup indication sent to fw
[   26.612222] [soft_i][0x24b301cf][18:27:47.349900] kiwi_v2: [0:I:WMA] WLAN triggered wakeup: BPF_ALLOW (39), vdev: 0 (STA)
[   26.612765] [soft_i][0x24b32b0c][18:27:47.350450] kiwi_v2: [0:I:WMA] wma_wake_event_packet: Wake event packet:
[   26.757444] PM: suspend entry (s2idle)
[   26.767770] Filesystems sync: 0.010 seconds
[   26.781129] Freezing user space processes
[   26.785060] gunyah_loader: Wait for VM_STATUS 9 interrupted
[   26.785062] spcom:spcom_ioctl_handle_poll_event: Wait for link state change interrupted, ret[-512], pid: 1067
[   26.785354] spcom:spcom_ioctl_handle_poll_event: Wait for link state change interrupted, ret[-512], pid: 1068
[   26.785453] spcom:spcom_ioctl_handle_poll_event: Wait for link state change interrupted, ret[-512], pid: 1073
[   26.789035] spcom:spcom_ioctl_handle_poll_event: Wait for link state change interrupted, ret[-512], pid: 1456
[   26.789136] spcom:spcom_ioctl_handle_poll_event: Wait for link state change interrupted, ret[-512], pid: 1459
[   26.789838] spcom:spcom_ioctl_handle_poll_event: Wait for link state change interrupted, ret[-512], pid: 1455
[   26.810682] Freezing user space processes completed (elapsed 0.029 seconds)
[   26.810698] OOM killer disabled.
[   26.810702] Freezing remaining freezable tasks
[   26.813919] Freezing remaining freezable tasks completed (elapsed 0.003 seconds)
[   26.813931] printk: Suspending console(s) (use no_console_suspend to debug)
[   26.819252] [kworke][0x24efa980][18:27:47.556936] kiwi_v2: [4062:I:HDD] hdd_suspend_wlan: WLAN being suspended by OS
[   26.821026] [kworke][0x24f02e95][18:27:47.558710] kiwi_v2: [4062:I:PMO] pmo_core_is_wow_applicable: lpass enabled, enabling wow
[   26.821343] [binder][0x24f0468d][18:27:47.559030] kiwi_v2: [4012:I:HDD] __wlan_hdd_bus_suspend: starting bus suspend
[   26.821391] [binder][0x24f04a39][18:27:47.559079] kiwi_v2: [4012:I:PMO] pmo_core_enable_wow_in_fw: drv wow is enabled
[   26.821399] [binder][0x24f04ae2][18:27:47.559088] kiwi_v2: [4012:I:PMO] pmo_core_enable_wow_in_fw: system suspend wow
[   26.922773] [binder][0x250dfdda][18:27:47.660461] kiwi_v2: [4012:I:HDD] __wlan_hdd_bus_suspend: bus suspend succeeded
[   27.188404] msm_pcie_pm_suspend_noirq: RC1: Link is not in L1ss
[   27.188424] msm_pcie_pm_suspend_noirq: RC1: Force entry into L1ss
[   27.193590] suspend ns:      27193590290      suspend cycles:        626873689
[   27.193622] resume cycles:        676556599
[   27.194610] PM: PM: Pending Wakeup Sources: [timerfd] 
[   27.237610] [binder][0x28605423][18:27:50.562945] kiwi_v2: [4012:I:HDD] wlan_hdd_bus_resume: starting bus resume
[   27.238132] [binder][0x28607b9c][18:27:50.563471] kiwi_v2: [4012:I:PMO] pmo_core_psoc_send_host_wakeup_ind_to_fw: Host wakeup indication sent to fw
[   27.247543] [soft_i][0x28633d2a][18:27:50.572879] kiwi_v2: [0:I:WMA] WLAN triggered wakeup: BPF_ALLOW (39), vdev: 0 (STA)
[   27.247871] [binder][0x28635603][18:27:50.573210] kiwi_v2: [4012:I:HDD] wlan_hdd_bus_resume: bus resume succeeded
[   27.247906] [soft_i][0x286358a7][18:27:50.573245] kiwi_v2: [0:I:WMA] wma_wake_event_packet: Wake event packet:
[   27.249180] [kworke][0x2863ab2d][18:27:50.574345] kiwi_v2: [4060:I:HDD] hdd_resume_wlan: WLAN being resumed by OS
[   27.251525] [kworke][0x286467f8][18:27:50.576862] kiwi_v2: [4060:E:HDD] hdd_restart_tsf_sync_post_wlan_resume: Host TSF sync is not initialized!!
[   27.252099] [kworke][0x28649316][18:27:50.577437] kiwi_v2: [4060:E:HDD] hdd_restart_tsf_sync_post_wlan_resume: Host TSF sync is not initialized!!
[   27.261025] OOM killer enabled.
[   27.261030] Restarting tasks ... 
[   27.261786] cdsp-loader soc:qcom,msm-cdsp-loader: cdsp_loader_probe: rproc not found
[   27.263388] msm_mpss: [parse_devicetree]rproc phandle not ready
[   27.263399] system_health_monitor_probe Failed to parse Device Tree
[   27.274449] done.
[   27.274537] random: crng reseeded on system resumption
[   27.313317] Abort: Pending Wakeup Sources: [timerfd] 
[   27.313336] adsp_sleepmon: PM_POST_SUSPEND
[   27.313371] PM: suspend exit
[   27.314332] adsp_sleepmon: timer_event = 0,suspend_event = 1
[   27.371130] servicemanager: Found vendor.qti.hardware.perf2.IPerf/default in device VINTF manifest.
[   27.414082] PM: suspend entry (s2idle)
[   27.423179] Filesystems sync: 0.009 seconds
[   27.453433] Freezing user space processes
[   27.455546] gunyah_loader: Wait for VM_STATUS 9 interrupted
[   27.455598] spcom:spcom_ioctl_handle_poll_event: Wait for link state change interrupted, ret[-512], pid: 1067
[   27.455744] spcom:spcom_ioctl_handle_poll_event: Wait for link state change interrupted, ret[-512], pid: 1068
[   27.455801] spcom:spcom_ioctl_handle_poll_event: Wait for link state change interrupted, ret[-512], pid: 1073
[   27.458811] spcom:spcom_ioctl_handle_poll_event: Wait for link state change interrupted, ret[-512], pid: 1455
[   27.458882] spcom:spcom_ioctl_handle_poll_event: Wait for link state change interrupted, ret[-512], pid: 1456
[   27.458914] spcom:spcom_ioctl_handle_poll_event: Wait for link state change interrupted, ret[-512], pid: 1459
[   27.476584] Freezing user space processes completed (elapsed 0.023 seconds)
[   27.476603] OOM killer disabled.
[   27.476606] Freezing remaining freezable tasks
[   27.479602] Freezing remaining freezable tasks completed (elapsed 0.002 seconds)
[   27.479617] printk: Suspending console(s) (use no_console_suspend to debug)
[   27.485696] [kworke][0x28a90295][18:27:50.811030] kiwi_v2: [4069:I:HDD] hdd_suspend_wlan: WLAN being suspended by OS
[   27.488948] [kworke][0x28a9f682][18:27:50.814283] kiwi_v2: [4069:I:PMO] pmo_core_is_wow_applicable: lpass enabled, enabling wow
[   27.489329] [binder][0x28aa136c][18:27:50.814668] kiwi_v2: [4012:I:HDD] __wlan_hdd_bus_suspend: starting bus suspend
[   27.489376] [binder][0x28aa16fa][18:27:50.814716] kiwi_v2: [4012:I:PMO] pmo_core_enable_wow_in_fw: drv wow is enabled
[   27.489383] [binder][0x28aa179d][18:27:50.814724] kiwi_v2: [4012:I:PMO] pmo_core_enable_wow_in_fw: system suspend wow
[   27.547088] [binder][0x28bafe13][18:27:50.872410] kiwi_v2: [4012:I:HDD] __wlan_hdd_bus_suspend: bus suspend succeeded
[   27.810959] msm_pcie_pm_suspend_noirq: RC1: Link is not in L1ss
[   27.810981] msm_pcie_pm_suspend_noirq: RC1: Force entry into L1ss
[   27.816833] suspend ns:      27816833260      suspend cycles:        688522864
[   27.816859] resume cycles:        733657532
[   27.817856] PM: PM: Pending Wakeup Sources: [timerfd] 
[   27.864076] [binder][0x2bc8908d][18:27:53.540177] kiwi_v2: [4012:I:HDD] wlan_hdd_bus_resume: starting bus resume
[   27.864505] [binder][0x2bc8b0f2][18:27:53.540609] kiwi_v2: [4012:I:PMO] pmo_core_psoc_send_host_wakeup_ind_to_fw: Host wakeup indication sent to fw
[   27.874869] [soft_i][0x2bcbb9e2][18:27:53.550968] kiwi_v2: [0:I:WMA] WLAN triggered wakeup: BPF_ALLOW (39), vdev: 0 (STA)
[   27.875246] [soft_i][0x2bcbd643][18:27:53.551346] kiwi_v2: [0:I:WMA] wma_wake_event_packet: Wake event packet:
[   27.876055] [binder][0x2bcc133a][18:27:53.552159] kiwi_v2: [4012:I:HDD] wlan_hdd_bus_resume: bus resume succeeded
[   27.876867] [kworke][0x2bcc5024][18:27:53.552971] kiwi_v2: [259:I:HDD] hdd_resume_wlan: WLAN being resumed by OS
[   27.877269] [kworke][0x2bcc6e4d][18:27:53.553373] kiwi_v2: [259:E:HDD] hdd_restart_tsf_sync_post_wlan_resume: Host TSF sync is not initialized!!
[   27.877512] [kworke][0x2bcc808a][18:27:53.553617] kiwi_v2: [259:E:HDD] hdd_restart_tsf_sync_post_wlan_resume: Host TSF sync is not initialized!!
[   27.888391] OOM killer enabled.
[   27.888397] Restarting tasks ... 
[   27.888892] cdsp-loader soc:qcom,msm-cdsp-loader: cdsp_loader_probe: rproc not found
[   27.889615] msm_mpss: [parse_devicetree]rproc phandle not ready
[   27.889621] system_health_monitor_probe Failed to parse Device Tree
[   27.906507] done.
[   27.906593] random: crng reseeded on system resumption
[   27.941672] Abort: Pending Wakeup Sources: [timerfd] 
[   27.941699] adsp_sleepmon: PM_POST_SUSPEND
[   27.941778] PM: suspend exit
[   27.942869] adsp_sleepmon: timer_event = 0,suspend_event = 1
[   28.043313] PM: suspend entry (s2idle)
[   28.055507] Filesystems sync: 0.012 seconds
[   28.068078] Freezing user space processes
[   28.072751] gunyah_loader: Wait for VM_STATUS 9 interrupted
[   28.072891] spcom:spcom_ioctl_handle_poll_event: Wait for link state change interrupted, ret[-512], pid: 1067
[   28.073226] spcom:spcom_ioctl_handle_poll_event: Wait for link state change interrupted, ret[-512], pid: 1068
[   28.073309] spcom:spcom_ioctl_handle_poll_event: Wait for link state change interrupted, ret[-512], pid: 1073
[   28.078560] spcom:spcom_ioctl_handle_poll_event: Wait for link state change interrupted, ret[-512], pid: 1456
[   28.078594] spcom:spcom_ioctl_handle_poll_event: Wait for link state change interrupted, ret[-512], pid: 1455
[   28.078620] spcom:spcom_ioctl_handle_poll_event: Wait for link state change interrupted, ret[-512], pid: 1459
[   28.094309] Freezing user space processes completed (elapsed 0.026 seconds)
[   28.094324] OOM killer disabled.
[   28.094326] Freezing remaining freezable tasks
[   28.098095] Freezing remaining freezable tasks completed (elapsed 0.003 seconds)
[   28.098158] printk: Suspending console(s) (use no_console_suspend to debug)
[   28.102190] [kworke][0x2c0e5330][18:27:53.778292] kiwi_v2: [8:I:HDD] hdd_suspend_wlan: WLAN being suspended by OS
[   28.102902] [kworke][0x2c0e88bf][18:27:53.779006] kiwi_v2: [8:I:PMO] pmo_core_is_wow_applicable: lpass enabled, enabling wow
[   28.103150] [binder][0x2c0e9b45][18:27:53.779253] kiwi_v2: [4012:I:HDD] __wlan_hdd_bus_suspend: starting bus suspend
[   28.103204] [binder][0x2c0e9f69][18:27:53.779308] kiwi_v2: [4012:I:PMO] pmo_core_enable_wow_in_fw: drv wow is enabled
[   28.103212] [binder][0x2c0ea00b][18:27:53.779317] kiwi_v2: [4012:I:PMO] pmo_core_enable_wow_in_fw: system suspend wow
[   28.167861] [binder][0x2c219088][18:27:53.843963] kiwi_v2: [4012:I:HDD] __wlan_hdd_bus_suspend: bus suspend succeeded
[   28.427436] msm_pcie_pm_suspend_noirq: RC1: Link is not in L1ss
[   28.427446] msm_pcie_pm_suspend_noirq: RC1: Force entry into L1ss
[   28.430510] suspend ns:      28430510553      suspend cycles:        745440136
[   28.430533] resume cycles:        777500227
[   28.430708] PM: pm_system_irq_wakeup: 400 triggered focaltech_fp
[   28.431561] PM: PM: Pending Wakeup Sources: [timerfd] 
[   28.451654] [I]focaltech: irq_num 400 trigger
[   28.471532] [binder][0x2e63ba7b][18:27:55.817430] kiwi_v2: [4012:I:HDD] wlan_hdd_bus_resume: starting bus resume
[   28.472153] [binder][0x2e63e941][18:27:55.818053] kiwi_v2: [4012:I:PMO] pmo_core_psoc_send_host_wakeup_ind_to_fw: Host wakeup indication sent to fw
[   28.487085] [soft_i][0x2e684905][18:27:55.832983] kiwi_v2: [0:I:WMA] Non-WLAN triggered wakeup: UNSPECIFIED (-1)
[   28.487762] [binder][0x2e687bd0][18:27:55.833660] kiwi_v2: [4012:I:HDD] wlan_hdd_bus_resume: bus resume succeeded
[   28.488275] [kworke][0x2e68a260][18:27:55.834174] kiwi_v2: [811:I:HDD] hdd_resume_wlan: WLAN being resumed by OS
[   28.488763] [kworke][0x2e68c6f9][18:27:55.834662] kiwi_v2: [811:E:HDD] hdd_restart_tsf_sync_post_wlan_resume: Host TSF sync is not initialized!!
[   28.489001] [kworke][0x2e68d83b][18:27:55.834892] kiwi_v2: [811:E:HDD] hdd_restart_tsf_sync_post_wlan_resume: Host TSF sync is not initialized!!
[   28.494137] OOM killer enabled.
[   28.494141] Restarting tasks ... 
[   28.494793] cdsp-loader soc:qcom,msm-cdsp-loader: cdsp_loader_probe: rproc not found
[   28.496954] msm_mpss: [parse_devicetree]rproc phandle not ready
[   28.496969] system_health_monitor_probe Failed to parse Device Tree
[   28.514751] done.
[   28.514813] random: crng reseeded on system resumption
[   28.550083] Resume caused by IRQ 400, focaltech_fp
[   28.550121] adsp_sleepmon: PM_POST_SUSPEND
[   28.550166] PM: suspend exit
[   28.550175] adsp_sleepmon: timer_event = 0,suspend_event = 1
[   28.617191] init: starting service 'vendor.qlm-service'...
[   28.635696] type=1400 audit(1785263275.976:380): avc:  denied  { read } for  comm="binder:1070_4" name="wakeup64" dev="sysfs" ino=142950 scontext=u:r:system_suspend:s0 tcontext=u:object_r:sysfs:s0 tclass=dir permissive=0
[   28.638437] [drm:dsi_display_set_mode [msm_drm]] [msm-dsi-info]: mdp_transfer_time=0, hactive=1080, vactive=1920, fps=120, clk_rate=0
[   28.639900] [drm:dsi_ctrl_isr_configure [msm_drm]] [msm-dsi-info]: dsi-ctrl-0: IRQ 350 registered
[   28.642554] type=1400 audit(1785263275.980:381): avc:  denied  { read } for  comm="binder:1070_4" name="wakeup9" dev="sysfs" ino=106917 scontext=u:r:system_suspend:s0 tcontext=u:object_r:sysfs:s0 tclass=dir permissive=0
[   28.643019] type=1400 audit(1785263275.980:382): avc:  denied  { read } for  comm="binder:1070_4" name="wakeup22" dev="sysfs" ino=128678 scontext=u:r:system_suspend:s0 tcontext=u:object_r:sysfs:s0 tclass=dir permissive=0
[   28.643102] type=1400 audit(1785263275.984:383): avc:  denied  { read } for  comm="binder:1070_4" name="wakeup10" dev="sysfs" ino=112190 scontext=u:r:system_suspend:s0 tcontext=u:object_r:sysfs:s0 tclass=dir permissive=0
[   28.643169] type=1400 audit(1785263275.984:384): avc:  denied  { read } for  comm="binder:1070_4" name="wakeup65" dev="sysfs" ino=142966 scontext=u:r:system_suspend:s0 tcontext=u:object_r:sysfs:s0 tclass=dir permissive=0
[   28.643977] audit: audit_lost=196 audit_rate_limit=5 audit_backlog_limit=64
[   28.643981] audit: rate limit exceeded
[   28.664053] healthd: battery l=77 v=8199 t=33.0 h=2 st=3 c=-33875 fc=4162000 cc=0 chg=
[   28.731502] <<SGM3804-INF>>[sgm3804_reg_init:152] reg[0] addr:0x00000000 val:0x0000000c
[   28.732659] <<SGM3804-INF>>[sgm3804_reg_init:158] write reg[0] addr:0x00000000 val:0x0000000c success
[   28.732671] <<SGM3804-INF>>[sgm3804_reg_init:152] reg[1] addr:0x00000001 val:0x0000000c
[   28.732879] <<SGM3804-INF>>[sgm3804_reg_init:158] write reg[1] addr:0x00000001 val:0x0000000c success
[   28.732889] <<SGM3804-INF>>[sgm3804_reg_init:152] reg[2] addr:0x00000003 val:0x00000003
[   28.733095] <<SGM3804-INF>>[sgm3804_reg_init:158] write reg[2] addr:0x00000003 val:0x00000003 success
[   28.837405] graph_product_name =  AR14
[   28.837677] sy7758vgs_reg_init:I2C transfer error!
[   28.837976] sy7758vgs_reg_init:I2C transfer error!
[   28.838234] sy7758vgs_reg_init:I2C transfer error!
[   28.838486] sy7758vgs_reg_init:I2C transfer error!
[   28.838736] sy7758vgs_reg_init:I2C transfer error!
[   28.838988] sy7758vgs_reg_init:I2C transfer error!
[   28.839236] sy7758vgs_reg_init:I2C transfer error!
[   28.839535] sy7758vgs_reg_init:I2C transfer error!
[   28.839774] Read reg = 0x01 val = 0x00
[   28.840019] Read reg = 0x10 val = 0x00
[   28.840265] Read reg = 0x11 val = 0x00
[   28.840515] Read reg = 0xa5 val = 0x00
[   28.840763] Read reg = 0xa0 val = 0x00
[   28.841007] Read reg = 0xa1 val = 0x00
[   28.841253] Read reg = 0xa2 val = 0x00
[   28.841496] Read reg = 0xa9 val = 0x00
[   28.841740] Read reg = 0x02 val = 0x00
[   28.927591] usb 1-2: new full-speed USB device number 3 using xhci_hcd
[   29.017986] [drm:sde_dsc_create_pps_buf_cmd:505] [sde error]pic_width 1080 pic_height 1920
[   29.018004] [drm:sde_dsc_create_pps_buf_cmd:512] [sde error]slice_width 540 slice_height 8
[   29.021055] <I>CTS-I2CDrv Resume
[   29.021064] <I>CTS-Core Resume device
[   29.021068] <I>CTS-Core Reset device
[   29.021072] <I>CTS-Plat Reset device
[   29.073337] <I>CTS-Core Start device...
[   29.073359] <I>CTS-Core Start device successfully
[   29.140661] graph_product_name =  AR14
[   29.140899] sy7758vgs_reg_init:write reg[0] addr:0x00000001 val:0x00000085 success
[   29.141128] sy7758vgs_reg_init:write reg[1] addr:0x00000010 val:0x00000000 success
[   29.141354] sy7758vgs_reg_init:write reg[2] addr:0x00000011 val:0x00000000 success
[   29.141580] sy7758vgs_reg_init:write reg[3] addr:0x000000a5 val:0x00000064 success
[   29.141806] sy7758vgs_reg_init:write reg[4] addr:0x000000a0 val:0x00000055 success
[   29.142034] sy7758vgs_reg_init:write reg[5] addr:0x000000a1 val:0x0000009a success
[   29.142259] sy7758vgs_reg_init:write reg[6] addr:0x000000a9 val:0x00000080 success
[   29.142485] sy7758vgs_reg_init:write reg[7] addr:0x000000a2 val:0x00000028 success
[   29.142829] Read reg = 0x01 val = 0x85
[   29.143171] Read reg = 0x10 val = 0x00
[   29.143515] Read reg = 0x11 val = 0x00
[   29.144028] Read reg = 0xa5 val = 0x64
[   29.144413] Read reg = 0xa0 val = 0x55
[   29.144779] Read reg = 0xa1 val = 0x9a
[   29.145137] Read reg = 0xa2 val = 0x28
[   29.145493] Read reg = 0xa9 val = 0x80
[   29.145851] Read reg = 0x02 val = 0x3c
[   29.264489] usb 1-2: device descriptor read/64, error -71
[   29.564912] [kworke][0x2fa40e2a][18:27:56.910812] kiwi_v2: [858:I:PMO] pmo_core_enable_wow_in_fw: drv wow is enabled
[   29.613885] usb 1-2: New USB device found, idVendor=4001, idProduct=0428, bcdDevice= 1.00
[   29.613915] usb 1-2: New USB device strings: Mfr=1, Product=2, SerialNumber=3
[   29.614416] usb 1-2: Product: AYANEO Controller
[   29.614429] usb 1-2: SerialNumber: USB HID
[   29.702723] input: AYANEO Controller as /devices/platform/soc/1c08000.qcom,pcie/pci0001:00/0001:00:00.0/0001:01:00.0/usb1/1-2/1-2:1.0/0003:4001:0428.0002/input/input10
[   29.761327] aya_haptic 0003:4001:0428.0002: input,hidraw0: USB HID v1.11 Gamepad [AYANEO Controller] on usb-0001:01:00.0-2/input0
[   29.763122] type=1400 audit(1785263277.104:393): avc:  denied  { read } for  comm="InputReader" name="country" dev="sysfs" ino=145752 scontext=u:r:system_server:s0 tcontext=u:object_r:sysfs:s0 tclass=file permissive=0
[   29.763210] input: AYANEO Controller aya_haptic as /devices/platform/soc/1c08000.qcom,pcie/pci0001:00/0001:00:00.0/0001:01:00.0/usb1/1-2/1-2:1.0/0003:4001:0428.0002/input/input11
[   29.764811] aya_haptic 0003:4001:0428.0002: aya_haptic init done
[   29.764823] aya_haptic 0003:4001:0428.0002: aya_haptic probe done
[   29.768545] cdsp-loader soc:qcom,msm-cdsp-loader: cdsp_loader_probe: rproc not found
[   29.770085] msm_mpss: [parse_devicetree]rproc phandle not ready
[   29.770094] system_health_monitor_probe Failed to parse Device Tree
[   29.775628] type=1400 audit(1785263277.120:394): avc:  denied  { read } for  comm="InputReader" name="country" dev="sysfs" ino=145752 scontext=u:r:system_server:s0 tcontext=u:object_r:sysfs:s0 tclass=file permissive=0
[   29.981505] hid_aya_haptic_play: enter
[   29.981699] aya_haptic 0003:4001:0428.0002: aya_haptic_hid_report_work: left 255, right 255
[   29.999425] hid_aya_haptic_play: enter
[   29.999456] aya_haptic 0003:4001:0428.0002: aya_haptic_hid_report_work: left 0, right 0
[   30.223228] hid_aya_haptic_play: enter
[   30.223372] aya_haptic 0003:4001:0428.0002: aya_haptic_hid_report_work: left 255, right 255
[   30.239492] hid_aya_haptic_play: enter
[   30.241016] aya_haptic 0003:4001:0428.0002: aya_haptic_hid_report_work: left 0, right 0
[   30.504643] hid_aya_haptic_play: enter
[   30.504707] aya_haptic 0003:4001:0428.0002: aya_haptic_hid_report_work: left 255, right 255
[   30.525644] hid_aya_haptic_play: enter
[   30.525686] aya_haptic 0003:4001:0428.0002: aya_haptic_hid_report_work: left 0, right 0
[   30.661491] type=1400 audit(1785263278.004:395): avc:  denied  { read } for  comm="lsusb" name="devices" dev="sysfs" ino=46260 scontext=u:r:xsud:s0 tcontext=u:object_r:sysfs:s0 tclass=dir permissive=1
[   30.661554] type=1400 audit(1785263278.004:396): avc:  denied  { open } for  comm="lsusb" path="/sys/bus/usb/devices" dev="sysfs" ino=46260 scontext=u:r:xsud:s0 tcontext=u:object_r:sysfs:s0 tclass=dir permissive=1
[   30.661582] audit: audit_lost=204 audit_rate_limit=5 audit_backlog_limit=64
[   30.661587] audit: rate limit exceeded
[   30.661675] type=1400 audit(1785263278.004:397): avc:  denied  { read } for  comm="lsusb" name="uevent" dev="sysfs" ino=145640 scontext=u:r:xsud:s0 tcontext=u:object_r:sysfs:s0 tclass=file permissive=1
[   30.767071] hid_aya_haptic_play: enter
[   30.769181] aya_haptic 0003:4001:0428.0002: aya_haptic_hid_report_work: left 255, right 255
[   30.783441] hid_aya_haptic_play: enter
[   30.783572] aya_haptic 0003:4001:0428.0002: aya_haptic_hid_report_work: left 0, right 0
[   31.024598] hid_aya_haptic_play: enter
[   31.024736] aya_haptic 0003:4001:0428.0002: aya_haptic_hid_report_work: left 255, right 255
[   31.043424] hid_aya_haptic_play: enter
[   31.043537] aya_haptic 0003:4001:0428.0002: aya_haptic_hid_report_work: left 0, right 0
[   31.293370] hid_aya_haptic_play: enter
[   31.293495] aya_haptic 0003:4001:0428.0002: aya_haptic_hid_report_work: left 255, right 255
[   31.311436] hid_aya_haptic_play: enter
[   31.311691] aya_haptic 0003:4001:0428.0002: aya_haptic_hid_report_work: left 0, right 0
[   31.689445] tmecom-qmp-client soc:qcom,tmecom-qmp-client: response received
[   31.721053] selinux: SELinux: Skipping restorecon on directory(/data/system_ce/0)
[   31.731910] selinux: SELinux: Skipping restorecon on directory(/data/vendor_ce/0)
[   31.737347] selinux: SELinux: Skipping restorecon on directory(/data/misc_ce/0)
[   31.776008] init: processing action (sys.user.0.ce_available=true) from (/system/etc/init/wifi.rc:21)
[   31.778466] selinux: SELinux: Skipping restorecon on directory(/data/misc_ce/0/apexdata/com.android.wifi)
[   31.819765] servicemanager: Since 'apexservice' could not be found, trying to start it as a lazy AIDL service. (if it's not configured to be a lazy service, it may be stuck starting or still starting).
[   31.822205] init: starting service 'apexd'...
[   31.832776] init: ... started service 'apexd' has pid 4136
[   31.832809] init: Control message: Processed ctl.interface_start for 'aidl/apexservice' from pid: 752 (/system/bin/servicemanager)
[   31.980947] [kworke][0x3267e0b4][18:27:59.326846] kiwi_v2: [779:I:PMO] pmo_core_psoc_send_host_wakeup_ind_to_fw: Host wakeup indication sent to fw
[   31.988858] servicemanager: Found vendor.qti.hardware.perf2.IPerf/default in device VINTF manifest.
[   31.991653] [soft_i][0x326b03cd][18:27:59.337553] kiwi_v2: [0:I:WMA] WLAN triggered wakeup: BPF_ALLOW (39), vdev: 0 (STA)
[   31.991741] [soft_i][0x326b0a77][18:27:59.337642] kiwi_v2: [0:I:WMA] wma_wake_event_packet: Wake event packet:
[   32.005781] servicemanager: Found vendor.qti.hardware.perf2.IPerf/default in device VINTF manifest.
[   32.011183] servicemanager: Found vendor.qti.qspmhal.IQspmhal/default in device VINTF manifest.
[   32.013273] servicemanager: Found vendor.qti.hardware.perf2.IPerf/default in device VINTF manifest.
[   32.017734] servicemanager: Found vendor.qti.hardware.perf2.IPerf/default in device VINTF manifest.
[   32.025907] servicemanager: Found android.hardware.graphics.allocator.IAllocator/default in device VINTF manifest.
[   32.031701] servicemanager: Found android.hardware.graphics.allocator.IAllocator/default in device VINTF manifest.
[   32.043274] SELinux: avc:  denied  { find } for pid=4138 uid=10172 name=vendor.qti.hardware.perf2.IPerf/default scontext=u:r:mediaprovider_app:s0:c172,c256,c512,c768 tcontext=u:object_r:vendor_hal_perf2_service:s0 tclass=service_manager permissive=0
[   32.055691] servicemanager: Found vendor.qti.hardware.perf2.IPerf/default in device VINTF manifest.
[   32.073551] binder: 4244:4244 transaction credentials failed
[   32.073555] binder: 4244:4244 transaction call to 1499:0 failed 53627/29201/-1, size 0-0 line 3284
[   32.074547] binder: 4244:4244 transaction credentials failed
[   32.074555] binder: 4244:4244 transaction call to 1499:0 failed 53653/29201/-1, size 0-0 line 3284
[   32.120396] adsp_sleepmon: Audio: num_sessions=1,num_lpi_sessions=0,timer_pending=0
[   32.153094] audit: audit_lost=205 audit_rate_limit=5 audit_backlog_limit=64
[   32.153097] audit: rate limit exceeded
[   32.153115] BATTERY_CHG: battery_psy_set_online: battery_psy_set_online: set online 1
[   32.155350] apexd: Scanning /system/apex for pre-installed ApexFiles
[   32.155500] apexd: Found pre-installed APEX /system/apex/com.google.android.healthfitness_compressed.apex
[   32.155659] apexd: Found pre-installed APEX /system/apex/com.google.android.sdkext_compressed.apex
[   32.155710] apexd: Found pre-installed APEX /system/apex/com.google.android.media_compressed.apex
[   32.155759] apexd: Found pre-installed APEX /system/apex/com.android.wifi.capex
[   32.155803] apexd: Found pre-installed APEX /system/apex/com.google.android.resolv_compressed.apex
[   32.155933] apexd: Found pre-installed APEX /system/apex/com.android.apex.cts.shim.apex
[   32.156045] apexd: Found pre-installed APEX /system/apex/com.android.runtime.apex
[   32.156099] apexd: Found pre-installed APEX /system/apex/com.google.android.tethering_compressed.apex
[   32.156143] apexd: Found pre-installed APEX /system/apex/com.google.mainline.primary.libs.apex
[   32.162331] swr-mgr wsa2_swr_ctrl: swr_mstr_interrupt: SWR CMD Ignored, fifo status 0x40000008
[   32.166577] swr-mgr wsa2_swr_ctrl: swr_mstr_interrupt: SWR CMD Ignored, fifo status 0x4000000e
[   32.170405] swr-mgr wsa2_swr_ctrl: swr_mstr_interrupt: SWR CMD Ignored, fifo status 0x40000001
[   32.174635] swr-mgr wsa2_swr_ctrl: swr_mstr_interrupt: SWR CMD Ignored, fifo status 0x40002100
[   32.179450] swr-mgr wsa2_swr_ctrl: swr_mstr_interrupt: SWR CMD Ignored, fifo status 0x40000006
[   32.183578] swr-mgr wsa2_swr_ctrl: swr_mstr_interrupt: SWR CMD Ignored, fifo status 0x40000007
[   32.201262] healthd: battery l=77 v=8155 t=33.0 h=2 st=3 c=-350655 fc=4162000 cc=0 chg=
[   32.324205] selinux: avc:  op=setenforce lsm=selinux enforcing=0 res=1
[   32.324594] init: Control message: Could not find 'vendor.qti.diaghal@1.0::Idiag/default' for ctl.interface_start from pid: 754 (/system/bin/hwservicemanager)
[   32.670704] BATTERY_CHG: battery_psy_set_online: battery_psy_set_online: set online 1
[   32.674370] BATTERY_CHG: battery_psy_set_online: battery_psy_set_online: set online 1
[   32.954685] process_accept_req: 9 callbacks suppressed
[   32.954689] smcinvoke: process_accept_req: Setting pid:5163, server id : 47 state to defunct
[   32.955489] smcinvoke: process_accept_req: Setting pid:5162, server id : 47 state to defunct
[   32.956286] smcinvoke: process_accept_req: Setting pid:5160, server id : 47 state to defunct
[   32.957114] smcinvoke: process_accept_req: Setting pid:5159, server id : 47 state to defunct
[   33.194170] audit: audit_lost=577 audit_rate_limit=5 audit_backlog_limit=64
[   33.194173] audit: rate limit exceeded
[   33.322615] pwm-fan soc:pwm-fan: power swtich=1
[   33.463463] binder_alloc: 3259: pid 2281 spamming oneway? 1 buffers allocated for a total size of 437016
[   33.568578] binder_alloc: 3259: pid 2281 spamming oneway? 1 buffers allocated for a total size of 437016
[   33.941201] type=1400 audit(1785263281.276:1027): avc:  denied  { read } for  comm="Performance-Tim" name="pwm1" dev="sysfs" ino=115174 scontext=u:r:system_app:s0 tcontext=u:object_r:sysfs:s0 tclass=file permissive=1
[   33.941380] type=1400 audit(1785263281.276:1028): avc:  denied  { open } for  comm="Performance-Tim" path="/sys/devices/platform/soc/soc:pwm-fan/hwmon/hwmon0/pwm1" dev="sysfs" ino=115174 scontext=u:r:system_app:s0 tcontext=u:object_r:sysfs:s0 tclass=file permissive=1
[   33.941517] type=1400 audit(1785263281.276:1029): avc:  denied  { getattr } for  comm="Performance-Tim" path="/sys/devices/platform/soc/soc:pwm-fan/hwmon/hwmon0/pwm1" dev="sysfs" ino=115174 scontext=u:r:system_app:s0 tcontext=u:object_r:sysfs:s0 tclass=file permissive=1
[   33.963963] type=1400 audit(1785263281.292:1030): avc:  denied  { read } for  comm="top" name="pid_max" dev="proc" ino=108618 scontext=u:r:system_app:s0 tcontext=u:object_r:proc_pid_max:s0 tclass=file permissive=1
[   33.964274] type=1400 audit(1785263281.292:1031): avc:  denied  { open } for  comm="top" path="/proc/sys/kernel/pid_max" dev="proc" ino=108618 scontext=u:r:system_app:s0 tcontext=u:object_r:proc_pid_max:s0 tclass=file permissive=1
[   34.132176] binder_alloc: 5405: binder_alloc_buf size 1056768 failed, no address space
[   34.132180] binder_alloc: allocated: 528 (num: 2 largest: 480), free: 1039856 (num: 1 largest: 1039856)
[   34.132182] binder: cannot allocate buffer: no space left
[   34.132184] binder: 3388:4755 transaction call to 5405:0 failed 98278/29201/-28, size 1056768-0 line 3465
[   34.211886] audit: audit_lost=1002 audit_rate_limit=5 audit_backlog_limit=64
[   34.211891] audit: rate limit exceeded
[   34.529327] adsp_sleepmon: Audio: num_sessions=0,num_lpi_sessions=0,timer_pending=1
[   34.600169] logd: logdr: UID=0 GID=0 PID=6147 b tail=0 logMask=99 pid=0 start=0ns deadline=0ns
[   34.603937] logd: Skipping entries from slow reader, pid 6147, fd 13, from LogBuffer::Prune()
[   34.956814] type=1400 audit(1785263282.288:2245): avc:  denied  { read } for  comm="top" name="pid_max" dev="proc" ino=108618 scontext=u:r:system_app:s0 tcontext=u:object_r:proc_pid_max:s0 tclass=file permissive=1
[   34.957202] type=1400 audit(1785263282.288:2246): avc:  denied  { open } for  comm="top" path="/proc/sys/kernel/pid_max" dev="proc" ino=108618 scontext=u:r:system_app:s0 tcontext=u:object_r:proc_pid_max:s0 tclass=file permissive=1
[   34.957463] type=1400 audit(1785263282.288:2247): avc:  denied  { read } for  comm="top" scontext=u:r:system_app:s0 tcontext=u:r:servicemanager:s0 tclass=file permissive=1
[   35.286006] audit: audit_lost=3239 audit_rate_limit=5 audit_backlog_limit=64
[   35.286009] audit: rate limit exceeded
[   36.297011] audit: audit_lost=4473 audit_rate_limit=5 audit_backlog_limit=64
[   36.297015] audit: rate limit exceeded
[   36.315577] printk: apexd: 104 output lines suppressed due to ratelimiting
[   36.514835] healthd: battery l=76 v=7970 t=33.0 h=2 st=3 c=-1593972 fc=4162000 cc=0 chg=
[   36.545300] BATTERY_CHG: battery_psy_set_online: battery_psy_set_online: set online 1
[   37.329442] init: Control message: Could not find 'vendor.qti.diaghal@1.0::Idiag/default' for ctl.interface_start from pid: 754 (/system/bin/hwservicemanager)
[   37.347136] audit: audit_lost=4724 audit_rate_limit=5 audit_backlog_limit=64
[   37.347139] audit: rate limit exceeded
[   38.168232] SELinux: avc:  denied  { find } for pid=7155 uid=0 name=settings scontext=u:r:xsud:s0 tcontext=u:object_r:settings_service:s0 tclass=service_manager permissive=1
[   38.332233] init: Control message: Could not find 'vendor.qti.diaghal@1.0::Idiag/default' for ctl.interface_start from pid: 754 (/system/bin/hwservicemanager)
[   38.352624] audit: audit_lost=4887 audit_rate_limit=5 audit_backlog_limit=64
[   38.352629] audit: rate limit exceeded
[   39.148807] type=1400 audit(1785263286.492:5194): avc:  denied  { read } for  comm="cat" name="gpuclk" dev="sysfs" ino=124210 scontext=u:r:xsud:s0 tcontext=u:object_r:vendor_sysfs_kgsl_gpuclk:s0 tclass=file permissive=1
[   39.149239] type=1400 audit(1785263286.492:5195): avc:  denied  { open } for  comm="cat" path="/sys/devices/platform/soc/3d00000.qcom,kgsl-3d0/kgsl/kgsl-3d0/gpuclk" dev="sysfs" ino=124210 scontext=u:r:xsud:s0 tcontext=u:object_r:vendor_sysfs_kgsl_gpuclk:s0 tclass=file permissive=1
[   39.154351] type=1400 audit(1785263286.496:5196): avc:  denied  { read } for  comm="cat" name="min_pwrlevel" dev="sysfs" ino=124218 scontext=u:r:xsud:s0 tcontext=u:object_r:vendor_sysfs_kgsl:s0 tclass=file permissive=1
[   39.154599] type=1400 audit(1785263286.496:5197): avc:  denied  { open } for  comm="cat" path="/sys/devices/platform/soc/3d00000.qcom,kgsl-3d0/kgsl/kgsl-3d0/min_pwrlevel" dev="sysfs" ino=124218 scontext=u:r:xsud:s0 tcontext=u:object_r:vendor_sysfs_kgsl:s0 tclass=file permissive=1
[   39.168633] type=1400 audit(1785263286.512:5198): avc:  denied  { search } for  comm="cat" name="battery" dev="sysfs" ino=141568 scontext=u:r:xsud:s0 tcontext=u:object_r:vendor_sysfs_battery_supply:s0 tclass=dir permissive=1
[   39.333972] init: Control message: Could not find 'vendor.qti.diaghal@1.0::Idiag/default' for ctl.interface_start from pid: 754 (/system/bin/hwservicemanager)
[   39.387283] audit: audit_lost=5011 audit_rate_limit=5 audit_backlog_limit=64
[   39.387289] audit: rate limit exceeded
[   39.647541] adsp_sleepmon: timer_event = 1,suspend_event = 0
[   40.190877] type=1400 audit(1785263287.532:5354): avc:  denied  { read } for  comm="top" scontext=u:r:system_app:s0 tcontext=u:r:vendor_hal_poweroptservice_qti:s0 tclass=file permissive=1
[   40.191102] type=1400 audit(1785263287.532:5355): avc:  denied  { read } for  comm="top" scontext=u:r:system_app:s0 tcontext=u:r:vendor_hal_capabilityconfigstore_qti_default:s0 tclass=file permissive=1
[   40.191156] type=1400 audit(1785263287.532:5356): avc:  denied  { read } for  comm="top" scontext=u:r:system_app:s0 tcontext=u:r:vendor_per_proxy:s0 tclass=file permissive=1
[   40.191199] type=1400 audit(1785263287.532:5357): avc:  denied  { read } for  comm="top" scontext=u:r:system_app:s0 tcontext=u:r:hal_fingerprint_default:s0 tclass=file permissive=1
[   40.191897] type=1400 audit(1785263287.536:5358): avc:  denied  { getattr } for  comm="top" path="/proc/905" dev="proc" ino=14749 scontext=u:r:system_app:s0 tcontext=u:r:vendor_hal_keymint_qti:s0 tclass=dir permissive=1
[   40.337502] init: Control message: Could not find 'vendor.qti.diaghal@1.0::Idiag/default' for ctl.interface_start from pid: 754 (/system/bin/hwservicemanager)
[   40.409185] audit: audit_lost=5159 audit_rate_limit=5 audit_backlog_limit=64
[   40.409191] audit: rate limit exceeded
[   40.588706] servicemanager: Found vendor.qti.hardware.perf2.IPerf/default in device VINTF manifest.
[   40.666020] servicemanager: Found vendor.qti.hardware.perf2.IPerf/default in device VINTF manifest.
[   40.708256] binder: undelivered transaction 144507, process died.
[   41.340658] init: Control message: Could not find 'vendor.qti.diaghal@1.0::Idiag/default' for ctl.interface_start from pid: 754 (/system/bin/hwservicemanager)
[   41.420882] audit: audit_lost=5392 audit_rate_limit=5 audit_backlog_limit=64
[   41.420886] audit: rate limit exceeded
[   42.341565] init: Control message: Could not find 'vendor.qti.diaghal@1.0::Idiag/default' for ctl.interface_start from pid: 754 (/system/bin/hwservicemanager)
[   42.504122] audit: audit_lost=5535 audit_rate_limit=5 audit_backlog_limit=64
[   42.504126] audit: rate limit exceeded
[   43.343868] init: Control message: Could not find 'vendor.qti.diaghal@1.0::Idiag/default' for ctl.interface_start from pid: 754 (/system/bin/hwservicemanager)
[   43.623612] audit: audit_lost=5689 audit_rate_limit=5 audit_backlog_limit=64
[   43.623617] audit: rate limit exceeded
[   44.346758] init: Control message: Could not find 'vendor.qti.diaghal@1.0::Idiag/default' for ctl.interface_start from pid: 754 (/system/bin/hwservicemanager)
[   44.737144] type=1400 audit(1785263292.080:6047): avc:  denied  { read } for  comm="cat" name="gpuclk" dev="sysfs" ino=124210 scontext=u:r:xsud:s0 tcontext=u:object_r:vendor_sysfs_kgsl_gpuclk:s0 tclass=file permissive=1
[   44.737364] type=1400 audit(1785263292.080:6048): avc:  denied  { open } for  comm="cat" path="/sys/devices/platform/soc/3d00000.qcom,kgsl-3d0/kgsl/kgsl-3d0/gpuclk" dev="sysfs" ino=124210 scontext=u:r:xsud:s0 tcontext=u:object_r:vendor_sysfs_kgsl_gpuclk:s0 tclass=file permissive=1
[   44.760135] type=1400 audit(1785263292.100:6049): avc:  denied  { search } for  comm="cat" name="battery" dev="sysfs" ino=141568 scontext=u:r:xsud:s0 tcontext=u:object_r:vendor_sysfs_battery_supply:s0 tclass=dir permissive=1
[   44.768059] audit: audit_lost=5793 audit_rate_limit=5 audit_backlog_limit=64
[   44.768068] audit: rate limit exceeded
[   44.768378] type=1400 audit(1785263292.112:6050): avc:  denied  { dac_read_search } for  comm="sh" capability=2  scontext=u:r:xsud:s0 tcontext=u:r:xsud:s0 tclass=capability permissive=1
[   44.770126] type=1400 audit(1785263292.112:6051): avc:  denied  { search } for  comm="sh" name="/" dev="fuse" ino=131 scontext=u:r:xsud:s0 tcontext=u:object_r:fuse:s0 tclass=dir permissive=1
[   45.348235] init: Control message: Could not find 'vendor.qti.diaghal@1.0::Idiag/default' for ctl.interface_start from pid: 754 (/system/bin/hwservicemanager)
[   45.874032] type=1400 audit(1785263293.216:6133): avc:  denied  { read } for  comm="cat" name="online" dev="sysfs" ino=141577 scontext=u:r:xsud:s0 tcontext=u:object_r:vendor_sysfs_battery_supply:s0 tclass=file permissive=1
[   45.874358] type=1400 audit(1785263293.216:6134): avc:  denied  { open } for  comm="cat" path="/sys/devices/platform/soc/soc:qcom,pmic_glink/soc:qcom,pmic_glink:qcom,battery_charger/power_supply/battery/online" dev="sysfs" ino=141577 scontext=u:r:xsud:s0 tcontext=u:object_r:vendor_sysfs_battery_supply:s0 tclass=file permissive=1
[   45.883234] type=1400 audit(1785263293.224:6135): avc:  denied  { search } for  comm="sh" name="0" dev="tmpfs" ino=12 scontext=u:r:xsud:s0 tcontext=u:object_r:mnt_user_file:s0 tclass=dir permissive=1
[   45.883597] type=1400 audit(1785263293.224:6136): avc:  denied  { read } for  comm="sh" name="primary" dev="tmpfs" ino=42 scontext=u:r:xsud:s0 tcontext=u:object_r:mnt_user_file:s0 tclass=lnk_file permissive=1
[   45.891949] type=1400 audit(1785263293.236:6137): avc:  denied  { syslog } for  comm="dmesg" capability=34  scontext=u:r:xsud:s0 tcontext=u:r:xsud:s0 tclass=capability2 permissive=1
[   45.921629] audit: audit_lost=5874 audit_rate_limit=5 audit_backlog_limit=64
[   45.921638] audit: rate limit exceeded
[   46.350613] init: Control message: Could not find 'vendor.qti.diaghal@1.0::Idiag/default' for ctl.interface_start from pid: 754 (/system/bin/hwservicemanager)
[   46.610402] [kworke][0x4325d9db][18:28:13.956301] kiwi_v2: [123:I:PMO] pmo_core_enable_wow_in_fw: drv wow is enabled
[   46.929184] audit: audit_lost=5920 audit_rate_limit=5 audit_backlog_limit=64
[   46.929189] audit: rate limit exceeded
[   47.358030] init: Control message: Could not find 'vendor.qti.diaghal@1.0::Idiag/default' for ctl.interface_start from pid: 754 (/system/bin/hwservicemanager)
[   48.134689] audit: audit_lost=5996 audit_rate_limit=5 audit_backlog_limit=64
[   48.134705] audit: rate limit exceeded
[   48.357316] init: Control message: Could not find 'vendor.qti.diaghal@1.0::Idiag/default' for ctl.interface_start from pid: 754 (/system/bin/hwservicemanager)
[   49.358852] init: Control message: Could not find 'vendor.qti.diaghal@1.0::Idiag/default' for ctl.interface_start from pid: 754 (/system/bin/hwservicemanager)
[   49.928495] audit: audit_lost=6052 audit_rate_limit=5 audit_backlog_limit=64
[   49.928499] audit: rate limit exceeded
[   49.928781] type=1400 audit(1785263297.272:6329): avc:  denied  { read } for  comm="top" scontext=u:r:system_app:s0 tcontext=u:r:vendor_hal_keymint_qti:s0 tclass=file permissive=1
[   49.929686] type=1400 audit(1785263297.272:6330): avc:  denied  { read } for  comm="top" scontext=u:r:system_app:s0 tcontext=u:r:hal_allocator_default:s0 tclass=file permissive=1
[   50.359888] init: Control message: Could not find 'vendor.qti.diaghal@1.0::Idiag/default' for ctl.interface_start from pid: 754 (/system/bin/hwservicemanager)
[   50.378809] type=1400 audit(1785263297.720:6355): avc:  denied  { read } for  comm="sh" name="primary" dev="tmpfs" ino=42 scontext=u:r:xsud:s0 tcontext=u:object_r:mnt_user_file:s0 tclass=lnk_file permissive=1
[   50.389884] type=1400 audit(1785263297.732:6356): avc:  denied  { syslog } for  comm="dmesg" capability=34  scontext=u:r:xsud:s0 tcontext=u:r:xsud:s0 tclass=capability2 permissive=1
[   50.927674] type=1400 audit(1785263298.268:6357): avc:  denied  { read } for  comm="top" scontext=u:r:system_app:s0 tcontext=u:r:vendor_hal_usb_qti:s0 tclass=file permissive=1
[   50.928635] type=1400 audit(1785263298.272:6358): avc:  denied  { getattr } for  comm="top" path="/proc/1447" dev="proc" ino=43158 scontext=u:r:system_app:s0 tcontext=u:r:vendor_hal_usb_qti:s0 tclass=dir permissive=1
[   50.928817] type=1400 audit(1785263298.272:6359): avc:  denied  { search } for  comm="top" name="1447" dev="proc" ino=43158 scontext=u:r:system_app:s0 tcontext=u:r:vendor_hal_usb_qti:s0 tclass=dir permissive=1
[   51.180454] audit: audit_lost=6077 audit_rate_limit=5 audit_backlog_limit=64
[   51.180459] audit: rate limit exceeded
[   51.364146] init: Control message: Could not find 'vendor.qti.diaghal@1.0::Idiag/default' for ctl.interface_start from pid: 754 (/system/bin/hwservicemanager)
[   51.485831] type=1400 audit(1785263298.828:6365): avc:  denied  { read } for  comm="cat" name="min_pwrlevel" dev="sysfs" ino=124218 scontext=u:r:xsud:s0 tcontext=u:object_r:vendor_sysfs_kgsl:s0 tclass=file permissive=1
[   51.485927] type=1400 audit(1785263298.828:6366): avc:  denied  { open } for  comm="cat" path="/sys/devices/platform/soc/3d00000.qcom,kgsl-3d0/kgsl/kgsl-3d0/min_pwrlevel" dev="sysfs" ino=124218 scontext=u:r:xsud:s0 tcontext=u:object_r:vendor_sysfs_kgsl:s0 tclass=file permissive=1
[   51.486737] type=1400 audit(1785263298.828:6367): avc:  denied  { getattr } for  comm="DefaultDispatch" path="/dev/ttyHS5" dev="tmpfs" ino=1195 scontext=u:r:system_app:s0 tcontext=u:object_r:device:s0 tclass=chr_file permissive=1
[   52.366464] audit: audit_lost=6113 audit_rate_limit=5 audit_backlog_limit=64
[   52.366469] audit: rate limit exceeded
[   52.382933] servicemanager: Found vendor.qti.hardware.perf2.IPerf/default in device VINTF manifest.
[   52.388709] init: Control message: Could not find 'vendor.qti.diaghal@1.0::Idiag/default' for ctl.interface_start from pid: 754 (/system/bin/hwservicemanager)
[   52.389833] init: Control message: Could not find 'vendor.qti.diaghal@1.0::Idiag/default' for ctl.interface_start from pid: 754 (/system/bin/hwservicemanager)
[   53.392390] init: Control message: Could not find 'vendor.qti.diaghal@1.0::Idiag/default' for ctl.interface_start from pid: 754 (/system/bin/hwservicemanager)
[   53.720340] audit: audit_lost=6340 audit_rate_limit=5 audit_backlog_limit=64
[   53.720345] audit: rate limit exceeded
[   54.393553] init: Control message: Could not find 'vendor.qti.diaghal@1.0::Idiag/default' for ctl.interface_start from pid: 754 (/system/bin/hwservicemanager)
[   54.901080] audit: audit_lost=6445 audit_rate_limit=5 audit_backlog_limit=64
[   54.901087] audit: rate limit exceeded
[   55.393821] init: Control message: Could not find 'vendor.qti.diaghal@1.0::Idiag/default' for ctl.interface_start from pid: 754 (/system/bin/hwservicemanager)
[   55.908925] type=1400 audit(1785263303.252:6786): avc:  denied  { execute_no_trans } for  comm="sh" path="/system/bin/settings" dev="dm-9" ino=568 scontext=u:r:xsud:s0 tcontext=u:object_r:system_file:s0 tclass=file permissive=1
[   55.923726] type=1400 audit(1785263303.264:6787): avc:  denied  { call } for  comm="cmd" scontext=u:r:xsud:s0 tcontext=u:r:servicemanager:s0 tclass=binder permissive=1
[   55.924163] type=1400 audit(1785263303.268:6788): avc:  denied  { call } for  comm="cmd" scontext=u:r:xsud:s0 tcontext=u:r:system_server:s0 tclass=binder permissive=1
[   55.924270] audit: audit_lost=6482 audit_rate_limit=5 audit_backlog_limit=64
[   55.924272] audit: rate limit exceeded
[   55.924280] type=1400 audit(1785263303.268:6789): avc:  denied  { use } for  comm="cmd" path="pipe:[134144]" dev="pipefs" ino=134144 scontext=u:r:system_server:s0 tcontext=u:r:xsud:s0 tclass=fd permissive=1
[   55.924372] type=1400 audit(1785263303.268:6790): avc:  denied  { write } for  comm="cmd" path="pipe:[134144]" dev="pipefs" ino=134144 scontext=u:r:system_server:s0 tcontext=u:r:xsud:s0 tclass=fifo_file permissive=1
[   56.394718] init: Control message: Could not find 'vendor.qti.diaghal@1.0::Idiag/default' for ctl.interface_start from pid: 754 (/system/bin/hwservicemanager)
[   56.923643] type=1400 audit(1785263304.264:6876): avc:  denied  { execute } for  comm="DefaultDispatch" name="xsu" dev="dm-11" ino=188 scontext=u:r:untrusted_app:s0:c183,c256,c512,c768 tcontext=u:object_r:xsu_exec:s0 tclass=file permissive=1 app=com.kei.pulse
[   56.923884] type=1400 audit(1785263304.264:6877): avc:  denied  { read open } for  comm="DefaultDispatch" path="/product/bin/xsu" dev="dm-11" ino=188 scontext=u:r:untrusted_app:s0:c183,c256,c512,c768 tcontext=u:object_r:xsu_exec:s0 tclass=file permissive=1 app=com.kei.pulse
[   56.924051] type=1400 audit(1785263304.264:6878): avc:  denied  { execute_no_trans } for  comm="DefaultDispatch" path="/product/bin/xsu" dev="dm-11" ino=188 scontext=u:r:untrusted_app:s0:c183,c256,c512,c768 tcontext=u:object_r:xsu_exec:s0 tclass=file permissive=1 app=com.kei.pulse
[   56.924379] type=1400 audit(1785263304.264:6879): avc:  denied  { map } for  comm="xsu" path="/product/bin/xsu" dev="dm-11" ino=188 scontext=u:r:untrusted_app:s0:c183,c256,c512,c768 tcontext=u:object_r:xsu_exec:s0 tclass=file permissive=1 app=com.kei.pulse
[   56.924508] type=1400 audit(1785263304.268:6880): avc:  denied  { getattr } for  comm="xsu" path="/product/bin/xsu" dev="dm-11" ino=188 scontext=u:r:untrusted_app:s0:c183,c256,c512,c768 tcontext=u:object_r:xsu_exec:s0 tclass=file permissive=1 app=com.kei.pulse
[   56.927472] audit: audit_lost=6591 audit_rate_limit=5 audit_backlog_limit=64
[   56.927475] audit: rate limit exceeded
[   57.397238] init: Control message: Could not find 'vendor.qti.diaghal@1.0::Idiag/default' for ctl.interface_start from pid: 754 (/system/bin/hwservicemanager)
[   58.397825] init: Control message: Could not find 'vendor.qti.diaghal@1.0::Idiag/default' for ctl.interface_start from pid: 754 (/system/bin/hwservicemanager)
[   58.433744] audit: audit_lost=6639 audit_rate_limit=5 audit_backlog_limit=64
[   58.433753] audit: rate limit exceeded
[   59.398792] init: Control message: Could not find 'vendor.qti.diaghal@1.0::Idiag/default' for ctl.interface_start from pid: 754 (/system/bin/hwservicemanager)
[   59.582565] audit: audit_lost=6740 audit_rate_limit=5 audit_backlog_limit=64
[   59.582575] audit: rate limit exceeded
[   60.400773] init: Control message: Could not find 'vendor.qti.diaghal@1.0::Idiag/default' for ctl.interface_start from pid: 754 (/system/bin/hwservicemanager)
[   60.918889] audit: audit_lost=6819 audit_rate_limit=5 audit_backlog_limit=64
[   60.918895] audit: rate limit exceeded
[   60.920088] type=1400 audit(1785263308.260:7147): avc:  denied  { read } for  comm="top" scontext=u:r:system_app:s0 tcontext=u:r:vendor_hal_identity_qti:s0 tclass=file permissive=1
[   61.030713] SELinux: avc:  denied  { find } for pid=3147 uid=10160 name=vendor.qti.qspmhal.IQspmhal/default scontext=u:r:permissioncontroller_app:s0:c160,c256,c512,c768 tcontext=u:object_r:vendor_hal_qspmhal_service:s0 tclass=service_manager permissive=1
[   61.030865] servicemanager: Found vendor.qti.qspmhal.IQspmhal/default in device VINTF manifest.
[   61.074280] servicemanager: Found android.hardware.graphics.allocator.IAllocator/default in device VINTF manifest.
[   61.087749] servicemanager: Found android.hardware.graphics.allocator.IAllocator/default in device VINTF manifest.
[   61.403716] init: Control message: Could not find 'vendor.qti.diaghal@1.0::Idiag/default' for ctl.interface_start from pid: 754 (/system/bin/hwservicemanager)
[   61.909347] type=1400 audit(1785263309.252:7289): avc:  denied  { read } for  comm="cat" name="gpuclk" dev="sysfs" ino=124210 scontext=u:r:xsud:s0 tcontext=u:object_r:vendor_sysfs_kgsl_gpuclk:s0 tclass=file permissive=1
[   61.909667] type=1400 audit(1785263309.252:7290): avc:  denied  { open } for  comm="cat" path="/sys/devices/platform/soc/3d00000.qcom,kgsl-3d0/kgsl/kgsl-3d0/gpuclk" dev="sysfs" ino=124210 scontext=u:r:xsud:s0 tcontext=u:object_r:vendor_sysfs_kgsl_gpuclk:s0 tclass=file permissive=1
[   61.911258] type=1400 audit(1785263309.252:7291): avc:  denied  { read } for  comm="Performance-Tim" name="pwm1" dev="sysfs" ino=115174 scontext=u:r:system_app:s0 tcontext=u:object_r:sysfs:s0 tclass=file permissive=1
[   61.911574] type=1400 audit(1785263309.252:7292): avc:  denied  { open } for  comm="Performance-Tim" path="/sys/devices/platform/soc/soc:pwm-fan/hwmon/hwmon0/pwm1" dev="sysfs" ino=115174 scontext=u:r:system_app:s0 tcontext=u:object_r:sysfs:s0 tclass=file permissive=1
[   61.911878] type=1400 audit(1785263309.252:7293): avc:  denied  { getattr } for  comm="Performance-Tim" path="/sys/devices/platform/soc/soc:pwm-fan/hwmon/hwmon0/pwm1" dev="sysfs" ino=115174 scontext=u:r:system_app:s0 tcontext=u:object_r:sysfs:s0 tclass=file permissive=1
[   61.919571] audit: audit_lost=6965 audit_rate_limit=5 audit_backlog_limit=64
[   61.919574] audit: rate limit exceeded
[   62.406100] init: Control message: Could not find 'vendor.qti.diaghal@1.0::Idiag/default' for ctl.interface_start from pid: 754 (/system/bin/hwservicemanager)
[   62.919238] type=1400 audit(1785263310.260:7421): avc:  denied  { read } for  comm="top" scontext=u:r:system_app:s0 tcontext=u:r:hwservicemanager:s0 tclass=file permissive=1
[   62.919800] type=1400 audit(1785263310.260:7422): avc:  denied  { read } for  comm="top" scontext=u:r:system_app:s0 tcontext=u:r:vndservicemanager:s0 tclass=file permissive=1
[   62.919966] type=1400 audit(1785263310.260:7423): avc:  denied  { read } for  comm="top" scontext=u:r:system_app:s0 tcontext=u:r:vendor_spdaemon:s0 tclass=file permissive=1
[   62.920080] type=1400 audit(1785263310.260:7424): avc:  denied  { read } for  comm="top" scontext=u:r:system_app:s0 tcontext=u:r:vendor_sec_nvm:s0 tclass=file permissive=1
[   62.956818] audit: audit_lost=7126 audit_rate_limit=5 audit_backlog_limit=64
[   62.956828] audit: rate limit exceeded
[   63.406640] init: Control message: Could not find 'vendor.qti.diaghal@1.0::Idiag/default' for ctl.interface_start from pid: 754 (/system/bin/hwservicemanager)
[   63.973116] audit: audit_lost=7210 audit_rate_limit=5 audit_backlog_limit=64
[   63.973120] audit: rate limit exceeded
[   64.407779] init: Control message: Could not find 'vendor.qti.diaghal@1.0::Idiag/default' for ctl.interface_start from pid: 754 (/system/bin/hwservicemanager)
[   65.173185] audit: audit_lost=7251 audit_rate_limit=5 audit_backlog_limit=64
[   65.173190] audit: rate limit exceeded
[   65.408588] init: Control message: Could not find 'vendor.qti.diaghal@1.0::Idiag/default' for ctl.interface_start from pid: 754 (/system/bin/hwservicemanager)
[   66.172666] type=1400 audit(1785263313.516:7671): avc:  denied  { read } for  comm="top" scontext=u:r:system_app:s0 tcontext=u:r:vendor_hal_keymint_spu_qti:s0 tclass=file permissive=1
[   66.173861] type=1400 audit(1785263313.516:7672): avc:  denied  { open } for  comm="top" path="/proc/1073/stat" dev="proc" ino=54682 scontext=u:r:system_app:s0 tcontext=u:r:vendor_hal_keymint_spu_qti:s0 tclass=file permissive=1
[   66.174336] type=1400 audit(1785263313.516:7673): avc:  denied  { getattr } for  comm="top" path="/proc/1473" dev="proc" ino=42286 scontext=u:r:system_app:s0 tcontext=u:r:vendor_qesdsect:s0 tclass=dir permissive=1
[   66.174548] type=1400 audit(1785263313.516:7674): avc:  denied  { search } for  comm="top" name="1473" dev="proc" ino=42286 scontext=u:r:system_app:s0 tcontext=u:r:vendor_qesdsect:s0 tclass=dir permissive=1
[   66.174706] type=1400 audit(1785263313.516:7675): avc:  denied  { getattr } for  comm="top" path="/proc/1483" dev="proc" ino=35538 scontext=u:r:system_app:s0 tcontext=u:r:vendor_hal_capabilityconfigstore_qti_default:s0 tclass=dir permissive=1
[   66.410865] init: Control message: Could not find 'vendor.qti.diaghal@1.0::Idiag/default' for ctl.interface_start from pid: 754 (/system/bin/hwservicemanager)
[   66.692394] audit: audit_lost=7323 audit_rate_limit=5 audit_backlog_limit=64
[   66.692400] audit: rate limit exceeded
[   67.180439] type=1400 audit(1785263314.524:7684): avc:  denied  { read } for  comm="top" scontext=u:r:system_app:s0 tcontext=u:r:vendor_hal_qseecom_default:s0 tclass=file permissive=1
[   67.181461] type=1400 audit(1785263314.524:7685): avc:  denied  { open } for  comm="top" path="/proc/907/stat" dev="proc" ino=54579 scontext=u:r:system_app:s0 tcontext=u:r:vendor_hal_qseecom_default:s0 tclass=file permissive=1
[   67.182320] type=1400 audit(1785263314.524:7686): avc:  denied  { getattr } for  comm="top" path="/proc/1455" dev="proc" ino=37758 scontext=u:r:system_app:s0 tcontext=u:r:vendor_hal_spu_qti:s0 tclass=dir permissive=1
[   67.182476] type=1400 audit(1785263314.524:7687): avc:  denied  { search } for  comm="top" name="1455" dev="proc" ino=37758 scontext=u:r:system_app:s0 tcontext=u:r:vendor_hal_spu_qti:s0 tclass=dir permissive=1
[   67.413696] init: Control message: Could not find 'vendor.qti.diaghal@1.0::Idiag/default' for ctl.interface_start from pid: 754 (/system/bin/hwservicemanager)
[   67.912952] type=1400 audit(1785263315.256:7688): avc:  denied  { syslog } for  comm="dmesg" capability=34  scontext=u:r:xsud:s0 tcontext=u:r:xsud:s0 tclass=capability2 permissive=1
[   67.913184] audit: audit_lost=7330 audit_rate_limit=5 audit_backlog_limit=64
[   67.913187] audit: rate limit exceeded
[   68.414700] init: Control message: Could not find 'vendor.qti.diaghal@1.0::Idiag/default' for ctl.interface_start from pid: 754 (/system/bin/hwservicemanager)
[   68.917307] audit: audit_lost=7342 audit_rate_limit=5 audit_backlog_limit=64
[   68.917313] audit: rate limit exceeded
[   69.008911] init: Service 'exec 20 (/vendor/bin/init.qti.write.sh /sys/devices/virtual/cvp/cvp/boot 1)' (pid 1341) exited with status 1 oneshot service took 67.606003 seconds in background
[   69.008937] init: Sending signal 9 to service 'exec 20 (/vendor/bin/init.qti.write.sh /sys/devices/virtual/cvp/cvp/boot 1)' (pid 1341) process group...
[   69.009213] libprocessgroup: Successfully killed process cgroup uid 0 pid 1341 in 0ms
[   69.029995] init: Service 'exec 19 (/vendor/bin/init.qti.write.sh /sys/kernel/boot_cdsp/boot 1)' (pid 1340) exited with status 1 oneshot service took 67.627998 seconds in background
[   69.030048] init: Sending signal 9 to service 'exec 19 (/vendor/bin/init.qti.write.sh /sys/kernel/boot_cdsp/boot 1)' (pid 1340) process group...
[   69.030560] libprocessgroup: Successfully killed process cgroup uid 0 pid 1340 in 0ms
[   69.417158] init: Control message: Could not find 'vendor.qti.diaghal@1.0::Idiag/default' for ctl.interface_start from pid: 754 (/system/bin/hwservicemanager)
[   69.921563] audit: audit_lost=7386 audit_rate_limit=5 audit_backlog_limit=64
[   69.921572] audit: rate limit exceeded
[   70.419133] init: Control message: Could not find 'vendor.qti.diaghal@1.0::Idiag/default' for ctl.interface_start from pid: 754 (/system/bin/hwservicemanager)
[   71.174566] audit: audit_lost=7400 audit_rate_limit=5 audit_backlog_limit=64
[   71.174573] audit: rate limit exceeded
[   71.996653] logd: start watching /data/system/packages.list ...
[   71.998424] logd: ReadPackageList, total packages: 206
[   72.118408] type=1400 audit(1785263319.460:7807): avc:  denied  { read } for  comm="sh" name="pulse_fifo_in" dev="dm-53" ino=331469 scontext=u:r:xsud:s0 tcontext=u:object_r:app_data_file:s0 tclass=fifo_file permissive=1
[   72.118569] type=1400 audit(1785263319.460:7808): avc:  denied  { open } for  comm="sh" path="/data/user/0/com.kei.pulse/files/pulse_fifo_in" dev="dm-53" ino=331469 scontext=u:r:xsud:s0 tcontext=u:object_r:app_data_file:s0 tclass=fifo_file permissive=1
[   72.171583] type=1400 audit(1785263319.512:7809): avc:  denied  { read } for  comm="top" scontext=u:r:system_app:s0 tcontext=u:r:servicemanager:s0 tclass=file permissive=1
[   72.171811] type=1400 audit(1785263319.512:7810): avc:  denied  { read } for  comm="top" scontext=u:r:system_app:s0 tcontext=u:r:hwservicemanager:s0 tclass=file permissive=1
[   72.171907] type=1400 audit(1785263319.512:7811): avc:  denied  { read } for  comm="top" scontext=u:r:system_app:s0 tcontext=u:r:vndservicemanager:s0 tclass=file permissive=1
[   72.177283] audit: audit_lost=7446 audit_rate_limit=5 audit_backlog_limit=64
[   72.177286] audit: rate limit exceeded
[   72.421465] init: Control message: Could not find 'vendor.qti.diaghal@1.0::Idiag/default' for ctl.interface_start from pid: 754 (/system/bin/hwservicemanager)
[   72.482334] servicemanager: Found vendor.qti.hardware.perf2.IPerf/default in device VINTF manifest.
[   72.487975] init: Control message: Could not find 'vendor.qti.diaghal@1.0::Idiag/default' for ctl.interface_start from pid: 754 (/system/bin/hwservicemanager)
[   72.488159] init: Control message: Could not find 'vendor.qti.diaghal@1.0::Idiag/default' for ctl.interface_start from pid: 754 (/system/bin/hwservicemanager)
[   73.122468] type=1400 audit(1785263320.464:7998): avc:  denied  { write } for  comm="Thread-650" name="pulse_fifo_in" dev="dm-53" ino=331469 scontext=u:r:untrusted_app:s0:c183,c256,c512,c768 tcontext=u:object_r:app_data_file:s0 tclass=fifo_file permissive=1 app=com.kei.pulse
[   73.132374] type=1400 audit(1785263320.476:7999): avc:  denied  { dac_read_search } for  comm="sh" capability=2  scontext=u:r:xsud:s0 tcontext=u:r:xsud:s0 tclass=capability permissive=1
[   73.133234] type=1400 audit(1785263320.476:8000): avc:  denied  { search } for  comm="sh" name="com.kei.pulse" dev="dm-53" ino=329013 scontext=u:r:xsud:s0 tcontext=u:object_r:app_data_file:s0:c183,c256,c512,c768 tclass=dir permissive=1
[   73.180629] audit: audit_lost=7639 audit_rate_limit=5 audit_backlog_limit=64
[   73.180634] audit: rate limit exceeded
[   73.489996] init: Control message: Could not find 'vendor.qti.diaghal@1.0::Idiag/default' for ctl.interface_start from pid: 754 (/system/bin/hwservicemanager)
[   74.492484] init: Control message: Could not find 'vendor.qti.diaghal@1.0::Idiag/default' for ctl.interface_start from pid: 754 (/system/bin/hwservicemanager)
[   74.921259] audit: audit_lost=7706 audit_rate_limit=5 audit_backlog_limit=64
[   74.921268] audit: rate limit exceeded
[   75.494122] init: Control message: Could not find 'vendor.qti.diaghal@1.0::Idiag/default' for ctl.interface_start from pid: 754 (/system/bin/hwservicemanager)
[   76.497098] init: Control message: Could not find 'vendor.qti.diaghal@1.0::Idiag/default' for ctl.interface_start from pid: 754 (/system/bin/hwservicemanager)
[   77.497692] init: Control message: Could not find 'vendor.qti.diaghal@1.0::Idiag/default' for ctl.interface_start from pid: 754 (/system/bin/hwservicemanager)
[   77.899496] type=1400 audit(1785263325.240:8124): avc:  denied  { read } for  comm="Performance-Tim" name="pwm1" dev="sysfs" ino=115174 scontext=u:r:system_app:s0 tcontext=u:object_r:sysfs:s0 tclass=file permissive=1
[   77.899721] type=1400 audit(1785263325.240:8125): avc:  denied  { open } for  comm="Performance-Tim" path="/sys/devices/platform/soc/soc:pwm-fan/hwmon/hwmon0/pwm1" dev="sysfs" ino=115174 scontext=u:r:system_app:s0 tcontext=u:object_r:sysfs:s0 tclass=file permissive=1
[   77.899798] type=1400 audit(1785263325.240:8126): avc:  denied  { getattr } for  comm="Performance-Tim" path="/sys/devices/platform/soc/soc:pwm-fan/hwmon/hwmon0/pwm1" dev="sysfs" ino=115174 scontext=u:r:system_app:s0 tcontext=u:object_r:sysfs:s0 tclass=file permissive=1
[   77.912099] type=1400 audit(1785263325.252:8127): avc:  denied  { getattr } for  comm="top" path="/proc/1767" dev="proc" ino=35763 scontext=u:r:system_app:s0 tcontext=u:r:vendor_per_proxy:s0 tclass=dir permissive=1
[   77.912315] type=1400 audit(1785263325.252:8128): avc:  denied  { search } for  comm="top" name="1767" dev="proc" ino=35763 scontext=u:r:system_app:s0 tcontext=u:r:vendor_per_proxy:s0 tclass=dir permissive=1
[   78.500030] init: Control message: Could not find 'vendor.qti.diaghal@1.0::Idiag/default' for ctl.interface_start from pid: 754 (/system/bin/hwservicemanager)
[   78.908479] type=1400 audit(1785263326.252:8129): avc:  denied  { read } for  comm="top" scontext=u:r:system_app:s0 tcontext=u:r:vendor_hal_qseecom_default:s0 tclass=file permissive=1
[   78.909187] type=1400 audit(1785263326.252:8130): avc:  denied  { open } for  comm="top" path="/proc/907/stat" dev="proc" ino=54579 scontext=u:r:system_app:s0 tcontext=u:r:vendor_hal_qseecom_default:s0 tclass=file permissive=1
[   78.909631] type=1400 audit(1785263326.252:8131): avc:  denied  { getattr } for  comm="top" path="/proc/1455" dev="proc" ino=37758 scontext=u:r:system_app:s0 tcontext=u:r:vendor_hal_spu_qti:s0 tclass=dir permissive=1
[   78.909774] type=1400 audit(1785263326.252:8132): avc:  denied  { search } for  comm="top" name="1455" dev="proc" ino=37758 scontext=u:r:system_app:s0 tcontext=u:r:vendor_hal_spu_qti:s0 tclass=dir permissive=1
[   79.501923] init: Control message: Could not find 'vendor.qti.diaghal@1.0::Idiag/default' for ctl.interface_start from pid: 754 (/system/bin/hwservicemanager)
[   79.904120] type=1400 audit(1785263327.248:8133): avc:  denied  { read } for  comm="top" scontext=u:r:system_app:s0 tcontext=u:r:vendor_hal_keymint_qti:s0 tclass=file permissive=1
[   80.160734] audit: audit_lost=7726 audit_rate_limit=5 audit_backlog_limit=64
[   80.160740] audit: rate limit exceeded
[   80.503343] init: Control message: Could not find 'vendor.qti.diaghal@1.0::Idiag/default' for ctl.interface_start from pid: 754 (/system/bin/hwservicemanager)
[   81.505386] init: Control message: Could not find 'vendor.qti.diaghal@1.0::Idiag/default' for ctl.interface_start from pid: 754 (/system/bin/hwservicemanager)
[   82.330095] audit: audit_lost=7739 audit_rate_limit=5 audit_backlog_limit=64
[   82.330102] audit: rate limit exceeded
[   82.506629] init: Control message: Could not find 'vendor.qti.diaghal@1.0::Idiag/default' for ctl.interface_start from pid: 754 (/system/bin/hwservicemanager)
[   83.458849] type=1400 audit(1785263330.800:8184): avc:  denied  { read } for  comm="cat" name="gpuclk" dev="sysfs" ino=124210 scontext=u:r:xsud:s0 tcontext=u:object_r:vendor_sysfs_kgsl_gpuclk:s0 tclass=file permissive=1
[   83.460213] type=1400 audit(1785263330.800:8185): avc:  denied  { open } for  comm="cat" path="/sys/devices/platform/soc/3d00000.qcom,kgsl-3d0/kgsl/kgsl-3d0/gpuclk" dev="sysfs" ino=124210 scontext=u:r:xsud:s0 tcontext=u:object_r:vendor_sysfs_kgsl_gpuclk:s0 tclass=file permissive=1
[   83.472470] type=1400 audit(1785263330.816:8186): avc:  denied  { read } for  comm="cat" name="min_pwrlevel" dev="sysfs" ino=124218 scontext=u:r:xsud:s0 tcontext=u:object_r:vendor_sysfs_kgsl:s0 tclass=file permissive=1
[   83.472720] type=1400 audit(1785263330.816:8187): avc:  denied  { open } for  comm="cat" path="/sys/devices/platform/soc/3d00000.qcom,kgsl-3d0/kgsl/kgsl-3d0/min_pwrlevel" dev="sysfs" ino=124218 scontext=u:r:xsud:s0 tcontext=u:object_r:vendor_sysfs_kgsl:s0 tclass=file permissive=1
[   83.514446] init: Control message: Could not find 'vendor.qti.diaghal@1.0::Idiag/default' for ctl.interface_start from pid: 754 (/system/bin/hwservicemanager)
[   83.530284] audit: audit_lost=7760 audit_rate_limit=5 audit_backlog_limit=64
[   83.530289] audit: rate limit exceeded
[   83.530408] type=1400 audit(1785263330.872:8188): avc:  denied  { write } for  comm="sh" name="pwm1" dev="sysfs" ino=115174 scontext=u:r:xsud:s0 tcontext=u:object_r:sysfs:s0 tclass=file permissive=1
[   84.516165] init: Control message: Could not find 'vendor.qti.diaghal@1.0::Idiag/default' for ctl.interface_start from pid: 754 (/system/bin/hwservicemanager)
[   84.683454] type=1400 audit(1785263332.024:8194): avc:  denied  { search } for  comm="cat" name="battery" dev="sysfs" ino=141568 scontext=u:r:xsud:s0 tcontext=u:object_r:vendor_sysfs_battery_supply:s0 tclass=dir permissive=1
[   84.911606] type=1400 audit(1785263332.252:8195): avc:  denied  { read } for  comm="top" scontext=u:r:system_app:s0 tcontext=u:r:vendor_hal_capabilityconfigstore_qti_default:s0 tclass=file permissive=1
[   84.911915] type=1400 audit(1785263332.252:8196): avc:  denied  { read } for  comm="top" scontext=u:r:system_app:s0 tcontext=u:r:vendor_per_proxy:s0 tclass=file permissive=1
[   84.912100] type=1400 audit(1785263332.256:8197): avc:  denied  { open } for  comm="top" path="/proc/1483/stat" dev="proc" ino=54894 scontext=u:r:system_app:s0 tcontext=u:r:vendor_hal_capabilityconfigstore_qti_default:s0 tclass=file permissive=1
[   84.912569] type=1400 audit(1785263332.256:8198): avc:  denied  { open } for  comm="top" path="/proc/1767/stat" dev="proc" ino=54933 scontext=u:r:system_app:s0 tcontext=u:r:vendor_per_proxy:s0 tclass=file permissive=1
[   85.517719] init: Control message: Could not find 'vendor.qti.diaghal@1.0::Idiag/default' for ctl.interface_start from pid: 754 (/system/bin/hwservicemanager)
[   86.520750] init: Control message: Could not find 'vendor.qti.diaghal@1.0::Idiag/default' for ctl.interface_start from pid: 754 (/system/bin/hwservicemanager)
[   87.524384] init: Control message: Could not find 'vendor.qti.diaghal@1.0::Idiag/default' for ctl.interface_start from pid: 754 (/system/bin/hwservicemanager)
[   87.906782] audit: audit_lost=7765 audit_rate_limit=5 audit_backlog_limit=64
[   87.906788] audit: rate limit exceeded
[   88.526387] init: Control message: Could not find 'vendor.qti.diaghal@1.0::Idiag/default' for ctl.interface_start from pid: 754 (/system/bin/hwservicemanager)
[   88.908931] type=1400 audit(1785263336.252:8266): avc:  denied  { open } for  comm="top" path="/proc/1523/stat" dev="proc" ino=54905 scontext=u:r:system_app:s0 tcontext=u:r:vendor_hal_trustedui_qti:s0 tclass=file permissive=1
[   88.909636] type=1400 audit(1785263336.252:8267): avc:  denied  { open } for  comm="top" path="/proc/1528/stat" dev="proc" ino=54906 scontext=u:r:system_app:s0 tcontext=u:r:hal_vibrator_default:s0 tclass=file permissive=1
[   88.909860] type=1400 audit(1785263336.252:8268): avc:  denied  { open } for  comm="top" path="/proc/1831/stat" dev="proc" ino=54944 scontext=u:r:system_app:s0 tcontext=u:r:vendor_wcnss_service:s0 tclass=file permissive=1
[   88.909897] type=1400 audit(1785263336.252:8269): avc:  denied  { getattr } for  comm="top" path="/proc/1996" dev="proc" ino=14921 scontext=u:r:system_app:s0 tcontext=u:r:vendor_feature_enabler_client:s0 tclass=dir permissive=1
[   88.910073] audit: audit_lost=7822 audit_rate_limit=5 audit_backlog_limit=64
[   88.910075] audit: rate limit exceeded
[   88.910267] type=1400 audit(1785263336.252:8270): avc:  denied  { search } for  comm="top" name="1996" dev="proc" ino=14921 scontext=u:r:system_app:s0 tcontext=u:r:vendor_feature_enabler_client:s0 tclass=dir permissive=1
[   89.527621] init: Control message: Could not find 'vendor.qti.diaghal@1.0::Idiag/default' for ctl.interface_start from pid: 754 (/system/bin/hwservicemanager)
[   90.156501] type=1400 audit(1785263337.500:8293): avc:  denied  { read } for  comm="top" scontext=u:r:system_app:s0 tcontext=u:r:vendor_hal_qspa_default:s0 tclass=file permissive=1
[   90.156867] type=1400 audit(1785263337.500:8294): avc:  denied  { read } for  comm="top" scontext=u:r:system_app:s0 tcontext=u:r:vendor_tcmd:s0 tclass=file permissive=1
[   90.158568] type=1400 audit(1785263337.500:8295): avc:  denied  { open } for  comm="top" path="/proc/1542/stat" dev="proc" ino=54909 scontext=u:r:system_app:s0 tcontext=u:r:vendor_hal_qspa_default:s0 tclass=file permissive=1
[   90.158847] type=1400 audit(1785263337.500:8296): avc:  denied  { open } for  comm="top" path="/proc/1813/stat" dev="proc" ino=54937 scontext=u:r:system_app:s0 tcontext=u:r:vendor_tcmd:s0 tclass=file permissive=1
[   90.529177] init: Control message: Could not find 'vendor.qti.diaghal@1.0::Idiag/default' for ctl.interface_start from pid: 754 (/system/bin/hwservicemanager)
[   91.479637] type=1400 audit(1785263338.820:8297): avc:  denied  { search } for  comm="sh" name="com.kei.pulse" dev="dm-53" ino=329013 scontext=u:r:xsud:s0 tcontext=u:object_r:app_data_file:s0:c183,c256,c512,c768 tclass=dir permissive=1
[   91.531738] init: Control message: Could not find 'vendor.qti.diaghal@1.0::Idiag/default' for ctl.interface_start from pid: 754 (/system/bin/hwservicemanager)
[   92.558451] servicemanager: Found vendor.qti.hardware.perf2.IPerf/default in device VINTF manifest.
[   92.563562] init: Control message: Could not find 'vendor.qti.diaghal@1.0::Idiag/default' for ctl.interface_start from pid: 754 (/system/bin/hwservicemanager)
[   92.563741] init: Control message: Could not find 'vendor.qti.diaghal@1.0::Idiag/default' for ctl.interface_start from pid: 754 (/system/bin/hwservicemanager)
[   92.587849] audit: audit_lost=7844 audit_rate_limit=5 audit_backlog_limit=64
[   92.587858] audit: rate limit exceeded
[   93.566324] init: Control message: Could not find 'vendor.qti.diaghal@1.0::Idiag/default' for ctl.interface_start from pid: 754 (/system/bin/hwservicemanager)
[   93.896664] audit: audit_lost=8095 audit_rate_limit=5 audit_backlog_limit=64
[   93.896670] audit: rate limit exceeded
[   94.156818] type=1400 audit(1785263341.500:8589): avc:  denied  { getattr } for  comm="top" path="/proc/1447" dev="proc" ino=43158 scontext=u:r:system_app:s0 tcontext=u:r:vendor_hal_usb_qti:s0 tclass=dir permissive=1
[   94.157058] type=1400 audit(1785263341.500:8590): avc:  denied  { search } for  comm="top" name="1447" dev="proc" ino=43158 scontext=u:r:system_app:s0 tcontext=u:r:vendor_hal_usb_qti:s0 tclass=dir permissive=1
[   94.231848] [kworke][0x79a570c4][18:29:01.577726] kiwi_v2: [779:I:PMO] pmo_core_psoc_send_host_wakeup_ind_to_fw: Host wakeup indication sent to fw
[   94.240965] [soft_i][0x79a81deb][18:29:01.586862] kiwi_v2: [0:I:WMA] WLAN triggered wakeup: BPF_ALLOW (39), vdev: 0 (STA)
[   94.241136] [soft_i][0x79a82ada][18:29:01.587034] kiwi_v2: [0:I:WMA] wma_wake_event_packet: Wake event packet:
[   94.255802] type=1400 audit(1785263341.600:8591): avc:  denied  { read } for  comm="cat" name="online" dev="sysfs" ino=141577 scontext=u:r:xsud:s0 tcontext=u:object_r:vendor_sysfs_battery_supply:s0 tclass=file permissive=1
[   94.255962] type=1400 audit(1785263341.600:8592): avc:  denied  { open } for  comm="cat" path="/sys/devices/platform/soc/soc:qcom,pmic_glink/soc:qcom,pmic_glink:qcom,battery_charger/power_supply/battery/online" dev="sysfs" ino=141577 scontext=u:r:xsud:s0 tcontext=u:object_r:vendor_sysfs_battery_supply:s0 tclass=file permissive=1
[   94.265609] type=1400 audit(1785263341.608:8593): avc:  denied  { search } for  comm="sh" name="0" dev="tmpfs" ino=12 scontext=u:r:xsud:s0 tcontext=u:object_r:mnt_user_file:s0 tclass=dir permissive=1
[   94.568394] init: Control message: Could not find 'vendor.qti.diaghal@1.0::Idiag/default' for ctl.interface_start from pid: 754 (/system/bin/hwservicemanager)
[   94.876254] [kworke][0x7a623c78][18:29:02.222149] kiwi_v2: [779:I:PMO] pmo_core_enable_wow_in_fw: drv wow is enabled
[   94.899836] audit: audit_lost=8147 audit_rate_limit=5 audit_backlog_limit=64
[   94.899842] audit: rate limit exceeded
[   95.407365] type=1400 audit(1785263342.748:8633): avc:  denied  { read } for  comm="cat" name="gpuclk" dev="sysfs" ino=124210 scontext=u:r:xsud:s0 tcontext=u:object_r:vendor_sysfs_kgsl_gpuclk:s0 tclass=file permissive=1
[   95.407789] type=1400 audit(1785263342.748:8634): avc:  denied  { open } for  comm="cat" path="/sys/devices/platform/soc/3d00000.qcom,kgsl-3d0/kgsl/kgsl-3d0/gpuclk" dev="sysfs" ino=124210 scontext=u:r:xsud:s0 tcontext=u:object_r:vendor_sysfs_kgsl_gpuclk:s0 tclass=file permissive=1
[   95.420953] type=1400 audit(1785263342.764:8635): avc:  denied  { read } for  comm="cat" name="min_pwrlevel" dev="sysfs" ino=124218 scontext=u:r:xsud:s0 tcontext=u:object_r:vendor_sysfs_kgsl:s0 tclass=file permissive=1
[   95.421055] type=1400 audit(1785263342.764:8636): avc:  denied  { open } for  comm="cat" path="/sys/devices/platform/soc/3d00000.qcom,kgsl-3d0/kgsl/kgsl-3d0/min_pwrlevel" dev="sysfs" ino=124218 scontext=u:r:xsud:s0 tcontext=u:object_r:vendor_sysfs_kgsl:s0 tclass=file permissive=1
[   95.570480] init: Control message: Could not find 'vendor.qti.diaghal@1.0::Idiag/default' for ctl.interface_start from pid: 754 (/system/bin/hwservicemanager)
[   95.893309] type=1400 audit(1785263343.236:8637): avc:  denied  { read } for  comm="top" scontext=u:r:system_app:s0 tcontext=u:r:vendor_hal_qesdhal_default:s0 tclass=file permissive=1
[   96.147194] audit: audit_lost=8177 audit_rate_limit=5 audit_backlog_limit=64
[   96.147201] audit: rate limit exceeded
[   96.570927] init: Control message: Could not find 'vendor.qti.diaghal@1.0::Idiag/default' for ctl.interface_start from pid: 754 (/system/bin/hwservicemanager)
[   97.148070] audit: audit_lost=8209 audit_rate_limit=5 audit_backlog_limit=64
[   97.148075] audit: rate limit exceeded
[   97.571899] init: Control message: Could not find 'vendor.qti.diaghal@1.0::Idiag/default' for ctl.interface_start from pid: 754 (/system/bin/hwservicemanager)
[   98.572784] init: Control message: Could not find 'vendor.qti.diaghal@1.0::Idiag/default' for ctl.interface_start from pid: 754 (/system/bin/hwservicemanager)
[   98.599342] audit: audit_lost=8241 audit_rate_limit=5 audit_backlog_limit=64
[   98.599346] audit: rate limit exceeded
[   99.300609] [kworke][0x7f726f13][18:29:06.646504] kiwi_v2: [2202:I:PMO] pmo_core_psoc_send_host_wakeup_ind_to_fw: Host wakeup indication sent to fw
[   99.575013] init: Control message: Could not find 'vendor.qti.diaghal@1.0::Idiag/default' for ctl.interface_start from pid: 754 (/system/bin/hwservicemanager)
[   99.890650] audit: audit_lost=8254 audit_rate_limit=5 audit_backlog_limit=64
[   99.890656] audit: rate limit exceeded
[   99.935799] [kworke][0x802c8627][18:29:07.281692] kiwi_v2: [2202:I:PMO] pmo_core_enable_wow_in_fw: drv wow is enabled
[  100.145314] type=1400 audit(1785263347.488:8747): avc:  denied  { getattr } for  comm="top" path="/proc/1767" dev="proc" ino=35763 scontext=u:r:system_app:s0 tcontext=u:r:vendor_per_proxy:s0 tclass=dir permissive=1
[  100.145873] type=1400 audit(1785263347.488:8748): avc:  denied  { search } for  comm="top" name="1767" dev="proc" ino=35763 scontext=u:r:system_app:s0 tcontext=u:r:vendor_per_proxy:s0 tclass=dir permissive=1
[  100.254759] type=1400 audit(1785263347.596:8749): avc:  denied  { read } for  comm="cat" name="online" dev="sysfs" ino=141577 scontext=u:r:xsud:s0 tcontext=u:object_r:vendor_sysfs_battery_supply:s0 tclass=file permissive=1
[  100.255092] type=1400 audit(1785263347.596:8750): avc:  denied  { open } for  comm="cat" path="/sys/devices/platform/soc/soc:qcom,pmic_glink/soc:qcom,pmic_glink:qcom,battery_charger/power_supply/battery/online" dev="sysfs" ino=141577 scontext=u:r:xsud:s0 tcontext=u:object_r:vendor_sysfs_battery_supply:s0 tclass=file permissive=1
[  100.575994] init: Control message: Could not find 'vendor.qti.diaghal@1.0::Idiag/default' for ctl.interface_start from pid: 754 (/system/bin/hwservicemanager)
[  100.880074] type=1400 audit(1785263348.220:8751): avc:  denied  { read } for  comm="Performance-Tim" name="pwm1" dev="sysfs" ino=115174 scontext=u:r:system_app:s0 tcontext=u:object_r:sysfs:s0 tclass=file permissive=1
[  100.891811] audit: audit_lost=8260 audit_rate_limit=5 audit_backlog_limit=64
[  100.891816] audit: rate limit exceeded
[  101.148217] type=1400 audit(1785263348.492:8759): avc:  denied  { open } for  comm="top" path="/proc/905/stat" dev="proc" ino=54577 scontext=u:r:system_app:s0 tcontext=u:r:vendor_hal_keymint_qti:s0 tclass=file permissive=1
[  101.578840] init: Control message: Could not find 'vendor.qti.diaghal@1.0::Idiag/default' for ctl.interface_start from pid: 754 (/system/bin/hwservicemanager)
[  101.893319] type=1400 audit(1785263349.236:8760): avc:  denied  { read } for  comm="top" scontext=u:r:system_app:s0 tcontext=u:r:hal_allocator_default:s0 tclass=file permissive=1
[  101.893657] type=1400 audit(1785263349.236:8761): avc:  denied  { read } for  comm="top" scontext=u:r:system_app:s0 tcontext=u:r:hal_tsnv_default:s0 tclass=file permissive=1
[  101.894114] type=1400 audit(1785263349.236:8762): avc:  denied  { read } for  comm="top" scontext=u:r:system_app:s0 tcontext=u:r:vendor_perfservice:s0 tclass=file permissive=1
[  101.895097] type=1400 audit(1785263349.236:8763): avc:  denied  { open } for  comm="top" path="/proc/1354/stat" dev="proc" ino=54858 scontext=u:r:system_app:s0 tcontext=u:r:hal_allocator_default:s0 tclass=file permissive=1
[  101.895536] audit: audit_lost=8265 audit_rate_limit=5 audit_backlog_limit=64
[  101.895539] audit: rate limit exceeded
[  102.460296] [kworke][0x83101e18][18:29:09.806171] kiwi_v2: [858:I:PMO] pmo_core_psoc_send_host_wakeup_ind_to_fw: Host wakeup indication sent to fw
[  102.578869] init: Control message: Could not find 'vendor.qti.diaghal@1.0::Idiag/default' for ctl.interface_start from pid: 754 (/system/bin/hwservicemanager)
[  103.263535] [kworke][0x83fb72e6][18:29:10.609435] kiwi_v2: [858:I:PMO] pmo_core_enable_wow_in_fw: drv wow is enabled
[  103.582031] init: Control message: Could not find 'vendor.qti.diaghal@1.0::Idiag/default' for ctl.interface_start from pid: 754 (/system/bin/hwservicemanager)
[  103.886069] audit: audit_lost=8283 audit_rate_limit=5 audit_backlog_limit=64
[  103.886074] audit: rate limit exceeded
[  104.584653] init: Control message: Could not find 'vendor.qti.diaghal@1.0::Idiag/default' for ctl.interface_start from pid: 754 (/system/bin/hwservicemanager)
[  104.887486] audit: audit_lost=8330 audit_rate_limit=5 audit_backlog_limit=64
[  104.887491] audit: rate limit exceeded
[  105.586034] init: Control message: Could not find 'vendor.qti.diaghal@1.0::Idiag/default' for ctl.interface_start from pid: 754 (/system/bin/hwservicemanager)
[  105.756721] type=1400 audit(1785263353.100:8868): avc:  denied  { read } for  comm="sh" name="pulse_fifo_in" dev="dm-53" ino=331469 scontext=u:r:xsud:s0 tcontext=u:object_r:app_data_file:s0 tclass=fifo_file permissive=1
[  105.756833] type=1400 audit(1785263353.100:8869): avc:  denied  { open } for  comm="sh" path="/data/user/0/com.kei.pulse/files/pulse_fifo_in" dev="dm-53" ino=331469 scontext=u:r:xsud:s0 tcontext=u:object_r:app_data_file:s0 tclass=fifo_file permissive=1
[  105.885714] type=1400 audit(1785263353.228:8870): avc:  denied  { getattr } for  comm="top" path="/proc/1813" dev="proc" ino=46322 scontext=u:r:system_app:s0 tcontext=u:r:vendor_tcmd:s0 tclass=dir permissive=1
[  105.885807] type=1400 audit(1785263353.228:8871): avc:  denied  { search } for  comm="top" name="1813" dev="proc" ino=46322 scontext=u:r:system_app:s0 tcontext=u:r:vendor_tcmd:s0 tclass=dir permissive=1
[  105.886068] type=1400 audit(1785263353.228:8872): avc:  denied  { getattr } for  comm="top" path="/proc/2022" dev="proc" ino=43981 scontext=u:r:system_app:s0 tcontext=u:r:vendor_hal_soter_qti:s0 tclass=dir permissive=1
[  106.136976] audit: audit_lost=8355 audit_rate_limit=5 audit_backlog_limit=64
[  106.136981] audit: rate limit exceeded
[  106.586400] init: Control message: Could not find 'vendor.qti.diaghal@1.0::Idiag/default' for ctl.interface_start from pid: 754 (/system/bin/hwservicemanager)
[  106.890156] type=1400 audit(1785263354.232:8891): avc:  denied  { getattr } for  comm="top" path="/proc/756" dev="proc" ino=33590 scontext=u:r:system_app:s0 tcontext=u:r:vndservicemanager:s0 tclass=dir permissive=1
[  106.890428] type=1400 audit(1785263354.232:8892): avc:  denied  { search } for  comm="top" name="756" dev="proc" ino=33590 scontext=u:r:system_app:s0 tcontext=u:r:vndservicemanager:s0 tclass=dir permissive=1
[  106.890524] type=1400 audit(1785263354.232:8893): avc:  denied  { getattr } for  comm="top" path="/proc/1067" dev="proc" ino=40317 scontext=u:r:system_app:s0 tcontext=u:r:vendor_spdaemon:s0 tclass=dir permissive=1
[  106.890631] type=1400 audit(1785263354.232:8894): avc:  denied  { search } for  comm="top" name="1067" dev="proc" ino=40317 scontext=u:r:system_app:s0 tcontext=u:r:vendor_spdaemon:s0 tclass=dir permissive=1
[  106.890948] type=1400 audit(1785263354.232:8895): avc:  denied  { getattr } for  comm="top" path="/proc/1528" dev="proc" ino=43337 scontext=u:r:system_app:s0 tcontext=u:r:hal_vibrator_default:s0 tclass=dir permissive=1
[  107.152632] audit: audit_lost=8375 audit_rate_limit=5 audit_backlog_limit=64
[  107.152649] audit: rate limit exceeded
[  107.588612] init: Control message: Could not find 'vendor.qti.diaghal@1.0::Idiag/default' for ctl.interface_start from pid: 754 (/system/bin/hwservicemanager)
[  108.569299] [kworke][0x8a0ddc6b][18:29:15.915162] kiwi_v2: [779:I:PMO] pmo_core_psoc_send_host_wakeup_ind_to_fw: Host wakeup indication sent to fw
[  108.578460] [soft_i][0x8a108e2e][18:29:15.924358] kiwi_v2: [0:I:WMA] WLAN triggered wakeup: BPF_ALLOW (39), vdev: 0 (STA)
[  108.578573] [soft_i][0x8a1096d5][18:29:15.924474] kiwi_v2: [0:I:WMA] wma_wake_event_packet: Wake event packet:
[  108.586550] audit: audit_lost=8416 audit_rate_limit=5 audit_backlog_limit=64
[  108.586555] audit: rate limit exceeded
[  108.596022] init: Control message: Could not find 'vendor.qti.diaghal@1.0::Idiag/default' for ctl.interface_start from pid: 754 (/system/bin/hwservicemanager)
[  108.651766] servicemanager: Found vendor.qti.qspmhal.IQspmhal/default in device VINTF manifest.
[  109.196786] servicemanager: Found android.hardware.graphics.allocator.IAllocator/default in device VINTF manifest.
[  109.200382] servicemanager: Found android.hardware.graphics.allocator.IAllocator/default in device VINTF manifest.
[  109.592676] init: Control message: Could not find 'vendor.qti.diaghal@1.0::Idiag/default' for ctl.interface_start from pid: 754 (/system/bin/hwservicemanager)
[  109.782712] audit: audit_lost=8604 audit_rate_limit=5 audit_backlog_limit=64
[  109.782717] audit: rate limit exceeded
[  109.940833] [kworke][0x8b9faffe][18:29:17.286729] kiwi_v2: [779:I:PMO] pmo_core_enable_wow_in_fw: drv wow is enabled
[  110.431770] binder_alloc: 6496: binder_alloc_buf, no vma
[  110.431778] binder: cannot allocate buffer: vma cleared, target dead or dying
[  110.431783] binder: 2281:4041 transaction async to 6496:0 failed 207315/29189/-3, size 408-8 line 3465
[  110.435260] [kworke][0x8c308a50][18:29:17.781160] kiwi_v2: [2202:I:PMO] pmo_core_psoc_send_host_wakeup_ind_to_fw: Host wakeup indication sent to fw
[  110.594237] init: Control message: Could not find 'vendor.qti.diaghal@1.0::Idiag/default' for ctl.interface_start from pid: 754 (/system/bin/hwservicemanager)
[  110.866429] audit: audit_lost=8679 audit_rate_limit=5 audit_backlog_limit=64
[  110.866437] audit: rate limit exceeded
[  111.140455] type=1400 audit(1785263358.484:9377): avc:  denied  { getattr } for  comm="top" path="/proc/1879" dev="proc" ino=45005 scontext=u:r:system_app:s0 tcontext=u:r:vendor_perf_qesdk:s0 tclass=dir permissive=1
[  111.140697] type=1400 audit(1785263358.484:9378): avc:  denied  { search } for  comm="top" name="1879" dev="proc" ino=45005 scontext=u:r:system_app:s0 tcontext=u:r:vendor_perf_qesdk:s0 tclass=dir permissive=1
[  111.140769] type=1400 audit(1785263358.484:9379): avc:  denied  { open } for  comm="top" path="/proc/3431/stat" dev="proc" ino=108665 scontext=u:r:system_app:s0 tcontext=u:r:vendor_qspmsvc:s0 tclass=file permissive=1
[  111.141723] type=1400 audit(1785263358.484:9380): avc:  denied  { getattr } for  comm="Performance-Tim" path="/proc/stat" dev="proc" ino=4026532011 scontext=u:r:system_app:s0 tcontext=u:object_r:proc_stat:s0 tclass=file permissive=1
[  111.332607] [kworke][0x8d376ef2][18:29:18.678502] kiwi_v2: [2202:I:PMO] pmo_core_enable_wow_in_fw: drv wow is enabled
[  111.597478] init: Control message: Could not find 'vendor.qti.diaghal@1.0::Idiag/default' for ctl.interface_start from pid: 754 (/system/bin/hwservicemanager)
[  111.885653] type=1400 audit(1785263359.228:9381): avc:  denied  { write } for  comm="Thread-814" name="pulse_fifo_in" dev="dm-53" ino=331469 scontext=u:r:untrusted_app:s0:c183,c256,c512,c768 tcontext=u:object_r:app_data_file:s0 tclass=fifo_file permissive=1 app=com.kei.pulse
[  111.897328] audit: audit_lost=8838 audit_rate_limit=5 audit_backlog_limit=64
[  111.897339] audit: rate limit exceeded
[  112.150882] type=1400 audit(1785263359.492:9390): avc:  denied  { read } for  comm="top" scontext=u:r:system_app:s0 tcontext=u:r:hal_power_default:s0 tclass=file permissive=1
[  112.152927] type=1400 audit(1785263359.496:9391): avc:  denied  { getattr } for  comm="top" path="/proc/1380" dev="proc" ino=41840 scontext=u:r:system_app:s0 tcontext=u:r:vendor_hal_identity_qti:s0 tclass=dir permissive=1
[  112.153037] type=1400 audit(1785263359.496:9392): avc:  denied  { search } for  comm="top" name="1380" dev="proc" ino=41840 scontext=u:r:system_app:s0 tcontext=u:r:vendor_hal_identity_qti:s0 tclass=dir permissive=1
[  112.153247] type=1400 audit(1785263359.496:9393): avc:  denied  { open } for  comm="top" path="/proc/1417/stat" dev="proc" ino=54875 scontext=u:r:system_app:s0 tcontext=u:r:hal_power_default:s0 tclass=file permissive=1
[  112.153409] type=1400 audit(1785263359.496:9394): avc:  denied  { getattr } for  comm="top" path="/proc/3431" dev="proc" ino=86067 scontext=u:r:system_app:s0 tcontext=u:r:vendor_qspmsvc:s0 tclass=dir permissive=1
[  112.642787] servicemanager: Found vendor.qti.hardware.perf2.IPerf/default in device VINTF manifest.
[  112.646743] init: Control message: Could not find 'vendor.qti.diaghal@1.0::Idiag/default' for ctl.interface_start from pid: 754 (/system/bin/hwservicemanager)
[  112.647383] init: Control message: Could not find 'vendor.qti.diaghal@1.0::Idiag/default' for ctl.interface_start from pid: 754 (/system/bin/hwservicemanager)
[  112.905858] audit: audit_lost=9016 audit_rate_limit=5 audit_backlog_limit=64
[  112.905863] audit: rate limit exceeded
[  113.648663] init: Control message: Could not find 'vendor.qti.diaghal@1.0::Idiag/default' for ctl.interface_start from pid: 754 (/system/bin/hwservicemanager)
[  113.939716] audit: audit_lost=9102 audit_rate_limit=5 audit_backlog_limit=64
[  113.939730] audit: rate limit exceeded
[  114.650794] init: Control message: Could not find 'vendor.qti.diaghal@1.0::Idiag/default' for ctl.interface_start from pid: 754 (/system/bin/hwservicemanager)
[  115.651857] init: Control message: Could not find 'vendor.qti.diaghal@1.0::Idiag/default' for ctl.interface_start from pid: 754 (/system/bin/hwservicemanager)
[  116.653541] init: Control message: Could not find 'vendor.qti.diaghal@1.0::Idiag/default' for ctl.interface_start from pid: 754 (/system/bin/hwservicemanager)
[  117.129851] type=1400 audit(1785263364.472:9674): avc:  denied  { read } for  comm="top" scontext=u:r:system_app:s0 tcontext=u:r:vendor_hal_spu_qti:s0 tclass=file permissive=1
[  117.130035] type=1400 audit(1785263364.472:9675): avc:  denied  { read } for  comm="top" scontext=u:r:system_app:s0 tcontext=u:r:vendor_hal_poweroptservice_qti:s0 tclass=file permissive=1
[  117.130082] type=1400 audit(1785263364.472:9676): avc:  denied  { read } for  comm="top" scontext=u:r:system_app:s0 tcontext=u:r:vendor_per_proxy:s0 tclass=file permissive=1
[  117.132514] type=1400 audit(1785263364.476:9677): avc:  denied  { getattr } for  comm="top" path="/proc/905" dev="proc" ino=14749 scontext=u:r:system_app:s0 tcontext=u:r:vendor_hal_keymint_qti:s0 tclass=dir permissive=1
[  117.132586] type=1400 audit(1785263364.476:9678): avc:  denied  { search } for  comm="top" name="905" dev="proc" ino=14749 scontext=u:r:system_app:s0 tcontext=u:r:vendor_hal_keymint_qti:s0 tclass=dir permissive=1
[  117.132965] type=1400 audit(1785263364.476:9679): avc:  denied  { getattr } for  comm="top" path="/proc/907" dev="proc" ino=35179 scontext=u:r:system_app:s0 tcontext=u:r:vendor_hal_qseecom_default:s0 tclass=dir permissive=1
[  117.133019] type=1400 audit(1785263364.476:9680): avc:  denied  { search } for  comm="top" name="907" dev="proc" ino=35179 scontext=u:r:system_app:s0 tcontext=u:r:vendor_hal_qseecom_default:s0 tclass=dir permissive=1
[  117.133580] audit: audit_lost=9112 audit_rate_limit=5 audit_backlog_limit=64
[  117.133584] audit: rate limit exceeded
[  117.578914] [kworke][0x945d6860][18:29:24.924814] kiwi_v2: [2202:I:PMO] pmo_core_psoc_send_host_wakeup_ind_to_fw: Host wakeup indication sent to fw
[  117.655274] init: Control message: Could not find 'vendor.qti.diaghal@1.0::Idiag/default' for ctl.interface_start from pid: 754 (/system/bin/hwservicemanager)
[  118.133172] type=1400 audit(1785263365.476:9733): avc:  denied  { getattr } for  comm="top" path="/proc/752" dev="proc" ino=26299 scontext=u:r:system_app:s0 tcontext=u:r:servicemanager:s0 tclass=dir permissive=1
[  118.133657] type=1400 audit(1785263365.476:9734): avc:  denied  { search } for  comm="top" name="752" dev="proc" ino=26299 scontext=u:r:system_app:s0 tcontext=u:r:servicemanager:s0 tclass=dir permissive=1
[  118.133755] type=1400 audit(1785263365.476:9735): avc:  denied  { getattr } for  comm="top" path="/proc/754" dev="proc" ino=28560 scontext=u:r:system_app:s0 tcontext=u:r:hwservicemanager:s0 tclass=dir permissive=1
[  118.138990] audit: audit_lost=9179 audit_rate_limit=5 audit_backlog_limit=64
[  118.138993] audit: rate limit exceeded
[  118.428782] [kworke][0x95566446][18:29:25.774680] kiwi_v2: [2202:I:PMO] pmo_core_enable_wow_in_fw: drv wow is enabled
[  118.656186] init: Control message: Could not find 'vendor.qti.diaghal@1.0::Idiag/default' for ctl.interface_start from pid: 754 (/system/bin/hwservicemanager)
[  119.658343] init: Control message: Could not find 'vendor.qti.diaghal@1.0::Idiag/default' for ctl.interface_start from pid: 754 (/system/bin/hwservicemanager)
[  119.875143] audit: audit_lost=9216 audit_rate_limit=5 audit_backlog_limit=64
[  119.875147] audit: rate limit exceeded
[  119.912566] adsp_sleepmon: Audio: num_sessions=1,num_lpi_sessions=0,timer_pending=0
[  119.940628] swr-mgr wsa2_swr_ctrl: swr_mstr_interrupt: SWR CMD Ignored, fifo status 0x40000000
[  119.944971] swr-mgr wsa2_swr_ctrl: swr_mstr_interrupt: SWR CMD Ignored, fifo status 0x40000007
[  119.949478] swr-mgr wsa2_swr_ctrl: swr_mstr_interrupt: SWR CMD Ignored, fifo status 0x40000003
[  119.953300] swr-mgr wsa2_swr_ctrl: swr_mstr_interrupt: SWR CMD Ignored, fifo status 0x40000002
[  119.957610] swr-mgr wsa2_swr_ctrl: swr_mstr_interrupt: SWR CMD Ignored, fifo status 0x40002007
[  119.961775] swr-mgr wsa2_swr_ctrl: swr_mstr_interrupt: SWR CMD Ignored, fifo status 0x40000002
[  119.965748] swr-mgr wsa2_swr_ctrl: swr_mstr_interrupt: SWR CMD Ignored, fifo status 0x40002002
[  120.661844] init: Control message: Could not find 'vendor.qti.diaghal@1.0::Idiag/default' for ctl.interface_start from pid: 754 (/system/bin/hwservicemanager)
[  120.877435] audit: audit_lost=9263 audit_rate_limit=5 audit_backlog_limit=64
[  120.877439] audit: rate limit exceeded
[  121.480942] servicemanager: Found vendor.qti.qspmhal.IQspmhal/default in device VINTF manifest.
[  121.645576] [kworke][0x9904cff9][18:29:28.991476] kiwi_v2: [779:I:PMO] pmo_core_psoc_send_host_wakeup_ind_to_fw: Host wakeup indication sent to fw
[  121.663013] init: Control message: Could not find 'vendor.qti.diaghal@1.0::Idiag/default' for ctl.interface_start from pid: 754 (/system/bin/hwservicemanager)
[  121.665600] servicemanager: Found android.hardware.graphics.allocator.IAllocator/default in device VINTF manifest.
[  121.666900] servicemanager: Found android.hardware.graphics.allocator.IAllocator/default in device VINTF manifest.
[  121.887799] audit: audit_lost=10103 audit_rate_limit=5 audit_backlog_limit=64
[  121.887804] audit: rate limit exceeded
[  122.665870] init: Control message: Could not find 'vendor.qti.diaghal@1.0::Idiag/default' for ctl.interface_start from pid: 754 (/system/bin/hwservicemanager)
[  122.862295] type=1400 audit(1785263370.204:10885): avc:  denied  { read } for  comm="Performance-Tim" name="pwm1" dev="sysfs" ino=115174 scontext=u:r:system_app:s0 tcontext=u:object_r:sysfs:s0 tclass=file permissive=1
[  122.862514] type=1400 audit(1785263370.204:10886): avc:  denied  { open } for  comm="Performance-Tim" path="/sys/devices/platform/soc/soc:pwm-fan/hwmon/hwmon0/pwm1" dev="sysfs" ino=115174 scontext=u:r:system_app:s0 tcontext=u:object_r:sysfs:s0 tclass=file permissive=1
[  122.862984] type=1400 audit(1785263370.204:10887): avc:  denied  { getattr } for  comm="Performance-Tim" path="/sys/devices/platform/soc/soc:pwm-fan/hwmon/hwmon0/pwm1" dev="sysfs" ino=115174 scontext=u:r:system_app:s0 tcontext=u:object_r:sysfs:s0 tclass=file permissive=1
[  122.875343] type=1400 audit(1785263370.216:10888): avc:  denied  { read } for  comm="top" scontext=u:r:system_app:s0 tcontext=u:r:vendor_hal_identity_qti:s0 tclass=file permissive=1
[  122.875621] type=1400 audit(1785263370.216:10889): avc:  denied  { read } for  comm="top" scontext=u:r:system_app:s0 tcontext=u:r:hal_ir_default:s0 tclass=file permissive=1
[  122.904104] audit: audit_lost=10333 audit_rate_limit=5 audit_backlog_limit=64
[  122.904109] audit: rate limit exceeded
[  123.667973] init: Control message: Could not find 'vendor.qti.diaghal@1.0::Idiag/default' for ctl.interface_start from pid: 754 (/system/bin/hwservicemanager)
[  123.876865] type=1400 audit(1785263371.220:10947): avc:  denied  { read } for  comm="top" scontext=u:r:system_app:s0 tcontext=u:r:vendor_hal_qesdhal_default:s0 tclass=file permissive=1
[  123.876977] type=1400 audit(1785263371.220:10948): avc:  denied  { read } for  comm="top" scontext=u:r:system_app:s0 tcontext=u:r:vendor_qesdsect:s0 tclass=file permissive=1
[  123.876995] type=1400 audit(1785263371.220:10949): avc:  denied  { read } for  comm="top" scontext=u:r:system_app:s0 tcontext=u:r:hal_fingerprint_default:s0 tclass=file permissive=1
[  123.877009] type=1400 audit(1785263371.220:10950): avc:  denied  { read } for  comm="top" scontext=u:r:system_app:s0 tcontext=u:r:vendor_hal_capabilityconfigstore_qti_default:s0 tclass=file permissive=1
[  123.877021] type=1400 audit(1785263371.220:10951): avc:  denied  { read } for  comm="top" scontext=u:r:system_app:s0 tcontext=u:r:vendor_hal_secureprocessor_qti:s0 tclass=file permissive=1
[  124.057331] audit: audit_lost=10378 audit_rate_limit=5 audit_backlog_limit=64
[  124.057343] audit: rate limit exceeded
[  124.669911] init: Control message: Could not find 'vendor.qti.diaghal@1.0::Idiag/default' for ctl.interface_start from pid: 754 (/system/bin/hwservicemanager)
[  125.177821] audit: audit_lost=10405 audit_rate_limit=5 audit_backlog_limit=64
[  125.177826] audit: rate limit exceeded
[  125.671039] init: Control message: Could not find 'vendor.qti.diaghal@1.0::Idiag/default' for ctl.interface_start from pid: 754 (/system/bin/hwservicemanager)
[  126.241686] audit: audit_lost=10478 audit_rate_limit=5 audit_backlog_limit=64
[  126.241691] audit: rate limit exceeded
[  126.316697] SELinux: avc:  denied  { find } for pid=11214 uid=0 name=game scontext=u:r:xsud:s0 tcontext=u:object_r:game_service:s0 tclass=service_manager permissive=1
[  126.411617] [kworke][0x9e791cfc][18:29:33.757516] kiwi_v2: [101:I:PMO] pmo_core_enable_wow_in_fw: drv wow is enabled
[  126.472666] [drm:dsi_display_set_mode [msm_drm]] [msm-dsi-info]: mdp_transfer_time=0, hactive=1080, vactive=1920, fps=60, clk_rate=0
[  126.672515] init: Control message: Could not find 'vendor.qti.diaghal@1.0::Idiag/default' for ctl.interface_start from pid: 754 (/system/bin/hwservicemanager)
[  127.646414] audit: audit_lost=10565 audit_rate_limit=5 audit_backlog_limit=64
[  127.646426] audit: rate limit exceeded
[  127.673795] init: Control message: Could not find 'vendor.qti.diaghal@1.0::Idiag/default' for ctl.interface_start from pid: 754 (/system/bin/hwservicemanager)
[  128.674735] init: Control message: Could not find 'vendor.qti.diaghal@1.0::Idiag/default' for ctl.interface_start from pid: 754 (/system/bin/hwservicemanager)
[  128.735024] type=1400 audit(1785263376.076:11212): avc:  denied  { write } for  comm="sh" name="pwm1" dev="sysfs" ino=115174 scontext=u:r:xsud:s0 tcontext=u:object_r:sysfs:s0 tclass=file permissive=1
[  128.735205] type=1400 audit(1785263376.076:11213): avc:  denied  { open } for  comm="sh" path="/sys/devices/platform/soc/soc:pwm-fan/hwmon/hwmon0/pwm1" dev="sysfs" ino=115174 scontext=u:r:xsud:s0 tcontext=u:object_r:sysfs:s0 tclass=file permissive=1
[  128.780746] type=1400 audit(1785263376.124:11214): avc:  denied  { connectto } for  comm="xsu" path="/dev/socket/xsud" scontext=u:r:untrusted_app:s0:c183,c256,c512,c768 tcontext=u:r:xsud:s0 tclass=unix_stream_socket permissive=1 app=com.kei.pulse
[  128.813896] type=1400 audit(1785263376.156:11215): avc:  denied  { append } for  comm="sh" name="pulse_20260728_202800_cap_poll.log" dev="fuse" ino=331481 scontext=u:r:xsud:s0 tcontext=u:object_r:fuse:s0 tclass=file permissive=1
[  128.814024] type=1400 audit(1785263376.156:11216): avc:  denied  { open } for  comm="sh" path="/storage/emulated/0/apl_pulse_logs/pulse_20260728_202800_cap_poll.log" dev="fuse" ino=331481 scontext=u:r:xsud:s0 tcontext=u:object_r:fuse:s0 tclass=file permissive=1
[  128.828857] audit: audit_lost=10598 audit_rate_limit=5 audit_backlog_limit=64
[  128.828861] audit: rate limit exceeded
[  129.677392] init: Control message: Could not find 'vendor.qti.diaghal@1.0::Idiag/default' for ctl.interface_start from pid: 754 (/system/bin/hwservicemanager)
[  129.870005] type=1400 audit(1785263377.212:11262): avc:  denied  { getattr } for  comm="top" path="/proc/1469" dev="proc" ino=41950 scontext=u:r:system_app:s0 tcontext=u:r:vendor_hal_qesdhal_default:s0 tclass=dir permissive=1
[  129.870127] type=1400 audit(1785263377.212:11263): avc:  denied  { search } for  comm="top" name="1469" dev="proc" ino=41950 scontext=u:r:system_app:s0 tcontext=u:r:vendor_hal_qesdhal_default:s0 tclass=dir permissive=1
[  129.979248] type=1400 audit(1785263377.320:11264): avc:  denied  { search } for  comm="sh" name="/" dev="fuse" ino=131 scontext=u:r:xsud:s0 tcontext=u:object_r:fuse:s0 tclass=dir permissive=1
[  130.214755] audit: audit_lost=10643 audit_rate_limit=5 audit_backlog_limit=64
[  130.214762] audit: rate limit exceeded
[  130.216654] type=1400 audit(1785263377.556:11265): avc:  denied  { execute } for  comm="DefaultDispatch" name="xsu" dev="dm-11" ino=188 scontext=u:r:untrusted_app:s0:c183,c256,c512,c768 tcontext=u:object_r:xsu_exec:s0 tclass=file permissive=1 app=com.kei.pulse
[  130.216840] type=1400 audit(1785263377.556:11266): avc:  denied  { read open } for  comm="DefaultDispatch" path="/product/bin/xsu" dev="dm-11" ino=188 scontext=u:r:untrusted_app:s0:c183,c256,c512,c768 tcontext=u:object_r:xsu_exec:s0 tclass=file permissive=1 app=com.kei.pulse
[  130.677700] init: Control message: Could not find 'vendor.qti.diaghal@1.0::Idiag/default' for ctl.interface_start from pid: 754 (/system/bin/hwservicemanager)
[  131.248687] audit: audit_lost=10656 audit_rate_limit=5 audit_backlog_limit=64
[  131.248693] audit: rate limit exceeded
[  131.259020] SELinux: avc:  denied  { find } for pid=11626 uid=0 name=SurfaceFlinger scontext=u:r:xsud:s0 tcontext=u:object_r:surfaceflinger_service:s0 tclass=service_manager permissive=1
[  131.571190] servicemanager: Found vendor.qti.qspmhal.IQspmhal/default in device VINTF manifest.
[  131.608835] servicemanager: Found vendor.qti.qspmhal.IQspmhal/default in device VINTF manifest.
[  131.678761] init: Control message: Could not find 'vendor.qti.diaghal@1.0::Idiag/default' for ctl.interface_start from pid: 754 (/system/bin/hwservicemanager)
[  131.825111] [kworke][0xa4ab18c2][18:29:39.171006] kiwi_v2: [779:I:PMO] pmo_core_psoc_send_host_wakeup_ind_to_fw: Host wakeup indication sent to fw
[  131.834571] [soft_i][0xa4adde34][18:29:39.180466] kiwi_v2: [0:I:WMA] WLAN triggered wakeup: BPF_ALLOW (39), vdev: 0 (STA)
[  131.834852] [soft_i][0xa4adf3ac][18:29:39.180752] kiwi_v2: [0:I:WMA] wma_wake_event_packet: Wake event packet:
[  132.262371] audit: audit_lost=10711 audit_rate_limit=5 audit_backlog_limit=64
[  132.262376] audit: rate limit exceeded
[  132.463582] [kworke][0xa5662667][18:29:39.809481] kiwi_v2: [779:I:PMO] pmo_core_enable_wow_in_fw: drv wow is enabled
[  132.714179] servicemanager: Found vendor.qti.hardware.perf2.IPerf/default in device VINTF manifest.
[  132.717892] init: Control message: Could not find 'vendor.qti.diaghal@1.0::Idiag/default' for ctl.interface_start from pid: 754 (/system/bin/hwservicemanager)
[  132.718180] init: Control message: Could not find 'vendor.qti.diaghal@1.0::Idiag/default' for ctl.interface_start from pid: 754 (/system/bin/hwservicemanager)
[  133.295589] audit: audit_lost=10892 audit_rate_limit=5 audit_backlog_limit=64
[  133.295595] audit: rate limit exceeded
[  133.721699] init: Control message: Could not find 'vendor.qti.diaghal@1.0::Idiag/default' for ctl.interface_start from pid: 754 (/system/bin/hwservicemanager)
[  134.597860] type=1400 audit(1785263381.940:11624): avc:  denied  { search } for  comm="cat" name="battery" dev="sysfs" ino=141568 scontext=u:r:xsud:s0 tcontext=u:object_r:vendor_sysfs_battery_supply:s0 tclass=dir permissive=1
[  134.613005] type=1400 audit(1785263381.956:11625): avc:  denied  { dac_read_search } for  comm="sh" capability=2  scontext=u:r:xsud:s0 tcontext=u:r:xsud:s0 tclass=capability permissive=1
[  134.667515] type=1400 audit(1785263382.008:11626): avc:  denied  { append } for  comm="sh" name="pulse_20260728_202800.log" dev="fuse" ino=331478 scontext=u:r:xsud:s0 tcontext=u:object_r:fuse:s0 tclass=file permissive=1
[  134.667563] type=1400 audit(1785263382.008:11627): avc:  denied  { open } for  comm="sh" path="/storage/emulated/0/apl_pulse_logs/pulse_20260728_202800.log" dev="fuse" ino=331478 scontext=u:r:xsud:s0 tcontext=u:object_r:fuse:s0 tclass=file permissive=1
[  134.667848] type=1400 audit(1785263382.012:11628): avc:  denied  { write } for  comm="xsu" name="xsud" dev="tmpfs" ino=1381 scontext=u:r:untrusted_app:s0:c183,c256,c512,c768 tcontext=u:object_r:xsud_socket:s0 tclass=sock_file permissive=1 app=com.kei.pulse
[  134.668291] audit: audit_lost=10985 audit_rate_limit=5 audit_backlog_limit=64
[  134.668295] audit: rate limit exceeded
[  134.722292] init: Control message: Could not find 'vendor.qti.diaghal@1.0::Idiag/default' for ctl.interface_start from pid: 754 (/system/bin/hwservicemanager)
[  135.723166] init: Control message: Could not find 'vendor.qti.diaghal@1.0::Idiag/default' for ctl.interface_start from pid: 754 (/system/bin/hwservicemanager)
[  135.785107] type=1400 audit(1785263383.128:11696): avc:  denied  { search } for  comm="sh" name="/" dev="fuse" ino=131 scontext=u:r:xsud:s0 tcontext=u:object_r:fuse:s0 tclass=dir permissive=1
[  135.792145] type=1400 audit(1785263383.136:11697): avc:  denied  { ioctl } for  comm="dmesg" path="/storage/emulated/0/apl_pulse_logs/pulse_20260728_202800_dmesg.log" dev="fuse" ino=331496 ioctlcmd=0x5401 scontext=u:r:xsud:s0 tcontext=u:object_r:fuse:s0 tclass=file permissive=1
[  135.792200] type=1400 audit(1785263383.136:11698): avc:  denied  { read } for  comm="dmesg" name="kmsg" dev="tmpfs" ino=5 scontext=u:r:xsud:s0 tcontext=u:object_r:kmsg_device:s0 tclass=chr_file permissive=1
[  135.792214] type=1400 audit(1785263383.136:11699): avc:  denied  { open } for  comm="dmesg" path="/dev/kmsg" dev="tmpfs" ino=5 scontext=u:r:xsud:s0 tcontext=u:object_r:kmsg_device:s0 tclass=chr_file permissive=1
[  135.866272] audit: audit_lost=11052 audit_rate_limit=5 audit_backlog_limit=64
[  135.866278] audit: rate limit exceeded
[  135.868163] type=1400 audit(1785263383.208:11700): avc:  denied  { read } for  comm="top" scontext=u:r:system_app:s0 tcontext=u:r:vendor_hal_keymint_spu_qti:s0 tclass=file permissive=1
[  136.724500] init: Control message: Could not find 'vendor.qti.diaghal@1.0::Idiag/default' for ctl.interface_start from pid: 754 (/system/bin/hwservicemanager)
[  136.867454] audit: audit_lost=11097 audit_rate_limit=5 audit_backlog_limit=64
[  136.867460] audit: rate limit exceeded
[  137.725476] init: Control message: Could not find 'vendor.qti.diaghal@1.0::Idiag/default' for ctl.interface_start from pid: 754 (/system/bin/hwservicemanager)
[  138.119078] audit: audit_lost=11120 audit_rate_limit=5 audit_backlog_limit=64
[  138.119083] audit: rate limit exceeded
[  138.728330] init: Control message: Could not find 'vendor.qti.diaghal@1.0::Idiag/default' for ctl.interface_start from pid: 754 (/system/bin/hwservicemanager)
[  139.357873] audit: audit_lost=11128 audit_rate_limit=5 audit_backlog_limit=64
[  139.357878] audit: rate limit exceeded
[  139.729550] init: Control message: Could not find 'vendor.qti.diaghal@1.0::Idiag/default' for ctl.interface_start from pid: 754 (/system/bin/hwservicemanager)
[  140.121696] type=1400 audit(1785263387.464:11809): avc:  denied  { read } for  comm="top" scontext=u:r:system_app:s0 tcontext=u:r:vendor_hal_poweroptservice_qti:s0 tclass=file permissive=1
[  140.122738] type=1400 audit(1785263387.464:11810): avc:  denied  { getattr } for  comm="top" path="/proc/905" dev="proc" ino=14749 scontext=u:r:system_app:s0 tcontext=u:r:vendor_hal_keymint_qti:s0 tclass=dir permissive=1
[  140.123003] type=1400 audit(1785263387.464:11811): avc:  denied  { search } for  comm="top" name="905" dev="proc" ino=14749 scontext=u:r:system_app:s0 tcontext=u:r:vendor_hal_keymint_qti:s0 tclass=dir permissive=1
[  140.123563] type=1400 audit(1785263387.468:11812): avc:  denied  { open } for  comm="top" path="/proc/1466/stat" dev="proc" ino=54887 scontext=u:r:system_app:s0 tcontext=u:r:vendor_hal_poweroptservice_qti:s0 tclass=file permissive=1
[  140.125315] type=1400 audit(1785263387.468:11813): avc:  denied  { read } for  comm="top" name="stat" dev="proc" ino=4026532011 scontext=u:r:system_app:s0 tcontext=u:object_r:proc_stat:s0 tclass=file permissive=1
[  140.448816] audit: audit_lost=11151 audit_rate_limit=5 audit_backlog_limit=64
[  140.448822] audit: rate limit exceeded
[  140.730701] init: Control message: Could not find 'vendor.qti.diaghal@1.0::Idiag/default' for ctl.interface_start from pid: 754 (/system/bin/hwservicemanager)
[  141.124470] type=1400 audit(1785263388.468:11833): avc:  denied  { read } for  comm="top" scontext=u:r:system_app:s0 tcontext=u:r:hal_fingerprint_default:s0 tclass=file permissive=1
[  141.125707] type=1400 audit(1785263388.468:11834): avc:  denied  { getattr } for  comm="top" path="/proc/1073" dev="proc" ino=32311 scontext=u:r:system_app:s0 tcontext=u:r:vendor_hal_keymint_spu_qti:s0 tclass=dir permissive=1
[  141.125937] type=1400 audit(1785263388.468:11835): avc:  denied  { search } for  comm="top" name="1073" dev="proc" ino=32311 scontext=u:r:system_app:s0 tcontext=u:r:vendor_hal_keymint_spu_qti:s0 tclass=dir permissive=1
[  141.126379] type=1400 audit(1785263388.468:11836): avc:  denied  { open } for  comm="top" path="/proc/1479/stat" dev="proc" ino=54892 scontext=u:r:system_app:s0 tcontext=u:r:hal_fingerprint_default:s0 tclass=file permissive=1
[  141.676904] type=1400 audit(1785263389.020:11837): avc:  denied  { search } for  comm="cat" name="battery" dev="sysfs" ino=141568 scontext=u:r:xsud:s0 tcontext=u:object_r:vendor_sysfs_battery_supply:s0 tclass=dir permissive=1
[  141.689304] audit: audit_lost=11164 audit_rate_limit=5 audit_backlog_limit=64
[  141.689309] audit: rate limit exceeded
[  141.731653] init: Control message: Could not find 'vendor.qti.diaghal@1.0::Idiag/default' for ctl.interface_start from pid: 754 (/system/bin/hwservicemanager)
[  142.732929] init: Control message: Could not find 'vendor.qti.diaghal@1.0::Idiag/default' for ctl.interface_start from pid: 754 (/system/bin/hwservicemanager)
[  142.863650] audit: audit_lost=11214 audit_rate_limit=5 audit_backlog_limit=64
[  142.863657] audit: rate limit exceeded
[  143.735330] init: Control message: Could not find 'vendor.qti.diaghal@1.0::Idiag/default' for ctl.interface_start from pid: 754 (/system/bin/hwservicemanager)
[  143.869628] audit: audit_lost=11262 audit_rate_limit=5 audit_backlog_limit=64
[  143.869635] audit: rate limit exceeded
[  144.738846] init: Control message: Could not find 'vendor.qti.diaghal@1.0::Idiag/default' for ctl.interface_start from pid: 754 (/system/bin/hwservicemanager)
[  144.875602] audit: audit_lost=11273 audit_rate_limit=5 audit_backlog_limit=64
[  144.875609] audit: rate limit exceeded
[  145.742098] init: Control message: Could not find 'vendor.qti.diaghal@1.0::Idiag/default' for ctl.interface_start from pid: 754 (/system/bin/hwservicemanager)
[  145.865398] type=1400 audit(1785263393.208:11973): avc:  denied  { read } for  comm="top" scontext=u:r:system_app:s0 tcontext=u:r:hal_allocator_default:s0 tclass=file permissive=1
[  145.865509] type=1400 audit(1785263393.208:11974): avc:  denied  { read } for  comm="top" scontext=u:r:system_app:s0 tcontext=u:r:hal_tsnv_default:s0 tclass=file permissive=1
[  145.865537] type=1400 audit(1785263393.208:11975): avc:  denied  { read } for  comm="top" scontext=u:r:system_app:s0 tcontext=u:r:vendor_perfservice:s0 tclass=file permissive=1
[  145.868657] type=1400 audit(1785263393.212:11976): avc:  denied  { open } for  comm="top" path="/proc/1354/stat" dev="proc" ino=54858 scontext=u:r:system_app:s0 tcontext=u:r:hal_allocator_default:s0 tclass=file permissive=1
[  145.869330] type=1400 audit(1785263393.212:11977): avc:  denied  { getattr } for  comm="top" path="/proc/1466" dev="proc" ino=37796 scontext=u:r:system_app:s0 tcontext=u:r:vendor_hal_poweroptservice_qti:s0 tclass=dir permissive=1
[  146.308002] audit: audit_lost=11287 audit_rate_limit=5 audit_backlog_limit=64
[  146.308010] audit: rate limit exceeded
[  146.742972] init: Control message: Could not find 'vendor.qti.diaghal@1.0::Idiag/default' for ctl.interface_start from pid: 754 (/system/bin/hwservicemanager)
[  146.871160] type=1400 audit(1785263394.212:11984): avc:  denied  { read } for  comm="top" scontext=u:r:system_app:s0 tcontext=u:r:hal_ir_default:s0 tclass=file permissive=1
[  146.871480] type=1400 audit(1785263394.212:11985): avc:  denied  { read } for  comm="top" scontext=u:r:system_app:s0 tcontext=u:r:vendor_qspmsvc:s0 tclass=file permissive=1
[  146.872768] type=1400 audit(1785263394.216:11986): avc:  denied  { open } for  comm="top" path="/proc/1386/stat" dev="proc" ino=54872 scontext=u:r:system_app:s0 tcontext=u:r:hal_ir_default:s0 tclass=file permissive=1
[  146.872888] type=1400 audit(1785263394.216:11987): avc:  denied  { getattr } for  comm="top" path="/proc/1417" dev="proc" ino=44136 scontext=u:r:system_app:s0 tcontext=u:r:hal_power_default:s0 tclass=dir permissive=1
[  146.872953] type=1400 audit(1785263394.216:11988): avc:  denied  { search } for  comm="top" name="1417" dev="proc" ino=44136 scontext=u:r:system_app:s0 tcontext=u:r:hal_power_default:s0 tclass=dir permissive=1
[  147.745118] init: Control message: Could not find 'vendor.qti.diaghal@1.0::Idiag/default' for ctl.interface_start from pid: 754 (/system/bin/hwservicemanager)
[  147.745218] audit: audit_lost=11297 audit_rate_limit=5 audit_backlog_limit=64
[  147.745227] audit: rate limit exceeded
[  148.747595] init: Control message: Could not find 'vendor.qti.diaghal@1.0::Idiag/default' for ctl.interface_start from pid: 754 (/system/bin/hwservicemanager)
[  148.829475] audit: audit_lost=11332 audit_rate_limit=5 audit_backlog_limit=64
[  148.829482] audit: rate limit exceeded
[  149.749048] init: Control message: Could not find 'vendor.qti.diaghal@1.0::Idiag/default' for ctl.interface_start from pid: 754 (/system/bin/hwservicemanager)
[  149.862225] audit: audit_lost=11373 audit_rate_limit=5 audit_backlog_limit=64
[  149.862232] audit: rate limit exceeded
[  150.751894] init: Control message: Could not find 'vendor.qti.diaghal@1.0::Idiag/default' for ctl.interface_start from pid: 754 (/system/bin/hwservicemanager)
[  150.870438] audit: audit_lost=11398 audit_rate_limit=5 audit_backlog_limit=64
[  150.870445] audit: rate limit exceeded
[  151.138715] type=1400 audit(1785263398.480:12152): avc:  denied  { search } for  comm="sh" name="com.kei.pulse" dev="dm-53" ino=329013 scontext=u:r:xsud:s0 tcontext=u:object_r:app_data_file:s0:c183,c256,c512,c768 tclass=dir permissive=1
[  151.156689] type=1400 audit(1785263398.500:12153): avc:  denied  { execute } for  comm="DefaultDispatch" name="xsu" dev="dm-11" ino=188 scontext=u:r:untrusted_app:s0:c183,c256,c512,c768 tcontext=u:object_r:xsu_exec:s0 tclass=file permissive=1 app=com.kei.pulse
[  151.157318] type=1400 audit(1785263398.500:12154): avc:  denied  { read open } for  comm="DefaultDispatch" path="/product/bin/xsu" dev="dm-11" ino=188 scontext=u:r:untrusted_app:s0:c183,c256,c512,c768 tcontext=u:object_r:xsu_exec:s0 tclass=file permissive=1 app=com.kei.pulse
[  151.157545] type=1400 audit(1785263398.500:12155): avc:  denied  { execute_no_trans } for  comm="DefaultDispatch" path="/product/bin/xsu" dev="dm-11" ino=188 scontext=u:r:untrusted_app:s0:c183,c256,c512,c768 tcontext=u:object_r:xsu_exec:s0 tclass=file permissive=1 app=com.kei.pulse
[  151.157650] type=1400 audit(1785263398.500:12156): avc:  denied  { map } for  comm="xsu" path="/product/bin/xsu" dev="dm-11" ino=188 scontext=u:r:untrusted_app:s0:c183,c256,c512,c768 tcontext=u:object_r:xsu_exec:s0 tclass=file permissive=1 app=com.kei.pulse
[  151.755655] init: Control message: Could not find 'vendor.qti.diaghal@1.0::Idiag/default' for ctl.interface_start from pid: 754 (/system/bin/hwservicemanager)
[  152.396066] type=1400 audit(1785263399.736:12184): avc:  denied  { read } for  comm="cat" name="devfreq" dev="sysfs" ino=124570 scontext=u:r:xsud:s0 tcontext=u:object_r:vendor_sysfs_kgsl:s0 tclass=lnk_file permissive=1
[  152.406947] type=1400 audit(1785263399.748:12185): avc:  denied  { read } for  comm="cat" name="max_pwrlevel" dev="sysfs" ino=124217 scontext=u:r:xsud:s0 tcontext=u:object_r:vendor_sysfs_kgsl:s0 tclass=file permissive=1
[  152.407031] type=1400 audit(1785263399.748:12186): avc:  denied  { open } for  comm="cat" path="/sys/devices/platform/soc/3d00000.qcom,kgsl-3d0/kgsl/kgsl-3d0/max_pwrlevel" dev="sysfs" ino=124217 scontext=u:r:xsud:s0 tcontext=u:object_r:vendor_sysfs_kgsl:s0 tclass=file permissive=1
[  152.411422] type=1400 audit(1785263399.752:12187): avc:  denied  { getattr } for  comm="DefaultDispatch" path="/dev/ttyHS5" dev="tmpfs" ino=1195 scontext=u:r:system_app:s0 tcontext=u:object_r:device:s0 tclass=chr_file permissive=1
[  152.427083] audit: audit_lost=11465 audit_rate_limit=5 audit_backlog_limit=64
[  152.427088] audit: rate limit exceeded
[  152.427314] type=1400 audit(1785263399.768:12188): avc:  denied  { getattr } for  comm="chmod" path="/storage" dev="tmpfs" ino=12 scontext=u:r:xsud:s0 tcontext=u:object_r:mnt_user_file:s0 tclass=dir permissive=1
[  152.756985] init: Control message: Could not find 'vendor.qti.diaghal@1.0::Idiag/default' for ctl.interface_start from pid: 754 (/system/bin/hwservicemanager)
[  152.854366] servicemanager: Found vendor.qti.hardware.perf2.IPerf/default in device VINTF manifest.
[  152.871098] init: Control message: Could not find 'vendor.qti.diaghal@1.0::Idiag/default' for ctl.interface_start from pid: 754 (/system/bin/hwservicemanager)
[  152.871631] init: Control message: Could not find 'vendor.qti.diaghal@1.0::Idiag/default' for ctl.interface_start from pid: 754 (/system/bin/hwservicemanager)
[  153.558557] audit: audit_lost=11718 audit_rate_limit=5 audit_backlog_limit=64
[  153.558561] audit: rate limit exceeded
[  153.871653] init: Control message: Could not find 'vendor.qti.diaghal@1.0::Idiag/default' for ctl.interface_start from pid: 754 (/system/bin/hwservicemanager)
[  154.490998] init: processing action (vendor.change.cgroup=bg && vendor.change.cgroup.for.pid=*) from (/vendor/etc/init/vendor.qti.hardware.perf2-hal-service.rc:22)
[  154.525179] [kworke][0xbea58255][18:30:01.871080] kiwi_v2: [123:I:PMO] pmo_core_psoc_send_host_wakeup_ind_to_fw: Host wakeup indication sent to fw
[  154.770566] adsp_sleepmon: Audio: num_sessions=0,num_lpi_sessions=0,timer_pending=1
[  154.857055] audit: audit_lost=11916 audit_rate_limit=5 audit_backlog_limit=64
[  154.857061] audit: rate limit exceeded
[  154.872501] init: Control message: Could not find 'vendor.qti.diaghal@1.0::Idiag/default' for ctl.interface_start from pid: 754 (/system/bin/hwservicemanager)
[  154.993038] init: processing action (vendor.change.cgroup=def && vendor.change.cgroup.for.pid=*) from (/vendor/etc/init/vendor.qti.hardware.perf2-hal-service.rc:27)
[  155.166926] [kworke][0xbf618542][18:30:02.512826] kiwi_v2: [123:I:PMO] pmo_core_enable_wow_in_fw: drv wow is enabled
[  155.859775] audit: audit_lost=12073 audit_rate_limit=5 audit_backlog_limit=64
[  155.859781] audit: rate limit exceeded
[  155.873659] init: Control message: Could not find 'vendor.qti.diaghal@1.0::Idiag/default' for ctl.interface_start from pid: 754 (/system/bin/hwservicemanager)
[  156.874481] init: Control message: Could not find 'vendor.qti.diaghal@1.0::Idiag/default' for ctl.interface_start from pid: 754 (/system/bin/hwservicemanager)
[  156.997576] type=1400 audit(1785263404.340:12866): avc:  denied  { call } for  comm="cmd" scontext=u:r:xsud:s0 tcontext=u:r:system_server:s0 tclass=binder permissive=1
[  156.997750] type=1400 audit(1785263404.340:12867): avc:  denied  { use } for  comm="cmd" path="pipe:[262929]" dev="pipefs" ino=262929 scontext=u:r:system_server:s0 tcontext=u:r:xsud:s0 tclass=fd permissive=1
[  156.997814] type=1400 audit(1785263404.340:12868): avc:  denied  { write } for  comm="cmd" path="pipe:[262929]" dev="pipefs" ino=262929 scontext=u:r:system_server:s0 tcontext=u:r:xsud:s0 tclass=fifo_file permissive=1
[  156.997869] type=1400 audit(1785263404.340:12869): avc:  denied  { transfer } for  comm="cmd" scontext=u:r:xsud:s0 tcontext=u:r:system_server:s0 tclass=binder permissive=1
[  157.009734] [drm:dsi_display_set_mode [msm_drm]] [msm-dsi-info]: mdp_transfer_time=0, hactive=1080, vactive=1920, fps=120, clk_rate=0
[  157.050442] audit: audit_lost=12127 audit_rate_limit=5 audit_backlog_limit=64
[  157.050446] audit: rate limit exceeded
[  157.050858] type=1400 audit(1785263404.392:12870): avc:  denied  { read } for  comm="cat" name="dsi_display0" dev="sysfs" ino=124723 scontext=u:r:xsud:s0 tcontext=u:object_r:vendor_sysfs_disp_boot_param:s0 tclass=file permissive=1
[  157.876581] init: Control message: Could not find 'vendor.qti.diaghal@1.0::Idiag/default' for ctl.interface_start from pid: 754 (/system/bin/hwservicemanager)
[  158.115945] type=1400 audit(1785263405.456:13004): avc:  denied  { read } for  comm="top" scontext=u:r:system_app:s0 tcontext=u:r:vendor_hal_qspmhal_default:s0 tclass=file permissive=1
[  158.116327] type=1400 audit(1785263405.460:13005): avc:  denied  { read } for  comm="top" scontext=u:r:system_app:s0 tcontext=u:r:vendor_qspmsvc:s0 tclass=file permissive=1
[  158.117721] type=1400 audit(1785263405.460:13006): avc:  denied  { getattr } for  comm="top" path="/proc/1466" dev="proc" ino=37796 scontext=u:r:system_app:s0 tcontext=u:r:vendor_hal_poweroptservice_qti:s0 tclass=dir permissive=1
[  158.117965] type=1400 audit(1785263405.460:13007): avc:  denied  { search } for  comm="top" name="1466" dev="proc" ino=37796 scontext=u:r:system_app:s0 tcontext=u:r:vendor_hal_poweroptservice_qti:s0 tclass=dir permissive=1
[  158.118547] type=1400 audit(1785263405.460:13008): avc:  denied  { open } for  comm="top" path="/proc/1548/stat" dev="proc" ino=54912 scontext=u:r:system_app:s0 tcontext=u:r:vendor_hal_qspmhal_default:s0 tclass=file permissive=1
[  158.118593] audit: audit_lost=12260 audit_rate_limit=5 audit_backlog_limit=64
[  158.118598] audit: rate limit exceeded
[  158.336719] [kworke][0xc3022bbe][18:30:05.682619] kiwi_v2: [101:I:PMO] pmo_core_psoc_send_host_wakeup_ind_to_fw: Host wakeup indication sent to fw
[  158.876842] init: Control message: Could not find 'vendor.qti.diaghal@1.0::Idiag/default' for ctl.interface_start from pid: 754 (/system/bin/hwservicemanager)
[  159.827932] [kworke][0xc4b70cbc][18:30:07.173832] kiwi_v2: [101:I:PMO] pmo_core_enable_wow_in_fw: drv wow is enabled
[  159.853370] audit: audit_lost=12306 audit_rate_limit=5 audit_backlog_limit=64
[  159.853375] audit: rate limit exceeded
[  159.877651] init: Control message: Could not find 'vendor.qti.diaghal@1.0::Idiag/default' for ctl.interface_start from pid: 754 (/system/bin/hwservicemanager)
[  159.967587] adsp_sleepmon: timer_event = 1,suspend_event = 0
[  160.314795] adsp_sleepmon: Audio: num_sessions=1,num_lpi_sessions=0,timer_pending=0
[  160.339441] swr-mgr wsa2_swr_ctrl: swr_mstr_interrupt: SWR CMD Ignored, fifo status 0x40000005
[  160.343991] swr-mgr wsa2_swr_ctrl: swr_mstr_interrupt: SWR CMD Ignored, fifo status 0x4000000b
[  160.347849] swr-mgr wsa2_swr_ctrl: swr_mstr_interrupt: SWR CMD Ignored, fifo status 0x4000000d
[  160.351976] swr-mgr wsa2_swr_ctrl: swr_mstr_interrupt: SWR CMD Ignored, fifo status 0x4000200c
[  160.355885] swr-mgr wsa2_swr_ctrl: swr_mstr_interrupt: SWR CMD Ignored, fifo status 0x40000007
[  160.359922] swr-mgr wsa2_swr_ctrl: swr_mstr_interrupt: SWR CMD Ignored, fifo status 0x40002000
[  160.364570] swr-mgr wsa2_swr_ctrl: swr_mstr_interrupt: SWR CMD Ignored, fifo status 0x4000000c
[  160.486893] [kworke][0xc5781a89][18:30:07.832790] kiwi_v2: [779:I:PMO] pmo_core_psoc_send_host_wakeup_ind_to_fw: Host wakeup indication sent to fw
[  160.495099] [soft_i][0xc57a81db][18:30:07.840994] kiwi_v2: [0:I:WMA] WLAN triggered wakeup: LOCAL_DATA_UC_DROP (64), vdev: 0 (STA)
[  160.857783] audit: audit_lost=12339 audit_rate_limit=5 audit_backlog_limit=64
[  160.857788] audit: rate limit exceeded
[  160.879670] init: Control message: Could not find 'vendor.qti.diaghal@1.0::Idiag/default' for ctl.interface_start from pid: 754 (/system/bin/hwservicemanager)
[  161.860032] audit: audit_lost=12403 audit_rate_limit=5 audit_backlog_limit=64
[  161.860038] audit: rate limit exceeded
[  161.880278] init: Control message: Could not find 'vendor.qti.diaghal@1.0::Idiag/default' for ctl.interface_start from pid: 754 (/system/bin/hwservicemanager)
[  162.027304] servicemanager: Found android.hardware.graphics.allocator.IAllocator/default in device VINTF manifest.
[  162.028399] servicemanager: Found android.hardware.graphics.allocator.IAllocator/default in device VINTF manifest.
[  162.283711] type=1400 audit(1785263409.628:13328): avc:  granted  { execute } for  comm="NativeEmulation" path="/data/data/com.miHoYo.Yuanshen/files/gpu_driver/vulkan.purple.so" dev="dm-53" ino=30027 scontext=u:r:untrusted_app:s0:c192,c256,c512,c768 tcontext=u:object_r:app_data_file:s0:c192,c256,c512,c768 tclass=file app=com.miHoYo.Yuanshen
[  162.487714] type=1400 audit(1785263409.828:13329): avc:  denied  { read } for  comm="cat" name="gpuclk" dev="sysfs" ino=124210 scontext=u:r:xsud:s0 tcontext=u:object_r:vendor_sysfs_kgsl_gpuclk:s0 tclass=file permissive=1
[  162.487895] type=1400 audit(1785263409.828:13330): avc:  denied  { open } for  comm="cat" path="/sys/devices/platform/soc/3d00000.qcom,kgsl-3d0/kgsl/kgsl-3d0/gpuclk" dev="sysfs" ino=124210 scontext=u:r:xsud:s0 tcontext=u:object_r:vendor_sysfs_kgsl_gpuclk:s0 tclass=file permissive=1
[  162.508804] type=1400 audit(1785263409.852:13331): avc:  denied  { read } for  comm="cat" name="min_pwrlevel" dev="sysfs" ino=124218 scontext=u:r:xsud:s0 tcontext=u:object_r:vendor_sysfs_kgsl:s0 tclass=file permissive=1
[  162.508983] type=1400 audit(1785263409.852:13332): avc:  denied  { open } for  comm="cat" path="/sys/devices/platform/soc/3d00000.qcom,kgsl-3d0/kgsl/kgsl-3d0/min_pwrlevel" dev="sysfs" ino=124218 scontext=u:r:xsud:s0 tcontext=u:object_r:vendor_sysfs_kgsl:s0 tclass=file permissive=1
[  162.881824] init: Control message: Could not find 'vendor.qti.diaghal@1.0::Idiag/default' for ctl.interface_start from pid: 754 (/system/bin/hwservicemanager)
[  163.111582] audit: audit_lost=12643 audit_rate_limit=5 audit_backlog_limit=64
[  163.111590] audit: rate limit exceeded
[  163.688535] adsp_sleepmon: Audio: num_sessions=0,num_lpi_sessions=0,timer_pending=1
[  163.721662] type=1400 audit(1785263411.064:13423): avc:  denied  { read } for  comm="cat" name="gpuclk" dev="sysfs" ino=124210 scontext=u:r:xsud:s0 tcontext=u:object_r:vendor_sysfs_kgsl_gpuclk:s0 tclass=file permissive=1
[  163.721969] type=1400 audit(1785263411.064:13424): avc:  denied  { open } for  comm="cat" path="/sys/devices/platform/soc/3d00000.qcom,kgsl-3d0/kgsl/kgsl-3d0/gpuclk" dev="sysfs" ino=124210 scontext=u:r:xsud:s0 tcontext=u:object_r:vendor_sysfs_kgsl_gpuclk:s0 tclass=file permissive=1
[  163.728380] type=1400 audit(1785263411.072:13425): avc:  denied  { read } for  comm="cat" name="min_pwrlevel" dev="sysfs" ino=124218 scontext=u:r:xsud:s0 tcontext=u:object_r:vendor_sysfs_kgsl:s0 tclass=file permissive=1
[  163.728716] type=1400 audit(1785263411.072:13426): avc:  denied  { open } for  comm="cat" path="/sys/devices/platform/soc/3d00000.qcom,kgsl-3d0/kgsl/kgsl-3d0/min_pwrlevel" dev="sysfs" ino=124218 scontext=u:r:xsud:s0 tcontext=u:object_r:vendor_sysfs_kgsl:s0 tclass=file permissive=1
[  163.766923] type=1400 audit(1785263411.108:13427): avc:  denied  { search } for  comm="cat" name="battery" dev="sysfs" ino=141568 scontext=u:r:xsud:s0 tcontext=u:object_r:vendor_sysfs_battery_supply:s0 tclass=dir permissive=1
[  163.779570] [kworke][0xc93cc1a3][18:30:11.125471] kiwi_v2: [101:I:PMO] pmo_core_enable_wow_in_fw: drv wow is enabled
[  163.815436] [kworke][0xc947438b][18:30:11.161336] kiwi_v2: [101:I:HIF] hif_rtpm_restore_autosuspend_delay: RTPM delay set: 500 ms
[  163.882910] init: Control message: Could not find 'vendor.qti.diaghal@1.0::Idiag/default' for ctl.interface_start from pid: 754 (/system/bin/hwservicemanager)
[  164.115630] audit: audit_lost=12696 audit_rate_limit=5 audit_backlog_limit=64
[  164.115639] audit: rate limit exceeded
[  164.883839] init: Control message: Could not find 'vendor.qti.diaghal@1.0::Idiag/default' for ctl.interface_start from pid: 754 (/system/bin/hwservicemanager)
[  165.555002] audit: audit_lost=12727 audit_rate_limit=5 audit_backlog_limit=64
[  165.555011] audit: rate limit exceeded
[  165.884404] init: Control message: Could not find 'vendor.qti.diaghal@1.0::Idiag/default' for ctl.interface_start from pid: 754 (/system/bin/hwservicemanager)
[  166.721770] audit: audit_lost=12765 audit_rate_limit=5 audit_backlog_limit=64
[  166.721777] audit: rate limit exceeded
[  166.885810] init: Control message: Could not find 'vendor.qti.diaghal@1.0::Idiag/default' for ctl.interface_start from pid: 754 (/system/bin/hwservicemanager)
[  167.569832] type=1400 audit(1785263414.908:13578): avc:  denied  { search } for  comm="sh" name="0" dev="tmpfs" ino=12 scontext=u:r:xsud:s0 tcontext=u:object_r:mnt_user_file:s0 tclass=dir permissive=1
[  167.659021] [drm:dsi_display_set_mode [msm_drm]] [msm-dsi-info]: mdp_transfer_time=0, hactive=1080, vactive=1920, fps=60, clk_rate=0
[  167.858747] audit: audit_lost=12794 audit_rate_limit=5 audit_backlog_limit=64
[  167.858751] audit: rate limit exceeded
[  167.887877] init: Control message: Could not find 'vendor.qti.diaghal@1.0::Idiag/default' for ctl.interface_start from pid: 754 (/system/bin/hwservicemanager)
[  168.113402] type=1400 audit(1785263415.456:13621): avc:  denied  { read } for  comm="top" scontext=u:r:system_app:s0 tcontext=u:r:servicemanager:s0 tclass=file permissive=1
[  168.113542] type=1400 audit(1785263415.456:13622): avc:  denied  { read } for  comm="top" scontext=u:r:system_app:s0 tcontext=u:r:hwservicemanager:s0 tclass=file permissive=1
[  168.113582] type=1400 audit(1785263415.456:13623): avc:  denied  { read } for  comm="top" scontext=u:r:system_app:s0 tcontext=u:r:vndservicemanager:s0 tclass=file permissive=1
[  168.114152] type=1400 audit(1785263415.456:13624): avc:  denied  { read } for  comm="top" scontext=u:r:system_app:s0 tcontext=u:r:vendor_spdaemon:s0 tclass=file permissive=1
[  168.114260] type=1400 audit(1785263415.456:13625): avc:  denied  { read } for  comm="top" scontext=u:r:system_app:s0 tcontext=u:r:vendor_sec_nvm:s0 tclass=file permissive=1
[  168.859488] audit: audit_lost=12952 audit_rate_limit=5 audit_backlog_limit=64
[  168.859492] audit: rate limit exceeded
[  168.888274] init: Control message: Could not find 'vendor.qti.diaghal@1.0::Idiag/default' for ctl.interface_start from pid: 754 (/system/bin/hwservicemanager)
[  168.927660] adsp_sleepmon: timer_event = 1,suspend_event = 0
[  168.980474] init: processing action (vendor.change.cgroup=def && vendor.change.cgroup.for.pid=*) from (/vendor/etc/init/vendor.qti.hardware.perf2-hal-service.rc:27)
[  168.984854] init: processing action (vendor.change.cgroup=bg && vendor.change.cgroup.for.pid=*) from (/vendor/etc/init/vendor.qti.hardware.perf2-hal-service.rc:22)
[  169.117380] type=1400 audit(1785263416.460:13810): avc:  denied  { open } for  comm="top" path="/proc/1455/stat" dev="proc" ino=282687 scontext=u:r:system_app:s0 tcontext=u:r:vendor_hal_spu_qti:s0 tclass=file permissive=1
[  169.117555] type=1400 audit(1785263416.460:13811): avc:  denied  { open } for  comm="top" path="/proc/1466/stat" dev="proc" ino=282699 scontext=u:r:system_app:s0 tcontext=u:r:vendor_hal_poweroptservice_qti:s0 tclass=file permissive=1
[  169.117607] type=1400 audit(1785263416.460:13812): avc:  denied  { open } for  comm="top" path="/proc/1483/stat" dev="proc" ino=282715 scontext=u:r:system_app:s0 tcontext=u:r:vendor_hal_capabilityconfigstore_qti_default:s0 tclass=file permissive=1
[  169.117645] type=1400 audit(1785263416.460:13813): avc:  denied  { getattr } for  comm="top" path="/proc/1548" dev="proc" ino=275446 scontext=u:r:system_app:s0 tcontext=u:r:vendor_hal_qspmhal_default:s0 tclass=dir permissive=1
[  169.482553] init: processing action (vendor.change.cgroup=def && vendor.change.cgroup.for.pid=*) from (/vendor/etc/init/vendor.qti.hardware.perf2-hal-service.rc:27)
[  169.890097] init: Control message: Could not find 'vendor.qti.diaghal@1.0::Idiag/default' for ctl.interface_start from pid: 754 (/system/bin/hwservicemanager)
[  169.902510] adsp_sleepmon: Audio: num_sessions=1,num_lpi_sessions=0,timer_pending=0
[  169.948120] swr-mgr wsa2_swr_ctrl: swr_mstr_interrupt: SWR CMD Ignored, fifo status 0x4000000a
[  169.952277] swr-mgr wsa2_swr_ctrl: swr_mstr_interrupt: SWR CMD Ignored, fifo status 0x40000007
[  169.956064] swr-mgr wsa2_swr_ctrl: swr_mstr_interrupt: SWR CMD Ignored, fifo status 0x40000002
[  169.957010] audit: audit_lost=13084 audit_rate_limit=5 audit_backlog_limit=64
[  169.957012] audit: rate limit exceeded
[  169.961090] swr-mgr wsa2_swr_ctrl: swr_mstr_interrupt: SWR CMD Ignored, fifo status 0x40002002
[  169.964761] swr-mgr wsa2_swr_ctrl: swr_mstr_interrupt: SWR CMD Ignored, fifo status 0x40002009
[  169.968800] swr-mgr wsa2_swr_ctrl: swr_mstr_interrupt: SWR CMD Ignored, fifo status 0x40000007
[  170.703253] kgsl kgsl-3d0: CP: AHB bus error, CP_RL_ERROR_DETAILS_0:0x10008e07 CP_RL_ERROR_DETAILS_1:0x12144
[  170.703290] kgsl kgsl-3d0: CP: AHB bus error, CP_RL_ERROR_DETAILS_0:0x10008e07 CP_RL_ERROR_DETAILS_1:0x12144
[  170.707321] kgsl kgsl-3d0: CP: AHB bus error, CP_RL_ERROR_DETAILS_0:0x10008e07 CP_RL_ERROR_DETAILS_1:0x12144
[  170.711465] kgsl kgsl-3d0: CP: AHB bus error, CP_RL_ERROR_DETAILS_0:0x10008e07 CP_RL_ERROR_DETAILS_1:0x12144
[  170.719317] kgsl kgsl-3d0: CP: AHB bus error, CP_RL_ERROR_DETAILS_0:0x10008e07 CP_RL_ERROR_DETAILS_1:0x12144
[  170.719350] kgsl kgsl-3d0: CP: AHB bus error, CP_RL_ERROR_DETAILS_0:0x10008e07 CP_RL_ERROR_DETAILS_1:0x12144
[  170.801405] init: processing action (vendor.change.cgroup=bg && vendor.change.cgroup.for.pid=*) from (/vendor/etc/init/vendor.qti.hardware.perf2-hal-service.rc:22)
[  170.804318] init: processing action (vendor.change.cgroup=bg && vendor.change.cgroup.for.pid=*) from (/vendor/etc/init/vendor.qti.hardware.perf2-hal-service.rc:22)
[  170.817488] kgsl kgsl-3d0: CP: AHB bus error, CP_RL_ERROR_DETAILS_0:0x10008e07 CP_RL_ERROR_DETAILS_1:0x12144
[  170.817519] kgsl kgsl-3d0: CP: AHB bus error, CP_RL_ERROR_DETAILS_0:0x10008e07 CP_RL_ERROR_DETAILS_1:0x12144
[  170.818472] kgsl kgsl-3d0: CP: AHB bus error, CP_RL_ERROR_DETAILS_0:0x10008e07 CP_RL_ERROR_DETAILS_1:0x12144
[  170.818503] kgsl kgsl-3d0: CP: AHB bus error, CP_RL_ERROR_DETAILS_0:0x10008e07 CP_RL_ERROR_DETAILS_1:0x12144
[  170.890639] init: Control message: Could not find 'vendor.qti.diaghal@1.0::Idiag/default' for ctl.interface_start from pid: 754 (/system/bin/hwservicemanager)
[  171.000453] audit: audit_lost=13187 audit_rate_limit=5 audit_backlog_limit=64
[  171.000469] audit: rate limit exceeded
[  171.302799] init: processing action (vendor.change.cgroup=def && vendor.change.cgroup.for.pid=*) from (/vendor/etc/init/vendor.qti.hardware.perf2-hal-service.rc:27)
[  172.098550] audit: audit_lost=13266 audit_rate_limit=5 audit_backlog_limit=64
[  172.098555] audit: rate limit exceeded
[  172.835370] type=1400 audit(1785263420.176:14140): avc:  denied  { read } for  comm="Performance-Tim" name="pwm1" dev="sysfs" ino=115174 scontext=u:r:system_app:s0 tcontext=u:object_r:sysfs:s0 tclass=file permissive=1
[  172.837276] type=1400 audit(1785263420.176:14141): avc:  denied  { open } for  comm="Performance-Tim" path="/sys/devices/platform/soc/soc:pwm-fan/hwmon/hwmon0/pwm1" dev="sysfs" ino=115174 scontext=u:r:system_app:s0 tcontext=u:object_r:sysfs:s0 tclass=file permissive=1
[  172.837311] type=1400 audit(1785263420.176:14142): avc:  denied  { getattr } for  comm="Performance-Tim" path="/sys/devices/platform/soc/soc:pwm-fan/hwmon/hwmon0/pwm1" dev="sysfs" ino=115174 scontext=u:r:system_app:s0 tcontext=u:object_r:sysfs:s0 tclass=file permissive=1
[  172.846780] type=1400 audit(1785263420.188:14143): avc:  denied  { read } for  comm="top" name="pid_max" dev="proc" ino=281965 scontext=u:r:system_app:s0 tcontext=u:object_r:proc_pid_max:s0 tclass=file permissive=1
[  172.847334] type=1400 audit(1785263420.188:14144): avc:  denied  { open } for  comm="top" path="/proc/sys/kernel/pid_max" dev="proc" ino=281965 scontext=u:r:system_app:s0 tcontext=u:object_r:proc_pid_max:s0 tclass=file permissive=1
[  172.896602] init: Control message: Could not find 'vendor.qti.diaghal@1.0::Idiag/default' for ctl.interface_start from pid: 754 (/system/bin/hwservicemanager)
[  172.896926] init: processing action (vendor.change.cgroup=bg && vendor.change.cgroup.for.pid=*) from (/vendor/etc/init/vendor.qti.hardware.perf2-hal-service.rc:22)
[  172.900042] init: processing action (vendor.change.cgroup=bg && vendor.change.cgroup.for.pid=*) from (/vendor/etc/init/vendor.qti.hardware.perf2-hal-service.rc:22)
[  172.990968] servicemanager: Found vendor.qti.hardware.perf2.IPerf/default in device VINTF manifest.
[  173.000373] init: Control message: Could not find 'vendor.qti.diaghal@1.0::Idiag/default' for ctl.interface_start from pid: 754 (/system/bin/hwservicemanager)
[  173.001290] init: Control message: Could not find 'vendor.qti.diaghal@1.0::Idiag/default' for ctl.interface_start from pid: 754 (/system/bin/hwservicemanager)
[  173.099982] audit: audit_lost=13406 audit_rate_limit=5 audit_backlog_limit=64
[  173.099987] audit: rate limit exceeded
[  173.398741] init: processing action (vendor.change.cgroup=def && vendor.change.cgroup.for.pid=*) from (/vendor/etc/init/vendor.qti.hardware.perf2-hal-service.rc:27)
[  173.462368] init: processing action (vendor.change.cgroup=def && vendor.change.cgroup.for.pid=*) from (/vendor/etc/init/vendor.qti.hardware.perf2-hal-service.rc:27)
[  173.465015] init: processing action (vendor.change.cgroup=bg && vendor.change.cgroup.for.pid=*) from (/vendor/etc/init/vendor.qti.hardware.perf2-hal-service.rc:22)
[  173.847560] type=1400 audit(1785263421.188:14396): avc:  denied  { getattr } for  comm="DefaultDispatch" path="/dev/ttyHS5" dev="tmpfs" ino=1195 scontext=u:r:system_app:s0 tcontext=u:object_r:device:s0 tclass=chr_file permissive=1
[  173.854233] type=1400 audit(1785263421.196:14397): avc:  denied  { read } for  comm="top" name="pid_max" dev="proc" ino=281965 scontext=u:r:system_app:s0 tcontext=u:object_r:proc_pid_max:s0 tclass=file permissive=1
[  173.854302] type=1400 audit(1785263421.196:14398): avc:  denied  { open } for  comm="top" path="/proc/sys/kernel/pid_max" dev="proc" ino=281965 scontext=u:r:system_app:s0 tcontext=u:object_r:proc_pid_max:s0 tclass=file permissive=1
[  173.854721] type=1400 audit(1785263421.196:14399): avc:  denied  { read } for  comm="top" scontext=u:r:system_app:s0 tcontext=u:r:vendor_hal_identity_qti:s0 tclass=file permissive=1
[  173.855736] type=1400 audit(1785263421.196:14400): avc:  denied  { read } for  comm="top" scontext=u:r:system_app:s0 tcontext=u:r:hal_ir_default:s0 tclass=file permissive=1
[  173.886157] [kworke][0xd4cda91c][18:30:21.232024] kiwi_v2: [2307:I:PMO] pmo_core_psoc_send_host_wakeup_ind_to_fw: Host wakeup indication sent to fw
[  173.963423] init: processing action (vendor.change.cgroup=def && vendor.change.cgroup.for.pid=*) from (/vendor/etc/init/vendor.qti.hardware.perf2-hal-service.rc:27)
[  174.003089] init: Control message: Could not find 'vendor.qti.diaghal@1.0::Idiag/default' for ctl.interface_start from pid: 754 (/system/bin/hwservicemanager)
[  174.108865] audit: audit_lost=13616 audit_rate_limit=5 audit_backlog_limit=64
[  174.108871] audit: rate limit exceeded
[  175.100334] [kworke][0xd631625c][18:30:22.446228] kiwi_v2: [2307:I:PMO] pmo_core_enable_wow_in_fw: drv wow is enabled
[  175.704423] gen7_err_callback: 1334 callbacks suppressed
[  175.704452] kgsl kgsl-3d0: CP: AHB bus error, CP_RL_ERROR_DETAILS_0:0x10008e07 CP_RL_ERROR_DETAILS_1:0x12144
[  175.704502] kgsl kgsl-3d0: CP: AHB bus error, CP_RL_ERROR_DETAILS_0:0x10008e07 CP_RL_ERROR_DETAILS_1:0x12144
[  175.709643] kgsl kgsl-3d0: CP: AHB bus error, CP_RL_ERROR_DETAILS_0:0x10008e07 CP_RL_ERROR_DETAILS_1:0x12144
[  175.710238] kgsl kgsl-3d0: CP: AHB bus error, CP_RL_ERROR_DETAILS_0:0x10008e07 CP_RL_ERROR_DETAILS_1:0x12144
[  175.710292] kgsl kgsl-3d0: CP: AHB bus error, CP_RL_ERROR_DETAILS_0:0x10008e07 CP_RL_ERROR_DETAILS_1:0x12144
[  175.721109] kgsl kgsl-3d0: CP: AHB bus error, CP_RL_ERROR_DETAILS_0:0x10008e07 CP_RL_ERROR_DETAILS_1:0x12144
[  175.726918] kgsl kgsl-3d0: CP: AHB bus error, CP_RL_ERROR_DETAILS_0:0x10008e07 CP_RL_ERROR_DETAILS_1:0x12144
[  175.727521] kgsl kgsl-3d0: CP: AHB bus error, CP_RL_ERROR_DETAILS_0:0x10008e07 CP_RL_ERROR_DETAILS_1:0x12144
[  175.727609] kgsl kgsl-3d0: CP: AHB bus error, CP_RL_ERROR_DETAILS_0:0x10008e07 CP_RL_ERROR_DETAILS_1:0x12144
[  175.737623] kgsl kgsl-3d0: CP: AHB bus error, CP_RL_ERROR_DETAILS_0:0x10008e07 CP_RL_ERROR_DETAILS_1:0x12144
[  175.793765] audit: audit_lost=13739 audit_rate_limit=5 audit_backlog_limit=64
[  175.793771] audit: rate limit exceeded
[  176.856130] audit: audit_lost=13776 audit_rate_limit=5 audit_backlog_limit=64
[  176.856134] audit: rate limit exceeded
[  178.011381] init: Control message: Could not find 'vendor.qti.diaghal@1.0::Idiag/default' for ctl.interface_start from pid: 754 (/system/bin/hwservicemanager)
[  178.099659] type=1400 audit(1785263425.440:14640): avc:  denied  { getattr } for  comm="Performance-Tim" path="/proc/stat" dev="proc" ino=4026532011 scontext=u:r:system_app:s0 tcontext=u:object_r:proc_stat:s0 tclass=file permissive=1
[  178.296364] type=1400 audit(1785263425.636:14641): avc:  denied  { read } for  comm="cat" name="min_pwrlevel" dev="sysfs" ino=124218 scontext=u:r:xsud:s0 tcontext=u:object_r:vendor_sysfs_kgsl:s0 tclass=file permissive=1
[  178.296789] type=1400 audit(1785263425.636:14642): avc:  denied  { open } for  comm="cat" path="/sys/devices/platform/soc/3d00000.qcom,kgsl-3d0/kgsl/kgsl-3d0/min_pwrlevel" dev="sysfs" ino=124218 scontext=u:r:xsud:s0 tcontext=u:object_r:vendor_sysfs_kgsl:s0 tclass=file permissive=1
[  178.837248] audit: audit_lost=13806 audit_rate_limit=5 audit_backlog_limit=64
[  178.837253] audit: rate limit exceeded
[  178.840531] type=1400 audit(1785263426.180:14643): avc:  denied  { read } for  comm="top" scontext=u:r:system_app:s0 tcontext=u:r:vendor_hal_spu_qti:s0 tclass=file permissive=1
[  178.840660] type=1400 audit(1785263426.180:14644): avc:  denied  { read } for  comm="top" scontext=u:r:system_app:s0 tcontext=u:r:hal_fingerprint_default:s0 tclass=file permissive=1
[  179.013503] init: Control message: Could not find 'vendor.qti.diaghal@1.0::Idiag/default' for ctl.interface_start from pid: 754 (/system/bin/hwservicemanager)
[  179.512562] type=1400 audit(1785263426.856:14675): avc:  denied  { search } for  comm="cat" name="battery" dev="sysfs" ino=141568 scontext=u:r:xsud:s0 tcontext=u:object_r:vendor_sysfs_battery_supply:s0 tclass=dir permissive=1
[  179.529305] type=1400 audit(1785263426.872:14676): avc:  denied  { dac_read_search } for  comm="sh" capability=2  scontext=u:r:xsud:s0 tcontext=u:r:xsud:s0 tclass=capability permissive=1
[  179.529935] type=1400 audit(1785263426.872:14677): avc:  denied  { append } for  comm="sh" name="pulse_20260728_202800_cap_poll.log" dev="fuse" ino=331481 scontext=u:r:xsud:s0 tcontext=u:object_r:fuse:s0 tclass=file permissive=1
[  179.530132] type=1400 audit(1785263426.872:14678): avc:  denied  { open } for  comm="sh" path="/storage/emulated/0/apl_pulse_logs/pulse_20260728_202800_cap_poll.log" dev="fuse" ino=331481 scontext=u:r:xsud:s0 tcontext=u:object_r:fuse:s0 tclass=file permissive=1
[  179.535347] type=1400 audit(1785263426.876:14679): avc:  denied  { ioctl } for  comm="dmesg" path="/storage/emulated/0/apl_pulse_logs/pulse_20260728_202800_dmesg.log" dev="fuse" ino=331496 ioctlcmd=0x5401 scontext=u:r:xsud:s0 tcontext=u:object_r:fuse:s0 tclass=file permissive=1
[  179.841545] audit: audit_lost=13840 audit_rate_limit=5 audit_backlog_limit=64
[  179.841550] audit: rate limit exceeded
[  180.013795] init: Control message: Could not find 'vendor.qti.diaghal@1.0::Idiag/default' for ctl.interface_start from pid: 754 (/system/bin/hwservicemanager)
[  180.709715] gen7_err_callback: 1394 callbacks suppressed
[  180.709741] kgsl kgsl-3d0: CP: AHB bus error, CP_RL_ERROR_DETAILS_0:0x10008e07 CP_RL_ERROR_DETAILS_1:0x12144
[  180.710271] kgsl kgsl-3d0: CP: AHB bus error, CP_RL_ERROR_DETAILS_0:0x10008e07 CP_RL_ERROR_DETAILS_1:0x12144
[  180.710416] kgsl kgsl-3d0: CP: AHB bus error, CP_RL_ERROR_DETAILS_0:0x10008e07 CP_RL_ERROR_DETAILS_1:0x12144
[  180.721528] kgsl kgsl-3d0: CP: AHB bus error, CP_RL_ERROR_DETAILS_0:0x10008e07 CP_RL_ERROR_DETAILS_1:0x12144
[  180.721565] kgsl kgsl-3d0: CP: AHB bus error, CP_RL_ERROR_DETAILS_0:0x10008e07 CP_RL_ERROR_DETAILS_1:0x12144
[  180.726949] kgsl kgsl-3d0: CP: AHB bus error, CP_RL_ERROR_DETAILS_0:0x10008e07 CP_RL_ERROR_DETAILS_1:0x12144
[  180.727568] kgsl kgsl-3d0: CP: AHB bus error, CP_RL_ERROR_DETAILS_0:0x10008e07 CP_RL_ERROR_DETAILS_1:0x12144
[  180.727633] kgsl kgsl-3d0: CP: AHB bus error, CP_RL_ERROR_DETAILS_0:0x10008e07 CP_RL_ERROR_DETAILS_1:0x12144
[  180.737747] kgsl kgsl-3d0: CP: AHB bus error, CP_RL_ERROR_DETAILS_0:0x10008e07 CP_RL_ERROR_DETAILS_1:0x12144
[  180.737776] kgsl kgsl-3d0: CP: AHB bus error, CP_RL_ERROR_DETAILS_0:0x10008e07 CP_RL_ERROR_DETAILS_1:0x12144
[  181.015591] init: Control message: Could not find 'vendor.qti.diaghal@1.0::Idiag/default' for ctl.interface_start from pid: 754 (/system/bin/hwservicemanager)
[  181.598790] audit: audit_lost=13890 audit_rate_limit=5 audit_backlog_limit=64
[  181.598800] audit: rate limit exceeded
[  182.015791] init: Control message: Could not find 'vendor.qti.diaghal@1.0::Idiag/default' for ctl.interface_start from pid: 754 (/system/bin/hwservicemanager)
[  182.838875] audit: audit_lost=13913 audit_rate_limit=5 audit_backlog_limit=64
[  182.838882] audit: rate limit exceeded
[  183.016827] init: Control message: Could not find 'vendor.qti.diaghal@1.0::Idiag/default' for ctl.interface_start from pid: 754 (/system/bin/hwservicemanager)
[  184.017931] init: Control message: Could not find 'vendor.qti.diaghal@1.0::Idiag/default' for ctl.interface_start from pid: 754 (/system/bin/hwservicemanager)
[  184.095750] type=1400 audit(1785263431.436:14792): avc:  denied  { read } for  comm="top" scontext=u:r:system_app:s0 tcontext=u:r:vendor_hal_qspmhal_default:s0 tclass=file permissive=1
[  184.100630] type=1400 audit(1785263431.444:14793): avc:  denied  { getattr } for  comm="top" path="/proc/1466" dev="proc" ino=275433 scontext=u:r:system_app:s0 tcontext=u:r:vendor_hal_poweroptservice_qti:s0 tclass=dir permissive=1
[  184.100821] type=1400 audit(1785263431.444:14794): avc:  denied  { search } for  comm="top" name="1466" dev="proc" ino=275433 scontext=u:r:system_app:s0 tcontext=u:r:vendor_hal_poweroptservice_qti:s0 tclass=dir permissive=1
[  184.105870] audit: audit_lost=13933 audit_rate_limit=5 audit_backlog_limit=64
[  184.105882] audit: rate limit exceeded
[  184.107181] type=1400 audit(1785263431.448:14795): avc:  denied  { open } for  comm="top" path="/proc/1548/stat" dev="proc" ino=282751 scontext=u:r:system_app:s0 tcontext=u:r:vendor_hal_qspmhal_default:s0 tclass=file permissive=1
[  184.109430] type=1400 audit(1785263431.448:14796): avc:  denied  { getattr } for  comm="top" path="/proc/1641" dev="proc" ino=275448 scontext=u:r:system_app:s0 tcontext=u:r:vendor_qwesd:s0 tclass=dir permissive=1
[  185.019560] init: Control message: Could not find 'vendor.qti.diaghal@1.0::Idiag/default' for ctl.interface_start from pid: 754 (/system/bin/hwservicemanager)
[  185.575352] type=1400 audit(1785263432.916:14814): avc:  denied  { search } for  comm="sh" name="0" dev="tmpfs" ino=12 scontext=u:r:xsud:s0 tcontext=u:object_r:mnt_user_file:s0 tclass=dir permissive=1
[  185.721195] gen7_err_callback: 1311 callbacks suppressed
[  185.721221] kgsl kgsl-3d0: CP: AHB bus error, CP_RL_ERROR_DETAILS_0:0x10008e07 CP_RL_ERROR_DETAILS_1:0x12144
[  185.721267] kgsl kgsl-3d0: CP: AHB bus error, CP_RL_ERROR_DETAILS_0:0x10008e07 CP_RL_ERROR_DETAILS_1:0x12144
[  185.727354] kgsl kgsl-3d0: CP: AHB bus error, CP_RL_ERROR_DETAILS_0:0x10008e07 CP_RL_ERROR_DETAILS_1:0x12144
[  185.727927] kgsl kgsl-3d0: CP: AHB bus error, CP_RL_ERROR_DETAILS_0:0x10008e07 CP_RL_ERROR_DETAILS_1:0x12144
[  185.727962] kgsl kgsl-3d0: CP: AHB bus error, CP_RL_ERROR_DETAILS_0:0x10008e07 CP_RL_ERROR_DETAILS_1:0x12144
[  185.738138] kgsl kgsl-3d0: CP: AHB bus error, CP_RL_ERROR_DETAILS_0:0x10008e07 CP_RL_ERROR_DETAILS_1:0x12144
[  185.738175] kgsl kgsl-3d0: CP: AHB bus error, CP_RL_ERROR_DETAILS_0:0x10008e07 CP_RL_ERROR_DETAILS_1:0x12144
[  185.744013] kgsl kgsl-3d0: CP: AHB bus error, CP_RL_ERROR_DETAILS_0:0x10008e07 CP_RL_ERROR_DETAILS_1:0x12144
[  185.744613] kgsl kgsl-3d0: CP: AHB bus error, CP_RL_ERROR_DETAILS_0:0x10008e07 CP_RL_ERROR_DETAILS_1:0x12144
[  185.744643] kgsl kgsl-3d0: CP: AHB bus error, CP_RL_ERROR_DETAILS_0:0x10008e07 CP_RL_ERROR_DETAILS_1:0x12144
[  186.021723] init: Control message: Could not find 'vendor.qti.diaghal@1.0::Idiag/default' for ctl.interface_start from pid: 754 (/system/bin/hwservicemanager)
[  186.093307] type=1400 audit(1785263433.436:14815): avc:  denied  { setattr } for  comm="chmod" name="scaling_min_freq" dev="sysfs" ino=75844 scontext=u:r:xsud:s0 tcontext=u:object_r:sysfs_devices_system_cpu:s0 tclass=file permissive=1
[  186.094209] type=1400 audit(1785263433.436:14816): avc:  denied  { write } for  comm="sh" name="scaling_min_freq" dev="sysfs" ino=75844 scontext=u:r:xsud:s0 tcontext=u:object_r:sysfs_devices_system_cpu:s0 tclass=file permissive=1
[  186.835297] type=1400 audit(1785263434.176:14817): avc:  denied  { read } for  comm="top" scontext=u:r:system_app:s0 tcontext=u:r:vendor_hal_usb_qti:s0 tclass=file permissive=1
[  186.835485] type=1400 audit(1785263434.176:14818): avc:  denied  { read } for  comm="top" scontext=u:r:system_app:s0 tcontext=u:r:vendor_perf_qesdk:s0 tclass=file permissive=1
[  186.838791] audit: audit_lost=13950 audit_rate_limit=5 audit_backlog_limit=64
[  186.838796] audit: rate limit exceeded
[  187.025281] init: Control message: Could not find 'vendor.qti.diaghal@1.0::Idiag/default' for ctl.interface_start from pid: 754 (/system/bin/hwservicemanager)
[  187.668567] hid_aya_haptic_play: enter
[  187.669329] aya_haptic 0003:4001:0428.0002: aya_haptic_hid_report_work: left 1, right 1
[  187.670093] hid_aya_haptic_play: enter
[  187.670363] aya_haptic 0003:4001:0428.0002: aya_haptic_hid_report_work: left 1, right 1
[  187.677064] hid_aya_haptic_play: enter
[  187.677481] hid_aya_haptic_play: enter
[  187.677717] aya_haptic 0003:4001:0428.0002: aya_haptic_hid_report_work: left 27, right 27
[  187.697860] hid_aya_haptic_play: enter
[  187.698506] hid_aya_haptic_play: enter
[  187.698788] aya_haptic 0003:4001:0428.0002: aya_haptic_hid_report_work: left 2, right 2
[  187.717251] hid_aya_haptic_play: enter
[  187.717728] hid_aya_haptic_play: enter
[  187.717834] aya_haptic 0003:4001:0428.0002: aya_haptic_hid_report_work: left 2, right 2
[  187.737224] hid_aya_haptic_play: enter
[  187.737432] aya_haptic 0003:4001:0428.0002: aya_haptic_hid_report_work: left 2, right 2
[  187.737854] hid_aya_haptic_play: enter
[  187.738375] aya_haptic 0003:4001:0428.0002: aya_haptic_hid_report_work: left 4, right 4
[  187.757473] hid_aya_haptic_play: enter
[  187.757695] aya_haptic 0003:4001:0428.0002: aya_haptic_hid_report_work: left 6, right 6
[  187.758117] hid_aya_haptic_play: enter
[  187.758403] aya_haptic 0003:4001:0428.0002: aya_haptic_hid_report_work: left 12, right 12
[  187.777618] hid_aya_haptic_play: enter
[  187.777807] aya_haptic 0003:4001:0428.0002: aya_haptic_hid_report_work: left 10, right 10
[  187.778580] hid_aya_haptic_play: enter
[  187.779040] aya_haptic 0003:4001:0428.0002: aya_haptic_hid_report_work: left 21, right 21
[  187.797431] hid_aya_haptic_play: enter
[  187.797659] aya_haptic 0003:4001:0428.0002: aya_haptic_hid_report_work: left 1, right 1
[  187.798457] hid_aya_haptic_play: enter
[  187.798859] aya_haptic 0003:4001:0428.0002: aya_haptic_hid_report_work: left 3, right 3
[  187.817299] hid_aya_haptic_play: enter
[  187.817686] aya_haptic 0003:4001:0428.0002: aya_haptic_hid_report_work: left 1, right 1
[  187.818379] hid_aya_haptic_play: enter
[  187.818668] aya_haptic 0003:4001:0428.0002: aya_haptic_hid_report_work: left 3, right 3
[  187.836567] hid_aya_haptic_play: enter
[  187.836746] aya_haptic 0003:4001:0428.0002: aya_haptic_hid_report_work: left 1, right 1
[  187.837055] hid_aya_haptic_play: enter
[  187.837383] aya_haptic 0003:4001:0428.0002: aya_haptic_hid_report_work: left 2, right 2
[  187.857826] hid_aya_haptic_play: enter
[  187.858421] aya_haptic 0003:4001:0428.0002: aya_haptic_hid_report_work: left 1, right 1
[  187.860336] hid_aya_haptic_play: enter
[  187.860638] aya_haptic 0003:4001:0428.0002: aya_haptic_hid_report_work: left 2, right 2
[  187.878164] hid_aya_haptic_play: enter
[  187.878699] hid_aya_haptic_play: enter
[  187.878904] aya_haptic 0003:4001:0428.0002: aya_haptic_hid_report_work: left 1, right 1
[  187.897280] hid_aya_haptic_play: enter
[  187.898911] hid_aya_haptic_play: enter
[  187.900586] aya_haptic 0003:4001:0428.0002: aya_haptic_hid_report_work: left 1, right 1
[  187.916597] hid_aya_haptic_play: enter
[  187.917360] hid_aya_haptic_play: enter
[  187.917739] aya_haptic 0003:4001:0428.0002: aya_haptic_hid_report_work: left 1, right 1
[  187.936739] hid_aya_haptic_play: enter
[  187.937631] hid_aya_haptic_play: enter
[  187.937872] aya_haptic 0003:4001:0428.0002: aya_haptic_hid_report_work: left 1, right 1
[  187.958947] hid_aya_haptic_play: enter
[  187.959296] aya_haptic 0003:4001:0428.0002: aya_haptic_hid_report_work: left 1, right 1
[  187.960227] hid_aya_haptic_play: enter
[  187.960462] aya_haptic 0003:4001:0428.0002: aya_haptic_hid_report_work: left 1, right 1
[  187.977881] hid_aya_haptic_play: enter
[  187.978503] hid_aya_haptic_play: enter
[  187.978696] aya_haptic 0003:4001:0428.0002: aya_haptic_hid_report_work: left 1, right 1
[  187.997226] hid_aya_haptic_play: enter
[  187.997661] hid_aya_haptic_play: enter
[  187.997817] aya_haptic 0003:4001:0428.0002: aya_haptic_hid_report_work: left 1, right 1
[  188.017660] hid_aya_haptic_play: enter
[  188.017765] aya_haptic 0003:4001:0428.0002: aya_haptic_hid_report_work: left 1, right 1
[  188.018938] hid_aya_haptic_play: enter
[  188.019021] aya_haptic 0003:4001:0428.0002: aya_haptic_hid_report_work: left 1, right 1
[  188.026595] init: Control message: Could not find 'vendor.qti.diaghal@1.0::Idiag/default' for ctl.interface_start from pid: 754 (/system/bin/hwservicemanager)
[  188.037364] hid_aya_haptic_play: enter
[  188.038245] hid_aya_haptic_play: enter
[  188.038593] aya_haptic 0003:4001:0428.0002: aya_haptic_hid_report_work: left 1, right 1
[  188.057681] hid_aya_haptic_play: enter
[  188.059344] hid_aya_haptic_play: enter
[  188.059764] aya_haptic 0003:4001:0428.0002: aya_haptic_hid_report_work: left 1, right 1
[  188.078904] hid_aya_haptic_play: enter
[  188.079514] aya_haptic 0003:4001:0428.0002: aya_haptic_hid_report_work: left 1, right 1
[  188.080309] hid_aya_haptic_play: enter
[  188.080623] aya_haptic 0003:4001:0428.0002: aya_haptic_hid_report_work: left 1, right 1
[  188.094780] audit: audit_lost=13955 audit_rate_limit=5 audit_backlog_limit=64
[  188.094785] audit: rate limit exceeded
[  188.098327] hid_aya_haptic_play: enter
[  188.098762] aya_haptic 0003:4001:0428.0002: aya_haptic_hid_report_work: left 1, right 1
[  188.100130] hid_aya_haptic_play: enter
[  188.101176] aya_haptic 0003:4001:0428.0002: aya_haptic_hid_report_work: left 1, right 1
[  188.117549] hid_aya_haptic_play: enter
[  188.118350] hid_aya_haptic_play: enter
[  188.118635] aya_haptic 0003:4001:0428.0002: aya_haptic_hid_report_work: left 1, right 1
[  188.137630] hid_aya_haptic_play: enter
[  188.138743] hid_aya_haptic_play: enter
[  188.140343] aya_haptic 0003:4001:0428.0002: aya_haptic_hid_report_work: left 1, right 1
[  188.157249] hid_aya_haptic_play: enter
[  188.157635] aya_haptic 0003:4001:0428.0002: aya_haptic_hid_report_work: left 1, right 1
[  188.160392] hid_aya_haptic_play: enter
[  188.160796] aya_haptic 0003:4001:0428.0002: aya_haptic_hid_report_work: left 1, right 1
[  188.178091] hid_aya_haptic_play: enter
[  188.178617] aya_haptic 0003:4001:0428.0002: aya_haptic_hid_report_work: left 1, right 1
[  188.180638] hid_aya_haptic_play: enter
[  188.180895] aya_haptic 0003:4001:0428.0002: aya_haptic_hid_report_work: left 1, right 1
[  188.197755] hid_aya_haptic_play: enter
[  188.198173] aya_haptic 0003:4001:0428.0002: aya_haptic_hid_report_work: left 1, right 1
[  188.198962] hid_aya_haptic_play: enter
[  188.199874] aya_haptic 0003:4001:0428.0002: aya_haptic_hid_report_work: left 1, right 1
[  188.218207] hid_aya_haptic_play: enter
[  188.218667] aya_haptic 0003:4001:0428.0002: aya_haptic_hid_report_work: left 1, right 1
[  188.220362] hid_aya_haptic_play: enter
[  188.220668] aya_haptic 0003:4001:0428.0002: aya_haptic_hid_report_work: left 1, right 1
[  188.270624] hid_aya_haptic_play: enter
[  188.270784] aya_haptic 0003:4001:0428.0002: aya_haptic_hid_report_work: left 0, right 0
[  189.029913] init: Control message: Could not find 'vendor.qti.diaghal@1.0::Idiag/default' for ctl.interface_start from pid: 754 (/system/bin/hwservicemanager)
[  189.100015] type=1400 audit(1785263436.444:14848): avc:  denied  { getattr } for  comm="Performance-Tim" path="/proc/stat" dev="proc" ino=4026532011 scontext=u:r:system_app:s0 tcontext=u:object_r:proc_stat:s0 tclass=file permissive=1
[  189.206525] type=1400 audit(1785263436.548:14849): avc:  denied  { read } for  comm="cat" name="gpuclk" dev="sysfs" ino=124210 scontext=u:r:xsud:s0 tcontext=u:object_r:vendor_sysfs_kgsl_gpuclk:s0 tclass=file permissive=1
[  189.206880] type=1400 audit(1785263436.548:14850): avc:  denied  { open } for  comm="cat" path="/sys/devices/platform/soc/3d00000.qcom,kgsl-3d0/kgsl/kgsl-3d0/gpuclk" dev="sysfs" ino=124210 scontext=u:r:xsud:s0 tcontext=u:object_r:vendor_sysfs_kgsl_gpuclk:s0 tclass=file permissive=1
[  189.836318] audit: audit_lost=13967 audit_rate_limit=5 audit_backlog_limit=64
[  189.836326] audit: rate limit exceeded
[  190.030829] init: Control message: Could not find 'vendor.qti.diaghal@1.0::Idiag/default' for ctl.interface_start from pid: 754 (/system/bin/hwservicemanager)
[  190.114275] type=1400 audit(1785263437.456:14861): avc:  denied  { search } for  comm="cat" name="battery" dev="sysfs" ino=141568 scontext=u:r:xsud:s0 tcontext=u:object_r:vendor_sysfs_battery_supply:s0 tclass=dir permissive=1
[  190.209645] type=1400 audit(1785263437.548:14862): avc:  denied  { dac_read_search } for  comm="sh" capability=2  scontext=u:r:xsud:s0 tcontext=u:r:xsud:s0 tclass=capability permissive=1
[  190.231042] type=1400 audit(1785263437.572:14863): avc:  denied  { write } for  comm="xsu" name="xsud" dev="tmpfs" ino=1381 scontext=u:r:untrusted_app:s0:c183,c256,c512,c768 tcontext=u:object_r:xsud_socket:s0 tclass=sock_file permissive=1 app=com.kei.pulse
[  190.247600] type=1400 audit(1785263437.588:14864): avc:  denied  { read } for  comm="sh" name="fps-probe.sh" dev="dm-53" ino=330200 scontext=u:r:xsud:s0 tcontext=u:object_r:app_data_file:s0:c183,c256,c512,c768 tclass=file permissive=1
[  190.247693] type=1400 audit(1785263437.588:14865): avc:  denied  { open } for  comm="sh" path="/data/user/0/com.kei.pulse/files/fps-probe.sh" dev="dm-53" ino=330200 scontext=u:r:xsud:s0 tcontext=u:object_r:app_data_file:s0:c183,c256,c512,c768 tclass=file permissive=1
[  190.725962] gen7_err_callback: 1310 callbacks suppressed
[  190.725993] kgsl kgsl-3d0: CP: AHB bus error, CP_RL_ERROR_DETAILS_0:0x10008e07 CP_RL_ERROR_DETAILS_1:0x12144
[  190.730207] kgsl kgsl-3d0: CP: AHB bus error, CP_RL_ERROR_DETAILS_0:0x10008e07 CP_RL_ERROR_DETAILS_1:0x12144
[  190.730294] kgsl kgsl-3d0: CP: AHB bus error, CP_RL_ERROR_DETAILS_0:0x10008e07 CP_RL_ERROR_DETAILS_1:0x12144
[  190.737795] kgsl kgsl-3d0: CP: AHB bus error, CP_RL_ERROR_DETAILS_0:0x10008e07 CP_RL_ERROR_DETAILS_1:0x12144
[  190.737837] kgsl kgsl-3d0: CP: AHB bus error, CP_RL_ERROR_DETAILS_0:0x10008e07 CP_RL_ERROR_DETAILS_1:0x12144
[  190.742603] kgsl kgsl-3d0: CP: AHB bus error, CP_RL_ERROR_DETAILS_0:0x10008e07 CP_RL_ERROR_DETAILS_1:0x12144
[  190.747865] kgsl kgsl-3d0: CP: AHB bus error, CP_RL_ERROR_DETAILS_0:0x10008e07 CP_RL_ERROR_DETAILS_1:0x12144
[  190.747912] kgsl kgsl-3d0: CP: AHB bus error, CP_RL_ERROR_DETAILS_0:0x10008e07 CP_RL_ERROR_DETAILS_1:0x12144
[  190.754409] kgsl kgsl-3d0: CP: AHB bus error, CP_RL_ERROR_DETAILS_0:0x10008e07 CP_RL_ERROR_DETAILS_1:0x12144
[  190.754458] kgsl kgsl-3d0: CP: AHB bus error, CP_RL_ERROR_DETAILS_0:0x10008e07 CP_RL_ERROR_DETAILS_1:0x12144
[  190.839935] audit: audit_lost=13992 audit_rate_limit=5 audit_backlog_limit=64
[  190.839942] audit: rate limit exceeded
[  191.032925] init: Control message: Could not find 'vendor.qti.diaghal@1.0::Idiag/default' for ctl.interface_start from pid: 754 (/system/bin/hwservicemanager)
[  191.589137] type=1400 audit(1785263438.932:14888): avc:  denied  { write } for  comm="sh" name="pulse_fifo_out" dev="dm-53" ino=331471 scontext=u:r:xsud:s0 tcontext=u:object_r:app_data_file:s0 tclass=fifo_file permissive=1
[  191.597129] type=1400 audit(1785263438.932:14889): avc:  denied  { open } for  comm="sh" path="/data/user/0/com.kei.pulse/files/pulse_fifo_out" dev="dm-53" ino=331471 scontext=u:r:xsud:s0 tcontext=u:object_r:app_data_file:s0 tclass=fifo_file permissive=1
[  192.035146] init: Control message: Could not find 'vendor.qti.diaghal@1.0::Idiag/default' for ctl.interface_start from pid: 754 (/system/bin/hwservicemanager)
[  192.087249] audit: audit_lost=14026 audit_rate_limit=5 audit_backlog_limit=64
[  192.087256] audit: rate limit exceeded
[  193.037414] init: Control message: Could not find 'vendor.qti.diaghal@1.0::Idiag/default' for ctl.interface_start from pid: 754 (/system/bin/hwservicemanager)
[  193.087500] audit: audit_lost=14143 audit_rate_limit=5 audit_backlog_limit=64
[  193.087506] audit: rate limit exceeded
[  193.120466] servicemanager: Found vendor.qti.hardware.perf2.IPerf/default in device VINTF manifest.
[  193.132852] init: Control message: Could not find 'vendor.qti.diaghal@1.0::Idiag/default' for ctl.interface_start from pid: 754 (/system/bin/hwservicemanager)
[  193.133086] init: Control message: Could not find 'vendor.qti.diaghal@1.0::Idiag/default' for ctl.interface_start from pid: 754 (/system/bin/hwservicemanager)
[  194.111563] audit: audit_lost=14303 audit_rate_limit=5 audit_backlog_limit=64
[  194.111568] audit: rate limit exceeded
[  194.139914] init: Control message: Could not find 'vendor.qti.diaghal@1.0::Idiag/default' for ctl.interface_start from pid: 754 (/system/bin/hwservicemanager)
[  194.862101] type=1400 audit(1785263442.204:15295): avc:  denied  { getattr } for  comm="chmod" path="/sys/devices/platform/soc/3d00000.qcom,kgsl-3d0/kgsl/kgsl-3d0/min_pwrlevel" dev="sysfs" ino=124218 scontext=u:r:xsud:s0 tcontext=u:object_r:vendor_sysfs_kgsl:s0 tclass=file permissive=1
[  194.862212] type=1400 audit(1785263442.204:15296): avc:  denied  { setattr } for  comm="chmod" name="min_pwrlevel" dev="sysfs" ino=124218 scontext=u:r:xsud:s0 tcontext=u:object_r:vendor_sysfs_kgsl:s0 tclass=file permissive=1
[  194.862840] type=1400 audit(1785263442.204:15297): avc:  denied  { write } for  comm="sh" name="min_pwrlevel" dev="sysfs" ino=124218 scontext=u:r:xsud:s0 tcontext=u:object_r:vendor_sysfs_kgsl:s0 tclass=file permissive=1
[  194.933081] type=1400 audit(1785263442.276:15298): avc:  denied  { search } for  comm="sh" name="0" dev="tmpfs" ino=12 scontext=u:r:xsud:s0 tcontext=u:object_r:mnt_user_file:s0 tclass=dir permissive=1
[  195.084599] type=1400 audit(1785263442.428:15299): avc:  denied  { read } for  comm="top" scontext=u:r:system_app:s0 tcontext=u:r:vendor_hal_usb_qti:s0 tclass=file permissive=1
[  195.135142] init: Control message: Could not find 'vendor.qti.diaghal@1.0::Idiag/default' for ctl.interface_start from pid: 754 (/system/bin/hwservicemanager)
[  195.389120] audit: audit_lost=14392 audit_rate_limit=5 audit_backlog_limit=64
[  195.389125] audit: rate limit exceeded
[  195.729431] gen7_err_callback: 1588 callbacks suppressed
[  195.729447] kgsl kgsl-3d0: CP: AHB bus error, CP_RL_ERROR_DETAILS_0:0x10008e07 CP_RL_ERROR_DETAILS_1:0x12144
[  195.729476] kgsl kgsl-3d0: CP: AHB bus error, CP_RL_ERROR_DETAILS_0:0x10008e07 CP_RL_ERROR_DETAILS_1:0x12144
[  195.736060] kgsl kgsl-3d0: CP: AHB bus error, CP_RL_ERROR_DETAILS_0:0x10008e07 CP_RL_ERROR_DETAILS_1:0x12144
[  195.736083] kgsl kgsl-3d0: CP: AHB bus error, CP_RL_ERROR_DETAILS_0:0x10008e07 CP_RL_ERROR_DETAILS_1:0x12144
[  195.739003] kgsl kgsl-3d0: CP: AHB bus error, CP_RL_ERROR_DETAILS_0:0x10008e07 CP_RL_ERROR_DETAILS_1:0x12144
[  195.739024] kgsl kgsl-3d0: CP: AHB bus error, CP_RL_ERROR_DETAILS_0:0x10008e07 CP_RL_ERROR_DETAILS_1:0x12144
[  195.745698] kgsl kgsl-3d0: CP: AHB bus error, CP_RL_ERROR_DETAILS_0:0x10008e07 CP_RL_ERROR_DETAILS_1:0x12144
[  195.746164] kgsl kgsl-3d0: CP: AHB bus error, CP_RL_ERROR_DETAILS_0:0x10008e07 CP_RL_ERROR_DETAILS_1:0x12144
[  195.746185] kgsl kgsl-3d0: CP: AHB bus error, CP_RL_ERROR_DETAILS_0:0x10008e07 CP_RL_ERROR_DETAILS_1:0x12144
[  195.749443] kgsl kgsl-3d0: CP: AHB bus error, CP_RL_ERROR_DETAILS_0:0x10008e07 CP_RL_ERROR_DETAILS_1:0x12144
[  196.081492] type=1400 audit(1785263443.420:15322): avc:  denied  { read } for  comm="top" scontext=u:r:system_app:s0 tcontext=u:r:vendor_hal_spu_qti:s0 tclass=file permissive=1
[  196.082451] type=1400 audit(1785263443.424:15323): avc:  denied  { getattr } for  comm="top" path="/proc/907" dev="proc" ino=275420 scontext=u:r:system_app:s0 tcontext=u:r:vendor_hal_qseecom_default:s0 tclass=dir permissive=1
[  196.082614] type=1400 audit(1785263443.424:15324): avc:  denied  { search } for  comm="top" name="907" dev="proc" ino=275420 scontext=u:r:system_app:s0 tcontext=u:r:vendor_hal_qseecom_default:s0 tclass=dir permissive=1
[  196.082747] type=1400 audit(1785263443.424:15325): avc:  denied  { open } for  comm="top" path="/proc/1455/stat" dev="proc" ino=282687 scontext=u:r:system_app:s0 tcontext=u:r:vendor_hal_spu_qti:s0 tclass=file permissive=1
[  196.103790] type=1400 audit(1785263443.444:15326): avc:  denied  { read } for  comm="cat" name="gpuclk" dev="sysfs" ino=124210 scontext=u:r:xsud:s0 tcontext=u:object_r:vendor_sysfs_kgsl_gpuclk:s0 tclass=file permissive=1
[  196.135939] init: Control message: Could not find 'vendor.qti.diaghal@1.0::Idiag/default' for ctl.interface_start from pid: 754 (/system/bin/hwservicemanager)
[  196.554492] audit: audit_lost=14416 audit_rate_limit=5 audit_backlog_limit=64
[  196.554497] audit: rate limit exceeded
[  197.136790] init: Control message: Could not find 'vendor.qti.diaghal@1.0::Idiag/default' for ctl.interface_start from pid: 754 (/system/bin/hwservicemanager)
[  197.583812] audit: audit_lost=14439 audit_rate_limit=5 audit_backlog_limit=64
[  197.583817] audit: rate limit exceeded
[  198.137675] init: Control message: Could not find 'vendor.qti.diaghal@1.0::Idiag/default' for ctl.interface_start from pid: 754 (/system/bin/hwservicemanager)
[  198.819205] audit: audit_lost=14473 audit_rate_limit=5 audit_backlog_limit=64
[  198.819209] audit: rate limit exceeded
[  199.139173] init: Control message: Could not find 'vendor.qti.diaghal@1.0::Idiag/default' for ctl.interface_start from pid: 754 (/system/bin/hwservicemanager)
[  199.824085] audit: audit_lost=14494 audit_rate_limit=5 audit_backlog_limit=64
[  199.824091] audit: rate limit exceeded
[  200.142842] init: Control message: Could not find 'vendor.qti.diaghal@1.0::Idiag/default' for ctl.interface_start from pid: 754 (/system/bin/hwservicemanager)
[  200.733744] gen7_err_callback: 2246 callbacks suppressed
[  200.733762] kgsl kgsl-3d0: CP: AHB bus error, CP_RL_ERROR_DETAILS_0:0x10008e07 CP_RL_ERROR_DETAILS_1:0x12144
[  200.737427] kgsl kgsl-3d0: CP: AHB bus error, CP_RL_ERROR_DETAILS_0:0x10008e07 CP_RL_ERROR_DETAILS_1:0x12144
[  200.744890] kgsl kgsl-3d0: CP: AHB bus error, CP_RL_ERROR_DETAILS_0:0x10008e07 CP_RL_ERROR_DETAILS_1:0x12144
[  200.745336] kgsl kgsl-3d0: CP: AHB bus error, CP_RL_ERROR_DETAILS_0:0x10008e07 CP_RL_ERROR_DETAILS_1:0x12144
[  200.745358] kgsl kgsl-3d0: CP: AHB bus error, CP_RL_ERROR_DETAILS_0:0x10008e07 CP_RL_ERROR_DETAILS_1:0x12144
[  200.749419] kgsl kgsl-3d0: CP: AHB bus error, CP_RL_ERROR_DETAILS_0:0x10008e07 CP_RL_ERROR_DETAILS_1:0x12144
[  200.749452] kgsl kgsl-3d0: CP: AHB bus error, CP_RL_ERROR_DETAILS_0:0x10008e07 CP_RL_ERROR_DETAILS_1:0x12144
[  200.751627] kgsl kgsl-3d0: CP: AHB bus error, CP_RL_ERROR_DETAILS_0:0x10008e07 CP_RL_ERROR_DETAILS_1:0x12144
[  200.751649] kgsl kgsl-3d0: CP: AHB bus error, CP_RL_ERROR_DETAILS_0:0x10008e07 CP_RL_ERROR_DETAILS_1:0x12144
[  200.754105] kgsl kgsl-3d0: CP: AHB bus error, CP_RL_ERROR_DETAILS_0:0x10008e07 CP_RL_ERROR_DETAILS_1:0x12144
[  200.834267] type=1400 audit(1785263448.176:15457): avc:  denied  { read } for  comm="top" scontext=u:r:system_app:s0 tcontext=u:r:vendor_hal_keymint_spu_qti:s0 tclass=file permissive=1
[  200.835616] type=1400 audit(1785263448.176:15458): avc:  denied  { open } for  comm="top" path="/proc/1073/stat" dev="proc" ino=282659 scontext=u:r:system_app:s0 tcontext=u:r:vendor_hal_keymint_spu_qti:s0 tclass=file permissive=1
[  200.836389] type=1400 audit(1785263448.180:15459): avc:  denied  { getattr } for  comm="top" path="/proc/1473" dev="proc" ino=275435 scontext=u:r:system_app:s0 tcontext=u:r:vendor_qesdsect:s0 tclass=dir permissive=1
[  200.836442] audit: audit_lost=14528 audit_rate_limit=5 audit_backlog_limit=64
[  200.836446] audit: rate limit exceeded
[  200.836559] type=1400 audit(1785263448.180:15460): avc:  denied  { search } for  comm="top" name="1473" dev="proc" ino=275435 scontext=u:r:system_app:s0 tcontext=u:r:vendor_qesdsect:s0 tclass=dir permissive=1
[  200.836686] type=1400 audit(1785263448.180:15461): avc:  denied  { getattr } for  comm="top" path="/proc/1479" dev="proc" ino=275436 scontext=u:r:system_app:s0 tcontext=u:r:hal_fingerprint_default:s0 tclass=dir permissive=1
[  201.148285] init: Control message: Could not find 'vendor.qti.diaghal@1.0::Idiag/default' for ctl.interface_start from pid: 754 (/system/bin/hwservicemanager)
[  202.069917] type=1400 audit(1785263449.412:15471): avc:  denied  { read } for  comm="top" scontext=u:r:system_app:s0 tcontext=u:r:hal_allocator_default:s0 tclass=file permissive=1
[  202.070110] type=1400 audit(1785263449.412:15472): avc:  denied  { read } for  comm="top" scontext=u:r:system_app:s0 tcontext=u:r:vendor_hal_qspmhal_default:s0 tclass=file permissive=1
[  202.070273] type=1400 audit(1785263449.412:15473): avc:  denied  { read } for  comm="top" scontext=u:r:system_app:s0 tcontext=u:r:hal_tsnv_default:s0 tclass=file permissive=1
[  202.070326] type=1400 audit(1785263449.412:15474): avc:  denied  { read } for  comm="top" scontext=u:r:system_app:s0 tcontext=u:r:vendor_perfservice:s0 tclass=file permissive=1
[  202.071113] type=1400 audit(1785263449.412:15475): avc:  denied  { open } for  comm="top" path="/proc/1354/stat" dev="proc" ino=282663 scontext=u:r:system_app:s0 tcontext=u:r:hal_allocator_default:s0 tclass=file permissive=1
[  202.071320] audit: audit_lost=14537 audit_rate_limit=5 audit_backlog_limit=64
[  202.071323] audit: rate limit exceeded
[  202.150650] init: Control message: Could not find 'vendor.qti.diaghal@1.0::Idiag/default' for ctl.interface_start from pid: 754 (/system/bin/hwservicemanager)
[  203.153290] init: Control message: Could not find 'vendor.qti.diaghal@1.0::Idiag/default' for ctl.interface_start from pid: 754 (/system/bin/hwservicemanager)
[  204.154375] init: Control message: Could not find 'vendor.qti.diaghal@1.0::Idiag/default' for ctl.interface_start from pid: 754 (/system/bin/hwservicemanager)
[  204.817162] audit: audit_lost=14544 audit_rate_limit=5 audit_backlog_limit=64
[  204.817167] audit: rate limit exceeded
[  205.155870] init: Control message: Could not find 'vendor.qti.diaghal@1.0::Idiag/default' for ctl.interface_start from pid: 754 (/system/bin/hwservicemanager)
[  205.735909] gen7_err_callback: 2306 callbacks suppressed
[  205.735920] kgsl kgsl-3d0: CP: AHB bus error, CP_RL_ERROR_DETAILS_0:0x10008e07 CP_RL_ERROR_DETAILS_1:0x12144
[  205.735941] kgsl kgsl-3d0: CP: AHB bus error, CP_RL_ERROR_DETAILS_0:0x10008e07 CP_RL_ERROR_DETAILS_1:0x12144
[  205.739739] kgsl kgsl-3d0: CP: AHB bus error, CP_RL_ERROR_DETAILS_0:0x10008e07 CP_RL_ERROR_DETAILS_1:0x12144
[  205.741680] kgsl kgsl-3d0: CP: AHB bus error, CP_RL_ERROR_DETAILS_0:0x10008e07 CP_RL_ERROR_DETAILS_1:0x12144
[  205.741727] kgsl kgsl-3d0: CP: AHB bus error, CP_RL_ERROR_DETAILS_0:0x10008e07 CP_RL_ERROR_DETAILS_1:0x12144
[  205.745797] kgsl kgsl-3d0: CP: AHB bus error, CP_RL_ERROR_DETAILS_0:0x10008e07 CP_RL_ERROR_DETAILS_1:0x12144
[  205.747057] kgsl kgsl-3d0: CP: AHB bus error, CP_RL_ERROR_DETAILS_0:0x10008e07 CP_RL_ERROR_DETAILS_1:0x12144
[  205.747080] kgsl kgsl-3d0: CP: AHB bus error, CP_RL_ERROR_DETAILS_0:0x10008e07 CP_RL_ERROR_DETAILS_1:0x12144
[  205.752380] kgsl kgsl-3d0: CP: AHB bus error, CP_RL_ERROR_DETAILS_0:0x10008e07 CP_RL_ERROR_DETAILS_1:0x12144
[  205.752409] kgsl kgsl-3d0: CP: AHB bus error, CP_RL_ERROR_DETAILS_0:0x10008e07 CP_RL_ERROR_DETAILS_1:0x12144
[  206.156347] init: Control message: Could not find 'vendor.qti.diaghal@1.0::Idiag/default' for ctl.interface_start from pid: 754 (/system/bin/hwservicemanager)
[  206.834033] type=1400 audit(1785263454.176:15497): avc:  denied  { getattr } for  comm="top" path="/proc/1447" dev="proc" ino=275428 scontext=u:r:system_app:s0 tcontext=u:r:vendor_hal_usb_qti:s0 tclass=dir permissive=1
[  206.834215] type=1400 audit(1785263454.176:15498): avc:  denied  { search } for  comm="top" name="1447" dev="proc" ino=275428 scontext=u:r:system_app:s0 tcontext=u:r:vendor_hal_usb_qti:s0 tclass=dir permissive=1
[  207.157487] init: Control message: Could not find 'vendor.qti.diaghal@1.0::Idiag/default' for ctl.interface_start from pid: 754 (/system/bin/hwservicemanager)
[  208.159347] init: Control message: Could not find 'vendor.qti.diaghal@1.0::Idiag/default' for ctl.interface_start from pid: 754 (/system/bin/hwservicemanager)
[  209.079959] type=1400 audit(1785263456.424:15499): avc:  denied  { search } for  comm="sh" name="0" dev="tmpfs" ino=12 scontext=u:r:xsud:s0 tcontext=u:object_r:mnt_user_file:s0 tclass=dir permissive=1
[  209.165034] init: Control message: Could not find 'vendor.qti.diaghal@1.0::Idiag/default' for ctl.interface_start from pid: 754 (/system/bin/hwservicemanager)
[  209.174082] type=1400 audit(1785263456.516:15500): avc:  denied  { write } for  comm="sh" name="pwm1" dev="sysfs" ino=115174 scontext=u:r:xsud:s0 tcontext=u:object_r:sysfs:s0 tclass=file permissive=1
[  209.174291] type=1400 audit(1785263456.516:15501): avc:  denied  { open } for  comm="sh" path="/sys/devices/platform/soc/soc:pwm-fan/hwmon/hwmon0/pwm1" dev="sysfs" ino=115174 scontext=u:r:xsud:s0 tcontext=u:object_r:sysfs:s0 tclass=file permissive=1
[  210.162784] init: Control message: Could not find 'vendor.qti.diaghal@1.0::Idiag/default' for ctl.interface_start from pid: 754 (/system/bin/hwservicemanager)
[  210.740309] gen7_err_callback: 2451 callbacks suppressed
[  210.740321] kgsl kgsl-3d0: CP: AHB bus error, CP_RL_ERROR_DETAILS_0:0x10008e07 CP_RL_ERROR_DETAILS_1:0x12144
[  210.740341] kgsl kgsl-3d0: CP: AHB bus error, CP_RL_ERROR_DETAILS_0:0x10008e07 CP_RL_ERROR_DETAILS_1:0x12144
[  210.744807] kgsl kgsl-3d0: CP: AHB bus error, CP_RL_ERROR_DETAILS_0:0x10008e07 CP_RL_ERROR_DETAILS_1:0x12144
[  210.745236] kgsl kgsl-3d0: CP: AHB bus error, CP_RL_ERROR_DETAILS_0:0x10008e07 CP_RL_ERROR_DETAILS_1:0x12144
[  210.745256] kgsl kgsl-3d0: CP: AHB bus error, CP_RL_ERROR_DETAILS_0:0x10008e07 CP_RL_ERROR_DETAILS_1:0x12144
[  210.748621] kgsl kgsl-3d0: CP: AHB bus error, CP_RL_ERROR_DETAILS_0:0x10008e07 CP_RL_ERROR_DETAILS_1:0x12144
[  210.748646] kgsl kgsl-3d0: CP: AHB bus error, CP_RL_ERROR_DETAILS_0:0x10008e07 CP_RL_ERROR_DETAILS_1:0x12144
[  210.752642] kgsl kgsl-3d0: CP: AHB bus error, CP_RL_ERROR_DETAILS_0:0x10008e07 CP_RL_ERROR_DETAILS_1:0x12144
[  210.752665] kgsl kgsl-3d0: CP: AHB bus error, CP_RL_ERROR_DETAILS_0:0x10008e07 CP_RL_ERROR_DETAILS_1:0x12144
[  210.756111] kgsl kgsl-3d0: CP: AHB bus error, CP_RL_ERROR_DETAILS_0:0x10008e07 CP_RL_ERROR_DETAILS_1:0x12144
[  210.811508] type=1400 audit(1785263458.152:15502): avc:  denied  { read } for  comm="top" scontext=u:r:system_app:s0 tcontext=u:r:vendor_hal_usb_qti:s0 tclass=file permissive=1
[  210.811746] type=1400 audit(1785263458.152:15503): avc:  denied  { read } for  comm="top" scontext=u:r:system_app:s0 tcontext=u:r:vendor_perf_qesdk:s0 tclass=file permissive=1
[  210.813785] type=1400 audit(1785263458.156:15504): avc:  denied  { getattr } for  comm="top" path="/proc/1380" dev="proc" ino=275425 scontext=u:r:system_app:s0 tcontext=u:r:vendor_hal_identity_qti:s0 tclass=dir permissive=1
[  210.814081] type=1400 audit(1785263458.156:15505): avc:  denied  { search } for  comm="top" name="1380" dev="proc" ino=275425 scontext=u:r:system_app:s0 tcontext=u:r:vendor_hal_identity_qti:s0 tclass=dir permissive=1
[  210.814212] type=1400 audit(1785263458.156:15506): avc:  denied  { open } for  comm="top" path="/proc/1447/stat" dev="proc" ino=282679 scontext=u:r:system_app:s0 tcontext=u:r:vendor_hal_usb_qti:s0 tclass=file permissive=1
[  210.815035] audit: audit_lost=14548 audit_rate_limit=5 audit_backlog_limit=64
[  210.815038] audit: rate limit exceeded
[  211.165385] init: Control message: Could not find 'vendor.qti.diaghal@1.0::Idiag/default' for ctl.interface_start from pid: 754 (/system/bin/hwservicemanager)
[  211.815805] audit: audit_lost=14556 audit_rate_limit=5 audit_backlog_limit=64
[  211.815811] audit: rate limit exceeded
[  212.169365] init: Control message: Could not find 'vendor.qti.diaghal@1.0::Idiag/default' for ctl.interface_start from pid: 754 (/system/bin/hwservicemanager)
[  212.832060] type=1400 audit(1785263460.176:15525): avc:  denied  { read } for  comm="top" scontext=u:r:system_app:s0 tcontext=u:r:vendor_hal_poweroptservice_qti:s0 tclass=file permissive=1
[  212.832833] type=1400 audit(1785263460.176:15526): avc:  denied  { getattr } for  comm="top" path="/proc/905" dev="proc" ino=275419 scontext=u:r:system_app:s0 tcontext=u:r:vendor_hal_keymint_qti:s0 tclass=dir permissive=1
[  212.833046] type=1400 audit(1785263460.176:15527): avc:  denied  { search } for  comm="top" name="905" dev="proc" ino=275419 scontext=u:r:system_app:s0 tcontext=u:r:vendor_hal_keymint_qti:s0 tclass=dir permissive=1
[  212.833644] type=1400 audit(1785263460.176:15528): avc:  denied  { open } for  comm="top" path="/proc/1466/stat" dev="proc" ino=282699 scontext=u:r:system_app:s0 tcontext=u:r:vendor_hal_poweroptservice_qti:s0 tclass=file permissive=1
[  212.835311] audit: audit_lost=14561 audit_rate_limit=5 audit_backlog_limit=64
[  212.835314] audit: rate limit exceeded
[  212.835633] type=1400 audit(1785263460.176:15529): avc:  denied  { read } for  comm="top" name="stat" dev="proc" ino=4026532011 scontext=u:r:system_app:s0 tcontext=u:object_r:proc_stat:s0 tclass=file permissive=1
[  213.238175] servicemanager: Found vendor.qti.hardware.perf2.IPerf/default in device VINTF manifest.
[  213.249876] init: Control message: Could not find 'vendor.qti.diaghal@1.0::Idiag/default' for ctl.interface_start from pid: 754 (/system/bin/hwservicemanager)
[  213.252140] init: Control message: Could not find 'vendor.qti.diaghal@1.0::Idiag/default' for ctl.interface_start from pid: 754 (/system/bin/hwservicemanager)
[  214.067983] type=1400 audit(1785263461.408:15711): avc:  denied  { read } for  comm="top" scontext=u:r:system_app:s0 tcontext=u:r:vendor_hal_identity_qti:s0 tclass=file permissive=1
[  214.068273] audit: audit_lost=14742 audit_rate_limit=5 audit_backlog_limit=64
[  214.068276] audit: rate limit exceeded
[  214.069552] type=1400 audit(1785263461.408:15712): avc:  denied  { read } for  comm="top" scontext=u:r:system_app:s0 tcontext=u:r:hal_ir_default:s0 tclass=file permissive=1
[  214.069731] type=1400 audit(1785263461.412:15713): avc:  denied  { open } for  comm="top" path="/proc/1380/stat" dev="proc" ino=282667 scontext=u:r:system_app:s0 tcontext=u:r:vendor_hal_identity_qti:s0 tclass=file permissive=1
[  214.069868] type=1400 audit(1785263461.412:15714): avc:  denied  { open } for  comm="top" path="/proc/1386/stat" dev="proc" ino=282671 scontext=u:r:system_app:s0 tcontext=u:r:hal_ir_default:s0 tclass=file permissive=1
[  214.070002] type=1400 audit(1785263461.412:15715): avc:  denied  { getattr } for  comm="top" path="/proc/1417" dev="proc" ino=275427 scontext=u:r:system_app:s0 tcontext=u:r:hal_power_default:s0 tclass=dir permissive=1
[  214.253357] init: Control message: Could not find 'vendor.qti.diaghal@1.0::Idiag/default' for ctl.interface_start from pid: 754 (/system/bin/hwservicemanager)
[  215.255242] init: Control message: Could not find 'vendor.qti.diaghal@1.0::Idiag/default' for ctl.interface_start from pid: 754 (/system/bin/hwservicemanager)
[  215.454181] audit: audit_lost=14768 audit_rate_limit=5 audit_backlog_limit=64
[  215.454186] audit: rate limit exceeded
[  215.744880] gen7_err_callback: 2318 callbacks suppressed
[  215.744892] kgsl kgsl-3d0: CP: AHB bus error, CP_RL_ERROR_DETAILS_0:0x10008e07 CP_RL_ERROR_DETAILS_1:0x12144
[  215.744913] kgsl kgsl-3d0: CP: AHB bus error, CP_RL_ERROR_DETAILS_0:0x10008e07 CP_RL_ERROR_DETAILS_1:0x12144
[  215.750323] kgsl kgsl-3d0: CP: AHB bus error, CP_RL_ERROR_DETAILS_0:0x10008e07 CP_RL_ERROR_DETAILS_1:0x12144
[  215.750346] kgsl kgsl-3d0: CP: AHB bus error, CP_RL_ERROR_DETAILS_0:0x10008e07 CP_RL_ERROR_DETAILS_1:0x12144
[  215.755167] kgsl kgsl-3d0: CP: AHB bus error, CP_RL_ERROR_DETAILS_0:0x10008e07 CP_RL_ERROR_DETAILS_1:0x12144
[  215.755490] kgsl kgsl-3d0: CP: AHB bus error, CP_RL_ERROR_DETAILS_0:0x10008e07 CP_RL_ERROR_DETAILS_1:0x12144
[  215.755517] kgsl kgsl-3d0: CP: AHB bus error, CP_RL_ERROR_DETAILS_0:0x10008e07 CP_RL_ERROR_DETAILS_1:0x12144
[  215.755546] kgsl kgsl-3d0: CP: AHB bus error, CP_RL_ERROR_DETAILS_0:0x10008e07 CP_RL_ERROR_DETAILS_1:0x12144
[  215.758853] kgsl kgsl-3d0: CP: AHB bus error, CP_RL_ERROR_DETAILS_0:0x10008e07 CP_RL_ERROR_DETAILS_1:0x12144
[  215.761189] kgsl kgsl-3d0: CP: AHB bus error, CP_RL_ERROR_DETAILS_0:0x10008e07 CP_RL_ERROR_DETAILS_1:0x12144
[  216.255378] init: Control message: Could not find 'vendor.qti.diaghal@1.0::Idiag/default' for ctl.interface_start from pid: 754 (/system/bin/hwservicemanager)
[  216.552053] hid_aya_haptic_play: enter
[  216.553074] hid_aya_haptic_play: enter
[  216.553657] aya_haptic 0003:4001:0428.0002: aya_haptic_hid_report_work: left 1, right 1
[  216.568345] hid_aya_haptic_play: enter
[  216.568896] hid_aya_haptic_play: enter
[  216.569034] aya_haptic 0003:4001:0428.0002: aya_haptic_hid_report_work: left 1, right 1
[  216.584625] hid_aya_haptic_play: enter
[  216.584933] aya_haptic 0003:4001:0428.0002: aya_haptic_hid_report_work: left 1, right 1
[  216.585281] hid_aya_haptic_play: enter
[  216.585639] aya_haptic 0003:4001:0428.0002: aya_haptic_hid_report_work: left 1, right 1
[  216.600324] hid_aya_haptic_play: enter
[  216.600578] aya_haptic 0003:4001:0428.0002: aya_haptic_hid_report_work: left 4, right 4
[  216.600852] hid_aya_haptic_play: enter
[  216.601672] aya_haptic 0003:4001:0428.0002: aya_haptic_hid_report_work: left 4, right 4
[  216.616246] hid_aya_haptic_play: enter
[  216.616929] hid_aya_haptic_play: enter
[  216.618461] aya_haptic 0003:4001:0428.0002: aya_haptic_hid_report_work: left 1, right 1
[  216.637268] hid_aya_haptic_play: enter
[  216.637753] hid_aya_haptic_play: enter
[  216.639868] aya_haptic 0003:4001:0428.0002: aya_haptic_hid_report_work: left 1, right 1
[  216.656158] hid_aya_haptic_play: enter
[  216.656884] hid_aya_haptic_play: enter
[  216.657078] aya_haptic 0003:4001:0428.0002: aya_haptic_hid_report_work: left 4, right 4
[  216.676520] hid_aya_haptic_play: enter
[  216.677089] hid_aya_haptic_play: enter
[  216.677300] aya_haptic 0003:4001:0428.0002: aya_haptic_hid_report_work: left 1, right 1
[  216.727468] hid_aya_haptic_play: enter
[  216.727603] aya_haptic 0003:4001:0428.0002: aya_haptic_hid_report_work: left 0, right 0
[  216.830900] audit: audit_lost=14794 audit_rate_limit=5 audit_backlog_limit=64
[  216.830911] audit: rate limit exceeded
[  217.257460] init: Control message: Could not find 'vendor.qti.diaghal@1.0::Idiag/default' for ctl.interface_start from pid: 754 (/system/bin/hwservicemanager)
[  218.064685] audit: audit_lost=14814 audit_rate_limit=5 audit_backlog_limit=64
[  218.064690] audit: rate limit exceeded
[  218.258454] init: Control message: Could not find 'vendor.qti.diaghal@1.0::Idiag/default' for ctl.interface_start from pid: 754 (/system/bin/hwservicemanager)
[  218.836041] type=1400 audit(1785263466.176:15820): avc:  denied  { read } for  comm="top" scontext=u:r:system_app:s0 tcontext=u:r:vendor_feature_enabler_client:s0 tclass=file permissive=1
[  218.836250] type=1400 audit(1785263466.180:15821): avc:  denied  { getattr } for  comm="top" path="/proc/754" dev="proc" ino=275417 scontext=u:r:system_app:s0 tcontext=u:r:hwservicemanager:s0 tclass=dir permissive=1
[  218.836321] type=1400 audit(1785263466.180:15822): avc:  denied  { search } for  comm="top" name="754" dev="proc" ino=275417 scontext=u:r:system_app:s0 tcontext=u:r:hwservicemanager:s0 tclass=dir permissive=1
[  218.836391] type=1400 audit(1785263466.180:15823): avc:  denied  { getattr } for  comm="top" path="/proc/756" dev="proc" ino=275418 scontext=u:r:system_app:s0 tcontext=u:r:vndservicemanager:s0 tclass=dir permissive=1
[  218.836461] type=1400 audit(1785263466.180:15824): avc:  denied  { search } for  comm="top" name="756" dev="proc" ino=275418 scontext=u:r:system_app:s0 tcontext=u:r:vndservicemanager:s0 tclass=dir permissive=1
[  219.089843] audit: audit_lost=14844 audit_rate_limit=5 audit_backlog_limit=64
[  219.089849] audit: rate limit exceeded
[  219.260840] init: Control message: Could not find 'vendor.qti.diaghal@1.0::Idiag/default' for ctl.interface_start from pid: 754 (/system/bin/hwservicemanager)
[  220.068058] type=1400 audit(1785263467.408:15862): avc:  denied  { read } for  comm="top" scontext=u:r:system_app:s0 tcontext=u:r:vendor_hal_srvctracker_default:s0 tclass=file permissive=1
[  220.068277] type=1400 audit(1785263467.408:15863): avc:  denied  { read } for  comm="top" scontext=u:r:system_app:s0 tcontext=u:r:vendor_hal_dpmQmiMgr:s0 tclass=file permissive=1
[  220.068379] type=1400 audit(1785263467.412:15864): avc:  denied  { getattr } for  comm="top" path="/proc/1495" dev="proc" ino=275438 scontext=u:r:system_app:s0 tcontext=u:r:hal_light_default:s0 tclass=dir permissive=1
[  220.068443] type=1400 audit(1785263467.412:15865): avc:  denied  { search } for  comm="top" name="1495" dev="proc" ino=275438 scontext=u:r:system_app:s0 tcontext=u:r:hal_light_default:s0 tclass=dir permissive=1
[  220.068506] type=1400 audit(1785263467.412:15866): avc:  denied  { open } for  comm="top" path="/proc/1521/stat" dev="proc" ino=282735 scontext=u:r:system_app:s0 tcontext=u:r:vendor_hal_srvctracker_default:s0 tclass=file permissive=1
[  220.262704] init: Control message: Could not find 'vendor.qti.diaghal@1.0::Idiag/default' for ctl.interface_start from pid: 754 (/system/bin/hwservicemanager)
[  220.747391] gen7_err_callback: 2308 callbacks suppressed
[  220.747411] kgsl kgsl-3d0: CP: AHB bus error, CP_RL_ERROR_DETAILS_0:0x10008e07 CP_RL_ERROR_DETAILS_1:0x12144
[  220.752947] kgsl kgsl-3d0: CP: AHB bus error, CP_RL_ERROR_DETAILS_0:0x10008e07 CP_RL_ERROR_DETAILS_1:0x12144
[  220.752973] kgsl kgsl-3d0: CP: AHB bus error, CP_RL_ERROR_DETAILS_0:0x10008e07 CP_RL_ERROR_DETAILS_1:0x12144
[  220.758974] kgsl kgsl-3d0: CP: AHB bus error, CP_RL_ERROR_DETAILS_0:0x10008e07 CP_RL_ERROR_DETAILS_1:0x12144
[  220.758999] kgsl kgsl-3d0: CP: AHB bus error, CP_RL_ERROR_DETAILS_0:0x10008e07 CP_RL_ERROR_DETAILS_1:0x12144
[  220.760586] kgsl kgsl-3d0: CP: AHB bus error, CP_RL_ERROR_DETAILS_0:0x10008e07 CP_RL_ERROR_DETAILS_1:0x12144
[  220.760607] kgsl kgsl-3d0: CP: AHB bus error, CP_RL_ERROR_DETAILS_0:0x10008e07 CP_RL_ERROR_DETAILS_1:0x12144
[  220.760638] kgsl kgsl-3d0: CP: AHB bus error, CP_RL_ERROR_DETAILS_0:0x10008e07 CP_RL_ERROR_DETAILS_1:0x12144
[  220.764833] kgsl kgsl-3d0: CP: AHB bus error, CP_RL_ERROR_DETAILS_0:0x10008e07 CP_RL_ERROR_DETAILS_1:0x12144
[  220.767008] kgsl kgsl-3d0: CP: AHB bus error, CP_RL_ERROR_DETAILS_0:0x10008e07 CP_RL_ERROR_DETAILS_1:0x12144
[  220.767182] audit: audit_lost=14869 audit_rate_limit=5 audit_backlog_limit=64
[  220.767189] audit: rate limit exceeded
[  221.271756] init: Control message: Could not find 'vendor.qti.diaghal@1.0::Idiag/default' for ctl.interface_start from pid: 754 (/system/bin/hwservicemanager)
[  222.273111] init: Control message: Could not find 'vendor.qti.diaghal@1.0::Idiag/default' for ctl.interface_start from pid: 754 (/system/bin/hwservicemanager)
[  222.425302] audit: audit_lost=14886 audit_rate_limit=5 audit_backlog_limit=64
[  222.425308] audit: rate limit exceeded
[  223.274275] init: Control message: Could not find 'vendor.qti.diaghal@1.0::Idiag/default' for ctl.interface_start from pid: 754 (/system/bin/hwservicemanager)
[  223.813324] audit: audit_lost=14896 audit_rate_limit=5 audit_backlog_limit=64
[  223.813330] audit: rate limit exceeded
[  224.276300] init: Control message: Could not find 'vendor.qti.diaghal@1.0::Idiag/default' for ctl.interface_start from pid: 754 (/system/bin/hwservicemanager)
[  224.824033] type=1400 audit(1785263472.168:15922): avc:  denied  { read } for  comm="top" scontext=u:r:system_app:s0 tcontext=u:r:vendor_hal_qspmhal_default:s0 tclass=file permissive=1
[  224.826389] type=1400 audit(1785263472.168:15923): avc:  denied  { getattr } for  comm="top" path="/proc/1466" dev="proc" ino=275433 scontext=u:r:system_app:s0 tcontext=u:r:vendor_hal_poweroptservice_qti:s0 tclass=dir permissive=1
[  224.826541] type=1400 audit(1785263472.168:15924): avc:  denied  { search } for  comm="top" name="1466" dev="proc" ino=275433 scontext=u:r:system_app:s0 tcontext=u:r:vendor_hal_poweroptservice_qti:s0 tclass=dir permissive=1
[  224.827598] type=1400 audit(1785263472.168:15925): avc:  denied  { open } for  comm="top" path="/proc/1548/stat" dev="proc" ino=282751 scontext=u:r:system_app:s0 tcontext=u:r:vendor_hal_qspmhal_default:s0 tclass=file permissive=1
[  224.827725] audit: audit_lost=14908 audit_rate_limit=5 audit_backlog_limit=64
[  224.827730] audit: rate limit exceeded
[  224.827891] type=1400 audit(1785263472.172:15926): avc:  denied  { getattr } for  comm="top" path="/proc/1641" dev="proc" ino=275448 scontext=u:r:system_app:s0 tcontext=u:r:vendor_qwesd:s0 tclass=dir permissive=1
[  225.277780] init: Control message: Could not find 'vendor.qti.diaghal@1.0::Idiag/default' for ctl.interface_start from pid: 754 (/system/bin/hwservicemanager)
[  225.754207] gen7_err_callback: 2012 callbacks suppressed
[  225.754226] kgsl kgsl-3d0: CP: AHB bus error, CP_RL_ERROR_DETAILS_0:0x10008e07 CP_RL_ERROR_DETAILS_1:0x12144
[  225.754251] kgsl kgsl-3d0: CP: AHB bus error, CP_RL_ERROR_DETAILS_0:0x10008e07 CP_RL_ERROR_DETAILS_1:0x12144
[  225.762366] kgsl kgsl-3d0: CP: AHB bus error, CP_RL_ERROR_DETAILS_0:0x10008e07 CP_RL_ERROR_DETAILS_1:0x12144
[  225.762848] kgsl kgsl-3d0: CP: AHB bus error, CP_RL_ERROR_DETAILS_0:0x10008e07 CP_RL_ERROR_DETAILS_1:0x12144
[  225.765313] kgsl kgsl-3d0: CP: AHB bus error, CP_RL_ERROR_DETAILS_0:0x10008e07 CP_RL_ERROR_DETAILS_1:0x12144
[  225.765336] kgsl kgsl-3d0: CP: AHB bus error, CP_RL_ERROR_DETAILS_0:0x10008e07 CP_RL_ERROR_DETAILS_1:0x12144
[  225.772610] kgsl kgsl-3d0: CP: AHB bus error, CP_RL_ERROR_DETAILS_0:0x10008e07 CP_RL_ERROR_DETAILS_1:0x12144
[  225.781295] kgsl kgsl-3d0: CP: AHB bus error, CP_RL_ERROR_DETAILS_0:0x10008e07 CP_RL_ERROR_DETAILS_1:0x12144
[  225.781743] kgsl kgsl-3d0: CP: AHB bus error, CP_RL_ERROR_DETAILS_0:0x10008e07 CP_RL_ERROR_DETAILS_1:0x12144
[  225.781765] kgsl kgsl-3d0: CP: AHB bus error, CP_RL_ERROR_DETAILS_0:0x10008e07 CP_RL_ERROR_DETAILS_1:0x12144
[  226.278234] init: Control message: Could not find 'vendor.qti.diaghal@1.0::Idiag/default' for ctl.interface_start from pid: 754 (/system/bin/hwservicemanager)
[  226.804033] type=1400 audit(1785263474.148:15931): avc:  denied  { read } for  comm="top" scontext=u:r:system_app:s0 tcontext=u:r:vendor_hal_identity_qti:s0 tclass=file permissive=1
[  226.804144] type=1400 audit(1785263474.148:15932): avc:  denied  { read } for  comm="top" scontext=u:r:system_app:s0 tcontext=u:r:hal_ir_default:s0 tclass=file permissive=1
[  226.804498] type=1400 audit(1785263474.148:15933): avc:  denied  { read } for  comm="top" scontext=u:r:system_app:s0 tcontext=u:r:vendor_qspmsvc:s0 tclass=file permissive=1
[  226.805557] type=1400 audit(1785263474.148:15934): avc:  denied  { open } for  comm="top" path="/proc/1380/stat" dev="proc" ino=282667 scontext=u:r:system_app:s0 tcontext=u:r:vendor_hal_identity_qti:s0 tclass=file permissive=1
[  226.805662] type=1400 audit(1785263474.148:15935): avc:  denied  { open } for  comm="top" path="/proc/1386/stat" dev="proc" ino=282671 scontext=u:r:system_app:s0 tcontext=u:r:hal_ir_default:s0 tclass=file permissive=1
[  226.805736] audit: audit_lost=14912 audit_rate_limit=5 audit_backlog_limit=64
[  226.805742] audit: rate limit exceeded
[  227.279513] init: Control message: Could not find 'vendor.qti.diaghal@1.0::Idiag/default' for ctl.interface_start from pid: 754 (/system/bin/hwservicemanager)
[  228.286730] init: Control message: Could not find 'vendor.qti.diaghal@1.0::Idiag/default' for ctl.interface_start from pid: 754 (/system/bin/hwservicemanager)
[  229.287986] init: Control message: Could not find 'vendor.qti.diaghal@1.0::Idiag/default' for ctl.interface_start from pid: 754 (/system/bin/hwservicemanager)
[  229.809851] audit: audit_lost=14918 audit_rate_limit=5 audit_backlog_limit=64
[  229.809857] audit: rate limit exceeded
[  230.292476] init: Control message: Could not find 'vendor.qti.diaghal@1.0::Idiag/default' for ctl.interface_start from pid: 754 (/system/bin/hwservicemanager)
[  230.756404] gen7_err_callback: 2265 callbacks suppressed
[  230.756417] kgsl kgsl-3d0: CP: AHB bus error, CP_RL_ERROR_DETAILS_0:0x10008e07 CP_RL_ERROR_DETAILS_1:0x12144
[  230.756440] kgsl kgsl-3d0: CP: AHB bus error, CP_RL_ERROR_DETAILS_0:0x10008e07 CP_RL_ERROR_DETAILS_1:0x12144
[  230.760501] kgsl kgsl-3d0: CP: AHB bus error, CP_RL_ERROR_DETAILS_0:0x10008e07 CP_RL_ERROR_DETAILS_1:0x12144
[  230.760524] kgsl kgsl-3d0: CP: AHB bus error, CP_RL_ERROR_DETAILS_0:0x10008e07 CP_RL_ERROR_DETAILS_1:0x12144
[  230.760540] kgsl kgsl-3d0: CP: AHB bus error, CP_RL_ERROR_DETAILS_0:0x10008e07 CP_RL_ERROR_DETAILS_1:0x12144
[  230.760556] kgsl kgsl-3d0: CP: AHB bus error, CP_RL_ERROR_DETAILS_0:0x10008e07 CP_RL_ERROR_DETAILS_1:0x12144
[  230.763907] kgsl kgsl-3d0: CP: AHB bus error, CP_RL_ERROR_DETAILS_0:0x10008e07 CP_RL_ERROR_DETAILS_1:0x12144
[  230.767234] kgsl kgsl-3d0: CP: AHB bus error, CP_RL_ERROR_DETAILS_0:0x10008e07 CP_RL_ERROR_DETAILS_1:0x12144
[  230.767284] kgsl kgsl-3d0: CP: AHB bus error, CP_RL_ERROR_DETAILS_0:0x10008e07 CP_RL_ERROR_DETAILS_1:0x12144
[  230.772289] kgsl kgsl-3d0: CP: AHB bus error, CP_RL_ERROR_DETAILS_0:0x10008e07 CP_RL_ERROR_DETAILS_1:0x12144
[  230.813125] type=1400 audit(1785263478.156:15968): avc:  denied  { read } for  comm="top" scontext=u:r:system_app:s0 tcontext=u:r:vendor_hal_poweroptservice_qti:s0 tclass=file permissive=1
[  230.813940] type=1400 audit(1785263478.156:15969): avc:  denied  { getattr } for  comm="top" path="/proc/905" dev="proc" ino=275419 scontext=u:r:system_app:s0 tcontext=u:r:vendor_hal_keymint_qti:s0 tclass=dir permissive=1
[  230.814018] type=1400 audit(1785263478.156:15970): avc:  denied  { search } for  comm="top" name="905" dev="proc" ino=275419 scontext=u:r:system_app:s0 tcontext=u:r:vendor_hal_keymint_qti:s0 tclass=dir permissive=1
[  230.815322] type=1400 audit(1785263478.156:15971): avc:  denied  { open } for  comm="top" path="/proc/1466/stat" dev="proc" ino=282699 scontext=u:r:system_app:s0 tcontext=u:r:vendor_hal_poweroptservice_qti:s0 tclass=file permissive=1
[  230.815737] audit: audit_lost=14934 audit_rate_limit=5 audit_backlog_limit=64
[  230.815741] audit: rate limit exceeded
[  230.815951] type=1400 audit(1785263478.160:15972): avc:  denied  { getattr } for  comm="top" path="/proc/1554" dev="proc" ino=275447 scontext=u:r:system_app:s0 tcontext=u:r:hal_tsnv_default:s0 tclass=dir permissive=1
[  231.293264] init: Control message: Could not find 'vendor.qti.diaghal@1.0::Idiag/default' for ctl.interface_start from pid: 754 (/system/bin/hwservicemanager)
[  232.296035] init: Control message: Could not find 'vendor.qti.diaghal@1.0::Idiag/default' for ctl.interface_start from pid: 754 (/system/bin/hwservicemanager)
[  232.800023] type=1400 audit(1785263480.140:15988): avc:  denied  { read } for  comm="top" scontext=u:r:system_app:s0 tcontext=u:r:hal_fingerprint_default:s0 tclass=file permissive=1
[  232.800139] type=1400 audit(1785263480.140:15989): avc:  denied  { read } for  comm="top" scontext=u:r:system_app:s0 tcontext=u:r:vendor_hal_capabilityconfigstore_qti_default:s0 tclass=file permissive=1
[  232.801713] type=1400 audit(1785263480.144:15990): avc:  denied  { getattr } for  comm="top" path="/proc/1073" dev="proc" ino=275423 scontext=u:r:system_app:s0 tcontext=u:r:vendor_hal_keymint_spu_qti:s0 tclass=dir permissive=1
[  232.801809] type=1400 audit(1785263480.144:15991): avc:  denied  { search } for  comm="top" name="1073" dev="proc" ino=275423 scontext=u:r:system_app:s0 tcontext=u:r:vendor_hal_keymint_spu_qti:s0 tclass=dir permissive=1
[  232.802804] audit: audit_lost=14949 audit_rate_limit=5 audit_backlog_limit=64
[  232.802808] audit: rate limit exceeded
[  232.804368] type=1400 audit(1785263480.144:15992): avc:  denied  { open } for  comm="top" path="/proc/1479/stat" dev="proc" ino=282711 scontext=u:r:system_app:s0 tcontext=u:r:hal_fingerprint_default:s0 tclass=file permissive=1
[  233.369193] servicemanager: Found vendor.qti.hardware.perf2.IPerf/default in device VINTF manifest.
[  233.378749] init: Control message: Could not find 'vendor.qti.diaghal@1.0::Idiag/default' for ctl.interface_start from pid: 754 (/system/bin/hwservicemanager)
[  233.380939] init: Control message: Could not find 'vendor.qti.diaghal@1.0::Idiag/default' for ctl.interface_start from pid: 754 (/system/bin/hwservicemanager)
[  233.803468] audit: audit_lost=14980 audit_rate_limit=5 audit_backlog_limit=64
[  233.803475] audit: rate limit exceeded
[  234.386217] init: Control message: Could not find 'vendor.qti.diaghal@1.0::Idiag/default' for ctl.interface_start from pid: 754 (/system/bin/hwservicemanager)
[  234.816159] audit: audit_lost=15167 audit_rate_limit=5 audit_backlog_limit=64
[  234.816165] audit: rate limit exceeded
[  234.937881] hid_aya_haptic_play: enter
[  234.938347] aya_haptic 0003:4001:0428.0002: aya_haptic_hid_report_work: left 13, right 13
[  234.938654] hid_aya_haptic_play: enter
[  234.938827] aya_haptic 0003:4001:0428.0002: aya_haptic_hid_report_work: left 18, right 18
[  234.956673] hid_aya_haptic_play: enter
[  234.956864] aya_haptic 0003:4001:0428.0002: aya_haptic_hid_report_work: left 1, right 1
[  234.957249] hid_aya_haptic_play: enter
[  234.957838] aya_haptic 0003:4001:0428.0002: aya_haptic_hid_report_work: left 1, right 1
[  235.007423] hid_aya_haptic_play: enter
[  235.007459] aya_haptic 0003:4001:0428.0002: aya_haptic_hid_report_work: left 0, right 0
[  235.364686] hid_aya_haptic_play: enter
[  235.364979] aya_haptic 0003:4001:0428.0002: aya_haptic_hid_report_work: left 1, right 1
[  235.365262] hid_aya_haptic_play: enter
[  235.366075] aya_haptic 0003:4001:0428.0002: aya_haptic_hid_report_work: left 1, right 1
[  235.380818] hid_aya_haptic_play: enter
[  235.381141] aya_haptic 0003:4001:0428.0002: aya_haptic_hid_report_work: left 1, right 1
[  235.381662] hid_aya_haptic_play: enter
[  235.381802] aya_haptic 0003:4001:0428.0002: aya_haptic_hid_report_work: left 1, right 1
[  235.386862] init: Control message: Could not find 'vendor.qti.diaghal@1.0::Idiag/default' for ctl.interface_start from pid: 754 (/system/bin/hwservicemanager)
[  235.431432] hid_aya_haptic_play: enter
[  235.431485] aya_haptic 0003:4001:0428.0002: aya_haptic_hid_report_work: left 0, right 0
[  235.762257] gen7_err_callback: 2182 callbacks suppressed
[  235.762280] kgsl kgsl-3d0: CP: AHB bus error, CP_RL_ERROR_DETAILS_0:0x10008e07 CP_RL_ERROR_DETAILS_1:0x12144
[  235.765496] kgsl kgsl-3d0: CP: AHB bus error, CP_RL_ERROR_DETAILS_0:0x10008e07 CP_RL_ERROR_DETAILS_1:0x12144
[  235.772295] kgsl kgsl-3d0: CP: AHB bus error, CP_RL_ERROR_DETAILS_0:0x10008e07 CP_RL_ERROR_DETAILS_1:0x12144
[  235.772331] kgsl kgsl-3d0: CP: AHB bus error, CP_RL_ERROR_DETAILS_0:0x10008e07 CP_RL_ERROR_DETAILS_1:0x12144
[  235.772361] kgsl kgsl-3d0: CP: AHB bus error, CP_RL_ERROR_DETAILS_0:0x10008e07 CP_RL_ERROR_DETAILS_1:0x12144
[  235.777370] kgsl kgsl-3d0: CP: AHB bus error, CP_RL_ERROR_DETAILS_0:0x10008e07 CP_RL_ERROR_DETAILS_1:0x12144
[  235.782148] kgsl kgsl-3d0: CP: AHB bus error, CP_RL_ERROR_DETAILS_0:0x10008e07 CP_RL_ERROR_DETAILS_1:0x12144
[  235.782180] kgsl kgsl-3d0: CP: AHB bus error, CP_RL_ERROR_DETAILS_0:0x10008e07 CP_RL_ERROR_DETAILS_1:0x12144
[  235.789160] kgsl kgsl-3d0: CP: AHB bus error, CP_RL_ERROR_DETAILS_0:0x10008e07 CP_RL_ERROR_DETAILS_1:0x12144
[  235.789192] kgsl kgsl-3d0: CP: AHB bus error, CP_RL_ERROR_DETAILS_0:0x10008e07 CP_RL_ERROR_DETAILS_1:0x12144
[  236.059670] type=1400 audit(1785263483.400:16319): avc:  denied  { read } for  comm="top" scontext=u:r:system_app:s0 tcontext=u:r:vendor_hal_sensorscalibrate_qti_default:s0 tclass=file permissive=1
[  236.060502] type=1400 audit(1785263483.400:16320): avc:  denied  { read } for  comm="top" scontext=u:r:system_app:s0 tcontext=u:r:vendor_hal_srvctracker_default:s0 tclass=file permissive=1
[  236.061508] audit: audit_lost=15265 audit_rate_limit=5 audit_backlog_limit=64
[  236.061513] audit: rate limit exceeded
[  236.061926] type=1400 audit(1785263483.404:16321): avc:  denied  { getattr } for  comm="top" path="/proc/1495" dev="proc" ino=275438 scontext=u:r:system_app:s0 tcontext=u:r:hal_light_default:s0 tclass=dir permissive=1
[  236.062629] type=1400 audit(1785263483.404:16322): avc:  denied  { search } for  comm="top" name="1495" dev="proc" ino=275438 scontext=u:r:system_app:s0 tcontext=u:r:hal_light_default:s0 tclass=dir permissive=1
[  236.063896] type=1400 audit(1785263483.404:16323): avc:  denied  { getattr } for  comm="top" path="/proc/1508" dev="proc" ino=275439 scontext=u:r:system_app:s0 tcontext=u:r:vendor_hal_secureprocessor_qti:s0 tclass=dir permissive=1
[  236.391196] init: Control message: Could not find 'vendor.qti.diaghal@1.0::Idiag/default' for ctl.interface_start from pid: 754 (/system/bin/hwservicemanager)
[  236.661307] hid_aya_haptic_play: enter
[  236.661614] aya_haptic 0003:4001:0428.0002: aya_haptic_hid_report_work: left 4, right 4
[  236.661979] hid_aya_haptic_play: enter
[  236.662224] aya_haptic 0003:4001:0428.0002: aya_haptic_hid_report_work: left 9, right 9
[  236.677064] hid_aya_haptic_play: enter
[  236.677268] aya_haptic 0003:4001:0428.0002: aya_haptic_hid_report_work: left 1, right 1
[  236.677563] hid_aya_haptic_play: enter
[  236.677909] aya_haptic 0003:4001:0428.0002: aya_haptic_hid_report_work: left 1, right 1
[  236.727468] hid_aya_haptic_play: enter
[  236.727499] aya_haptic 0003:4001:0428.0002: aya_haptic_hid_report_work: left 0, right 0
[  237.017172] hid_aya_haptic_play: enter
[  237.017707] aya_haptic 0003:4001:0428.0002: aya_haptic_hid_report_work: left 1, right 1
[  237.018160] hid_aya_haptic_play: enter
[  237.020270] aya_haptic 0003:4001:0428.0002: aya_haptic_hid_report_work: left 6, right 6
[  237.039744] hid_aya_haptic_play: enter
[  237.039916] aya_haptic 0003:4001:0428.0002: aya_haptic_hid_report_work: left 1, right 1
[  237.040938] hid_aya_haptic_play: enter
[  237.041087] aya_haptic 0003:4001:0428.0002: aya_haptic_hid_report_work: left 1, right 1
[  237.091407] hid_aya_haptic_play: enter
[  237.091464] aya_haptic 0003:4001:0428.0002: aya_haptic_hid_report_work: left 0, right 0
[  237.376850] hid_aya_haptic_play: enter
[  237.377292] aya_haptic 0003:4001:0428.0002: aya_haptic_hid_report_work: left 1, right 1
[  237.393949] init: Control message: Could not find 'vendor.qti.diaghal@1.0::Idiag/default' for ctl.interface_start from pid: 754 (/system/bin/hwservicemanager)
[  237.396389] hid_aya_haptic_play: enter
[  237.396679] aya_haptic 0003:4001:0428.0002: aya_haptic_hid_report_work: left 1, right 1
[  237.411345] type=1400 audit(1785263484.752:16359): avc:  denied  { read } for  comm="cat" name="online" dev="sysfs" ino=141577 scontext=u:r:xsud:s0 tcontext=u:object_r:vendor_sysfs_battery_supply:s0 tclass=file permissive=1
[  237.411612] type=1400 audit(1785263484.752:16360): avc:  denied  { open } for  comm="cat" path="/sys/devices/platform/soc/soc:qcom,pmic_glink/soc:qcom,pmic_glink:qcom,battery_charger/power_supply/battery/online" dev="sysfs" ino=141577 scontext=u:r:xsud:s0 tcontext=u:object_r:vendor_sysfs_battery_supply:s0 tclass=file permissive=1
[  237.446974] hid_aya_haptic_play: enter
[  237.447086] aya_haptic 0003:4001:0428.0002: aya_haptic_hid_report_work: left 0, right 0
[  237.537324] type=1400 audit(1785263484.880:16361): avc:  denied  { execute } for  comm="DefaultDispatch" name="xsu" dev="dm-11" ino=188 scontext=u:r:untrusted_app:s0:c183,c256,c512,c768 tcontext=u:object_r:xsu_exec:s0 tclass=file permissive=1 app=com.kei.pulse
[  237.537785] type=1400 audit(1785263484.880:16362): avc:  denied  { read open } for  comm="DefaultDispatch" path="/product/bin/xsu" dev="dm-11" ino=188 scontext=u:r:untrusted_app:s0:c183,c256,c512,c768 tcontext=u:object_r:xsu_exec:s0 tclass=file permissive=1 app=com.kei.pulse
[  237.537993] type=1400 audit(1785263484.880:16363): avc:  denied  { execute_no_trans } for  comm="DefaultDispatch" path="/product/bin/xsu" dev="dm-11" ino=188 scontext=u:r:untrusted_app:s0:c183,c256,c512,c768 tcontext=u:object_r:xsu_exec:s0 tclass=file permissive=1 app=com.kei.pulse
[  237.538269] audit: audit_lost=15300 audit_rate_limit=5 audit_backlog_limit=64
[  237.538276] audit: rate limit exceeded
[  238.396377] init: Control message: Could not find 'vendor.qti.diaghal@1.0::Idiag/default' for ctl.interface_start from pid: 754 (/system/bin/hwservicemanager)
[  239.396764] init: Control message: Could not find 'vendor.qti.diaghal@1.0::Idiag/default' for ctl.interface_start from pid: 754 (/system/bin/hwservicemanager)
[  239.799065] audit: audit_lost=15312 audit_rate_limit=5 audit_backlog_limit=64
[  239.799072] audit: rate limit exceeded
[  240.398707] init: Control message: Could not find 'vendor.qti.diaghal@1.0::Idiag/default' for ctl.interface_start from pid: 754 (/system/bin/hwservicemanager)
[  240.768891] gen7_err_callback: 1949 callbacks suppressed
[  240.768906] kgsl kgsl-3d0: CP: AHB bus error, CP_RL_ERROR_DETAILS_0:0x10008e07 CP_RL_ERROR_DETAILS_1:0x12144
[  240.768928] kgsl kgsl-3d0: CP: AHB bus error, CP_RL_ERROR_DETAILS_0:0x10008e07 CP_RL_ERROR_DETAILS_1:0x12144
[  240.770678] kgsl kgsl-3d0: CP: AHB bus error, CP_RL_ERROR_DETAILS_0:0x10008e07 CP_RL_ERROR_DETAILS_1:0x12144
[  240.770706] kgsl kgsl-3d0: CP: AHB bus error, CP_RL_ERROR_DETAILS_0:0x10008e07 CP_RL_ERROR_DETAILS_1:0x12144
[  240.777509] kgsl kgsl-3d0: CP: AHB bus error, CP_RL_ERROR_DETAILS_0:0x10008e07 CP_RL_ERROR_DETAILS_1:0x12144
[  240.777954] kgsl kgsl-3d0: CP: AHB bus error, CP_RL_ERROR_DETAILS_0:0x10008e07 CP_RL_ERROR_DETAILS_1:0x12144
[  240.777977] kgsl kgsl-3d0: CP: AHB bus error, CP_RL_ERROR_DETAILS_0:0x10008e07 CP_RL_ERROR_DETAILS_1:0x12144
[  240.783903] kgsl kgsl-3d0: CP: AHB bus error, CP_RL_ERROR_DETAILS_0:0x10008e07 CP_RL_ERROR_DETAILS_1:0x12144
[  240.783937] kgsl kgsl-3d0: CP: AHB bus error, CP_RL_ERROR_DETAILS_0:0x10008e07 CP_RL_ERROR_DETAILS_1:0x12144
[  240.787494] kgsl kgsl-3d0: CP: AHB bus error, CP_RL_ERROR_DETAILS_0:0x10008e07 CP_RL_ERROR_DETAILS_1:0x12144
[  241.401198] init: Control message: Could not find 'vendor.qti.diaghal@1.0::Idiag/default' for ctl.interface_start from pid: 754 (/system/bin/hwservicemanager)
[  242.407520] init: Control message: Could not find 'vendor.qti.diaghal@1.0::Idiag/default' for ctl.interface_start from pid: 754 (/system/bin/hwservicemanager)
[  242.436502] hid_aya_haptic_play: enter
[  242.436630] aya_haptic 0003:4001:0428.0002: aya_haptic_hid_report_work: left 6, right 6
[  242.437509] hid_aya_haptic_play: enter
[  242.437648] aya_haptic 0003:4001:0428.0002: aya_haptic_hid_report_work: left 6, right 6
[  242.456152] hid_aya_haptic_play: enter
[  242.456390] aya_haptic 0003:4001:0428.0002: aya_haptic_hid_report_work: left 1, right 1
[  242.456745] hid_aya_haptic_play: enter
[  242.456892] aya_haptic 0003:4001:0428.0002: aya_haptic_hid_report_work: left 1, right 1
[  242.507409] hid_aya_haptic_play: enter
[  242.507460] aya_haptic 0003:4001:0428.0002: aya_haptic_hid_report_work: left 0, right 0
[  243.170619] hid_aya_haptic_play: enter
[  243.170829] aya_haptic 0003:4001:0428.0002: aya_haptic_hid_report_work: left 6, right 6
[  243.171143] hid_aya_haptic_play: enter
[  243.171943] aya_haptic 0003:4001:0428.0002: aya_haptic_hid_report_work: left 6, right 6
[  243.188923] hid_aya_haptic_play: enter
[  243.189135] aya_haptic 0003:4001:0428.0002: aya_haptic_hid_report_work: left 1, right 1
[  243.190101] hid_aya_haptic_play: enter
[  243.190175] aya_haptic 0003:4001:0428.0002: aya_haptic_hid_report_work: left 1, right 1
[  243.241557] hid_aya_haptic_play: enter
[  243.242655] aya_haptic 0003:4001:0428.0002: aya_haptic_hid_report_work: left 0, right 0
[  243.406629] init: Control message: Could not find 'vendor.qti.diaghal@1.0::Idiag/default' for ctl.interface_start from pid: 754 (/system/bin/hwservicemanager)
[  243.809714] type=1400 audit(1785263491.152:16409): avc:  denied  { read } for  comm="top" scontext=u:r:system_app:s0 tcontext=u:r:vendor_hal_usb_qti:s0 tclass=file permissive=1
[  243.809886] type=1400 audit(1785263491.152:16410): avc:  denied  { read } for  comm="top" scontext=u:r:system_app:s0 tcontext=u:r:vendor_perf_qesdk:s0 tclass=file permissive=1
[  243.811056] type=1400 audit(1785263491.152:16411): avc:  denied  { getattr } for  comm="top" path="/proc/1380" dev="proc" ino=275425 scontext=u:r:system_app:s0 tcontext=u:r:vendor_hal_identity_qti:s0 tclass=dir permissive=1
[  243.811226] type=1400 audit(1785263491.152:16412): avc:  denied  { search } for  comm="top" name="1380" dev="proc" ino=275425 scontext=u:r:system_app:s0 tcontext=u:r:vendor_hal_identity_qti:s0 tclass=dir permissive=1
[  243.811287] type=1400 audit(1785263491.152:16413): avc:  denied  { open } for  comm="top" path="/proc/1447/stat" dev="proc" ino=282679 scontext=u:r:system_app:s0 tcontext=u:r:vendor_hal_usb_qti:s0 tclass=file permissive=1
[  243.812473] audit: audit_lost=15335 audit_rate_limit=5 audit_backlog_limit=64
[  243.812477] audit: rate limit exceeded
[  244.300642] hid_aya_haptic_play: enter
[  244.300903] aya_haptic 0003:4001:0428.0002: aya_haptic_hid_report_work: left 6, right 6
[  244.301341] hid_aya_haptic_play: enter
[  244.301923] aya_haptic 0003:4001:0428.0002: aya_haptic_hid_report_work: left 6, right 6
[  244.315723] hid_aya_haptic_play: enter
[  244.315862] aya_haptic 0003:4001:0428.0002: aya_haptic_hid_report_work: left 1, right 1
[  244.316135] hid_aya_haptic_play: enter
[  244.316879] aya_haptic 0003:4001:0428.0002: aya_haptic_hid_report_work: left 1, right 1
[  244.367271] hid_aya_haptic_play: enter
[  244.368158] aya_haptic 0003:4001:0428.0002: aya_haptic_hid_report_work: left 0, right 0
[  244.407637] init: Control message: Could not find 'vendor.qti.diaghal@1.0::Idiag/default' for ctl.interface_start from pid: 754 (/system/bin/hwservicemanager)
[  244.944854] type=1400 audit(1785263492.288:16423): avc:  denied  { read } for  comm="cat" name="min_pwrlevel" dev="sysfs" ino=124218 scontext=u:r:xsud:s0 tcontext=u:object_r:vendor_sysfs_kgsl:s0 tclass=file permissive=1
[  244.945039] type=1400 audit(1785263492.288:16424): avc:  denied  { open } for  comm="cat" path="/sys/devices/platform/soc/3d00000.qcom,kgsl-3d0/kgsl/kgsl-3d0/min_pwrlevel" dev="sysfs" ino=124218 scontext=u:r:xsud:s0 tcontext=u:object_r:vendor_sysfs_kgsl:s0 tclass=file permissive=1
[  244.995989] hid_aya_haptic_play: enter
[  244.996188] aya_haptic 0003:4001:0428.0002: aya_haptic_hid_report_work: left 1, right 1
[  244.996454] hid_aya_haptic_play: enter
[  244.996896] aya_haptic 0003:4001:0428.0002: aya_haptic_hid_report_work: left 1, right 1
[  245.015896] hid_aya_haptic_play: enter
[  245.016062] aya_haptic 0003:4001:0428.0002: aya_haptic_hid_report_work: left 1, right 1
[  245.016266] hid_aya_haptic_play: enter
[  245.016889] aya_haptic 0003:4001:0428.0002: aya_haptic_hid_report_work: left 1, right 1
[  245.027541] type=1400 audit(1785263492.368:16425): avc:  denied  { syslog_read } for  comm="dmesg" scontext=u:r:xsud:s0 tcontext=u:r:kernel:s0 tclass=system permissive=1
[  245.027897] type=1400 audit(1785263492.372:16426): avc:  denied  { syslog_mod } for  comm="dmesg" scontext=u:r:xsud:s0 tcontext=u:r:kernel:s0 tclass=system permissive=1
[  245.035769] hid_aya_haptic_play: enter
[  245.035948] aya_haptic 0003:4001:0428.0002: aya_haptic_hid_report_work: left 1, right 1
[  245.036281] hid_aya_haptic_play: enter
[  245.037108] aya_haptic 0003:4001:0428.0002: aya_haptic_hid_report_work: left 1, right 1
[  245.048935] type=1400 audit(1785263492.392:16427): avc:  denied  { read } for  comm="top" scontext=u:r:system_app:s0 tcontext=u:r:vendor_qwesd:s0 tclass=file permissive=1
[  245.057544] hid_aya_haptic_play: enter
[  245.058387] hid_aya_haptic_play: enter
[  245.059087] aya_haptic 0003:4001:0428.0002: aya_haptic_hid_report_work: left 1, right 1
[  245.059841] audit: audit_lost=15344 audit_rate_limit=5 audit_backlog_limit=64
[  245.059846] audit: rate limit exceeded
[  245.076949] hid_aya_haptic_play: enter
[  245.077429] hid_aya_haptic_play: enter
[  245.077655] aya_haptic 0003:4001:0428.0002: aya_haptic_hid_report_work: left 1, right 1
[  245.095990] hid_aya_haptic_play: enter
[  245.096333] aya_haptic 0003:4001:0428.0002: aya_haptic_hid_report_work: left 4, right 4
[  245.096595] hid_aya_haptic_play: enter
[  245.096890] aya_haptic 0003:4001:0428.0002: aya_haptic_hid_report_work: left 4, right 4
[  245.116179] hid_aya_haptic_play: enter
[  245.116620] aya_haptic 0003:4001:0428.0002: aya_haptic_hid_report_work: left 1, right 1
[  245.116904] hid_aya_haptic_play: enter
[  245.117074] aya_haptic 0003:4001:0428.0002: aya_haptic_hid_report_work: left 1, right 1
[  245.167353] hid_aya_haptic_play: enter
[  245.167551] aya_haptic 0003:4001:0428.0002: aya_haptic_hid_report_work: left 0, right 0
[  245.410004] init: Control message: Could not find 'vendor.qti.diaghal@1.0::Idiag/default' for ctl.interface_start from pid: 754 (/system/bin/hwservicemanager)
[  245.773824] gen7_err_callback: 2252 callbacks suppressed
[  245.773839] kgsl kgsl-3d0: CP: AHB bus error, CP_RL_ERROR_DETAILS_0:0x10008e07 CP_RL_ERROR_DETAILS_1:0x12144
[  245.773859] kgsl kgsl-3d0: CP: AHB bus error, CP_RL_ERROR_DETAILS_0:0x10008e07 CP_RL_ERROR_DETAILS_1:0x12144
[  245.773894] kgsl kgsl-3d0: CP: AHB bus error, CP_RL_ERROR_DETAILS_0:0x10008e07 CP_RL_ERROR_DETAILS_1:0x12144
[  245.778983] kgsl kgsl-3d0: CP: AHB bus error, CP_RL_ERROR_DETAILS_0:0x10008e07 CP_RL_ERROR_DETAILS_1:0x12144
[  245.779430] kgsl kgsl-3d0: CP: AHB bus error, CP_RL_ERROR_DETAILS_0:0x10008e07 CP_RL_ERROR_DETAILS_1:0x12144
[  245.779449] kgsl kgsl-3d0: CP: AHB bus error, CP_RL_ERROR_DETAILS_0:0x10008e07 CP_RL_ERROR_DETAILS_1:0x12144
[  245.782092] kgsl kgsl-3d0: CP: AHB bus error, CP_RL_ERROR_DETAILS_0:0x10008e07 CP_RL_ERROR_DETAILS_1:0x12144
[  245.788291] kgsl kgsl-3d0: CP: AHB bus error, CP_RL_ERROR_DETAILS_0:0x10008e07 CP_RL_ERROR_DETAILS_1:0x12144
[  245.788311] kgsl kgsl-3d0: CP: AHB bus error, CP_RL_ERROR_DETAILS_0:0x10008e07 CP_RL_ERROR_DETAILS_1:0x12144
[  245.788386] kgsl kgsl-3d0: CP: AHB bus error, CP_RL_ERROR_DETAILS_0:0x10008e07 CP_RL_ERROR_DETAILS_1:0x12144
[  246.399790] audit: audit_lost=15422 audit_rate_limit=5 audit_backlog_limit=64
[  246.399801] audit: rate limit exceeded
[  246.412306] init: Control message: Could not find 'vendor.qti.diaghal@1.0::Idiag/default' for ctl.interface_start from pid: 754 (/system/bin/hwservicemanager)
[  247.412259] init: Control message: Could not find 'vendor.qti.diaghal@1.0::Idiag/default' for ctl.interface_start from pid: 754 (/system/bin/hwservicemanager)
[  247.415102] audit: audit_lost=15456 audit_rate_limit=5 audit_backlog_limit=64
[  247.415108] audit: rate limit exceeded
[  248.413063] init: Control message: Could not find 'vendor.qti.diaghal@1.0::Idiag/default' for ctl.interface_start from pid: 754 (/system/bin/hwservicemanager)
[  248.586703] audit: audit_lost=15489 audit_rate_limit=5 audit_backlog_limit=64
[  248.586708] audit: rate limit exceeded
[  249.414027] init: Control message: Could not find 'vendor.qti.diaghal@1.0::Idiag/default' for ctl.interface_start from pid: 754 (/system/bin/hwservicemanager)
[  249.414787] type=1400 audit(1785263496.756:16759): avc:  denied  { write } for  comm="sh" name="pwm1" dev="sysfs" ino=115174 scontext=u:r:xsud:s0 tcontext=u:object_r:sysfs:s0 tclass=file permissive=1
[  249.414971] type=1400 audit(1785263496.756:16760): avc:  denied  { open } for  comm="sh" path="/sys/devices/platform/soc/soc:pwm-fan/hwmon/hwmon0/pwm1" dev="sysfs" ino=115174 scontext=u:r:xsud:s0 tcontext=u:object_r:sysfs:s0 tclass=file permissive=1
[  249.780893] type=1400 audit(1785263497.124:16761): avc:  denied  { read } for  comm="top" name="pid_max" dev="proc" ino=281965 scontext=u:r:system_app:s0 tcontext=u:object_r:proc_pid_max:s0 tclass=file permissive=1
[  249.780963] type=1400 audit(1785263497.124:16762): avc:  denied  { open } for  comm="top" path="/proc/sys/kernel/pid_max" dev="proc" ino=281965 scontext=u:r:system_app:s0 tcontext=u:object_r:proc_pid_max:s0 tclass=file permissive=1
[  249.781277] type=1400 audit(1785263497.124:16763): avc:  denied  { read } for  comm="top" scontext=u:r:system_app:s0 tcontext=u:r:vendor_hal_keymint_qti:s0 tclass=file permissive=1
[  249.782088] audit: audit_lost=15660 audit_rate_limit=5 audit_backlog_limit=64
[  249.782091] audit: rate limit exceeded
[  249.953775] adsp_sleepmon: Audio: num_sessions=0,num_lpi_sessions=0,timer_pending=1
[  250.415739] init: Control message: Could not find 'vendor.qti.diaghal@1.0::Idiag/default' for ctl.interface_start from pid: 754 (/system/bin/hwservicemanager)
[  250.491777] type=1400 audit(1785263497.836:16829): avc:  denied  { getattr } for  comm="DefaultDispatch" path="/dev/ttyHS5" dev="tmpfs" ino=1195 scontext=u:r:system_app:s0 tcontext=u:object_r:device:s0 tclass=chr_file permissive=1
[  250.512873] type=1400 audit(1785263497.852:16830): avc:  denied  { getattr } for  comm="chmod" path="/storage" dev="tmpfs" ino=12 scontext=u:r:xsud:s0 tcontext=u:object_r:mnt_user_file:s0 tclass=dir permissive=1
[  250.512910] type=1400 audit(1785263497.852:16831): avc:  denied  { setattr } for  comm="chmod" name="0" dev="tmpfs" ino=12 scontext=u:r:xsud:s0 tcontext=u:object_r:mnt_user_file:s0 tclass=dir permissive=1
[  250.512925] type=1400 audit(1785263497.852:16832): avc:  denied  { fowner } for  comm="chmod" capability=3  scontext=u:r:xsud:s0 tcontext=u:r:xsud:s0 tclass=capability permissive=1
[  250.512939] type=1400 audit(1785263497.852:16833): avc:  denied  { fsetid } for  comm="chmod" capability=4  scontext=u:r:xsud:s0 tcontext=u:r:xsud:s0 tclass=capability permissive=1
[  250.757246] servicemanager: Found vendor.qti.qspmhal.IQspmhal/default in device VINTF manifest.
[  250.773496] servicemanager: Found vendor.qti.hardware.perf2.IPerf/default in device VINTF manifest.
[  250.783444] audit: audit_lost=16647 audit_rate_limit=5 audit_backlog_limit=64
[  250.783448] audit: rate limit exceeded
[  250.835869] servicemanager: Found vendor.qti.qspmhal.IQspmhal/default in device VINTF manifest.
[  250.848615] servicemanager: Found vendor.qti.hardware.perf2.IPerf/default in device VINTF manifest.
[  251.304422] [drm:dsi_display_set_mode [msm_drm]] [msm-dsi-info]: mdp_transfer_time=0, hactive=1080, vactive=1920, fps=120, clk_rate=0
[  251.375658] servicemanager: Found android.hardware.graphics.allocator.IAllocator/default in device VINTF manifest.
[  251.377279] servicemanager: Found android.hardware.graphics.allocator.IAllocator/default in device VINTF manifest.
[  251.416169] init: Control message: Could not find 'vendor.qti.diaghal@1.0::Idiag/default' for ctl.interface_start from pid: 754 (/system/bin/hwservicemanager)
[  251.534907] [kworke][0x12daa53f3][18:31:38.880809] kiwi_v2: [41:I:PMO] pmo_core_psoc_send_host_wakeup_ind_to_fw: Host wakeup indication sent to fw
[  251.638398] servicemanager: Found vendor.qti.qspmhal.IQspmhal/default in device VINTF manifest.
[  251.971910] adsp_sleepmon: Audio: num_sessions=1,num_lpi_sessions=0,timer_pending=0
[  251.992936] swr-mgr wsa2_swr_ctrl: swr_mstr_interrupt: SWR CMD Ignored, fifo status 0x40000000
[  251.996748] swr-mgr wsa2_swr_ctrl: swr_mstr_interrupt: SWR CMD Ignored, fifo status 0x40000006
[  252.000760] swr-mgr wsa2_swr_ctrl: swr_mstr_interrupt: SWR CMD Ignored, fifo status 0x40000002
[  252.004798] swr-mgr wsa2_swr_ctrl: swr_mstr_interrupt: SWR CMD Ignored, fifo status 0x40002206
[  252.008554] swr-mgr wsa2_swr_ctrl: swr_mstr_interrupt: SWR CMD Ignored, fifo status 0x4000210c
[  252.012512] swr-mgr wsa2_swr_ctrl: swr_mstr_interrupt: SWR CMD Ignored, fifo status 0x40000007
[  252.034561] audit: audit_lost=17141 audit_rate_limit=5 audit_backlog_limit=64
[  252.034564] audit: rate limit exceeded
[  252.417017] init: Control message: Could not find 'vendor.qti.diaghal@1.0::Idiag/default' for ctl.interface_start from pid: 754 (/system/bin/hwservicemanager)
[  252.421327] [soft_i][0x12eae051d][18:31:39.767224] kiwi_v2: [0:E:DP] dp_tx_update_peer_stats: Release source:3 is not from TQM
[  253.065528] audit: audit_lost=17307 audit_rate_limit=5 audit_backlog_limit=64
[  253.065535] audit: rate limit exceeded
[  253.188181] [soft_i][0x12f8eaefc][18:31:40.534076] kiwi_v2: [0:E:DP] dp_tx_update_peer_stats: Release source:3 is not from TQM
[  253.444506] servicemanager: Found vendor.qti.hardware.perf2.IPerf/default in device VINTF manifest.
[  253.449508] init: Control message: Could not find 'vendor.qti.diaghal@1.0::Idiag/default' for ctl.interface_start from pid: 754 (/system/bin/hwservicemanager)
[  253.449666] init: Control message: Could not find 'vendor.qti.diaghal@1.0::Idiag/default' for ctl.interface_start from pid: 754 (/system/bin/hwservicemanager)
[  253.988740] [soft_i][0x1307938d7][18:31:41.334634] kiwi_v2: [0:E:DP] dp_tx_update_peer_stats: Release source:3 is not from TQM
[  254.076421] audit: audit_lost=17497 audit_rate_limit=5 audit_backlog_limit=64
[  254.076425] audit: rate limit exceeded
[  254.451069] init: Control message: Could not find 'vendor.qti.diaghal@1.0::Idiag/default' for ctl.interface_start from pid: 754 (/system/bin/hwservicemanager)
[  254.785120] type=1400 audit(1785263502.128:18636): avc:  denied  { read } for  comm="top" scontext=u:r:system_app:s0 tcontext=u:r:vendor_hal_usb_qti:s0 tclass=file permissive=1
[  254.785399] type=1400 audit(1785263502.128:18637): avc:  denied  { read } for  comm="top" scontext=u:r:system_app:s0 tcontext=u:r:vendor_hal_poweroptservice_qti:s0 tclass=file permissive=1
[  254.785418] type=1400 audit(1785263502.128:18638): avc:  denied  { read } for  comm="top" scontext=u:r:system_app:s0 tcontext=u:r:vendor_qwesd:s0 tclass=file permissive=1
[  254.785431] type=1400 audit(1785263502.128:18639): avc:  denied  { read } for  comm="top" scontext=u:r:system_app:s0 tcontext=u:r:vendor_perf_qesdk:s0 tclass=file permissive=1
[  254.785814] type=1400 audit(1785263502.128:18640): avc:  denied  { getattr } for  comm="top" path="/proc/905" dev="proc" ino=275419 scontext=u:r:system_app:s0 tcontext=u:r:vendor_hal_keymint_qti:s0 tclass=dir permissive=1
[  255.453614] init: Control message: Could not find 'vendor.qti.diaghal@1.0::Idiag/default' for ctl.interface_start from pid: 754 (/system/bin/hwservicemanager)
[  255.485230] audit: audit_lost=17534 audit_rate_limit=5 audit_backlog_limit=64
[  255.485239] audit: rate limit exceeded
[  255.502187] servicemanager: Found vendor.qti.hardware.perf2.IPerf/default in device VINTF manifest.
[  255.505344] servicemanager: Found android.hardware.security.keymint.IRemotelyProvisionedComponent/default in device VINTF manifest.
[  255.787938] type=1400 audit(1785263503.132:18740): avc:  denied  { open } for  comm="top" path="/proc/1354/stat" dev="proc" ino=282663 scontext=u:r:system_app:s0 tcontext=u:r:hal_allocator_default:s0 tclass=file permissive=1
[  255.788349] type=1400 audit(1785263503.132:18741): avc:  denied  { getattr } for  comm="top" path="/proc/1380" dev="proc" ino=275425 scontext=u:r:system_app:s0 tcontext=u:r:vendor_hal_identity_qti:s0 tclass=dir permissive=1
[  255.788467] type=1400 audit(1785263503.132:18742): avc:  denied  { search } for  comm="top" name="1380" dev="proc" ino=275425 scontext=u:r:system_app:s0 tcontext=u:r:vendor_hal_identity_qti:s0 tclass=dir permissive=1
[  255.788569] type=1400 audit(1785263503.132:18743): avc:  denied  { open } for  comm="top" path="/proc/1380/stat" dev="proc" ino=282667 scontext=u:r:system_app:s0 tcontext=u:r:vendor_hal_identity_qti:s0 tclass=file permissive=1
[  255.788661] type=1400 audit(1785263503.132:18744): avc:  denied  { getattr } for  comm="top" path="/proc/1386" dev="proc" ino=275426 scontext=u:r:system_app:s0 tcontext=u:r:hal_ir_default:s0 tclass=dir permissive=1
[  256.125681] servicemanager: Found android.hardware.security.keymint.IRemotelyProvisionedComponent/default in device VINTF manifest.
[  256.414296] servicemanager: Found android.hardware.security.keymint.IRemotelyProvisionedComponent/default in device VINTF manifest.
[  256.453249] init: Control message: Could not find 'vendor.qti.diaghal@1.0::Idiag/default' for ctl.interface_start from pid: 754 (/system/bin/hwservicemanager)
[  256.576738] audit: audit_lost=17771 audit_rate_limit=5 audit_backlog_limit=64
[  256.576744] audit: rate limit exceeded
[  256.810911] servicemanager: Found vendor.qti.qspmhal.IQspmhal/default in device VINTF manifest.
[  257.031628] [drm:dsi_display_set_mode [msm_drm]] [msm-dsi-info]: mdp_transfer_time=0, hactive=1080, vactive=1920, fps=90, clk_rate=0
[  257.453982] init: Control message: Could not find 'vendor.qti.diaghal@1.0::Idiag/default' for ctl.interface_start from pid: 754 (/system/bin/hwservicemanager)
[  257.676604] audit: audit_lost=18015 audit_rate_limit=5 audit_backlog_limit=64
[  257.676608] audit: rate limit exceeded
[  258.456197] init: Control message: Could not find 'vendor.qti.diaghal@1.0::Idiag/default' for ctl.interface_start from pid: 754 (/system/bin/hwservicemanager)
[  258.593954] [binder][0x135be6852][18:31:45.939853] kiwi_v2: [1520:E:HDD] hdd_config_power: power attr and opm attr is null
[  258.681794] audit: audit_lost=18198 audit_rate_limit=5 audit_backlog_limit=64
[  258.681802] audit: rate limit exceeded
[  259.457693] init: Control message: Could not find 'vendor.qti.diaghal@1.0::Idiag/default' for ctl.interface_start from pid: 754 (/system/bin/hwservicemanager)
[  259.685543] audit: audit_lost=18336 audit_rate_limit=5 audit_backlog_limit=64
[  259.685550] audit: rate limit exceeded
[  260.050783] type=1400 audit(1785263507.392:19542): avc:  denied  { read } for  comm="top" scontext=u:r:system_app:s0 tcontext=u:r:vendor_per_proxy:s0 tclass=file permissive=1
[  260.056613] type=1400 audit(1785263507.400:19543): avc:  denied  { open } for  comm="top" path="/proc/1767/stat" dev="proc" ino=282763 scontext=u:r:system_app:s0 tcontext=u:r:vendor_per_proxy:s0 tclass=file permissive=1
[  260.060835] type=1400 audit(1785263507.404:19544): avc:  denied  { getattr } for  comm="Performance-Tim" path="/proc/stat" dev="proc" ino=4026532011 scontext=u:r:system_app:s0 tcontext=u:object_r:proc_stat:s0 tclass=file permissive=1
[  260.096054] type=1400 audit(1785263507.440:19545): avc:  denied  { search } for  comm="cat" name="battery" dev="sysfs" ino=141568 scontext=u:r:xsud:s0 tcontext=u:object_r:vendor_sysfs_battery_supply:s0 tclass=dir permissive=1
[  260.220833] type=1400 audit(1785263507.564:19546): avc:  denied  { write } for  comm="sh" name="pulse_fifo_out" dev="dm-53" ino=331471 scontext=u:r:xsud:s0 tcontext=u:object_r:app_data_file:s0 tclass=fifo_file permissive=1
[  260.456878] init: Control message: Could not find 'vendor.qti.diaghal@1.0::Idiag/default' for ctl.interface_start from pid: 754 (/system/bin/hwservicemanager)
[  260.784894] audit: audit_lost=18409 audit_rate_limit=5 audit_backlog_limit=64
[  260.784898] audit: rate limit exceeded
[  260.936487] servicemanager: Found vendor.qti.hardware.perf2.IPerf/default in device VINTF manifest.
[  261.052488] type=1400 audit(1785263508.396:19830): avc:  denied  { getattr } for  comm="Performance-Tim" path="/proc/stat" dev="proc" ino=4026532011 scontext=u:r:system_app:s0 tcontext=u:object_r:proc_stat:s0 tclass=file permissive=1
[  261.054448] type=1400 audit(1785263508.396:19831): avc:  denied  { read } for  comm="Performance-Tim" name="gpuclk" dev="sysfs" ino=124210 scontext=u:r:system_app:s0 tcontext=u:object_r:vendor_sysfs_kgsl_gpuclk:s0 tclass=file permissive=1
[  261.054495] type=1400 audit(1785263508.396:19832): avc:  denied  { open } for  comm="Performance-Tim" path="/sys/devices/platform/soc/3d00000.qcom,kgsl-3d0/kgsl/kgsl-3d0/gpuclk" dev="sysfs" ino=124210 scontext=u:r:system_app:s0 tcontext=u:object_r:vendor_sysfs_kgsl_gpuclk:s0 tclass=file permissive=1
[  261.054511] type=1400 audit(1785263508.396:19833): avc:  denied  { getattr } for  comm="Performance-Tim" path="/sys/devices/platform/soc/3d00000.qcom,kgsl-3d0/kgsl/kgsl-3d0/gpuclk" dev="sysfs" ino=124210 scontext=u:r:system_app:s0 tcontext=u:object_r:vendor_sysfs_kgsl_gpuclk:s0 tclass=file permissive=1
[  261.363864] type=1400 audit(1785263508.708:19834): avc:  denied  { write } for  comm="Thread-1752" name="pulse_fifo_in" dev="dm-53" ino=331469 scontext=u:r:untrusted_app:s0:c183,c256,c512,c768 tcontext=u:object_r:app_data_file:s0 tclass=fifo_file permissive=1 app=com.kei.pulse
[  261.462449] init: Control message: Could not find 'vendor.qti.diaghal@1.0::Idiag/default' for ctl.interface_start from pid: 754 (/system/bin/hwservicemanager)
[  261.787572] audit: audit_lost=18721 audit_rate_limit=5 audit_backlog_limit=64
[  261.787575] audit: rate limit exceeded
[  262.464062] init: Control message: Could not find 'vendor.qti.diaghal@1.0::Idiag/default' for ctl.interface_start from pid: 754 (/system/bin/hwservicemanager)
[  262.792134] audit: audit_lost=18869 audit_rate_limit=5 audit_backlog_limit=64
[  262.792149] audit: rate limit exceeded
[  263.464463] init: Control message: Could not find 'vendor.qti.diaghal@1.0::Idiag/default' for ctl.interface_start from pid: 754 (/system/bin/hwservicemanager)
[  264.028367] audit: audit_lost=18912 audit_rate_limit=5 audit_backlog_limit=64
[  264.028372] audit: rate limit exceeded
[  264.222480] [soft_i][0x13c2f63ae][18:31:51.568379] kiwi_v2: [0:E:DP] dp_tx_update_peer_stats: Release source:3 is not from TQM
[  264.466368] init: Control message: Could not find 'vendor.qti.diaghal@1.0::Idiag/default' for ctl.interface_start from pid: 754 (/system/bin/hwservicemanager)
[  264.748258] [kworke][0x13cc96d07][18:31:52.094156] kiwi_v2: [826:I:PMO] pmo_core_enable_wow_in_fw: drv wow is enabled
[  264.843041] [kworke][0x13ce531c8][18:31:52.188940] kiwi_v2: [2307:I:PMO] pmo_core_psoc_send_host_wakeup_ind_to_fw: Host wakeup indication sent to fw
[  264.852209] [soft_i][0x13ce7e101][18:31:52.198103] kiwi_v2: [0:I:WMA] WLAN triggered wakeup: BPF_ALLOW (39), vdev: 0 (STA)
[  264.852523] [soft_i][0x13ce7f8f1][18:31:52.198422] kiwi_v2: [0:I:WMA] wma_wake_event_packet: Wake event packet:
[  265.046576] audit: audit_lost=18942 audit_rate_limit=5 audit_backlog_limit=64
[  265.046584] audit: rate limit exceeded
[  265.467594] init: Control message: Could not find 'vendor.qti.diaghal@1.0::Idiag/default' for ctl.interface_start from pid: 754 (/system/bin/hwservicemanager)
[  265.475795] [kworke][0x13d9e9255][18:31:52.821694] kiwi_v2: [2307:I:PMO] pmo_core_enable_wow_in_fw: drv wow is enabled
[  265.772534] [kworke][0x13df581c2][18:31:53.118433] kiwi_v2: [2307:I:PMO] pmo_core_psoc_send_host_wakeup_ind_to_fw: Host wakeup indication sent to fw
[  265.775755] type=1400 audit(1785263513.116:20117): avc:  denied  { read } for  comm="top" scontext=u:r:system_app:s0 tcontext=u:r:vendor_hal_poweroptservice_qti:s0 tclass=file permissive=1
[  265.776553] type=1400 audit(1785263513.120:20118): avc:  denied  { getattr } for  comm="top" path="/proc/905" dev="proc" ino=275419 scontext=u:r:system_app:s0 tcontext=u:r:vendor_hal_keymint_qti:s0 tclass=dir permissive=1
[  265.776721] type=1400 audit(1785263513.120:20119): avc:  denied  { search } for  comm="top" name="905" dev="proc" ino=275419 scontext=u:r:system_app:s0 tcontext=u:r:vendor_hal_keymint_qti:s0 tclass=dir permissive=1
[  265.777099] type=1400 audit(1785263513.120:20120): avc:  denied  { open } for  comm="top" path="/proc/1466/stat" dev="proc" ino=282699 scontext=u:r:system_app:s0 tcontext=u:r:vendor_hal_poweroptservice_qti:s0 tclass=file permissive=1
[  265.778281] type=1400 audit(1785263513.120:20121): avc:  denied  { read } for  comm="top" name="stat" dev="proc" ino=4026532011 scontext=u:r:system_app:s0 tcontext=u:object_r:proc_stat:s0 tclass=file permissive=1
[  265.781703] [soft_i][0x13df8318c][18:31:53.127603] kiwi_v2: [0:I:WMA] WLAN triggered wakeup: BPF_ALLOW (39), vdev: 0 (STA)
[  265.781791] [soft_i][0x13df83831][18:31:53.127692] kiwi_v2: [0:I:WMA] wma_wake_event_packet: Wake event packet:
[  266.308719] audit: audit_lost=18956 audit_rate_limit=5 audit_backlog_limit=64
[  266.308724] audit: rate limit exceeded
[  266.404553] [kworke][0x13eaeab1b][18:31:53.750451] kiwi_v2: [2307:I:PMO] pmo_core_enable_wow_in_fw: drv wow is enabled
[  266.468373] init: Control message: Could not find 'vendor.qti.diaghal@1.0::Idiag/default' for ctl.interface_start from pid: 754 (/system/bin/hwservicemanager)
[  267.026067] type=1400 audit(1785263514.368:20180): avc:  denied  { getattr } for  comm="top" path="/proc/754" dev="proc" ino=275417 scontext=u:r:system_app:s0 tcontext=u:r:hwservicemanager:s0 tclass=dir permissive=1
[  267.026268] type=1400 audit(1785263514.368:20181): avc:  denied  { search } for  comm="top" name="754" dev="proc" ino=275417 scontext=u:r:system_app:s0 tcontext=u:r:hwservicemanager:s0 tclass=dir permissive=1
[  267.026380] type=1400 audit(1785263514.368:20182): avc:  denied  { getattr } for  comm="top" path="/proc/756" dev="proc" ino=275418 scontext=u:r:system_app:s0 tcontext=u:r:vndservicemanager:s0 tclass=dir permissive=1
[  267.026469] type=1400 audit(1785263514.368:20183): avc:  denied  { search } for  comm="top" name="756" dev="proc" ino=275418 scontext=u:r:system_app:s0 tcontext=u:r:vndservicemanager:s0 tclass=dir permissive=1
[  267.026559] type=1400 audit(1785263514.368:20184): avc:  denied  { getattr } for  comm="top" path="/proc/1067" dev="proc" ino=275421 scontext=u:r:system_app:s0 tcontext=u:r:vendor_spdaemon:s0 tclass=dir permissive=1
[  267.469446] init: Control message: Could not find 'vendor.qti.diaghal@1.0::Idiag/default' for ctl.interface_start from pid: 754 (/system/bin/hwservicemanager)
[  267.512772] [kworke][0x13ff357a9][18:31:54.858671] kiwi_v2: [858:I:PMO] pmo_core_psoc_send_host_wakeup_ind_to_fw: Host wakeup indication sent to fw
[  267.775617] audit: audit_lost=19010 audit_rate_limit=5 audit_backlog_limit=64
[  267.775622] audit: rate limit exceeded
[  268.471116] init: Control message: Could not find 'vendor.qti.diaghal@1.0::Idiag/default' for ctl.interface_start from pid: 754 (/system/bin/hwservicemanager)
[  268.779452] audit: audit_lost=19091 audit_rate_limit=5 audit_backlog_limit=64
[  268.779457] audit: rate limit exceeded
[  269.270407] [kworke][0x141f6463c][18:31:56.616306] kiwi_v2: [858:I:PMO] pmo_core_enable_wow_in_fw: drv wow is enabled
[  269.472602] init: Control message: Could not find 'vendor.qti.diaghal@1.0::Idiag/default' for ctl.interface_start from pid: 754 (/system/bin/hwservicemanager)
[  269.849401] [kworke][0x1429fe66f][18:31:57.195295] kiwi_v2: [2307:I:PMO] pmo_core_psoc_send_host_wakeup_ind_to_fw: Host wakeup indication sent to fw
[  269.858691] [soft_i][0x142a29f89][18:31:57.204590] kiwi_v2: [0:I:WMA] WLAN triggered wakeup: BPF_ALLOW (39), vdev: 0 (STA)
[  269.858862] [soft_i][0x142a2ac89][18:31:57.204763] kiwi_v2: [0:I:WMA] wma_wake_event_packet: Wake event packet:
[  270.186122] audit: audit_lost=19104 audit_rate_limit=5 audit_backlog_limit=64
[  270.186129] audit: rate limit exceeded
[  270.474730] init: Control message: Could not find 'vendor.qti.diaghal@1.0::Idiag/default' for ctl.interface_start from pid: 754 (/system/bin/hwservicemanager)
[  270.484214] [kworke][0x14359e1b4][18:31:57.830112] kiwi_v2: [2307:I:PMO] pmo_core_enable_wow_in_fw: drv wow is enabled
[  270.983084] [kworke][0x143ec091c][18:31:58.328984] kiwi_v2: [2307:I:PMO] pmo_core_psoc_send_host_wakeup_ind_to_fw: Host wakeup indication sent to fw
[  270.992488] [soft_i][0x143eeca69][18:31:58.338388] kiwi_v2: [0:I:WMA] WLAN triggered wakeup: BPF_ALLOW (39), vdev: 0 (STA)
[  270.992600] [soft_i][0x143eed2eb][18:31:58.338501] kiwi_v2: [0:I:WMA] wma_wake_event_packet: Wake event packet:
[  271.396328] audit: audit_lost=19138 audit_rate_limit=5 audit_backlog_limit=64
[  271.396332] audit: rate limit exceeded
[  271.475665] init: Control message: Could not find 'vendor.qti.diaghal@1.0::Idiag/default' for ctl.interface_start from pid: 754 (/system/bin/hwservicemanager)
[  271.776554] type=1400 audit(1785263519.120:20345): avc:  denied  { read } for  comm="top" scontext=u:r:system_app:s0 tcontext=u:r:vendor_hal_spu_qti:s0 tclass=file permissive=1
[  271.776786] type=1400 audit(1785263519.120:20346): avc:  denied  { read } for  comm="top" scontext=u:r:system_app:s0 tcontext=u:r:vendor_hal_qesdhal_default:s0 tclass=file permissive=1
[  271.776829] type=1400 audit(1785263519.120:20347): avc:  denied  { read } for  comm="top" scontext=u:r:system_app:s0 tcontext=u:r:vendor_qesdsect:s0 tclass=file permissive=1
[  271.776865] type=1400 audit(1785263519.120:20348): avc:  denied  { read } for  comm="top" scontext=u:r:system_app:s0 tcontext=u:r:hal_fingerprint_default:s0 tclass=file permissive=1
[  271.777021] type=1400 audit(1785263519.120:20349): avc:  denied  { read } for  comm="top" scontext=u:r:system_app:s0 tcontext=u:r:vendor_hal_capabilityconfigstore_qti_default:s0 tclass=file permissive=1
[  272.477227] init: Control message: Could not find 'vendor.qti.diaghal@1.0::Idiag/default' for ctl.interface_start from pid: 754 (/system/bin/hwservicemanager)
[  272.766501] audit: audit_lost=19203 audit_rate_limit=5 audit_backlog_limit=64
[  272.766506] audit: rate limit exceeded
[  273.029675] type=1400 audit(1785263520.372:20449): avc:  denied  { getattr } for  comm="top" path="/proc/1469" dev="proc" ino=275434 scontext=u:r:system_app:s0 tcontext=u:r:vendor_hal_qesdhal_default:s0 tclass=dir permissive=1
[  273.029885] type=1400 audit(1785263520.372:20450): avc:  denied  { search } for  comm="top" name="1469" dev="proc" ino=275434 scontext=u:r:system_app:s0 tcontext=u:r:vendor_hal_qesdhal_default:s0 tclass=dir permissive=1
[  273.312508] type=1400 audit(1785263520.656:20451): avc:  denied  { read } for  comm="cat" name="capacity" dev="sysfs" ino=141594 scontext=u:r:xsud:s0 tcontext=u:object_r:vendor_sysfs_battery_supply:s0 tclass=file permissive=1
[  273.312903] type=1400 audit(1785263520.656:20452): avc:  denied  { open } for  comm="cat" path="/sys/devices/platform/soc/soc:qcom,pmic_glink/soc:qcom,pmic_glink:qcom,battery_charger/power_supply/battery/capacity" dev="sysfs" ino=141594 scontext=u:r:xsud:s0 tcontext=u:object_r:vendor_sysfs_battery_supply:s0 tclass=file permissive=1
[  273.419554] type=1400 audit(1785263520.760:20453): avc:  denied  { search } for  comm="sh" name="com.kei.pulse" dev="dm-53" ino=329013 scontext=u:r:xsud:s0 tcontext=u:object_r:app_data_file:s0:c183,c256,c512,c768 tclass=dir permissive=1
[  273.516881] servicemanager: Found vendor.qti.hardware.perf2.IPerf/default in device VINTF manifest.
[  273.521242] init: Control message: Could not find 'vendor.qti.diaghal@1.0::Idiag/default' for ctl.interface_start from pid: 754 (/system/bin/hwservicemanager)
[  273.521525] init: Control message: Could not find 'vendor.qti.diaghal@1.0::Idiag/default' for ctl.interface_start from pid: 754 (/system/bin/hwservicemanager)
[  273.767580] audit: audit_lost=19329 audit_rate_limit=5 audit_backlog_limit=64
[  273.767586] audit: rate limit exceeded
[  273.969553] [kworke][0x14756fa53][18:32:01.315454] kiwi_v2: [881:I:PMO] pmo_core_enable_wow_in_fw: drv wow is enabled
[  274.052507] [kworke][0x1476f4783][18:32:01.398403] kiwi_v2: [2307:I:PMO] pmo_core_psoc_send_host_wakeup_ind_to_fw: Host wakeup indication sent to fw
[  274.061643] [soft_i][0x14771f4fc][18:32:01.407542] kiwi_v2: [0:I:WMA] WLAN triggered wakeup: BPF_ALLOW (39), vdev: 0 (STA)
[  274.061843] [soft_i][0x147720423][18:32:01.407744] kiwi_v2: [0:I:WMA] wma_wake_event_packet: Wake event packet:
[  274.522901] init: Control message: Could not find 'vendor.qti.diaghal@1.0::Idiag/default' for ctl.interface_start from pid: 754 (/system/bin/hwservicemanager)
[  274.772107] audit: audit_lost=19471 audit_rate_limit=5 audit_backlog_limit=64
[  274.772113] audit: rate limit exceeded
[  275.501036] [kworke][0x14917a725][18:32:02.846931] kiwi_v2: [2307:I:PMO] pmo_core_enable_wow_in_fw: drv wow is enabled
[  275.524493] init: Control message: Could not find 'vendor.qti.diaghal@1.0::Idiag/default' for ctl.interface_start from pid: 754 (/system/bin/hwservicemanager)
[  275.881932] audit: audit_lost=19544 audit_rate_limit=5 audit_backlog_limit=64
[  275.881942] audit: rate limit exceeded
[  276.101520] [kworke][0x149c79378][18:32:03.447416] kiwi_v2: [2307:I:PMO] pmo_core_psoc_send_host_wakeup_ind_to_fw: Host wakeup indication sent to fw
[  276.110702] [soft_i][0x149ca42dc][18:32:03.456581] kiwi_v2: [0:I:WMA] WLAN triggered wakeup: BPF_ALLOW (39), vdev: 0 (STA)
[  276.110830] [soft_i][0x149ca4e2f][18:32:03.456732] kiwi_v2: [0:I:WMA] wma_wake_event_packet: Wake event packet:
[  276.526910] init: Control message: Could not find 'vendor.qti.diaghal@1.0::Idiag/default' for ctl.interface_start from pid: 754 (/system/bin/hwservicemanager)
[  276.734342] [kworke][0x14a80f926][18:32:04.080238] kiwi_v2: [2307:I:PMO] pmo_core_enable_wow_in_fw: drv wow is enabled
[  277.019083] type=1400 audit(1785263524.360:20799): avc:  denied  { read } for  comm="top" scontext=u:r:system_app:s0 tcontext=u:r:vendor_hal_spu_qti:s0 tclass=file permissive=1
[  277.019940] type=1400 audit(1785263524.364:20800): avc:  denied  { getattr } for  comm="top" path="/proc/907" dev="proc" ino=275420 scontext=u:r:system_app:s0 tcontext=u:r:vendor_hal_qseecom_default:s0 tclass=dir permissive=1
[  277.019996] type=1400 audit(1785263524.364:20801): avc:  denied  { search } for  comm="top" name="907" dev="proc" ino=275420 scontext=u:r:system_app:s0 tcontext=u:r:vendor_hal_qseecom_default:s0 tclass=dir permissive=1
[  277.020378] type=1400 audit(1785263524.364:20802): avc:  denied  { open } for  comm="top" path="/proc/1455/stat" dev="proc" ino=282687 scontext=u:r:system_app:s0 tcontext=u:r:vendor_hal_spu_qti:s0 tclass=file permissive=1
[  277.020950] audit: audit_lost=19580 audit_rate_limit=5 audit_backlog_limit=64
[  277.020954] audit: rate limit exceeded
[  277.021066] type=1400 audit(1785263524.364:20803): avc:  denied  { read } for  comm="top" scontext=u:r:system_app:s0 tcontext=u:r:vendor_per_proxy:s0 tclass=file permissive=1
[  277.442777] [kworke][0x14b5084c6][18:32:04.788660] kiwi_v2: [2307:I:PMO] pmo_core_psoc_send_host_wakeup_ind_to_fw: Host wakeup indication sent to fw
[  277.451865] [soft_i][0x14b532f97][18:32:04.797764] kiwi_v2: [0:I:WMA] WLAN triggered wakeup: BPF_ALLOW (39), vdev: 0 (STA)
[  277.452026] [soft_i][0x14b533bce][18:32:04.797927] kiwi_v2: [0:I:WMA] wma_wake_event_packet: Wake event packet:
[  277.526258] init: Control message: Could not find 'vendor.qti.diaghal@1.0::Idiag/default' for ctl.interface_start from pid: 754 (/system/bin/hwservicemanager)
[  278.096874] type=1400 audit(1785263525.440:20833): avc:  denied  { dac_read_search } for  comm="sh" capability=2  scontext=u:r:xsud:s0 tcontext=u:r:xsud:s0 tclass=capability permissive=1
[  278.097056] type=1400 audit(1785263525.440:20834): avc:  denied  { write } for  comm="sh" name="pulse_fifo_out" dev="dm-53" ino=331471 scontext=u:r:xsud:s0 tcontext=u:object_r:app_data_file:s0 tclass=fifo_file permissive=1
[  278.097207] type=1400 audit(1785263525.440:20835): avc:  denied  { open } for  comm="sh" path="/data/user/0/com.kei.pulse/files/pulse_fifo_out" dev="dm-53" ino=331471 scontext=u:r:xsud:s0 tcontext=u:object_r:app_data_file:s0 tclass=fifo_file permissive=1
[  278.097818] type=1400 audit(1785263525.440:20836): avc:  denied  { read } for  comm="sh" name="pulse_fifo_in" dev="dm-53" ino=331469 scontext=u:r:xsud:s0 tcontext=u:object_r:app_data_file:s0 tclass=fifo_file permissive=1
[  278.114457] type=1400 audit(1785263525.456:20837): avc:  denied  { write } for  comm="xsu" name="xsud" dev="tmpfs" ino=1381 scontext=u:r:untrusted_app:s0:c183,c256,c512,c768 tcontext=u:object_r:xsud_socket:s0 tclass=sock_file permissive=1 app=com.kei.pulse
[  278.117675] audit: audit_lost=19609 audit_rate_limit=5 audit_backlog_limit=64
[  278.117683] audit: rate limit exceeded
[  278.527342] init: Control message: Could not find 'vendor.qti.diaghal@1.0::Idiag/default' for ctl.interface_start from pid: 754 (/system/bin/hwservicemanager)
[  278.566361] [kworke][0x14c99b274][18:32:05.912255] kiwi_v2: [2307:I:PMO] pmo_core_enable_wow_in_fw: drv wow is enabled
[  279.081584] [kworke][0x14d30a45a][18:32:06.427481] kiwi_v2: [2307:I:PMO] pmo_core_psoc_send_host_wakeup_ind_to_fw: Host wakeup indication sent to fw
[  279.090899] [soft_i][0x14d335f1f][18:32:06.436798] kiwi_v2: [0:I:WMA] WLAN triggered wakeup: BPF_ALLOW (39), vdev: 0 (STA)
[  279.091088] [soft_i][0x14d336d72][18:32:06.436988] kiwi_v2: [0:I:WMA] wma_wake_event_packet: Wake event packet:
[  279.528865] init: Control message: Could not find 'vendor.qti.diaghal@1.0::Idiag/default' for ctl.interface_start from pid: 754 (/system/bin/hwservicemanager)
[  279.707862] [kworke][0x14de81f61][18:32:07.053761] kiwi_v2: [2307:I:PMO] pmo_core_enable_wow_in_fw: drv wow is enabled
[  279.766158] audit: audit_lost=19656 audit_rate_limit=5 audit_backlog_limit=64
[  279.766163] audit: rate limit exceeded
[  279.898618] [kworke][0x14e2001a2][18:32:07.244511] kiwi_v2: [2307:I:PMO] pmo_core_psoc_send_host_wakeup_ind_to_fw: Host wakeup indication sent to fw
[  279.908039] [soft_i][0x14e22c4a3][18:32:07.253938] kiwi_v2: [0:I:WMA] WLAN triggered wakeup: BPF_ALLOW (39), vdev: 0 (STA)
[  279.908174] [soft_i][0x14e22cef1][18:32:07.254075] kiwi_v2: [0:I:WMA] wma_wake_event_packet: Wake event packet:
[  280.530245] init: Control message: Could not find 'vendor.qti.diaghal@1.0::Idiag/default' for ctl.interface_start from pid: 754 (/system/bin/hwservicemanager)
[  280.991725] audit: audit_lost=19685 audit_rate_limit=5 audit_backlog_limit=64
[  280.991730] audit: rate limit exceeded
[  281.324504] [kworke][0x14fc1bf97][18:32:08.670404] kiwi_v2: [2307:I:PMO] pmo_core_enable_wow_in_fw: drv wow is enabled
[  281.531209] init: Control message: Could not find 'vendor.qti.diaghal@1.0::Idiag/default' for ctl.interface_start from pid: 754 (/system/bin/hwservicemanager)
[  282.016502] audit: audit_lost=19719 audit_rate_limit=5 audit_backlog_limit=64
[  282.016507] audit: rate limit exceeded
[  282.533020] init: Control message: Could not find 'vendor.qti.diaghal@1.0::Idiag/default' for ctl.interface_start from pid: 754 (/system/bin/hwservicemanager)
[  282.766192] type=1400 audit(1785263530.108:20975): avc:  denied  { open } for  comm="DefaultDispatch" path="/proc/stat" dev="proc" ino=4026532011 scontext=u:r:untrusted_app:s0:c183,c256,c512,c768 tcontext=u:object_r:proc_stat:s0 tclass=file permissive=1 app=com.kei.pulse
[  282.766330] type=1400 audit(1785263530.108:20976): avc:  denied  { getattr } for  comm="DefaultDispatch" path="/proc/stat" dev="proc" ino=4026532011 scontext=u:r:untrusted_app:s0:c183,c256,c512,c768 tcontext=u:object_r:proc_stat:s0 tclass=file permissive=1 app=com.kei.pulse
[  282.881337] [kworke][0x15189da1f][18:32:10.227238] kiwi_v2: [123:I:PMO] pmo_core_psoc_send_host_wakeup_ind_to_fw: Host wakeup indication sent to fw
[  283.023538] type=1400 audit(1785263530.364:20977): avc:  denied  { getattr } for  comm="top" path="/proc/1447" dev="proc" ino=275428 scontext=u:r:system_app:s0 tcontext=u:r:vendor_hal_usb_qti:s0 tclass=dir permissive=1
[  283.023666] type=1400 audit(1785263530.364:20978): avc:  denied  { search } for  comm="top" name="1447" dev="proc" ino=275428 scontext=u:r:system_app:s0 tcontext=u:r:vendor_hal_usb_qti:s0 tclass=dir permissive=1
[  283.534270] init: Control message: Could not find 'vendor.qti.diaghal@1.0::Idiag/default' for ctl.interface_start from pid: 754 (/system/bin/hwservicemanager)
[  283.537128] audit: audit_lost=19731 audit_rate_limit=5 audit_backlog_limit=64
[  283.537132] audit: rate limit exceeded
[  283.537385] type=1400 audit(1785263530.880:20979): avc:  denied  { read } for  comm="cat" name="max_pwrlevel" dev="sysfs" ino=124217 scontext=u:r:xsud:s0 tcontext=u:object_r:vendor_sysfs_kgsl:s0 tclass=file permissive=1
[  284.001455] type=1400 audit(1785263531.344:21023): avc:  denied  { read } for  comm="cat" name="gpuclk" dev="sysfs" ino=124210 scontext=u:r:xsud:s0 tcontext=u:object_r:vendor_sysfs_kgsl_gpuclk:s0 tclass=file permissive=1
[  284.001639] type=1400 audit(1785263531.344:21024): avc:  denied  { open } for  comm="cat" path="/sys/devices/platform/soc/3d00000.qcom,kgsl-3d0/kgsl/kgsl-3d0/gpuclk" dev="sysfs" ino=124210 scontext=u:r:xsud:s0 tcontext=u:object_r:vendor_sysfs_kgsl_gpuclk:s0 tclass=file permissive=1
[  284.025642] type=1400 audit(1785263531.356:21025): avc:  denied  { read } for  comm="top" scontext=u:r:system_app:s0 tcontext=u:r:vendor_hal_qesdhal_default:s0 tclass=file permissive=1
[  284.026426] type=1400 audit(1785263531.356:21026): avc:  denied  { read } for  comm="top" scontext=u:r:system_app:s0 tcontext=u:r:vendor_hal_secureprocessor_qti:s0 tclass=file permissive=1
[  284.026494] type=1400 audit(1785263531.356:21027): avc:  denied  { read } for  comm="top" scontext=u:r:system_app:s0 tcontext=u:r:vendor_sxrd_vndr:s0 tclass=file permissive=1
[  284.536962] init: Control message: Could not find 'vendor.qti.diaghal@1.0::Idiag/default' for ctl.interface_start from pid: 754 (/system/bin/hwservicemanager)
[  284.598479] audit: audit_lost=19800 audit_rate_limit=5 audit_backlog_limit=64
[  284.598484] audit: rate limit exceeded
[  284.680268] [kworke][0x15398e1ee][18:32:12.026168] kiwi_v2: [123:I:PMO] pmo_core_enable_wow_in_fw: drv wow is enabled
[  284.922291] [kworke][0x153dfc905][18:32:12.268183] kiwi_v2: [2307:I:PMO] pmo_core_psoc_send_host_wakeup_ind_to_fw: Host wakeup indication sent to fw
[  284.931556] [soft_i][0x153e2807e][18:32:12.277456] kiwi_v2: [0:I:WMA] WLAN triggered wakeup: BPF_ALLOW (39), vdev: 0 (STA)
[  284.931675] [soft_i][0x153e28991][18:32:12.277577] kiwi_v2: [0:I:WMA] wma_wake_event_packet: Wake event packet:
[  285.537192] init: Control message: Could not find 'vendor.qti.diaghal@1.0::Idiag/default' for ctl.interface_start from pid: 754 (/system/bin/hwservicemanager)
[  285.556012] [kworke][0x15499726d][18:32:12.901908] kiwi_v2: [2307:I:PMO] pmo_core_enable_wow_in_fw: drv wow is enabled
[  285.733182] healthd: battery l=75 v=8007 t=34.0 h=2 st=3 c=-1022669 fc=4162000 cc=0 chg=
[  285.749986] audit: audit_lost=19871 audit_rate_limit=5 audit_backlog_limit=64
[  285.749991] audit: rate limit exceeded
[  285.768067] BATTERY_CHG: battery_psy_set_online: battery_psy_set_online: set online 1
[  286.448832] [kworke][0x1559f0292][18:32:13.794710] kiwi_v2: [2307:I:PMO] pmo_core_psoc_send_host_wakeup_ind_to_fw: Host wakeup indication sent to fw
[  286.458075] [soft_i][0x155a1b967][18:32:13.803975] kiwi_v2: [0:I:WMA] WLAN triggered wakeup: BPF_ALLOW (39), vdev: 0 (STA)
[  286.458233] [soft_i][0x155a1c567][18:32:13.804135] kiwi_v2: [0:I:WMA] wma_wake_event_packet: Wake event packet:
[  286.538952] init: Control message: Could not find 'vendor.qti.diaghal@1.0::Idiag/default' for ctl.interface_start from pid: 754 (/system/bin/hwservicemanager)
[  286.753197] audit: audit_lost=20032 audit_rate_limit=5 audit_backlog_limit=64
[  286.753203] audit: rate limit exceeded
[  287.359883] [kworke][0x156a9ecf6][18:32:14.705782] kiwi_v2: [2307:I:PMO] pmo_core_enable_wow_in_fw: drv wow is enabled
[  287.540423] init: Control message: Could not find 'vendor.qti.diaghal@1.0::Idiag/default' for ctl.interface_start from pid: 754 (/system/bin/hwservicemanager)
[  287.785258] audit: audit_lost=20120 audit_rate_limit=5 audit_backlog_limit=64
[  287.785271] audit: rate limit exceeded
[  288.011148] [kworke][0x15768b9e1][18:32:15.357048] kiwi_v2: [858:I:PMO] pmo_core_psoc_send_host_wakeup_ind_to_fw: Host wakeup indication sent to fw
[  288.542054] init: Control message: Could not find 'vendor.qti.diaghal@1.0::Idiag/default' for ctl.interface_start from pid: 754 (/system/bin/hwservicemanager)
[  288.623227] type=1400 audit(1785263535.964:21390): avc:  denied  { search } for  comm="sh" name="0" dev="tmpfs" ino=12 scontext=u:r:xsud:s0 tcontext=u:object_r:mnt_user_file:s0 tclass=dir permissive=1
[  288.756140] type=1400 audit(1785263536.096:21391): avc:  denied  { getattr } for  comm="top" path="/proc/1447" dev="proc" ino=275428 scontext=u:r:system_app:s0 tcontext=u:r:vendor_hal_usb_qti:s0 tclass=dir permissive=1
[  288.756316] type=1400 audit(1785263536.096:21392): avc:  denied  { search } for  comm="top" name="1447" dev="proc" ino=275428 scontext=u:r:system_app:s0 tcontext=u:r:vendor_hal_usb_qti:s0 tclass=dir permissive=1
[  288.909175] [kworke][0x1586fd1ee][18:32:16.255075] kiwi_v2: [858:I:PMO] pmo_core_enable_wow_in_fw: drv wow is enabled
[  289.421860] [kworke][0x1590604ca][18:32:16.767753] kiwi_v2: [2307:I:PMO] pmo_core_psoc_send_host_wakeup_ind_to_fw: Host wakeup indication sent to fw
[  289.431323] [soft_i][0x15908caf9][18:32:16.777222] kiwi_v2: [0:I:WMA] WLAN triggered wakeup: BPF_ALLOW (39), vdev: 0 (STA)
[  289.431620] [soft_i][0x15908e15b][18:32:16.777521] kiwi_v2: [0:I:WMA] wma_wake_event_packet: Wake event packet:
[  289.545395] init: Control message: Could not find 'vendor.qti.diaghal@1.0::Idiag/default' for ctl.interface_start from pid: 754 (/system/bin/hwservicemanager)
[  289.673172] type=1400 audit(1785263537.016:21393): avc:  denied  { write } for  comm="sh" name="pwm1" dev="sysfs" ino=115174 scontext=u:r:xsud:s0 tcontext=u:object_r:sysfs:s0 tclass=file permissive=1
[  289.673347] type=1400 audit(1785263537.016:21394): avc:  denied  { open } for  comm="sh" path="/sys/devices/platform/soc/soc:pwm-fan/hwmon/hwmon0/pwm1" dev="sysfs" ino=115174 scontext=u:r:xsud:s0 tcontext=u:object_r:sysfs:s0 tclass=file permissive=1
[  289.762083] type=1400 audit(1785263537.104:21395): avc:  denied  { read } for  comm="top" scontext=u:r:system_app:s0 tcontext=u:r:hal_power_default:s0 tclass=file permissive=1
[  289.762247] type=1400 audit(1785263537.104:21396): avc:  denied  { read } for  comm="top" scontext=u:r:system_app:s0 tcontext=u:r:vendor_hal_usb_qti:s0 tclass=file permissive=1
[  289.762357] type=1400 audit(1785263537.104:21397): avc:  denied  { read } for  comm="top" scontext=u:r:system_app:s0 tcontext=u:r:vendor_perf_qesdk:s0 tclass=file permissive=1
[  289.763951] type=1400 audit(1785263537.108:21398): avc:  denied  { getattr } for  comm="top" path="/proc/1380" dev="proc" ino=275425 scontext=u:r:system_app:s0 tcontext=u:r:vendor_hal_identity_qti:s0 tclass=dir permissive=1
[  289.763983] audit: audit_lost=20121 audit_rate_limit=5 audit_backlog_limit=64
[  289.763985] audit: rate limit exceeded
[  289.764082] type=1400 audit(1785263537.108:21399): avc:  denied  { search } for  comm="top" name="1380" dev="proc" ino=275425 scontext=u:r:system_app:s0 tcontext=u:r:vendor_hal_identity_qti:s0 tclass=dir permissive=1
[  290.546568] init: Control message: Could not find 'vendor.qti.diaghal@1.0::Idiag/default' for ctl.interface_start from pid: 754 (/system/bin/hwservicemanager)
[  290.651791] [kworke][0x15a6e5a14][18:32:17.997690] kiwi_v2: [2307:I:PMO] pmo_core_enable_wow_in_fw: drv wow is enabled
[  291.547789] init: Control message: Could not find 'vendor.qti.diaghal@1.0::Idiag/default' for ctl.interface_start from pid: 754 (/system/bin/hwservicemanager)
[  291.759773] audit: audit_lost=20145 audit_rate_limit=5 audit_backlog_limit=64
[  291.759783] audit: rate limit exceeded
[  292.388558] [kworke][0x15c6b2b97][18:32:19.734457] kiwi_v2: [2307:I:PMO] pmo_core_psoc_send_host_wakeup_ind_to_fw: Host wakeup indication sent to fw
[  292.397726] [soft_i][0x15c6ddb36][18:32:19.743625] kiwi_v2: [0:I:WMA] WLAN triggered wakeup: BPF_ALLOW (39), vdev: 0 (STA)
[  292.397839] [soft_i][0x15c6de36c][18:32:19.743735] kiwi_v2: [0:I:WMA] wma_wake_event_packet: Wake event packet:
[  292.549934] init: Control message: Could not find 'vendor.qti.diaghal@1.0::Idiag/default' for ctl.interface_start from pid: 754 (/system/bin/hwservicemanager)
[  293.001263] audit: audit_lost=20213 audit_rate_limit=5 audit_backlog_limit=64
[  293.001271] audit: rate limit exceeded
[  293.594692] servicemanager: Found vendor.qti.hardware.perf2.IPerf/default in device VINTF manifest.
[  293.601701] init: Control message: Could not find 'vendor.qti.diaghal@1.0::Idiag/default' for ctl.interface_start from pid: 754 (/system/bin/hwservicemanager)
[  293.602419] init: Control message: Could not find 'vendor.qti.diaghal@1.0::Idiag/default' for ctl.interface_start from pid: 754 (/system/bin/hwservicemanager)
[  294.003505] audit: audit_lost=20434 audit_rate_limit=5 audit_backlog_limit=64
[  294.003510] audit: rate limit exceeded
[  294.348096] [kworke][0x15ea940c2][18:32:21.693993] kiwi_v2: [2307:I:PMO] pmo_core_enable_wow_in_fw: drv wow is enabled
[  294.460855] type=1400 audit(1785263541.804:21746): avc:  denied  { write } for  comm="Thread-2003" name="pulse_fifo_in" dev="dm-53" ino=331469 scontext=u:r:untrusted_app:s0:c183,c256,c512,c768 tcontext=u:object_r:app_data_file:s0 tclass=fifo_file permissive=1 app=com.kei.pulse
[  294.516236] type=1400 audit(1785263541.856:21747): avc:  denied  { read } for  comm="cat" name="gpuclk" dev="sysfs" ino=124210 scontext=u:r:xsud:s0 tcontext=u:object_r:vendor_sysfs_kgsl_gpuclk:s0 tclass=file permissive=1
[  294.516511] type=1400 audit(1785263541.856:21748): avc:  denied  { open } for  comm="cat" path="/sys/devices/platform/soc/3d00000.qcom,kgsl-3d0/kgsl/kgsl-3d0/gpuclk" dev="sysfs" ino=124210 scontext=u:r:xsud:s0 tcontext=u:object_r:vendor_sysfs_kgsl_gpuclk:s0 tclass=file permissive=1
[  294.526233] type=1400 audit(1785263541.868:21749): avc:  denied  { read } for  comm="cat" name="cur_freq" dev="sysfs" ino=124350 scontext=u:r:xsud:s0 tcontext=u:object_r:vendor_sysfs_kgsl:s0 tclass=file permissive=1
[  294.526334] type=1400 audit(1785263541.868:21750): avc:  denied  { open } for  comm="cat" path="/sys/devices/platform/soc/3d00000.qcom,kgsl-3d0/devfreq/3d00000.qcom,kgsl-3d0/cur_freq" dev="sysfs" ino=124350 scontext=u:r:xsud:s0 tcontext=u:object_r:vendor_sysfs_kgsl:s0 tclass=file permissive=1
[  294.602945] init: Control message: Could not find 'vendor.qti.diaghal@1.0::Idiag/default' for ctl.interface_start from pid: 754 (/system/bin/hwservicemanager)
[  294.956421] [kworke][0x15f5b7924][18:32:22.302318] kiwi_v2: [2307:I:PMO] pmo_core_psoc_send_host_wakeup_ind_to_fw: Host wakeup indication sent to fw
[  294.965869] [soft_i][0x15f5e3df1][18:32:22.311768] kiwi_v2: [0:I:WMA] WLAN triggered wakeup: BPF_ALLOW (39), vdev: 0 (STA)
[  294.965979] [soft_i][0x15f5e464a][18:32:22.311880] kiwi_v2: [0:I:WMA] wma_wake_event_packet: Wake event packet:
[  295.098297] audit: audit_lost=20562 audit_rate_limit=5 audit_backlog_limit=64
[  295.098302] audit: rate limit exceeded
[  295.604727] init: Control message: Could not find 'vendor.qti.diaghal@1.0::Idiag/default' for ctl.interface_start from pid: 754 (/system/bin/hwservicemanager)
[  295.750724] type=1400 audit(1785263543.092:21864): avc:  denied  { read } for  comm="top" scontext=u:r:system_app:s0 tcontext=u:r:hal_allocator_default:s0 tclass=file permissive=1
[  295.750802] type=1400 audit(1785263543.092:21865): avc:  denied  { read } for  comm="top" scontext=u:r:system_app:s0 tcontext=u:r:vendor_hal_identity_qti:s0 tclass=file permissive=1
[  295.750819] type=1400 audit(1785263543.092:21866): avc:  denied  { read } for  comm="top" scontext=u:r:system_app:s0 tcontext=u:r:hal_ir_default:s0 tclass=file permissive=1
[  295.750835] type=1400 audit(1785263543.092:21867): avc:  denied  { read } for  comm="top" scontext=u:r:system_app:s0 tcontext=u:r:vendor_hal_qspmhal_default:s0 tclass=file permissive=1
[  295.750848] type=1400 audit(1785263543.092:21868): avc:  denied  { read } for  comm="top" scontext=u:r:system_app:s0 tcontext=u:r:hal_tsnv_default:s0 tclass=file permissive=1
[  296.389312] [kworke][0x160ff43e7][18:32:23.735208] kiwi_v2: [2307:I:PMO] pmo_core_enable_wow_in_fw: drv wow is enabled
[  296.606883] init: Control message: Could not find 'vendor.qti.diaghal@1.0::Idiag/default' for ctl.interface_start from pid: 754 (/system/bin/hwservicemanager)
[  297.607724] init: Control message: Could not find 'vendor.qti.diaghal@1.0::Idiag/default' for ctl.interface_start from pid: 754 (/system/bin/hwservicemanager)
[  297.746245] audit: audit_lost=20585 audit_rate_limit=5 audit_backlog_limit=64
[  297.746250] audit: rate limit exceeded
[  298.260075] [kworke][0x163235770][18:32:25.605975] kiwi_v2: [123:I:PMO] pmo_core_psoc_send_host_wakeup_ind_to_fw: Host wakeup indication sent to fw
[  298.608452] init: Control message: Could not find 'vendor.qti.diaghal@1.0::Idiag/default' for ctl.interface_start from pid: 754 (/system/bin/hwservicemanager)
[  299.421818] [kworke][0x16477b21a][18:32:26.767717] kiwi_v2: [123:I:PMO] pmo_core_enable_wow_in_fw: drv wow is enabled
[  299.609437] init: Control message: Could not find 'vendor.qti.diaghal@1.0::Idiag/default' for ctl.interface_start from pid: 754 (/system/bin/hwservicemanager)
[  299.706832] type=1400 audit(1785263547.048:21903): avc:  denied  { read } for  comm="cat" name="gpuclk" dev="sysfs" ino=124210 scontext=u:r:xsud:s0 tcontext=u:object_r:vendor_sysfs_kgsl_gpuclk:s0 tclass=file permissive=1
[  299.707101] type=1400 audit(1785263547.048:21904): avc:  denied  { open } for  comm="cat" path="/sys/devices/platform/soc/3d00000.qcom,kgsl-3d0/kgsl/kgsl-3d0/gpuclk" dev="sysfs" ino=124210 scontext=u:r:xsud:s0 tcontext=u:object_r:vendor_sysfs_kgsl_gpuclk:s0 tclass=file permissive=1
[  299.715671] type=1400 audit(1785263547.056:21905): avc:  denied  { read } for  comm="cat" name="min_pwrlevel" dev="sysfs" ino=124218 scontext=u:r:xsud:s0 tcontext=u:object_r:vendor_sysfs_kgsl:s0 tclass=file permissive=1
[  299.715991] type=1400 audit(1785263547.056:21906): avc:  denied  { open } for  comm="cat" path="/sys/devices/platform/soc/3d00000.qcom,kgsl-3d0/kgsl/kgsl-3d0/min_pwrlevel" dev="sysfs" ino=124218 scontext=u:r:xsud:s0 tcontext=u:object_r:vendor_sysfs_kgsl:s0 tclass=file permissive=1
[  299.720223] type=1400 audit(1785263547.060:21907): avc:  denied  { write } for  comm="sh" name="pwm1" dev="sysfs" ino=115174 scontext=u:r:xsud:s0 tcontext=u:object_r:sysfs:s0 tclass=file permissive=1
[  299.720499] type=1400 audit(1785263547.060:21908): avc:  denied  { open } for  comm="sh" path="/sys/devices/platform/soc/soc:pwm-fan/hwmon/hwmon0/pwm1" dev="sysfs" ino=115174 scontext=u:r:xsud:s0 tcontext=u:object_r:sysfs:s0 tclass=file permissive=1
[  299.747337] audit: audit_lost=20591 audit_rate_limit=5 audit_backlog_limit=64
[  299.747343] audit: rate limit exceeded
[  299.747729] type=1400 audit(1785263547.088:21909): avc:  denied  { read } for  comm="top" scontext=u:r:system_app:s0 tcontext=u:r:hal_power_default:s0 tclass=file permissive=1
[  299.969862] [kworke][0x165183dd5][18:32:27.315714] kiwi_v2: [2307:I:PMO] pmo_core_psoc_send_host_wakeup_ind_to_fw: Host wakeup indication sent to fw
[  299.978813] [soft_i][0x1651ae0a2][18:32:27.324711] kiwi_v2: [0:I:WMA] WLAN triggered wakeup: BPF_ALLOW (39), vdev: 0 (STA)
[  299.978930] [soft_i][0x1651ae9a3][18:32:27.324831] kiwi_v2: [0:I:WMA] wma_wake_event_packet: Wake event packet:
[  300.610095] init: Control message: Could not find 'vendor.qti.diaghal@1.0::Idiag/default' for ctl.interface_start from pid: 754 (/system/bin/hwservicemanager)
[  300.750696] type=1400 audit(1785263548.092:21921): avc:  denied  { read } for  comm="top" scontext=u:r:system_app:s0 tcontext=u:r:vendor_hal_spu_qti:s0 tclass=file permissive=1
[  300.751191] type=1400 audit(1785263548.092:21922): avc:  denied  { getattr } for  comm="top" path="/proc/907" dev="proc" ino=275420 scontext=u:r:system_app:s0 tcontext=u:r:vendor_hal_qseecom_default:s0 tclass=dir permissive=1
[  300.751343] type=1400 audit(1785263548.092:21923): avc:  denied  { search } for  comm="top" name="907" dev="proc" ino=275420 scontext=u:r:system_app:s0 tcontext=u:r:vendor_hal_qseecom_default:s0 tclass=dir permissive=1
[  300.797706] [kworke][0x1660ac98f][18:32:28.143603] kiwi_v2: [2307:I:PMO] pmo_core_enable_wow_in_fw: drv wow is enabled
[  301.309639] [kworke][0x166a0c4ca][18:32:28.655540] kiwi_v2: [881:I:PMO] pmo_core_psoc_send_host_wakeup_ind_to_fw: Host wakeup indication sent to fw
[  301.611337] init: Control message: Could not find 'vendor.qti.diaghal@1.0::Idiag/default' for ctl.interface_start from pid: 754 (/system/bin/hwservicemanager)
[  301.742948] audit: audit_lost=20602 audit_rate_limit=5 audit_backlog_limit=64
[  301.742952] audit: rate limit exceeded
[  302.613704] init: Control message: Could not find 'vendor.qti.diaghal@1.0::Idiag/default' for ctl.interface_start from pid: 754 (/system/bin/hwservicemanager)
[  302.742940] [kworke][0x16844ae5d][18:32:30.088841] kiwi_v2: [881:I:PMO] pmo_core_enable_wow_in_fw: drv wow is enabled
[  302.744764] audit: audit_lost=20726 audit_rate_limit=5 audit_backlog_limit=64
[  302.744767] audit: rate limit exceeded
[  303.385904] [kworke][0x169010c80][18:32:30.731803] kiwi_v2: [858:I:PMO] pmo_core_psoc_send_host_wakeup_ind_to_fw: Host wakeup indication sent to fw
[  303.614606] init: Control message: Could not find 'vendor.qti.diaghal@1.0::Idiag/default' for ctl.interface_start from pid: 754 (/system/bin/hwservicemanager)
[  303.760509] audit: audit_lost=20734 audit_rate_limit=5 audit_backlog_limit=64
[  303.760522] audit: rate limit exceeded
[  304.260875] [kworke][0x16a01637a][18:32:31.606776] kiwi_v2: [858:I:PMO] pmo_core_enable_wow_in_fw: drv wow is enabled
[  304.615953] init: Control message: Could not find 'vendor.qti.diaghal@1.0::Idiag/default' for ctl.interface_start from pid: 754 (/system/bin/hwservicemanager)
[  304.986992] [kworke][0x16ad61dfa][18:32:32.332889] kiwi_v2: [2307:I:PMO] pmo_core_psoc_send_host_wakeup_ind_to_fw: Host wakeup indication sent to fw
[  304.993502] audit: audit_lost=20748 audit_rate_limit=5 audit_backlog_limit=64
[  304.993507] audit: rate limit exceeded
[  304.996155] [soft_i][0x16ad8cd59][18:32:32.342054] kiwi_v2: [0:I:WMA] WLAN triggered wakeup: BPF_ALLOW (39), vdev: 0 (STA)
[  304.996288] [soft_i][0x16ad8d783][18:32:32.342189] kiwi_v2: [0:I:WMA] wma_wake_event_packet: Wake event packet:
[  305.146813] type=1400 audit(1785263552.488:22097): avc:  denied  { write } for  comm="Thread-2083" name="pulse_fifo_in" dev="dm-53" ino=331469 scontext=u:r:untrusted_app:s0:c183,c256,c512,c768 tcontext=u:object_r:app_data_file:s0 tclass=fifo_file permissive=1 app=com.kei.pulse
[  305.342191] type=1400 audit(1785263552.684:22098): avc:  denied  { read } for  comm="sh" name="primary" dev="tmpfs" ino=42 scontext=u:r:xsud:s0 tcontext=u:object_r:mnt_user_file:s0 tclass=lnk_file permissive=1
[  305.616138] init: Control message: Could not find 'vendor.qti.diaghal@1.0::Idiag/default' for ctl.interface_start from pid: 754 (/system/bin/hwservicemanager)
[  305.758051] type=1400 audit(1785263553.100:22099): avc:  denied  { getattr } for  comm="top" path="/proc/1447" dev="proc" ino=275428 scontext=u:r:system_app:s0 tcontext=u:r:vendor_hal_usb_qti:s0 tclass=dir permissive=1
[  305.758254] type=1400 audit(1785263553.100:22100): avc:  denied  { search } for  comm="top" name="1447" dev="proc" ino=275428 scontext=u:r:system_app:s0 tcontext=u:r:vendor_hal_usb_qti:s0 tclass=dir permissive=1
[  306.618794] init: Control message: Could not find 'vendor.qti.diaghal@1.0::Idiag/default' for ctl.interface_start from pid: 754 (/system/bin/hwservicemanager)
[  306.735690] [kworke][0x16cd66e83][18:32:34.081589] kiwi_v2: [2307:I:PMO] pmo_core_enable_wow_in_fw: drv wow is enabled
[  306.740708] type=1400 audit(1785263554.084:22101): avc:  denied  { read } for  comm="top" scontext=u:r:system_app:s0 tcontext=u:r:vendor_hal_usb_qti:s0 tclass=file permissive=1
[  306.741530] type=1400 audit(1785263554.084:22102): avc:  denied  { open } for  comm="top" path="/proc/1447/stat" dev="proc" ino=282679 scontext=u:r:system_app:s0 tcontext=u:r:vendor_hal_usb_qti:s0 tclass=file permissive=1
[  307.619944] init: Control message: Could not find 'vendor.qti.diaghal@1.0::Idiag/default' for ctl.interface_start from pid: 754 (/system/bin/hwservicemanager)
[  307.707982] [kworke][0x16df3487f][18:32:35.053883] kiwi_v2: [826:I:PMO] pmo_core_psoc_send_host_wakeup_ind_to_fw: Host wakeup indication sent to fw
[  307.740373] type=1400 audit(1785263555.084:22103): avc:  denied  { read } for  comm="top" scontext=u:r:system_app:s0 tcontext=u:r:vendor_perf_qesdk:s0 tclass=file permissive=1
[  307.741242] type=1400 audit(1785263555.084:22104): avc:  denied  { getattr } for  comm="top" path="/proc/1380" dev="proc" ino=275425 scontext=u:r:system_app:s0 tcontext=u:r:vendor_hal_identity_qti:s0 tclass=dir permissive=1
[  307.741301] type=1400 audit(1785263555.084:22105): avc:  denied  { search } for  comm="top" name="1380" dev="proc" ino=275425 scontext=u:r:system_app:s0 tcontext=u:r:vendor_hal_identity_qti:s0 tclass=dir permissive=1
[  307.742138] type=1400 audit(1785263555.084:22106): avc:  denied  { open } for  comm="top" path="/proc/1879/stat" dev="proc" ino=282787 scontext=u:r:system_app:s0 tcontext=u:r:vendor_perf_qesdk:s0 tclass=file permissive=1
[  308.620710] init: Control message: Could not find 'vendor.qti.diaghal@1.0::Idiag/default' for ctl.interface_start from pid: 754 (/system/bin/hwservicemanager)
[  308.750392] audit: audit_lost=20758 audit_rate_limit=5 audit_backlog_limit=64
[  308.750401] audit: rate limit exceeded
[  309.334102] [kworke][0x16fcfaf7a][18:32:36.680002] kiwi_v2: [826:I:PMO] pmo_core_enable_wow_in_fw: drv wow is enabled
[  309.621864] init: Control message: Could not find 'vendor.qti.diaghal@1.0::Idiag/default' for ctl.interface_start from pid: 754 (/system/bin/hwservicemanager)
[  309.765341] audit: audit_lost=20778 audit_rate_limit=5 audit_backlog_limit=64
[  309.765345] audit: rate limit exceeded
[  310.004209] [kworke][0x170940143][18:32:37.350106] kiwi_v2: [2307:I:PMO] pmo_core_psoc_send_host_wakeup_ind_to_fw: Host wakeup indication sent to fw
[  310.013608] [soft_i][0x17096c23f][18:32:37.359506] kiwi_v2: [0:I:WMA] WLAN triggered wakeup: BPF_ALLOW (39), vdev: 0 (STA)
[  310.013750] [soft_i][0x17096cd1a][18:32:37.359651] kiwi_v2: [0:I:WMA] wma_wake_event_packet: Wake event packet:
[  310.625583] init: Control message: Could not find 'vendor.qti.diaghal@1.0::Idiag/default' for ctl.interface_start from pid: 754 (/system/bin/hwservicemanager)
[  310.632009] [kworke][0x1714bee40][18:32:37.977906] kiwi_v2: [2307:I:PMO] pmo_core_enable_wow_in_fw: drv wow is enabled
[  310.751608] type=1400 audit(1785263558.092:22140): avc:  denied  { read } for  comm="top" scontext=u:r:system_app:s0 tcontext=u:r:vendor_hal_spu_qti:s0 tclass=file permissive=1
[  310.751931] type=1400 audit(1785263558.092:22141): avc:  denied  { read } for  comm="top" scontext=u:r:system_app:s0 tcontext=u:r:vendor_per_proxy:s0 tclass=file permissive=1
[  310.752314] type=1400 audit(1785263558.096:22142): avc:  denied  { getattr } for  comm="top" path="/proc/907" dev="proc" ino=275420 scontext=u:r:system_app:s0 tcontext=u:r:vendor_hal_qseecom_default:s0 tclass=dir permissive=1
[  310.752408] type=1400 audit(1785263558.096:22143): avc:  denied  { search } for  comm="top" name="907" dev="proc" ino=275420 scontext=u:r:system_app:s0 tcontext=u:r:vendor_hal_qseecom_default:s0 tclass=dir permissive=1
[  310.752704] type=1400 audit(1785263558.096:22144): avc:  denied  { getattr } for  comm="top" path="/proc/1073" dev="proc" ino=275423 scontext=u:r:system_app:s0 tcontext=u:r:vendor_hal_keymint_spu_qti:s0 tclass=dir permissive=1
[  310.902448] audit: audit_lost=20786 audit_rate_limit=5 audit_backlog_limit=64
[  310.902455] audit: rate limit exceeded
[  311.124716] [kworke][0x171dc473e][18:32:38.470613] kiwi_v2: [2307:I:PMO] pmo_core_psoc_send_host_wakeup_ind_to_fw: Host wakeup indication sent to fw
[  311.133970] [soft_i][0x171defd92][18:32:38.479870] kiwi_v2: [0:I:WMA] WLAN triggered wakeup: BPF_ALLOW (39), vdev: 0 (STA)
[  311.134078] [soft_i][0x171df05c0][18:32:38.479979] kiwi_v2: [0:I:WMA] wma_wake_event_packet: Wake event packet:
[  311.627381] init: Control message: Could not find 'vendor.qti.diaghal@1.0::Idiag/default' for ctl.interface_start from pid: 754 (/system/bin/hwservicemanager)
[  311.751836] type=1400 audit(1785263559.096:22187): avc:  denied  { open } for  comm="top" path="/proc/1495/stat" dev="proc" ino=282719 scontext=u:r:system_app:s0 tcontext=u:r:hal_light_default:s0 tclass=file permissive=1
[  311.752052] type=1400 audit(1785263559.096:22188): avc:  denied  { open } for  comm="top" path="/proc/1508/stat" dev="proc" ino=282723 scontext=u:r:system_app:s0 tcontext=u:r:vendor_hal_secureprocessor_qti:s0 tclass=file permissive=1
[  311.752106] type=1400 audit(1785263559.096:22189): avc:  denied  { getattr } for  comm="top" path="/proc/1513" dev="proc" ino=275441 scontext=u:r:system_app:s0 tcontext=u:r:vendor_hal_sensorscalibrate_qti_default:s0 tclass=dir permissive=1
[  311.752144] type=1400 audit(1785263559.096:22190): avc:  denied  { search } for  comm="top" name="1513" dev="proc" ino=275441 scontext=u:r:system_app:s0 tcontext=u:r:vendor_hal_sensorscalibrate_qti_default:s0 tclass=dir permissive=1
[  311.752179] type=1400 audit(1785263559.096:22191): avc:  denied  { getattr } for  comm="top" path="/proc/1521" dev="proc" ino=275442 scontext=u:r:system_app:s0 tcontext=u:r:vendor_hal_srvctracker_default:s0 tclass=dir permissive=1
[  312.003518] audit: audit_lost=20849 audit_rate_limit=5 audit_backlog_limit=64
[  312.003526] audit: rate limit exceeded
[  312.628648] init: Control message: Could not find 'vendor.qti.diaghal@1.0::Idiag/default' for ctl.interface_start from pid: 754 (/system/bin/hwservicemanager)
[  313.010158] audit: audit_lost=20959 audit_rate_limit=5 audit_backlog_limit=64
[  313.010168] audit: rate limit exceeded
[  313.630022] init: Control message: Could not find 'vendor.qti.diaghal@1.0::Idiag/default' for ctl.interface_start from pid: 754 (/system/bin/hwservicemanager)
[  313.693451] servicemanager: Found vendor.qti.hardware.perf2.IPerf/default in device VINTF manifest.
[  313.698716] init: Control message: Could not find 'vendor.qti.diaghal@1.0::Idiag/default' for ctl.interface_start from pid: 754 (/system/bin/hwservicemanager)
[  313.698886] init: Control message: Could not find 'vendor.qti.diaghal@1.0::Idiag/default' for ctl.interface_start from pid: 754 (/system/bin/hwservicemanager)
[  314.545991] audit: audit_lost=21174 audit_rate_limit=5 audit_backlog_limit=64
[  314.545996] audit: rate limit exceeded
[  314.699972] init: Control message: Could not find 'vendor.qti.diaghal@1.0::Idiag/default' for ctl.interface_start from pid: 754 (/system/bin/hwservicemanager)
[  315.638152] [kworke][0x1770692f7][18:32:42.984049] kiwi_v2: [2202:I:PMO] pmo_core_enable_wow_in_fw: drv wow is enabled
[  315.701491] init: Control message: Could not find 'vendor.qti.diaghal@1.0::Idiag/default' for ctl.interface_start from pid: 754 (/system/bin/hwservicemanager)
[  315.731606] audit: audit_lost=21280 audit_rate_limit=5 audit_backlog_limit=64
[  315.731609] audit: rate limit exceeded
[  315.947980] [kworke][0x177615811][18:32:43.293877] kiwi_v2: [2307:I:PMO] pmo_core_psoc_send_host_wakeup_ind_to_fw: Host wakeup indication sent to fw
[  315.957199] [soft_i][0x177640ba3][18:32:43.303098] kiwi_v2: [0:I:WMA] WLAN triggered wakeup: BPF_ALLOW (39), vdev: 0 (STA)
[  315.957333] [soft_i][0x1776415d5][18:32:43.303234] kiwi_v2: [0:I:WMA] wma_wake_event_packet: Wake event packet:
[  316.322070] type=1400 audit(1785263563.664:22719): avc:  denied  { write } for  comm="sh" name="pulse_fifo_out" dev="dm-53" ino=331471 scontext=u:r:xsud:s0 tcontext=u:object_r:app_data_file:s0 tclass=fifo_file permissive=1
[  316.335881] type=1400 audit(1785263563.676:22720): avc:  denied  { connectto } for  comm="xsu" path="/dev/socket/xsud" scontext=u:r:untrusted_app:s0:c183,c256,c512,c768 tcontext=u:r:xsud:s0 tclass=unix_stream_socket permissive=1 app=com.kei.pulse
[  316.344091] type=1400 audit(1785263563.688:22721): avc:  denied  { search } for  comm="sh" name="/" dev="fuse" ino=131 scontext=u:r:xsud:s0 tcontext=u:object_r:fuse:s0 tclass=dir permissive=1
[  316.345244] type=1400 audit(1785263563.688:22722): avc:  denied  { search } for  comm="sh" name="com.kei.pulse" dev="dm-53" ino=329013 scontext=u:r:xsud:s0 tcontext=u:object_r:app_data_file:s0:c183,c256,c512,c768 tclass=dir permissive=1
[  316.346294] type=1400 audit(1785263563.688:22723): avc:  denied  { read } for  comm="sh" name="fps-probe.sh" dev="dm-53" ino=330200 scontext=u:r:xsud:s0 tcontext=u:object_r:app_data_file:s0:c183,c256,c512,c768 tclass=file permissive=1
[  316.702708] init: Control message: Could not find 'vendor.qti.diaghal@1.0::Idiag/default' for ctl.interface_start from pid: 754 (/system/bin/hwservicemanager)
[  316.736341] audit: audit_lost=21338 audit_rate_limit=5 audit_backlog_limit=64
[  316.736347] audit: rate limit exceeded
[  316.872966] [kworke][0x17870564c][18:32:44.218866] kiwi_v2: [881:I:PMO] pmo_core_enable_wow_in_fw: drv wow is enabled
[  317.165990] [kworke][0x178c62ed5][18:32:44.511887] kiwi_v2: [2307:I:PMO] pmo_core_psoc_send_host_wakeup_ind_to_fw: Host wakeup indication sent to fw
[  317.174975] [soft_i][0x178c8d0c7][18:32:44.520873] kiwi_v2: [0:I:WMA] WLAN triggered wakeup: BPF_ALLOW (39), vdev: 0 (STA)
[  317.175058] [soft_i][0x178c8d744][18:32:44.520959] kiwi_v2: [0:I:WMA] wma_wake_event_packet: Wake event packet:
[  317.666504] type=1400 audit(1785263565.008:22765): avc:  denied  { execute } for  comm="DefaultDispatch" name="xsu" dev="dm-11" ino=188 scontext=u:r:untrusted_app:s0:c183,c256,c512,c768 tcontext=u:object_r:xsu_exec:s0 tclass=file permissive=1 app=com.kei.pulse
[  317.666709] type=1400 audit(1785263565.008:22766): avc:  denied  { read open } for  comm="DefaultDispatch" path="/product/bin/xsu" dev="dm-11" ino=188 scontext=u:r:untrusted_app:s0:c183,c256,c512,c768 tcontext=u:object_r:xsu_exec:s0 tclass=file permissive=1 app=com.kei.pulse
[  317.666940] type=1400 audit(1785263565.008:22767): avc:  denied  { execute_no_trans } for  comm="DefaultDispatch" path="/product/bin/xsu" dev="dm-11" ino=188 scontext=u:r:untrusted_app:s0:c183,c256,c512,c768 tcontext=u:object_r:xsu_exec:s0 tclass=file permissive=1 app=com.kei.pulse
[  317.667030] type=1400 audit(1785263565.008:22768): avc:  denied  { map } for  comm="xsu" path="/product/bin/xsu" dev="dm-11" ino=188 scontext=u:r:untrusted_app:s0:c183,c256,c512,c768 tcontext=u:object_r:xsu_exec:s0 tclass=file permissive=1 app=com.kei.pulse
[  317.667088] type=1400 audit(1785263565.008:22769): avc:  denied  { getattr } for  comm="xsu" path="/product/bin/xsu" dev="dm-11" ino=188 scontext=u:r:untrusted_app:s0:c183,c256,c512,c768 tcontext=u:object_r:xsu_exec:s0 tclass=file permissive=1 app=com.kei.pulse
[  317.703630] init: Control message: Could not find 'vendor.qti.diaghal@1.0::Idiag/default' for ctl.interface_start from pid: 754 (/system/bin/hwservicemanager)
[  317.739627] audit: audit_lost=21389 audit_rate_limit=5 audit_backlog_limit=64
[  317.739632] audit: rate limit exceeded
[  318.617115] [kworke][0x17a6f5123][18:32:45.963011] kiwi_v2: [2307:I:PMO] pmo_core_enable_wow_in_fw: drv wow is enabled
[  318.705192] init: Control message: Could not find 'vendor.qti.diaghal@1.0::Idiag/default' for ctl.interface_start from pid: 754 (/system/bin/hwservicemanager)
[  318.755413] [kworke][0x17a97d5c9][18:32:46.101313] kiwi_v2: [826:I:PMO] pmo_core_psoc_send_host_wakeup_ind_to_fw: Host wakeup indication sent to fw
[  319.520881] [kworke][0x17b7817e0][18:32:46.866781] kiwi_v2: [826:I:PMO] pmo_core_enable_wow_in_fw: drv wow is enabled
[  319.706959] init: Control message: Could not find 'vendor.qti.diaghal@1.0::Idiag/default' for ctl.interface_start from pid: 754 (/system/bin/hwservicemanager)
[  320.039159] [kworke][0x17c0fee8d][18:32:47.385057] kiwi_v2: [2307:I:PMO] pmo_core_psoc_send_host_wakeup_ind_to_fw: Host wakeup indication sent to fw
[  320.048288] [soft_i][0x17c129b68][18:32:47.394188] kiwi_v2: [0:I:WMA] WLAN triggered wakeup: BPF_ALLOW (39), vdev: 0 (STA)
[  320.048414] [soft_i][0x17c12a4e4][18:32:47.394314] kiwi_v2: [0:I:WMA] wma_wake_event_packet: Wake event packet:
[  320.712789] init: Control message: Could not find 'vendor.qti.diaghal@1.0::Idiag/default' for ctl.interface_start from pid: 754 (/system/bin/hwservicemanager)
[  320.741014] audit: audit_lost=21409 audit_rate_limit=5 audit_backlog_limit=64
[  320.741023] audit: rate limit exceeded
[  321.165768] [kworke][0x17d59fe2c][18:32:48.511665] kiwi_v2: [2307:I:PMO] pmo_core_enable_wow_in_fw: drv wow is enabled
[  321.317480] [kworke][0x17d8670dc][18:32:48.663381] kiwi_v2: [41:I:PMO] pmo_core_psoc_send_host_wakeup_ind_to_fw: Host wakeup indication sent to fw
[  321.715171] init: Control message: Could not find 'vendor.qti.diaghal@1.0::Idiag/default' for ctl.interface_start from pid: 754 (/system/bin/hwservicemanager)
[  321.743742] audit: audit_lost=21431 audit_rate_limit=5 audit_backlog_limit=64
[  321.743746] audit: rate limit exceeded
[  321.998202] type=1400 audit(1785263569.340:22851): avc:  denied  { read } for  comm="top" scontext=u:r:system_app:s0 tcontext=u:r:hal_fingerprint_default:s0 tclass=file permissive=1
[  321.998367] type=1400 audit(1785263569.340:22852): avc:  denied  { read } for  comm="top" scontext=u:r:system_app:s0 tcontext=u:r:vendor_hal_capabilityconfigstore_qti_default:s0 tclass=file permissive=1
[  322.000375] type=1400 audit(1785263569.344:22853): avc:  denied  { getattr } for  comm="top" path="/proc/1073" dev="proc" ino=275423 scontext=u:r:system_app:s0 tcontext=u:r:vendor_hal_keymint_spu_qti:s0 tclass=dir permissive=1
[  322.000507] type=1400 audit(1785263569.344:22854): avc:  denied  { search } for  comm="top" name="1073" dev="proc" ino=275423 scontext=u:r:system_app:s0 tcontext=u:r:vendor_hal_keymint_spu_qti:s0 tclass=dir permissive=1
[  322.001754] type=1400 audit(1785263569.344:22855): avc:  denied  { open } for  comm="top" path="/proc/1479/stat" dev="proc" ino=282711 scontext=u:r:system_app:s0 tcontext=u:r:hal_fingerprint_default:s0 tclass=file permissive=1
[  322.700666] [kworke][0x17f1babcc][18:32:50.046566] kiwi_v2: [41:I:PMO] pmo_core_enable_wow_in_fw: drv wow is enabled
[  322.717073] init: Control message: Could not find 'vendor.qti.diaghal@1.0::Idiag/default' for ctl.interface_start from pid: 754 (/system/bin/hwservicemanager)
[  322.980496] audit: audit_lost=21483 audit_rate_limit=5 audit_backlog_limit=64
[  322.980501] audit: rate limit exceeded
[  323.250157] type=1400 audit(1785263570.592:22904): avc:  denied  { search } for  comm="sh" name="/" dev="fuse" ino=131 scontext=u:r:xsud:s0 tcontext=u:object_r:fuse:s0 tclass=dir permissive=1
[  323.250541] type=1400 audit(1785263570.592:22905): avc:  denied  { append } for  comm="sh" name="pulse_20260728_202800_cap_poll.log" dev="fuse" ino=331481 scontext=u:r:xsud:s0 tcontext=u:object_r:fuse:s0 tclass=file permissive=1
[  323.250695] type=1400 audit(1785263570.592:22906): avc:  denied  { open } for  comm="sh" path="/storage/emulated/0/apl_pulse_logs/pulse_20260728_202800_cap_poll.log" dev="fuse" ino=331481 scontext=u:r:xsud:s0 tcontext=u:object_r:fuse:s0 tclass=file permissive=1
[  323.273961] type=1400 audit(1785263570.616:22907): avc:  denied  { ioctl } for  comm="dmesg" path="/storage/emulated/0/apl_pulse_logs/pulse_20260728_202800_dmesg.log" dev="fuse" ino=331496 ioctlcmd=0x5401 scontext=u:r:xsud:s0 tcontext=u:object_r:fuse:s0 tclass=file permissive=1
[  323.274107] type=1400 audit(1785263570.616:22908): avc:  denied  { read } for  comm="dmesg" name="kmsg" dev="tmpfs" ino=5 scontext=u:r:xsud:s0 tcontext=u:object_r:kmsg_device:s0 tclass=chr_file permissive=1
[  323.513044] [kworke][0x18009abe9][18:32:50.858942] kiwi_v2: [2307:I:PMO] pmo_core_psoc_send_host_wakeup_ind_to_fw: Host wakeup indication sent to fw
[  323.522389] [soft_i][0x1800c68ed][18:32:50.868288] kiwi_v2: [0:I:WMA] WLAN triggered wakeup: BPF_ALLOW (39), vdev: 0 (STA)
[  323.522539] [soft_i][0x1800c7457][18:32:50.868440] kiwi_v2: [0:I:WMA] wma_wake_event_packet: Wake event packet:
[  323.721176] init: Control message: Could not find 'vendor.qti.diaghal@1.0::Idiag/default' for ctl.interface_start from pid: 754 (/system/bin/hwservicemanager)
[  324.003731] audit: audit_lost=21541 audit_rate_limit=5 audit_backlog_limit=64
[  324.003743] audit: rate limit exceeded
[  324.722276] init: Control message: Could not find 'vendor.qti.diaghal@1.0::Idiag/default' for ctl.interface_start from pid: 754 (/system/bin/hwservicemanager)
[  324.747779] [kworke][0x18173692f][18:32:52.093678] kiwi_v2: [858:I:PMO] pmo_core_enable_wow_in_fw: drv wow is enabled
[  325.058515] [kworke][0x181ce7214][18:32:52.404410] kiwi_v2: [2307:I:PMO] pmo_core_psoc_send_host_wakeup_ind_to_fw: Host wakeup indication sent to fw
[  325.067782] [soft_i][0x181d1295e][18:32:52.413681] kiwi_v2: [0:I:WMA] WLAN triggered wakeup: BPF_ALLOW (39), vdev: 0 (STA)
[  325.067923] [soft_i][0x181d13421][18:32:52.413824] kiwi_v2: [0:I:WMA] wma_wake_event_packet: Wake event packet:
[  325.198121] audit: audit_lost=21588 audit_rate_limit=5 audit_backlog_limit=64
[  325.198126] audit: rate limit exceeded
[  325.692118] [kworke][0x182881278][18:32:53.038015] kiwi_v2: [2307:I:PMO] pmo_core_enable_wow_in_fw: drv wow is enabled
[  325.725153] init: Control message: Could not find 'vendor.qti.diaghal@1.0::Idiag/default' for ctl.interface_start from pid: 754 (/system/bin/hwservicemanager)
[  326.664616] audit: audit_lost=21590 audit_rate_limit=5 audit_backlog_limit=64
[  326.664627] audit: rate limit exceeded
[  326.725454] init: Control message: Could not find 'vendor.qti.diaghal@1.0::Idiag/default' for ctl.interface_start from pid: 754 (/system/bin/hwservicemanager)
[  327.726486] init: Control message: Could not find 'vendor.qti.diaghal@1.0::Idiag/default' for ctl.interface_start from pid: 754 (/system/bin/hwservicemanager)
[  327.726538] audit: audit_lost=21619 audit_rate_limit=5 audit_backlog_limit=64
[  327.726540] audit: rate limit exceeded
[  328.010140] type=1400 audit(1785263575.352:23057): avc:  denied  { write } for  comm="xsu" name="xsud" dev="tmpfs" ino=1381 scontext=u:r:untrusted_app:s0:c183,c256,c512,c768 tcontext=u:object_r:xsud_socket:s0 tclass=sock_file permissive=1 app=com.kei.pulse
[  328.010737] type=1400 audit(1785263575.352:23058): avc:  denied  { dac_read_search } for  comm="sh" capability=2  scontext=u:r:xsud:s0 tcontext=u:r:xsud:s0 tclass=capability permissive=1
[  328.046026] [kworke][0x18539b1a9][18:32:55.391925] kiwi_v2: [2307:I:PMO] pmo_core_psoc_send_host_wakeup_ind_to_fw: Host wakeup indication sent to fw
[  328.125515] type=1400 audit(1785263575.468:23059): avc:  denied  { setattr } for  comm="chmod" name="scaling_max_freq" dev="sysfs" ino=75043 scontext=u:r:xsud:s0 tcontext=u:object_r:sysfs_devices_system_cpu:s0 tclass=file permissive=1
[  328.125743] type=1400 audit(1785263575.468:23060): avc:  denied  { fowner } for  comm="chmod" capability=3  scontext=u:r:xsud:s0 tcontext=u:r:xsud:s0 tclass=capability permissive=1
[  328.125823] type=1400 audit(1785263575.468:23061): avc:  denied  { fsetid } for  comm="chmod" capability=4  scontext=u:r:xsud:s0 tcontext=u:r:xsud:s0 tclass=capability permissive=1
[  328.729377] init: Control message: Could not find 'vendor.qti.diaghal@1.0::Idiag/default' for ctl.interface_start from pid: 754 (/system/bin/hwservicemanager)
[  328.904619] [kworke][0x186353c0b][18:32:56.250516] kiwi_v2: [2307:I:PMO] pmo_core_enable_wow_in_fw: drv wow is enabled
[  328.974386] audit: audit_lost=21699 audit_rate_limit=5 audit_backlog_limit=64
[  328.974391] audit: rate limit exceeded
[  329.000525] [kworke][0x186515512][18:32:56.346423] kiwi_v2: [123:I:PMO] pmo_core_psoc_send_host_wakeup_ind_to_fw: Host wakeup indication sent to fw
[  329.589591] type=1400 audit(1785263576.932:23155): avc:  denied  { search } for  comm="sh" name="/" dev="fuse" ino=131 scontext=u:r:xsud:s0 tcontext=u:object_r:fuse:s0 tclass=dir permissive=1
[  329.600302] type=1400 audit(1785263576.940:23156): avc:  denied  { read } for  comm="dmesg" name="kmsg" dev="tmpfs" ino=5 scontext=u:r:xsud:s0 tcontext=u:object_r:kmsg_device:s0 tclass=chr_file permissive=1
[  329.600737] type=1400 audit(1785263576.940:23157): avc:  denied  { open } for  comm="dmesg" path="/dev/kmsg" dev="tmpfs" ino=5 scontext=u:r:xsud:s0 tcontext=u:object_r:kmsg_device:s0 tclass=chr_file permissive=1
[  329.723742] type=1400 audit(1785263577.064:23158): avc:  denied  { read } for  comm="top" name="pid_max" dev="proc" ino=281965 scontext=u:r:system_app:s0 tcontext=u:object_r:proc_pid_max:s0 tclass=file permissive=1
[  329.724774] type=1400 audit(1785263577.064:23159): avc:  denied  { open } for  comm="top" path="/proc/sys/kernel/pid_max" dev="proc" ino=281965 scontext=u:r:system_app:s0 tcontext=u:object_r:proc_pid_max:s0 tclass=file permissive=1
[  329.730908] init: Control message: Could not find 'vendor.qti.diaghal@1.0::Idiag/default' for ctl.interface_start from pid: 754 (/system/bin/hwservicemanager)
[  329.870240] [kworke][0x1875021ac][18:32:57.216138] kiwi_v2: [123:I:PMO] pmo_core_enable_wow_in_fw: drv wow is enabled
[  329.978342] audit: audit_lost=21736 audit_rate_limit=5 audit_backlog_limit=64
[  329.978348] audit: rate limit exceeded
[  330.076322] [kworke][0x1878c81ab][18:32:57.422218] kiwi_v2: [2307:I:PMO] pmo_core_psoc_send_host_wakeup_ind_to_fw: Host wakeup indication sent to fw
[  330.085702] [soft_i][0x1878f4039][18:32:57.431585] kiwi_v2: [0:I:WMA] WLAN triggered wakeup: BPF_ALLOW (39), vdev: 0 (STA)
[  330.085803] [soft_i][0x1878f4913][18:32:57.431703] kiwi_v2: [0:I:WMA] wma_wake_event_packet: Wake event packet:
[  330.708189] [kworke][0x188459fc3][18:32:58.054086] kiwi_v2: [2307:I:PMO] pmo_core_enable_wow_in_fw: drv wow is enabled
[  330.732836] init: Control message: Could not find 'vendor.qti.diaghal@1.0::Idiag/default' for ctl.interface_start from pid: 754 (/system/bin/hwservicemanager)
[  331.154899] audit: audit_lost=21748 audit_rate_limit=5 audit_backlog_limit=64
[  331.154909] audit: rate limit exceeded
[  331.610285] [kworke][0x1894de900][18:32:58.956182] kiwi_v2: [2307:I:PMO] pmo_core_psoc_send_host_wakeup_ind_to_fw: Host wakeup indication sent to fw
[  331.619531] [soft_i][0x189509e8f][18:32:58.965430] kiwi_v2: [0:I:WMA] WLAN triggered wakeup: BPF_ALLOW (39), vdev: 0 (STA)
[  331.619636] [soft_i][0x18950a60f][18:32:58.965530] kiwi_v2: [0:I:WMA] wma_wake_event_packet: Wake event packet:
[  331.733280] init: Control message: Could not find 'vendor.qti.diaghal@1.0::Idiag/default' for ctl.interface_start from pid: 754 (/system/bin/hwservicemanager)
[  332.155869] audit: audit_lost=21764 audit_rate_limit=5 audit_backlog_limit=64
[  332.155882] audit: rate limit exceeded
[  332.734670] init: Control message: Could not find 'vendor.qti.diaghal@1.0::Idiag/default' for ctl.interface_start from pid: 754 (/system/bin/hwservicemanager)
[  332.753044] [kworke][0x18a9cb3eb][18:33:00.098941] kiwi_v2: [2307:I:PMO] pmo_core_enable_wow_in_fw: drv wow is enabled
[  332.912511] [kworke][0x18acb6bc0][18:33:00.258406] kiwi_v2: [2307:I:PMO] pmo_core_psoc_send_host_wakeup_ind_to_fw: Host wakeup indication sent to fw
[  333.334581] audit: audit_lost=21792 audit_rate_limit=5 audit_backlog_limit=64
[  333.334586] audit: rate limit exceeded
[  333.730770] type=1400 audit(1785263581.072:23258): avc:  denied  { read } for  comm="top" name="pid_max" dev="proc" ino=281965 scontext=u:r:system_app:s0 tcontext=u:object_r:proc_pid_max:s0 tclass=file permissive=1
[  333.730879] type=1400 audit(1785263581.072:23259): avc:  denied  { open } for  comm="top" path="/proc/sys/kernel/pid_max" dev="proc" ino=281965 scontext=u:r:system_app:s0 tcontext=u:object_r:proc_pid_max:s0 tclass=file permissive=1
[  333.730919] type=1400 audit(1785263581.072:23260): avc:  denied  { read } for  comm="top" scontext=u:r:system_app:s0 tcontext=u:r:servicemanager:s0 tclass=file permissive=1
[  333.730953] type=1400 audit(1785263581.072:23261): avc:  denied  { read } for  comm="top" scontext=u:r:system_app:s0 tcontext=u:r:hwservicemanager:s0 tclass=file permissive=1
[  333.730988] type=1400 audit(1785263581.072:23262): avc:  denied  { read } for  comm="top" scontext=u:r:system_app:s0 tcontext=u:r:vndservicemanager:s0 tclass=file permissive=1
[  333.810385] servicemanager: Found vendor.qti.hardware.perf2.IPerf/default in device VINTF manifest.
[  333.815560] init: Control message: Could not find 'vendor.qti.diaghal@1.0::Idiag/default' for ctl.interface_start from pid: 754 (/system/bin/hwservicemanager)
[  333.815807] init: Control message: Could not find 'vendor.qti.diaghal@1.0::Idiag/default' for ctl.interface_start from pid: 754 (/system/bin/hwservicemanager)
[  334.344554] audit: audit_lost=22052 audit_rate_limit=5 audit_backlog_limit=64
[  334.344559] audit: rate limit exceeded
[  334.817493] init: Control message: Could not find 'vendor.qti.diaghal@1.0::Idiag/default' for ctl.interface_start from pid: 754 (/system/bin/hwservicemanager)
[  334.973649] type=1400 audit(1785263582.316:23604): avc:  denied  { write } for  comm="sh" name="pwm1" dev="sysfs" ino=115174 scontext=u:r:xsud:s0 tcontext=u:object_r:sysfs:s0 tclass=file permissive=1
[  334.973755] type=1400 audit(1785263582.316:23605): avc:  denied  { open } for  comm="sh" path="/sys/devices/platform/soc/soc:pwm-fan/hwmon/hwmon0/pwm1" dev="sysfs" ino=115174 scontext=u:r:xsud:s0 tcontext=u:object_r:sysfs:s0 tclass=file permissive=1
[  334.974236] type=1400 audit(1785263582.316:23606): avc:  denied  { read } for  comm="top" scontext=u:r:system_app:s0 tcontext=u:r:vendor_hal_qesdhal_default:s0 tclass=file permissive=1
[  334.974461] type=1400 audit(1785263582.316:23607): avc:  denied  { read } for  comm="top" scontext=u:r:system_app:s0 tcontext=u:r:vendor_qesdsect:s0 tclass=file permissive=1
[  334.974515] type=1400 audit(1785263582.316:23608): avc:  denied  { read } for  comm="top" scontext=u:r:system_app:s0 tcontext=u:r:hal_fingerprint_default:s0 tclass=file permissive=1
[  335.720412] audit: audit_lost=22162 audit_rate_limit=5 audit_backlog_limit=64
[  335.720417] audit: rate limit exceeded
[  335.768378] [kworke][0x18e101a0f][18:33:03.114277] kiwi_v2: [2307:I:PMO] pmo_core_enable_wow_in_fw: drv wow is enabled
[  335.817358] init: Control message: Could not find 'vendor.qti.diaghal@1.0::Idiag/default' for ctl.interface_start from pid: 754 (/system/bin/hwservicemanager)
[  335.889224] [kworke][0x18e338172][18:33:03.235122] kiwi_v2: [2202:I:PMO] pmo_core_psoc_send_host_wakeup_ind_to_fw: Host wakeup indication sent to fw
[  336.820006] init: Control message: Could not find 'vendor.qti.diaghal@1.0::Idiag/default' for ctl.interface_start from pid: 754 (/system/bin/hwservicemanager)
[  336.972093] audit: audit_lost=22266 audit_rate_limit=5 audit_backlog_limit=64
[  336.972099] audit: rate limit exceeded
[  337.147715] [kworke][0x18fa4345b][18:33:04.493614] kiwi_v2: [2202:I:PMO] pmo_core_enable_wow_in_fw: drv wow is enabled
[  337.550010] [kworke][0x1901a1031][18:33:04.895905] kiwi_v2: [2307:I:PMO] pmo_core_psoc_send_host_wakeup_ind_to_fw: Host wakeup indication sent to fw
[  337.558986] [soft_i][0x1901cb1ad][18:33:04.904885] kiwi_v2: [0:I:WMA] WLAN triggered wakeup: BPF_ALLOW (39), vdev: 0 (STA)
[  337.559096] [soft_i][0x1901cba18][18:33:04.904997] kiwi_v2: [0:I:WMA] wma_wake_event_packet: Wake event packet:
[  337.821290] init: Control message: Could not find 'vendor.qti.diaghal@1.0::Idiag/default' for ctl.interface_start from pid: 754 (/system/bin/hwservicemanager)
[  338.718000] audit: audit_lost=22303 audit_rate_limit=5 audit_backlog_limit=64
[  338.718005] audit: rate limit exceeded
[  338.782036] [kworke][0x191830244][18:33:06.127933] kiwi_v2: [2307:I:PMO] pmo_core_enable_wow_in_fw: drv wow is enabled
[  338.822463] init: Control message: Could not find 'vendor.qti.diaghal@1.0::Idiag/default' for ctl.interface_start from pid: 754 (/system/bin/hwservicemanager)
[  339.258149] [kworke][0x1920e7eac][18:33:06.604045] kiwi_v2: [2202:I:PMO] pmo_core_psoc_send_host_wakeup_ind_to_fw: Host wakeup indication sent to fw
[  339.729576] type=1400 audit(1785263587.072:23816): avc:  denied  { read } for  comm="top" scontext=u:r:system_app:s0 tcontext=u:r:vendor_hal_spu_qti:s0 tclass=file permissive=1
[  339.730219] type=1400 audit(1785263587.072:23817): avc:  denied  { read } for  comm="top" scontext=u:r:system_app:s0 tcontext=u:r:vendor_per_proxy:s0 tclass=file permissive=1
[  339.732526] type=1400 audit(1785263587.076:23818): avc:  denied  { getattr } for  comm="top" path="/proc/905" dev="proc" ino=275419 scontext=u:r:system_app:s0 tcontext=u:r:vendor_hal_keymint_qti:s0 tclass=dir permissive=1
[  339.732740] type=1400 audit(1785263587.076:23819): avc:  denied  { search } for  comm="top" name="905" dev="proc" ino=275419 scontext=u:r:system_app:s0 tcontext=u:r:vendor_hal_keymint_qti:s0 tclass=dir permissive=1
[  339.732960] audit: audit_lost=22332 audit_rate_limit=5 audit_backlog_limit=64
[  339.732963] audit: rate limit exceeded
[  339.732990] type=1400 audit(1785263587.076:23820): avc:  denied  { getattr } for  comm="top" path="/proc/907" dev="proc" ino=275420 scontext=u:r:system_app:s0 tcontext=u:r:vendor_hal_qseecom_default:s0 tclass=dir permissive=1
[  339.823669] init: Control message: Could not find 'vendor.qti.diaghal@1.0::Idiag/default' for ctl.interface_start from pid: 754 (/system/bin/hwservicemanager)
[  340.824513] init: Control message: Could not find 'vendor.qti.diaghal@1.0::Idiag/default' for ctl.interface_start from pid: 754 (/system/bin/hwservicemanager)
[  340.834012] type=1400 audit(1785263588.176:23859): avc:  denied  { getattr } for  comm="chmod" path="/sys/devices/platform/soc/3d00000.qcom,kgsl-3d0/kgsl/kgsl-3d0/max_pwrlevel" dev="sysfs" ino=124217 scontext=u:r:xsud:s0 tcontext=u:object_r:vendor_sysfs_kgsl:s0 tclass=file permissive=1
[  340.834213] type=1400 audit(1785263588.176:23860): avc:  denied  { setattr } for  comm="chmod" name="max_pwrlevel" dev="sysfs" ino=124217 scontext=u:r:xsud:s0 tcontext=u:object_r:vendor_sysfs_kgsl:s0 tclass=file permissive=1
[  340.834693] type=1400 audit(1785263588.176:23861): avc:  denied  { write } for  comm="sh" name="max_pwrlevel" dev="sysfs" ino=124217 scontext=u:r:xsud:s0 tcontext=u:object_r:vendor_sysfs_kgsl:s0 tclass=file permissive=1
[  341.730214] type=1400 audit(1785263589.072:23862): avc:  denied  { read } for  comm="top" scontext=u:r:system_app:s0 tcontext=u:r:hal_light_default:s0 tclass=file permissive=1
[  341.731577] type=1400 audit(1785263589.072:23863): avc:  denied  { read } for  comm="top" scontext=u:r:system_app:s0 tcontext=u:r:vendor_feature_enabler_client:s0 tclass=file permissive=1
[  341.733371] audit: audit_lost=22370 audit_rate_limit=5 audit_backlog_limit=64
[  341.733378] audit: rate limit exceeded
[  341.799574] [kworke][0x194f70d4d][18:33:09.145467] kiwi_v2: [2202:I:PMO] pmo_core_enable_wow_in_fw: drv wow is enabled
[  341.826428] init: Control message: Could not find 'vendor.qti.diaghal@1.0::Idiag/default' for ctl.interface_start from pid: 754 (/system/bin/hwservicemanager)
[  342.827720] init: Control message: Could not find 'vendor.qti.diaghal@1.0::Idiag/default' for ctl.interface_start from pid: 754 (/system/bin/hwservicemanager)
[  342.969732] audit: audit_lost=22440 audit_rate_limit=5 audit_backlog_limit=64
[  342.969737] audit: rate limit exceeded
[  343.489118] [kworke][0x196e60988][18:33:10.835016] kiwi_v2: [2307:I:PMO] pmo_core_psoc_send_host_wakeup_ind_to_fw: Host wakeup indication sent to fw
[  343.498353] [soft_i][0x196e8bcf0][18:33:10.844235] kiwi_v2: [0:I:WMA] WLAN triggered wakeup: BPF_ALLOW (39), vdev: 0 (STA)
[  343.498454] [soft_i][0x196e8c5e5][18:33:10.844354] kiwi_v2: [0:I:WMA] wma_wake_event_packet: Wake event packet:
[  343.829334] init: Control message: Could not find 'vendor.qti.diaghal@1.0::Idiag/default' for ctl.interface_start from pid: 754 (/system/bin/hwservicemanager)
[  344.831521] init: Control message: Could not find 'vendor.qti.diaghal@1.0::Idiag/default' for ctl.interface_start from pid: 754 (/system/bin/hwservicemanager)
[  344.970188] audit: audit_lost=22446 audit_rate_limit=5 audit_backlog_limit=64
[  344.970193] audit: rate limit exceeded
[  345.743842] [kworke][0x1997a99dd][18:33:13.089741] kiwi_v2: [2307:I:PMO] pmo_core_enable_wow_in_fw: drv wow is enabled
[  345.834023] init: Control message: Could not find 'vendor.qti.diaghal@1.0::Idiag/default' for ctl.interface_start from pid: 754 (/system/bin/hwservicemanager)
[  346.148377] [kworke][0x199f11d7b][18:33:13.494269] kiwi_v2: [2307:I:PMO] pmo_core_psoc_send_host_wakeup_ind_to_fw: Host wakeup indication sent to fw
[  346.157712] [soft_i][0x199f3da19][18:33:13.503610] kiwi_v2: [0:I:WMA] WLAN triggered wakeup: BPF_ALLOW (39), vdev: 0 (STA)
[  346.157926] [soft_i][0x199f3ea54][18:33:13.503827] kiwi_v2: [0:I:WMA] wma_wake_event_packet: Wake event packet:
[  346.764082] type=1400 audit(1785263594.104:23975): avc:  denied  { open } for  comm="DefaultDispatch" path="/proc/stat" dev="proc" ino=4026532011 scontext=u:r:untrusted_app:s0:c183,c256,c512,c768 tcontext=u:object_r:proc_stat:s0 tclass=file permissive=1 app=com.kei.pulse
[  346.765033] type=1400 audit(1785263594.104:23976): avc:  denied  { getattr } for  comm="DefaultDispatch" path="/proc/stat" dev="proc" ino=4026532011 scontext=u:r:untrusted_app:s0:c183,c256,c512,c768 tcontext=u:object_r:proc_stat:s0 tclass=file permissive=1 app=com.kei.pulse
[  346.834299] init: Control message: Could not find 'vendor.qti.diaghal@1.0::Idiag/default' for ctl.interface_start from pid: 754 (/system/bin/hwservicemanager)
[  346.979323] audit: audit_lost=22466 audit_rate_limit=5 audit_backlog_limit=64
[  346.979329] audit: rate limit exceeded
[  346.979975] type=1400 audit(1785263594.320:23977): avc:  denied  { read } for  comm="top" scontext=u:r:system_app:s0 tcontext=u:r:hal_allocator_default:s0 tclass=file permissive=1
[  346.980513] type=1400 audit(1785263594.320:23978): avc:  denied  { read } for  comm="top" scontext=u:r:system_app:s0 tcontext=u:r:vendor_hal_qspmhal_default:s0 tclass=file permissive=1
[  346.981328] type=1400 audit(1785263594.320:23979): avc:  denied  { read } for  comm="top" scontext=u:r:system_app:s0 tcontext=u:r:hal_tsnv_default:s0 tclass=file permissive=1
[  347.169754] [kworke][0x19b1c5949][18:33:14.515653] kiwi_v2: [2202:I:PMO] pmo_core_enable_wow_in_fw: drv wow is enabled
[  347.835014] init: Control message: Could not find 'vendor.qti.diaghal@1.0::Idiag/default' for ctl.interface_start from pid: 754 (/system/bin/hwservicemanager)
[  347.965170] type=1400 audit(1785263595.308:23989): avc:  denied  { write } for  comm="Thread-2434" name="pulse_fifo_in" dev="dm-53" ino=331469 scontext=u:r:untrusted_app:s0:c183,c256,c512,c768 tcontext=u:object_r:app_data_file:s0 tclass=fifo_file permissive=1 app=com.kei.pulse
[  347.977700] type=1400 audit(1785263595.320:23990): avc:  denied  { read } for  comm="top" scontext=u:r:system_app:s0 tcontext=u:r:vendor_hal_identity_qti:s0 tclass=file permissive=1
[  347.977929] type=1400 audit(1785263595.320:23991): avc:  denied  { read } for  comm="top" scontext=u:r:system_app:s0 tcontext=u:r:hal_ir_default:s0 tclass=file permissive=1
[  347.978477] type=1400 audit(1785263595.320:23992): avc:  denied  { read } for  comm="top" scontext=u:r:system_app:s0 tcontext=u:r:vendor_qspmsvc:s0 tclass=file permissive=1
[  347.978696] type=1400 audit(1785263595.320:23993): avc:  denied  { open } for  comm="top" path="/proc/1380/stat" dev="proc" ino=282667 scontext=u:r:system_app:s0 tcontext=u:r:vendor_hal_identity_qti:s0 tclass=file permissive=1
[  347.980036] audit: audit_lost=22478 audit_rate_limit=5 audit_backlog_limit=64
[  347.980039] audit: rate limit exceeded
[  348.838222] init: Control message: Could not find 'vendor.qti.diaghal@1.0::Idiag/default' for ctl.interface_start from pid: 754 (/system/bin/hwservicemanager)
[  349.506982] [kworke][0x19dc9154f][18:33:16.852880] kiwi_v2: [2202:I:PMO] pmo_core_psoc_send_host_wakeup_ind_to_fw: Host wakeup indication sent to fw
[  349.817146] audit: audit_lost=22481 audit_rate_limit=5 audit_backlog_limit=64
[  349.817156] audit: rate limit exceeded
[  349.839007] init: Control message: Could not find 'vendor.qti.diaghal@1.0::Idiag/default' for ctl.interface_start from pid: 754 (/system/bin/hwservicemanager)
[  350.761585] [kworke][0x19f38a492][18:33:18.107483] kiwi_v2: [2202:I:PMO] pmo_core_enable_wow_in_fw: drv wow is enabled
[  350.840647] init: Control message: Could not find 'vendor.qti.diaghal@1.0::Idiag/default' for ctl.interface_start from pid: 754 (/system/bin/hwservicemanager)
[  351.323051] [kworke][0x19fdd2297][18:33:18.668950] kiwi_v2: [858:I:PMO] pmo_core_psoc_send_host_wakeup_ind_to_fw: Host wakeup indication sent to fw
[  351.842190] init: Control message: Could not find 'vendor.qti.diaghal@1.0::Idiag/default' for ctl.interface_start from pid: 754 (/system/bin/hwservicemanager)
[  351.969906] type=1400 audit(1785263599.312:24008): avc:  denied  { read } for  comm="top" scontext=u:r:system_app:s0 tcontext=u:r:hal_power_default:s0 tclass=file permissive=1
[  351.970105] type=1400 audit(1785263599.312:24009): avc:  denied  { read } for  comm="top" scontext=u:r:system_app:s0 tcontext=u:r:vendor_hal_usb_qti:s0 tclass=file permissive=1
[  351.970145] type=1400 audit(1785263599.312:24010): avc:  denied  { read } for  comm="top" scontext=u:r:system_app:s0 tcontext=u:r:vendor_qwesd:s0 tclass=file permissive=1
[  351.970304] type=1400 audit(1785263599.312:24011): avc:  denied  { read } for  comm="top" scontext=u:r:system_app:s0 tcontext=u:r:vendor_perf_qesdk:s0 tclass=file permissive=1
[  351.970658] type=1400 audit(1785263599.312:24012): avc:  denied  { getattr } for  comm="DefaultDispatch" path="/dev/ttyHS5" dev="tmpfs" ino=1195 scontext=u:r:system_app:s0 tcontext=u:object_r:device:s0 tclass=chr_file permissive=1
[  351.971895] audit: audit_lost=22484 audit_rate_limit=5 audit_backlog_limit=64
[  351.971898] audit: rate limit exceeded
[  352.681081] [kworke][0x1a16afeb8][18:33:20.026979] kiwi_v2: [858:I:PMO] pmo_core_enable_wow_in_fw: drv wow is enabled
[  352.844367] init: Control message: Could not find 'vendor.qti.diaghal@1.0::Idiag/default' for ctl.interface_start from pid: 754 (/system/bin/hwservicemanager)
[  353.052207] type=1400 audit(1785263600.396:24044): avc:  denied  { write } for  comm="xsu" name="xsud" dev="tmpfs" ino=1381 scontext=u:r:untrusted_app:s0:c183,c256,c512,c768 tcontext=u:object_r:xsud_socket:s0 tclass=sock_file permissive=1 app=com.kei.pulse
[  353.269225] type=1400 audit(1785263600.612:24045): avc:  denied  { fowner } for  comm="chmod" capability=3  scontext=u:r:xsud:s0 tcontext=u:r:xsud:s0 tclass=capability permissive=1
[  353.269404] type=1400 audit(1785263600.612:24046): avc:  denied  { fsetid } for  comm="chmod" capability=4  scontext=u:r:xsud:s0 tcontext=u:r:xsud:s0 tclass=capability permissive=1
[  353.269578] type=1400 audit(1785263600.612:24047): avc:  denied  { search } for  comm="cat" name="battery" dev="sysfs" ino=141568 scontext=u:r:xsud:s0 tcontext=u:object_r:vendor_sysfs_battery_supply:s0 tclass=dir permissive=1
[  353.293289] type=1400 audit(1785263600.636:24048): avc:  denied  { dac_read_search } for  comm="sh" capability=2  scontext=u:r:xsud:s0 tcontext=u:r:xsud:s0 tclass=capability permissive=1
[  353.340481] audit: audit_lost=22515 audit_rate_limit=5 audit_backlog_limit=64
[  353.340485] audit: rate limit exceeded
[  353.730869] [kworke][0x1a29e8cee][18:33:21.076768] kiwi_v2: [2307:I:PMO] pmo_core_psoc_send_host_wakeup_ind_to_fw: Host wakeup indication sent to fw
[  353.739965] [soft_i][0x1a2a13727][18:33:21.085865] kiwi_v2: [0:I:WMA] WLAN triggered wakeup: BPF_ALLOW (39), vdev: 0 (STA)
[  353.740061] [soft_i][0x1a2a13e7b][18:33:21.085962] kiwi_v2: [0:I:WMA] wma_wake_event_packet: Wake event packet:
[  353.845175] init: Control message: Could not find 'vendor.qti.diaghal@1.0::Idiag/default' for ctl.interface_start from pid: 754 (/system/bin/hwservicemanager)
[  353.910902] servicemanager: Found vendor.qti.hardware.perf2.IPerf/default in device VINTF manifest.
[  353.916648] init: Control message: Could not find 'vendor.qti.diaghal@1.0::Idiag/default' for ctl.interface_start from pid: 754 (/system/bin/hwservicemanager)
[  353.916830] init: Control message: Could not find 'vendor.qti.diaghal@1.0::Idiag/default' for ctl.interface_start from pid: 754 (/system/bin/hwservicemanager)
[  354.366223] [kworke][0x1a358b06b][18:33:21.712121] kiwi_v2: [2307:I:PMO] pmo_core_enable_wow_in_fw: drv wow is enabled
[  354.493031] audit: audit_lost=22676 audit_rate_limit=5 audit_backlog_limit=64
[  354.493036] audit: rate limit exceeded
[  354.644668] [kworke][0x1a3aa43a0][18:33:21.990565] kiwi_v2: [2202:I:PMO] pmo_core_psoc_send_host_wakeup_ind_to_fw: Host wakeup indication sent to fw
[  354.918217] init: Control message: Could not find 'vendor.qti.diaghal@1.0::Idiag/default' for ctl.interface_start from pid: 754 (/system/bin/hwservicemanager)
[  355.705412] audit: audit_lost=22760 audit_rate_limit=5 audit_backlog_limit=64
[  355.705416] audit: rate limit exceeded
[  355.919029] init: Control message: Could not find 'vendor.qti.diaghal@1.0::Idiag/default' for ctl.interface_start from pid: 754 (/system/bin/hwservicemanager)
[  356.260437] servicemanager: Found vendor.qti.hardware.perf2.IPerf/default in device VINTF manifest.
[  356.716650] audit: audit_lost=22907 audit_rate_limit=5 audit_backlog_limit=64
[  356.716660] audit: rate limit exceeded
[  356.920444] [kworke][0x1a644ff03][18:33:24.266343] kiwi_v2: [2202:I:PMO] pmo_core_enable_wow_in_fw: drv wow is enabled
[  356.920624] init: Control message: Could not find 'vendor.qti.diaghal@1.0::Idiag/default' for ctl.interface_start from pid: 754 (/system/bin/hwservicemanager)
[  357.113765] [kworke][0x1a67da1ca][18:33:24.459660] kiwi_v2: [2307:I:PMO] pmo_core_psoc_send_host_wakeup_ind_to_fw: Host wakeup indication sent to fw
[  357.123946] [soft_i][0x1a6809dad][18:33:24.469845] kiwi_v2: [0:I:WMA] WLAN triggered wakeup: BPF_ALLOW (39), vdev: 0 (STA)
[  357.124039] [soft_i][0x1a680a4d1][18:33:24.469940] kiwi_v2: [0:I:WMA] wma_wake_event_packet: Wake event packet:
[  357.721093] type=1400 audit(1785263605.064:24646): avc:  denied  { getattr } for  comm="top" path="/proc/907" dev="proc" ino=275420 scontext=u:r:system_app:s0 tcontext=u:r:vendor_hal_qseecom_default:s0 tclass=dir permissive=1
[  357.721236] type=1400 audit(1785263605.064:24647): avc:  denied  { search } for  comm="top" name="907" dev="proc" ino=275420 scontext=u:r:system_app:s0 tcontext=u:r:vendor_hal_qseecom_default:s0 tclass=dir permissive=1
[  357.721325] type=1400 audit(1785263605.064:24648): avc:  denied  { getattr } for  comm="top" path="/proc/1073" dev="proc" ino=275423 scontext=u:r:system_app:s0 tcontext=u:r:vendor_hal_keymint_spu_qti:s0 tclass=dir permissive=1
[  357.721382] type=1400 audit(1785263605.064:24649): avc:  denied  { search } for  comm="top" name="1073" dev="proc" ino=275423 scontext=u:r:system_app:s0 tcontext=u:r:vendor_hal_keymint_spu_qti:s0 tclass=dir permissive=1
[  357.722003] type=1400 audit(1785263605.064:24650): avc:  denied  { open } for  comm="top" path="/proc/1455/stat" dev="proc" ino=282687 scontext=u:r:system_app:s0 tcontext=u:r:vendor_hal_spu_qti:s0 tclass=file permissive=1
[  357.722747] audit: audit_lost=23097 audit_rate_limit=5 audit_backlog_limit=64
[  357.722755] audit: rate limit exceeded
[  357.920853] init: Control message: Could not find 'vendor.qti.diaghal@1.0::Idiag/default' for ctl.interface_start from pid: 754 (/system/bin/hwservicemanager)
[  358.680364] [kworke][0x1a84898cb][18:33:26.026260] kiwi_v2: [2307:I:PMO] pmo_core_enable_wow_in_fw: drv wow is enabled
[  358.739841] type=1400 audit(1785263606.084:24711): avc:  denied  { write } for  comm="sh" name="pulse_fifo_out" dev="dm-53" ino=331471 scontext=u:r:xsud:s0 tcontext=u:object_r:app_data_file:s0 tclass=fifo_file permissive=1
[  358.740098] type=1400 audit(1785263606.084:24712): avc:  denied  { open } for  comm="sh" path="/data/user/0/com.kei.pulse/files/pulse_fifo_out" dev="dm-53" ino=331471 scontext=u:r:xsud:s0 tcontext=u:object_r:app_data_file:s0 tclass=fifo_file permissive=1
[  358.740221] type=1400 audit(1785263606.084:24713): avc:  denied  { read } for  comm="sh" name="pulse_fifo_in" dev="dm-53" ino=331469 scontext=u:r:xsud:s0 tcontext=u:object_r:app_data_file:s0 tclass=fifo_file permissive=1
[  358.741378] type=1400 audit(1785263606.084:24714): avc:  denied  { open } for  comm="DefaultDispatch" path="/proc/stat" dev="proc" ino=4026532011 scontext=u:r:untrusted_app:s0:c183,c256,c512,c768 tcontext=u:object_r:proc_stat:s0 tclass=file permissive=1 app=com.kei.pulse
[  358.741516] type=1400 audit(1785263606.084:24715): avc:  denied  { getattr } for  comm="DefaultDispatch" path="/proc/stat" dev="proc" ino=4026532011 scontext=u:r:untrusted_app:s0:c183,c256,c512,c768 tcontext=u:object_r:proc_stat:s0 tclass=file permissive=1 app=com.kei.pulse
[  358.755153] audit: audit_lost=23157 audit_rate_limit=5 audit_backlog_limit=64
[  358.755157] audit: rate limit exceeded
[  358.921949] init: Control message: Could not find 'vendor.qti.diaghal@1.0::Idiag/default' for ctl.interface_start from pid: 754 (/system/bin/hwservicemanager)
[  359.754665] [kworke][0x1a98355a9][18:33:27.100565] kiwi_v2: [41:I:PMO] pmo_core_psoc_send_host_wakeup_ind_to_fw: Host wakeup indication sent to fw
[  359.923288] init: Control message: Could not find 'vendor.qti.diaghal@1.0::Idiag/default' for ctl.interface_start from pid: 754 (/system/bin/hwservicemanager)
[  360.073704] audit: audit_lost=23206 audit_rate_limit=5 audit_backlog_limit=64
[  360.073711] audit: rate limit exceeded
[  360.675851] [kworke][0x1aa9136a2][18:33:28.021751] kiwi_v2: [41:I:PMO] pmo_core_enable_wow_in_fw: drv wow is enabled
[  360.924917] init: Control message: Could not find 'vendor.qti.diaghal@1.0::Idiag/default' for ctl.interface_start from pid: 754 (/system/bin/hwservicemanager)
[  361.325274] [kworke][0x1ab4f793c][18:33:28.671172] kiwi_v2: [858:I:PMO] pmo_core_psoc_send_host_wakeup_ind_to_fw: Host wakeup indication sent to fw
[  361.713661] audit: audit_lost=23249 audit_rate_limit=5 audit_backlog_limit=64
[  361.713666] audit: rate limit exceeded
[  361.927338] init: Control message: Could not find 'vendor.qti.diaghal@1.0::Idiag/default' for ctl.interface_start from pid: 754 (/system/bin/hwservicemanager)
[  362.325928] [kworke][0x1ac74a264][18:33:29.671828] kiwi_v2: [858:I:PMO] pmo_core_enable_wow_in_fw: drv wow is enabled
[  362.927735] init: Control message: Could not find 'vendor.qti.diaghal@1.0::Idiag/default' for ctl.interface_start from pid: 754 (/system/bin/hwservicemanager)
[  362.962251] audit: audit_lost=23305 audit_rate_limit=5 audit_backlog_limit=64
[  362.962261] audit: rate limit exceeded
[  363.150583] [kworke][0x1ad663b65][18:33:30.496481] kiwi_v2: [2307:I:PMO] pmo_core_psoc_send_host_wakeup_ind_to_fw: Host wakeup indication sent to fw
[  363.160072] [soft_i][0x1ad69032c][18:33:30.505971] kiwi_v2: [0:I:WMA] WLAN triggered wakeup: BPF_ALLOW (39), vdev: 0 (STA)
[  363.160208] [soft_i][0x1ad690d80][18:33:30.506109] kiwi_v2: [0:I:WMA] wma_wake_event_packet: Wake event packet:
[  363.704881] type=1400 audit(1785263611.048:24914): avc:  denied  { read } for  comm="top" scontext=u:r:system_app:s0 tcontext=u:r:servicemanager:s0 tclass=file permissive=1
[  363.705193] type=1400 audit(1785263611.048:24915): avc:  denied  { read } for  comm="top" scontext=u:r:system_app:s0 tcontext=u:r:hwservicemanager:s0 tclass=file permissive=1
[  363.705342] type=1400 audit(1785263611.048:24916): avc:  denied  { read } for  comm="top" scontext=u:r:system_app:s0 tcontext=u:r:vndservicemanager:s0 tclass=file permissive=1
[  363.705484] type=1400 audit(1785263611.048:24917): avc:  denied  { read } for  comm="top" scontext=u:r:system_app:s0 tcontext=u:r:vendor_spdaemon:s0 tclass=file permissive=1
[  363.705625] type=1400 audit(1785263611.048:24918): avc:  denied  { read } for  comm="top" scontext=u:r:system_app:s0 tcontext=u:r:vendor_sec_nvm:s0 tclass=file permissive=1
[  363.929952] init: Control message: Could not find 'vendor.qti.diaghal@1.0::Idiag/default' for ctl.interface_start from pid: 754 (/system/bin/hwservicemanager)
[  364.376588] [kworke][0x1aecd6994][18:33:31.722484] kiwi_v2: [2307:I:PMO] pmo_core_enable_wow_in_fw: drv wow is enabled
[  364.702096] audit: audit_lost=23357 audit_rate_limit=5 audit_backlog_limit=64
[  364.702100] audit: rate limit exceeded
[  364.870691] type=1400 audit(1785263612.212:24940): avc:  denied  { connectto } for  comm="xsu" path="/dev/socket/xsud" scontext=u:r:untrusted_app:s0:c183,c256,c512,c768 tcontext=u:r:xsud:s0 tclass=unix_stream_socket permissive=1 app=com.kei.pulse
[  364.872034] type=1400 audit(1785263612.216:24941): avc:  denied  { search } for  comm="sh" name="/" dev="fuse" ino=131 scontext=u:r:xsud:s0 tcontext=u:object_r:fuse:s0 tclass=dir permissive=1
[  364.880627] type=1400 audit(1785263612.224:24942): avc:  denied  { execute_no_trans } for  comm="sh" path="/system/bin/dumpsys" dev="dm-9" ino=355 scontext=u:r:xsud:s0 tcontext=u:object_r:system_file:s0 tclass=file permissive=1
[  364.885637] type=1400 audit(1785263612.228:24943): avc:  denied  { write } for  comm="dumpsys" path="pipe:[477565]" dev="pipefs" ino=477565 scontext=u:r:surfaceflinger:s0 tcontext=u:r:xsud:s0 tclass=fifo_file permissive=1
[  364.886093] [kworke][0x1af62aed8][18:33:32.231994] kiwi_v2: [41:I:PMO] pmo_core_psoc_send_host_wakeup_ind_to_fw: Host wakeup indication sent to fw
[  364.931597] init: Control message: Could not find 'vendor.qti.diaghal@1.0::Idiag/default' for ctl.interface_start from pid: 754 (/system/bin/hwservicemanager)
[  365.705679] audit: audit_lost=23361 audit_rate_limit=5 audit_backlog_limit=64
[  365.705687] audit: rate limit exceeded
[  365.705859] type=1400 audit(1785263613.048:24944): avc:  denied  { read } for  comm="top" name="pid_max" dev="proc" ino=281965 scontext=u:r:system_app:s0 tcontext=u:object_r:proc_pid_max:s0 tclass=file permissive=1
[  365.933236] init: Control message: Could not find 'vendor.qti.diaghal@1.0::Idiag/default' for ctl.interface_start from pid: 754 (/system/bin/hwservicemanager)
[  365.985827] [kworke][0x1b0a4dee0][18:33:33.331727] kiwi_v2: [41:I:PMO] pmo_core_enable_wow_in_fw: drv wow is enabled
[  366.121476] [kworke][0x1b0cc9c3a][18:33:33.467372] kiwi_v2: [2307:I:PMO] pmo_core_psoc_send_host_wakeup_ind_to_fw: Host wakeup indication sent to fw
[  366.130741] [soft_i][0x1b0cf5353][18:33:33.476640] kiwi_v2: [0:I:WMA] WLAN triggered wakeup: BPF_ALLOW (39), vdev: 0 (STA)
[  366.130823] [soft_i][0x1b0cf5996][18:33:33.476724] kiwi_v2: [0:I:WMA] wma_wake_event_packet: Wake event packet:
[  366.756328] [kworke][0x1b1869a26][18:33:34.102225] kiwi_v2: [2307:I:PMO] pmo_core_enable_wow_in_fw: drv wow is enabled
[  366.936003] init: Control message: Could not find 'vendor.qti.diaghal@1.0::Idiag/default' for ctl.interface_start from pid: 754 (/system/bin/hwservicemanager)
[  367.936118] init: Control message: Could not find 'vendor.qti.diaghal@1.0::Idiag/default' for ctl.interface_start from pid: 754 (/system/bin/hwservicemanager)
[  368.244229] audit: audit_lost=23378 audit_rate_limit=5 audit_backlog_limit=64
[  368.244239] audit: rate limit exceeded
[  368.938157] init: Control message: Could not find 'vendor.qti.diaghal@1.0::Idiag/default' for ctl.interface_start from pid: 754 (/system/bin/hwservicemanager)
[  369.093656] [kworke][0x1b4335d7f][18:33:36.439549] kiwi_v2: [2307:I:PMO] pmo_core_psoc_send_host_wakeup_ind_to_fw: Host wakeup indication sent to fw
[  369.103427] [soft_i][0x1b4363aca][18:33:36.449326] kiwi_v2: [0:I:WMA] WLAN triggered wakeup: BPF_ALLOW (39), vdev: 0 (STA)
[  369.103620] [soft_i][0x1b436495c][18:33:36.449521] kiwi_v2: [0:I:WMA] wma_wake_event_packet: Wake event packet:
[  369.352330] type=1400 audit(1785263616.696:24989): avc:  denied  { call } for  comm="dumpsys" scontext=u:r:xsud:s0 tcontext=u:r:surfaceflinger:s0 tclass=binder permissive=1
[  369.696522] type=1400 audit(1785263617.040:24990): avc:  denied  { read } for  comm="top" scontext=u:r:system_app:s0 tcontext=u:r:vendor_hal_keymint_qti:s0 tclass=file permissive=1
[  369.696627] audit: audit_lost=23395 audit_rate_limit=5 audit_backlog_limit=64
[  369.696629] audit: rate limit exceeded
[  369.696702] type=1400 audit(1785263617.040:24991): avc:  denied  { read } for  comm="top" scontext=u:r:system_app:s0 tcontext=u:r:hal_allocator_default:s0 tclass=file permissive=1
[  369.696771] type=1400 audit(1785263617.040:24992): avc:  denied  { read } for  comm="top" scontext=u:r:system_app:s0 tcontext=u:r:vendor_hal_qspmhal_default:s0 tclass=file permissive=1
[  369.696833] type=1400 audit(1785263617.040:24993): avc:  denied  { read } for  comm="top" scontext=u:r:system_app:s0 tcontext=u:r:hal_tsnv_default:s0 tclass=file permissive=1
[  369.728782] [kworke][0x1b4ed700d][18:33:37.074677] kiwi_v2: [2307:I:PMO] pmo_core_enable_wow_in_fw: drv wow is enabled
[  369.941017] init: Control message: Could not find 'vendor.qti.diaghal@1.0::Idiag/default' for ctl.interface_start from pid: 754 (/system/bin/hwservicemanager)
[  370.008481] [kworke][0x1b53f61ef][18:33:37.354382] kiwi_v2: [41:I:PMO] pmo_core_psoc_send_host_wakeup_ind_to_fw: Host wakeup indication sent to fw
[  370.656226] type=1400 audit(1785263618.000:25008): avc:  denied  { read } for  comm="sh" name="primary" dev="tmpfs" ino=42 scontext=u:r:xsud:s0 tcontext=u:object_r:mnt_user_file:s0 tclass=lnk_file permissive=1
[  370.669632] type=1400 audit(1785263618.012:25009): avc:  denied  { syslog } for  comm="dmesg" capability=34  scontext=u:r:xsud:s0 tcontext=u:r:xsud:s0 tclass=capability2 permissive=1
[  370.698324] type=1400 audit(1785263618.040:25010): avc:  denied  { read } for  comm="top" scontext=u:r:system_app:s0 tcontext=u:r:vendor_hal_identity_qti:s0 tclass=file permissive=1
[  370.698675] type=1400 audit(1785263618.040:25011): avc:  denied  { read } for  comm="top" scontext=u:r:system_app:s0 tcontext=u:r:hal_ir_default:s0 tclass=file permissive=1
[  370.699221] type=1400 audit(1785263618.040:25012): avc:  denied  { open } for  comm="top" path="/proc/1380/stat" dev="proc" ino=282667 scontext=u:r:system_app:s0 tcontext=u:r:vendor_hal_identity_qti:s0 tclass=file permissive=1
[  370.700329] audit: audit_lost=23414 audit_rate_limit=5 audit_backlog_limit=64
[  370.700331] audit: rate limit exceeded
[  370.942088] init: Control message: Could not find 'vendor.qti.diaghal@1.0::Idiag/default' for ctl.interface_start from pid: 754 (/system/bin/hwservicemanager)
[  371.730489] audit: audit_lost=23431 audit_rate_limit=5 audit_backlog_limit=64
[  371.730498] audit: rate limit exceeded
[  371.942897] init: Control message: Could not find 'vendor.qti.diaghal@1.0::Idiag/default' for ctl.interface_start from pid: 754 (/system/bin/hwservicemanager)
[  372.081774] [kworke][0x1b79ecae5][18:33:39.427674] kiwi_v2: [881:I:PMO] pmo_core_enable_wow_in_fw: drv wow is enabled
[  372.162005] [kworke][0x1b7b64bed][18:33:39.507902] kiwi_v2: [2307:I:PMO] pmo_core_psoc_send_host_wakeup_ind_to_fw: Host wakeup indication sent to fw
[  372.171251] [soft_i][0x1b7b90190][18:33:39.517150] kiwi_v2: [0:I:WMA] WLAN triggered wakeup: BPF_ALLOW (39), vdev: 0 (STA)
[  372.171417] [soft_i][0x1b7b90e2b][18:33:39.517318] kiwi_v2: [0:I:WMA] wma_wake_event_packet: Wake event packet:
[  372.794943] [kworke][0x1b86fba56][18:33:40.140840] kiwi_v2: [2307:I:PMO] pmo_core_enable_wow_in_fw: drv wow is enabled
[  372.944708] init: Control message: Could not find 'vendor.qti.diaghal@1.0::Idiag/default' for ctl.interface_start from pid: 754 (/system/bin/hwservicemanager)
[  372.948073] audit: audit_lost=23469 audit_rate_limit=5 audit_backlog_limit=64
[  372.948077] audit: rate limit exceeded
[  372.999138] [kworke][0x1b8ab8d32][18:33:40.345038] kiwi_v2: [858:I:PMO] pmo_core_psoc_send_host_wakeup_ind_to_fw: Host wakeup indication sent to fw
[  373.945577] init: Control message: Could not find 'vendor.qti.diaghal@1.0::Idiag/default' for ctl.interface_start from pid: 754 (/system/bin/hwservicemanager)
[  373.964682] audit: audit_lost=23474 audit_rate_limit=5 audit_backlog_limit=64
[  373.964691] audit: rate limit exceeded
[  374.026332] servicemanager: Found vendor.qti.hardware.perf2.IPerf/default in device VINTF manifest.
[  374.032975] init: Control message: Could not find 'vendor.qti.diaghal@1.0::Idiag/default' for ctl.interface_start from pid: 754 (/system/bin/hwservicemanager)
[  374.033123] init: Control message: Could not find 'vendor.qti.diaghal@1.0::Idiag/default' for ctl.interface_start from pid: 754 (/system/bin/hwservicemanager)
[  374.323795] [kworke][0x1ba2fa272][18:33:41.669695] kiwi_v2: [858:I:PMO] pmo_core_enable_wow_in_fw: drv wow is enabled
[  374.626233] [kworke][0x1ba883ce4][18:33:41.972128] kiwi_v2: [2307:I:PMO] pmo_core_psoc_send_host_wakeup_ind_to_fw: Host wakeup indication sent to fw
[  374.634850] [soft_i][0x1ba8ac378][18:33:41.980749] kiwi_v2: [0:I:WMA] WLAN triggered wakeup: BPF_ALLOW (39), vdev: 0 (STA)
[  374.634975] [soft_i][0x1ba8accfc][18:33:41.980876] kiwi_v2: [0:I:WMA] wma_wake_event_packet: Wake event packet:
[  374.715955] type=1400 audit(1785263622.060:25312): avc:  denied  { getattr } for  comm="top" path="/proc/1447" dev="proc" ino=275428 scontext=u:r:system_app:s0 tcontext=u:r:vendor_hal_usb_qti:s0 tclass=dir permissive=1
[  374.716283] type=1400 audit(1785263622.060:25313): avc:  denied  { search } for  comm="top" name="1447" dev="proc" ino=275428 scontext=u:r:system_app:s0 tcontext=u:r:vendor_hal_usb_qti:s0 tclass=dir permissive=1
[  374.716562] type=1400 audit(1785263622.060:25314): avc:  denied  { open } for  comm="top" path="/proc/1447/stat" dev="proc" ino=282679 scontext=u:r:system_app:s0 tcontext=u:r:vendor_hal_usb_qti:s0 tclass=file permissive=1
[  374.716769] type=1400 audit(1785263622.060:25315): avc:  denied  { getattr } for  comm="top" path="/proc/1455" dev="proc" ino=275430 scontext=u:r:system_app:s0 tcontext=u:r:vendor_hal_spu_qti:s0 tclass=dir permissive=1
[  374.716808] type=1400 audit(1785263622.060:25316): avc:  denied  { search } for  comm="top" name="1455" dev="proc" ino=275430 scontext=u:r:system_app:s0 tcontext=u:r:vendor_hal_spu_qti:s0 tclass=dir permissive=1
[  374.974511] audit: audit_lost=23769 audit_rate_limit=5 audit_backlog_limit=64
[  374.974530] audit: rate limit exceeded
[  375.033952] init: Control message: Could not find 'vendor.qti.diaghal@1.0::Idiag/default' for ctl.interface_start from pid: 754 (/system/bin/hwservicemanager)
[  375.973182] type=1400 audit(1785263623.316:25484): avc:  denied  { write } for  comm="Thread-2680" name="pulse_fifo_in" dev="dm-53" ino=331469 scontext=u:r:untrusted_app:s0:c183,c256,c512,c768 tcontext=u:object_r:app_data_file:s0 tclass=fifo_file permissive=1 app=com.kei.pulse
[  376.035875] init: Control message: Could not find 'vendor.qti.diaghal@1.0::Idiag/default' for ctl.interface_start from pid: 754 (/system/bin/hwservicemanager)
[  376.341522] type=1400 audit(1785263623.680:25485): avc:  denied  { getattr } for  comm="DefaultDispatch" path="/dev/ttyHS5" dev="tmpfs" ino=1195 scontext=u:r:system_app:s0 tcontext=u:object_r:device:s0 tclass=chr_file permissive=1
[  376.364199] type=1400 audit(1785263623.700:25486): avc:  denied  { getattr } for  comm="chmod" path="/storage" dev="tmpfs" ino=12 scontext=u:r:xsud:s0 tcontext=u:object_r:mnt_user_file:s0 tclass=dir permissive=1
[  376.364266] type=1400 audit(1785263623.700:25487): avc:  denied  { setattr } for  comm="chmod" name="0" dev="tmpfs" ino=12 scontext=u:r:xsud:s0 tcontext=u:object_r:mnt_user_file:s0 tclass=dir permissive=1
[  376.377022] audit: audit_lost=23860 audit_rate_limit=5 audit_backlog_limit=64
[  376.377026] audit: rate limit exceeded
[  376.383408] type=1400 audit(1785263623.720:25488): avc:  denied  { read write } for  comm="setenforce" name="enforce" dev="selinuxfs" ino=4 scontext=u:r:xsud:s0 tcontext=u:object_r:selinuxfs:s0 tclass=file permissive=1
[  377.037509] init: Control message: Could not find 'vendor.qti.diaghal@1.0::Idiag/default' for ctl.interface_start from pid: 754 (/system/bin/hwservicemanager)
[  377.287919] [kworke][0x1bd9407a7][18:33:44.633818] kiwi_v2: [2307:I:PMO] pmo_core_enable_wow_in_fw: drv wow is enabled
[  377.408316] [kworke][0x1bdb74d7d][18:33:44.754216] kiwi_v2: [2202:I:PMO] pmo_core_psoc_send_host_wakeup_ind_to_fw: Host wakeup indication sent to fw
[  377.679778] audit: audit_lost=24026 audit_rate_limit=5 audit_backlog_limit=64
[  377.679788] audit: rate limit exceeded
[  377.963879] init: processing action (vendor.change.cgroup=bg && vendor.change.cgroup.for.pid=*) from (/vendor/etc/init/vendor.qti.hardware.perf2-hal-service.rc:22)
[  377.967527] init: processing action (vendor.change.cgroup=bg && vendor.change.cgroup.for.pid=*) from (/vendor/etc/init/vendor.qti.hardware.perf2-hal-service.rc:22)
[  378.039703] init: Control message: Could not find 'vendor.qti.diaghal@1.0::Idiag/default' for ctl.interface_start from pid: 754 (/system/bin/hwservicemanager)
[  378.464556] init: processing action (vendor.change.cgroup=def && vendor.change.cgroup.for.pid=*) from (/vendor/etc/init/vendor.qti.hardware.perf2-hal-service.rc:27)
[  378.464661] [binder][0x1beecc755][18:33:45.810560] kiwi_v2: [1520:E:HDD] hdd_config_power: power attr and opm attr is null
[  378.686497] audit: audit_lost=24148 audit_rate_limit=5 audit_backlog_limit=64
[  378.686502] audit: rate limit exceeded
[  379.042908] init: Control message: Could not find 'vendor.qti.diaghal@1.0::Idiag/default' for ctl.interface_start from pid: 754 (/system/bin/hwservicemanager)
[  379.244895] [kworke][0x1bfd15cc6][18:33:46.590793] kiwi_v2: [22195:I:PMO] pmo_core_enable_wow_in_fw: drv wow is enabled
[  379.602923] adsp_sleepmon: Audio: num_sessions=0,num_lpi_sessions=0,timer_pending=1
[  379.689779] audit: audit_lost=24335 audit_rate_limit=5 audit_backlog_limit=64
[  379.689784] audit: rate limit exceeded
[  380.046002] init: Control message: Could not find 'vendor.qti.diaghal@1.0::Idiag/default' for ctl.interface_start from pid: 754 (/system/bin/hwservicemanager)
[  380.694526] type=1400 audit(1785263628.036:26060): avc:  denied  { read } for  comm="top" name="pid_max" dev="proc" ino=281965 scontext=u:r:system_app:s0 tcontext=u:object_r:proc_pid_max:s0 tclass=file permissive=1
[  380.695224] type=1400 audit(1785263628.036:26061): avc:  denied  { open } for  comm="top" path="/proc/sys/kernel/pid_max" dev="proc" ino=281965 scontext=u:r:system_app:s0 tcontext=u:object_r:proc_pid_max:s0 tclass=file permissive=1
[  380.695481] type=1400 audit(1785263628.036:26062): avc:  denied  { read } for  comm="top" scontext=u:r:system_app:s0 tcontext=u:r:vendor_hal_keymint_spu_qti:s0 tclass=file permissive=1
[  380.695848] audit: audit_lost=24416 audit_rate_limit=5 audit_backlog_limit=64
[  380.695852] audit: rate limit exceeded
[  380.698719] type=1400 audit(1785263628.040:26063): avc:  denied  { read } for  comm="top" scontext=u:r:system_app:s0 tcontext=u:r:vendor_hal_sensorscalibrate_qti_default:s0 tclass=file permissive=1
[  380.698774] type=1400 audit(1785263628.040:26064): avc:  denied  { read } for  comm="top" scontext=u:r:system_app:s0 tcontext=u:r:vendor_hal_srvctracker_default:s0 tclass=file permissive=1
[  381.048247] init: Control message: Could not find 'vendor.qti.diaghal@1.0::Idiag/default' for ctl.interface_start from pid: 754 (/system/bin/hwservicemanager)
[  381.697381] type=1400 audit(1785263629.040:26100): avc:  denied  { open } for  comm="top" path="/proc/907/stat" dev="proc" ino=282647 scontext=u:r:system_app:s0 tcontext=u:r:vendor_hal_qseecom_default:s0 tclass=file permissive=1
[  381.698284] type=1400 audit(1785263629.040:26101): avc:  denied  { getattr } for  comm="top" path="/proc/1455" dev="proc" ino=275430 scontext=u:r:system_app:s0 tcontext=u:r:vendor_hal_spu_qti:s0 tclass=dir permissive=1
[  381.698358] type=1400 audit(1785263629.040:26102): avc:  denied  { search } for  comm="top" name="1455" dev="proc" ino=275430 scontext=u:r:system_app:s0 tcontext=u:r:vendor_hal_spu_qti:s0 tclass=dir permissive=1
[  381.700497] type=1400 audit(1785263629.044:26103): avc:  denied  { getattr } for  comm="top" path="/proc/1767" dev="proc" ino=275449 scontext=u:r:system_app:s0 tcontext=u:r:vendor_per_proxy:s0 tclass=dir permissive=1
[  381.700571] type=1400 audit(1785263629.044:26104): avc:  denied  { search } for  comm="top" name="1767" dev="proc" ino=275449 scontext=u:r:system_app:s0 tcontext=u:r:vendor_per_proxy:s0 tclass=dir permissive=1
[  381.986466] audit: audit_lost=24451 audit_rate_limit=5 audit_backlog_limit=64
[  381.986478] audit: rate limit exceeded
[  381.996139] [drm:dsi_display_set_mode [msm_drm]] [msm-dsi-info]: mdp_transfer_time=0, hactive=1080, vactive=1920, fps=120, clk_rate=0
[  382.049839] init: Control message: Could not find 'vendor.qti.diaghal@1.0::Idiag/default' for ctl.interface_start from pid: 754 (/system/bin/hwservicemanager)
[  383.051855] init: Control message: Could not find 'vendor.qti.diaghal@1.0::Idiag/default' for ctl.interface_start from pid: 754 (/system/bin/hwservicemanager)
[  383.694243] audit: audit_lost=24513 audit_rate_limit=5 audit_backlog_limit=64
[  383.694254] audit: rate limit exceeded
[  384.053402] init: Control message: Could not find 'vendor.qti.diaghal@1.0::Idiag/default' for ctl.interface_start from pid: 754 (/system/bin/hwservicemanager)
[  384.735607] adsp_sleepmon: timer_event = 1,suspend_event = 0
[  385.054396] init: Control message: Could not find 'vendor.qti.diaghal@1.0::Idiag/default' for ctl.interface_start from pid: 754 (/system/bin/hwservicemanager)
[  385.405341] audit: audit_lost=24528 audit_rate_limit=5 audit_backlog_limit=64
[  385.405356] audit: rate limit exceeded
[  385.687652] healthd: battery l=75 v=8088 t=34.0 h=2 st=3 c=-243536 fc=4162000 cc=0 chg=
[  385.718636] BATTERY_CHG: battery_psy_set_online: battery_psy_set_online: set online 1
[  385.723601] BATTERY_CHG: battery_psy_set_online: battery_psy_set_online: set online 1
[  385.770417] healthd: battery l=75 v=8090 t=34.0 h=2 st=3 c=-224309 fc=4162000 cc=0 chg=u
[  385.794352] healthd: battery l=75 v=8090 t=34.0 h=2 st=3 c=-224309 fc=4162000 cc=0 chg=u
[  385.810807] healthd: battery l=75 v=8090 t=34.0 h=2 st=3 c=-224309 fc=4162000 cc=0 chg=u
[  385.821628] BATTERY_CHG: battery_psy_set_online: battery_psy_set_online: set online 1
[  385.822441] msm-dwc3 a600000.ssusb: DWC3 exited from low power mode
[  385.822451] wcd_usbss_switch_update: ctype = 0, connect_status = 1
[  385.822975] eusb2-repeater c42d000.qcom,spmi:qcom,pm8550b@7:qcom,eusb2-repeater@fd00: eUSB2 repeater status:OK
[  385.823296] msm-usb-ssphy-qmp 88e8000.ssphy: USB DP QMP PHY: Update TYPEC CTRL(2)
[  385.841369] healthd: battery l=75 v=8090 t=34.0 h=2 st=3 c=-224309 fc=4162000 cc=0 chg=a
[  385.869925] BATTERY_CHG: battery_psy_set_online: battery_psy_set_online: set online 1
[  385.876716] dwc3 a600000.dwc3: Set IRQ thread:irq/356-dwc3 pid:2506 to SCHED_NORMAL prio
[  385.992014] msm_eusb2_phy 88e3000.hsphy: Avail curr from USB = 2
[  386.052657] healthd: battery l=75 v=8042 t=34.0 h=2 st=3 c=-505383 fc=4162000 cc=0 chg=
[  386.060168] init: Control message: Could not find 'vendor.qti.diaghal@1.0::Idiag/default' for ctl.interface_start from pid: 754 (/system/bin/hwservicemanager)
[  386.081102] healthd: battery l=75 v=8042 t=34.0 h=2 st=3 c=-505383 fc=4162000 cc=0 chg=
[  386.091461] healthd: battery l=75 v=8077 t=34.0 h=2 st=3 c=-338753 fc=4162000 cc=0 chg=
[  386.098681] BATTERY_CHG: battery_psy_set_online: battery_psy_set_online: set online 1
[  386.117695] BATTERY_CHG: battery_psy_set_online: battery_psy_set_online: set online 1
[  386.157146] android_work: sent uevent USB_STATE=CONNECTED
[  386.166835] android_work: sent uevent USB_STATE=CONFIGURED
[  386.238690] healthd: battery l=75 v=8077 t=35.0 h=2 st=3 c=-338753 fc=4162000 cc=0 chg=a
[  386.256161] servicemanager: Found vendor.qti.hardware.perf2.IPerf/default in device VINTF manifest.
[  386.264932] BATTERY_CHG: battery_psy_set_online: battery_psy_set_online: set online 1
[  386.319337] type=1400 audit(1785263633.660:26394): avc:  denied  { read } for  comm="cat" name="online" dev="sysfs" ino=141577 scontext=u:r:xsud:s0 tcontext=u:object_r:vendor_sysfs_battery_supply:s0 tclass=file permissive=1
[  386.328350] type=1400 audit(1785263633.672:26395): avc:  denied  { dac_read_search } for  comm="sh" capability=2  scontext=u:r:xsud:s0 tcontext=u:r:xsud:s0 tclass=capability permissive=1
[  386.328650] type=1400 audit(1785263633.672:26396): avc:  denied  { search } for  comm="sh" name="0" dev="tmpfs" ino=12 scontext=u:r:xsud:s0 tcontext=u:object_r:mnt_user_file:s0 tclass=dir permissive=1
[  386.328756] type=1400 audit(1785263633.672:26397): avc:  denied  { read } for  comm="sh" name="primary" dev="tmpfs" ino=42 scontext=u:r:xsud:s0 tcontext=u:object_r:mnt_user_file:s0 tclass=lnk_file permissive=1
[  386.328847] type=1400 audit(1785263633.672:26398): avc:  denied  { search } for  comm="sh" name="/" dev="fuse" ino=131 scontext=u:r:xsud:s0 tcontext=u:object_r:fuse:s0 tclass=dir permissive=1
[  386.410717] audit: audit_lost=24733 audit_rate_limit=5 audit_backlog_limit=64
[  386.410727] audit: rate limit exceeded
[  387.061799] init: Control message: Could not find 'vendor.qti.diaghal@1.0::Idiag/default' for ctl.interface_start from pid: 754 (/system/bin/hwservicemanager)
[  387.444244] type=1400 audit(1785263634.788:26591): avc:  denied  { dac_read_search } for  comm="sh" capability=2  scontext=u:r:xsud:s0 tcontext=u:r:xsud:s0 tclass=capability permissive=1
[  387.444645] type=1400 audit(1785263634.788:26592): avc:  denied  { search } for  comm="sh" name="0" dev="tmpfs" ino=12 scontext=u:r:xsud:s0 tcontext=u:object_r:mnt_user_file:s0 tclass=dir permissive=1
[  387.445123] type=1400 audit(1785263634.788:26593): avc:  denied  { read } for  comm="sh" name="pulse_fifo_in" dev="dm-53" ino=331469 scontext=u:r:xsud:s0 tcontext=u:object_r:app_data_file:s0 tclass=fifo_file permissive=1
[  387.445326] type=1400 audit(1785263634.788:26594): avc:  denied  { open } for  comm="sh" path="/data/user/0/com.kei.pulse/files/pulse_fifo_in" dev="dm-53" ino=331469 scontext=u:r:xsud:s0 tcontext=u:object_r:app_data_file:s0 tclass=fifo_file permissive=1
[  387.476449] audit: audit_lost=24917 audit_rate_limit=5 audit_backlog_limit=64
[  387.476454] audit: rate limit exceeded
[  387.476789] type=1400 audit(1785263634.820:26595): avc:  denied  { read } for  comm="cat" name="gpuclk" dev="sysfs" ino=124210 scontext=u:r:xsud:s0 tcontext=u:object_r:vendor_sysfs_kgsl_gpuclk:s0 tclass=file permissive=1
[  387.731983] [kworke][0x1c987d007][18:33:55.077876] kiwi_v2: [2307:I:PMO] pmo_core_psoc_send_host_wakeup_ind_to_fw: Host wakeup indication sent to fw
[  387.741967] [soft_i][0x1c98abce5][18:33:55.087861] kiwi_v2: [0:I:WMA] WLAN triggered wakeup: BPF_ALLOW (39), vdev: 0 (STA)
[  387.742335] [soft_i][0x1c98ad8d7][18:33:55.088234] kiwi_v2: [0:I:WMA] wma_wake_event_packet: Wake event packet:
[  388.063574] init: Control message: Could not find 'vendor.qti.diaghal@1.0::Idiag/default' for ctl.interface_start from pid: 754 (/system/bin/hwservicemanager)
[  388.337460] [kworke][0x1ca39332e][18:33:55.683358] kiwi_v2: [859:I:PMO] pmo_core_enable_wow_in_fw: drv wow is enabled
[  388.685493] audit: audit_lost=24991 audit_rate_limit=5 audit_backlog_limit=64
[  388.685497] audit: rate limit exceeded
[  389.065948] init: Control message: Could not find 'vendor.qti.diaghal@1.0::Idiag/default' for ctl.interface_start from pid: 754 (/system/bin/hwservicemanager)
[  389.838110] audit: audit_lost=25030 audit_rate_limit=5 audit_backlog_limit=64
[  389.838115] audit: rate limit exceeded
[  390.068048] init: Control message: Could not find 'vendor.qti.diaghal@1.0::Idiag/default' for ctl.interface_start from pid: 754 (/system/bin/hwservicemanager)
[  391.033408] audit: audit_lost=25047 audit_rate_limit=5 audit_backlog_limit=64
[  391.033413] audit: rate limit exceeded
[  391.069031] init: Control message: Could not find 'vendor.qti.diaghal@1.0::Idiag/default' for ctl.interface_start from pid: 754 (/system/bin/hwservicemanager)
[  391.522277] type=1400 audit(1785263638.864:26758): avc:  denied  { search } for  comm="sh" name="/" dev="fuse" ino=131 scontext=u:r:xsud:s0 tcontext=u:object_r:fuse:s0 tclass=dir permissive=1
[  391.522376] type=1400 audit(1785263638.864:26759): avc:  denied  { append } for  comm="sh" name="pulse_20260728_202800.log" dev="fuse" ino=331478 scontext=u:r:xsud:s0 tcontext=u:object_r:fuse:s0 tclass=file permissive=1
[  391.522415] type=1400 audit(1785263638.864:26760): avc:  denied  { open } for  comm="sh" path="/storage/emulated/0/apl_pulse_logs/pulse_20260728_202800.log" dev="fuse" ino=331478 scontext=u:r:xsud:s0 tcontext=u:object_r:fuse:s0 tclass=file permissive=1
[  391.522450] type=1400 audit(1785263638.864:26761): avc:  denied  { read } for  comm="sh" name="pulse_fifo_in" dev="dm-53" ino=331469 scontext=u:r:xsud:s0 tcontext=u:object_r:app_data_file:s0 tclass=fifo_file permissive=1
[  391.522516] type=1400 audit(1785263638.864:26762): avc:  denied  { open } for  comm="sh" path="/data/user/0/com.kei.pulse/files/pulse_fifo_in" dev="dm-53" ino=331469 scontext=u:r:xsud:s0 tcontext=u:object_r:app_data_file:s0 tclass=fifo_file permissive=1
[  392.069145] init: Control message: Could not find 'vendor.qti.diaghal@1.0::Idiag/default' for ctl.interface_start from pid: 754 (/system/bin/hwservicemanager)
[  392.098287] audit: audit_lost=25225 audit_rate_limit=5 audit_backlog_limit=64
[  392.098290] audit: rate limit exceeded
[  392.528021] type=1400 audit(1785263639.872:26948): avc:  denied  { search } for  comm="sh" name="com.kei.pulse" dev="dm-53" ino=329013 scontext=u:r:xsud:s0 tcontext=u:object_r:app_data_file:s0:c183,c256,c512,c768 tclass=dir permissive=1
[  392.668923] type=1400 audit(1785263640.012:26949): avc:  denied  { read } for  comm="Performance-Tim" name="pwm1" dev="sysfs" ino=115174 scontext=u:r:system_app:s0 tcontext=u:object_r:sysfs:s0 tclass=file permissive=1
[  392.669011] type=1400 audit(1785263640.012:26950): avc:  denied  { open } for  comm="Performance-Tim" path="/sys/devices/platform/soc/soc:pwm-fan/hwmon/hwmon0/pwm1" dev="sysfs" ino=115174 scontext=u:r:system_app:s0 tcontext=u:object_r:sysfs:s0 tclass=file permissive=1
[  392.669049] type=1400 audit(1785263640.012:26951): avc:  denied  { getattr } for  comm="Performance-Tim" path="/sys/devices/platform/soc/soc:pwm-fan/hwmon/hwmon0/pwm1" dev="sysfs" ino=115174 scontext=u:r:system_app:s0 tcontext=u:object_r:sysfs:s0 tclass=file permissive=1
[  392.669098] type=1400 audit(1785263640.012:26952): avc:  denied  { getattr } for  comm="DefaultDispatch" path="/dev/ttyHS5" dev="tmpfs" ino=1195 scontext=u:r:system_app:s0 tcontext=u:object_r:device:s0 tclass=chr_file permissive=1
[  393.069561] init: Control message: Could not find 'vendor.qti.diaghal@1.0::Idiag/default' for ctl.interface_start from pid: 754 (/system/bin/hwservicemanager)
[  393.164505] audit: audit_lost=25300 audit_rate_limit=5 audit_backlog_limit=64
[  393.164508] audit: rate limit exceeded
[  394.109419] servicemanager: Found vendor.qti.hardware.perf2.IPerf/default in device VINTF manifest.
[  394.114204] init: Control message: Could not find 'vendor.qti.diaghal@1.0::Idiag/default' for ctl.interface_start from pid: 754 (/system/bin/hwservicemanager)
[  394.114505] init: Control message: Could not find 'vendor.qti.diaghal@1.0::Idiag/default' for ctl.interface_start from pid: 754 (/system/bin/hwservicemanager)
[  394.209568] wcd-usbss-i2c-driver 1-000e: wcd_usbss_is_in_reset_state: Surge check #3 failed
[  394.286660] audit: audit_lost=25368 audit_rate_limit=5 audit_backlog_limit=64
[  394.286665] audit: rate limit exceeded
[  395.115188] init: Control message: Could not find 'vendor.qti.diaghal@1.0::Idiag/default' for ctl.interface_start from pid: 754 (/system/bin/hwservicemanager)
[  395.354195] audit: audit_lost=25542 audit_rate_limit=5 audit_backlog_limit=64
[  395.354200] audit: rate limit exceeded
[  396.116954] init: Control message: Could not find 'vendor.qti.diaghal@1.0::Idiag/default' for ctl.interface_start from pid: 754 (/system/bin/hwservicemanager)
[  396.598670] type=1400 audit(1785263643.940:27342): avc:  denied  { search } for  comm="sh" name="/" dev="fuse" ino=131 scontext=u:r:xsud:s0 tcontext=u:object_r:fuse:s0 tclass=dir permissive=1
[  396.600127] type=1400 audit(1785263643.944:27343): avc:  denied  { search } for  comm="sh" name="com.kei.pulse" dev="dm-53" ino=329013 scontext=u:r:xsud:s0 tcontext=u:object_r:app_data_file:s0:c183,c256,c512,c768 tclass=dir permissive=1
[  396.681409] type=1400 audit(1785263644.024:27344): avc:  denied  { read } for  comm="top" name="pid_max" dev="proc" ino=281965 scontext=u:r:system_app:s0 tcontext=u:object_r:proc_pid_max:s0 tclass=file permissive=1
[  396.681659] type=1400 audit(1785263644.024:27345): avc:  denied  { open } for  comm="top" path="/proc/sys/kernel/pid_max" dev="proc" ino=281965 scontext=u:r:system_app:s0 tcontext=u:object_r:proc_pid_max:s0 tclass=file permissive=1
[  396.682348] audit: audit_lost=25623 audit_rate_limit=5 audit_backlog_limit=64
[  396.682351] type=1400 audit(1785263644.024:27346): avc:  denied  { read } for  comm="top" scontext=u:r:system_app:s0 tcontext=u:r:vendor_hal_sensorscalibrate_qti_default:s0 tclass=file permissive=1
[  396.682352] audit: rate limit exceeded
[  397.118310] init: Control message: Could not find 'vendor.qti.diaghal@1.0::Idiag/default' for ctl.interface_start from pid: 754 (/system/bin/hwservicemanager)
[  397.673781] type=1400 audit(1785263645.016:27362): avc:  denied  { read } for  comm="top" scontext=u:r:system_app:s0 tcontext=u:r:vendor_hal_keymint_spu_qti:s0 tclass=file permissive=1
[  397.674459] type=1400 audit(1785263645.016:27363): avc:  denied  { open } for  comm="top" path="/proc/1073/stat" dev="proc" ino=282659 scontext=u:r:system_app:s0 tcontext=u:r:vendor_hal_keymint_spu_qti:s0 tclass=file permissive=1
[  397.675184] type=1400 audit(1785263645.016:27364): avc:  denied  { getattr } for  comm="top" path="/proc/1483" dev="proc" ino=275437 scontext=u:r:system_app:s0 tcontext=u:r:vendor_hal_capabilityconfigstore_qti_default:s0 tclass=dir permissive=1
[  397.675336] type=1400 audit(1785263645.016:27365): avc:  denied  { search } for  comm="top" name="1483" dev="proc" ino=275437 scontext=u:r:system_app:s0 tcontext=u:r:vendor_hal_capabilityconfigstore_qti_default:s0 tclass=dir permissive=1
[  397.853320] audit: audit_lost=25638 audit_rate_limit=5 audit_backlog_limit=64
[  397.853326] audit: rate limit exceeded
[  397.853979] type=1400 audit(1785263645.196:27366): avc:  denied  { read } for  comm="cat" name="online" dev="sysfs" ino=141577 scontext=u:r:xsud:s0 tcontext=u:object_r:vendor_sysfs_battery_supply:s0 tclass=file permissive=1
[  398.120436] init: Control message: Could not find 'vendor.qti.diaghal@1.0::Idiag/default' for ctl.interface_start from pid: 754 (/system/bin/hwservicemanager)
[  399.121350] init: Control message: Could not find 'vendor.qti.diaghal@1.0::Idiag/default' for ctl.interface_start from pid: 754 (/system/bin/hwservicemanager)
[  399.674399] audit: audit_lost=25643 audit_rate_limit=5 audit_backlog_limit=64
[  399.674404] audit: rate limit exceeded
[  400.122360] init: Control message: Could not find 'vendor.qti.diaghal@1.0::Idiag/default' for ctl.interface_start from pid: 754 (/system/bin/hwservicemanager)
[  400.675589] audit: audit_lost=25658 audit_rate_limit=5 audit_backlog_limit=64
[  400.675595] audit: rate limit exceeded
[  401.124422] init: Control message: Could not find 'vendor.qti.diaghal@1.0::Idiag/default' for ctl.interface_start from pid: 754 (/system/bin/hwservicemanager)
[  401.672181] type=1400 audit(1785263649.016:27399): avc:  denied  { getattr } for  comm="top" path="/proc/1447" dev="proc" ino=275428 scontext=u:r:system_app:s0 tcontext=u:r:vendor_hal_usb_qti:s0 tclass=dir permissive=1
[  401.672512] type=1400 audit(1785263649.016:27400): avc:  denied  { search } for  comm="top" name="1447" dev="proc" ino=275428 scontext=u:r:system_app:s0 tcontext=u:r:vendor_hal_usb_qti:s0 tclass=dir permissive=1
[  402.126225] init: Control message: Could not find 'vendor.qti.diaghal@1.0::Idiag/default' for ctl.interface_start from pid: 754 (/system/bin/hwservicemanager)
[  402.924527] type=1400 audit(1785263650.268:27401): avc:  denied  { read } for  comm="top" scontext=u:r:system_app:s0 tcontext=u:r:hal_power_default:s0 tclass=file permissive=1
[  402.924902] type=1400 audit(1785263650.268:27402): avc:  denied  { read } for  comm="top" scontext=u:r:system_app:s0 tcontext=u:r:vendor_hal_usb_qti:s0 tclass=file permissive=1
[  402.925157] type=1400 audit(1785263650.268:27403): avc:  denied  { read } for  comm="top" scontext=u:r:system_app:s0 tcontext=u:r:vendor_perf_qesdk:s0 tclass=file permissive=1
[  402.925344] type=1400 audit(1785263650.268:27404): avc:  denied  { getattr } for  comm="top" path="/proc/1380" dev="proc" ino=275425 scontext=u:r:system_app:s0 tcontext=u:r:vendor_hal_identity_qti:s0 tclass=dir permissive=1
[  402.925499] type=1400 audit(1785263650.268:27405): avc:  denied  { search } for  comm="top" name="1380" dev="proc" ino=275425 scontext=u:r:system_app:s0 tcontext=u:r:vendor_hal_identity_qti:s0 tclass=dir permissive=1
[  402.925658] type=1400 audit(1785263650.268:27406): avc:  denied  { open } for  comm="top" path="/proc/1417/stat" dev="proc" ino=282675 scontext=u:r:system_app:s0 tcontext=u:r:hal_power_default:s0 tclass=file permissive=1
[  402.925806] type=1400 audit(1785263650.268:27407): avc:  denied  { open } for  comm="top" path="/proc/1447/stat" dev="proc" ino=282679 scontext=u:r:system_app:s0 tcontext=u:r:vendor_hal_usb_qti:s0 tclass=file permissive=1
[  402.927017] type=1400 audit(1785263650.268:27408): avc:  denied  { open } for  comm="top" path="/proc/1879/stat" dev="proc" ino=282787 scontext=u:r:system_app:s0 tcontext=u:r:vendor_perf_qesdk:s0 tclass=file permissive=1
[  402.927201] audit: audit_lost=25660 audit_rate_limit=5 audit_backlog_limit=64
[  402.927206] audit: rate limit exceeded
[  403.127895] init: Control message: Could not find 'vendor.qti.diaghal@1.0::Idiag/default' for ctl.interface_start from pid: 754 (/system/bin/hwservicemanager)
[  404.129813] init: Control message: Could not find 'vendor.qti.diaghal@1.0::Idiag/default' for ctl.interface_start from pid: 754 (/system/bin/hwservicemanager)
[  404.676074] audit: audit_lost=25679 audit_rate_limit=5 audit_backlog_limit=64
[  404.676080] audit: rate limit exceeded
[  405.131597] init: Control message: Could not find 'vendor.qti.diaghal@1.0::Idiag/default' for ctl.interface_start from pid: 754 (/system/bin/hwservicemanager)
[  406.132895] init: Control message: Could not find 'vendor.qti.diaghal@1.0::Idiag/default' for ctl.interface_start from pid: 754 (/system/bin/hwservicemanager)
[  406.669700] audit: audit_lost=25695 audit_rate_limit=5 audit_backlog_limit=64
[  406.669706] audit: rate limit exceeded
[  407.135319] init: Control message: Could not find 'vendor.qti.diaghal@1.0::Idiag/default' for ctl.interface_start from pid: 754 (/system/bin/hwservicemanager)
[  407.329444] type=1400 audit(1785263654.672:27470): avc:  denied  { append } for  comm="sh" name="pulse_20260728_202800_cap_poll.log" dev="fuse" ino=331481 scontext=u:r:xsud:s0 tcontext=u:object_r:fuse:s0 tclass=file permissive=1
[  407.329678] type=1400 audit(1785263654.672:27471): avc:  denied  { open } for  comm="sh" path="/storage/emulated/0/apl_pulse_logs/pulse_20260728_202800_cap_poll.log" dev="fuse" ino=331481 scontext=u:r:xsud:s0 tcontext=u:object_r:fuse:s0 tclass=file permissive=1
[  407.342015] type=1400 audit(1785263654.684:27472): avc:  denied  { ioctl } for  comm="dmesg" path="/storage/emulated/0/apl_pulse_logs/pulse_20260728_202800_dmesg.log" dev="fuse" ino=331496 ioctlcmd=0x5401 scontext=u:r:xsud:s0 tcontext=u:object_r:fuse:s0 tclass=file permissive=1
[  407.671630] type=1400 audit(1785263655.012:27473): avc:  denied  { read } for  comm="top" scontext=u:r:system_app:s0 tcontext=u:r:vendor_feature_enabler_client:s0 tclass=file permissive=1
[  407.672205] audit: audit_lost=25711 audit_rate_limit=5 audit_backlog_limit=64
[  407.672208] audit: rate limit exceeded
[  407.672228] type=1400 audit(1785263655.016:27474): avc:  denied  { getattr } for  comm="top" path="/proc/752" dev="proc" ino=275416 scontext=u:r:system_app:s0 tcontext=u:r:servicemanager:s0 tclass=dir permissive=1
[  408.137111] init: Control message: Could not find 'vendor.qti.diaghal@1.0::Idiag/default' for ctl.interface_start from pid: 754 (/system/bin/hwservicemanager)
[  408.510095] type=1400 audit(1785263655.852:27510): avc:  denied  { read } for  comm="dmesg" name="kmsg" dev="tmpfs" ino=5 scontext=u:r:xsud:s0 tcontext=u:object_r:kmsg_device:s0 tclass=chr_file permissive=1
[  408.510220] type=1400 audit(1785263655.852:27511): avc:  denied  { open } for  comm="dmesg" path="/dev/kmsg" dev="tmpfs" ino=5 scontext=u:r:xsud:s0 tcontext=u:object_r:kmsg_device:s0 tclass=chr_file permissive=1
[  408.668465] type=1400 audit(1785263656.012:27512): avc:  denied  { read } for  comm="top" scontext=u:r:system_app:s0 tcontext=u:r:vendor_hal_soter_qti:s0 tclass=file permissive=1
[  408.670582] type=1400 audit(1785263656.012:27513): avc:  denied  { getattr } for  comm="top" path="/proc/1495" dev="proc" ino=275438 scontext=u:r:system_app:s0 tcontext=u:r:hal_light_default:s0 tclass=dir permissive=1
[  408.670717] type=1400 audit(1785263656.012:27514): avc:  denied  { search } for  comm="top" name="1495" dev="proc" ino=275438 scontext=u:r:system_app:s0 tcontext=u:r:hal_light_default:s0 tclass=dir permissive=1
[  409.138040] init: Control message: Could not find 'vendor.qti.diaghal@1.0::Idiag/default' for ctl.interface_start from pid: 754 (/system/bin/hwservicemanager)
[  409.313876] wcd-usbss-i2c-driver 1-000e: wcd_usbss_is_in_reset_state: Surge check #3 failed
[  409.668254] audit: audit_lost=25747 audit_rate_limit=5 audit_backlog_limit=64
[  409.668259] audit: rate limit exceeded
[  410.139503] init: Control message: Could not find 'vendor.qti.diaghal@1.0::Idiag/default' for ctl.interface_start from pid: 754 (/system/bin/hwservicemanager)
[  410.858740] audit: audit_lost=25762 audit_rate_limit=5 audit_backlog_limit=64
[  410.858750] audit: rate limit exceeded
[  411.141876] init: Control message: Could not find 'vendor.qti.diaghal@1.0::Idiag/default' for ctl.interface_start from pid: 754 (/system/bin/hwservicemanager)
[  412.143683] init: Control message: Could not find 'vendor.qti.diaghal@1.0::Idiag/default' for ctl.interface_start from pid: 754 (/system/bin/hwservicemanager)
[  413.145238] init: Control message: Could not find 'vendor.qti.diaghal@1.0::Idiag/default' for ctl.interface_start from pid: 754 (/system/bin/hwservicemanager)
[  414.119858] type=1400 audit(1785263661.464:27554): avc:  denied  { getattr } for  comm="DefaultDispatch" path="/dev/ttyHS5" dev="tmpfs" ino=1195 scontext=u:r:system_app:s0 tcontext=u:object_r:device:s0 tclass=chr_file permissive=1
[  414.169453] servicemanager: Found vendor.qti.hardware.perf2.IPerf/default in device VINTF manifest.
[  414.173126] init: Control message: Could not find 'vendor.qti.diaghal@1.0::Idiag/default' for ctl.interface_start from pid: 754 (/system/bin/hwservicemanager)
[  414.173311] init: Control message: Could not find 'vendor.qti.diaghal@1.0::Idiag/default' for ctl.interface_start from pid: 754 (/system/bin/hwservicemanager)
[  414.382340] type=1400 audit(1785263661.724:27555): avc:  denied  { read } for  comm="cat" name="gpuclk" dev="sysfs" ino=124210 scontext=u:r:xsud:s0 tcontext=u:object_r:vendor_sysfs_kgsl_gpuclk:s0 tclass=file permissive=1
[  414.382634] type=1400 audit(1785263661.724:27556): avc:  denied  { open } for  comm="cat" path="/sys/devices/platform/soc/3d00000.qcom,kgsl-3d0/kgsl/kgsl-3d0/gpuclk" dev="sysfs" ino=124210 scontext=u:r:xsud:s0 tcontext=u:object_r:vendor_sysfs_kgsl_gpuclk:s0 tclass=file permissive=1
[  414.382710] type=1400 audit(1785263661.724:27557): avc:  denied  { getattr } for  comm="DefaultDispatch" path="/dev/ttyHS5" dev="tmpfs" ino=1195 scontext=u:r:system_app:s0 tcontext=u:object_r:device:s0 tclass=chr_file permissive=1
[  414.390525] type=1400 audit(1785263661.732:27558): avc:  denied  { read } for  comm="cat" name="min_pwrlevel" dev="sysfs" ino=124218 scontext=u:r:xsud:s0 tcontext=u:object_r:vendor_sysfs_kgsl:s0 tclass=file permissive=1
[  414.390618] type=1400 audit(1785263661.732:27559): avc:  denied  { open } for  comm="cat" path="/sys/devices/platform/soc/3d00000.qcom,kgsl-3d0/kgsl/kgsl-3d0/min_pwrlevel" dev="sysfs" ino=124218 scontext=u:r:xsud:s0 tcontext=u:object_r:vendor_sysfs_kgsl:s0 tclass=file permissive=1
[  414.414268] audit: audit_lost=25773 audit_rate_limit=5 audit_backlog_limit=64
[  414.414272] audit: rate limit exceeded
[  414.414477] type=1400 audit(1785263661.756:27560): avc:  denied  { search } for  comm="cat" name="battery" dev="sysfs" ino=141568 scontext=u:r:xsud:s0 tcontext=u:object_r:vendor_sysfs_battery_supply:s0 tclass=dir permissive=1
[  414.414545] type=1400 audit(1785263661.756:27561): avc:  denied  { read } for  comm="cat" name="online" dev="sysfs" ino=141577 scontext=u:r:xsud:s0 tcontext=u:object_r:vendor_sysfs_battery_supply:s0 tclass=file permissive=1
[  415.176701] init: Control message: Could not find 'vendor.qti.diaghal@1.0::Idiag/default' for ctl.interface_start from pid: 754 (/system/bin/hwservicemanager)
[  415.588135] type=1400 audit(1785263662.932:27744): avc:  denied  { search } for  comm="cat" name="battery" dev="sysfs" ino=141568 scontext=u:r:xsud:s0 tcontext=u:object_r:vendor_sysfs_battery_supply:s0 tclass=dir permissive=1
[  415.599876] type=1400 audit(1785263662.944:27745): avc:  denied  { append } for  comm="sh" name="pulse_20260728_202800_cap_poll.log" dev="fuse" ino=331481 scontext=u:r:xsud:s0 tcontext=u:object_r:fuse:s0 tclass=file permissive=1
[  415.667215] audit: audit_lost=25955 audit_rate_limit=5 audit_backlog_limit=64
[  415.667220] audit: rate limit exceeded
[  416.178393] init: Control message: Could not find 'vendor.qti.diaghal@1.0::Idiag/default' for ctl.interface_start from pid: 754 (/system/bin/hwservicemanager)
[  416.669706] audit: audit_lost=25999 audit_rate_limit=5 audit_backlog_limit=64
[  416.669715] audit: rate limit exceeded
[  417.180047] init: Control message: Could not find 'vendor.qti.diaghal@1.0::Idiag/default' for ctl.interface_start from pid: 754 (/system/bin/hwservicemanager)
[  417.678158] audit: audit_lost=26023 audit_rate_limit=5 audit_backlog_limit=64
[  417.678164] audit: rate limit exceeded
[  418.181414] init: Control message: Could not find 'vendor.qti.diaghal@1.0::Idiag/default' for ctl.interface_start from pid: 754 (/system/bin/hwservicemanager)
[  418.909310] audit: audit_lost=26147 audit_rate_limit=5 audit_backlog_limit=64
[  418.909315] audit: rate limit exceeded
[  419.182438] init: Control message: Could not find 'vendor.qti.diaghal@1.0::Idiag/default' for ctl.interface_start from pid: 754 (/system/bin/hwservicemanager)
[  419.811908] adsp_sleepmon: Audio: num_sessions=1,num_lpi_sessions=0,timer_pending=0
[  419.840847] swr-mgr wsa2_swr_ctrl: swr_mstr_interrupt: SWR CMD Ignored, fifo status 0x40000005
[  419.844576] swr-mgr wsa2_swr_ctrl: swr_mstr_interrupt: SWR CMD Ignored, fifo status 0x4000000c
[  419.849030] swr-mgr wsa2_swr_ctrl: swr_mstr_interrupt: SWR CMD Ignored, fifo status 0x4000000c
[  419.853387] swr-mgr wsa2_swr_ctrl: swr_mstr_interrupt: SWR CMD Ignored, fifo status 0x40000007
[  419.857608] swr-mgr wsa2_swr_ctrl: swr_mstr_interrupt: SWR CMD Ignored, fifo status 0x4000200c
[  419.861761] swr-mgr wsa2_swr_ctrl: swr_mstr_interrupt: SWR CMD Ignored, fifo status 0x40000007
[  419.866186] swr-mgr wsa2_swr_ctrl: swr_mstr_interrupt: SWR CMD Ignored, fifo status 0x40000006
[  419.915176] audit: audit_lost=26241 audit_rate_limit=5 audit_backlog_limit=64
[  419.915186] audit: rate limit exceeded
[  419.915807] type=1400 audit(1785263667.256:28050): avc:  denied  { read } for  comm="top" scontext=u:r:system_app:s0 tcontext=u:r:hal_allocator_default:s0 tclass=file permissive=1
[  419.916418] type=1400 audit(1785263667.256:28051): avc:  denied  { read } for  comm="top" scontext=u:r:system_app:s0 tcontext=u:r:hal_ir_default:s0 tclass=file permissive=1
[  419.916524] type=1400 audit(1785263667.256:28052): avc:  denied  { read } for  comm="top" scontext=u:r:system_app:s0 tcontext=u:r:vendor_hal_qspmhal_default:s0 tclass=file permissive=1
[  419.916615] type=1400 audit(1785263667.256:28053): avc:  denied  { read } for  comm="top" scontext=u:r:system_app:s0 tcontext=u:r:hal_tsnv_default:s0 tclass=file permissive=1
[  419.916697] type=1400 audit(1785263667.256:28054): avc:  denied  { read } for  comm="top" scontext=u:r:system_app:s0 tcontext=u:r:vendor_perfservice:s0 tclass=file permissive=1
[  420.184112] init: Control message: Could not find 'vendor.qti.diaghal@1.0::Idiag/default' for ctl.interface_start from pid: 754 (/system/bin/hwservicemanager)
[  420.919124] type=1400 audit(1785263668.260:28109): avc:  denied  { getattr } for  comm="Performance-Tim" path="/proc/stat" dev="proc" ino=4026532011 scontext=u:r:system_app:s0 tcontext=u:object_r:proc_stat:s0 tclass=file permissive=1
[  421.185391] init: Control message: Could not find 'vendor.qti.diaghal@1.0::Idiag/default' for ctl.interface_start from pid: 754 (/system/bin/hwservicemanager)
[  421.376135] type=1400 audit(1785263668.720:28110): avc:  denied  { getattr } for  comm="chmod" path="/storage" dev="tmpfs" ino=12 scontext=u:r:xsud:s0 tcontext=u:object_r:mnt_user_file:s0 tclass=dir permissive=1
[  421.376232] type=1400 audit(1785263668.720:28111): avc:  denied  { setattr } for  comm="chmod" name="0" dev="tmpfs" ino=12 scontext=u:r:xsud:s0 tcontext=u:object_r:mnt_user_file:s0 tclass=dir permissive=1
[  421.376253] type=1400 audit(1785263668.720:28112): avc:  denied  { fowner } for  comm="chmod" capability=3  scontext=u:r:xsud:s0 tcontext=u:r:xsud:s0 tclass=capability permissive=1
[  421.376267] type=1400 audit(1785263668.720:28113): avc:  denied  { fsetid } for  comm="chmod" capability=4  scontext=u:r:xsud:s0 tcontext=u:r:xsud:s0 tclass=capability permissive=1
[  421.377093] audit: audit_lost=26295 audit_rate_limit=5 audit_backlog_limit=64
[  421.377095] audit: rate limit exceeded
[  421.544367] servicemanager: Found vendor.qti.qspmhal.IQspmhal/default in device VINTF manifest.
[  421.675834] servicemanager: Found android.hardware.graphics.allocator.IAllocator/default in device VINTF manifest.
[  421.676846] servicemanager: Found android.hardware.graphics.allocator.IAllocator/default in device VINTF manifest.
[  422.186674] init: Control message: Could not find 'vendor.qti.diaghal@1.0::Idiag/default' for ctl.interface_start from pid: 754 (/system/bin/hwservicemanager)
[  422.544602] audit: audit_lost=27403 audit_rate_limit=5 audit_backlog_limit=64
[  422.544605] audit: rate limit exceeded
[  423.187778] init: Control message: Could not find 'vendor.qti.diaghal@1.0::Idiag/default' for ctl.interface_start from pid: 754 (/system/bin/hwservicemanager)
[  423.299988] adsp_sleepmon: Audio: num_sessions=0,num_lpi_sessions=0,timer_pending=1
[  423.661710] audit: audit_lost=27492 audit_rate_limit=5 audit_backlog_limit=64
[  423.661717] audit: rate limit exceeded
[  424.188034] init: Control message: Could not find 'vendor.qti.diaghal@1.0::Idiag/default' for ctl.interface_start from pid: 754 (/system/bin/hwservicemanager)
[  424.417800] wcd-usbss-i2c-driver 1-000e: wcd_usbss_is_in_reset_state: Surge check #3 failed
[  424.903034] audit: audit_lost=27574 audit_rate_limit=5 audit_backlog_limit=64
[  424.903038] audit: rate limit exceeded
[  425.188583] init: Control message: Could not find 'vendor.qti.diaghal@1.0::Idiag/default' for ctl.interface_start from pid: 754 (/system/bin/hwservicemanager)
[  425.656255] type=1400 audit(1785263672.996:29416): avc:  denied  { read } for  comm="top" scontext=u:r:system_app:s0 tcontext=u:r:vendor_hal_keymint_qti:s0 tclass=file permissive=1
[  425.656655] type=1400 audit(1785263672.996:29417): avc:  denied  { read } for  comm="top" scontext=u:r:system_app:s0 tcontext=u:r:hal_allocator_default:s0 tclass=file permissive=1
[  425.656763] type=1400 audit(1785263673.000:29418): avc:  denied  { read } for  comm="top" scontext=u:r:system_app:s0 tcontext=u:r:hal_tsnv_default:s0 tclass=file permissive=1
[  425.656899] type=1400 audit(1785263673.000:29419): avc:  denied  { read } for  comm="top" scontext=u:r:system_app:s0 tcontext=u:r:vendor_perfservice:s0 tclass=file permissive=1
[  425.657022] type=1400 audit(1785263673.000:29420): avc:  denied  { open } for  comm="top" path="/proc/905/stat" dev="proc" ino=282643 scontext=u:r:system_app:s0 tcontext=u:r:vendor_hal_keymint_qti:s0 tclass=file permissive=1
[  426.189246] init: Control message: Could not find 'vendor.qti.diaghal@1.0::Idiag/default' for ctl.interface_start from pid: 754 (/system/bin/hwservicemanager)
[  426.394695] audit: audit_lost=27591 audit_rate_limit=5 audit_backlog_limit=64
[  426.394708] audit: rate limit exceeded
[  426.656907] type=1400 audit(1785263674.000:29448): avc:  denied  { open } for  comm="top" path="/proc/1380/stat" dev="proc" ino=282667 scontext=u:r:system_app:s0 tcontext=u:r:vendor_hal_identity_qti:s0 tclass=file permissive=1
[  426.657055] type=1400 audit(1785263674.000:29449): avc:  denied  { open } for  comm="top" path="/proc/1386/stat" dev="proc" ino=282671 scontext=u:r:system_app:s0 tcontext=u:r:hal_ir_default:s0 tclass=file permissive=1
[  426.657126] type=1400 audit(1785263674.000:29450): avc:  denied  { getattr } for  comm="top" path="/proc/1417" dev="proc" ino=275427 scontext=u:r:system_app:s0 tcontext=u:r:hal_power_default:s0 tclass=dir permissive=1
[  426.657190] type=1400 audit(1785263674.000:29451): avc:  denied  { search } for  comm="top" name="1417" dev="proc" ino=275427 scontext=u:r:system_app:s0 tcontext=u:r:hal_power_default:s0 tclass=dir permissive=1
[  426.657255] type=1400 audit(1785263674.000:29452): avc:  denied  { getattr } for  comm="top" path="/proc/1447" dev="proc" ino=275428 scontext=u:r:system_app:s0 tcontext=u:r:vendor_hal_usb_qti:s0 tclass=dir permissive=1
[  427.190360] init: Control message: Could not find 'vendor.qti.diaghal@1.0::Idiag/default' for ctl.interface_start from pid: 754 (/system/bin/hwservicemanager)
[  427.222268] [drm:dsi_display_set_mode [msm_drm]] [msm-dsi-info]: mdp_transfer_time=0, hactive=1080, vactive=1920, fps=60, clk_rate=0
[  427.576652] audit: audit_lost=27625 audit_rate_limit=5 audit_backlog_limit=64
[  427.576657] audit: rate limit exceeded
[  428.192196] init: Control message: Could not find 'vendor.qti.diaghal@1.0::Idiag/default' for ctl.interface_start from pid: 754 (/system/bin/hwservicemanager)
[  428.511480] adsp_sleepmon: timer_event = 1,suspend_event = 0
[  428.637496] audit: audit_lost=27722 audit_rate_limit=5 audit_backlog_limit=64
[  428.637500] audit: rate limit exceeded
[  429.193568] init: Control message: Could not find 'vendor.qti.diaghal@1.0::Idiag/default' for ctl.interface_start from pid: 754 (/system/bin/hwservicemanager)
[  429.546416] adsp_sleepmon: Audio: num_sessions=1,num_lpi_sessions=0,timer_pending=0
[  429.577286] swr-mgr wsa2_swr_ctrl: swr_mstr_interrupt: SWR CMD Ignored, fifo status 0x4000000a
[  429.582293] swr-mgr wsa2_swr_ctrl: swr_mstr_interrupt: SWR CMD Ignored, fifo status 0x40000001
[  429.586175] swr-mgr wsa2_swr_ctrl: swr_mstr_interrupt: SWR CMD Ignored, fifo status 0x40000009
[  429.590386] swr-mgr wsa2_swr_ctrl: swr_mstr_interrupt: SWR CMD Ignored, fifo status 0x40002002
[  429.594398] swr-mgr wsa2_swr_ctrl: swr_mstr_interrupt: SWR CMD Ignored, fifo status 0x4000000c
[  429.598065] swr-mgr wsa2_swr_ctrl: swr_mstr_interrupt: SWR CMD Ignored, fifo status 0x40000007
[  429.601909] swr-mgr wsa2_swr_ctrl: swr_mstr_interrupt: SWR CMD Ignored, fifo status 0x40000002
[  429.661703] audit: audit_lost=27820 audit_rate_limit=5 audit_backlog_limit=64
[  429.661710] audit: rate limit exceeded
[  430.194239] init: Control message: Could not find 'vendor.qti.diaghal@1.0::Idiag/default' for ctl.interface_start from pid: 754 (/system/bin/hwservicemanager)
[  430.259006] [kworke][0x1fa32e749][18:34:37.604906] kiwi_v2: [859:I:PMO] pmo_core_psoc_send_host_wakeup_ind_to_fw: Host wakeup indication sent to fw
[  430.368487] gen7_err_callback: 783 callbacks suppressed
[  430.368499] kgsl kgsl-3d0: CP: AHB bus error, CP_RL_ERROR_DETAILS_0:0x10008e07 CP_RL_ERROR_DETAILS_1:0x12144
[  430.368519] kgsl kgsl-3d0: CP: AHB bus error, CP_RL_ERROR_DETAILS_0:0x10008e07 CP_RL_ERROR_DETAILS_1:0x12144
[  430.371802] kgsl kgsl-3d0: CP: AHB bus error, CP_RL_ERROR_DETAILS_0:0x10008e07 CP_RL_ERROR_DETAILS_1:0x12144
[  430.371828] kgsl kgsl-3d0: CP: AHB bus error, CP_RL_ERROR_DETAILS_0:0x10008e07 CP_RL_ERROR_DETAILS_1:0x12144
[  430.384574] kgsl kgsl-3d0: CP: AHB bus error, CP_RL_ERROR_DETAILS_0:0x10008e07 CP_RL_ERROR_DETAILS_1:0x12144
[  430.384611] kgsl kgsl-3d0: CP: AHB bus error, CP_RL_ERROR_DETAILS_0:0x10008e07 CP_RL_ERROR_DETAILS_1:0x12144
[  430.390577] kgsl kgsl-3d0: CP: AHB bus error, CP_RL_ERROR_DETAILS_0:0x10008e07 CP_RL_ERROR_DETAILS_1:0x12144
[  430.390599] kgsl kgsl-3d0: CP: AHB bus error, CP_RL_ERROR_DETAILS_0:0x10008e07 CP_RL_ERROR_DETAILS_1:0x12144
[  430.391587] kgsl kgsl-3d0: CP: AHB bus error, CP_RL_ERROR_DETAILS_0:0x10008e07 CP_RL_ERROR_DETAILS_1:0x12144
[  430.391608] kgsl kgsl-3d0: CP: AHB bus error, CP_RL_ERROR_DETAILS_0:0x10008e07 CP_RL_ERROR_DETAILS_1:0x12144
[  430.734430] type=1400 audit(1785263678.072:29878): avc:  denied  { write } for  comm="Thread-3127" name="pulse_fifo_in" dev="dm-53" ino=331469 scontext=u:r:untrusted_app:s0:c183,c256,c512,c768 tcontext=u:object_r:app_data_file:s0 tclass=fifo_file permissive=1 app=com.kei.pulse
[  430.753016] type=1400 audit(1785263678.096:29879): avc:  denied  { search } for  comm="sh" name="0" dev="tmpfs" ino=12 scontext=u:r:xsud:s0 tcontext=u:object_r:mnt_user_file:s0 tclass=dir permissive=1
[  430.753293] type=1400 audit(1785263678.096:29880): avc:  denied  { read } for  comm="sh" name="primary" dev="tmpfs" ino=42 scontext=u:r:xsud:s0 tcontext=u:object_r:mnt_user_file:s0 tclass=lnk_file permissive=1
[  430.756337] audit: audit_lost=28019 audit_rate_limit=5 audit_backlog_limit=64
[  430.756345] audit: rate limit exceeded
[  430.756437] type=1400 audit(1785263678.100:29881): avc:  denied  { search } for  comm="sh" name="com.kei.pulse" dev="dm-53" ino=329013 scontext=u:r:xsud:s0 tcontext=u:object_r:app_data_file:s0:c183,c256,c512,c768 tclass=dir permissive=1
[  430.756578] type=1400 audit(1785263678.100:29882): avc:  denied  { read } for  comm="sh" name="pulse_fifo_in" dev="dm-53" ino=331469 scontext=u:r:xsud:s0 tcontext=u:object_r:app_data_file:s0 tclass=fifo_file permissive=1
[  431.036782] [kworke][0x1fb16c481][18:34:38.382682] kiwi_v2: [859:I:PMO] pmo_core_enable_wow_in_fw: drv wow is enabled
[  431.196152] init: Control message: Could not find 'vendor.qti.diaghal@1.0::Idiag/default' for ctl.interface_start from pid: 754 (/system/bin/hwservicemanager)
[  431.776544] binder: 2281:2281 cannot find target node
[  431.776549] binder: 2281:2281 transaction async to 0:0 failed 450690/29189/-22, size 124-0 line 3265
[  431.779906] binder: 2281:2281 cannot find target node
[  431.779918] binder: 2281:2281 transaction async to 0:0 failed 450698/29189/-22, size 124-0 line 3265
[  431.780826] binder: 2281:2281 cannot find target node
[  431.780831] binder: 2281:2281 transaction async to 0:0 failed 450699/29189/-22, size 124-0 line 3265
[  431.795841] binder: undelivered transaction 450721, process died.
[  431.843947] type=1400 audit(1785263679.184:29925): avc:  denied  { read } for  comm="cat" name="cur_freq" dev="sysfs" ino=124350 scontext=u:r:xsud:s0 tcontext=u:object_r:vendor_sysfs_kgsl:s0 tclass=file permissive=1
[  431.844024] type=1400 audit(1785263679.184:29926): avc:  denied  { open } for  comm="cat" path="/sys/devices/platform/soc/3d00000.qcom,kgsl-3d0/devfreq/3d00000.qcom,kgsl-3d0/cur_freq" dev="sysfs" ino=124350 scontext=u:r:xsud:s0 tcontext=u:object_r:vendor_sysfs_kgsl:s0 tclass=file permissive=1
[  431.855032] type=1400 audit(1785263679.196:29927): avc:  denied  { read } for  comm="cat" name="max_pwrlevel" dev="sysfs" ino=124217 scontext=u:r:xsud:s0 tcontext=u:object_r:vendor_sysfs_kgsl:s0 tclass=file permissive=1
[  431.855076] type=1400 audit(1785263679.196:29928): avc:  denied  { open } for  comm="cat" path="/sys/devices/platform/soc/3d00000.qcom,kgsl-3d0/kgsl/kgsl-3d0/max_pwrlevel" dev="sysfs" ino=124217 scontext=u:r:xsud:s0 tcontext=u:object_r:vendor_sysfs_kgsl:s0 tclass=file permissive=1
[  431.859742] type=1400 audit(1785263679.200:29929): avc:  denied  { getattr } for  comm="DefaultDispatch" path="/dev/ttyHS5" dev="tmpfs" ino=1195 scontext=u:r:system_app:s0 tcontext=u:object_r:device:s0 tclass=chr_file permissive=1
[  431.867453] audit: audit_lost=28061 audit_rate_limit=5 audit_backlog_limit=64
[  431.867457] audit: rate limit exceeded
[  431.882368] servicemanager: Found vendor.qti.hardware.perf2.IPerf/default in device VINTF manifest.
[  431.990180] servicemanager: Found vendor.qti.qspmhal.IQspmhal/default in device VINTF manifest.
[  432.000122] servicemanager: Found android.hardware.graphics.allocator.IAllocator/default in device VINTF manifest.
[  432.003071] servicemanager: Found android.hardware.graphics.allocator.IAllocator/default in device VINTF manifest.
[  432.014975] servicemanager: Found vendor.qti.hardware.perf2.IPerf/default in device VINTF manifest.
[  432.052330] servicemanager: Found vendor.qti.hardware.perf2.IPerf/default in device VINTF manifest.
[  432.120345] servicemanager: Found vendor.qti.hardware.perf2.IPerf/default in device VINTF manifest.
[  432.130509] servicemanager: Found vendor.qti.hardware.perf2.IPerf/default in device VINTF manifest.
[  432.164889] servicemanager: Found vendor.qti.qspmhal.IQspmhal/default in device VINTF manifest.
[  432.177908] servicemanager: Found android.hardware.graphics.allocator.IAllocator/default in device VINTF manifest.
[  432.196011] init: Control message: Could not find 'vendor.qti.diaghal@1.0::Idiag/default' for ctl.interface_start from pid: 754 (/system/bin/hwservicemanager)
[  432.286813] binder: release 27115:27127 transaction 455925 in, still active
[  432.286818] binder: send failed reply for transaction 455925 to 26972:27040
[  432.286829] binder: undelivered TRANSACTION_COMPLETE
[  432.762055] [kworke][0x1fd1037f7][18:34:40.107955] kiwi_v2: [22467:I:PMO] pmo_core_psoc_send_host_wakeup_ind_to_fw: Host wakeup indication sent to fw
[  432.876934] binder: 27344:27354 ioctl c0306201 71c6333a78 returned -14
[  432.896908] audit: audit_lost=31672 audit_rate_limit=5 audit_backlog_limit=64
[  432.896912] audit: rate limit exceeded
[  433.013149] binder_alloc: 27379: binder_alloc_buf failed to map pages in userspace, no vma
[  433.203336] init: Control message: Could not find 'vendor.qti.diaghal@1.0::Idiag/default' for ctl.interface_start from pid: 754 (/system/bin/hwservicemanager)
[  433.908034] audit: audit_lost=33620 audit_rate_limit=5 audit_backlog_limit=64
[  433.908040] audit: rate limit exceeded
[  434.198933] init: Control message: Could not find 'vendor.qti.diaghal@1.0::Idiag/default' for ctl.interface_start from pid: 754 (/system/bin/hwservicemanager)
[  434.285081] init: Control message: Could not find 'vendor.qti.diaghal@1.0::Idiag/default' for ctl.interface_start from pid: 754 (/system/bin/hwservicemanager)
[  434.286817] init: Control message: Could not find 'vendor.qti.diaghal@1.0::Idiag/default' for ctl.interface_start from pid: 754 (/system/bin/hwservicemanager)
[  434.661456] binder_alloc: 28016: binder_alloc_buf, no vma
[  434.911885] audit: audit_lost=34042 audit_rate_limit=5 audit_backlog_limit=64
[  434.911891] audit: rate limit exceeded
[  435.288146] init: Control message: Could not find 'vendor.qti.diaghal@1.0::Idiag/default' for ctl.interface_start from pid: 754 (/system/bin/hwservicemanager)
[  435.376415] gen7_err_callback: 1410 callbacks suppressed
[  435.376434] kgsl kgsl-3d0: CP: AHB bus error, CP_RL_ERROR_DETAILS_0:0x10008e07 CP_RL_ERROR_DETAILS_1:0x12144
[  435.376468] kgsl kgsl-3d0: CP: AHB bus error, CP_RL_ERROR_DETAILS_0:0x10008e07 CP_RL_ERROR_DETAILS_1:0x12144
[  435.381123] kgsl kgsl-3d0: CP: AHB bus error, CP_RL_ERROR_DETAILS_0:0x10008e07 CP_RL_ERROR_DETAILS_1:0x12144
[  435.385363] kgsl kgsl-3d0: CP: AHB bus error, CP_RL_ERROR_DETAILS_0:0x10008e07 CP_RL_ERROR_DETAILS_1:0x12144
[  435.385393] kgsl kgsl-3d0: CP: AHB bus error, CP_RL_ERROR_DETAILS_0:0x10008e07 CP_RL_ERROR_DETAILS_1:0x12144
[  435.392766] kgsl kgsl-3d0: CP: AHB bus error, CP_RL_ERROR_DETAILS_0:0x10008e07 CP_RL_ERROR_DETAILS_1:0x12144
[  435.392794] kgsl kgsl-3d0: CP: AHB bus error, CP_RL_ERROR_DETAILS_0:0x10008e07 CP_RL_ERROR_DETAILS_1:0x12144
[  435.396978] kgsl kgsl-3d0: CP: AHB bus error, CP_RL_ERROR_DETAILS_0:0x10008e07 CP_RL_ERROR_DETAILS_1:0x12144
[  435.400842] kgsl kgsl-3d0: CP: AHB bus error, CP_RL_ERROR_DETAILS_0:0x10008e07 CP_RL_ERROR_DETAILS_1:0x12144
[  435.400883] kgsl kgsl-3d0: CP: AHB bus error, CP_RL_ERROR_DETAILS_0:0x10008e07 CP_RL_ERROR_DETAILS_1:0x12144
[  435.903888] [kworke][0x200a8ad19][18:34:43.249784] kiwi_v2: [2202:I:PMO] pmo_core_enable_wow_in_fw: drv wow is enabled
[  436.014227] type=1400 audit(1785263683.356:36106): avc:  denied  { read } for  comm="cat" name="gpuclk" dev="sysfs" ino=124210 scontext=u:r:xsud:s0 tcontext=u:object_r:vendor_sysfs_kgsl_gpuclk:s0 tclass=file permissive=1
[  436.014293] type=1400 audit(1785263683.356:36107): avc:  denied  { open } for  comm="cat" path="/sys/devices/platform/soc/3d00000.qcom,kgsl-3d0/kgsl/kgsl-3d0/gpuclk" dev="sysfs" ino=124210 scontext=u:r:xsud:s0 tcontext=u:object_r:vendor_sysfs_kgsl_gpuclk:s0 tclass=file permissive=1
[  436.022986] type=1400 audit(1785263683.364:36108): avc:  denied  { read } for  comm="cat" name="min_pwrlevel" dev="sysfs" ino=124218 scontext=u:r:xsud:s0 tcontext=u:object_r:vendor_sysfs_kgsl:s0 tclass=file permissive=1
[  436.023342] type=1400 audit(1785263683.364:36109): avc:  denied  { open } for  comm="cat" path="/sys/devices/platform/soc/3d00000.qcom,kgsl-3d0/kgsl/kgsl-3d0/min_pwrlevel" dev="sysfs" ino=124218 scontext=u:r:xsud:s0 tcontext=u:object_r:vendor_sysfs_kgsl:s0 tclass=file permissive=1
[  436.040602] audit: audit_lost=34222 audit_rate_limit=5 audit_backlog_limit=64
[  436.040605] audit: rate limit exceeded
[  436.041098] type=1400 audit(1785263683.384:36110): avc:  denied  { search } for  comm="cat" name="battery" dev="sysfs" ino=141568 scontext=u:r:xsud:s0 tcontext=u:object_r:vendor_sysfs_battery_supply:s0 tclass=dir permissive=1
[  436.290139] init: Control message: Could not find 'vendor.qti.diaghal@1.0::Idiag/default' for ctl.interface_start from pid: 754 (/system/bin/hwservicemanager)
[  436.335249] init: Service 'artd' (pid 5342) exited with status 0 oneshot service took 403.162994 seconds in background
[  436.335315] init: Sending signal 9 to service 'artd' (pid 5342) process group...
[  436.336001] libprocessgroup: Successfully killed process cgroup uid 1082 pid 5342 in 0ms
[  437.181778] type=1400 audit(1785263684.524:36264): avc:  denied  { read } for  comm="cat" name="gpuclk" dev="sysfs" ino=124210 scontext=u:r:xsud:s0 tcontext=u:object_r:vendor_sysfs_kgsl_gpuclk:s0 tclass=file permissive=1
[  437.182237] type=1400 audit(1785263684.524:36265): avc:  denied  { open } for  comm="cat" path="/sys/devices/platform/soc/3d00000.qcom,kgsl-3d0/kgsl/kgsl-3d0/gpuclk" dev="sysfs" ino=124210 scontext=u:r:xsud:s0 tcontext=u:object_r:vendor_sysfs_kgsl_gpuclk:s0 tclass=file permissive=1
[  437.192215] type=1400 audit(1785263684.536:36266): avc:  denied  { read } for  comm="cat" name="min_pwrlevel" dev="sysfs" ino=124218 scontext=u:r:xsud:s0 tcontext=u:object_r:vendor_sysfs_kgsl:s0 tclass=file permissive=1
[  437.192414] type=1400 audit(1785263684.536:36267): avc:  denied  { open } for  comm="cat" path="/sys/devices/platform/soc/3d00000.qcom,kgsl-3d0/kgsl/kgsl-3d0/min_pwrlevel" dev="sysfs" ino=124218 scontext=u:r:xsud:s0 tcontext=u:object_r:vendor_sysfs_kgsl:s0 tclass=file permissive=1
[  437.219433] audit: audit_lost=34375 audit_rate_limit=5 audit_backlog_limit=64
[  437.219437] audit: rate limit exceeded
[  437.219806] type=1400 audit(1785263684.560:36268): avc:  denied  { search } for  comm="cat" name="battery" dev="sysfs" ino=141568 scontext=u:r:xsud:s0 tcontext=u:object_r:vendor_sysfs_battery_supply:s0 tclass=dir permissive=1
[  437.291907] init: Control message: Could not find 'vendor.qti.diaghal@1.0::Idiag/default' for ctl.interface_start from pid: 754 (/system/bin/hwservicemanager)
[  438.292759] init: Control message: Could not find 'vendor.qti.diaghal@1.0::Idiag/default' for ctl.interface_start from pid: 754 (/system/bin/hwservicemanager)
[  438.640170] audit: audit_lost=34430 audit_rate_limit=5 audit_backlog_limit=64
[  438.640176] audit: rate limit exceeded
[  439.294706] init: Control message: Could not find 'vendor.qti.diaghal@1.0::Idiag/default' for ctl.interface_start from pid: 754 (/system/bin/hwservicemanager)
[  439.522709] wcd-usbss-i2c-driver 1-000e: wcd_usbss_is_in_reset_state: Surge check #3 failed
[  440.296010] init: Control message: Could not find 'vendor.qti.diaghal@1.0::Idiag/default' for ctl.interface_start from pid: 754 (/system/bin/hwservicemanager)
[  440.380292] gen7_err_callback: 1373 callbacks suppressed
[  440.380320] kgsl kgsl-3d0: CP: AHB bus error, CP_RL_ERROR_DETAILS_0:0x10008e07 CP_RL_ERROR_DETAILS_1:0x12144
[  440.382034] kgsl kgsl-3d0: CP: AHB bus error, CP_RL_ERROR_DETAILS_0:0x10008e07 CP_RL_ERROR_DETAILS_1:0x12144
[  440.382061] kgsl kgsl-3d0: CP: AHB bus error, CP_RL_ERROR_DETAILS_0:0x10008e07 CP_RL_ERROR_DETAILS_1:0x12144
[  440.392627] kgsl kgsl-3d0: CP: AHB bus error, CP_RL_ERROR_DETAILS_0:0x10008e07 CP_RL_ERROR_DETAILS_1:0x12144
[  440.392661] kgsl kgsl-3d0: CP: AHB bus error, CP_RL_ERROR_DETAILS_0:0x10008e07 CP_RL_ERROR_DETAILS_1:0x12144
[  440.397334] kgsl kgsl-3d0: CP: AHB bus error, CP_RL_ERROR_DETAILS_0:0x10008e07 CP_RL_ERROR_DETAILS_1:0x12144
[  440.399588] kgsl kgsl-3d0: CP: AHB bus error, CP_RL_ERROR_DETAILS_0:0x10008e07 CP_RL_ERROR_DETAILS_1:0x12144
[  440.399620] kgsl kgsl-3d0: CP: AHB bus error, CP_RL_ERROR_DETAILS_0:0x10008e07 CP_RL_ERROR_DETAILS_1:0x12144
[  440.409580] kgsl kgsl-3d0: CP: AHB bus error, CP_RL_ERROR_DETAILS_0:0x10008e07 CP_RL_ERROR_DETAILS_1:0x12144
[  440.409616] kgsl kgsl-3d0: CP: AHB bus error, CP_RL_ERROR_DETAILS_0:0x10008e07 CP_RL_ERROR_DETAILS_1:0x12144
[  440.570937] audit: audit_lost=34457 audit_rate_limit=5 audit_backlog_limit=64
[  440.570943] audit: rate limit exceeded
[  441.297549] init: Control message: Could not find 'vendor.qti.diaghal@1.0::Idiag/default' for ctl.interface_start from pid: 754 (/system/bin/hwservicemanager)
[  441.638733] audit: audit_lost=34500 audit_rate_limit=5 audit_backlog_limit=64
[  441.638740] audit: rate limit exceeded
[  441.641156] type=1400 audit(1785263688.984:36411): avc:  denied  { getattr } for  comm="top" path="/proc/1469" dev="proc" ino=561400 scontext=u:r:system_app:s0 tcontext=u:r:vendor_hal_qesdhal_default:s0 tclass=dir permissive=1
[  441.641352] type=1400 audit(1785263688.984:36412): avc:  denied  { search } for  comm="top" name="1469" dev="proc" ino=561400 scontext=u:r:system_app:s0 tcontext=u:r:vendor_hal_qesdhal_default:s0 tclass=dir permissive=1
[  441.641423] type=1400 audit(1785263688.984:36413): avc:  denied  { getattr } for  comm="top" path="/proc/1473" dev="proc" ino=561401 scontext=u:r:system_app:s0 tcontext=u:r:vendor_qesdsect:s0 tclass=dir permissive=1
[  441.641485] type=1400 audit(1785263688.984:36414): avc:  denied  { search } for  comm="top" name="1473" dev="proc" ino=561401 scontext=u:r:system_app:s0 tcontext=u:r:vendor_qesdsect:s0 tclass=dir permissive=1
[  441.641544] type=1400 audit(1785263688.984:36415): avc:  denied  { open } for  comm="top" path="/proc/1542/stat" dev="proc" ino=556542 scontext=u:r:system_app:s0 tcontext=u:r:vendor_hal_qspa_default:s0 tclass=file permissive=1
[  442.298558] init: Control message: Could not find 'vendor.qti.diaghal@1.0::Idiag/default' for ctl.interface_start from pid: 754 (/system/bin/hwservicemanager)
[  442.639842] audit: audit_lost=34515 audit_rate_limit=5 audit_backlog_limit=64
[  442.639847] audit: rate limit exceeded
[  442.894649] type=1400 audit(1785263690.236:36432): avc:  denied  { read } for  comm="top" scontext=u:r:system_app:s0 tcontext=u:r:vendor_hal_keymint_qti:s0 tclass=file permissive=1
[  442.895128] type=1400 audit(1785263690.236:36433): avc:  denied  { open } for  comm="top" path="/proc/905/stat" dev="proc" ino=569441 scontext=u:r:system_app:s0 tcontext=u:r:vendor_hal_keymint_qti:s0 tclass=file permissive=1
[  443.191709] type=1400 audit(1785263690.532:36434): avc:  denied  { syslog } for  comm="dmesg" capability=34  scontext=u:r:xsud:s0 tcontext=u:r:xsud:s0 tclass=capability2 permissive=1
[  443.300599] init: Control message: Could not find 'vendor.qti.diaghal@1.0::Idiag/default' for ctl.interface_start from pid: 754 (/system/bin/hwservicemanager)
[  444.247796] [kworke][0x20a352e46][18:34:51.593693] kiwi_v2: [2307:I:PMO] pmo_core_psoc_send_host_wakeup_ind_to_fw: Host wakeup indication sent to fw
[  444.257218] [soft_i][0x20a37f0fb][18:34:51.603116] kiwi_v2: [0:I:WMA] WLAN triggered wakeup: BPF_ALLOW (39), vdev: 0 (STA)
[  444.257319] [soft_i][0x20a37f8be][18:34:51.603219] kiwi_v2: [0:I:WMA] wma_wake_event_packet: Wake event packet:
[  444.301282] init: Control message: Could not find 'vendor.qti.diaghal@1.0::Idiag/default' for ctl.interface_start from pid: 754 (/system/bin/hwservicemanager)
[  444.641275] type=1400 audit(1785263691.984:36435): avc:  denied  { read } for  comm="top" scontext=u:r:system_app:s0 tcontext=u:r:hal_allocator_default:s0 tclass=file permissive=1
[  444.641687] type=1400 audit(1785263691.984:36436): avc:  denied  { read } for  comm="top" scontext=u:r:system_app:s0 tcontext=u:r:vendor_hal_qspmhal_default:s0 tclass=file permissive=1
[  444.644062] audit: audit_lost=34518 audit_rate_limit=5 audit_backlog_limit=64
[  444.644066] audit: rate limit exceeded
[  445.011245] [kworke][0x20b14d88b][18:34:52.357137] kiwi_v2: [2202:I:PMO] pmo_core_enable_wow_in_fw: drv wow is enabled
[  445.302578] init: Control message: Could not find 'vendor.qti.diaghal@1.0::Idiag/default' for ctl.interface_start from pid: 754 (/system/bin/hwservicemanager)
[  445.386041] gen7_err_callback: 1310 callbacks suppressed
[  445.386065] kgsl kgsl-3d0: CP: AHB bus error, CP_RL_ERROR_DETAILS_0:0x10008e07 CP_RL_ERROR_DETAILS_1:0x12144
[  445.393437] kgsl kgsl-3d0: CP: AHB bus error, CP_RL_ERROR_DETAILS_0:0x10008e07 CP_RL_ERROR_DETAILS_1:0x12144
[  445.393480] kgsl kgsl-3d0: CP: AHB bus error, CP_RL_ERROR_DETAILS_0:0x10008e07 CP_RL_ERROR_DETAILS_1:0x12144
[  445.398142] kgsl kgsl-3d0: CP: AHB bus error, CP_RL_ERROR_DETAILS_0:0x10008e07 CP_RL_ERROR_DETAILS_1:0x12144
[  445.401570] kgsl kgsl-3d0: CP: AHB bus error, CP_RL_ERROR_DETAILS_0:0x10008e07 CP_RL_ERROR_DETAILS_1:0x12144
[  445.408925] kgsl kgsl-3d0: CP: AHB bus error, CP_RL_ERROR_DETAILS_0:0x10008e07 CP_RL_ERROR_DETAILS_1:0x12144
[  445.408962] kgsl kgsl-3d0: CP: AHB bus error, CP_RL_ERROR_DETAILS_0:0x10008e07 CP_RL_ERROR_DETAILS_1:0x12144
[  445.413642] kgsl kgsl-3d0: CP: AHB bus error, CP_RL_ERROR_DETAILS_0:0x10008e07 CP_RL_ERROR_DETAILS_1:0x12144
[  445.416756] kgsl kgsl-3d0: CP: AHB bus error, CP_RL_ERROR_DETAILS_0:0x10008e07 CP_RL_ERROR_DETAILS_1:0x12144
[  445.425257] kgsl kgsl-3d0: CP: AHB bus error, CP_RL_ERROR_DETAILS_0:0x10008e07 CP_RL_ERROR_DETAILS_1:0x12144
[  445.895880] audit: audit_lost=34533 audit_rate_limit=5 audit_backlog_limit=64
[  445.895886] audit: rate limit exceeded
[  445.927945] servicemanager: Found vendor.qti.hardware.perf2.IPerf/default in device VINTF manifest.
[  445.948618] servicemanager: Found vendor.qti.hardware.perf2.IPerf/default in device VINTF manifest.
[  446.252354] hid_aya_haptic_play: enter
[  446.252777] aya_haptic 0003:4001:0428.0002: aya_haptic_hid_report_work: left 1, right 1
[  446.255938] hid_aya_haptic_play: enter
[  446.257197] aya_haptic 0003:4001:0428.0002: aya_haptic_hid_report_work: left 1, right 1
[  446.267960] hid_aya_haptic_play: enter
[  446.268149] aya_haptic 0003:4001:0428.0002: aya_haptic_hid_report_work: left 8, right 8
[  446.270921] hid_aya_haptic_play: enter
[  446.271124] aya_haptic 0003:4001:0428.0002: aya_haptic_hid_report_work: left 17, right 17
[  446.277245] healthd: battery l=75 v=8012 t=34.0 h=2 st=3 c=-807515 fc=4162000 cc=0 chg=a
[  446.290351] hid_aya_haptic_play: enter
[  446.290683] aya_haptic 0003:4001:0428.0002: aya_haptic_hid_report_work: left 1, right 1
[  446.291805] hid_aya_haptic_play: enter
[  446.292328] aya_haptic 0003:4001:0428.0002: aya_haptic_hid_report_work: left 2, right 2
[  446.294271] servicemanager: Found vendor.qti.hardware.perf2.IPerf/default in device VINTF manifest.
[  446.305627] hid_aya_haptic_play: enter
[  446.305829] aya_haptic 0003:4001:0428.0002: aya_haptic_hid_report_work: left 1, right 1
[  446.306106] hid_aya_haptic_play: enter
[  446.306985] init: Control message: Could not find 'vendor.qti.diaghal@1.0::Idiag/default' for ctl.interface_start from pid: 754 (/system/bin/hwservicemanager)
[  446.307047] aya_haptic 0003:4001:0428.0002: aya_haptic_hid_report_work: left 1, right 1
[  446.320498] hid_aya_haptic_play: enter
[  446.320620] aya_haptic 0003:4001:0428.0002: aya_haptic_hid_report_work: left 1, right 1
[  446.322231] hid_aya_haptic_play: enter
[  446.325972] aya_haptic 0003:4001:0428.0002: aya_haptic_hid_report_work: left 1, right 1
[  446.338589] hid_aya_haptic_play: enter
[  446.339005] hid_aya_haptic_play: enter
[  446.339083] aya_haptic 0003:4001:0428.0002: aya_haptic_hid_report_work: left 2, right 2
[  446.340553] BATTERY_CHG: battery_psy_set_online: battery_psy_set_online: set online 1
[  446.357558] hid_aya_haptic_play: enter
[  446.357700] aya_haptic 0003:4001:0428.0002: aya_haptic_hid_report_work: left 3, right 3
[  446.358074] hid_aya_haptic_play: enter
[  446.359808] aya_haptic 0003:4001:0428.0002: aya_haptic_hid_report_work: left 6, right 6
[  446.374595] hid_aya_haptic_play: enter
[  446.375025] aya_haptic 0003:4001:0428.0002: aya_haptic_hid_report_work: left 10, right 10
[  446.375862] hid_aya_haptic_play: enter
[  446.376072] aya_haptic 0003:4001:0428.0002: aya_haptic_hid_report_work: left 20, right 20
[  446.391752] hid_aya_haptic_play: enter
[  446.392249] aya_haptic 0003:4001:0428.0002: aya_haptic_hid_report_work: left 9, right 9
[  446.392618] hid_aya_haptic_play: enter
[  446.392809] aya_haptic 0003:4001:0428.0002: aya_haptic_hid_report_work: left 18, right 18
[  446.411335] hid_aya_haptic_play: enter
[  446.411574] aya_haptic 0003:4001:0428.0002: aya_haptic_hid_report_work: left 1, right 1
[  446.412014] hid_aya_haptic_play: enter
[  446.412178] aya_haptic 0003:4001:0428.0002: aya_haptic_hid_report_work: left 3, right 3
[  446.430306] hid_aya_haptic_play: enter
[  446.430584] aya_haptic 0003:4001:0428.0002: aya_haptic_hid_report_work: left 1, right 1
[  446.430861] hid_aya_haptic_play: enter
[  446.432454] aya_haptic 0003:4001:0428.0002: aya_haptic_hid_report_work: left 3, right 3
[  446.448408] hid_aya_haptic_play: enter
[  446.448668] aya_haptic 0003:4001:0428.0002: aya_haptic_hid_report_work: left 1, right 1
[  446.448864] hid_aya_haptic_play: enter
[  446.450857] aya_haptic 0003:4001:0428.0002: aya_haptic_hid_report_work: left 3, right 3
[  446.457916] servicemanager: Found vendor.qti.hardware.perf2.IPerf/default in device VINTF manifest.
[  446.467732] hid_aya_haptic_play: enter
[  446.467857] aya_haptic 0003:4001:0428.0002: aya_haptic_hid_report_work: left 1, right 1
[  446.468190] hid_aya_haptic_play: enter
[  446.468821] aya_haptic 0003:4001:0428.0002: aya_haptic_hid_report_work: left 2, right 2
[  446.482946] hid_aya_haptic_play: enter
[  446.483162] aya_haptic 0003:4001:0428.0002: aya_haptic_hid_report_work: left 1, right 1
[  446.483554] hid_aya_haptic_play: enter
[  446.483838] aya_haptic 0003:4001:0428.0002: aya_haptic_hid_report_work: left 2, right 2
[  446.502990] hid_aya_haptic_play: enter
[  446.503199] aya_haptic 0003:4001:0428.0002: aya_haptic_hid_report_work: left 1, right 1
[  446.503593] hid_aya_haptic_play: enter
[  446.503832] aya_haptic 0003:4001:0428.0002: aya_haptic_hid_report_work: left 1, right 1
[  446.522866] hid_aya_haptic_play: enter
[  446.523013] aya_haptic 0003:4001:0428.0002: aya_haptic_hid_report_work: left 1, right 1
[  446.523574] hid_aya_haptic_play: enter
[  446.523825] aya_haptic 0003:4001:0428.0002: aya_haptic_hid_report_work: left 1, right 1
[  446.542891] hid_aya_haptic_play: enter
[  446.543166] aya_haptic 0003:4001:0428.0002: aya_haptic_hid_report_work: left 1, right 1
[  446.543633] hid_aya_haptic_play: enter
[  446.543870] aya_haptic 0003:4001:0428.0002: aya_haptic_hid_report_work: left 1, right 1
[  446.568469] hid_aya_haptic_play: enter
[  446.568620] aya_haptic 0003:4001:0428.0002: aya_haptic_hid_report_work: left 1, right 1
[  446.569576] hid_aya_haptic_play: enter
[  446.569799] aya_haptic 0003:4001:0428.0002: aya_haptic_hid_report_work: left 1, right 1
[  446.584712] hid_aya_haptic_play: enter
[  446.584819] aya_haptic 0003:4001:0428.0002: aya_haptic_hid_report_work: left 1, right 1
[  446.585700] hid_aya_haptic_play: enter
[  446.585863] aya_haptic 0003:4001:0428.0002: aya_haptic_hid_report_work: left 1, right 1
[  446.604275] hid_aya_haptic_play: enter
[  446.604356] aya_haptic 0003:4001:0428.0002: aya_haptic_hid_report_work: left 1, right 1
[  446.608437] hid_aya_haptic_play: enter
[  446.608492] aya_haptic 0003:4001:0428.0002: aya_haptic_hid_report_work: left 1, right 1
[  446.626976] hid_aya_haptic_play: enter
[  446.627180] aya_haptic 0003:4001:0428.0002: aya_haptic_hid_report_work: left 1, right 1
[  446.628066] hid_aya_haptic_play: enter
[  446.628124] aya_haptic 0003:4001:0428.0002: aya_haptic_hid_report_work: left 1, right 1
[  446.643678] hid_aya_haptic_play: enter
[  446.643887] aya_haptic 0003:4001:0428.0002: aya_haptic_hid_report_work: left 1, right 1
[  446.644692] hid_aya_haptic_play: enter
[  446.644853] aya_haptic 0003:4001:0428.0002: aya_haptic_hid_report_work: left 1, right 1
[  446.659480] type=1400 audit(1785263694.000:36615): avc:  denied  { read } for  comm="top" name="pid_max" dev="proc" ino=569342 scontext=u:r:system_app:s0 tcontext=u:object_r:proc_pid_max:s0 tclass=file permissive=1
[  446.660160] type=1400 audit(1785263694.000:36616): avc:  denied  { open } for  comm="top" path="/proc/sys/kernel/pid_max" dev="proc" ino=569342 scontext=u:r:system_app:s0 tcontext=u:object_r:proc_pid_max:s0 tclass=file permissive=1
[  446.660264] type=1400 audit(1785263694.000:36617): avc:  denied  { read } for  comm="top" scontext=u:r:system_app:s0 tcontext=u:r:servicemanager:s0 tclass=file permissive=1
[  446.660350] type=1400 audit(1785263694.000:36618): avc:  denied  { read } for  comm="top" scontext=u:r:system_app:s0 tcontext=u:r:hwservicemanager:s0 tclass=file permissive=1
[  446.660434] type=1400 audit(1785263694.000:36619): avc:  denied  { read } for  comm="top" scontext=u:r:system_app:s0 tcontext=u:r:vndservicemanager:s0 tclass=file permissive=1
[  446.664406] hid_aya_haptic_play: enter
[  446.664467] aya_haptic 0003:4001:0428.0002: aya_haptic_hid_report_work: left 1, right 1
[  446.665285] hid_aya_haptic_play: enter
[  446.665342] aya_haptic 0003:4001:0428.0002: aya_haptic_hid_report_work: left 1, right 1
[  446.683362] hid_aya_haptic_play: enter
[  446.683811] aya_haptic 0003:4001:0428.0002: aya_haptic_hid_report_work: left 1, right 1
[  446.684859] hid_aya_haptic_play: enter
[  446.685082] aya_haptic 0003:4001:0428.0002: aya_haptic_hid_report_work: left 1, right 1
[  446.703269] hid_aya_haptic_play: enter
[  446.705293] hid_aya_haptic_play: enter
[  446.705739] aya_haptic 0003:4001:0428.0002: aya_haptic_hid_report_work: left 1, right 1
[  446.723545] hid_aya_haptic_play: enter
[  446.724287] hid_aya_haptic_play: enter
[  446.724537] aya_haptic 0003:4001:0428.0002: aya_haptic_hid_report_work: left 1, right 1
[  446.744184] hid_aya_haptic_play: enter
[  446.745046] hid_aya_haptic_play: enter
[  446.745330] aya_haptic 0003:4001:0428.0002: aya_haptic_hid_report_work: left 1, right 1
[  446.765232] hid_aya_haptic_play: enter
[  446.766410] aya_haptic 0003:4001:0428.0002: aya_haptic_hid_report_work: left 1, right 1
[  446.766663] hid_aya_haptic_play: enter
[  446.766894] aya_haptic 0003:4001:0428.0002: aya_haptic_hid_report_work: left 1, right 1
[  446.784392] hid_aya_haptic_play: enter
[  446.785249] hid_aya_haptic_play: enter
[  446.785827] aya_haptic 0003:4001:0428.0002: aya_haptic_hid_report_work: left 1, right 1
[  446.808029] hid_aya_haptic_play: enter
[  446.808560] aya_haptic 0003:4001:0428.0002: aya_haptic_hid_report_work: left 1, right 1
[  446.809139] hid_aya_haptic_play: enter
[  446.809810] aya_haptic 0003:4001:0428.0002: aya_haptic_hid_report_work: left 1, right 1
[  446.824939] hid_aya_haptic_play: enter
[  446.825434] hid_aya_haptic_play: enter
[  446.825619] aya_haptic 0003:4001:0428.0002: aya_haptic_hid_report_work: left 1, right 1
[  446.843171] hid_aya_haptic_play: enter
[  446.843743] hid_aya_haptic_play: enter
[  446.844022] aya_haptic 0003:4001:0428.0002: aya_haptic_hid_report_work: left 1, right 1
[  446.894814] hid_aya_haptic_play: enter
[  446.894928] aya_haptic 0003:4001:0428.0002: aya_haptic_hid_report_work: left 0, right 0
[  446.917869] audit: audit_lost=34869 audit_rate_limit=5 audit_backlog_limit=64
[  446.917876] audit: rate limit exceeded
[  447.310610] init: Control message: Could not find 'vendor.qti.diaghal@1.0::Idiag/default' for ctl.interface_start from pid: 754 (/system/bin/hwservicemanager)
[  447.896469] type=1400 audit(1785263695.240:36838): avc:  denied  { read } for  comm="top" scontext=u:r:system_app:s0 tcontext=u:r:vendor_qwesd:s0 tclass=file permissive=1
[  447.897714] type=1400 audit(1785263695.240:36839): avc:  denied  { getattr } for  comm="top" path="/proc/1386" dev="proc" ino=570159 scontext=u:r:system_app:s0 tcontext=u:r:hal_ir_default:s0 tclass=dir permissive=1
[  447.897818] type=1400 audit(1785263695.240:36840): avc:  denied  { search } for  comm="top" name="1386" dev="proc" ino=570159 scontext=u:r:system_app:s0 tcontext=u:r:hal_ir_default:s0 tclass=dir permissive=1
[  447.899274] type=1400 audit(1785263695.240:36841): avc:  denied  { getattr } for  comm="top" path="/proc/1548" dev="proc" ino=570179 scontext=u:r:system_app:s0 tcontext=u:r:vendor_hal_qspmhal_default:s0 tclass=dir permissive=1
[  447.899641] type=1400 audit(1785263695.240:36842): avc:  denied  { search } for  comm="top" name="1548" dev="proc" ino=570179 scontext=u:r:system_app:s0 tcontext=u:r:vendor_hal_qspmhal_default:s0 tclass=dir permissive=1
[  447.925210] audit: audit_lost=34905 audit_rate_limit=5 audit_backlog_limit=64
[  447.925219] audit: rate limit exceeded
[  448.312492] init: Control message: Could not find 'vendor.qti.diaghal@1.0::Idiag/default' for ctl.interface_start from pid: 754 (/system/bin/hwservicemanager)
[  449.316438] init: Control message: Could not find 'vendor.qti.diaghal@1.0::Idiag/default' for ctl.interface_start from pid: 754 (/system/bin/hwservicemanager)
[  450.315734] init: Control message: Could not find 'vendor.qti.diaghal@1.0::Idiag/default' for ctl.interface_start from pid: 754 (/system/bin/hwservicemanager)
[  450.387792] gen7_err_callback: 1356 callbacks suppressed
[  450.387816] kgsl kgsl-3d0: CP: AHB bus error, CP_RL_ERROR_DETAILS_0:0x10008e07 CP_RL_ERROR_DETAILS_1:0x12144
[  450.387851] kgsl kgsl-3d0: CP: AHB bus error, CP_RL_ERROR_DETAILS_0:0x10008e07 CP_RL_ERROR_DETAILS_1:0x12144
[  450.393556] kgsl kgsl-3d0: CP: AHB bus error, CP_RL_ERROR_DETAILS_0:0x10008e07 CP_RL_ERROR_DETAILS_1:0x12144
[  450.397572] kgsl kgsl-3d0: CP: AHB bus error, CP_RL_ERROR_DETAILS_0:0x10008e07 CP_RL_ERROR_DETAILS_1:0x12144
[  450.398191] kgsl kgsl-3d0: CP: AHB bus error, CP_RL_ERROR_DETAILS_0:0x10008e07 CP_RL_ERROR_DETAILS_1:0x12144
[  450.409025] kgsl kgsl-3d0: CP: AHB bus error, CP_RL_ERROR_DETAILS_0:0x10008e07 CP_RL_ERROR_DETAILS_1:0x12144
[  450.409055] kgsl kgsl-3d0: CP: AHB bus error, CP_RL_ERROR_DETAILS_0:0x10008e07 CP_RL_ERROR_DETAILS_1:0x12144
[  450.413713] kgsl kgsl-3d0: CP: AHB bus error, CP_RL_ERROR_DETAILS_0:0x10008e07 CP_RL_ERROR_DETAILS_1:0x12144
[  450.415192] kgsl kgsl-3d0: CP: AHB bus error, CP_RL_ERROR_DETAILS_0:0x10008e07 CP_RL_ERROR_DETAILS_1:0x12144
[  450.415224] kgsl kgsl-3d0: CP: AHB bus error, CP_RL_ERROR_DETAILS_0:0x10008e07 CP_RL_ERROR_DETAILS_1:0x12144
[  450.635102] audit: audit_lost=34926 audit_rate_limit=5 audit_backlog_limit=64
[  450.635107] audit: rate limit exceeded
[  451.316303] init: Control message: Could not find 'vendor.qti.diaghal@1.0::Idiag/default' for ctl.interface_start from pid: 754 (/system/bin/hwservicemanager)
[  451.648380] audit: audit_lost=34948 audit_rate_limit=5 audit_backlog_limit=64
[  451.648386] audit: rate limit exceeded
[  452.318461] init: Control message: Could not find 'vendor.qti.diaghal@1.0::Idiag/default' for ctl.interface_start from pid: 754 (/system/bin/hwservicemanager)
[  452.665884] type=1400 audit(1785263700.008:36921): avc:  denied  { read } for  comm="top" scontext=u:r:system_app:s0 tcontext=u:r:vndservicemanager:s0 tclass=file permissive=1
[  452.666878] type=1400 audit(1785263700.008:36922): avc:  denied  { read } for  comm="top" scontext=u:r:system_app:s0 tcontext=u:r:hal_vibrator_default:s0 tclass=file permissive=1
[  452.667043] type=1400 audit(1785263700.008:36923): avc:  denied  { read } for  comm="top" scontext=u:r:system_app:s0 tcontext=u:r:vendor_wcnss_service:s0 tclass=file permissive=1
[  452.668920] type=1400 audit(1785263700.012:36924): avc:  denied  { getattr } for  comm="top" path="/proc/754" dev="proc" ino=570150 scontext=u:r:system_app:s0 tcontext=u:r:hwservicemanager:s0 tclass=dir permissive=1
[  452.669026] audit: audit_lost=34967 audit_rate_limit=5 audit_backlog_limit=64
[  452.669027] type=1400 audit(1785263700.012:36925): avc:  denied  { search } for  comm="top" name="754" dev="proc" ino=570150 scontext=u:r:system_app:s0 tcontext=u:r:hwservicemanager:s0 tclass=dir permissive=1
[  452.669032] audit: rate limit exceeded
[  453.319807] init: Control message: Could not find 'vendor.qti.diaghal@1.0::Idiag/default' for ctl.interface_start from pid: 754 (/system/bin/hwservicemanager)
[  453.899976] type=1400 audit(1785263701.240:36972): avc:  denied  { read } for  comm="top" scontext=u:r:system_app:s0 tcontext=u:r:vendor_hal_keymint_spu_qti:s0 tclass=file permissive=1
[  453.900469] type=1400 audit(1785263701.244:36973): avc:  denied  { open } for  comm="top" path="/proc/1073/stat" dev="proc" ino=570223 scontext=u:r:system_app:s0 tcontext=u:r:vendor_hal_keymint_spu_qti:s0 tclass=file permissive=1
[  453.900847] type=1400 audit(1785263701.244:36974): avc:  denied  { getattr } for  comm="top" path="/proc/1483" dev="proc" ino=570170 scontext=u:r:system_app:s0 tcontext=u:r:vendor_hal_capabilityconfigstore_qti_default:s0 tclass=dir permissive=1
[  453.901123] type=1400 audit(1785263701.244:36975): avc:  denied  { search } for  comm="top" name="1483" dev="proc" ino=570170 scontext=u:r:system_app:s0 tcontext=u:r:vendor_hal_capabilityconfigstore_qti_default:s0 tclass=dir permissive=1
[  454.300977] type=1400 audit(1785263701.644:36976): avc:  denied  { getattr } for  comm="DefaultDispatch" path="/dev/ttyHS5" dev="tmpfs" ino=1195 scontext=u:r:system_app:s0 tcontext=u:object_r:device:s0 tclass=chr_file permissive=1
[  454.320549] init: Control message: Could not find 'vendor.qti.diaghal@1.0::Idiag/default' for ctl.interface_start from pid: 754 (/system/bin/hwservicemanager)
[  454.344361] audit: audit_lost=35013 audit_rate_limit=5 audit_backlog_limit=64
[  454.344372] audit: rate limit exceeded
[  454.428658] servicemanager: Found vendor.qti.hardware.perf2.IPerf/default in device VINTF manifest.
[  454.438188] init: Control message: Could not find 'vendor.qti.diaghal@1.0::Idiag/default' for ctl.interface_start from pid: 754 (/system/bin/hwservicemanager)
[  454.439068] init: Control message: Could not find 'vendor.qti.diaghal@1.0::Idiag/default' for ctl.interface_start from pid: 754 (/system/bin/hwservicemanager)
[  454.629239] wcd-usbss-i2c-driver 1-000e: wcd_usbss_is_in_reset_state: Surge check #3 failed
[  455.395461] gen7_err_callback: 1594 callbacks suppressed
[  455.395478] kgsl kgsl-3d0: CP: AHB bus error, CP_RL_ERROR_DETAILS_0:0x10008e07 CP_RL_ERROR_DETAILS_1:0x12144
[  455.400675] kgsl kgsl-3d0: CP: AHB bus error, CP_RL_ERROR_DETAILS_0:0x10008e07 CP_RL_ERROR_DETAILS_1:0x12144
[  455.401074] kgsl kgsl-3d0: CP: AHB bus error, CP_RL_ERROR_DETAILS_0:0x10008e07 CP_RL_ERROR_DETAILS_1:0x12144
[  455.401130] kgsl kgsl-3d0: CP: AHB bus error, CP_RL_ERROR_DETAILS_0:0x10008e07 CP_RL_ERROR_DETAILS_1:0x12144
[  455.405878] kgsl kgsl-3d0: CP: AHB bus error, CP_RL_ERROR_DETAILS_0:0x10008e07 CP_RL_ERROR_DETAILS_1:0x12144
[  455.408528] kgsl kgsl-3d0: CP: AHB bus error, CP_RL_ERROR_DETAILS_0:0x10008e07 CP_RL_ERROR_DETAILS_1:0x12144
[  455.408550] kgsl kgsl-3d0: CP: AHB bus error, CP_RL_ERROR_DETAILS_0:0x10008e07 CP_RL_ERROR_DETAILS_1:0x12144
[  455.414834] kgsl kgsl-3d0: CP: AHB bus error, CP_RL_ERROR_DETAILS_0:0x10008e07 CP_RL_ERROR_DETAILS_1:0x12144
[  455.416004] kgsl kgsl-3d0: CP: AHB bus error, CP_RL_ERROR_DETAILS_0:0x10008e07 CP_RL_ERROR_DETAILS_1:0x12144
[  455.416024] kgsl kgsl-3d0: CP: AHB bus error, CP_RL_ERROR_DETAILS_0:0x10008e07 CP_RL_ERROR_DETAILS_1:0x12144
[  455.440108] init: Control message: Could not find 'vendor.qti.diaghal@1.0::Idiag/default' for ctl.interface_start from pid: 754 (/system/bin/hwservicemanager)
[  455.613135] audit: audit_lost=35199 audit_rate_limit=5 audit_backlog_limit=64
[  455.613140] audit: rate limit exceeded
