# TRIMMED (analyze-pulse-logs.py) -- original was 2954 lines / 358931B.
# Kept: every distinct line; runs of 3+ consecutive identical lines (idle TICK-SKIP polling,
# only the timestamp differs) collapsed to first + elision count + last.
# ---
2026-07-29 16:18:22 === pulse_daemon session start === version=1.19.6 (303) built 2026-07-28 20:18:16 script_crc32=f233ff4c
2026-07-29 16:18:25 PulseAutoTdp: TICK-SKIP overlayShouldShow=false autoActive=false quickAccessShouldShow=false autoTdpPackage=null boundPackage=null lastForeground=null
2026-07-29 16:18:25 PulseFan: arbiter=None auto=false bound=null managed=null latched=true
2026-07-29 16:18:26 PulseAutoTdp: TICK-SKIP overlayShouldShow=false autoActive=false quickAccessShouldShow=false autoTdpPackage=null boundPackage=null lastForeground=null
# ... 533 more identical lines elided (same content, only timestamp differs) ...
2026-07-29 16:27:34 PulseAutoTdp: TICK-SKIP overlayShouldShow=false autoActive=false quickAccessShouldShow=false autoTdpPackage=null boundPackage=null lastForeground=null
2026-07-29 16:27:38 PulseDaemon: cap write via daemon (3 node(s))
2026-07-29 16:27:38 PulseDaemon: cap write via daemon (10 node(s))
2026-07-29 16:27:38 PulseDaemon: engage governor via daemon (schedutil)
2026-07-29 16:27:43 PulseDaemon: telemetry read via daemon (16 path(s))
2026-07-29 16:27:43 PulseAutoTdp: AUTOTDP-SESSION tgt=90 bias=EFFICIENT wattCap=0 policies=0:2265600:0,1;2:3148800:2,3,4;5:2956800:5,6;7:3052800:7;-100:1050000:
2026-07-29 16:27:44 PulseAutoTdp: tgt=90 fps=- jank=0 tail=-ms act=HOLD bn=- cpuB=-1 cpuPk=-1 primePk=-1 io=-1 gpuB=24 gpuL=5 capped=0 prk=0 stl=0 draw=3.82W cT=58 gT=53 caps%[0:100,2:100,5:100,7:100,-100:100] curMHz[0:1248,2:1286,5:2956,7:480] mn/mx[0:364/2265,2:499/3148,5:499/2956,7:480/3052] gpu=231 gcap=1050[0/13] lrn=100
2026-07-29 16:27:45 PulseDaemon: telemetry read via daemon (16 path(s))
2026-07-29 16:27:46 PulseDaemon: telemetry read via daemon (16 path(s))
2026-07-29 16:27:46 PulseAutoTdp: tgt=90 fps=80.7 jank=1 tail=33ms act=HOLD bn=- cpuB=16 cpuPk=46 primePk=44 io=0 gpuB=35 gpuL=7 capped=0 prk=0 stl=0 draw=4.11W cT=57 gT=52 caps%[0:100,2:100,5:100,7:100,-100:100] curMHz[0:1132,2:1497,5:2188,7:480] gpu=231 gcap=1050[0/13] lrn=100
2026-07-29 16:27:48 PulseDaemon: telemetry read via daemon (16 path(s))
2026-07-29 16:27:49 PulseDaemon: telemetry read via daemon (16 path(s))
2026-07-29 16:27:49 PulseDaemon: cap write via daemon (7 node(s))
2026-07-29 16:27:49 PulseAutoTdp: tgt=90 fps=60.6 jank=0 tail=22ms act=TRIM bn=- cpuB=12 cpuPk=46 primePk=30 io=0 gpuB=26 gpuL=5 capped=5 prk=0 stl=0 draw=3.20W cT=56 gT=52 caps%[0:100,2:95,5:100,7:100,-100:100] curMHz[0:787,2:1401,5:2323,7:480] gpu=231 gcap=1050[0/13] lrn=100
2026-07-29 16:27:49 PulseDaemon: cap write via daemon (2 node(s))
2026-07-29 16:27:51 PulseDaemon: telemetry read via daemon (16 path(s))
2026-07-29 16:27:52 PulseDaemon: telemetry read via daemon (16 path(s))
2026-07-29 16:27:52 PulseDaemon: cap write via daemon (7 node(s))
2026-07-29 16:27:53 PulseDaemon: telemetry read via daemon (16 path(s))
2026-07-29 16:27:55 PulseDaemon: telemetry read via daemon (16 path(s))
2026-07-29 16:27:55 PulseAutoTdp: tgt=90 fps=86.2 jank=0 tail=22ms act=HOLD bn=- cpuB=27 cpuPk=53 primePk=53 io=0 gpuB=34 gpuL=7 capped=0 prk=0 stl=0 draw=3.88W cT=55 gT=51 caps%[0:100,2:100,5:100,7:100,-100:100] curMHz[0:2265,2:1708,5:2323,7:480] gpu=231 gcap=1050[0/13] lrn=100
2026-07-29 16:27:56 PulseDaemon: telemetry read via daemon (16 path(s))
2026-07-29 16:27:57 PulseDaemon: telemetry read via daemon (16 path(s))
2026-07-29 16:27:57 PulseAutoTdp: tgt=90 fps=90.0 jank=0 tail=11ms act=HOLD bn=- cpuB=15 cpuPk=62 primePk=22 io=0 gpuB=26 gpuL=5 capped=0 prk=0 stl=0 draw=2.38W cT=54 gT=51 caps%[0:100,2:100,5:100,7:100,-100:100] curMHz[0:556,2:844,5:2438,7:480] gpu=231 gcap=1050[0/13] lrn=100
2026-07-29 16:27:59 PulseDaemon: telemetry read via daemon (16 path(s))
2026-07-29 16:28:00 PulseDaemon: cap write via daemon (3 node(s))
2026-07-29 16:28:00 PulseDaemon: cap write via daemon (10 node(s))
2026-07-29 16:28:00 PulseDaemon: cap write via daemon (3 node(s))
2026-07-29 16:28:01 PulseDaemon: cap write via daemon (10 node(s))
2026-07-29 16:28:01 PulseDaemon: engage governor via daemon (schedutil)
2026-07-29 16:28:01 PulseDaemon: telemetry read via daemon (16 path(s))
2026-07-29 16:28:01 PulseAutoTdp: AUTOTDP-SESSION tgt=90 bias=BALANCED wattCap=0 policies=0:2265600:0,1;2:3148800:2,3,4;5:2956800:5,6;7:3052800:7;-100:1050000:
2026-07-29 16:28:02 PulseAutoTdp: tgt=90 fps=- jank=0 tail=-ms act=HOLD bn=- cpuB=17 cpuPk=50 primePk=8 io=0 gpuB=0 gpuL=0 capped=0 prk=0 stl=0 draw=2.86W cT=54 gT=50 caps%[0:100,2:100,5:100,7:100,-100:100] curMHz[0:2265,2:499,5:2131,7:480] mn/mx[0:364/2265,2:499/3148,5:499/2956,7:480/3052] gpu=231 gcap=1050[0/13] lrn=100
2026-07-29 16:28:03 PulseDaemon: telemetry read via daemon (16 path(s))
2026-07-29 16:28:05 PulseDaemon: telemetry read via daemon (16 path(s))
2026-07-29 16:28:05 PulseAutoTdp: tgt=90 fps=62.6 jank=0 tail=22ms act=HOLD bn=- cpuB=11 cpuPk=55 primePk=16 io=0 gpuB=16 gpuL=3 capped=0 prk=0 stl=0 draw=2.06W cT=53 gT=50 caps%[0:100,2:100,5:100,7:100,-100:100] curMHz[0:787,2:499,5:1824,7:480] gpu=231 gcap=1050[0/13] lrn=100
2026-07-29 16:28:06 PulseDaemon: telemetry read via daemon (16 path(s))
2026-07-29 16:28:07 PulseDaemon: telemetry read via daemon (16 path(s))
2026-07-29 16:28:08 PulseDaemon: cap write via daemon (7 node(s))
2026-07-29 16:28:08 PulseAutoTdp: tgt=90 fps=60.3 jank=1 tail=33ms act=TRIM bn=- cpuB=17 cpuPk=55 primePk=3 io=0 gpuB=17 gpuL=3 capped=5 prk=0 stl=0 draw=3.35W cT=52 gT=50 caps%[0:100,2:95,5:100,7:100,-100:100] curMHz[0:1248,2:1920,5:2380,7:480] gpu=231 gcap=1050[0/13] lrn=100
2026-07-29 16:28:08 PulseDaemon: cap write via daemon (2 node(s))
2026-07-29 16:28:09 PulseDaemon: telemetry read via daemon (16 path(s))
2026-07-29 16:28:10 PulseDaemon: telemetry read via daemon (16 path(s))
2026-07-29 16:28:10 PulseDaemon: cap write via daemon (7 node(s))
2026-07-29 16:28:10 PulseAutoTdp: tgt=90 fps=55.9 jank=2 tail=90ms act=RAISE bn=- cpuB=14 cpuPk=52 primePk=7 io=0 gpuB=14 gpuL=3 capped=5 prk=0 stl=0 draw=4.53W cT=54 gT=50 caps%[0:100,2:100,5:100,7:100,-100:100] curMHz[0:1248,2:1920,5:1612,7:480] gpu=231 gcap=1050[0/13] lrn=100
2026-07-29 16:28:12 PulseDaemon: telemetry read via daemon (16 path(s))
2026-07-29 16:28:13 PulseDaemon: telemetry read via daemon (16 path(s))
2026-07-29 16:28:13 PulseDaemon: cap write via daemon (7 node(s))
2026-07-29 16:28:13 PulseAutoTdp: tgt=90 fps=60.9 jank=0 tail=22ms act=TRIM bn=- cpuB=13 cpuPk=56 primePk=53 io=0 gpuB=25 gpuL=5 capped=5 prk=0 stl=0 draw=3.67W cT=53 gT=50 caps%[0:100,2:100,5:100,7:95,-100:100] curMHz[0:672,2:729,5:2035,7:480] gpu=231 gcap=1050[0/13] lrn=100
2026-07-29 16:28:13 PulseDaemon: cap write via daemon (1 node(s))
2026-07-29 16:28:15 PulseDaemon: telemetry read via daemon (16 path(s))
2026-07-29 16:28:16 PulseDaemon: telemetry read via daemon (16 path(s))
2026-07-29 16:28:16 PulseDaemon: cap write via daemon (7 node(s))
2026-07-29 16:28:16 PulseAutoTdp: tgt=90 fps=59.7 jank=1 tail=78ms act=TRIM bn=- cpuB=19 cpuPk=54 primePk=54 io=0 gpuB=41 gpuL=9 capped=5 prk=0 stl=0 draw=4.74W cT=55 gT=52 caps%[0:100,2:100,5:100,7:90,-100:100] curMHz[0:1248,2:1497,5:2188,7:480] gpu=231 gcap=1050[0/13] lrn=100
2026-07-29 16:28:16 PulseDaemon: cap write via daemon (1 node(s))
2026-07-29 16:28:17 PulseDaemon: telemetry read via daemon (16 path(s))
2026-07-29 16:28:19 PulseDaemon: telemetry read via daemon (16 path(s))
2026-07-29 16:28:19 PulseDaemon: cap write via daemon (7 node(s))
2026-07-29 16:28:19 PulseAutoTdp: tgt=90 fps=56.3 jank=3 tail=90ms act=TRIM bn=- cpuB=17 cpuPk=50 primePk=50 io=0 gpuB=20 gpuL=4 capped=5 prk=0 stl=0 draw=3.25W cT=54 gT=51 caps%[0:100,2:100,5:100,7:85,-100:100] curMHz[0:1344,2:1612,5:1612,7:480] gpu=231 gcap=1050[0/13] lrn=100
2026-07-29 16:28:19 PulseDaemon: cap write via daemon (1 node(s))
2026-07-29 16:28:20 PulseDaemon: telemetry read via daemon (16 path(s))
2026-07-29 16:28:22 PulseDaemon: telemetry read via daemon (16 path(s))
2026-07-29 16:28:22 PulseDaemon: cap write via daemon (7 node(s))
2026-07-29 16:28:22 PulseAutoTdp: tgt=90 fps=58.1 jank=3 tail=90ms act=TRIM bn=- cpuB=17 cpuPk=49 primePk=49 io=0 gpuB=45 gpuL=9 capped=5 prk=0 stl=0 draw=3.75W cT=56 gT=50 caps%[0:100,2:100,5:100,7:80,-100:100] curMHz[0:1459,2:1708,5:1708,7:480] gpu=231 gcap=1050[0/13] lrn=100
2026-07-29 16:28:22 PulseDaemon: cap write via daemon (1 node(s))
2026-07-29 16:28:23 PulseDaemon: telemetry read via daemon (16 path(s))
2026-07-29 16:28:25 PulseDaemon: telemetry read via daemon (16 path(s))
2026-07-29 16:28:25 PulseDaemon: cap write via daemon (7 node(s))
2026-07-29 16:28:25 PulseAutoTdp: tgt=90 fps=60.6 jank=0 tail=22ms act=TRIM bn=- cpuB=15 cpuPk=53 primePk=53 io=0 gpuB=35 gpuL=7 capped=5 prk=0 stl=0 draw=3.80W cT=54 gT=51 caps%[0:100,2:100,5:100,7:75,-100:100] curMHz[0:1248,2:1401,5:1497,7:480] gpu=231 gcap=1050[0/13] lrn=100
2026-07-29 16:28:25 PulseDaemon: cap write via daemon (1 node(s))
2026-07-29 16:28:26 PulseDaemon: telemetry read via daemon (16 path(s))
2026-07-29 16:28:28 PulseDaemon: telemetry read via daemon (16 path(s))
2026-07-29 16:28:28 PulseDaemon: cap write via daemon (7 node(s))
2026-07-29 16:28:28 PulseAutoTdp: tgt=90 fps=60.9 jank=0 tail=22ms act=TRIM bn=- cpuB=10 cpuPk=56 primePk=56 io=0 gpuB=33 gpuL=7 capped=5 prk=0 stl=0 draw=3.42W cT=53 gT=51 caps%[0:100,2:100,5:100,7:70,-100:100] curMHz[0:364,2:1286,5:1286,7:480] gpu=231 gcap=1050[0/13] lrn=100
2026-07-29 16:28:28 PulseDaemon: cap write via daemon (1 node(s))
2026-07-29 16:28:29 PulseDaemon: telemetry read via daemon (16 path(s))
2026-07-29 16:28:31 PulseDaemon: telemetry read via daemon (16 path(s))
2026-07-29 16:28:31 PulseDaemon: cap write via daemon (7 node(s))
2026-07-29 16:28:32 PulseAutoTdp: tgt=90 fps=60.3 jank=1 tail=90ms act=TRIM bn=- cpuB=13 cpuPk=41 primePk=40 io=0 gpuB=40 gpuL=11 capped=5 prk=0 stl=0 draw=4.16W cT=54 gT=52 caps%[0:100,2:100,5:100,7:65,-100:100] curMHz[0:1017,2:1286,5:1286,7:480] mn/mx[0:364/1248,2:1075/1286,5:499/1286,7:480/1363] gpu=310 gcap=1050[0/13] lrn=100
2026-07-29 16:28:32 PulseDaemon: cap write via daemon (1 node(s))
2026-07-29 16:28:33 PulseDaemon: telemetry read via daemon (16 path(s))
2026-07-29 16:28:35 PulseDaemon: telemetry read via daemon (16 path(s))
2026-07-29 16:28:35 PulseDaemon: cap write via daemon (7 node(s))
2026-07-29 16:28:35 PulseAutoTdp: tgt=90 fps=60.3 jank=0 tail=22ms act=TRIM bn=- cpuB=15 cpuPk=55 primePk=50 io=0 gpuB=29 gpuL=6 capped=5 prk=0 stl=0 draw=2.99W cT=53 gT=50 caps%[0:100,2:100,5:100,7:60,-100:100] curMHz[0:1248,2:960,5:1286,7:480] gpu=231 gcap=1050[0/13] lrn=100
2026-07-29 16:28:35 PulseDaemon: cap write via daemon (1 node(s))
2026-07-29 16:28:36 PulseDaemon: telemetry read via daemon (16 path(s))
2026-07-29 16:28:38 PulseDaemon: telemetry read via daemon (16 path(s))
2026-07-29 16:28:38 PulseDaemon: cap write via daemon (7 node(s))
2026-07-29 16:28:38 PulseAutoTdp: tgt=90 fps=57.1 jank=2 tail=78ms act=TRIM bn=- cpuB=9 cpuPk=55 primePk=41 io=0 gpuB=30 gpuL=6 capped=5 prk=0 stl=0 draw=4.30W cT=53 gT=50 caps%[0:100,2:100,5:100,7:55,-100:100] curMHz[0:460,2:1401,5:844,7:480] gpu=231 gcap=1050[0/13] lrn=100
2026-07-29 16:28:38 PulseDaemon: cap write via daemon (1 node(s))
2026-07-29 16:28:39 PulseDaemon: telemetry read via daemon (16 path(s))
2026-07-29 16:28:41 PulseDaemon: telemetry read via daemon (16 path(s))
2026-07-29 16:28:41 PulseDaemon: cap write via daemon (7 node(s))
2026-07-29 16:28:41 PulseAutoTdp: tgt=90 fps=60.3 jank=0 tail=22ms act=TRIM bn=- cpuB=18 cpuPk=64 primePk=64 io=0 gpuB=29 gpuL=6 capped=5 prk=0 stl=0 draw=4.29W cT=54 gT=50 caps%[0:100,2:100,5:100,7:50,-100:100] curMHz[0:1248,2:1401,5:1286,7:480] gpu=231 gcap=1050[0/13] lrn=100
2026-07-29 16:28:41 PulseDaemon: cap write via daemon (1 node(s))
2026-07-29 16:28:42 PulseDaemon: telemetry read via daemon (16 path(s))
2026-07-29 16:28:44 PulseDaemon: telemetry read via daemon (16 path(s))
2026-07-29 16:28:44 PulseDaemon: cap write via daemon (7 node(s))
2026-07-29 16:28:44 PulseAutoTdp: tgt=90 fps=59.3 jank=3 tail=33ms act=TRIM bn=CPU cpuB=17 cpuPk=80 primePk=80 io=0 gpuB=31 gpuL=6 capped=5 prk=0 stl=0 draw=4.57W cT=55 gT=52 caps%[0:100,2:100,5:100,7:45,-100:100] curMHz[0:1248,2:1824,5:499,7:480] gpu=231 gcap=1050[0/13] lrn=100
2026-07-29 16:28:45 PulseDaemon: telemetry read via daemon (16 path(s))
2026-07-29 16:28:47 PulseDaemon: telemetry read via daemon (16 path(s))
2026-07-29 16:28:47 PulseDaemon: cap write via daemon (7 node(s))
2026-07-29 16:28:47 PulseAutoTdp: AUTOTDP-SESSION tgt=90 bias=BALANCED wattCap=0 policies=0:2265600:0,1;2:3148800:2,3,4;5:2956800:5,6;7:3052800:7;-100:1050000:
2026-07-29 16:28:47 PulseAutoTdp: tgt=90 fps=64.5 jank=1 tail=44ms act=TRIM bn=CPU cpuB=22 cpuPk=55 primePk=50 io=0 gpuB=39 gpuL=8 capped=5 prk=0 stl=0 draw=3.34W cT=56 gT=52 caps%[0:100,2:100,5:100,7:40,-100:100] curMHz[0:1248,2:1920,5:2035,7:480] gpu=231 gcap=1050[0/13] lrn=100
2026-07-29 16:28:47 PulseDaemon: cap write via daemon (1 node(s))
2026-07-29 16:28:48 PulseDaemon: telemetry read via daemon (16 path(s))
2026-07-29 16:28:50 PulseDaemon: telemetry read via daemon (16 path(s))
2026-07-29 16:28:50 PulseDaemon: cap write via daemon (7 node(s))
2026-07-29 16:28:50 PulseAutoTdp: tgt=90 fps=60.6 jank=0 tail=22ms act=TRIM bn=CPU cpuB=15 cpuPk=63 primePk=63 io=0 gpuB=41 gpuL=9 capped=5 prk=0 stl=0 draw=4.03W cT=57 gT=52 caps%[0:100,2:100,5:100,7:35,-100:100] curMHz[0:460,2:2131,5:499,7:480] gpu=231 gcap=1050[0/13] lrn=100
2026-07-29 16:28:50 PulseDaemon: cap write via daemon (1 node(s))
2026-07-29 16:28:51 PulseDaemon: telemetry read via daemon (16 path(s))
2026-07-29 16:28:53 PulseDaemon: telemetry read via daemon (16 path(s))
2026-07-29 16:28:53 PulseDaemon: cap write via daemon (7 node(s))
2026-07-29 16:28:53 PulseAutoTdp: tgt=90 fps=61.4 jank=0 tail=22ms act=TRIM bn=CPU cpuB=19 cpuPk=77 primePk=39 io=0 gpuB=42 gpuL=9 capped=5 prk=0 stl=0 draw=5.08W cT=58 gT=53 caps%[0:100,2:100,5:95,7:35,-100:100] curMHz[0:364,2:2323,5:2035,7:1017] gpu=231 gcap=1050[0/13] lrn=100
2026-07-29 16:28:53 PulseDaemon: cap write via daemon (2 node(s))
2026-07-29 16:28:54 PulseDaemon: telemetry read via daemon (16 path(s))
2026-07-29 16:28:55 PulseDaemon: telemetry read via daemon (16 path(s))
2026-07-29 16:28:56 PulseDaemon: cap write via daemon (7 node(s))
2026-07-29 16:28:56 PulseAutoTdp: tgt=90 fps=59.3 jank=1 tail=78ms act=TRIM bn=CPU cpuB=20 cpuPk=66 primePk=52 io=0 gpuB=38 gpuL=8 capped=5 prk=0 stl=0 draw=6.45W cT=60 gT=53 caps%[0:100,2:100,5:90,7:35,-100:100] curMHz[0:1248,2:2630,5:499,7:480] gpu=231 gcap=1050[0/13] lrn=100
2026-07-29 16:28:56 PulseDaemon: cap write via daemon (2 node(s))
2026-07-29 16:28:57 PulseDaemon: telemetry read via daemon (16 path(s))
2026-07-29 16:28:58 PulseDaemon: telemetry read via daemon (16 path(s))
2026-07-29 16:28:59 PulseDaemon: cap write via daemon (7 node(s))
2026-07-29 16:28:59 PulseAutoTdp: tgt=90 fps=60.6 jank=0 tail=22ms act=TRIM bn=CPU cpuB=22 cpuPk=61 primePk=61 io=0 gpuB=39 gpuL=8 capped=5 prk=0 stl=0 draw=3.40W cT=56 gT=52 caps%[0:100,2:100,5:85,7:35,-100:100] curMHz[0:1248,2:2380,5:2035,7:480] gpu=231 gcap=1050[0/13] lrn=100
2026-07-29 16:28:59 PulseDaemon: cap write via daemon (2 node(s))
2026-07-29 16:29:00 PulseDaemon: telemetry read via daemon (16 path(s))
2026-07-29 16:29:01 PulseDaemon: telemetry read via daemon (16 path(s))
2026-07-29 16:29:02 PulseDaemon: cap write via daemon (7 node(s))
2026-07-29 16:29:02 PulseAutoTdp: tgt=90 fps=60.6 jank=0 tail=22ms act=TRIM bn=CPU cpuB=21 cpuPk=64 primePk=64 io=0 gpuB=34 gpuL=7 capped=5 prk=0 stl=0 draw=5.77W cT=57 gT=52 caps%[0:100,2:100,5:80,7:35,-100:100] curMHz[0:672,2:2380,5:2380,7:480] mn/mx[0:364/1248,2:2323/2380,5:499/2380,7:480/1017] gpu=231 gcap=1050[0/13] lrn=100
2026-07-29 16:29:02 PulseDaemon: cap write via daemon (2 node(s))
2026-07-29 16:29:04 PulseDaemon: telemetry read via daemon (16 path(s))
2026-07-29 16:29:05 PulseDaemon: telemetry read via daemon (16 path(s))
2026-07-29 16:29:05 PulseDaemon: cap write via daemon (7 node(s))
2026-07-29 16:29:05 PulseAutoTdp: tgt=90 fps=60.9 jank=1 tail=33ms act=TRIM bn=- cpuB=24 cpuPk=53 primePk=53 io=0 gpuB=39 gpuL=8 capped=5 prk=0 stl=0 draw=5.67W cT=58 gT=52 caps%[0:100,2:100,5:75,7:35,-100:100] curMHz[0:1248,2:2572,5:2035,7:480] gpu=231 gcap=1050[0/13] lrn=100
2026-07-29 16:29:05 PulseDaemon: cap write via xsu fallback (2 node(s), ~414 chars, chunked)
2026-07-29 16:29:07 PulseDaemon: telemetry read via daemon (16 path(s))
2026-07-29 16:29:08 PulseDaemon: telemetry read via daemon (16 path(s))
2026-07-29 16:29:08 PulseDaemon: cap write via daemon (7 node(s))
2026-07-29 16:29:08 PulseAutoTdp: tgt=90 fps=60.3 jank=0 tail=22ms act=TRIM bn=CPU cpuB=21 cpuPk=72 primePk=72 io=0 gpuB=41 gpuL=9 capped=5 prk=0 stl=0 draw=5.41W cT=57 gT=52 caps%[0:100,2:100,5:70,7:35,-100:100] curMHz[0:556,2:2380,5:2131,7:480] gpu=231 gcap=1050[0/13] lrn=100
2026-07-29 16:29:10 PulseDaemon: telemetry read via daemon (16 path(s))
2026-07-29 16:29:11 PulseDaemon: telemetry read via daemon (16 path(s))
2026-07-29 16:29:11 PulseDaemon: cap write via daemon (7 node(s))
2026-07-29 16:29:11 PulseAutoTdp: tgt=90 fps=60.6 jank=0 tail=22ms act=TRIM bn=CPU cpuB=20 cpuPk=55 primePk=55 io=0 gpuB=29 gpuL=6 capped=5 prk=0 stl=0 draw=4.41W cT=55 gT=52 caps%[0:100,2:100,5:65,7:35,-100:100] curMHz[0:1248,2:2188,5:2035,7:480] gpu=231 gcap=1050[0/13] lrn=100
2026-07-29 16:29:11 PulseDaemon: cap write via daemon (2 node(s))
2026-07-29 16:29:13 PulseDaemon: telemetry read via daemon (16 path(s))
2026-07-29 16:29:14 PulseDaemon: telemetry read via daemon (16 path(s))
2026-07-29 16:29:14 PulseDaemon: cap write via daemon (7 node(s))
2026-07-29 16:29:14 PulseAutoTdp: tgt=90 fps=59.1 jank=0 tail=22ms act=TRIM bn=CPU cpuB=20 cpuPk=73 primePk=65 io=0 gpuB=39 gpuL=8 capped=5 prk=0 stl=0 draw=5.80W cT=58 gT=52 caps%[0:100,2:100,5:60,7:35,-100:100] curMHz[0:672,2:2323,5:1920,7:1017] gpu=231 gcap=1050[0/13] lrn=100
2026-07-29 16:29:14 PulseDaemon: cap write via daemon (2 node(s))
2026-07-29 16:29:15 PulseDaemon: telemetry read via daemon (16 path(s))
2026-07-29 16:29:17 PulseDaemon: telemetry read via daemon (16 path(s))
2026-07-29 16:29:17 PulseDaemon: cap write via daemon (7 node(s))
2026-07-29 16:29:17 PulseAutoTdp: tgt=90 fps=60.9 jank=1 tail=33ms act=TRIM bn=CPU cpuB=20 cpuPk=60 primePk=60 io=0 gpuB=40 gpuL=8 capped=5 prk=0 stl=0 draw=5.86W cT=58 gT=52 caps%[0:100,2:100,5:55,7:35,-100:100] curMHz[0:556,2:2438,5:1824,7:480] gpu=231 gcap=1050[0/13] lrn=100
2026-07-29 16:29:17 PulseDaemon: cap write via daemon (2 node(s))
2026-07-29 16:29:18 PulseDaemon: telemetry read via daemon (16 path(s))
2026-07-29 16:29:20 PulseDaemon: telemetry read via daemon (16 path(s))
2026-07-29 16:29:20 PulseDaemon: cap write via daemon (7 node(s))
2026-07-29 16:29:20 PulseAutoTdp: tgt=90 fps=60.3 jank=0 tail=22ms act=TRIM bn=CPU cpuB=22 cpuPk=57 primePk=57 io=0 gpuB=42 gpuL=9 capped=5 prk=0 stl=0 draw=5.01W cT=58 gT=53 caps%[0:100,2:100,5:50,7:35,-100:100] curMHz[0:787,2:2572,5:1612,7:1017] gpu=231 gcap=1050[0/13] lrn=100
2026-07-29 16:29:20 PulseDaemon: cap write via daemon (2 node(s))
2026-07-29 16:29:22 PulseDaemon: telemetry read via daemon (16 path(s))
2026-07-29 16:29:23 PulseDaemon: telemetry read via daemon (16 path(s))
2026-07-29 16:29:23 PulseDaemon: cap write via daemon (7 node(s))
2026-07-29 16:29:23 PulseAutoTdp: tgt=90 fps=60.9 jank=0 tail=22ms act=TRIM bn=CPU cpuB=22 cpuPk=58 primePk=58 io=0 gpuB=35 gpuL=7 capped=5 prk=0 stl=0 draw=4.45W cT=58 gT=52 caps%[0:100,2:100,5:45,7:35,-100:100] curMHz[0:1248,2:2764,5:1497,7:480] gpu=231 gcap=1050[0/13] lrn=100
2026-07-29 16:29:23 PulseDaemon: cap write via daemon (2 node(s))
2026-07-29 16:29:25 PulseDaemon: telemetry read via daemon (16 path(s))
2026-07-29 16:29:26 PulseDaemon: telemetry read via daemon (16 path(s))
2026-07-29 16:29:26 PulseDaemon: cap write via daemon (7 node(s))
2026-07-29 16:29:26 PulseAutoTdp: tgt=90 fps=60.3 jank=0 tail=22ms act=TRIM bn=CPU cpuB=20 cpuPk=61 primePk=61 io=0 gpuB=32 gpuL=7 capped=5 prk=0 stl=0 draw=3.91W cT=57 gT=52 caps%[0:100,2:100,5:40,7:35,-100:100] curMHz[0:1248,2:2323,5:1286,7:480] gpu=231 gcap=1050[0/13] lrn=100
2026-07-29 16:29:26 PulseDaemon: cap write via daemon (2 node(s))
2026-07-29 16:29:28 PulseDaemon: telemetry read via daemon (16 path(s))
2026-07-29 16:29:29 PulseDaemon: telemetry read via daemon (16 path(s))
2026-07-29 16:29:30 PulseDaemon: cap write via daemon (7 node(s))
2026-07-29 16:29:30 PulseAutoTdp: tgt=90 fps=62.3 jank=0 tail=22ms act=TRIM bn=- cpuB=14 cpuPk=53 primePk=47 io=0 gpuB=34 gpuL=7 capped=5 prk=0 stl=0 draw=4.48W cT=56 gT=52 caps%[0:100,2:100,5:35,7:35,-100:100] curMHz[0:460,2:2188,5:1190,7:480] gpu=231 gcap=1050[0/13] lrn=100
2026-07-29 16:29:30 PulseDaemon: cap write via daemon (2 node(s))
2026-07-29 16:29:31 PulseDaemon: telemetry read via daemon (16 path(s))
2026-07-29 16:29:32 PulseDaemon: telemetry read via daemon (16 path(s))
2026-07-29 16:29:33 PulseDaemon: cap write via daemon (7 node(s))
2026-07-29 16:29:33 PulseAutoTdp: AUTOTDP-SESSION tgt=90 bias=BALANCED wattCap=0 policies=0:2265600:0,1;2:3148800:2,3,4;5:2956800:5,6;7:3052800:7;-100:1050000:
2026-07-29 16:29:33 PulseAutoTdp: tgt=90 fps=48.1 jank=1 tail=33ms act=RAISE bn=CPU cpuB=19 cpuPk=97 primePk=46 io=0 gpuB=25 gpuL=5 capped=0 prk=0 stl=0 draw=5.26W cT=58 gT=52 caps%[0:100,2:100,5:40,7:35,-100:100] curMHz[0:787,2:2707,5:1075,7:1017] mn/mx[0:364/1248,2:2707/2764,5:499/1075,7:480/1017] gpu=231 gcap=1050[0/13] lrn=100
2026-07-29 16:29:34 PulseDaemon: cap write via daemon (2 node(s))
2026-07-29 16:29:35 PulseDaemon: telemetry read via daemon (16 path(s))
2026-07-29 16:29:36 PulseDaemon: telemetry read via daemon (16 path(s))
2026-07-29 16:29:37 PulseDaemon: cap write via daemon (7 node(s))
2026-07-29 16:29:37 PulseAutoTdp: tgt=90 fps=52.7 jank=4 tail=33ms act=RAISE bn=CPU cpuB=18 cpuPk=98 primePk=38 io=0 gpuB=30 gpuL=6 capped=0 prk=0 stl=0 draw=4.84W cT=58 gT=52 caps%[0:100,2:100,5:40,7:40,-100:100] curMHz[0:902,2:3072,5:499,7:1017] gpu=231 gcap=1050[0/13] lrn=100
2026-07-29 16:29:37 PulseDaemon: cap write via daemon (2 node(s))
2026-07-29 16:29:38 PulseDaemon: telemetry read via daemon (16 path(s))
2026-07-29 16:29:39 PulseDaemon: telemetry read via daemon (16 path(s))
2026-07-29 16:29:40 PulseDaemon: cap write via daemon (7 node(s))
2026-07-29 16:29:40 PulseAutoTdp: tgt=90 fps=62.5 jank=0 tail=22ms act=RAISE bn=CPU cpuB=25 cpuPk=96 primePk=65 io=0 gpuB=40 gpuL=8 capped=0 prk=0 stl=0 draw=6.83W cT=62 gT=54 caps%[0:100,2:100,5:40,7:45,-100:100] curMHz[0:1248,2:3148,5:1190,7:1248] gpu=231 gcap=1050[0/13] lrn=100
2026-07-29 16:29:40 PulseDaemon: cap write via daemon (2 node(s))
2026-07-29 16:29:41 PulseDaemon: telemetry read via daemon (16 path(s))
2026-07-29 16:29:42 PulseDaemon: telemetry read via daemon (16 path(s))
2026-07-29 16:29:43 PulseDaemon: cap write via daemon (7 node(s))
2026-07-29 16:29:43 PulseAutoTdp: tgt=90 fps=58.6 jank=0 tail=22ms act=TRIM bn=CPU cpuB=20 cpuPk=96 primePk=41 io=0 gpuB=41 gpuL=9 capped=0 prk=0 stl=0 draw=5.36W cT=62 gT=53 caps%[0:100,2:100,5:40,7:40,-100:100] curMHz[0:364,2:3148,5:1190,7:1363] gpu=231 gcap=1050[0/13] lrn=100
2026-07-29 16:29:43 PulseDaemon: cap write via daemon (2 node(s))
2026-07-29 16:29:44 PulseDaemon: telemetry read via daemon (16 path(s))
2026-07-29 16:29:45 PulseDaemon: telemetry read via daemon (16 path(s))
2026-07-29 16:29:46 PulseDaemon: cap write via daemon (7 node(s))
2026-07-29 16:29:46 PulseAutoTdp: tgt=90 fps=60.1 jank=0 tail=22ms act=RAISE bn=CPU cpuB=14 cpuPk=55 primePk=42 io=0 gpuB=31 gpuL=6 capped=0 prk=0 stl=0 draw=3.92W cT=58 gT=53 caps%[0:100,2:100,5:40,7:45,-100:100] curMHz[0:364,2:2841,5:1190,7:480] gpu=231 gcap=1050[0/13] lrn=100
2026-07-29 16:29:46 PulseDaemon: cap write via daemon (2 node(s))
2026-07-29 16:29:47 PulseDaemon: telemetry read via daemon (16 path(s))
2026-07-29 16:29:49 PulseDaemon: telemetry read via daemon (16 path(s))
2026-07-29 16:29:49 PulseDaemon: cap write via daemon (7 node(s))
2026-07-29 16:29:49 PulseAutoTdp: tgt=90 fps=61.1 jank=0 tail=22ms act=TRIM bn=- cpuB=19 cpuPk=52 primePk=48 io=0 gpuB=45 gpuL=9 capped=0 prk=0 stl=0 draw=3.84W cT=58 gT=52 caps%[0:100,2:100,5:40,7:40,-100:100] curMHz[0:1017,2:2572,5:844,7:480] gpu=231 gcap=1050[0/13] lrn=100
2026-07-29 16:29:49 PulseDaemon: cap write via daemon (2 node(s))
2026-07-29 16:29:50 PulseDaemon: telemetry read via daemon (16 path(s))
2026-07-29 16:29:52 PulseDaemon: telemetry read via daemon (16 path(s))
2026-07-29 16:29:52 PulseDaemon: cap write via daemon (7 node(s))
2026-07-29 16:29:52 PulseAutoTdp: tgt=90 fps=59.8 jank=0 tail=22ms act=RAISE bn=- cpuB=22 cpuPk=62 primePk=45 io=0 gpuB=38 gpuL=8 capped=0 prk=0 stl=0 draw=5.31W cT=59 gT=52 caps%[0:100,2:100,5:45,7:40,-100:100] curMHz[0:1248,2:2323,5:1190,7:1248] gpu=231 gcap=1050[0/13] lrn=100
2026-07-29 16:29:52 PulseDaemon: cap write via daemon (2 node(s))
2026-07-29 16:29:53 PulseDaemon: telemetry read via daemon (16 path(s))
2026-07-29 16:29:55 PulseDaemon: telemetry read via daemon (16 path(s))
2026-07-29 16:29:55 PulseDaemon: cap write via daemon (7 node(s))
2026-07-29 16:29:55 PulseAutoTdp: tgt=90 fps=54.8 jank=0 tail=22ms act=TRIM bn=CPU cpuB=22 cpuPk=79 primePk=48 io=0 gpuB=30 gpuL=6 capped=0 prk=0 stl=0 draw=5.06W cT=58 gT=53 caps%[0:100,2:100,5:40,7:40,-100:100] curMHz[0:1248,2:2380,5:1286,7:1248] gpu=231 gcap=1050[0/13] lrn=100
2026-07-29 16:29:55 PulseDaemon: cap write via daemon (2 node(s))
2026-07-29 16:29:56 PulseDaemon: telemetry read via daemon (16 path(s))
2026-07-29 16:29:58 PulseDaemon: telemetry read via daemon (16 path(s))
2026-07-29 16:29:58 PulseDaemon: cap write via daemon (7 node(s))
2026-07-29 16:29:58 PulseAutoTdp: tgt=90 fps=56.8 jank=0 tail=22ms act=RAISE bn=CPU cpuB=19 cpuPk=93 primePk=43 io=0 gpuB=38 gpuL=8 capped=0 prk=0 stl=0 draw=5.46W cT=60 gT=53 caps%[0:100,2:100,5:40,7:45,-100:100] curMHz[0:672,2:2764,5:499,7:1248] gpu=231 gcap=1050[0/13] lrn=100
2026-07-29 16:29:58 PulseDaemon: cap write via daemon (2 node(s))
2026-07-29 16:30:00 PulseDaemon: telemetry read via daemon (16 path(s))
2026-07-29 16:30:01 PulseDaemon: telemetry read via daemon (16 path(s))
2026-07-29 16:30:01 PulseAutoTdp: tgt=90 fps=56.1 jank=0 tail=22ms act=TRIM bn=CPU cpuB=24 cpuPk=87 primePk=45 io=0 gpuB=43 gpuL=9 capped=1 prk=0 stl=0 draw=6.15W cT=61 gT=54 caps%[0:100,2:100,5:40,7:40,-100:100] curMHz[0:1248,2:3014,5:1190,7:1363] gpu=231 gcap=1050[0/13] lrn=100
2026-07-29 16:30:01 PulseDaemon: cap write via daemon (2 node(s))
2026-07-29 16:30:03 PulseDaemon: telemetry read via daemon (16 path(s))
2026-07-29 16:30:04 PulseDaemon: telemetry read via daemon (16 path(s))
2026-07-29 16:30:04 PulseDaemon: cap write via daemon (7 node(s))
2026-07-29 16:30:05 PulseAutoTdp: tgt=90 fps=63.6 jank=0 tail=22ms act=RAISE bn=CPU cpuB=23 cpuPk=90 primePk=36 io=0 gpuB=39 gpuL=8 capped=1 prk=0 stl=0 draw=5.30W cT=61 gT=54 caps%[0:100,2:100,5:45,7:40,-100:100] curMHz[0:1248,2:2956,5:1190,7:1248] mn/mx[0:364/1248,2:2764/2841,5:499/1286,7:480/1248] gpu=231 gcap=1050[0/13] lrn=100
2026-07-29 16:30:05 PulseDaemon: cap write via daemon (2 node(s))
2026-07-29 16:30:07 PulseDaemon: telemetry read via daemon (16 path(s))
2026-07-29 16:30:08 PulseDaemon: telemetry read via daemon (16 path(s))
2026-07-29 16:30:08 PulseDaemon: cap write via daemon (7 node(s))
2026-07-29 16:30:08 PulseAutoTdp: tgt=90 fps=58.1 jank=0 tail=22ms act=TRIM bn=CPU cpuB=18 cpuPk=64 primePk=64 io=0 gpuB=42 gpuL=9 capped=1 prk=0 stl=0 draw=5.17W cT=60 gT=53 caps%[0:100,2:100,5:40,7:40,-100:100] curMHz[0:364,2:2630,5:1286,7:1248] gpu=231 gcap=1050[0/13] lrn=100
2026-07-29 16:30:08 PulseDaemon: cap write via daemon (2 node(s))
2026-07-29 16:30:10 PulseDaemon: telemetry read via daemon (16 path(s))
2026-07-29 16:30:11 PulseDaemon: telemetry read via daemon (16 path(s))
2026-07-29 16:30:12 PulseDaemon: cap write via daemon (7 node(s))
2026-07-29 16:30:12 PulseAutoTdp: tgt=90 fps=59.0 jank=0 tail=22ms act=RAISE bn=CPU cpuB=18 cpuPk=59 primePk=59 io=0 gpuB=35 gpuL=7 capped=1 prk=0 stl=0 draw=5.04W cT=58 gT=53 caps%[0:100,2:100,5:45,7:40,-100:100] curMHz[0:1248,2:2380,5:499,7:1248] gpu=231 gcap=1050[0/13] lrn=100
2026-07-29 16:30:12 PulseDaemon: cap write via daemon (2 node(s))
2026-07-29 16:30:13 PulseDaemon: telemetry read via daemon (16 path(s))
2026-07-29 16:30:14 PulseDaemon: telemetry read via daemon (16 path(s))
2026-07-29 16:30:15 PulseDaemon: cap write via daemon (7 node(s))
2026-07-29 16:30:15 PulseAutoTdp: tgt=90 fps=60.4 jank=0 tail=22ms act=TRIM bn=CPU cpuB=17 cpuPk=61 primePk=61 io=0 gpuB=30 gpuL=6 capped=2 prk=0 stl=0 draw=4.44W cT=57 gT=52 caps%[0:100,2:100,5:40,7:40,-100:100] curMHz[0:556,2:2380,5:1286,7:480] gpu=231 gcap=1050[0/13] lrn=100
2026-07-29 16:30:15 PulseDaemon: cap write via daemon (2 node(s))
2026-07-29 16:30:16 PulseDaemon: telemetry read via daemon (16 path(s))
2026-07-29 16:30:18 PulseDaemon: telemetry read via daemon (16 path(s))
2026-07-29 16:30:18 PulseDaemon: cap write via daemon (7 node(s))
2026-07-29 16:30:18 PulseAutoTdp: tgt=90 fps=57.7 jank=0 tail=22ms act=TRIM bn=CPU cpuB=17 cpuPk=58 primePk=58 io=0 gpuB=38 gpuL=8 capped=5 prk=0 stl=0 draw=4.51W cT=58 gT=52 caps%[0:100,2:95,5:40,7:40,-100:100] curMHz[0:460,2:2323,5:1190,7:1248] gpu=231 gcap=1050[0/13] lrn=100
2026-07-29 16:30:18 PulseDaemon: cap write via daemon (2 node(s))
2026-07-29 16:30:18 PulseDaemon: cap write via daemon (2 node(s))
2026-07-29 16:30:19 PulseDaemon: telemetry read via daemon (16 path(s))
2026-07-29 16:30:21 PulseDaemon: telemetry read via daemon (16 path(s))
2026-07-29 16:30:21 PulseDaemon: cap write via daemon (7 node(s))
2026-07-29 16:30:21 PulseAutoTdp: AUTOTDP-SESSION tgt=90 bias=BALANCED wattCap=0 policies=0:2265600:0,1;2:3148800:2,3,4;5:2956800:5,6;7:3052800:7;-100:1050000:
2026-07-29 16:30:21 PulseAutoTdp: tgt=90 fps=54.2 jank=0 tail=22ms act=TRIM bn=CPU cpuB=19 cpuPk=97 primePk=54 io=0 gpuB=40 gpuL=8 capped=5 prk=0 stl=0 draw=5.10W cT=60 gT=53 caps%[0:100,2:95,5:40,7:35,-100:100] curMHz[0:364,2:2764,5:1190,7:1248] gpu=231 gcap=1050[0/13] lrn=100
2026-07-29 16:30:21 PulseDaemon: cap write via daemon (2 node(s))
2026-07-29 16:30:21 PulseDaemon: cap write via daemon (2 node(s))
2026-07-29 16:30:22 PulseDaemon: telemetry read via daemon (16 path(s))
2026-07-29 16:30:24 PulseDaemon: telemetry read via daemon (16 path(s))
2026-07-29 16:30:24 PulseDaemon: cap write via daemon (7 node(s))
2026-07-29 16:30:24 PulseAutoTdp: tgt=90 fps=52.4 jank=0 tail=22ms act=TRIM bn=CPU cpuB=19 cpuPk=95 primePk=35 io=0 gpuB=35 gpuL=7 capped=5 prk=0 stl=0 draw=5.40W cT=60 gT=53 caps%[0:95,2:95,5:40,7:35,-100:100] curMHz[0:672,2:2956,5:1190,7:1017] gpu=231 gcap=1050[0/13] lrn=100
2026-07-29 16:30:24 PulseDaemon: cap write via daemon (2 node(s))
2026-07-29 16:30:24 PulseDaemon: cap write via daemon (3 node(s))
2026-07-29 16:30:26 PulseDaemon: telemetry read via daemon (16 path(s))
2026-07-29 16:30:27 PulseDaemon: telemetry read via daemon (16 path(s))
2026-07-29 16:30:27 PulseDaemon: cap write via daemon (7 node(s))
2026-07-29 16:30:27 PulseAutoTdp: tgt=90 fps=60.6 jank=0 tail=22ms act=TRIM bn=CPU cpuB=15 cpuPk=55 primePk=47 io=0 gpuB=30 gpuL=6 capped=5 prk=0 stl=0 draw=5.29W cT=57 gT=52 caps%[0:90,2:95,5:40,7:35,-100:100] curMHz[0:460,2:2630,5:1190,7:480] gpu=231 gcap=1050[0/13] lrn=100
2026-07-29 16:30:28 PulseDaemon: cap write via daemon (2 node(s))
2026-07-29 16:30:28 PulseDaemon: cap write via daemon (3 node(s))
2026-07-29 16:30:29 PulseDaemon: telemetry read via daemon (16 path(s))
2026-07-29 16:30:30 PulseDaemon: telemetry read via daemon (16 path(s))
2026-07-29 16:30:31 PulseDaemon: cap write via daemon (7 node(s))
2026-07-29 16:30:31 PulseAutoTdp: tgt=90 fps=60.9 jank=0 tail=22ms act=TRIM bn=- cpuB=17 cpuPk=47 primePk=47 io=0 gpuB=31 gpuL=6 capped=5 prk=0 stl=0 draw=3.62W cT=56 gT=52 caps%[0:85,2:95,5:40,7:35,-100:100] curMHz[0:1132,2:2380,5:1190,7:480] gpu=231 gcap=1050[0/13] lrn=100
2026-07-29 16:30:31 PulseDaemon: cap write via daemon (2 node(s))
2026-07-29 16:30:31 PulseDaemon: cap write via daemon (3 node(s))
2026-07-29 16:30:32 PulseDaemon: telemetry read via daemon (16 path(s))
2026-07-29 16:30:34 PulseDaemon: telemetry read via daemon (16 path(s))
2026-07-29 16:30:34 PulseDaemon: cap write via daemon (7 node(s))
2026-07-29 16:30:34 PulseAutoTdp: tgt=90 fps=62.1 jank=0 tail=22ms act=TRIM bn=- cpuB=19 cpuPk=53 primePk=45 io=0 gpuB=39 gpuL=8 capped=5 prk=0 stl=0 draw=3.76W cT=56 gT=52 caps%[0:80,2:95,5:40,7:35,-100:100] curMHz[0:1248,2:2323,5:1190,7:480] gpu=231 gcap=1050[0/13] lrn=100
2026-07-29 16:30:34 PulseDaemon: cap write via daemon (2 node(s))
2026-07-29 16:30:34 PulseDaemon: cap write via daemon (3 node(s))
2026-07-29 16:30:36 PulseDaemon: telemetry read via daemon (16 path(s))
2026-07-29 16:30:37 PulseDaemon: telemetry read via daemon (16 path(s))
2026-07-29 16:30:37 PulseDaemon: cap write via daemon (7 node(s))
2026-07-29 16:30:38 PulseAutoTdp: tgt=90 fps=52.3 jank=0 tail=22ms act=RAISE bn=CPU cpuB=17 cpuPk=92 primePk=53 io=0 gpuB=37 gpuL=8 capped=5 prk=0 stl=0 draw=5.08W cT=58 gT=52 caps%[0:85,2:95,5:40,7:35,-100:100] curMHz[0:787,2:2515,5:499,7:1017] mn/mx[0:1248/1248,2:2707/2764,5:499/1190,7:480/1017] gpu=231 gcap=1050[0/13] lrn=100
2026-07-29 16:30:38 PulseDaemon: cap write via daemon (2 node(s))
2026-07-29 16:30:38 PulseDaemon: cap write via daemon (3 node(s))
2026-07-29 16:30:40 PulseDaemon: telemetry read via daemon (16 path(s))
2026-07-29 16:30:41 PulseDaemon: telemetry read via daemon (16 path(s))
2026-07-29 16:30:41 PulseDaemon: cap write via daemon (7 node(s))
2026-07-29 16:30:41 PulseAutoTdp: tgt=90 fps=48.1 jank=2 tail=33ms act=TRIM bn=CPU cpuB=20 cpuPk=97 primePk=46 io=0 gpuB=35 gpuL=7 capped=5 prk=0 stl=0 draw=6.06W cT=60 gT=52 caps%[0:85,2:95,5:40,7:35,-100:95] curMHz[0:460,2:3014,5:1190,7:1017] gpu=231 gcap=1050[0/13] lrn=100
2026-07-29 16:30:41 PulseDaemon: cap write via daemon (2 node(s))
2026-07-29 16:30:41 PulseDaemon: cap write via daemon (3 node(s))
2026-07-29 16:30:42 PulseDaemon: cap write via daemon (2 node(s))
2026-07-29 16:30:43 PulseDaemon: telemetry read via daemon (16 path(s))
2026-07-29 16:30:44 PulseDaemon: telemetry read via daemon (16 path(s))
2026-07-29 16:30:45 PulseDaemon: cap write via daemon (7 node(s))
2026-07-29 16:30:45 PulseAutoTdp: tgt=90 fps=47.7 jank=2 tail=33ms act=TRIM bn=CPU cpuB=19 cpuPk=93 primePk=35 io=0 gpuB=31 gpuL=6 capped=5 prk=0 stl=0 draw=4.59W cT=59 gT=52 caps%[0:85,2:95,5:40,7:35,-100:90] curMHz[0:672,2:2841,5:1190,7:1017] gpu=231 gcap=1000[1/13] lrn=100
2026-07-29 16:30:45 PulseDaemon: cap write via daemon (2 node(s))
2026-07-29 16:30:45 PulseDaemon: cap write via daemon (3 node(s))
2026-07-29 16:30:45 PulseDaemon: cap write via daemon (2 node(s))
2026-07-29 16:30:46 PulseDaemon: telemetry read via daemon (16 path(s))
2026-07-29 16:30:47 PulseDaemon: telemetry read via daemon (16 path(s))
2026-07-29 16:30:48 PulseDaemon: cap write via daemon (7 node(s))
2026-07-29 16:30:48 PulseAutoTdp: tgt=90 fps=64.1 jank=0 tail=22ms act=TRIM bn=- cpuB=16 cpuPk=53 primePk=42 io=0 gpuB=33 gpuL=7 capped=5 prk=0 stl=0 draw=3.31W cT=57 gT=52 caps%[0:85,2:95,5:40,7:35,-100:85] curMHz[0:1248,2:2246,5:499,7:480] gpu=231 gcap=903[2/13] lrn=100
2026-07-29 16:30:48 PulseDaemon: cap write via daemon (2 node(s))
2026-07-29 16:30:48 PulseDaemon: cap write via daemon (3 node(s))
2026-07-29 16:30:48 PulseDaemon: cap write via daemon (2 node(s))
2026-07-29 16:30:49 PulseDaemon: telemetry read via daemon (16 path(s))
2026-07-29 16:30:51 PulseDaemon: telemetry read via daemon (16 path(s))
2026-07-29 16:30:51 PulseDaemon: cap write via daemon (7 node(s))
2026-07-29 16:30:51 PulseAutoTdp: tgt=90 fps=59.8 jank=0 tail=22ms act=TRIM bn=CPU cpuB=19 cpuPk=81 primePk=46 io=0 gpuB=39 gpuL=8 capped=5 prk=0 stl=0 draw=4.61W cT=58 gT=52 caps%[0:85,2:95,5:40,7:35,-100:80] curMHz[0:787,2:2323,5:1190,7:1017] gpu=231 gcap=903[2/13] lrn=100
2026-07-29 16:30:51 PulseDaemon: cap write via daemon (2 node(s))
2026-07-29 16:30:51 PulseDaemon: cap write via daemon (3 node(s))
2026-07-29 16:30:51 PulseDaemon: cap write via daemon (2 node(s))
2026-07-29 16:30:53 PulseDaemon: telemetry read via daemon (16 path(s))
2026-07-29 16:30:54 PulseDaemon: telemetry read via daemon (16 path(s))
2026-07-29 16:30:54 PulseDaemon: cap write via daemon (7 node(s))
2026-07-29 16:30:55 PulseAutoTdp: tgt=90 fps=53.0 jank=0 tail=22ms act=RAISE bn=CPU cpuB=19 cpuPk=78 primePk=43 io=0 gpuB=35 gpuL=7 capped=5 prk=0 stl=0 draw=5.29W cT=58 gT=52 caps%[0:85,2:95,5:40,7:35,-100:85] curMHz[0:1248,2:2323,5:1190,7:480] gpu=231 gcap=834[3/13] lrn=100
2026-07-29 16:30:55 PulseDaemon: cap write via daemon (2 node(s))
2026-07-29 16:30:55 PulseDaemon: cap write via daemon (3 node(s))
2026-07-29 16:30:55 PulseDaemon: cap write via daemon (2 node(s))
2026-07-29 16:30:56 PulseDaemon: telemetry read via daemon (16 path(s))
2026-07-29 16:30:57 PulseDaemon: telemetry read via daemon (16 path(s))
2026-07-29 16:30:58 PulseAutoTdp: tgt=90 fps=55.3 jank=0 tail=22ms act=HOLD bn=CPU cpuB=17 cpuPk=69 primePk=42 io=0 gpuB=33 gpuL=7 capped=5 prk=0 stl=0 draw=4.88W cT=57 gT=52 caps%[0:85,2:95,5:40,7:35,-100:85] curMHz[0:460,2:2323,5:1190,7:1017] gpu=231 gcap=903[2/13] lrn=100
2026-07-29 16:30:58 PulseDaemon: cap write via daemon (2 node(s))
2026-07-29 16:30:58 PulseDaemon: cap write via daemon (3 node(s))
2026-07-29 16:30:58 PulseDaemon: cap write via daemon (2 node(s))
2026-07-29 16:30:59 PulseDaemon: telemetry read via daemon (16 path(s))
2026-07-29 16:31:00 PulseDaemon: telemetry read via daemon (16 path(s))
2026-07-29 16:31:01 PulseAutoTdp: tgt=90 fps=54.0 jank=3 tail=33ms act=HOLD bn=CPU cpuB=19 cpuPk=92 primePk=39 io=0 gpuB=35 gpuL=7 capped=5 prk=0 stl=0 draw=4.88W cT=59 gT=52 caps%[0:85,2:95,5:40,7:35,-100:85] curMHz[0:556,2:2764,5:960,7:1017] gpu=231 gcap=903[2/13] lrn=100
2026-07-29 16:31:01 PulseDaemon: cap write via daemon (2 node(s))
2026-07-29 16:31:01 PulseDaemon: cap write via daemon (3 node(s))
2026-07-29 16:31:01 PulseDaemon: cap write via daemon (2 node(s))
2026-07-29 16:31:02 PulseDaemon: telemetry read via daemon (16 path(s))
2026-07-29 16:31:03 PulseDaemon: telemetry read via daemon (16 path(s))
2026-07-29 16:31:04 PulseAutoTdp: tgt=90 fps=46.6 jank=0 tail=22ms act=HOLD bn=CPU cpuB=19 cpuPk=100 primePk=43 io=0 gpuB=34 gpuL=7 capped=5 prk=0 stl=0 draw=5.69W cT=60 gT=53 caps%[0:85,2:95,5:40,7:35,-100:85] curMHz[0:556,2:3014,5:1190,7:1017] gpu=231 gcap=903[2/13] lrn=100
2026-07-29 16:31:04 PulseDaemon: cap write via daemon (3 node(s))
2026-07-29 16:31:04 PulseDaemon: cap write via daemon (2 node(s))
2026-07-29 16:31:05 PulseDaemon: telemetry read via daemon (16 path(s))
2026-07-29 16:31:07 PulseDaemon: telemetry read via daemon (16 path(s))
2026-07-29 16:31:07 PulseAutoTdp: tgt=90 fps=50.8 jank=0 tail=22ms act=HOLD bn=CPU cpuB=23 cpuPk=100 primePk=52 io=0 gpuB=34 gpuL=7 capped=5 prk=0 stl=0 draw=5.36W cT=60 gT=52 caps%[0:85,2:95,5:40,7:35,-100:85] curMHz[0:1248,2:2956,5:1190,7:1017] gpu=231 gcap=903[2/13] lrn=100
2026-07-29 16:31:07 PulseDaemon: cap write via daemon (2 node(s))
2026-07-29 16:31:07 PulseDaemon: cap write via daemon (3 node(s))
2026-07-29 16:31:07 PulseDaemon: cap write via daemon (2 node(s))
2026-07-29 16:31:08 PulseDaemon: telemetry read via daemon (16 path(s))
2026-07-29 16:31:10 PulseDaemon: telemetry read via daemon (16 path(s))
2026-07-29 16:31:10 PulseDaemon: cap write via daemon (7 node(s))
2026-07-29 16:31:10 PulseAutoTdp: AUTOTDP-SESSION tgt=90 bias=BALANCED wattCap=0 policies=0:2265600:0,1;2:3148800:2,3,4;5:2956800:5,6;7:3052800:7;-100:1050000:
2026-07-29 16:31:11 PulseAutoTdp: tgt=90 fps=60.4 jank=0 tail=22ms act=RAISE bn=- cpuB=15 cpuPk=47 primePk=46 io=0 gpuB=31 gpuL=6 capped=0 prk=0 stl=0 draw=3.77W cT=57 gT=52 caps%[0:85,2:95,5:40,7:35,-100:90] curMHz[0:672,2:2515,5:1190,7:480] mn/mx[0:364/1248,2:2438/2515,5:499/1190,7:480/1017] gpu=231 gcap=903[2/13] lrn=100
2026-07-29 16:31:11 PulseDaemon: cap write via daemon (2 node(s))
2026-07-29 16:31:11 PulseDaemon: cap write via daemon (3 node(s))
2026-07-29 16:31:11 PulseDaemon: cap write via daemon (2 node(s))
2026-07-29 16:31:12 PulseDaemon: telemetry read via daemon (16 path(s))
2026-07-29 16:31:14 PulseDaemon: telemetry read via daemon (16 path(s))
2026-07-29 16:31:14 PulseDaemon: cap write via daemon (7 node(s))
2026-07-29 16:31:14 PulseAutoTdp: tgt=90 fps=60.6 jank=0 tail=22ms act=RAISE bn=- cpuB=19 cpuPk=53 primePk=53 io=0 gpuB=31 gpuL=6 capped=0 prk=0 stl=0 draw=4.49W cT=57 gT=52 caps%[0:85,2:95,5:40,7:35,-100:95] curMHz[0:1248,2:2188,5:1190,7:480] gpu=231 gcap=903[2/13] lrn=100
2026-07-29 16:31:14 PulseDaemon: cap write via daemon (2 node(s))
2026-07-29 16:31:14 PulseDaemon: cap write via daemon (3 node(s))
2026-07-29 16:31:14 PulseDaemon: cap write via daemon (2 node(s))
2026-07-29 16:31:16 PulseDaemon: telemetry read via daemon (16 path(s))
2026-07-29 16:31:17 PulseDaemon: telemetry read via daemon (16 path(s))
2026-07-29 16:31:18 PulseDaemon: cap write via daemon (7 node(s))
2026-07-29 16:31:18 PulseAutoTdp: tgt=90 fps=64.8 jank=0 tail=22ms act=RAISE bn=- cpuB=18 cpuPk=55 primePk=46 io=0 gpuB=32 gpuL=7 capped=0 prk=0 stl=0 draw=4.18W cT=57 gT=52 caps%[0:85,2:95,5:40,7:35,-100:100] curMHz[0:1248,2:2438,5:499,7:480] gpu=231 gcap=1000[1/13] lrn=100
2026-07-29 16:31:18 PulseDaemon: cap write via daemon (2 node(s))
2026-07-29 16:31:18 PulseDaemon: cap write via daemon (3 node(s))
2026-07-29 16:31:19 PulseDaemon: telemetry read via daemon (16 path(s))
2026-07-29 16:31:20 PulseDaemon: telemetry read via daemon (16 path(s))
2026-07-29 16:31:21 PulseDaemon: cap write via daemon (7 node(s))
2026-07-29 16:31:21 PulseAutoTdp: tgt=90 fps=48.4 jank=5 tail=33ms act=TRIM bn=CPU cpuB=20 cpuPk=88 primePk=40 io=0 gpuB=33 gpuL=7 capped=0 prk=0 stl=0 draw=5.32W cT=59 gT=52 caps%[0:85,2:95,5:40,7:35,-100:95] curMHz[0:902,2:3014,5:499,7:1017] gpu=231 gcap=1050[0/13] lrn=100
2026-07-29 16:31:21 PulseDaemon: cap write via daemon (2 node(s))
2026-07-29 16:31:21 PulseDaemon: cap write via daemon (3 node(s))
2026-07-29 16:31:21 PulseDaemon: cap write via daemon (2 node(s))
2026-07-29 16:31:22 PulseDaemon: telemetry read via daemon (16 path(s))
2026-07-29 16:31:24 PulseDaemon: telemetry read via daemon (16 path(s))
2026-07-29 16:31:24 PulseDaemon: cap write via daemon (7 node(s))
2026-07-29 16:31:24 PulseAutoTdp: tgt=90 fps=44.7 jank=6 tail=33ms act=RAISE bn=CPU cpuB=19 cpuPk=97 primePk=59 io=0 gpuB=31 gpuL=6 capped=0 prk=0 stl=0 draw=5.47W cT=60 gT=52 caps%[0:85,2:100,5:40,7:35,-100:95] curMHz[0:556,2:2956,5:1190,7:1017] gpu=231 gcap=1000[1/13] lrn=100
2026-07-29 16:31:24 PulseDaemon: cap write via daemon (3 node(s))
2026-07-29 16:31:24 PulseDaemon: cap write via daemon (2 node(s))
2026-07-29 16:31:26 PulseDaemon: telemetry read via daemon (16 path(s))
2026-07-29 16:31:27 PulseDaemon: telemetry read via daemon (16 path(s))
2026-07-29 16:31:27 PulseDaemon: cap write via daemon (7 node(s))
2026-07-29 16:31:27 PulseAutoTdp: tgt=90 fps=50.2 jank=1 tail=33ms act=TRIM bn=CPU cpuB=16 cpuPk=96 primePk=42 io=0 gpuB=33 gpuL=7 capped=0 prk=0 stl=0 draw=5.43W cT=61 gT=53 caps%[0:85,2:95,5:40,7:35,-100:95] curMHz[0:364,2:2956,5:499,7:1017] gpu=231 gcap=1000[1/13] lrn=100
2026-07-29 16:31:27 PulseDaemon: cap write via daemon (2 node(s))
2026-07-29 16:31:28 PulseDaemon: cap write via daemon (3 node(s))
2026-07-29 16:31:28 PulseDaemon: cap write via daemon (2 node(s))
2026-07-29 16:31:29 PulseDaemon: telemetry read via daemon (16 path(s))
2026-07-29 16:31:30 PulseDaemon: telemetry read via daemon (16 path(s))
2026-07-29 16:31:31 PulseDaemon: cap write via daemon (7 node(s))
2026-07-29 16:31:31 PulseAutoTdp: tgt=90 fps=64.2 jank=0 tail=22ms act=RAISE bn=CPU cpuB=14 cpuPk=69 primePk=65 io=0 gpuB=35 gpuL=7 capped=0 prk=0 stl=0 draw=4.77W cT=57 gT=53 caps%[0:85,2:100,5:40,7:35,-100:95] curMHz[0:787,2:1708,5:1190,7:480] gpu=231 gcap=1000[1/13] lrn=100
2026-07-29 16:31:31 PulseDaemon: cap write via daemon (3 node(s))
2026-07-29 16:31:31 PulseDaemon: cap write via daemon (2 node(s))
2026-07-29 16:31:32 PulseDaemon: telemetry read via daemon (16 path(s))
2026-07-29 16:31:34 PulseDaemon: telemetry read via daemon (16 path(s))
2026-07-29 16:31:34 PulseDaemon: cap write via daemon (7 node(s))
2026-07-29 16:31:34 PulseAutoTdp: tgt=90 fps=60.6 jank=0 tail=22ms act=TRIM bn=CPU cpuB=14 cpuPk=70 primePk=70 io=0 gpuB=34 gpuL=7 capped=0 prk=0 stl=0 draw=4.82W cT=57 gT=52 caps%[0:85,2:95,5:40,7:35,-100:95] curMHz[0:460,2:2188,5:499,7:480] gpu=231 gcap=1000[1/13] lrn=100
2026-07-29 16:31:34 PulseDaemon: cap write via daemon (2 node(s))
2026-07-29 16:31:34 PulseDaemon: cap write via daemon (3 node(s))
2026-07-29 16:31:34 PulseDaemon: cap write via daemon (2 node(s))
2026-07-29 16:31:36 PulseDaemon: telemetry read via daemon (16 path(s))
2026-07-29 16:31:37 PulseDaemon: telemetry read via daemon (16 path(s))
2026-07-29 16:31:37 PulseDaemon: cap write via daemon (7 node(s))
2026-07-29 16:31:37 PulseAutoTdp: tgt=90 fps=55.5 jank=5 tail=33ms act=RAISE bn=CPU cpuB=19 cpuPk=57 primePk=57 io=0 gpuB=32 gpuL=7 capped=0 prk=0 stl=0 draw=4.32W cT=57 gT=52 caps%[0:85,2:100,5:40,7:35,-100:95] curMHz[0:1248,2:2035,5:1190,7:1017] gpu=231 gcap=1000[1/13] lrn=100
2026-07-29 16:31:37 PulseDaemon: cap write via daemon (3 node(s))
2026-07-29 16:31:38 PulseDaemon: cap write via daemon (2 node(s))
2026-07-29 16:31:39 PulseDaemon: telemetry read via daemon (16 path(s))
2026-07-29 16:31:40 PulseDaemon: telemetry read via daemon (16 path(s))
2026-07-29 16:31:41 PulseDaemon: cap write via daemon (7 node(s))
2026-07-29 16:31:41 PulseAutoTdp: tgt=90 fps=52.3 jank=1 tail=33ms act=TRIM bn=CPU cpuB=20 cpuPk=100 primePk=38 io=0 gpuB=26 gpuL=5 capped=1 prk=0 stl=0 draw=5.50W cT=59 gT=52 caps%[0:85,2:95,5:40,7:35,-100:95] curMHz[0:1248,2:2841,5:499,7:1017] gpu=231 gcap=1000[1/13] lrn=100
2026-07-29 16:31:41 PulseDaemon: cap write via daemon (2 node(s))
2026-07-29 16:31:41 PulseDaemon: cap write via daemon (3 node(s))
2026-07-29 16:31:41 PulseDaemon: cap write via daemon (2 node(s))
2026-07-29 16:31:42 PulseDaemon: telemetry read via daemon (16 path(s))
2026-07-29 16:31:44 PulseDaemon: telemetry read via daemon (16 path(s))
2026-07-29 16:31:44 PulseDaemon: cap write via daemon (7 node(s))
2026-07-29 16:31:45 PulseAutoTdp: tgt=90 fps=51.4 jank=5 tail=33ms act=RAISE bn=CPU cpuB=17 cpuPk=95 primePk=34 io=0 gpuB=33 gpuL=7 capped=1 prk=0 stl=0 draw=4.92W cT=60 gT=53 caps%[0:85,2:95,5:40,7:40,-100:95] curMHz[0:460,2:3014,5:1190,7:1017] mn/mx[0:364/1248,2:2899/2956,5:499/1190,7:480/1248] gpu=231 gcap=1000[1/13] lrn=100
2026-07-29 16:31:45 PulseDaemon: cap write via daemon (2 node(s))
2026-07-29 16:31:45 PulseDaemon: cap write via daemon (3 node(s))
2026-07-29 16:31:45 PulseDaemon: cap write via daemon (2 node(s))
2026-07-29 16:31:46 PulseDaemon: telemetry read via daemon (16 path(s))
2026-07-29 16:31:48 PulseDaemon: telemetry read via daemon (16 path(s))
2026-07-29 16:31:48 PulseDaemon: cap write via daemon (7 node(s))
2026-07-29 16:31:48 PulseAutoTdp: tgt=90 fps=55.6 jank=0 tail=22ms act=RAISE bn=CPU cpuB=18 cpuPk=100 primePk=40 io=0 gpuB=38 gpuL=8 capped=1 prk=0 stl=0 draw=5.21W cT=60 gT=53 caps%[0:85,2:95,5:40,7:45,-100:95] curMHz[0:787,2:2841,5:499,7:1248] gpu=231 gcap=1000[1/13] lrn=100
2026-07-29 16:31:48 PulseDaemon: cap write via daemon (2 node(s))
2026-07-29 16:31:48 PulseDaemon: cap write via daemon (3 node(s))
2026-07-29 16:31:48 PulseDaemon: cap write via daemon (2 node(s))
2026-07-29 16:31:49 PulseDaemon: telemetry read via daemon (16 path(s))
2026-07-29 16:31:51 PulseDaemon: telemetry read via daemon (16 path(s))
2026-07-29 16:31:51 PulseDaemon: cap write via daemon (7 node(s))
2026-07-29 16:31:51 PulseAutoTdp: tgt=90 fps=49.6 jank=0 tail=22ms act=TRIM bn=CPU cpuB=19 cpuPk=97 primePk=50 io=0 gpuB=36 gpuL=7 capped=1 prk=0 stl=0 draw=5.48W cT=61 gT=54 caps%[0:85,2:95,5:40,7:40,-100:95] curMHz[0:460,2:3014,5:1190,7:1363] gpu=231 gcap=1000[1/13] lrn=100
2026-07-29 16:31:51 PulseDaemon: cap write via daemon (2 node(s))
2026-07-29 16:31:51 PulseDaemon: cap write via daemon (3 node(s))
2026-07-29 16:31:51 PulseDaemon: cap write via daemon (2 node(s))
2026-07-29 16:31:53 PulseDaemon: telemetry read via daemon (16 path(s))
2026-07-29 16:31:54 PulseDaemon: telemetry read via daemon (16 path(s))
2026-07-29 16:31:54 PulseDaemon: cap write via daemon (7 node(s))
2026-07-29 16:31:54 PulseAutoTdp: tgt=90 fps=63.3 jank=0 tail=22ms act=RAISE bn=CPU cpuB=14 cpuPk=55 primePk=55 io=0 gpuB=38 gpuL=8 capped=1 prk=0 stl=0 draw=4.63W cT=58 gT=53 caps%[0:85,2:95,5:40,7:45,-100:95] curMHz[0:460,2:2035,5:1190,7:480] gpu=231 gcap=1000[1/13] lrn=100
2026-07-29 16:31:54 PulseDaemon: cap write via daemon (2 node(s))
2026-07-29 16:31:55 PulseDaemon: cap write via daemon (3 node(s))
2026-07-29 16:31:55 PulseDaemon: cap write via daemon (2 node(s))
2026-07-29 16:31:56 PulseDaemon: telemetry read via daemon (16 path(s))
2026-07-29 16:31:57 PulseDaemon: telemetry read via daemon (16 path(s))
2026-07-29 16:31:58 PulseDaemon: cap write via daemon (7 node(s))
2026-07-29 16:31:58 PulseAutoTdp: tgt=90 fps=61.2 jank=0 tail=22ms act=RAISE bn=- cpuB=21 cpuPk=54 primePk=54 io=0 gpuB=39 gpuL=8 capped=1 prk=0 stl=0 draw=5.51W cT=58 gT=53 caps%[0:85,2:95,5:40,7:45,-100:100] curMHz[0:1017,2:2438,5:1190,7:1363] gpu=231 gcap=1000[1/13] lrn=100
2026-07-29 16:31:58 PulseDaemon: cap write via daemon (2 node(s))
2026-07-29 16:31:58 PulseDaemon: cap write via daemon (3 node(s))
2026-07-29 16:31:59 PulseDaemon: telemetry read via daemon (16 path(s))
2026-07-29 16:32:01 PulseDaemon: telemetry read via daemon (16 path(s))
2026-07-29 16:32:01 PulseDaemon: cap write via daemon (7 node(s))
2026-07-29 16:32:01 PulseAutoTdp: AUTOTDP-SESSION tgt=90 bias=BALANCED wattCap=0 policies=0:2265600:0,1;2:3148800:2,3,4;5:2956800:5,6;7:3052800:7;-100:1050000:
2026-07-29 16:32:01 PulseAutoTdp: tgt=90 fps=60.1 jank=0 tail=22ms act=TRIM bn=- cpuB=22 cpuPk=51 primePk=47 io=0 gpuB=41 gpuL=9 capped=1 prk=0 stl=0 draw=5.26W cT=58 gT=53 caps%[0:85,2:95,5:40,7:45,-100:95] curMHz[0:1248,2:2188,5:1190,7:1363] gpu=231 gcap=1050[0/13] lrn=100
2026-07-29 16:32:01 PulseDaemon: cap write via daemon (2 node(s))
2026-07-29 16:32:01 PulseDaemon: cap write via daemon (3 node(s))
2026-07-29 16:32:01 PulseDaemon: cap write via daemon (2 node(s))
2026-07-29 16:32:03 PulseDaemon: telemetry read via daemon (16 path(s))
2026-07-29 16:32:04 PulseDaemon: telemetry read via daemon (16 path(s))
2026-07-29 16:32:04 PulseDaemon: cap write via daemon (7 node(s))
2026-07-29 16:32:04 PulseAutoTdp: tgt=90 fps=60.4 jank=0 tail=22ms act=RAISE bn=- cpuB=16 cpuPk=59 primePk=59 io=0 gpuB=34 gpuL=7 capped=1 prk=0 stl=0 draw=4.56W cT=57 gT=52 caps%[0:85,2:95,5:40,7:45,-100:100] curMHz[0:364,2:2131,5:1190,7:480] gpu=231 gcap=1000[1/13] lrn=100
2026-07-29 16:32:04 PulseDaemon: cap write via daemon (2 node(s))
2026-07-29 16:32:05 PulseDaemon: cap write via daemon (3 node(s))
2026-07-29 16:32:06 PulseDaemon: telemetry read via daemon (16 path(s))
2026-07-29 16:32:07 PulseDaemon: telemetry read via daemon (16 path(s))
2026-07-29 16:32:08 PulseDaemon: cap write via daemon (7 node(s))
2026-07-29 16:32:08 PulseAutoTdp: tgt=90 fps=55.3 jank=0 tail=22ms act=TRIM bn=CPU cpuB=16 cpuPk=91 primePk=60 io=0 gpuB=41 gpuL=9 capped=2 prk=0 stl=0 draw=5.02W cT=59 gT=53 caps%[0:85,2:95,5:40,7:45,-100:95] curMHz[0:364,2:2380,5:499,7:1363] gpu=231 gcap=1050[0/13] lrn=100
2026-07-29 16:32:08 PulseDaemon: cap write via daemon (2 node(s))
2026-07-29 16:32:08 PulseDaemon: cap write via daemon (3 node(s))
2026-07-29 16:32:08 PulseDaemon: cap write via daemon (2 node(s))
2026-07-29 16:32:09 PulseDaemon: telemetry read via daemon (16 path(s))
2026-07-29 16:32:10 PulseDaemon: telemetry read via daemon (16 path(s))
2026-07-29 16:32:11 PulseDaemon: cap write via daemon (7 node(s))
2026-07-29 16:32:11 PulseAutoTdp: tgt=90 fps=59.1 jank=1 tail=33ms act=RAISE bn=CPU cpuB=18 cpuPk=98 primePk=28 io=0 gpuB=40 gpuL=8 capped=2 prk=0 stl=0 draw=5.59W cT=60 gT=53 caps%[0:85,2:95,5:40,7:50,-100:95] curMHz[0:364,2:2764,5:1190,7:1363] gpu=231 gcap=1000[1/13] lrn=100
2026-07-29 16:32:11 PulseDaemon: cap write via daemon (2 node(s))
2026-07-29 16:32:11 PulseDaemon: cap write via daemon (3 node(s))
2026-07-29 16:32:11 PulseDaemon: cap write via daemon (2 node(s))
2026-07-29 16:32:12 PulseDaemon: telemetry read via daemon (16 path(s))
2026-07-29 16:32:14 PulseDaemon: telemetry read via daemon (16 path(s))
2026-07-29 16:32:14 PulseDaemon: cap write via daemon (7 node(s))
2026-07-29 16:32:14 PulseAutoTdp: tgt=90 fps=60.3 jank=0 tail=22ms act=TRIM bn=- cpuB=23 cpuPk=52 primePk=52 io=0 gpuB=43 gpuL=9 capped=2 prk=0 stl=0 draw=5.81W cT=59 gT=53 caps%[0:85,2:95,5:40,7:45,-100:95] curMHz[0:1248,2:2515,5:1190,7:1478] gpu=231 gcap=1000[1/13] lrn=100
2026-07-29 16:32:14 PulseDaemon: cap write via daemon (2 node(s))
2026-07-29 16:32:14 PulseDaemon: cap write via daemon (3 node(s))
2026-07-29 16:32:14 PulseDaemon: cap write via daemon (2 node(s))
2026-07-29 16:32:16 PulseDaemon: telemetry read via daemon (16 path(s))
2026-07-29 16:32:17 PulseDaemon: telemetry read via daemon (16 path(s))
2026-07-29 16:32:17 PulseDaemon: cap write via daemon (7 node(s))
2026-07-29 16:32:18 PulseAutoTdp: tgt=90 fps=60.8 jank=0 tail=22ms act=RAISE bn=- cpuB=21 cpuPk=64 primePk=64 io=0 gpuB=34 gpuL=7 capped=2 prk=0 stl=0 draw=5.10W cT=57 gT=52 caps%[0:90,2:95,5:40,7:45,-100:95] curMHz[0:1248,2:2438,5:1190,7:480] mn/mx[0:364/1248,2:2438/2515,5:499/1190,7:480/1363] gpu=231 gcap=1000[1/13] lrn=100
2026-07-29 16:32:18 PulseDaemon: cap write via daemon (2 node(s))
2026-07-29 16:32:18 PulseDaemon: cap write via daemon (3 node(s))
2026-07-29 16:32:18 PulseDaemon: cap write via daemon (2 node(s))
2026-07-29 16:32:20 PulseDaemon: telemetry read via daemon (16 path(s))
2026-07-29 16:32:21 PulseDaemon: telemetry read via daemon (16 path(s))
2026-07-29 16:32:21 PulseDaemon: cap write via daemon (7 node(s))
2026-07-29 16:32:22 PulseAutoTdp: tgt=90 fps=60.6 jank=0 tail=22ms act=TRIM bn=- cpuB=19 cpuPk=60 primePk=60 io=0 gpuB=36 gpuL=7 capped=2 prk=0 stl=0 draw=4.27W cT=57 gT=53 caps%[0:85,2:95,5:40,7:45,-100:95] curMHz[0:460,2:2380,5:1190,7:1363] gpu=231 gcap=1000[1/13] lrn=100
2026-07-29 16:32:22 PulseDaemon: cap write via daemon (2 node(s))
2026-07-29 16:32:22 PulseDaemon: cap write via daemon (3 node(s))
2026-07-29 16:32:22 PulseDaemon: cap write via daemon (2 node(s))
2026-07-29 16:32:23 PulseDaemon: telemetry read via daemon (16 path(s))
2026-07-29 16:32:24 PulseDaemon: telemetry read via daemon (16 path(s))
2026-07-29 16:32:25 PulseDaemon: cap write via daemon (7 node(s))
2026-07-29 16:32:25 PulseAutoTdp: tgt=90 fps=55.8 jank=0 tail=22ms act=RAISE bn=CPU cpuB=22 cpuPk=95 primePk=50 io=0 gpuB=39 gpuL=8 capped=2 prk=0 stl=0 draw=5.44W cT=59 gT=53 caps%[0:85,2:95,5:40,7:50,-100:95] curMHz[0:1248,2:2515,5:1190,7:1363] gpu=231 gcap=1000[1/13] lrn=100
2026-07-29 16:32:25 PulseDaemon: cap write via daemon (2 node(s))
2026-07-29 16:32:25 PulseDaemon: cap write via daemon (3 node(s))
2026-07-29 16:32:25 PulseDaemon: cap write via daemon (2 node(s))
2026-07-29 16:32:26 PulseDaemon: telemetry read via daemon (16 path(s))
2026-07-29 16:32:28 PulseDaemon: telemetry read via daemon (16 path(s))
2026-07-29 16:32:28 PulseDaemon: cap write via daemon (7 node(s))
2026-07-29 16:32:28 PulseAutoTdp: tgt=90 fps=49.7 jank=0 tail=22ms act=TRIM bn=CPU cpuB=23 cpuPk=100 primePk=39 io=0 gpuB=37 gpuL=8 capped=2 prk=0 stl=0 draw=4.84W cT=61 gT=54 caps%[0:85,2:95,5:40,7:45,-100:95] curMHz[0:1248,2:2956,5:1190,7:1478] gpu=231 gcap=1000[1/13] lrn=100
2026-07-29 16:32:28 PulseDaemon: cap write via daemon (2 node(s))
2026-07-29 16:32:28 PulseDaemon: cap write via daemon (3 node(s))
2026-07-29 16:32:28 PulseDaemon: cap write via daemon (2 node(s))
2026-07-29 16:32:29 PulseDaemon: telemetry read via daemon (16 path(s))
2026-07-29 16:32:31 PulseDaemon: telemetry read via daemon (16 path(s))
2026-07-29 16:32:31 PulseDaemon: cap write via daemon (7 node(s))
2026-07-29 16:32:31 PulseAutoTdp: tgt=90 fps=64.2 jank=0 tail=22ms act=RAISE bn=- cpuB=15 cpuPk=49 primePk=48 io=0 gpuB=36 gpuL=7 capped=2 prk=0 stl=0 draw=3.80W cT=58 gT=53 caps%[0:90,2:95,5:40,7:45,-100:95] curMHz[0:556,2:2841,5:614,7:480] gpu=231 gcap=1000[1/13] lrn=100
2026-07-29 16:32:31 PulseDaemon: cap write via daemon (2 node(s))
2026-07-29 16:32:31 PulseDaemon: cap write via daemon (3 node(s))
2026-07-29 16:32:31 PulseDaemon: cap write via daemon (2 node(s))
2026-07-29 16:32:33 PulseDaemon: telemetry read via daemon (16 path(s))
2026-07-29 16:32:34 PulseDaemon: telemetry read via daemon (16 path(s))
2026-07-29 16:32:35 PulseDaemon: cap write via daemon (7 node(s))
2026-07-29 16:32:35 PulseAutoTdp: tgt=90 fps=60.6 jank=0 tail=22ms act=TRIM bn=CPU cpuB=21 cpuPk=70 primePk=70 io=0 gpuB=43 gpuL=9 capped=2 prk=0 stl=0 draw=4.97W cT=58 gT=52 caps%[0:85,2:95,5:40,7:45,-100:95] curMHz[0:672,2:2630,5:1190,7:480] gpu=231 gcap=1000[1/13] lrn=100
2026-07-29 16:32:35 PulseDaemon: cap write via daemon (2 node(s))
2026-07-29 16:32:35 PulseDaemon: cap write via daemon (3 node(s))
2026-07-29 16:32:35 PulseDaemon: cap write via daemon (2 node(s))
2026-07-29 16:32:36 PulseDaemon: telemetry read via daemon (16 path(s))
2026-07-29 16:32:38 PulseDaemon: telemetry read via daemon (16 path(s))
2026-07-29 16:32:38 PulseDaemon: cap write via daemon (7 node(s))
2026-07-29 16:32:38 PulseAutoTdp: tgt=90 fps=61.4 jank=0 tail=22ms act=RAISE bn=CPU cpuB=18 cpuPk=72 primePk=72 io=0 gpuB=35 gpuL=7 capped=2 prk=0 stl=0 draw=4.82W cT=58 gT=52 caps%[0:85,2:95,5:40,7:50,-100:95] curMHz[0:364,2:2438,5:1190,7:480] gpu=231 gcap=1000[1/13] lrn=100
2026-07-29 16:32:38 PulseDaemon: cap write via daemon (2 node(s))
2026-07-29 16:32:38 PulseDaemon: cap write via daemon (3 node(s))
2026-07-29 16:32:38 PulseDaemon: cap write via daemon (2 node(s))
2026-07-29 16:32:39 PulseDaemon: telemetry read via daemon (16 path(s))
2026-07-29 16:32:41 PulseDaemon: telemetry read via daemon (16 path(s))
2026-07-29 16:32:41 PulseDaemon: cap write via daemon (7 node(s))
2026-07-29 16:32:41 PulseAutoTdp: tgt=90 fps=60.3 jank=0 tail=22ms act=TRIM bn=CPU cpuB=17 cpuPk=56 primePk=56 io=0 gpuB=37 gpuL=8 capped=3 prk=0 stl=0 draw=4.91W cT=58 gT=52 caps%[0:85,2:95,5:40,7:45,-100:95] curMHz[0:556,2:2323,5:499,7:1248] gpu=231 gcap=1000[1/13] lrn=100
2026-07-29 16:32:41 PulseDaemon: cap write via daemon (2 node(s))
2026-07-29 16:32:41 PulseDaemon: cap write via daemon (3 node(s))
2026-07-29 16:32:41 PulseDaemon: cap write via daemon (2 node(s))
2026-07-29 16:32:43 PulseDaemon: telemetry read via daemon (16 path(s))
2026-07-29 16:32:44 PulseDaemon: telemetry read via daemon (16 path(s))
2026-07-29 16:32:45 PulseDaemon: cap write via daemon (7 node(s))
2026-07-29 16:32:45 PulseAutoTdp: tgt=90 fps=59.6 jank=0 tail=22ms act=RAISE bn=CPU cpuB=18 cpuPk=80 primePk=80 io=0 gpuB=41 gpuL=9 capped=3 prk=0 stl=0 draw=5.09W cT=59 gT=53 caps%[0:85,2:95,5:45,7:45,-100:95] curMHz[0:460,2:2438,5:499,7:1363] gpu=231 gcap=1000[1/13] lrn=100
2026-07-29 16:32:45 PulseDaemon: cap write via daemon (2 node(s))
2026-07-29 16:32:45 PulseDaemon: cap write via daemon (3 node(s))
2026-07-29 16:32:45 PulseDaemon: cap write via daemon (2 node(s))
2026-07-29 16:32:46 PulseDaemon: telemetry read via daemon (16 path(s))
2026-07-29 16:32:47 PulseDaemon: telemetry read via daemon (16 path(s))
2026-07-29 16:32:48 PulseDaemon: cap write via daemon (7 node(s))
2026-07-29 16:32:48 PulseAutoTdp: tgt=90 fps=50.9 jank=0 tail=22ms act=TRIM bn=CPU cpuB=18 cpuPk=100 primePk=76 io=0 gpuB=39 gpuL=8 capped=3 prk=0 stl=0 draw=5.01W cT=60 gT=53 caps%[0:85,2:95,5:40,7:45,-100:95] curMHz[0:460,2:2841,5:1286,7:1363] gpu=231 gcap=1000[1/13] lrn=100
2026-07-29 16:32:48 PulseDaemon: cap write via daemon (2 node(s))
2026-07-29 16:32:48 PulseDaemon: cap write via daemon (3 node(s))
2026-07-29 16:32:48 PulseDaemon: cap write via daemon (2 node(s))
2026-07-29 16:32:49 PulseDaemon: telemetry read via daemon (16 path(s))
2026-07-29 16:32:51 PulseDaemon: telemetry read via daemon (16 path(s))
2026-07-29 16:32:51 PulseDaemon: cap write via daemon (7 node(s))
2026-07-29 16:32:51 PulseAutoTdp: AUTOTDP-SESSION tgt=90 bias=BALANCED wattCap=0 policies=0:2265600:0,1;2:3148800:2,3,4;5:2956800:5,6;7:3052800:7;-100:1050000:
2026-07-29 16:32:52 PulseAutoTdp: tgt=90 fps=63.8 jank=0 tail=22ms act=RAISE bn=- cpuB=19 cpuPk=54 primePk=54 io=0 gpuB=35 gpuL=7 capped=0 prk=0 stl=0 draw=5.12W cT=59 gT=53 caps%[0:85,2:95,5:40,7:45,-100:100] curMHz[0:1132,2:2841,5:1190,7:480] mn/mx[0:364/1248,2:2707/2764,5:499/1190,7:480/1363] gpu=231 gcap=1000[1/13] lrn=100
2026-07-29 16:32:52 PulseDaemon: cap write via xsu fallback (2 node(s), ~413 chars, chunked)
2026-07-29 16:32:52 PulseDaemon: cap write via daemon (3 node(s))
2026-07-29 16:32:54 PulseDaemon: telemetry read via daemon (16 path(s))
2026-07-29 16:32:55 PulseDaemon: telemetry read via daemon (16 path(s))
2026-07-29 16:32:55 PulseDaemon: cap write via daemon (7 node(s))
2026-07-29 16:32:55 PulseAutoTdp: tgt=90 fps=60.8 jank=0 tail=22ms act=TRIM bn=- cpuB=17 cpuPk=60 primePk=60 io=0 gpuB=36 gpuL=7 capped=0 prk=0 stl=0 draw=3.83W cT=57 gT=52 caps%[0:85,2:95,5:40,7:45,-100:95] curMHz[0:556,2:2515,5:1190,7:480] gpu=231 gcap=1050[0/13] lrn=100
2026-07-29 16:32:55 PulseDaemon: cap write via daemon (2 node(s))
2026-07-29 16:32:56 PulseDaemon: cap write via daemon (3 node(s))
2026-07-29 16:32:56 PulseDaemon: cap write via daemon (2 node(s))
2026-07-29 16:32:57 PulseDaemon: telemetry read via daemon (16 path(s))
2026-07-29 16:32:58 PulseDaemon: telemetry read via daemon (16 path(s))
2026-07-29 16:32:59 PulseDaemon: cap write via daemon (7 node(s))
2026-07-29 16:32:59 PulseAutoTdp: tgt=90 fps=60.6 jank=0 tail=22ms act=RAISE bn=CPU cpuB=20 cpuPk=69 primePk=69 io=0 gpuB=45 gpuL=9 capped=0 prk=0 stl=0 draw=3.92W cT=57 gT=53 caps%[0:85,2:100,5:40,7:45,-100:95] curMHz[0:902,2:2380,5:1190,7:480] gpu=231 gcap=1000[1/13] lrn=100
2026-07-29 16:32:59 PulseDaemon: cap write via daemon (3 node(s))
2026-07-29 16:32:59 PulseDaemon: cap write via daemon (2 node(s))
2026-07-29 16:33:00 PulseDaemon: telemetry read via daemon (16 path(s))
2026-07-29 16:33:02 PulseDaemon: telemetry read via daemon (16 path(s))
2026-07-29 16:33:02 PulseDaemon: cap write via daemon (7 node(s))
2026-07-29 16:33:02 PulseAutoTdp: tgt=90 fps=60.6 jank=0 tail=22ms act=TRIM bn=CPU cpuB=19 cpuPk=79 primePk=79 io=0 gpuB=37 gpuL=8 capped=0 prk=0 stl=0 draw=4.63W cT=57 gT=52 caps%[0:85,2:95,5:40,7:45,-100:95] curMHz[0:364,2:2246,5:1190,7:480] gpu=231 gcap=1000[1/13] lrn=100
2026-07-29 16:33:02 PulseDaemon: cap write via daemon (2 node(s))
2026-07-29 16:33:02 PulseDaemon: cap write via daemon (3 node(s))
2026-07-29 16:33:02 PulseDaemon: cap write via daemon (2 node(s))
2026-07-29 16:33:04 PulseDaemon: telemetry read via daemon (16 path(s))
2026-07-29 16:33:05 PulseDaemon: telemetry read via daemon (16 path(s))
2026-07-29 16:33:05 PulseDaemon: cap write via daemon (7 node(s))
2026-07-29 16:33:05 PulseAutoTdp: tgt=90 fps=60.6 jank=0 tail=22ms act=RAISE bn=CPU cpuB=22 cpuPk=73 primePk=73 io=0 gpuB=35 gpuL=7 capped=0 prk=0 stl=0 draw=4.37W cT=57 gT=52 caps%[0:85,2:100,5:40,7:45,-100:95] curMHz[0:1248,2:2246,5:1190,7:480] gpu=231 gcap=1000[1/13] lrn=100
2026-07-29 16:33:05 PulseDaemon: cap write via daemon (3 node(s))
2026-07-29 16:33:06 PulseDaemon: cap write via daemon (2 node(s))
2026-07-29 16:33:07 PulseDaemon: telemetry read via daemon (16 path(s))
2026-07-29 16:33:08 PulseDaemon: telemetry read via daemon (16 path(s))
2026-07-29 16:33:09 PulseDaemon: cap write via daemon (7 node(s))
2026-07-29 16:33:09 PulseAutoTdp: tgt=90 fps=63.2 jank=0 tail=22ms act=RAISE bn=CPU cpuB=17 cpuPk=68 primePk=68 io=0 gpuB=32 gpuL=7 capped=0 prk=0 stl=0 draw=4.75W cT=57 gT=52 caps%[0:85,2:100,5:40,7:50,-100:95] curMHz[0:556,2:2035,5:1190,7:480] gpu=231 gcap=1000[1/13] lrn=100
2026-07-29 16:33:09 PulseDaemon: cap write via daemon (3 node(s))
2026-07-29 16:33:09 PulseDaemon: cap write via daemon (2 node(s))
2026-07-29 16:33:10 PulseDaemon: telemetry read via daemon (16 path(s))
2026-07-29 16:33:12 PulseDaemon: telemetry read via daemon (16 path(s))
2026-07-29 16:33:12 PulseDaemon: cap write via xsu fallback (7 node(s), ~1323 chars, chunked)
2026-07-29 16:33:12 PulseAutoTdp: tgt=90 fps=60.6 jank=0 tail=22ms act=TRIM bn=CPU cpuB=15 cpuPk=65 primePk=65 io=0 gpuB=34 gpuL=7 capped=0 prk=0 stl=0 draw=4.31W cT=55 gT=52 caps%[0:85,2:100,5:40,7:45,-100:95] curMHz[0:556,2:1920,5:1190,7:480] gpu=231 gcap=1000[1/13] lrn=100
2026-07-29 16:33:12 PulseDaemon: cap write via daemon (3 node(s))
2026-07-29 16:33:12 PulseDaemon: cap write via daemon (2 node(s))
2026-07-29 16:33:14 PulseDaemon: telemetry read via daemon (16 path(s))
2026-07-29 16:33:15 PulseDaemon: telemetry read via daemon (16 path(s))
2026-07-29 16:33:16 PulseDaemon: cap write via daemon (7 node(s))
2026-07-29 16:33:16 PulseAutoTdp: tgt=90 fps=60.1 jank=0 tail=22ms act=RAISE bn=CPU cpuB=16 cpuPk=65 primePk=65 io=0 gpuB=34 gpuL=7 capped=0 prk=0 stl=0 draw=3.84W cT=55 gT=52 caps%[0:85,2:100,5:40,7:50,-100:95] curMHz[0:672,2:1824,5:1190,7:480] gpu=231 gcap=1000[1/13] lrn=100
2026-07-29 16:33:16 PulseDaemon: cap write via daemon (3 node(s))
2026-07-29 16:33:16 PulseDaemon: cap write via daemon (2 node(s))
2026-07-29 16:33:17 PulseDaemon: telemetry read via daemon (16 path(s))
2026-07-29 16:33:19 PulseDaemon: telemetry read via daemon (16 path(s))
2026-07-29 16:33:19 PulseDaemon: cap write via daemon (7 node(s))
2026-07-29 16:33:19 PulseAutoTdp: tgt=90 fps=60.6 jank=0 tail=22ms act=TRIM bn=CPU cpuB=19 cpuPk=70 primePk=70 io=0 gpuB=33 gpuL=7 capped=0 prk=0 stl=0 draw=4.29W cT=55 gT=52 caps%[0:85,2:100,5:40,7:45,-100:95] curMHz[0:1248,2:1708,5:1190,7:480] gpu=231 gcap=1000[1/13] lrn=100
2026-07-29 16:33:19 PulseDaemon: cap write via daemon (3 node(s))
2026-07-29 16:33:19 PulseDaemon: cap write via daemon (2 node(s))
2026-07-29 16:33:20 PulseDaemon: telemetry read via daemon (16 path(s))
2026-07-29 16:33:22 PulseDaemon: telemetry read via daemon (16 path(s))
2026-07-29 16:33:22 PulseAutoTdp: tgt=90 fps=59.0 jank=1 tail=58ms act=RAISE bn=CPU cpuB=17 cpuPk=59 primePk=59 io=0 gpuB=32 gpuL=7 capped=0 prk=0 stl=0 draw=3.70W cT=54 gT=51 caps%[0:85,2:100,5:40,7:50,-100:95] curMHz[0:1248,2:1612,5:1190,7:480] gpu=231 gcap=1000[1/13] lrn=100
2026-07-29 16:33:22 PulseDaemon: cap write via daemon (3 node(s))
2026-07-29 16:33:22 PulseDaemon: cap write via daemon (2 node(s))
2026-07-29 16:33:24 PulseDaemon: telemetry read via daemon (16 path(s))
2026-07-29 16:33:25 PulseDaemon: telemetry read via daemon (16 path(s))
2026-07-29 16:33:26 PulseDaemon: cap write via daemon (7 node(s))
2026-07-29 16:33:26 PulseAutoTdp: tgt=90 fps=60.4 jank=0 tail=22ms act=TRIM bn=CPU cpuB=11 cpuPk=56 primePk=56 io=0 gpuB=23 gpuL=5 capped=1 prk=0 stl=0 draw=3.99W cT=53 gT=50 caps%[0:85,2:100,5:40,7:45,-100:95] curMHz[0:556,2:1401,5:1190,7:1478] mn/mx[0:364/1248,2:1401/1497,5:499/1190,7:480/1363] gpu=231 gcap=1000[1/13] lrn=100
2026-07-29 16:33:26 PulseDaemon: cap write via daemon (3 node(s))
2026-07-29 16:33:27 PulseDaemon: cap write via daemon (2 node(s))
2026-07-29 16:33:28 PulseDaemon: telemetry read via daemon (16 path(s))
2026-07-29 16:33:29 PulseDaemon: telemetry read via daemon (16 path(s))
2026-07-29 16:33:30 PulseDaemon: cap write via daemon (7 node(s))
2026-07-29 16:33:30 PulseAutoTdp: tgt=90 fps=60.4 jank=0 tail=22ms act=RAISE bn=- cpuB=14 cpuPk=48 primePk=40 io=0 gpuB=27 gpuL=5 capped=1 prk=0 stl=0 draw=2.62W cT=53 gT=50 caps%[0:85,2:100,5:40,7:45,-100:100] curMHz[0:1248,2:1401,5:1190,7:480] gpu=231 gcap=1000[1/13] lrn=100
2026-07-29 16:33:30 PulseDaemon: cap write via daemon (3 node(s))
2026-07-29 16:33:31 PulseDaemon: telemetry read via daemon (16 path(s))
2026-07-29 16:33:33 PulseDaemon: telemetry read via daemon (16 path(s))
2026-07-29 16:33:33 PulseDaemon: cap write via daemon (7 node(s))
2026-07-29 16:33:33 PulseAutoTdp: tgt=90 fps=60.6 jank=0 tail=22ms act=TRIM bn=- cpuB=12 cpuPk=52 primePk=50 io=0 gpuB=37 gpuL=8 capped=1 prk=0 stl=0 draw=3.98W cT=53 gT=51 caps%[0:85,2:100,5:40,7:45,-100:95] curMHz[0:902,2:844,5:1190,7:480] gpu=231 gcap=1050[0/13] lrn=100
2026-07-29 16:33:33 PulseDaemon: cap write via daemon (3 node(s))
2026-07-29 16:33:33 PulseDaemon: cap write via daemon (2 node(s))
2026-07-29 16:33:34 PulseDaemon: telemetry read via daemon (16 path(s))
2026-07-29 16:33:36 PulseDaemon: telemetry read via daemon (16 path(s))
2026-07-29 16:33:36 PulseDaemon: cap write via daemon (7 node(s))
2026-07-29 16:33:36 PulseAutoTdp: tgt=90 fps=47.7 jank=2 tail=90ms act=RAISE bn=- cpuB=14 cpuPk=52 primePk=5 io=0 gpuB=0 gpuL=0 capped=1 prk=0 stl=0 draw=2.20W cT=51 gT=49 caps%[0:85,2:100,5:40,7:45,-100:100] curMHz[0:1920,2:2899,5:1190,7:480] gpu=231 gcap=1000[1/13] lrn=100
2026-07-29 16:33:36 PulseDaemon: cap write via daemon (3 node(s))
2026-07-29 16:33:37 PulseDaemon: telemetry read via daemon (16 path(s))
2026-07-29 16:33:39 PulseDaemon: telemetry read via daemon (16 path(s))
2026-07-29 16:33:39 PulseDaemon: cap write via daemon (7 node(s))
2026-07-29 16:33:39 PulseAutoTdp: tgt=90 fps=60.3 jank=0 tail=22ms act=RAISE bn=- cpuB=11 cpuPk=60 primePk=60 io=0 gpuB=20 gpuL=4 capped=1 prk=0 stl=0 draw=3.17W cT=53 gT=49 caps%[0:90,2:100,5:40,7:45,-100:100] curMHz[0:460,2:960,5:1190,7:480] gpu=231 gcap=1050[0/13] lrn=100
2026-07-29 16:33:39 PulseDaemon: cap write via daemon (3 node(s))
2026-07-29 16:33:41 PulseDaemon: telemetry read via daemon (16 path(s))
2026-07-29 16:33:42 PulseDaemon: telemetry read via daemon (16 path(s))
2026-07-29 16:33:42 PulseDaemon: cap write via daemon (7 node(s))
2026-07-29 16:33:42 PulseAutoTdp: AUTOTDP-SESSION tgt=90 bias=BALANCED wattCap=0 policies=0:2265600:0,1;2:3148800:2,3,4;5:2956800:5,6;7:3052800:7;-100:1050000:
2026-07-29 16:33:42 PulseAutoTdp: tgt=90 fps=60.6 jank=0 tail=22ms act=RAISE bn=- cpuB=14 cpuPk=56 primePk=56 io=0 gpuB=21 gpuL=4 capped=1 prk=0 stl=0 draw=3.74W cT=53 gT=50 caps%[0:95,2:100,5:40,7:45,-100:100] curMHz[0:1248,2:844,5:1190,7:480] gpu=231 gcap=1050[0/13] lrn=100
2026-07-29 16:33:43 PulseDaemon: cap write via daemon (3 node(s))
2026-07-29 16:33:44 PulseDaemon: telemetry read via daemon (16 path(s))
2026-07-29 16:33:45 PulseDaemon: telemetry read via daemon (16 path(s))
2026-07-29 16:33:46 PulseDaemon: cap write via daemon (7 node(s))
2026-07-29 16:33:46 PulseAutoTdp: tgt=90 fps=60.6 jank=0 tail=22ms act=TRIM bn=- cpuB=12 cpuPk=57 primePk=53 io=0 gpuB=23 gpuL=5 capped=1 prk=0 stl=0 draw=3.20W cT=53 gT=50 caps%[0:90,2:100,5:40,7:45,-100:100] curMHz[0:1017,2:1075,5:499,7:480] gpu=231 gcap=1050[0/13] lrn=100
2026-07-29 16:33:46 PulseDaemon: cap write via daemon (3 node(s))
2026-07-29 16:33:47 PulseDaemon: telemetry read via daemon (16 path(s))
2026-07-29 16:33:48 PulseDaemon: telemetry read via daemon (16 path(s))
2026-07-29 16:33:49 PulseDaemon: cap write via daemon (7 node(s))
2026-07-29 16:33:49 PulseAutoTdp: tgt=90 fps=60.1 jank=1 tail=33ms act=RAISE bn=- cpuB=9 cpuPk=58 primePk=23 io=0 gpuB=17 gpuL=3 capped=1 prk=0 stl=0 draw=2.97W cT=51 gT=49 caps%[0:95,2:100,5:40,7:45,-100:100] curMHz[0:460,2:844,5:1190,7:480] gpu=231 gcap=1050[0/13] lrn=100
2026-07-29 16:33:50 PulseDaemon: telemetry read via daemon (16 path(s))
2026-07-29 16:33:52 PulseDaemon: telemetry read via daemon (16 path(s))
2026-07-29 16:33:52 PulseDaemon: cap write via daemon (7 node(s))
2026-07-29 16:33:52 PulseAutoTdp: tgt=90 fps=60.6 jank=0 tail=22ms act=TRIM bn=- cpuB=11 cpuPk=57 primePk=55 io=0 gpuB=20 gpuL=4 capped=1 prk=0 stl=0 draw=2.77W cT=52 gT=50 caps%[0:90,2:100,5:40,7:45,-100:100] curMHz[0:556,2:960,5:1190,7:480] gpu=231 gcap=1050[0/13] lrn=100
2026-07-29 16:33:52 PulseDaemon: cap write via daemon (3 node(s))
2026-07-29 16:33:53 PulseDaemon: telemetry read via daemon (16 path(s))
2026-07-29 16:33:55 PulseDaemon: telemetry read via daemon (16 path(s))
2026-07-29 16:33:55 PulseDaemon: cap write via daemon (7 node(s))
2026-07-29 16:33:55 PulseAutoTdp: tgt=90 fps=60.6 jank=1 tail=33ms act=RAISE bn=- cpuB=10 cpuPk=60 primePk=7 io=0 gpuB=22 gpuL=4 capped=1 prk=0 stl=0 draw=2.87W cT=51 gT=49 caps%[0:95,2:100,5:40,7:45,-100:100] curMHz[0:787,2:844,5:1190,7:480] gpu=231 gcap=1050[0/13] lrn=100
2026-07-29 16:33:55 PulseDaemon: cap write via daemon (3 node(s))
2026-07-29 16:33:57 PulseDaemon: telemetry read via daemon (16 path(s))
2026-07-29 16:33:58 PulseDaemon: telemetry read via daemon (16 path(s))
2026-07-29 16:33:58 PulseDaemon: cap write via daemon (7 node(s))
2026-07-29 16:33:59 PulseAutoTdp: tgt=90 fps=60.6 jank=0 tail=22ms act=TRIM bn=- cpuB=14 cpuPk=62 primePk=3 io=0 gpuB=19 gpuL=4 capped=2 prk=0 stl=0 draw=2.99W cT=51 gT=49 caps%[0:90,2:100,5:40,7:45,-100:100] curMHz[0:1248,2:729,5:1190,7:480] mn/mx[0:364/1248,2:729/1286,5:499/1190,7:480/1363] gpu=231 gcap=1050[0/13] lrn=100
2026-07-29 16:33:59 PulseDaemon: cap write via daemon (3 node(s))
2026-07-29 16:34:00 PulseDaemon: telemetry read via daemon (16 path(s))
2026-07-29 16:34:02 PulseDaemon: telemetry read via daemon (16 path(s))
2026-07-29 16:34:02 PulseDaemon: cap write via daemon (7 node(s))
2026-07-29 16:34:02 PulseAutoTdp: tgt=90 fps=60.9 jank=0 tail=22ms act=RAISE bn=- cpuB=11 cpuPk=51 primePk=38 io=0 gpuB=29 gpuL=6 capped=2 prk=0 stl=0 draw=3.45W cT=52 gT=49 caps%[0:90,2:100,5:45,7:45,-100:100] curMHz[0:672,2:1075,5:1190,7:480] gpu=231 gcap=1050[0/13] lrn=100
2026-07-29 16:34:02 PulseDaemon: cap write via daemon (3 node(s))
2026-07-29 16:34:04 PulseDaemon: telemetry read via daemon (16 path(s))
2026-07-29 16:34:05 PulseDaemon: telemetry read via daemon (16 path(s))
2026-07-29 16:34:05 PulseDaemon: cap write via daemon (7 node(s))
2026-07-29 16:34:05 PulseAutoTdp: tgt=90 fps=60.9 jank=0 tail=22ms act=TRIM bn=- cpuB=12 cpuPk=59 primePk=26 io=0 gpuB=29 gpuL=6 capped=2 prk=0 stl=0 draw=3.50W cT=51 gT=49 caps%[0:90,2:100,5:40,7:45,-100:100] curMHz[0:1248,2:960,5:614,7:480] gpu=231 gcap=1050[0/13] lrn=100
2026-07-29 16:34:05 PulseDaemon: cap write via xsu fallback (3 node(s), ~621 chars, chunked)
2026-07-29 16:34:07 PulseDaemon: telemetry read via daemon (16 path(s))
2026-07-29 16:34:08 PulseDaemon: telemetry read via daemon (16 path(s))
2026-07-29 16:34:09 PulseDaemon: cap write via daemon (7 node(s))
2026-07-29 16:34:09 PulseAutoTdp: tgt=90 fps=60.3 jank=1 tail=33ms act=RAISE bn=- cpuB=11 cpuPk=54 primePk=8 io=0 gpuB=21 gpuL=4 capped=2 prk=0 stl=0 draw=3.55W cT=51 gT=49 caps%[0:90,2:100,5:45,7:45,-100:100] curMHz[0:1017,2:729,5:1190,7:480] gpu=231 gcap=1050[0/13] lrn=100
2026-07-29 16:34:09 PulseDaemon: cap write via daemon (3 node(s))
2026-07-29 16:34:10 PulseDaemon: telemetry read via daemon (16 path(s))
2026-07-29 16:34:11 PulseDaemon: telemetry read via daemon (16 path(s))
2026-07-29 16:34:12 PulseDaemon: cap write via daemon (7 node(s))
2026-07-29 16:34:12 PulseAutoTdp: tgt=90 fps=60.4 jank=0 tail=22ms act=TRIM bn=- cpuB=10 cpuPk=57 primePk=10 io=0 gpuB=22 gpuL=4 capped=3 prk=0 stl=0 draw=3.52W cT=51 gT=48 caps%[0:90,2:100,5:40,7:45,-100:100] curMHz[0:787,2:1075,5:1286,7:480] gpu=231 gcap=1050[0/13] lrn=100
2026-07-29 16:34:12 PulseDaemon: cap write via daemon (3 node(s))
2026-07-29 16:34:13 PulseDaemon: telemetry read via daemon (16 path(s))
2026-07-29 16:34:15 PulseDaemon: telemetry read via daemon (16 path(s))
2026-07-29 16:34:15 PulseDaemon: cap write via daemon (7 node(s))
2026-07-29 16:34:15 PulseAutoTdp: tgt=90 fps=60.6 jank=1 tail=33ms act=TRIM bn=- cpuB=14 cpuPk=57 primePk=24 io=0 gpuB=34 gpuL=7 capped=5 prk=0 stl=0 draw=3.29W cT=51 gT=50 caps%[0:90,2:95,5:40,7:45,-100:100] curMHz[0:1248,2:729,5:1190,7:480] gpu=231 gcap=1050[0/13] lrn=100
2026-07-29 16:34:15 PulseDaemon: cap write via daemon (2 node(s))
2026-07-29 16:34:15 PulseDaemon: cap write via daemon (3 node(s))
2026-07-29 16:34:16 PulseDaemon: telemetry read via daemon (16 path(s))
2026-07-29 16:34:18 PulseDaemon: telemetry read via daemon (16 path(s))
2026-07-29 16:34:18 PulseDaemon: cap write via daemon (7 node(s))
2026-07-29 16:34:18 PulseAutoTdp: tgt=90 fps=60.6 jank=0 tail=22ms act=TRIM bn=- cpuB=14 cpuPk=57 primePk=17 io=0 gpuB=35 gpuL=7 capped=5 prk=0 stl=0 draw=2.87W cT=51 gT=50 caps%[0:90,2:90,5:40,7:45,-100:100] curMHz[0:1248,2:1286,5:1190,7:480] gpu=231 gcap=1050[0/13] lrn=100
2026-07-29 16:34:18 PulseDaemon: cap write via daemon (2 node(s))
2026-07-29 16:34:18 PulseDaemon: cap write via daemon (3 node(s))
2026-07-29 16:34:20 PulseDaemon: telemetry read via daemon (16 path(s))
2026-07-29 16:34:21 PulseDaemon: telemetry read via daemon (16 path(s))
2026-07-29 16:34:21 PulseDaemon: cap write via daemon (7 node(s))
2026-07-29 16:34:21 PulseAutoTdp: tgt=90 fps=60.6 jank=0 tail=22ms act=TRIM bn=- cpuB=13 cpuPk=51 primePk=18 io=0 gpuB=33 gpuL=7 capped=5 prk=0 stl=0 draw=3.95W cT=51 gT=50 caps%[0:90,2:85,5:40,7:45,-100:100] curMHz[0:1017,2:1286,5:1190,7:480] gpu=231 gcap=1050[0/13] lrn=100
2026-07-29 16:34:21 PulseDaemon: cap write via daemon (2 node(s))
2026-07-29 16:34:22 PulseDaemon: cap write via daemon (3 node(s))
2026-07-29 16:34:23 PulseDaemon: telemetry read via daemon (16 path(s))
2026-07-29 16:34:24 PulseDaemon: telemetry read via daemon (16 path(s))
2026-07-29 16:34:24 PulseDaemon: cap write via daemon (7 node(s))
2026-07-29 16:34:24 PulseAutoTdp: tgt=90 fps=60.6 jank=1 tail=66ms act=TRIM bn=- cpuB=11 cpuPk=51 primePk=40 io=0 gpuB=35 gpuL=7 capped=5 prk=0 stl=0 draw=3.12W cT=52 gT=50 caps%[0:90,2:85,5:40,7:40,-100:100] curMHz[0:1248,2:844,5:499,7:1363] gpu=231 gcap=1050[0/13] lrn=100
2026-07-29 16:34:25 PulseDaemon: cap write via daemon (2 node(s))
2026-07-29 16:34:25 PulseDaemon: cap write via daemon (3 node(s))
2026-07-29 16:34:26 PulseDaemon: telemetry read via daemon (16 path(s))
2026-07-29 16:34:27 PulseDaemon: telemetry read via daemon (16 path(s))
2026-07-29 16:34:28 PulseDaemon: cap write via daemon (7 node(s))
2026-07-29 16:34:28 PulseAutoTdp: tgt=90 fps=60.9 jank=0 tail=22ms act=TRIM bn=- cpuB=12 cpuPk=52 primePk=39 io=0 gpuB=35 gpuL=7 capped=5 prk=0 stl=0 draw=3.61W cT=52 gT=49 caps%[0:90,2:85,5:40,7:35,-100:100] curMHz[0:672,2:1286,5:1190,7:480] gpu=231 gcap=1050[0/13] lrn=100
2026-07-29 16:34:28 PulseDaemon: cap write via daemon (2 node(s))
2026-07-29 16:34:28 PulseDaemon: cap write via daemon (3 node(s))
2026-07-29 16:34:29 PulseDaemon: telemetry read via daemon (16 path(s))
2026-07-29 16:34:31 PulseDaemon: telemetry read via daemon (16 path(s))
2026-07-29 16:34:31 PulseDaemon: cap write via daemon (7 node(s))
2026-07-29 16:34:31 PulseAutoTdp: AUTOTDP-SESSION tgt=90 bias=BALANCED wattCap=0 policies=0:2265600:0,1;2:3148800:2,3,4;5:2956800:5,6;7:3052800:7;-100:1050000:
2026-07-29 16:34:32 PulseAutoTdp: tgt=90 fps=60.6 jank=0 tail=22ms act=RAISE bn=- cpuB=10 cpuPk=59 primePk=17 io=0 gpuB=30 gpuL=6 capped=0 prk=0 stl=0 draw=3.09W cT=51 gT=50 caps%[0:95,2:85,5:40,7:35,-100:100] curMHz[0:556,2:1286,5:1190,7:480] mn/mx[0:364/1248,2:844/1286,5:499/1190,7:480/1017] gpu=231 gcap=1050[0/13] lrn=100
2026-07-29 16:34:32 PulseDaemon: cap write via daemon (2 node(s))
2026-07-29 16:34:32 PulseDaemon: cap write via daemon (3 node(s))
2026-07-29 16:34:33 PulseDaemon: telemetry read via daemon (16 path(s))
2026-07-29 16:34:35 PulseDaemon: telemetry read via daemon (16 path(s))
2026-07-29 16:34:35 PulseDaemon: cap write via daemon (7 node(s))
2026-07-29 16:34:35 PulseAutoTdp: tgt=90 fps=60.4 jank=0 tail=22ms act=TRIM bn=CPU cpuB=14 cpuPk=71 primePk=71 io=0 gpuB=43 gpuL=9 capped=0 prk=0 stl=0 draw=3.32W cT=53 gT=50 caps%[0:90,2:85,5:40,7:35,-100:100] curMHz[0:672,2:1286,5:1190,7:480] gpu=231 gcap=1050[0/13] lrn=100
2026-07-29 16:34:35 PulseDaemon: cap write via daemon (2 node(s))
2026-07-29 16:34:35 PulseDaemon: cap write via daemon (3 node(s))
2026-07-29 16:34:37 PulseDaemon: telemetry read via daemon (16 path(s))
2026-07-29 16:34:38 PulseDaemon: telemetry read via daemon (16 path(s))
2026-07-29 16:34:38 PulseDaemon: cap write via daemon (7 node(s))
2026-07-29 16:34:38 PulseAutoTdp: tgt=90 fps=60.9 jank=0 tail=22ms act=RAISE bn=CPU cpuB=17 cpuPk=64 primePk=64 io=0 gpuB=45 gpuL=9 capped=0 prk=0 stl=0 draw=3.63W cT=53 gT=50 caps%[0:90,2:90,5:40,7:35,-100:100] curMHz[0:902,2:1401,5:1190,7:480] gpu=231 gcap=1050[0/13] lrn=100
2026-07-29 16:34:39 PulseDaemon: cap write via daemon (2 node(s))
2026-07-29 16:34:39 PulseDaemon: cap write via daemon (3 node(s))
2026-07-29 16:34:40 PulseDaemon: telemetry read via daemon (16 path(s))
2026-07-29 16:34:41 PulseDaemon: telemetry read via daemon (16 path(s))
2026-07-29 16:34:42 PulseDaemon: cap write via daemon (7 node(s))
2026-07-29 16:34:42 PulseAutoTdp: tgt=90 fps=60.9 jank=0 tail=22ms act=TRIM bn=CPU cpuB=17 cpuPk=79 primePk=79 io=0 gpuB=44 gpuL=9 capped=0 prk=0 stl=0 draw=4.62W cT=53 gT=50 caps%[0:90,2:85,5:40,7:35,-100:100] curMHz[0:787,2:1401,5:1190,7:480] gpu=231 gcap=1050[0/13] lrn=100
2026-07-29 16:34:42 PulseDaemon: cap write via daemon (2 node(s))
2026-07-29 16:34:42 PulseDaemon: cap write via daemon (3 node(s))
2026-07-29 16:34:43 PulseDaemon: telemetry read via daemon (16 path(s))
2026-07-29 16:34:45 PulseDaemon: telemetry read via daemon (16 path(s))
2026-07-29 16:34:45 PulseDaemon: cap write via daemon (7 node(s))
2026-07-29 16:34:45 PulseAutoTdp: tgt=90 fps=57.1 jank=2 tail=78ms act=RAISE bn=CPU cpuB=11 cpuPk=57 primePk=48 io=0 gpuB=49 gpuL=10 capped=0 prk=0 stl=0 draw=2.87W cT=51 gT=50 caps%[0:90,2:90,5:40,7:35,-100:100] curMHz[0:556,2:1190,5:1190,7:480] gpu=231 gcap=1050[0/13] lrn=100
2026-07-29 16:34:45 PulseDaemon: cap write via daemon (2 node(s))
2026-07-29 16:34:45 PulseDaemon: cap write via xsu fallback (3 node(s), ~621 chars, chunked)
2026-07-29 16:34:47 PulseDaemon: telemetry read via daemon (16 path(s))
2026-07-29 16:34:48 PulseDaemon: telemetry read via daemon (16 path(s))
2026-07-29 16:34:48 PulseDaemon: cap write via daemon (7 node(s))
2026-07-29 16:34:48 PulseAutoTdp: tgt=90 fps=61.5 jank=1 tail=58ms act=RAISE bn=CPU cpuB=11 cpuPk=59 primePk=59 io=0 gpuB=39 gpuL=8 capped=0 prk=0 stl=0 draw=3.38W cT=53 gT=50 caps%[0:90,2:95,5:40,7:35,-100:100] curMHz[0:460,2:1286,5:499,7:480] gpu=231 gcap=1050[0/13] lrn=100
2026-07-29 16:34:49 PulseDaemon: cap write via daemon (2 node(s))
2026-07-29 16:34:49 PulseDaemon: cap write via daemon (3 node(s))
2026-07-29 16:34:50 PulseDaemon: telemetry read via daemon (16 path(s))
2026-07-29 16:34:51 PulseDaemon: telemetry read via daemon (16 path(s))
2026-07-29 16:34:52 PulseDaemon: cap write via daemon (7 node(s))
2026-07-29 16:34:52 PulseAutoTdp: tgt=90 fps=60.9 jank=0 tail=22ms act=TRIM bn=- cpuB=16 cpuPk=51 primePk=51 io=0 gpuB=35 gpuL=7 capped=0 prk=0 stl=0 draw=3.49W cT=53 gT=50 caps%[0:90,2:90,5:40,7:35,-100:100] curMHz[0:1574,2:1612,5:1190,7:480] gpu=231 gcap=1050[0/13] lrn=100
2026-07-29 16:34:52 PulseDaemon: cap write via daemon (2 node(s))
2026-07-29 16:34:52 PulseDaemon: cap write via daemon (3 node(s))
2026-07-29 16:34:53 PulseDaemon: telemetry read via daemon (16 path(s))
2026-07-29 16:34:55 PulseDaemon: telemetry read via daemon (16 path(s))
2026-07-29 16:34:55 PulseDaemon: cap write via daemon (7 node(s))
2026-07-29 16:34:55 PulseAutoTdp: tgt=90 fps=60.8 jank=0 tail=22ms act=RAISE bn=- cpuB=11 cpuPk=53 primePk=53 io=0 gpuB=33 gpuL=7 capped=0 prk=0 stl=0 draw=3.97W cT=52 gT=50 caps%[0:95,2:90,5:40,7:35,-100:100] curMHz[0:787,2:960,5:1190,7:480] gpu=231 gcap=1050[0/13] lrn=100
2026-07-29 16:34:55 PulseDaemon: cap write via daemon (2 node(s))
2026-07-29 16:34:55 PulseDaemon: cap write via daemon (3 node(s))
2026-07-29 16:34:57 PulseDaemon: telemetry read via daemon (16 path(s))
2026-07-29 16:34:58 PulseDaemon: telemetry read via daemon (16 path(s))
2026-07-29 16:34:58 PulseDaemon: cap write via daemon (7 node(s))
2026-07-29 16:34:58 PulseAutoTdp: tgt=90 fps=60.6 jank=0 tail=22ms act=TRIM bn=- cpuB=12 cpuPk=55 primePk=55 io=0 gpuB=36 gpuL=7 capped=0 prk=0 stl=0 draw=3.92W cT=52 gT=50 caps%[0:90,2:90,5:40,7:35,-100:100] curMHz[0:672,2:1286,5:1190,7:480] gpu=231 gcap=1050[0/13] lrn=100
2026-07-29 16:34:58 PulseDaemon: cap write via daemon (2 node(s))
2026-07-29 16:34:58 PulseDaemon: cap write via daemon (3 node(s))
2026-07-29 16:35:00 PulseDaemon: telemetry read via daemon (16 path(s))
2026-07-29 16:35:01 PulseDaemon: telemetry read via daemon (16 path(s))
2026-07-29 16:35:02 PulseDaemon: cap write via daemon (7 node(s))
2026-07-29 16:35:02 PulseAutoTdp: tgt=90 fps=60.1 jank=1 tail=66ms act=RAISE bn=- cpuB=11 cpuPk=52 primePk=46 io=0 gpuB=34 gpuL=7 capped=0 prk=0 stl=0 draw=3.67W cT=53 gT=50 caps%[0:95,2:90,5:40,7:35,-100:100] curMHz[0:556,2:1075,5:1190,7:480] gpu=231 gcap=1050[0/13] lrn=100
2026-07-29 16:35:02 PulseDaemon: cap write via daemon (3 node(s))
2026-07-29 16:35:03 PulseDaemon: telemetry read via daemon (16 path(s))
2026-07-29 16:35:05 PulseDaemon: telemetry read via daemon (16 path(s))
2026-07-29 16:35:05 PulseDaemon: cap write via daemon (7 node(s))
2026-07-29 16:35:06 PulseAutoTdp: tgt=90 fps=60.2 jank=1 tail=58ms act=TRIM bn=- cpuB=10 cpuPk=49 primePk=46 io=0 gpuB=33 gpuL=7 capped=1 prk=0 stl=0 draw=2.81W cT=52 gT=50 caps%[0:90,2:90,5:40,7:35,-100:100] curMHz[0:460,2:1190,5:1190,7:480] mn/mx[0:364/1248,2:1075/1286,5:499/1190,7:480/1017] gpu=231 gcap=1050[0/13] lrn=100
2026-07-29 16:35:06 PulseDaemon: cap write via xsu fallback (2 node(s), ~413 chars, chunked)
2026-07-29 16:35:06 PulseDaemon: cap write via daemon (3 node(s))
2026-07-29 16:35:07 PulseDaemon: telemetry read via daemon (16 path(s))
2026-07-29 16:35:09 PulseDaemon: telemetry read via daemon (16 path(s))
2026-07-29 16:35:09 PulseDaemon: cap write via daemon (7 node(s))
2026-07-29 16:35:09 PulseAutoTdp: tgt=90 fps=60.4 jank=0 tail=22ms act=RAISE bn=CPU cpuB=15 cpuPk=66 primePk=66 io=0 gpuB=42 gpuL=9 capped=1 prk=0 stl=0 draw=3.96W cT=53 gT=50 caps%[0:90,2:95,5:40,7:35,-100:100] curMHz[0:787,2:1401,5:1190,7:480] gpu=231 gcap=1050[0/13] lrn=100
2026-07-29 16:35:09 PulseDaemon: cap write via daemon (2 node(s))
2026-07-29 16:35:09 PulseDaemon: cap write via daemon (3 node(s))
2026-07-29 16:35:11 PulseDaemon: telemetry read via daemon (16 path(s))
2026-07-29 16:35:12 PulseDaemon: telemetry read via daemon (16 path(s))
2026-07-29 16:35:12 PulseDaemon: cap write via daemon (7 node(s))
2026-07-29 16:35:12 PulseAutoTdp: tgt=90 fps=60.4 jank=0 tail=22ms act=TRIM bn=CPU cpuB=10 cpuPk=55 primePk=55 io=0 gpuB=32 gpuL=7 capped=1 prk=0 stl=0 draw=3.74W cT=52 gT=50 caps%[0:90,2:90,5:40,7:35,-100:100] curMHz[0:556,2:960,5:1190,7:480] gpu=231 gcap=1050[0/13] lrn=100
2026-07-29 16:35:13 PulseDaemon: cap write via daemon (2 node(s))
2026-07-29 16:35:13 PulseDaemon: cap write via daemon (3 node(s))
2026-07-29 16:35:14 PulseDaemon: telemetry read via daemon (16 path(s))
2026-07-29 16:35:15 PulseDaemon: telemetry read via daemon (16 path(s))
2026-07-29 16:35:16 PulseDaemon: cap write via daemon (7 node(s))
2026-07-29 16:35:16 PulseAutoTdp: tgt=90 fps=60.6 jank=0 tail=22ms act=RAISE bn=- cpuB=15 cpuPk=53 primePk=53 io=0 gpuB=44 gpuL=9 capped=1 prk=0 stl=0 draw=3.69W cT=52 gT=50 caps%[0:90,2:90,5:45,7:35,-100:100] curMHz[0:1248,2:960,5:1190,7:1017] gpu=231 gcap=1050[0/13] lrn=100
2026-07-29 16:35:16 PulseDaemon: cap write via daemon (2 node(s))
2026-07-29 16:35:16 PulseDaemon: cap write via daemon (3 node(s))
2026-07-29 16:35:17 PulseDaemon: telemetry read via daemon (16 path(s))
2026-07-29 16:35:19 PulseDaemon: telemetry read via daemon (16 path(s))
2026-07-29 16:35:19 PulseDaemon: cap write via daemon (7 node(s))
2026-07-29 16:35:19 PulseAutoTdp: tgt=90 fps=60.6 jank=0 tail=22ms act=TRIM bn=- cpuB=15 cpuPk=55 primePk=43 io=0 gpuB=25 gpuL=5 capped=1 prk=0 stl=0 draw=2.63W cT=52 gT=50 caps%[0:90,2:90,5:40,7:35,-100:100] curMHz[0:1248,2:1190,5:1286,7:480] gpu=231 gcap=1050[0/13] lrn=100
2026-07-29 16:35:19 PulseDaemon: cap write via daemon (2 node(s))
2026-07-29 16:35:19 PulseDaemon: cap write via daemon (3 node(s))
2026-07-29 16:35:20 PulseDaemon: telemetry read via daemon (16 path(s))
2026-07-29 16:35:22 PulseDaemon: telemetry read via daemon (16 path(s))
2026-07-29 16:35:22 PulseDaemon: cap write via daemon (7 node(s))
2026-07-29 16:35:22 PulseAutoTdp: AUTOTDP-SESSION tgt=90 bias=BALANCED wattCap=0 policies=0:2265600:0,1;2:3148800:2,3,4;5:2956800:5,6;7:3052800:7;-100:1050000:
2026-07-29 16:35:22 PulseAutoTdp: tgt=90 fps=60.6 jank=0 tail=22ms act=RAISE bn=- cpuB=15 cpuPk=51 primePk=45 io=0 gpuB=29 gpuL=6 capped=1 prk=0 stl=0 draw=3.61W cT=53 gT=50 caps%[0:90,2:90,5:45,7:35,-100:100] curMHz[0:1132,2:1286,5:1190,7:480] gpu=231 gcap=1050[0/13] lrn=100
2026-07-29 16:35:22 PulseDaemon: cap write via daemon (2 node(s))
2026-07-29 16:35:22 PulseDaemon: cap write via daemon (3 node(s))
2026-07-29 16:35:24 PulseDaemon: telemetry read via daemon (16 path(s))
2026-07-29 16:35:25 PulseDaemon: telemetry read via daemon (16 path(s))
2026-07-29 16:35:25 PulseDaemon: cap write via daemon (7 node(s))
2026-07-29 16:35:25 PulseAutoTdp: tgt=90 fps=56.6 jank=3 tail=78ms act=TRIM bn=- cpuB=12 cpuPk=38 primePk=38 io=0 gpuB=30 gpuL=6 capped=1 prk=0 stl=0 draw=3.10W cT=53 gT=50 caps%[0:90,2:90,5:40,7:35,-100:100] curMHz[0:1344,2:1612,5:499,7:480] gpu=231 gcap=1050[0/13] lrn=100
2026-07-29 16:35:26 PulseDaemon: cap write via daemon (2 node(s))
2026-07-29 16:35:26 PulseDaemon: cap write via daemon (3 node(s))
2026-07-29 16:35:27 PulseDaemon: telemetry read via daemon (16 path(s))
2026-07-29 16:35:28 PulseDaemon: telemetry read via daemon (16 path(s))
2026-07-29 16:35:29 PulseDaemon: cap write via daemon (7 node(s))
2026-07-29 16:35:29 PulseAutoTdp: tgt=90 fps=60.6 jank=0 tail=22ms act=RAISE bn=- cpuB=13 cpuPk=63 primePk=63 io=0 gpuB=30 gpuL=6 capped=1 prk=0 stl=0 draw=3.54W cT=52 gT=50 caps%[0:90,2:90,5:45,7:35,-100:100] curMHz[0:672,2:1401,5:1190,7:480] gpu=231 gcap=1050[0/13] lrn=100
2026-07-29 16:35:29 PulseDaemon: cap write via daemon (2 node(s))
2026-07-29 16:35:29 PulseDaemon: cap write via daemon (3 node(s))
2026-07-29 16:35:30 PulseDaemon: telemetry read via daemon (16 path(s))
2026-07-29 16:35:32 PulseDaemon: telemetry read via daemon (16 path(s))
2026-07-29 16:35:32 PulseDaemon: cap write via daemon (7 node(s))
2026-07-29 16:35:32 PulseAutoTdp: tgt=90 fps=60.6 jank=0 tail=22ms act=TRIM bn=CPU cpuB=15 cpuPk=66 primePk=66 io=0 gpuB=30 gpuL=6 capped=2 prk=0 stl=0 draw=3.24W cT=52 gT=50 caps%[0:90,2:90,5:40,7:35,-100:100] curMHz[0:1017,2:1401,5:1286,7:480] gpu=231 gcap=1050[0/13] lrn=100
2026-07-29 16:35:32 PulseDaemon: cap write via daemon (2 node(s))
2026-07-29 16:35:32 PulseDaemon: cap write via daemon (3 node(s))
2026-07-29 16:35:33 PulseDaemon: telemetry read via daemon (16 path(s))
2026-07-29 16:35:35 PulseDaemon: telemetry read via daemon (16 path(s))
2026-07-29 16:35:35 PulseDaemon: cap write via daemon (7 node(s))
2026-07-29 16:35:35 PulseAutoTdp: tgt=90 fps=60.6 jank=0 tail=22ms act=RAISE bn=CPU cpuB=16 cpuPk=65 primePk=65 io=0 gpuB=29 gpuL=6 capped=2 prk=0 stl=0 draw=3.59W cT=53 gT=50 caps%[0:90,2:95,5:40,7:35,-100:100] curMHz[0:1248,2:1401,5:1190,7:480] gpu=231 gcap=1050[0/13] lrn=100
2026-07-29 16:35:35 PulseDaemon: cap write via daemon (2 node(s))
2026-07-29 16:35:37 PulseDaemon: telemetry read via daemon (16 path(s))
2026-07-29 16:35:38 PulseDaemon: telemetry read via daemon (16 path(s))
2026-07-29 16:35:39 PulseDaemon: cap write via daemon (7 node(s))
2026-07-29 16:35:39 PulseAutoTdp: tgt=90 fps=60.6 jank=0 tail=22ms act=TRIM bn=- cpuB=14 cpuPk=47 primePk=46 io=0 gpuB=30 gpuL=6 capped=3 prk=0 stl=0 draw=3.83W cT=52 gT=50 caps%[0:90,2:90,5:40,7:35,-100:100] curMHz[0:1017,2:1286,5:1190,7:480] mn/mx[0:364/1248,2:1286/1401,5:499/1190,7:480/1017] gpu=231 gcap=1050[0/13] lrn=100
2026-07-29 16:35:39 PulseDaemon: cap write via daemon (2 node(s))
2026-07-29 16:35:40 PulseDaemon: cap write via daemon (3 node(s))
2026-07-29 16:35:41 PulseDaemon: telemetry read via daemon (16 path(s))
2026-07-29 16:35:42 PulseDaemon: telemetry read via daemon (16 path(s))
2026-07-29 16:35:43 PulseDaemon: cap write via daemon (7 node(s))
2026-07-29 16:35:43 PulseAutoTdp: tgt=90 fps=60.6 jank=0 tail=22ms act=RAISE bn=CPU cpuB=18 cpuPk=66 primePk=66 io=0 gpuB=30 gpuL=6 capped=3 prk=0 stl=0 draw=3.74W cT=53 gT=50 caps%[0:90,2:90,5:40,7:40,-100:100] curMHz[0:1248,2:1401,5:1190,7:480] gpu=231 gcap=1050[0/13] lrn=100
2026-07-29 16:35:43 PulseDaemon: cap write via daemon (2 node(s))
2026-07-29 16:35:43 PulseDaemon: cap write via daemon (3 node(s))
2026-07-29 16:35:44 PulseDaemon: telemetry read via daemon (16 path(s))
2026-07-29 16:35:46 PulseDaemon: telemetry read via daemon (16 path(s))
2026-07-29 16:35:46 PulseDaemon: cap write via daemon (7 node(s))
2026-07-29 16:35:46 PulseAutoTdp: tgt=90 fps=60.8 jank=0 tail=22ms act=TRIM bn=CPU cpuB=15 cpuPk=62 primePk=62 io=0 gpuB=29 gpuL=6 capped=3 prk=0 stl=0 draw=3.43W cT=52 gT=50 caps%[0:90,2:90,5:40,7:35,-100:100] curMHz[0:1248,2:1286,5:844,7:480] gpu=231 gcap=1050[0/13] lrn=100
2026-07-29 16:35:46 PulseDaemon: cap write via daemon (2 node(s))
2026-07-29 16:35:46 PulseDaemon: cap write via daemon (3 node(s))
2026-07-29 16:35:48 PulseDaemon: telemetry read via daemon (16 path(s))
2026-07-29 16:35:49 PulseDaemon: telemetry read via daemon (16 path(s))
2026-07-29 16:35:49 PulseDaemon: cap write via daemon (7 node(s))
2026-07-29 16:35:49 PulseAutoTdp: tgt=90 fps=60.4 jank=0 tail=22ms act=RAISE bn=CPU cpuB=15 cpuPk=68 primePk=68 io=0 gpuB=30 gpuL=6 capped=3 prk=0 stl=0 draw=3.67W cT=52 gT=50 caps%[0:90,2:90,5:40,7:40,-100:100] curMHz[0:1248,2:1190,5:1190,7:480] gpu=231 gcap=1050[0/13] lrn=100
2026-07-29 16:35:50 PulseDaemon: cap write via daemon (2 node(s))
2026-07-29 16:35:50 PulseDaemon: cap write via daemon (3 node(s))
2026-07-29 16:35:51 PulseDaemon: telemetry read via daemon (16 path(s))
2026-07-29 16:35:52 PulseDaemon: telemetry read via daemon (16 path(s))
2026-07-29 16:35:53 PulseDaemon: cap write via daemon (7 node(s))
2026-07-29 16:35:53 PulseAutoTdp: tgt=90 fps=60.6 jank=0 tail=22ms act=TRIM bn=CPU cpuB=15 cpuPk=67 primePk=67 io=0 gpuB=29 gpuL=6 capped=3 prk=0 stl=0 draw=3.87W cT=52 gT=50 caps%[0:90,2:90,5:40,7:35,-100:100] curMHz[0:1017,2:1286,5:1190,7:480] gpu=231 gcap=1050[0/13] lrn=100
2026-07-29 16:35:53 PulseDaemon: cap write via daemon (2 node(s))
2026-07-29 16:35:53 PulseDaemon: cap write via daemon (3 node(s))
2026-07-29 16:35:54 PulseDaemon: telemetry read via daemon (16 path(s))
2026-07-29 16:35:56 PulseDaemon: telemetry read via daemon (16 path(s))
2026-07-29 16:35:56 PulseDaemon: cap write via daemon (7 node(s))
2026-07-29 16:35:56 PulseAutoTdp: tgt=90 fps=60.4 jank=0 tail=22ms act=RAISE bn=- cpuB=11 cpuPk=53 primePk=42 io=0 gpuB=31 gpuL=6 capped=3 prk=0 stl=0 draw=3.80W cT=52 gT=50 caps%[0:90,2:90,5:40,7:40,-100:100] curMHz[0:460,2:1190,5:1190,7:480] gpu=231 gcap=1050[0/13] lrn=100
2026-07-29 16:35:56 PulseDaemon: cap write via daemon (2 node(s))
2026-07-29 16:35:56 PulseDaemon: cap write via daemon (3 node(s))
2026-07-29 16:35:58 PulseDaemon: telemetry read via daemon (16 path(s))
2026-07-29 16:35:59 PulseDaemon: telemetry read via daemon (16 path(s))
2026-07-29 16:35:59 PulseDaemon: cap write via daemon (7 node(s))
2026-07-29 16:35:59 PulseAutoTdp: tgt=90 fps=60.4 jank=0 tail=22ms act=TRIM bn=CPU cpuB=17 cpuPk=82 primePk=82 io=0 gpuB=31 gpuL=6 capped=4 prk=0 stl=0 draw=4.55W cT=53 gT=50 caps%[0:90,2:90,5:40,7:35,-100:100] curMHz[0:1248,2:1401,5:1190,7:480] gpu=231 gcap=1050[0/13] lrn=100
2026-07-29 16:35:59 PulseDaemon: cap write via daemon (2 node(s))
2026-07-29 16:36:00 PulseDaemon: cap write via daemon (3 node(s))
2026-07-29 16:36:01 PulseDaemon: telemetry read via daemon (16 path(s))
2026-07-29 16:36:02 PulseDaemon: telemetry read via daemon (16 path(s))
2026-07-29 16:36:03 PulseDaemon: cap write via daemon (7 node(s))
2026-07-29 16:36:03 PulseAutoTdp: tgt=90 fps=60.6 jank=1 tail=44ms act=TRIM bn=- cpuB=16 cpuPk=54 primePk=54 io=0 gpuB=30 gpuL=6 capped=5 prk=0 stl=0 draw=4.38W cT=53 gT=50 caps%[0:90,2:85,5:40,7:35,-100:100] curMHz[0:1017,2:1497,5:1190,7:1017] gpu=231 gcap=1050[0/13] lrn=100
2026-07-29 16:36:03 PulseDaemon: cap write via daemon (2 node(s))
2026-07-29 16:36:04 PulseDaemon: telemetry read via daemon (16 path(s))
2026-07-29 16:36:05 PulseDaemon: telemetry read via daemon (16 path(s))
2026-07-29 16:36:06 PulseDaemon: cap write via daemon (7 node(s))
2026-07-29 16:36:06 PulseAutoTdp: tgt=90 fps=60.6 jank=0 tail=22ms act=TRIM bn=CPU cpuB=17 cpuPk=71 primePk=71 io=0 gpuB=31 gpuL=6 capped=5 prk=0 stl=0 draw=3.95W cT=53 gT=50 caps%[0:90,2:80,5:40,7:35,-100:100] curMHz[0:1248,2:1401,5:1190,7:480] gpu=231 gcap=1050[0/13] lrn=100
2026-07-29 16:36:06 PulseDaemon: cap write via daemon (2 node(s))
2026-07-29 16:36:06 PulseDaemon: cap write via daemon (3 node(s))
2026-07-29 16:36:07 PulseDaemon: telemetry read via daemon (16 path(s))
2026-07-29 16:36:09 PulseDaemon: telemetry read via daemon (16 path(s))
2026-07-29 16:36:09 PulseDaemon: cap write via daemon (7 node(s))
2026-07-29 16:36:09 PulseAutoTdp: tgt=90 fps=60.4 jank=0 tail=22ms act=TRIM bn=CPU cpuB=13 cpuPk=75 primePk=75 io=0 gpuB=31 gpuL=6 capped=5 prk=0 stl=0 draw=3.45W cT=53 gT=50 caps%[0:90,2:80,5:35,7:35,-100:100] curMHz[0:364,2:1497,5:1190,7:480] gpu=231 gcap=1050[0/13] lrn=100
2026-07-29 16:36:09 PulseDaemon: cap write via daemon (2 node(s))
2026-07-29 16:36:09 PulseDaemon: cap write via daemon (3 node(s))
2026-07-29 16:36:11 PulseDaemon: telemetry read via daemon (16 path(s))
2026-07-29 16:36:12 PulseDaemon: telemetry read via daemon (16 path(s))
2026-07-29 16:36:12 PulseDaemon: cap write via daemon (7 node(s))
2026-07-29 16:36:13 PulseAutoTdp: AUTOTDP-SESSION tgt=90 bias=BALANCED wattCap=0 policies=0:2265600:0,1;2:3148800:2,3,4;5:2956800:5,6;7:3052800:7;-100:1050000:
2026-07-29 16:36:13 PulseAutoTdp: tgt=90 fps=61.1 jank=0 tail=22ms act=RAISE bn=CPU cpuB=13 cpuPk=67 primePk=67 io=0 gpuB=32 gpuL=7 capped=0 prk=0 stl=0 draw=3.77W cT=53 gT=50 caps%[0:90,2:85,5:35,7:35,-100:100] curMHz[0:460,2:1497,5:1075,7:480] mn/mx[0:364/1248,2:1497/1612,5:499/1075,7:480/1017] gpu=231 gcap=1050[0/13] lrn=100
2026-07-29 16:36:13 PulseDaemon: cap write via daemon (2 node(s))
2026-07-29 16:36:14 PulseDaemon: cap write via daemon (3 node(s))
2026-07-29 16:36:15 PulseDaemon: telemetry read via daemon (16 path(s))
2026-07-29 16:36:16 PulseDaemon: telemetry read via daemon (16 path(s))
2026-07-29 16:36:17 PulseDaemon: cap write via xsu fallback (7 node(s), ~1323 chars, chunked)
2026-07-29 16:36:17 PulseAutoTdp: tgt=90 fps=60.4 jank=0 tail=22ms act=TRIM bn=CPU cpuB=13 cpuPk=69 primePk=69 io=0 gpuB=32 gpuL=7 capped=0 prk=0 stl=0 draw=3.68W cT=53 gT=50 caps%[0:90,2:80,5:35,7:35,-100:100] curMHz[0:556,2:1612,5:1075,7:480] gpu=231 gcap=1050[0/13] lrn=100
2026-07-29 16:36:17 PulseDaemon: cap write via daemon (2 node(s))
2026-07-29 16:36:17 PulseDaemon: cap write via daemon (3 node(s))
2026-07-29 16:36:19 PulseDaemon: telemetry read via daemon (16 path(s))
2026-07-29 16:36:20 PulseDaemon: telemetry read via daemon (16 path(s))
2026-07-29 16:36:20 PulseDaemon: cap write via daemon (7 node(s))
2026-07-29 16:36:20 PulseAutoTdp: tgt=90 fps=60.6 jank=0 tail=22ms act=RAISE bn=CPU cpuB=17 cpuPk=68 primePk=68 io=0 gpuB=33 gpuL=7 capped=0 prk=0 stl=0 draw=4.11W cT=53 gT=50 caps%[0:90,2:85,5:35,7:35,-100:100] curMHz[0:1248,2:1612,5:1075,7:480] gpu=231 gcap=1050[0/13] lrn=100
2026-07-29 16:36:21 PulseDaemon: cap write via daemon (2 node(s))
2026-07-29 16:36:21 PulseDaemon: cap write via daemon (3 node(s))
2026-07-29 16:36:22 PulseDaemon: telemetry read via daemon (16 path(s))
2026-07-29 16:36:23 PulseDaemon: telemetry read via daemon (16 path(s))
2026-07-29 16:36:24 PulseDaemon: cap write via daemon (7 node(s))
2026-07-29 16:36:24 PulseAutoTdp: tgt=90 fps=60.4 jank=0 tail=22ms act=TRIM bn=CPU cpuB=15 cpuPk=68 primePk=68 io=0 gpuB=32 gpuL=7 capped=0 prk=0 stl=0 draw=3.97W cT=53 gT=50 caps%[0:90,2:80,5:35,7:35,-100:100] curMHz[0:902,2:1497,5:1075,7:480] gpu=231 gcap=1050[0/13] lrn=100
2026-07-29 16:36:24 PulseDaemon: cap write via daemon (2 node(s))
2026-07-29 16:36:24 PulseDaemon: cap write via daemon (3 node(s))
2026-07-29 16:36:25 PulseDaemon: telemetry read via daemon (16 path(s))
2026-07-29 16:36:27 PulseDaemon: telemetry read via daemon (16 path(s))
2026-07-29 16:36:27 PulseDaemon: cap write via daemon (7 node(s))
2026-07-29 16:36:27 PulseAutoTdp: tgt=90 fps=60.6 jank=0 tail=22ms act=RAISE bn=CPU cpuB=12 cpuPk=69 primePk=69 io=0 gpuB=33 gpuL=7 capped=0 prk=0 stl=0 draw=3.57W cT=53 gT=50 caps%[0:90,2:85,5:35,7:35,-100:100] curMHz[0:364,2:1612,5:1075,7:480] gpu=231 gcap=1050[0/13] lrn=100
2026-07-29 16:36:27 PulseDaemon: cap write via daemon (2 node(s))
2026-07-29 16:36:27 PulseDaemon: cap write via xsu fallback (3 node(s), ~621 chars, chunked)
2026-07-29 16:36:29 PulseDaemon: telemetry read via daemon (16 path(s))
2026-07-29 16:36:30 PulseDaemon: telemetry read via daemon (16 path(s))
2026-07-29 16:36:31 PulseDaemon: cap write via daemon (7 node(s))
2026-07-29 16:36:31 PulseAutoTdp: tgt=90 fps=60.8 jank=0 tail=22ms act=TRIM bn=CPU cpuB=17 cpuPk=62 primePk=62 io=0 gpuB=30 gpuL=6 capped=1 prk=0 stl=0 draw=4.10W cT=53 gT=50 caps%[0:90,2:80,5:35,7:35,-100:100] curMHz[0:1248,2:1708,5:1075,7:480] gpu=231 gcap=1050[0/13] lrn=100
2026-07-29 16:36:31 PulseDaemon: cap write via daemon (2 node(s))
2026-07-29 16:36:31 PulseDaemon: cap write via daemon (3 node(s))
2026-07-29 16:36:32 PulseDaemon: telemetry read via daemon (16 path(s))
2026-07-29 16:36:34 PulseDaemon: telemetry read via daemon (16 path(s))
2026-07-29 16:36:34 PulseDaemon: cap write via daemon (7 node(s))
2026-07-29 16:36:34 PulseAutoTdp: tgt=90 fps=60.4 jank=0 tail=22ms act=RAISE bn=CPU cpuB=15 cpuPk=60 primePk=60 io=0 gpuB=30 gpuL=6 capped=1 prk=0 stl=0 draw=3.48W cT=53 gT=50 caps%[0:90,2:80,5:35,7:40,-100:100] curMHz[0:1017,2:1497,5:1075,7:480] gpu=231 gcap=1050[0/13] lrn=100
2026-07-29 16:36:34 PulseDaemon: cap write via daemon (2 node(s))
2026-07-29 16:36:34 PulseDaemon: cap write via daemon (3 node(s))
2026-07-29 16:36:36 PulseDaemon: telemetry read via daemon (16 path(s))
2026-07-29 16:36:37 PulseDaemon: telemetry read via daemon (16 path(s))
2026-07-29 16:36:37 PulseDaemon: cap write via daemon (7 node(s))
2026-07-29 16:36:37 PulseAutoTdp: tgt=90 fps=60.6 jank=1 tail=44ms act=TRIM bn=- cpuB=17 cpuPk=53 primePk=53 io=0 gpuB=33 gpuL=7 capped=1 prk=0 stl=0 draw=3.18W cT=53 gT=50 caps%[0:90,2:80,5:35,7:35,-100:100] curMHz[0:1248,2:1612,5:1075,7:480] gpu=231 gcap=1050[0/13] lrn=100
2026-07-29 16:36:38 PulseDaemon: cap write via daemon (2 node(s))
2026-07-29 16:36:38 PulseDaemon: cap write via daemon (3 node(s))
2026-07-29 16:36:39 PulseDaemon: telemetry read via daemon (16 path(s))
2026-07-29 16:36:40 PulseDaemon: telemetry read via daemon (16 path(s))
2026-07-29 16:36:41 PulseDaemon: cap write via daemon (7 node(s))
2026-07-29 16:36:41 PulseAutoTdp: tgt=90 fps=60.9 jank=0 tail=22ms act=RAISE bn=- cpuB=13 cpuPk=63 primePk=63 io=0 gpuB=31 gpuL=6 capped=1 prk=0 stl=0 draw=3.69W cT=53 gT=50 caps%[0:95,2:80,5:35,7:35,-100:100] curMHz[0:556,2:1708,5:1075,7:480] gpu=231 gcap=1050[0/13] lrn=100
2026-07-29 16:36:41 PulseDaemon: cap write via daemon (2 node(s))
2026-07-29 16:36:41 PulseDaemon: cap write via daemon (3 node(s))
2026-07-29 16:36:42 PulseDaemon: telemetry read via daemon (16 path(s))
2026-07-29 16:36:44 PulseDaemon: telemetry read via daemon (16 path(s))
2026-07-29 16:36:44 PulseDaemon: cap write via daemon (7 node(s))
2026-07-29 16:36:44 PulseAutoTdp: tgt=90 fps=60.6 jank=0 tail=22ms act=TRIM bn=- cpuB=14 cpuPk=62 primePk=62 io=0 gpuB=32 gpuL=7 capped=1 prk=0 stl=0 draw=3.89W cT=54 gT=50 caps%[0:90,2:80,5:35,7:35,-100:100] curMHz[0:556,2:1708,5:1075,7:480] gpu=231 gcap=1050[0/13] lrn=100
2026-07-29 16:36:44 PulseDaemon: cap write via daemon (2 node(s))
2026-07-29 16:36:44 PulseDaemon: cap write via daemon (3 node(s))
2026-07-29 16:36:46 PulseDaemon: telemetry read via daemon (16 path(s))
2026-07-29 16:36:47 PulseDaemon: telemetry read via daemon (16 path(s))
2026-07-29 16:36:48 PulseDaemon: cap write via daemon (7 node(s))
2026-07-29 16:36:48 PulseAutoTdp: tgt=90 fps=60.6 jank=0 tail=22ms act=RAISE bn=CPU cpuB=14 cpuPk=72 primePk=72 io=0 gpuB=32 gpuL=7 capped=1 prk=0 stl=0 draw=3.94W cT=54 gT=50 caps%[0:90,2:80,5:35,7:40,-100:100] curMHz[0:672,2:1708,5:1075,7:480] mn/mx[0:364/1248,2:1612/1708,5:499/1075,7:480/1248] gpu=231 gcap=1050[0/13] lrn=100
2026-07-29 16:36:49 PulseDaemon: cap write via daemon (2 node(s))
2026-07-29 16:36:49 PulseDaemon: cap write via daemon (3 node(s))
2026-07-29 16:36:50 PulseDaemon: telemetry read via daemon (16 path(s))
2026-07-29 16:36:51 PulseDaemon: telemetry read via daemon (16 path(s))
2026-07-29 16:36:52 PulseDaemon: cap write via daemon (7 node(s))
2026-07-29 16:36:52 PulseAutoTdp: tgt=90 fps=60.6 jank=0 tail=22ms act=TRIM bn=CPU cpuB=17 cpuPk=71 primePk=71 io=0 gpuB=32 gpuL=7 capped=1 prk=0 stl=0 draw=4.16W cT=53 gT=50 caps%[0:90,2:80,5:35,7:35,-100:100] curMHz[0:1017,2:1708,5:1075,7:480] gpu=231 gcap=1050[0/13] lrn=100
2026-07-29 16:36:52 PulseDaemon: cap write via daemon (2 node(s))
2026-07-29 16:36:52 PulseDaemon: cap write via daemon (3 node(s))
2026-07-29 16:36:53 PulseDaemon: telemetry read via daemon (16 path(s))
2026-07-29 16:36:55 PulseDaemon: telemetry read via daemon (16 path(s))
2026-07-29 16:36:55 PulseDaemon: cap write via daemon (7 node(s))
2026-07-29 16:36:55 PulseAutoTdp: tgt=90 fps=60.6 jank=0 tail=22ms act=RAISE bn=CPU cpuB=13 cpuPk=69 primePk=69 io=0 gpuB=32 gpuL=7 capped=1 prk=0 stl=0 draw=4.38W cT=54 gT=50 caps%[0:90,2:80,5:35,7:40,-100:100] curMHz[0:556,2:1612,5:1075,7:480] gpu=231 gcap=1050[0/13] lrn=100
2026-07-29 16:36:55 PulseDaemon: cap write via daemon (2 node(s))
2026-07-29 16:36:55 PulseDaemon: cap write via daemon (3 node(s))
2026-07-29 16:36:57 PulseDaemon: telemetry read via daemon (16 path(s))
2026-07-29 16:36:58 PulseDaemon: telemetry read via daemon (16 path(s))
2026-07-29 16:36:59 PulseDaemon: cap write via daemon (7 node(s))
2026-07-29 16:36:59 PulseAutoTdp: tgt=90 fps=60.4 jank=0 tail=22ms act=TRIM bn=CPU cpuB=13 cpuPk=72 primePk=72 io=0 gpuB=33 gpuL=7 capped=2 prk=0 stl=0 draw=3.91W cT=54 gT=50 caps%[0:90,2:80,5:35,7:35,-100:100] curMHz[0:364,2:1708,5:1075,7:480] gpu=231 gcap=1050[0/13] lrn=100
2026-07-29 16:36:59 PulseDaemon: cap write via daemon (2 node(s))
2026-07-29 16:36:59 PulseDaemon: cap write via daemon (3 node(s))
2026-07-29 16:37:00 PulseDaemon: telemetry read via daemon (16 path(s))
2026-07-29 16:37:02 PulseDaemon: telemetry read via daemon (16 path(s))
2026-07-29 16:37:02 PulseDaemon: cap write via daemon (7 node(s))
2026-07-29 16:37:02 PulseAutoTdp: tgt=90 fps=60.8 jank=1 tail=78ms act=RAISE bn=- cpuB=14 cpuPk=51 primePk=48 io=0 gpuB=35 gpuL=7 capped=2 prk=0 stl=0 draw=4.35W cT=54 gT=51 caps%[0:95,2:80,5:35,7:35,-100:100] curMHz[0:556,2:1824,5:1075,7:480] gpu=231 gcap=1050[0/13] lrn=100
2026-07-29 16:37:02 PulseDaemon: cap write via daemon (2 node(s))
2026-07-29 16:37:02 PulseDaemon: cap write via daemon (3 node(s))
2026-07-29 16:37:04 PulseDaemon: telemetry read via daemon (16 path(s))
2026-07-29 16:37:05 PulseDaemon: telemetry read via daemon (16 path(s))
2026-07-29 16:37:05 PulseDaemon: cap write via daemon (7 node(s))
2026-07-29 16:37:05 PulseAutoTdp: AUTOTDP-SESSION tgt=90 bias=BALANCED wattCap=0 policies=0:2265600:0,1;2:3148800:2,3,4;5:2956800:5,6;7:3052800:7;-100:1050000:
2026-07-29 16:37:05 PulseAutoTdp: tgt=90 fps=60.6 jank=0 tail=22ms act=TRIM bn=CPU cpuB=14 cpuPk=73 primePk=73 io=0 gpuB=35 gpuL=7 capped=2 prk=0 stl=0 draw=3.54W cT=54 gT=50 caps%[0:90,2:80,5:35,7:35,-100:100] curMHz[0:460,2:1708,5:1075,7:480] gpu=231 gcap=1050[0/13] lrn=100
2026-07-29 16:37:05 PulseDaemon: cap write via daemon (2 node(s))
2026-07-29 16:37:06 PulseDaemon: cap write via daemon (3 node(s))
2026-07-29 16:37:07 PulseDaemon: telemetry read via daemon (16 path(s))
2026-07-29 16:37:08 PulseDaemon: telemetry read via daemon (16 path(s))
2026-07-29 16:37:09 PulseDaemon: cap write via daemon (7 node(s))
2026-07-29 16:37:09 PulseAutoTdp: tgt=90 fps=60.8 jank=0 tail=22ms act=RAISE bn=CPU cpuB=16 cpuPk=69 primePk=69 io=0 gpuB=34 gpuL=7 capped=2 prk=0 stl=0 draw=3.28W cT=53 gT=50 caps%[0:90,2:80,5:40,7:35,-100:100] curMHz[0:1017,2:1824,5:1075,7:480] gpu=231 gcap=1050[0/13] lrn=100
2026-07-29 16:37:09 PulseDaemon: cap write via daemon (2 node(s))
2026-07-29 16:37:09 PulseDaemon: cap write via daemon (3 node(s))
2026-07-29 16:37:10 PulseDaemon: telemetry read via daemon (16 path(s))
2026-07-29 16:37:12 PulseDaemon: telemetry read via daemon (16 path(s))
2026-07-29 16:37:12 PulseDaemon: cap write via daemon (7 node(s))
2026-07-29 16:37:12 PulseAutoTdp: tgt=90 fps=60.4 jank=0 tail=22ms act=TRIM bn=CPU cpuB=17 cpuPk=71 primePk=71 io=0 gpuB=33 gpuL=7 capped=2 prk=0 stl=0 draw=3.84W cT=54 gT=50 caps%[0:90,2:80,5:35,7:35,-100:100] curMHz[0:1248,2:1708,5:1190,7:480] gpu=231 gcap=1050[0/13] lrn=100
2026-07-29 16:37:12 PulseDaemon: cap write via daemon (2 node(s))
2026-07-29 16:37:12 PulseDaemon: cap write via daemon (3 node(s))
2026-07-29 16:37:14 PulseDaemon: telemetry read via daemon (16 path(s))
2026-07-29 16:37:15 PulseDaemon: telemetry read via daemon (16 path(s))
2026-07-29 16:37:15 PulseDaemon: cap write via daemon (7 node(s))
2026-07-29 16:37:15 PulseAutoTdp: tgt=90 fps=60.6 jank=0 tail=22ms act=RAISE bn=CPU cpuB=14 cpuPk=72 primePk=72 io=0 gpuB=32 gpuL=7 capped=2 prk=0 stl=0 draw=3.52W cT=54 gT=50 caps%[0:90,2:80,5:40,7:35,-100:100] curMHz[0:556,2:1824,5:1075,7:480] gpu=231 gcap=1050[0/13] lrn=100
2026-07-29 16:37:16 PulseDaemon: cap write via daemon (2 node(s))
2026-07-29 16:37:16 PulseDaemon: cap write via daemon (3 node(s))
2026-07-29 16:37:17 PulseDaemon: telemetry read via daemon (16 path(s))
2026-07-29 16:37:18 PulseDaemon: telemetry read via daemon (16 path(s))
2026-07-29 16:37:19 PulseDaemon: cap write via daemon (7 node(s))
2026-07-29 16:37:19 PulseAutoTdp: tgt=90 fps=60.6 jank=0 tail=22ms act=TRIM bn=CPU cpuB=17 cpuPk=66 primePk=66 io=0 gpuB=33 gpuL=7 capped=2 prk=0 stl=0 draw=4.34W cT=54 gT=50 caps%[0:90,2:80,5:35,7:35,-100:100] curMHz[0:1248,2:1824,5:1190,7:480] gpu=231 gcap=1050[0/13] lrn=100
2026-07-29 16:37:19 PulseDaemon: cap write via daemon (2 node(s))
2026-07-29 16:37:19 PulseDaemon: cap write via daemon (3 node(s))
2026-07-29 16:37:20 PulseDaemon: telemetry read via daemon (16 path(s))
2026-07-29 16:37:22 PulseDaemon: telemetry read via daemon (16 path(s))
2026-07-29 16:37:22 PulseDaemon: cap write via daemon (7 node(s))
2026-07-29 16:37:23 PulseAutoTdp: tgt=90 fps=60.6 jank=0 tail=22ms act=RAISE bn=CPU cpuB=13 cpuPk=74 primePk=74 io=0 gpuB=34 gpuL=7 capped=2 prk=0 stl=0 draw=3.98W cT=53 gT=51 caps%[0:90,2:80,5:40,7:35,-100:100] curMHz[0:460,2:1708,5:1075,7:480] mn/mx[0:364/1248,2:1612/1708,5:499/1190,7:480/1017] gpu=231 gcap=1050[0/13] lrn=100
2026-07-29 16:37:23 PulseDaemon: cap write via daemon (2 node(s))
2026-07-29 16:37:23 PulseDaemon: cap write via daemon (3 node(s))
2026-07-29 16:37:24 PulseDaemon: telemetry read via daemon (16 path(s))
2026-07-29 16:37:26 PulseDaemon: telemetry read via daemon (16 path(s))
2026-07-29 16:37:26 PulseDaemon: cap write via daemon (7 node(s))
2026-07-29 16:37:26 PulseAutoTdp: tgt=90 fps=61.6 jank=0 tail=22ms act=TRIM bn=CPU cpuB=18 cpuPk=73 primePk=73 io=0 gpuB=34 gpuL=7 capped=3 prk=0 stl=0 draw=3.59W cT=54 gT=50 caps%[0:90,2:80,5:35,7:35,-100:100] curMHz[0:1132,2:1708,5:1190,7:480] gpu=231 gcap=1050[0/13] lrn=100
2026-07-29 16:37:26 PulseDaemon: cap write via daemon (2 node(s))
2026-07-29 16:37:26 PulseDaemon: cap write via daemon (3 node(s))
2026-07-29 16:37:28 PulseDaemon: telemetry read via daemon (16 path(s))
2026-07-29 16:37:29 PulseDaemon: telemetry read via daemon (16 path(s))
2026-07-29 16:37:29 PulseDaemon: cap write via xsu fallback (7 node(s), ~1323 chars, chunked)
2026-07-29 16:37:30 PulseAutoTdp: tgt=90 fps=60.4 jank=0 tail=22ms act=RAISE bn=- cpuB=13 cpuPk=51 primePk=47 io=0 gpuB=33 gpuL=7 capped=3 prk=0 stl=0 draw=3.84W cT=54 gT=50 caps%[0:95,2:80,5:35,7:35,-100:100] curMHz[0:556,2:1612,5:1075,7:480] gpu=231 gcap=1050[0/13] lrn=100
2026-07-29 16:37:30 PulseDaemon: cap write via daemon (2 node(s))
2026-07-29 16:37:30 PulseDaemon: cap write via daemon (3 node(s))
2026-07-29 16:37:31 PulseDaemon: telemetry read via daemon (16 path(s))
2026-07-29 16:37:33 PulseDaemon: telemetry read via daemon (16 path(s))
2026-07-29 16:37:33 PulseDaemon: cap write via daemon (7 node(s))
2026-07-29 16:37:33 PulseAutoTdp: tgt=90 fps=61.3 jank=0 tail=22ms act=TRIM bn=CPU cpuB=17 cpuPk=66 primePk=66 io=0 gpuB=36 gpuL=7 capped=4 prk=0 stl=0 draw=3.71W cT=53 gT=51 caps%[0:90,2:80,5:35,7:35,-100:100] curMHz[0:1248,2:1708,5:1075,7:1017] gpu=231 gcap=1050[0/13] lrn=100
2026-07-29 16:37:33 PulseDaemon: cap write via daemon (2 node(s))
2026-07-29 16:37:33 PulseDaemon: cap write via daemon (3 node(s))
2026-07-29 16:37:35 PulseDaemon: telemetry read via daemon (16 path(s))
2026-07-29 16:37:36 PulseDaemon: telemetry read via daemon (16 path(s))
2026-07-29 16:37:37 PulseDaemon: cap write via daemon (7 node(s))
2026-07-29 16:37:37 PulseAutoTdp: tgt=90 fps=60.6 jank=0 tail=22ms act=TRIM bn=CPU cpuB=17 cpuPk=66 primePk=66 io=0 gpuB=35 gpuL=7 capped=5 prk=0 stl=0 draw=4.08W cT=54 gT=51 caps%[0:90,2:75,5:35,7:35,-100:100] curMHz[0:1248,2:1612,5:1075,7:480] gpu=231 gcap=1050[0/13] lrn=100
2026-07-29 16:37:37 PulseDaemon: cap write via daemon (2 node(s))
2026-07-29 16:37:37 PulseDaemon: cap write via daemon (3 node(s))
2026-07-29 16:37:38 PulseDaemon: telemetry read via daemon (16 path(s))
2026-07-29 16:37:40 PulseDaemon: telemetry read via daemon (16 path(s))
2026-07-29 16:37:40 PulseDaemon: cap write via daemon (7 node(s))
2026-07-29 16:37:40 PulseAutoTdp: tgt=90 fps=60.6 jank=0 tail=22ms act=TRIM bn=CPU cpuB=14 cpuPk=65 primePk=65 io=0 gpuB=34 gpuL=7 capped=5 prk=0 stl=0 draw=3.66W cT=53 gT=51 caps%[0:85,2:75,5:35,7:35,-100:100] curMHz[0:672,2:1612,5:1075,7:480] gpu=231 gcap=1050[0/13] lrn=100
2026-07-29 16:37:40 PulseDaemon: cap write via daemon (2 node(s))
2026-07-29 16:37:40 PulseDaemon: cap write via daemon (3 node(s))
2026-07-29 16:37:42 PulseDaemon: telemetry read via daemon (16 path(s))
2026-07-29 16:37:43 PulseDaemon: telemetry read via daemon (16 path(s))
2026-07-29 16:37:43 PulseDaemon: cap write via daemon (7 node(s))
2026-07-29 16:37:43 PulseAutoTdp: tgt=90 fps=60.1 jank=0 tail=22ms act=TRIM bn=CPU cpuB=17 cpuPk=67 primePk=67 io=0 gpuB=34 gpuL=7 capped=5 prk=0 stl=0 draw=3.79W cT=53 gT=50 caps%[0:80,2:75,5:35,7:35,-100:100] curMHz[0:1248,2:1612,5:1075,7:480] gpu=231 gcap=1050[0/13] lrn=100
2026-07-29 16:37:44 PulseDaemon: cap write via daemon (2 node(s))
2026-07-29 16:37:44 PulseDaemon: cap write via daemon (3 node(s))
2026-07-29 16:37:45 PulseDaemon: telemetry read via daemon (16 path(s))
2026-07-29 16:37:46 PulseDaemon: telemetry read via daemon (16 path(s))
2026-07-29 16:37:47 PulseDaemon: cap write via daemon (7 node(s))
2026-07-29 16:37:47 PulseAutoTdp: tgt=90 fps=60.6 jank=0 tail=22ms act=TRIM bn=CPU cpuB=13 cpuPk=68 primePk=68 io=0 gpuB=34 gpuL=7 capped=5 prk=0 stl=0 draw=3.97W cT=53 gT=50 caps%[0:75,2:75,5:35,7:35,-100:100] curMHz[0:672,2:1497,5:1075,7:480] gpu=231 gcap=1050[0/13] lrn=100
2026-07-29 16:37:47 PulseDaemon: cap write via daemon (2 node(s))
2026-07-29 16:37:47 PulseDaemon: cap write via daemon (3 node(s))
2026-07-29 16:37:48 PulseDaemon: telemetry read via daemon (16 path(s))
2026-07-29 16:37:50 PulseDaemon: telemetry read via daemon (16 path(s))
2026-07-29 16:37:50 PulseDaemon: cap write via daemon (7 node(s))
2026-07-29 16:37:50 PulseAutoTdp: tgt=90 fps=60.6 jank=0 tail=22ms act=TRIM bn=CPU cpuB=13 cpuPk=69 primePk=69 io=0 gpuB=35 gpuL=7 capped=5 prk=0 stl=0 draw=3.26W cT=53 gT=50 caps%[0:70,2:75,5:35,7:35,-100:100] curMHz[0:556,2:1497,5:1075,7:480] gpu=231 gcap=1050[0/13] lrn=100
2026-07-29 16:37:50 PulseDaemon: cap write via daemon (2 node(s))
2026-07-29 16:37:50 PulseDaemon: cap write via xsu fallback (3 node(s), ~621 chars, chunked)
2026-07-29 16:37:52 PulseDaemon: telemetry read via daemon (16 path(s))
2026-07-29 16:37:53 PulseDaemon: telemetry read via daemon (16 path(s))
2026-07-29 16:37:54 PulseDaemon: cap write via daemon (7 node(s))
2026-07-29 16:37:54 PulseAutoTdp: tgt=90 fps=60.8 jank=0 tail=22ms act=TRIM bn=CPU cpuB=16 cpuPk=63 primePk=63 io=0 gpuB=34 gpuL=7 capped=5 prk=0 stl=0 draw=3.48W cT=53 gT=50 caps%[0:65,2:75,5:35,7:35,-100:100] curMHz[0:1248,2:1401,5:1075,7:480] gpu=231 gcap=1050[0/13] lrn=100
2026-07-29 16:37:54 PulseDaemon: cap write via daemon (2 node(s))
2026-07-29 16:37:54 PulseDaemon: cap write via daemon (3 node(s))
2026-07-29 16:37:55 PulseDaemon: telemetry read via daemon (16 path(s))
2026-07-29 16:37:57 PulseDaemon: telemetry read via daemon (16 path(s))
2026-07-29 16:37:57 PulseDaemon: cap write via daemon (7 node(s))
2026-07-29 16:37:57 PulseAutoTdp: AUTOTDP-SESSION tgt=90 bias=BALANCED wattCap=0 policies=0:2265600:0,1;2:3148800:2,3,4;5:2956800:5,6;7:3052800:7;-100:1050000:
2026-07-29 16:37:58 PulseAutoTdp: tgt=90 fps=61.3 jank=0 tail=22ms act=RAISE bn=CPU cpuB=11 cpuPk=62 primePk=62 io=0 gpuB=33 gpuL=7 capped=0 prk=0 stl=0 draw=3.62W cT=53 gT=50 caps%[0:65,2:80,5:35,7:35,-100:100] curMHz[0:460,2:1401,5:1075,7:480] mn/mx[0:364/1248,2:1286/1401,5:499/1075,7:480/1017] gpu=231 gcap=1050[0/13] lrn=100
2026-07-29 16:37:58 PulseDaemon: cap write via daemon (2 node(s))
2026-07-29 16:37:58 PulseDaemon: cap write via daemon (3 node(s))
2026-07-29 16:38:00 PulseDaemon: telemetry read via daemon (16 path(s))
2026-07-29 16:38:01 PulseDaemon: telemetry read via daemon (16 path(s))
2026-07-29 16:38:01 PulseDaemon: cap write via daemon (7 node(s))
2026-07-29 16:38:01 PulseAutoTdp: tgt=90 fps=60.4 jank=0 tail=22ms act=TRIM bn=CPU cpuB=17 cpuPk=58 primePk=58 io=0 gpuB=33 gpuL=7 capped=0 prk=0 stl=0 draw=3.96W cT=53 gT=50 caps%[0:65,2:75,5:35,7:35,-100:100] curMHz[0:1248,2:1401,5:1075,7:480] gpu=231 gcap=1050[0/13] lrn=100
2026-07-29 16:38:02 PulseDaemon: cap write via daemon (2 node(s))
2026-07-29 16:38:02 PulseDaemon: cap write via daemon (3 node(s))
2026-07-29 16:38:03 PulseDaemon: telemetry read via daemon (16 path(s))
2026-07-29 16:38:04 PulseDaemon: telemetry read via daemon (16 path(s))
2026-07-29 16:38:05 PulseDaemon: cap write via daemon (7 node(s))
2026-07-29 16:38:05 PulseAutoTdp: tgt=90 fps=60.8 jank=0 tail=22ms act=RAISE bn=CPU cpuB=11 cpuPk=65 primePk=65 io=0 gpuB=33 gpuL=7 capped=0 prk=0 stl=0 draw=3.66W cT=53 gT=50 caps%[0:65,2:80,5:35,7:35,-100:100] curMHz[0:787,2:1286,5:499,7:480] gpu=231 gcap=1050[0/13] lrn=100
2026-07-29 16:38:05 PulseDaemon: cap write via daemon (2 node(s))
2026-07-29 16:38:05 PulseDaemon: cap write via daemon (3 node(s))
2026-07-29 16:38:06 PulseDaemon: telemetry read via daemon (16 path(s))
2026-07-29 16:38:08 PulseDaemon: telemetry read via daemon (16 path(s))
2026-07-29 16:38:08 PulseDaemon: cap write via daemon (7 node(s))
2026-07-29 16:38:08 PulseAutoTdp: tgt=90 fps=60.4 jank=0 tail=22ms act=TRIM bn=- cpuB=16 cpuPk=51 primePk=44 io=0 gpuB=32 gpuL=7 capped=0 prk=0 stl=0 draw=3.65W cT=53 gT=50 caps%[0:65,2:75,5:35,7:35,-100:100] curMHz[0:1248,2:1497,5:1075,7:480] gpu=231 gcap=1050[0/13] lrn=100
2026-07-29 16:38:08 PulseDaemon: cap write via daemon (2 node(s))
2026-07-29 16:38:08 PulseDaemon: cap write via daemon (3 node(s))
2026-07-29 16:38:10 PulseDaemon: telemetry read via daemon (16 path(s))
2026-07-29 16:38:11 PulseDaemon: telemetry read via daemon (16 path(s))
2026-07-29 16:38:12 PulseDaemon: cap write via daemon (7 node(s))
2026-07-29 16:38:12 PulseAutoTdp: tgt=90 fps=60.8 jank=0 tail=22ms act=RAISE bn=- cpuB=13 cpuPk=56 primePk=49 io=0 gpuB=35 gpuL=7 capped=0 prk=0 stl=0 draw=4.11W cT=54 gT=51 caps%[0:70,2:75,5:35,7:35,-100:100] curMHz[0:460,2:1497,5:1075,7:480] gpu=231 gcap=1050[0/13] lrn=100
2026-07-29 16:38:12 PulseDaemon: cap write via daemon (2 node(s))
2026-07-29 16:38:12 PulseDaemon: cap write via daemon (3 node(s))
2026-07-29 16:38:13 PulseDaemon: telemetry read via daemon (16 path(s))
2026-07-29 16:38:15 PulseDaemon: telemetry read via daemon (16 path(s))
2026-07-29 16:38:15 PulseDaemon: cap write via daemon (7 node(s))
2026-07-29 16:38:15 PulseAutoTdp: tgt=90 fps=60.8 jank=0 tail=22ms act=TRIM bn=CPU cpuB=12 cpuPk=67 primePk=67 io=0 gpuB=34 gpuL=7 capped=0 prk=0 stl=0 draw=3.25W cT=53 gT=51 caps%[0:65,2:75,5:35,7:35,-100:100] curMHz[0:556,2:1497,5:1075,7:480] gpu=231 gcap=1050[0/13] lrn=100
2026-07-29 16:38:15 PulseDaemon: cap write via daemon (2 node(s))
2026-07-29 16:38:15 PulseDaemon: cap write via daemon (3 node(s))
2026-07-29 16:38:17 PulseDaemon: telemetry read via daemon (16 path(s))
2026-07-29 16:38:18 PulseDaemon: telemetry read via daemon (16 path(s))
2026-07-29 16:38:18 PulseDaemon: cap write via daemon (7 node(s))
2026-07-29 16:38:19 PulseAutoTdp: tgt=90 fps=60.6 jank=0 tail=22ms act=RAISE bn=CPU cpuB=12 cpuPk=71 primePk=71 io=0 gpuB=35 gpuL=7 capped=0 prk=0 stl=0 draw=3.39W cT=53 gT=51 caps%[0:65,2:80,5:35,7:35,-100:100] curMHz[0:460,2:1401,5:1075,7:480] gpu=231 gcap=1050[0/13] lrn=100
2026-07-29 16:38:19 PulseDaemon: cap write via daemon (2 node(s))
2026-07-29 16:38:19 PulseDaemon: cap write via daemon (3 node(s))
2026-07-29 16:38:20 PulseDaemon: telemetry read via daemon (16 path(s))
2026-07-29 16:38:22 PulseDaemon: telemetry read via daemon (16 path(s))
2026-07-29 16:38:22 PulseDaemon: cap write via daemon (7 node(s))
2026-07-29 16:38:22 PulseAutoTdp: tgt=90 fps=60.4 jank=0 tail=22ms act=TRIM bn=CPU cpuB=11 cpuPk=65 primePk=65 io=0 gpuB=34 gpuL=7 capped=1 prk=0 stl=0 draw=3.68W cT=53 gT=50 caps%[0:65,2:75,5:35,7:35,-100:100] curMHz[0:460,2:1286,5:1075,7:480] gpu=231 gcap=1050[0/13] lrn=100
2026-07-29 16:38:22 PulseDaemon: cap write via daemon (2 node(s))
2026-07-29 16:38:22 PulseDaemon: cap write via daemon (3 node(s))
2026-07-29 16:38:23 PulseDaemon: telemetry read via daemon (16 path(s))
2026-07-29 16:38:25 PulseDaemon: telemetry read via daemon (16 path(s))
2026-07-29 16:38:25 PulseDaemon: cap write via daemon (7 node(s))
2026-07-29 16:38:25 PulseAutoTdp: tgt=90 fps=60.6 jank=0 tail=22ms act=RAISE bn=CPU cpuB=12 cpuPk=70 primePk=70 io=0 gpuB=35 gpuL=7 capped=1 prk=0 stl=0 draw=3.85W cT=53 gT=50 caps%[0:65,2:75,5:35,7:40,-100:100] curMHz[0:556,2:1401,5:1075,7:480] gpu=231 gcap=1050[0/13] lrn=100
2026-07-29 16:38:25 PulseDaemon: cap write via daemon (2 node(s))
2026-07-29 16:38:26 PulseDaemon: cap write via daemon (3 node(s))
2026-07-29 16:38:27 PulseDaemon: telemetry read via daemon (16 path(s))
2026-07-29 16:38:28 PulseDaemon: telemetry read via daemon (16 path(s))
2026-07-29 16:38:29 PulseDaemon: cap write via daemon (7 node(s))
2026-07-29 16:38:29 PulseAutoTdp: tgt=90 fps=60.4 jank=0 tail=22ms act=TRIM bn=CPU cpuB=15 cpuPk=58 primePk=58 io=0 gpuB=35 gpuL=7 capped=1 prk=0 stl=0 draw=3.52W cT=53 gT=51 caps%[0:65,2:75,5:35,7:35,-100:100] curMHz[0:902,2:1497,5:1075,7:480] gpu=231 gcap=1050[0/13] lrn=100
2026-07-29 16:38:29 PulseDaemon: cap write via daemon (2 node(s))
2026-07-29 16:38:29 PulseDaemon: cap write via daemon (3 node(s))
2026-07-29 16:38:30 PulseDaemon: telemetry read via daemon (16 path(s))
2026-07-29 16:38:32 PulseDaemon: telemetry read via daemon (16 path(s))
2026-07-29 16:38:32 PulseDaemon: cap write via daemon (7 node(s))
2026-07-29 16:38:33 PulseAutoTdp: tgt=90 fps=60.6 jank=0 tail=22ms act=RAISE bn=CPU cpuB=14 cpuPk=57 primePk=57 io=0 gpuB=35 gpuL=7 capped=1 prk=0 stl=0 draw=3.45W cT=53 gT=51 caps%[0:65,2:75,5:35,7:40,-100:100] curMHz[0:672,2:1497,5:1075,7:480] mn/mx[0:364/1248,2:1401/1497,5:499/1075,7:480/1248] gpu=231 gcap=1050[0/13] lrn=100
2026-07-29 16:38:33 PulseDaemon: cap write via daemon (2 node(s))
2026-07-29 16:38:33 PulseDaemon: cap write via daemon (3 node(s))
2026-07-29 16:38:34 PulseDaemon: telemetry read via daemon (16 path(s))
2026-07-29 16:38:36 PulseDaemon: telemetry read via daemon (16 path(s))
2026-07-29 16:38:36 PulseDaemon: cap write via daemon (7 node(s))
2026-07-29 16:38:36 PulseAutoTdp: tgt=90 fps=60.4 jank=0 tail=22ms act=TRIM bn=CPU cpuB=13 cpuPk=71 primePk=71 io=0 gpuB=34 gpuL=7 capped=1 prk=0 stl=0 draw=3.99W cT=53 gT=50 caps%[0:65,2:75,5:35,7:35,-100:100] curMHz[0:556,2:1497,5:1075,7:480] gpu=231 gcap=1050[0/13] lrn=100
2026-07-29 16:38:36 PulseDaemon: cap write via daemon (2 node(s))
2026-07-29 16:38:36 PulseDaemon: cap write via daemon (3 node(s))
2026-07-29 16:38:38 PulseDaemon: telemetry read via daemon (16 path(s))
2026-07-29 16:38:39 PulseDaemon: telemetry read via daemon (16 path(s))
2026-07-29 16:38:40 PulseDaemon: cap write via daemon (7 node(s))
2026-07-29 16:38:40 PulseAutoTdp: tgt=90 fps=60.4 jank=0 tail=22ms act=RAISE bn=CPU cpuB=12 cpuPk=68 primePk=68 io=0 gpuB=35 gpuL=7 capped=1 prk=0 stl=0 draw=3.55W cT=53 gT=51 caps%[0:65,2:75,5:35,7:40,-100:100] curMHz[0:556,2:1401,5:1075,7:480] gpu=231 gcap=1050[0/13] lrn=100
2026-07-29 16:38:40 PulseDaemon: cap write via daemon (2 node(s))
2026-07-29 16:38:40 PulseDaemon: cap write via daemon (3 node(s))
2026-07-29 16:38:41 PulseDaemon: telemetry read via daemon (16 path(s))
2026-07-29 16:38:43 PulseDaemon: telemetry read via daemon (16 path(s))
2026-07-29 16:38:43 PulseDaemon: cap write via daemon (7 node(s))
2026-07-29 16:38:43 PulseAutoTdp: tgt=90 fps=60.4 jank=0 tail=22ms act=TRIM bn=CPU cpuB=12 cpuPk=68 primePk=68 io=0 gpuB=34 gpuL=7 capped=2 prk=0 stl=0 draw=4.43W cT=53 gT=51 caps%[0:65,2:75,5:35,7:35,-100:100] curMHz[0:672,2:1401,5:499,7:480] gpu=231 gcap=1050[0/13] lrn=100
2026-07-29 16:38:43 PulseDaemon: cap write via daemon (2 node(s))
2026-07-29 16:38:43 PulseDaemon: cap write via daemon (3 node(s))
2026-07-29 16:38:44 PulseDaemon: telemetry read via daemon (16 path(s))
2026-07-29 16:38:46 PulseDaemon: telemetry read via daemon (16 path(s))
2026-07-29 16:38:46 PulseDaemon: cap write via daemon (7 node(s))
2026-07-29 16:38:46 PulseAutoTdp: tgt=90 fps=60.6 jank=0 tail=22ms act=RAISE bn=CPU cpuB=13 cpuPk=56 primePk=54 io=0 gpuB=36 gpuL=7 capped=2 prk=0 stl=0 draw=4.04W cT=54 gT=51 caps%[0:65,2:75,5:40,7:35,-100:100] curMHz[0:460,2:1497,5:1075,7:1017] gpu=231 gcap=1050[0/13] lrn=100
2026-07-29 16:38:46 PulseDaemon: cap write via daemon (2 node(s))
2026-07-29 16:38:46 PulseDaemon: cap write via daemon (3 node(s))
2026-07-29 16:38:48 PulseDaemon: telemetry read via daemon (16 path(s))
2026-07-29 16:38:49 PulseDaemon: telemetry read via daemon (16 path(s))
2026-07-29 16:38:50 PulseDaemon: cap write via daemon (7 node(s))
2026-07-29 16:38:50 PulseAutoTdp: AUTOTDP-SESSION tgt=90 bias=BALANCED wattCap=0 policies=0:2265600:0,1;2:3148800:2,3,4;5:2956800:5,6;7:3052800:7;-100:1050000:
2026-07-29 16:38:50 PulseAutoTdp: tgt=90 fps=60.4 jank=0 tail=22ms act=TRIM bn=CPU cpuB=16 cpuPk=73 primePk=73 io=0 gpuB=35 gpuL=7 capped=2 prk=0 stl=0 draw=4.42W cT=53 gT=51 caps%[0:65,2:75,5:35,7:35,-100:100] curMHz[0:1132,2:1401,5:1190,7:480] gpu=231 gcap=1050[0/13] lrn=100
2026-07-29 16:38:50 PulseDaemon: cap write via xsu fallback (2 node(s), ~413 chars, chunked)
2026-07-29 16:38:50 PulseDaemon: cap write via daemon (3 node(s))
2026-07-29 16:38:51 PulseDaemon: telemetry read via daemon (16 path(s))
2026-07-29 16:38:53 PulseDaemon: telemetry read via daemon (16 path(s))
2026-07-29 16:38:53 PulseDaemon: cap write via xsu fallback (7 node(s), ~1323 chars, chunked)
2026-07-29 16:38:53 PulseAutoTdp: tgt=90 fps=60.6 jank=0 tail=22ms act=RAISE bn=CPU cpuB=12 cpuPk=66 primePk=66 io=0 gpuB=35 gpuL=7 capped=2 prk=0 stl=0 draw=3.64W cT=53 gT=51 caps%[0:65,2:75,5:40,7:35,-100:100] curMHz[0:556,2:1401,5:1075,7:480] gpu=231 gcap=1050[0/13] lrn=100
2026-07-29 16:38:54 PulseDaemon: cap write via daemon (2 node(s))
2026-07-29 16:38:54 PulseDaemon: cap write via daemon (3 node(s))
2026-07-29 16:38:55 PulseDaemon: telemetry read via daemon (16 path(s))
2026-07-29 16:38:56 PulseDaemon: telemetry read via daemon (16 path(s))
2026-07-29 16:38:57 PulseDaemon: cap write via daemon (7 node(s))
2026-07-29 16:38:57 PulseAutoTdp: tgt=90 fps=60.1 jank=0 tail=22ms act=TRIM bn=CPU cpuB=14 cpuPk=68 primePk=68 io=0 gpuB=35 gpuL=7 capped=2 prk=0 stl=0 draw=3.27W cT=53 gT=51 caps%[0:65,2:75,5:35,7:35,-100:100] curMHz[0:902,2:1401,5:1190,7:480] gpu=231 gcap=1050[0/13] lrn=100
2026-07-29 16:38:57 PulseDaemon: cap write via daemon (2 node(s))
2026-07-29 16:38:57 PulseDaemon: cap write via daemon (3 node(s))
2026-07-29 16:38:58 PulseDaemon: telemetry read via daemon (16 path(s))
2026-07-29 16:39:00 PulseDaemon: telemetry read via daemon (16 path(s))
2026-07-29 16:39:00 PulseDaemon: cap write via daemon (7 node(s))
2026-07-29 16:39:00 PulseAutoTdp: tgt=90 fps=61.1 jank=0 tail=22ms act=RAISE bn=- cpuB=13 cpuPk=50 primePk=41 io=0 gpuB=37 gpuL=8 capped=2 prk=0 stl=0 draw=3.38W cT=53 gT=51 caps%[0:70,2:75,5:35,7:35,-100:100] curMHz[0:672,2:1401,5:1075,7:480] gpu=231 gcap=1050[0/13] lrn=100
2026-07-29 16:39:00 PulseDaemon: cap write via daemon (2 node(s))
2026-07-29 16:39:00 PulseDaemon: cap write via daemon (3 node(s))
2026-07-29 16:39:02 PulseDaemon: telemetry read via daemon (16 path(s))
2026-07-29 16:39:03 PulseDaemon: telemetry read via daemon (16 path(s))
2026-07-29 16:39:03 PulseDaemon: cap write via daemon (7 node(s))
2026-07-29 16:39:03 PulseAutoTdp: tgt=90 fps=61.1 jank=1 tail=78ms act=TRIM bn=- cpuB=16 cpuPk=53 primePk=51 io=0 gpuB=35 gpuL=7 capped=2 prk=0 stl=0 draw=3.40W cT=53 gT=51 caps%[0:65,2:75,5:35,7:35,-100:100] curMHz[0:1248,2:1286,5:1075,7:480] gpu=231 gcap=1050[0/13] lrn=100
2026-07-29 16:39:04 PulseDaemon: cap write via daemon (2 node(s))
2026-07-29 16:39:04 PulseDaemon: cap write via daemon (3 node(s))
2026-07-29 16:39:05 PulseDaemon: telemetry read via daemon (16 path(s))
2026-07-29 16:39:06 PulseDaemon: telemetry read via daemon (16 path(s))
2026-07-29 16:39:07 PulseDaemon: cap write via daemon (7 node(s))
2026-07-29 16:39:08 PulseAutoTdp: tgt=90 fps=61.5 jank=1 tail=78ms act=RAISE bn=- cpuB=16 cpuPk=52 primePk=47 io=0 gpuB=34 gpuL=7 capped=2 prk=0 stl=0 draw=4.64W cT=54 gT=51 caps%[0:70,2:75,5:35,7:35,-100:100] curMHz[0:1248,2:1401,5:1075,7:1017] mn/mx[0:364/1248,2:1286/1401,5:499/1075,7:480/1017] gpu=231 gcap=1050[0/13] lrn=100
2026-07-29 16:39:08 PulseDaemon: cap write via daemon (2 node(s))
2026-07-29 16:39:08 PulseDaemon: cap write via daemon (3 node(s))
2026-07-29 16:39:09 PulseDaemon: telemetry read via daemon (16 path(s))
2026-07-29 16:39:11 PulseDaemon: telemetry read via daemon (16 path(s))
2026-07-29 16:39:11 PulseDaemon: cap write via daemon (7 node(s))
2026-07-29 16:39:11 PulseAutoTdp: tgt=90 fps=60.4 jank=0 tail=22ms act=TRIM bn=- cpuB=15 cpuPk=52 primePk=48 io=0 gpuB=35 gpuL=7 capped=3 prk=0 stl=0 draw=3.96W cT=54 gT=51 caps%[0:65,2:75,5:35,7:35,-100:100] curMHz[0:1017,2:1401,5:1075,7:480] gpu=231 gcap=1050[0/13] lrn=100
2026-07-29 16:39:11 PulseDaemon: cap write via daemon (2 node(s))
2026-07-29 16:39:13 PulseDaemon: telemetry read via daemon (16 path(s))
2026-07-29 16:39:14 PulseDaemon: telemetry read via daemon (16 path(s))
2026-07-29 16:39:14 PulseDaemon: cap write via daemon (7 node(s))
2026-07-29 16:39:14 PulseAutoTdp: tgt=90 fps=60.6 jank=0 tail=22ms act=RAISE bn=- cpuB=15 cpuPk=59 primePk=59 io=0 gpuB=34 gpuL=7 capped=3 prk=0 stl=0 draw=4.18W cT=54 gT=51 caps%[0:65,2:75,5:40,7:35,-100:100] curMHz[0:1248,2:1401,5:1075,7:480] gpu=231 gcap=1050[0/13] lrn=100
2026-07-29 16:39:14 PulseDaemon: cap write via daemon (2 node(s))
2026-07-29 16:39:15 PulseDaemon: cap write via daemon (3 node(s))
2026-07-29 16:39:16 PulseDaemon: telemetry read via daemon (16 path(s))
2026-07-29 16:39:17 PulseDaemon: telemetry read via daemon (16 path(s))
2026-07-29 16:39:18 PulseDaemon: cap write via daemon (7 node(s))
2026-07-29 16:39:18 PulseAutoTdp: tgt=90 fps=60.6 jank=0 tail=22ms act=TRIM bn=- cpuB=11 cpuPk=52 primePk=46 io=0 gpuB=35 gpuL=7 capped=4 prk=0 stl=0 draw=3.90W cT=53 gT=50 caps%[0:65,2:75,5:35,7:35,-100:100] curMHz[0:364,2:1286,5:1190,7:480] gpu=231 gcap=1050[0/13] lrn=100
2026-07-29 16:39:18 PulseDaemon: cap write via daemon (2 node(s))
2026-07-29 16:39:18 PulseDaemon: cap write via daemon (3 node(s))
2026-07-29 16:39:19 PulseDaemon: telemetry read via daemon (16 path(s))
2026-07-29 16:39:21 PulseDaemon: telemetry read via daemon (16 path(s))
2026-07-29 16:39:21 PulseDaemon: cap write via daemon (7 node(s))
2026-07-29 16:39:21 PulseAutoTdp: tgt=90 fps=60.6 jank=0 tail=22ms act=TRIM bn=CPU cpuB=15 cpuPk=70 primePk=70 io=0 gpuB=35 gpuL=7 capped=5 prk=0 stl=0 draw=3.58W cT=53 gT=51 caps%[0:65,2:70,5:35,7:35,-100:100] curMHz[0:1248,2:1190,5:1075,7:480] gpu=231 gcap=1050[0/13] lrn=100
2026-07-29 16:39:21 PulseDaemon: cap write via daemon (3 node(s))
2026-07-29 16:39:23 PulseDaemon: telemetry read via daemon (16 path(s))
2026-07-29 16:39:24 PulseDaemon: telemetry read via daemon (16 path(s))
2026-07-29 16:39:24 PulseDaemon: cap write via daemon (7 node(s))
2026-07-29 16:39:24 PulseAutoTdp: tgt=90 fps=60.4 jank=0 tail=22ms act=TRIM bn=CPU cpuB=12 cpuPk=68 primePk=68 io=0 gpuB=34 gpuL=7 capped=5 prk=0 stl=0 draw=3.35W cT=53 gT=50 caps%[0:60,2:70,5:35,7:35,-100:100] curMHz[0:556,2:1286,5:1075,7:480] gpu=231 gcap=1050[0/13] lrn=100
2026-07-29 16:39:25 PulseDaemon: cap write via daemon (2 node(s))
2026-07-29 16:39:25 PulseDaemon: cap write via daemon (3 node(s))
2026-07-29 16:39:26 PulseDaemon: telemetry read via daemon (16 path(s))
2026-07-29 16:39:27 PulseDaemon: telemetry read via daemon (16 path(s))
2026-07-29 16:39:28 PulseDaemon: cap write via daemon (7 node(s))
2026-07-29 16:39:28 PulseAutoTdp: tgt=90 fps=60.6 jank=0 tail=22ms act=TRIM bn=- cpuB=12 cpuPk=51 primePk=45 io=0 gpuB=35 gpuL=7 capped=5 prk=0 stl=0 draw=3.63W cT=53 gT=50 caps%[0:60,2:70,5:35,7:35,-100:95] curMHz[0:556,2:1401,5:1075,7:480] gpu=231 gcap=1050[0/13] lrn=100
2026-07-29 16:39:28 PulseDaemon: cap write via daemon (2 node(s))
2026-07-29 16:39:28 PulseDaemon: cap write via daemon (3 node(s))
2026-07-29 16:39:28 PulseDaemon: cap write via daemon (2 node(s))
2026-07-29 16:39:29 PulseDaemon: telemetry read via daemon (16 path(s))
2026-07-29 16:39:31 PulseDaemon: telemetry read via daemon (16 path(s))
2026-07-29 16:39:31 PulseDaemon: cap write via daemon (7 node(s))
2026-07-29 16:39:31 PulseAutoTdp: tgt=90 fps=60.6 jank=0 tail=22ms act=TRIM bn=- cpuB=15 cpuPk=55 primePk=55 io=0 gpuB=37 gpuL=8 capped=5 prk=0 stl=0 draw=3.84W cT=53 gT=51 caps%[0:60,2:70,5:35,7:35,-100:90] curMHz[0:902,2:1401,5:1075,7:480] gpu=231 gcap=1000[1/13] lrn=100
2026-07-29 16:39:31 PulseDaemon: cap write via daemon (2 node(s))
2026-07-29 16:39:32 PulseDaemon: cap write via daemon (3 node(s))
2026-07-29 16:39:32 PulseDaemon: cap write via daemon (2 node(s))
2026-07-29 16:39:33 PulseDaemon: telemetry read via daemon (16 path(s))
2026-07-29 16:39:34 PulseDaemon: telemetry read via daemon (16 path(s))
2026-07-29 16:39:35 PulseDaemon: cap write via daemon (7 node(s))
2026-07-29 16:39:35 PulseAutoTdp: tgt=90 fps=60.6 jank=2 tail=33ms act=TRIM bn=- cpuB=12 cpuPk=54 primePk=46 io=0 gpuB=36 gpuL=7 capped=5 prk=0 stl=0 draw=3.67W cT=54 gT=51 caps%[0:60,2:70,5:35,7:35,-100:85] curMHz[0:460,2:1401,5:1075,7:480] gpu=231 gcap=903[2/13] lrn=100
2026-07-29 16:39:35 PulseDaemon: cap write via daemon (2 node(s))
2026-07-29 16:39:35 PulseDaemon: cap write via daemon (3 node(s))
2026-07-29 16:39:35 PulseDaemon: cap write via daemon (2 node(s))
2026-07-29 16:39:36 PulseDaemon: telemetry read via daemon (16 path(s))
2026-07-29 16:39:38 PulseDaemon: telemetry read via daemon (16 path(s))
2026-07-29 16:39:38 PulseDaemon: cap write via xsu fallback (7 node(s), ~1323 chars, chunked)
2026-07-29 16:39:39 PulseAutoTdp: tgt=90 fps=61.1 jank=0 tail=22ms act=TRIM bn=- cpuB=15 cpuPk=55 primePk=49 io=0 gpuB=38 gpuL=8 capped=5 prk=0 stl=0 draw=3.90W cT=54 gT=51 caps%[0:60,2:70,5:35,7:35,-100:80] curMHz[0:1132,2:1286,5:1075,7:480] gpu=231 gcap=903[2/13] lrn=100
2026-07-29 16:39:39 PulseDaemon: cap write via daemon (2 node(s))
2026-07-29 16:39:39 PulseDaemon: cap write via daemon (3 node(s))
2026-07-29 16:39:39 PulseDaemon: cap write via daemon (2 node(s))
2026-07-29 16:39:40 PulseDaemon: telemetry read via daemon (16 path(s))
2026-07-29 16:39:42 PulseDaemon: telemetry read via daemon (16 path(s))
2026-07-29 16:39:42 PulseDaemon: cap write via daemon (7 node(s))
2026-07-29 16:39:42 PulseAutoTdp: AUTOTDP-SESSION tgt=90 bias=BALANCED wattCap=0 policies=0:2265600:0,1;2:3148800:2,3,4;5:2956800:5,6;7:3052800:7;-100:1050000:
2026-07-29 16:39:43 PulseAutoTdp: tgt=90 fps=60.7 jank=1 tail=58ms act=RAISE bn=- cpuB=16 cpuPk=62 primePk=62 io=0 gpuB=37 gpuL=8 capped=0 prk=0 stl=0 draw=3.75W cT=54 gT=51 caps%[0:60,2:70,5:35,7:35,-100:85] curMHz[0:1017,2:1497,5:1075,7:480] mn/mx[0:364/1248,2:1401/1497,5:499/1075,7:480/1017] gpu=231 gcap=834[3/13] lrn=100
2026-07-29 16:39:43 PulseDaemon: cap write via daemon (2 node(s))
2026-07-29 16:39:43 PulseDaemon: cap write via daemon (3 node(s))
2026-07-29 16:39:43 PulseDaemon: cap write via daemon (2 node(s))
2026-07-29 16:39:45 PulseDaemon: telemetry read via daemon (16 path(s))
2026-07-29 16:39:46 PulseDaemon: telemetry read via daemon (16 path(s))
2026-07-29 16:39:46 PulseDaemon: cap write via daemon (7 node(s))
2026-07-29 16:39:46 PulseAutoTdp: tgt=90 fps=63.5 jank=0 tail=22ms act=RAISE bn=- cpuB=17 cpuPk=55 primePk=54 io=0 gpuB=40 gpuL=8 capped=0 prk=0 stl=0 draw=3.75W cT=55 gT=51 caps%[0:60,2:70,5:35,7:35,-100:90] curMHz[0:1248,2:1612,5:1075,7:480] gpu=231 gcap=903[2/13] lrn=100
2026-07-29 16:39:46 PulseDaemon: cap write via daemon (2 node(s))
2026-07-29 16:39:47 PulseDaemon: cap write via daemon (3 node(s))
2026-07-29 16:39:47 PulseDaemon: cap write via daemon (2 node(s))
2026-07-29 16:39:48 PulseDaemon: telemetry read via daemon (16 path(s))
2026-07-29 16:39:50 PulseDaemon: telemetry read via daemon (16 path(s))
2026-07-29 16:39:50 PulseDaemon: cap write via daemon (7 node(s))
2026-07-29 16:39:50 PulseAutoTdp: tgt=90 fps=60.6 jank=2 tail=33ms act=TRIM bn=- cpuB=18 cpuPk=55 primePk=51 io=0 gpuB=37 gpuL=8 capped=0 prk=0 stl=0 draw=4.46W cT=55 gT=51 caps%[0:60,2:70,5:35,7:35,-100:85] curMHz[0:1248,2:1612,5:1075,7:480] gpu=231 gcap=903[2/13] lrn=100
2026-07-29 16:39:50 PulseDaemon: cap write via daemon (2 node(s))
2026-07-29 16:39:50 PulseDaemon: cap write via daemon (3 node(s))
2026-07-29 16:39:50 PulseDaemon: cap write via daemon (2 node(s))
2026-07-29 16:39:52 PulseDaemon: telemetry read via daemon (16 path(s))
2026-07-29 16:39:53 PulseDaemon: telemetry read via daemon (16 path(s))
2026-07-29 16:39:53 PulseDaemon: cap write via daemon (7 node(s))
2026-07-29 16:39:53 PulseAutoTdp: tgt=90 fps=51.6 jank=2 tail=33ms act=RAISE bn=CPU cpuB=14 cpuPk=85 primePk=57 io=0 gpuB=33 gpuL=7 capped=0 prk=0 stl=0 draw=3.90W cT=55 gT=52 caps%[0:60,2:75,5:35,7:35,-100:85] curMHz[0:672,2:1612,5:1075,7:1017] gpu=231 gcap=903[2/13] lrn=100
2026-07-29 16:39:53 PulseDaemon: cap write via daemon (2 node(s))
2026-07-29 16:39:54 PulseDaemon: cap write via daemon (3 node(s))
2026-07-29 16:39:54 PulseDaemon: cap write via daemon (2 node(s))
2026-07-29 16:39:55 PulseDaemon: telemetry read via daemon (16 path(s))
2026-07-29 16:39:56 PulseDaemon: telemetry read via daemon (16 path(s))
2026-07-29 16:39:57 PulseDaemon: cap write via daemon (7 node(s))
2026-07-29 16:39:57 PulseAutoTdp: tgt=90 fps=61.1 jank=0 tail=22ms act=RAISE bn=CPU cpuB=15 cpuPk=59 primePk=42 io=0 gpuB=36 gpuL=7 capped=0 prk=0 stl=0 draw=4.31W cT=55 gT=51 caps%[0:60,2:80,5:35,7:35,-100:85] curMHz[0:672,2:1708,5:1075,7:1017] gpu=231 gcap=903[2/13] lrn=100
2026-07-29 16:39:57 PulseDaemon: cap write via daemon (2 node(s))
2026-07-29 16:39:57 PulseDaemon: cap write via daemon (3 node(s))
2026-07-29 16:39:57 PulseDaemon: cap write via daemon (2 node(s))
2026-07-29 16:39:58 PulseDaemon: telemetry read via daemon (16 path(s))
2026-07-29 16:40:00 PulseDaemon: telemetry read via daemon (16 path(s))
2026-07-29 16:40:00 PulseDaemon: cap write via daemon (7 node(s))
2026-07-29 16:40:00 PulseAutoTdp: tgt=90 fps=60.8 jank=1 tail=33ms act=TRIM bn=CPU cpuB=18 cpuPk=55 primePk=38 io=0 gpuB=35 gpuL=7 capped=0 prk=0 stl=0 draw=3.91W cT=54 gT=51 caps%[0:60,2:75,5:35,7:35,-100:85] curMHz[0:1248,2:1824,5:1075,7:480] gpu=231 gcap=903[2/13] lrn=100
2026-07-29 16:40:00 PulseDaemon: cap write via daemon (2 node(s))
2026-07-29 16:40:00 PulseDaemon: cap write via daemon (3 node(s))
2026-07-29 16:40:01 PulseDaemon: cap write via daemon (2 node(s))
2026-07-29 16:40:02 PulseDaemon: telemetry read via daemon (16 path(s))
2026-07-29 16:40:03 PulseDaemon: telemetry read via daemon (16 path(s))
2026-07-29 16:40:04 PulseDaemon: cap write via daemon (7 node(s))
2026-07-29 16:40:04 PulseAutoTdp: tgt=90 fps=60.1 jank=0 tail=22ms act=RAISE bn=CPU cpuB=18 cpuPk=65 primePk=65 io=0 gpuB=34 gpuL=7 capped=0 prk=0 stl=0 draw=4.39W cT=54 gT=51 caps%[0:60,2:80,5:35,7:35,-100:85] curMHz[0:1248,2:1708,5:1075,7:480] gpu=231 gcap=903[2/13] lrn=100
2026-07-29 16:40:04 PulseDaemon: cap write via daemon (2 node(s))
2026-07-29 16:40:04 PulseDaemon: cap write via daemon (3 node(s))
2026-07-29 16:40:04 PulseDaemon: cap write via daemon (2 node(s))
2026-07-29 16:40:05 PulseDaemon: telemetry read via daemon (16 path(s))
2026-07-29 16:40:07 PulseDaemon: telemetry read via daemon (16 path(s))
2026-07-29 16:40:07 PulseDaemon: cap write via daemon (7 node(s))
2026-07-29 16:40:07 PulseAutoTdp: tgt=90 fps=60.6 jank=0 tail=22ms act=TRIM bn=CPU cpuB=14 cpuPk=61 primePk=61 io=0 gpuB=33 gpuL=7 capped=0 prk=0 stl=0 draw=4.12W cT=54 gT=51 caps%[0:60,2:75,5:35,7:35,-100:85] curMHz[0:1248,2:1401,5:499,7:480] gpu=231 gcap=903[2/13] lrn=100
2026-07-29 16:40:07 PulseDaemon: cap write via daemon (2 node(s))
2026-07-29 16:40:07 PulseDaemon: cap write via daemon (3 node(s))
2026-07-29 16:40:07 PulseDaemon: cap write via daemon (2 node(s))
2026-07-29 16:40:09 PulseDaemon: telemetry read via daemon (16 path(s))
2026-07-29 16:40:10 PulseDaemon: telemetry read via daemon (16 path(s))
2026-07-29 16:40:11 PulseDaemon: cap write via daemon (7 node(s))
2026-07-29 16:40:11 PulseAutoTdp: tgt=90 fps=60.4 jank=0 tail=22ms act=RAISE bn=CPU cpuB=13 cpuPk=63 primePk=63 io=0 gpuB=32 gpuL=7 capped=0 prk=0 stl=0 draw=3.35W cT=53 gT=50 caps%[0:60,2:80,5:35,7:35,-100:85] curMHz[0:787,2:1286,5:1075,7:480] gpu=231 gcap=903[2/13] lrn=100
2026-07-29 16:40:11 PulseDaemon: cap write via daemon (2 node(s))
2026-07-29 16:40:11 PulseDaemon: cap write via daemon (3 node(s))
2026-07-29 16:40:11 PulseDaemon: cap write via daemon (2 node(s))
2026-07-29 16:40:12 PulseDaemon: telemetry read via daemon (16 path(s))
2026-07-29 16:40:14 PulseDaemon: telemetry read via daemon (16 path(s))
2026-07-29 16:40:14 PulseDaemon: cap write via daemon (7 node(s))
2026-07-29 16:40:14 PulseAutoTdp: tgt=90 fps=60.6 jank=0 tail=22ms act=TRIM bn=CPU cpuB=11 cpuPk=69 primePk=69 io=0 gpuB=34 gpuL=7 capped=1 prk=0 stl=0 draw=3.21W cT=53 gT=50 caps%[0:60,2:75,5:35,7:35,-100:85] curMHz[0:460,2:1190,5:1075,7:480] gpu=231 gcap=903[2/13] lrn=100
2026-07-29 16:40:14 PulseDaemon: cap write via daemon (2 node(s))
2026-07-29 16:40:14 PulseDaemon: cap write via daemon (3 node(s))
2026-07-29 16:40:14 PulseDaemon: cap write via daemon (2 node(s))
2026-07-29 16:40:16 PulseDaemon: telemetry read via daemon (16 path(s))
2026-07-29 16:40:17 PulseDaemon: telemetry read via daemon (16 path(s))
2026-07-29 16:40:18 PulseDaemon: cap write via daemon (7 node(s))
2026-07-29 16:40:18 PulseAutoTdp: tgt=90 fps=60.4 jank=0 tail=22ms act=RAISE bn=CPU cpuB=14 cpuPk=68 primePk=68 io=0 gpuB=36 gpuL=7 capped=1 prk=0 stl=0 draw=4.20W cT=53 gT=51 caps%[0:60,2:75,5:35,7:40,-100:85] curMHz[0:556,2:1401,5:1075,7:480] mn/mx[0:364/1248,2:1286/1401,5:499/1075,7:480/1248] gpu=231 gcap=903[2/13] lrn=100
2026-07-29 16:40:18 PulseDaemon: cap write via daemon (2 node(s))
2026-07-29 16:40:19 PulseDaemon: cap write via daemon (3 node(s))
2026-07-29 16:40:19 PulseDaemon: cap write via daemon (2 node(s))
2026-07-29 16:40:20 PulseDaemon: telemetry read via daemon (16 path(s))
2026-07-29 16:40:21 PulseDaemon: telemetry read via daemon (16 path(s))
2026-07-29 16:40:22 PulseDaemon: cap write via daemon (7 node(s))
2026-07-29 16:40:22 PulseAutoTdp: tgt=90 fps=60.6 jank=0 tail=22ms act=TRIM bn=CPU cpuB=14 cpuPk=76 primePk=76 io=0 gpuB=36 gpuL=7 capped=1 prk=0 stl=0 draw=4.04W cT=53 gT=50 caps%[0:60,2:75,5:35,7:35,-100:85] curMHz[0:787,2:1401,5:1075,7:480] gpu=231 gcap=903[2/13] lrn=100
2026-07-29 16:40:22 PulseDaemon: cap write via daemon (2 node(s))
2026-07-29 16:40:22 PulseDaemon: cap write via daemon (3 node(s))
2026-07-29 16:40:22 PulseDaemon: cap write via daemon (2 node(s))
2026-07-29 16:40:23 PulseDaemon: telemetry read via daemon (16 path(s))
2026-07-29 16:40:25 PulseDaemon: telemetry read via daemon (16 path(s))
2026-07-29 16:40:25 PulseDaemon: cap write via daemon (7 node(s))
2026-07-29 16:40:25 PulseAutoTdp: tgt=90 fps=60.6 jank=1 tail=33ms act=RAISE bn=CPU cpuB=14 cpuPk=55 primePk=44 io=0 gpuB=34 gpuL=7 capped=1 prk=0 stl=0 draw=4.40W cT=54 gT=51 caps%[0:60,2:75,5:35,7:40,-100:85] curMHz[0:672,2:1401,5:1075,7:480] gpu=231 gcap=903[2/13] lrn=100
2026-07-29 16:40:25 PulseDaemon: cap write via daemon (2 node(s))
2026-07-29 16:40:26 PulseDaemon: cap write via daemon (3 node(s))
2026-07-29 16:40:26 PulseDaemon: cap write via daemon (2 node(s))
2026-07-29 16:40:27 PulseDaemon: telemetry read via daemon (16 path(s))
2026-07-29 16:40:28 PulseDaemon: telemetry read via daemon (16 path(s))
2026-07-29 16:40:29 PulseDaemon: cap write via daemon (7 node(s))
2026-07-29 16:40:29 PulseAutoTdp: tgt=90 fps=60.6 jank=0 tail=22ms act=TRIM bn=CPU cpuB=11 cpuPk=68 primePk=68 io=0 gpuB=35 gpuL=7 capped=1 prk=0 stl=0 draw=3.53W cT=53 gT=51 caps%[0:60,2:75,5:35,7:35,-100:85] curMHz[0:787,2:1286,5:614,7:480] gpu=231 gcap=903[2/13] lrn=100
2026-07-29 16:40:29 PulseDaemon: cap write via daemon (2 node(s))
2026-07-29 16:40:29 PulseDaemon: cap write via daemon (3 node(s))
2026-07-29 16:40:29 PulseDaemon: cap write via daemon (2 node(s))
2026-07-29 16:40:30 PulseDaemon: telemetry read via daemon (16 path(s))
2026-07-29 16:40:32 PulseDaemon: telemetry read via daemon (16 path(s))
2026-07-29 16:40:32 PulseDaemon: cap write via daemon (7 node(s))
2026-07-29 16:40:32 PulseAutoTdp: tgt=90 fps=60.6 jank=0 tail=22ms act=RAISE bn=CPU cpuB=13 cpuPk=57 primePk=57 io=0 gpuB=34 gpuL=7 capped=1 prk=0 stl=0 draw=3.88W cT=53 gT=51 caps%[0:60,2:75,5:35,7:40,-100:85] curMHz[0:787,2:1286,5:1075,7:480] gpu=231 gcap=903[2/13] lrn=100
2026-07-29 16:40:32 PulseDaemon: cap write via daemon (2 node(s))
2026-07-29 16:40:33 PulseDaemon: cap write via daemon (3 node(s))
2026-07-29 16:40:33 PulseDaemon: cap write via daemon (2 node(s))
2026-07-29 16:40:34 PulseDaemon: telemetry read via daemon (16 path(s))
2026-07-29 16:40:35 PulseDaemon: telemetry read via daemon (16 path(s))
2026-07-29 16:40:36 PulseDaemon: cap write via daemon (7 node(s))
2026-07-29 16:40:36 PulseAutoTdp: AUTOTDP-SESSION tgt=90 bias=BALANCED wattCap=0 policies=0:2265600:0,1;2:3148800:2,3,4;5:2956800:5,6;7:3052800:7;-100:1050000:
2026-07-29 16:40:36 PulseAutoTdp: tgt=90 fps=60.6 jank=0 tail=22ms act=TRIM bn=CPU cpuB=14 cpuPk=76 primePk=76 io=0 gpuB=32 gpuL=7 capped=2 prk=0 stl=0 draw=3.97W cT=53 gT=51 caps%[0:60,2:75,5:35,7:35,-100:85] curMHz[0:902,2:1286,5:1075,7:480] gpu=231 gcap=903[2/13] lrn=100
2026-07-29 16:40:36 PulseDaemon: cap write via daemon (2 node(s))
2026-07-29 16:40:36 PulseDaemon: cap write via daemon (3 node(s))
2026-07-29 16:40:36 PulseDaemon: cap write via daemon (2 node(s))
2026-07-29 16:40:38 PulseDaemon: telemetry read via daemon (16 path(s))
2026-07-29 16:40:39 PulseDaemon: telemetry read via daemon (16 path(s))
2026-07-29 16:40:39 PulseAutoTdp: tgt=90 fps=60.6 jank=0 tail=22ms act=RAISE bn=CPU cpuB=11 cpuPk=68 primePk=68 io=0 gpuB=31 gpuL=6 capped=2 prk=0 stl=0 draw=3.38W cT=53 gT=50 caps%[0:60,2:75,5:40,7:35,-100:85] curMHz[0:460,2:1286,5:1075,7:480] gpu=231 gcap=903[2/13] lrn=100
2026-07-29 16:40:39 PulseDaemon: cap write via xsu fallback (2 node(s), ~413 chars, chunked)
2026-07-29 16:40:40 PulseDaemon: cap write via daemon (3 node(s))
2026-07-29 16:40:40 PulseDaemon: cap write via daemon (2 node(s))
2026-07-29 16:40:41 PulseDaemon: telemetry read via daemon (16 path(s))
2026-07-29 16:40:42 PulseDaemon: telemetry read via daemon (16 path(s))
2026-07-29 16:40:43 PulseDaemon: cap write via daemon (7 node(s))
2026-07-29 16:40:43 PulseAutoTdp: tgt=90 fps=60.8 jank=0 tail=22ms act=TRIM bn=CPU cpuB=17 cpuPk=60 primePk=60 io=0 gpuB=36 gpuL=7 capped=2 prk=0 stl=0 draw=3.52W cT=54 gT=51 caps%[0:60,2:75,5:35,7:35,-100:85] curMHz[0:1248,2:1190,5:1190,7:1017] gpu=231 gcap=903[2/13] lrn=100
2026-07-29 16:40:43 PulseDaemon: cap write via daemon (2 node(s))
2026-07-29 16:40:43 PulseDaemon: cap write via daemon (3 node(s))
2026-07-29 16:40:43 PulseDaemon: cap write via daemon (2 node(s))
2026-07-29 16:40:44 PulseDaemon: telemetry read via daemon (16 path(s))
2026-07-29 16:40:46 PulseDaemon: telemetry read via daemon (16 path(s))
2026-07-29 16:40:46 PulseDaemon: cap write via xsu fallback (7 node(s), ~1323 chars, chunked)
2026-07-29 16:40:47 PulseAutoTdp: tgt=90 fps=60.4 jank=0 tail=22ms act=RAISE bn=CPU cpuB=12 cpuPk=78 primePk=78 io=0 gpuB=35 gpuL=7 capped=2 prk=0 stl=0 draw=3.26W cT=53 gT=51 caps%[0:60,2:75,5:40,7:35,-100:85] curMHz[0:556,2:1190,5:1075,7:480] gpu=231 gcap=903[2/13] lrn=100
2026-07-29 16:40:47 PulseDaemon: cap write via daemon (2 node(s))
2026-07-29 16:40:47 PulseDaemon: cap write via daemon (3 node(s))
2026-07-29 16:40:47 PulseDaemon: cap write via daemon (2 node(s))
2026-07-29 16:40:48 PulseDaemon: telemetry read via daemon (16 path(s))
2026-07-29 16:40:50 PulseDaemon: telemetry read via daemon (16 path(s))
2026-07-29 16:40:50 PulseDaemon: cap write via daemon (7 node(s))
2026-07-29 16:40:50 PulseAutoTdp: tgt=90 fps=60.9 jank=0 tail=22ms act=TRIM bn=CPU cpuB=14 cpuPk=66 primePk=66 io=0 gpuB=33 gpuL=7 capped=2 prk=0 stl=0 draw=3.56W cT=53 gT=50 caps%[0:60,2:75,5:35,7:35,-100:85] curMHz[0:902,2:1286,5:1190,7:480] gpu=231 gcap=903[2/13] lrn=100
2026-07-29 16:40:50 PulseDaemon: cap write via daemon (2 node(s))
2026-07-29 16:40:50 PulseDaemon: cap write via daemon (3 node(s))
2026-07-29 16:40:50 PulseDaemon: cap write via daemon (2 node(s))
2026-07-29 16:40:52 PulseDaemon: telemetry read via daemon (16 path(s))
2026-07-29 16:40:53 PulseDaemon: telemetry read via daemon (16 path(s))
2026-07-29 16:40:54 PulseDaemon: cap write via daemon (7 node(s))
2026-07-29 16:40:55 PulseAutoTdp: tgt=90 fps=60.4 jank=0 tail=22ms act=RAISE bn=CPU cpuB=11 cpuPk=62 primePk=62 io=0 gpuB=33 gpuL=7 capped=2 prk=0 stl=0 draw=3.18W cT=53 gT=51 caps%[0:60,2:75,5:40,7:35,-100:85] curMHz[0:364,2:1401,5:1075,7:480] mn/mx[0:364/1248,2:1286/1401,5:499/1190,7:480/1017] gpu=231 gcap=903[2/13] lrn=100
2026-07-29 16:40:55 PulseDaemon: cap write via daemon (2 node(s))
2026-07-29 16:40:55 PulseDaemon: cap write via daemon (3 node(s))
2026-07-29 16:40:55 PulseDaemon: cap write via daemon (2 node(s))
2026-07-29 16:40:56 PulseDaemon: telemetry read via daemon (16 path(s))
2026-07-29 16:40:58 PulseDaemon: telemetry read via daemon (16 path(s))
2026-07-29 16:40:58 PulseDaemon: cap write via daemon (7 node(s))
2026-07-29 16:40:58 PulseAutoTdp: tgt=90 fps=62.4 jank=0 tail=22ms act=TRIM bn=CPU cpuB=15 cpuPk=64 primePk=64 io=0 gpuB=34 gpuL=7 capped=3 prk=0 stl=0 draw=3.98W cT=53 gT=50 caps%[0:60,2:75,5:35,7:35,-100:85] curMHz[0:902,2:1401,5:1190,7:480] gpu=231 gcap=903[2/13] lrn=100
2026-07-29 16:40:58 PulseDaemon: cap write via daemon (2 node(s))
2026-07-29 16:40:58 PulseDaemon: cap write via daemon (3 node(s))
2026-07-29 16:40:58 PulseDaemon: cap write via daemon (2 node(s))
2026-07-29 16:41:00 PulseDaemon: telemetry read via daemon (16 path(s))
2026-07-29 16:41:01 PulseDaemon: telemetry read via daemon (16 path(s))
2026-07-29 16:41:01 PulseDaemon: cap write via daemon (7 node(s))
2026-07-29 16:41:01 PulseAutoTdp: tgt=90 fps=60.4 jank=0 tail=22ms act=RAISE bn=- cpuB=14 cpuPk=47 primePk=42 io=0 gpuB=34 gpuL=7 capped=3 prk=0 stl=0 draw=4.02W cT=53 gT=51 caps%[0:60,2:75,5:35,7:35,-100:90] curMHz[0:902,2:1401,5:1075,7:480] gpu=231 gcap=903[2/13] lrn=100
2026-07-29 16:41:02 PulseDaemon: cap write via daemon (2 node(s))
2026-07-29 16:41:02 PulseDaemon: cap write via daemon (3 node(s))
2026-07-29 16:41:02 PulseDaemon: cap write via daemon (2 node(s))
2026-07-29 16:41:03 PulseDaemon: telemetry read via daemon (16 path(s))
2026-07-29 16:41:05 PulseDaemon: telemetry read via daemon (16 path(s))
2026-07-29 16:41:05 PulseDaemon: cap write via daemon (7 node(s))
2026-07-29 16:41:05 PulseAutoTdp: tgt=90 fps=60.4 jank=0 tail=22ms act=TRIM bn=- cpuB=15 cpuPk=52 primePk=51 io=0 gpuB=34 gpuL=7 capped=3 prk=0 stl=0 draw=3.31W cT=53 gT=50 caps%[0:60,2:75,5:35,7:35,-100:85] curMHz[0:1017,2:1286,5:1075,7:480] gpu=231 gcap=903[2/13] lrn=100
2026-07-29 16:41:05 PulseDaemon: cap write via daemon (2 node(s))
2026-07-29 16:41:05 PulseDaemon: cap write via daemon (3 node(s))
2026-07-29 16:41:05 PulseDaemon: cap write via daemon (2 node(s))
2026-07-29 16:41:07 PulseDaemon: telemetry read via daemon (16 path(s))
2026-07-29 16:41:08 PulseDaemon: telemetry read via daemon (16 path(s))
2026-07-29 16:41:08 PulseDaemon: cap write via daemon (7 node(s))
2026-07-29 16:41:08 PulseAutoTdp: tgt=90 fps=60.1 jank=0 tail=22ms act=RAISE bn=- cpuB=13 cpuPk=54 primePk=46 io=0 gpuB=34 gpuL=7 capped=3 prk=0 stl=0 draw=4.46W cT=53 gT=50 caps%[0:60,2:75,5:35,7:35,-100:90] curMHz[0:672,2:1401,5:1075,7:480] gpu=231 gcap=903[2/13] lrn=100
2026-07-29 16:41:08 PulseDaemon: cap write via xsu fallback (2 node(s), ~413 chars, chunked)
2026-07-29 16:41:09 PulseDaemon: cap write via daemon (3 node(s))
2026-07-29 16:41:09 PulseDaemon: cap write via daemon (2 node(s))
2026-07-29 16:41:10 PulseDaemon: telemetry read via daemon (16 path(s))
2026-07-29 16:41:11 PulseDaemon: telemetry read via daemon (16 path(s))
2026-07-29 16:41:12 PulseDaemon: cap write via daemon (7 node(s))
2026-07-29 16:41:12 PulseAutoTdp: tgt=90 fps=60.6 jank=0 tail=22ms act=TRIM bn=- cpuB=15 cpuPk=63 primePk=63 io=0 gpuB=31 gpuL=6 capped=4 prk=0 stl=0 draw=3.95W cT=53 gT=51 caps%[0:60,2:75,5:35,7:35,-100:85] curMHz[0:1248,2:1401,5:1075,7:480] gpu=231 gcap=903[2/13] lrn=100
2026-07-29 16:41:12 PulseDaemon: cap write via xsu fallback (2 node(s), ~413 chars, chunked)
2026-07-29 16:41:12 PulseDaemon: cap write via daemon (3 node(s))
2026-07-29 16:41:12 PulseDaemon: cap write via daemon (2 node(s))
2026-07-29 16:41:14 PulseDaemon: telemetry read via daemon (16 path(s))
2026-07-29 16:41:15 PulseDaemon: telemetry read via daemon (16 path(s))
2026-07-29 16:41:15 PulseDaemon: cap write via daemon (7 node(s))
2026-07-29 16:41:15 PulseAutoTdp: tgt=90 fps=60.6 jank=0 tail=22ms act=RAISE bn=CPU cpuB=10 cpuPk=65 primePk=65 io=0 gpuB=31 gpuL=6 capped=4 prk=0 stl=0 draw=3.96W cT=52 gT=50 caps%[0:65,2:75,5:35,7:35,-100:85] curMHz[0:460,2:1190,5:1075,7:480] gpu=231 gcap=903[2/13] lrn=100
2026-07-29 16:41:16 PulseDaemon: cap write via daemon (2 node(s))
2026-07-29 16:41:16 PulseDaemon: cap write via xsu fallback (3 node(s), ~621 chars, chunked)
2026-07-29 16:41:16 PulseDaemon: cap write via daemon (2 node(s))
2026-07-29 16:41:17 PulseDaemon: telemetry read via daemon (16 path(s))
2026-07-29 16:41:19 PulseDaemon: telemetry read via daemon (16 path(s))
2026-07-29 16:41:19 PulseDaemon: cap write via daemon (7 node(s))
2026-07-29 16:41:19 PulseAutoTdp: tgt=90 fps=60.6 jank=0 tail=22ms act=TRIM bn=CPU cpuB=12 cpuPk=63 primePk=63 io=0 gpuB=31 gpuL=6 capped=4 prk=0 stl=0 draw=3.99W cT=53 gT=50 caps%[0:60,2:75,5:35,7:35,-100:85] curMHz[0:672,2:1286,5:1075,7:480] gpu=231 gcap=903[2/13] lrn=100
2026-07-29 16:41:19 PulseDaemon: cap write via daemon (2 node(s))
2026-07-29 16:41:19 PulseDaemon: cap write via daemon (3 node(s))
2026-07-29 16:41:19 PulseDaemon: cap write via daemon (2 node(s))
2026-07-29 16:41:21 PulseDaemon: telemetry read via daemon (16 path(s))
2026-07-29 16:41:22 PulseDaemon: telemetry read via daemon (16 path(s))
2026-07-29 16:41:23 PulseDaemon: cap write via daemon (7 node(s))
2026-07-29 16:41:23 PulseAutoTdp: tgt=90 fps=60.4 jank=0 tail=22ms act=RAISE bn=CPU cpuB=15 cpuPk=65 primePk=65 io=0 gpuB=30 gpuL=6 capped=4 prk=0 stl=0 draw=3.61W cT=53 gT=50 caps%[0:65,2:75,5:35,7:35,-100:85] curMHz[0:1248,2:1190,5:1075,7:480] gpu=231 gcap=903[2/13] lrn=100
2026-07-29 16:41:23 PulseDaemon: cap write via daemon (2 node(s))
2026-07-29 16:41:23 PulseDaemon: cap write via daemon (3 node(s))
2026-07-29 16:41:23 PulseDaemon: cap write via daemon (2 node(s))
2026-07-29 16:41:24 PulseDaemon: telemetry read via daemon (16 path(s))
2026-07-29 16:41:26 PulseDaemon: telemetry read via daemon (16 path(s))
2026-07-29 16:41:26 PulseDaemon: cap write via daemon (7 node(s))
2026-07-29 16:41:26 PulseAutoTdp: tgt=90 fps=60.6 jank=0 tail=22ms act=TRIM bn=CPU cpuB=12 cpuPk=65 primePk=65 io=0 gpuB=30 gpuL=6 capped=4 prk=0 stl=0 draw=3.88W cT=52 gT=51 caps%[0:60,2:75,5:35,7:35,-100:85] curMHz[0:672,2:1190,5:1075,7:480] gpu=231 gcap=903[2/13] lrn=100
2026-07-29 16:41:26 PulseDaemon: cap write via daemon (2 node(s))
2026-07-29 16:41:26 PulseDaemon: cap write via daemon (3 node(s))
2026-07-29 16:41:26 PulseDaemon: cap write via daemon (2 node(s))
2026-07-29 16:41:28 PulseDaemon: telemetry read via daemon (16 path(s))
2026-07-29 16:41:29 PulseDaemon: telemetry read via daemon (16 path(s))
2026-07-29 16:41:30 PulseDaemon: cap write via daemon (7 node(s))
2026-07-29 16:41:30 PulseAutoTdp: AUTOTDP-SESSION tgt=90 bias=BALANCED wattCap=0 policies=0:2265600:0,1;2:3148800:2,3,4;5:2956800:5,6;7:3052800:7;-100:1050000:
2026-07-29 16:41:30 PulseAutoTdp: tgt=90 fps=63.5 jank=0 tail=22ms act=RAISE bn=CPU cpuB=11 cpuPk=64 primePk=64 io=0 gpuB=31 gpuL=6 capped=0 prk=0 stl=0 draw=3.87W cT=52 gT=50 caps%[0:60,2:80,5:35,7:35,-100:85] curMHz[0:787,2:1286,5:499,7:480] mn/mx[0:364/1248,2:1190/1286,5:499/1075,7:480/1017] gpu=231 gcap=903[2/13] lrn=100
2026-07-29 16:41:30 PulseDaemon: cap write via daemon (2 node(s))
2026-07-29 16:41:31 PulseDaemon: cap write via daemon (3 node(s))
2026-07-29 16:41:31 PulseDaemon: cap write via daemon (2 node(s))
2026-07-29 16:41:32 PulseDaemon: telemetry read via daemon (16 path(s))
2026-07-29 16:41:33 PulseDaemon: telemetry read via daemon (16 path(s))
2026-07-29 16:41:34 PulseDaemon: cap write via xsu fallback (7 node(s), ~1323 chars, chunked)
2026-07-29 16:41:34 PulseAutoTdp: tgt=90 fps=60.6 jank=0 tail=22ms act=TRIM bn=CPU cpuB=12 cpuPk=71 primePk=71 io=0 gpuB=28 gpuL=6 capped=0 prk=0 stl=0 draw=2.94W cT=53 gT=50 caps%[0:60,2:75,5:35,7:35,-100:85] curMHz[0:672,2:1401,5:1075,7:480] gpu=231 gcap=903[2/13] lrn=100
2026-07-29 16:41:34 PulseDaemon: cap write via daemon (2 node(s))
2026-07-29 16:41:34 PulseDaemon: cap write via daemon (3 node(s))
2026-07-29 16:41:35 PulseDaemon: cap write via daemon (2 node(s))
2026-07-29 16:41:36 PulseDaemon: telemetry read via daemon (16 path(s))
2026-07-29 16:41:37 PulseDaemon: telemetry read via daemon (16 path(s))
2026-07-29 16:41:38 PulseDaemon: cap write via daemon (7 node(s))
2026-07-29 16:41:38 PulseAutoTdp: tgt=90 fps=60.1 jank=0 tail=22ms act=RAISE bn=CPU cpuB=12 cpuPk=72 primePk=72 io=0 gpuB=33 gpuL=7 capped=0 prk=0 stl=0 draw=3.88W cT=53 gT=50 caps%[0:60,2:80,5:35,7:35,-100:85] curMHz[0:556,2:1401,5:1075,7:480] gpu=231 gcap=903[2/13] lrn=100
2026-07-29 16:41:38 PulseDaemon: cap write via daemon (2 node(s))
2026-07-29 16:41:38 PulseDaemon: cap write via daemon (3 node(s))
2026-07-29 16:41:38 PulseDaemon: cap write via daemon (2 node(s))
2026-07-29 16:41:39 PulseDaemon: telemetry read via daemon (16 path(s))
2026-07-29 16:41:41 PulseDaemon: telemetry read via daemon (16 path(s))
2026-07-29 16:41:41 PulseDaemon: cap write via daemon (7 node(s))
2026-07-29 16:41:41 PulseAutoTdp: tgt=90 fps=61.1 jank=0 tail=22ms act=TRIM bn=CPU cpuB=11 cpuPk=60 primePk=60 io=0 gpuB=32 gpuL=7 capped=0 prk=0 stl=0 draw=3.81W cT=53 gT=51 caps%[0:60,2:75,5:35,7:35,-100:85] curMHz[0:460,2:1286,5:1075,7:480] gpu=231 gcap=903[2/13] lrn=100
2026-07-29 16:41:41 PulseDaemon: cap write via xsu fallback (2 node(s), ~413 chars, chunked)
2026-07-29 16:41:41 PulseDaemon: cap write via daemon (3 node(s))
2026-07-29 16:41:42 PulseDaemon: cap write via daemon (2 node(s))
2026-07-29 16:41:43 PulseDaemon: telemetry read via daemon (16 path(s))
2026-07-29 16:41:44 PulseDaemon: telemetry read via daemon (16 path(s))
2026-07-29 16:41:45 PulseDaemon: cap write via daemon (7 node(s))
2026-07-29 16:41:45 PulseAutoTdp: tgt=90 fps=60.8 jank=0 tail=22ms act=RAISE bn=CPU cpuB=15 cpuPk=70 primePk=70 io=0 gpuB=32 gpuL=7 capped=0 prk=0 stl=0 draw=3.50W cT=53 gT=51 caps%[0:60,2:80,5:35,7:35,-100:85] curMHz[0:787,2:1401,5:1075,7:480] gpu=231 gcap=903[2/13] lrn=100
2026-07-29 16:41:45 PulseDaemon: cap write via daemon (2 node(s))
2026-07-29 16:41:45 PulseDaemon: cap write via daemon (3 node(s))
2026-07-29 16:41:45 PulseDaemon: cap write via daemon (2 node(s))
2026-07-29 16:41:46 PulseDaemon: telemetry read via daemon (16 path(s))
2026-07-29 16:41:48 PulseDaemon: telemetry read via daemon (16 path(s))
2026-07-29 16:41:48 PulseDaemon: cap write via daemon (7 node(s))
2026-07-29 16:41:48 PulseAutoTdp: tgt=90 fps=60.4 jank=0 tail=22ms act=TRIM bn=CPU cpuB=9 cpuPk=69 primePk=69 io=0 gpuB=35 gpuL=7 capped=1 prk=0 stl=0 draw=3.51W cT=54 gT=51 caps%[0:60,2:75,5:35,7:35,-100:85] curMHz[0:364,2:1401,5:499,7:480] gpu=231 gcap=903[2/13] lrn=100
2026-07-29 16:41:48 PulseDaemon: cap write via daemon (2 node(s))
2026-07-29 16:41:49 PulseDaemon: cap write via daemon (3 node(s))
2026-07-29 16:41:49 PulseDaemon: cap write via daemon (2 node(s))
2026-07-29 16:41:50 PulseDaemon: telemetry read via daemon (16 path(s))
2026-07-29 16:41:51 PulseDaemon: telemetry read via daemon (16 path(s))
2026-07-29 16:41:52 PulseDaemon: cap write via daemon (7 node(s))
2026-07-29 16:41:52 PulseAutoTdp: tgt=90 fps=60.8 jank=0 tail=22ms act=RAISE bn=CPU cpuB=11 cpuPk=60 primePk=60 io=0 gpuB=36 gpuL=7 capped=1 prk=0 stl=0 draw=3.85W cT=53 gT=51 caps%[0:60,2:75,5:35,7:40,-100:85] curMHz[0:556,2:1190,5:1075,7:480] gpu=231 gcap=903[2/13] lrn=100
2026-07-29 16:41:52 PulseDaemon: cap write via daemon (2 node(s))
2026-07-29 16:41:52 PulseDaemon: cap write via xsu fallback (3 node(s), ~621 chars, chunked)
2026-07-29 16:41:52 PulseDaemon: cap write via daemon (2 node(s))
2026-07-29 16:41:53 PulseDaemon: telemetry read via daemon (16 path(s))
2026-07-29 16:41:55 PulseDaemon: telemetry read via daemon (16 path(s))
2026-07-29 16:41:55 PulseDaemon: cap write via daemon (7 node(s))
2026-07-29 16:41:55 PulseAutoTdp: tgt=90 fps=60.6 jank=0 tail=22ms act=TRIM bn=CPU cpuB=9 cpuPk=63 primePk=63 io=0 gpuB=35 gpuL=7 capped=1 prk=0 stl=0 draw=3.86W cT=53 gT=51 caps%[0:60,2:75,5:35,7:35,-100:85] curMHz[0:556,2:1190,5:499,7:480] gpu=231 gcap=903[2/13] lrn=100
2026-07-29 16:41:55 PulseDaemon: cap write via daemon (2 node(s))
2026-07-29 16:41:56 PulseDaemon: cap write via daemon (3 node(s))
2026-07-29 16:41:56 PulseDaemon: cap write via daemon (2 node(s))
2026-07-29 16:41:57 PulseDaemon: telemetry read via daemon (16 path(s))
2026-07-29 16:41:58 PulseDaemon: telemetry read via daemon (16 path(s))
2026-07-29 16:41:59 PulseDaemon: cap write via daemon (7 node(s))
2026-07-29 16:41:59 PulseAutoTdp: tgt=90 fps=60.6 jank=0 tail=22ms act=RAISE bn=CPU cpuB=13 cpuPk=66 primePk=66 io=0 gpuB=35 gpuL=7 capped=1 prk=0 stl=0 draw=3.25W cT=53 gT=51 caps%[0:60,2:75,5:35,7:40,-100:85] curMHz[0:787,2:1190,5:1075,7:480] gpu=231 gcap=903[2/13] lrn=100
2026-07-29 16:41:59 PulseDaemon: cap write via daemon (2 node(s))
2026-07-29 16:41:59 PulseDaemon: cap write via daemon (3 node(s))
2026-07-29 16:41:59 PulseDaemon: cap write via daemon (2 node(s))
2026-07-29 16:42:00 PulseDaemon: telemetry read via daemon (16 path(s))
2026-07-29 16:42:02 PulseDaemon: telemetry read via daemon (16 path(s))
2026-07-29 16:42:02 PulseDaemon: cap write via xsu fallback (7 node(s), ~1323 chars, chunked)
2026-07-29 16:42:02 PulseAutoTdp: tgt=90 fps=60.8 jank=0 tail=22ms act=TRIM bn=CPU cpuB=13 cpuPk=73 primePk=73 io=0 gpuB=36 gpuL=7 capped=1 prk=0 stl=0 draw=4.27W cT=53 gT=51 caps%[0:60,2:75,5:35,7:35,-100:85] curMHz[0:672,2:1286,5:1075,7:480] gpu=231 gcap=903[2/13] lrn=100
2026-07-29 16:42:03 PulseDaemon: cap write via daemon (2 node(s))
2026-07-29 16:42:03 PulseDaemon: cap write via daemon (3 node(s))
2026-07-29 16:42:03 PulseDaemon: cap write via daemon (2 node(s))
2026-07-29 16:42:04 PulseDaemon: telemetry read via daemon (16 path(s))
2026-07-29 16:42:06 PulseDaemon: telemetry read via daemon (16 path(s))
2026-07-29 16:42:06 PulseDaemon: cap write via daemon (7 node(s))
2026-07-29 16:42:07 PulseAutoTdp: tgt=90 fps=61.1 jank=0 tail=22ms act=RAISE bn=CPU cpuB=13 cpuPk=71 primePk=71 io=0 gpuB=35 gpuL=7 capped=1 prk=0 stl=0 draw=4.12W cT=53 gT=51 caps%[0:60,2:75,5:35,7:40,-100:85] curMHz[0:787,2:1286,5:1075,7:480] mn/mx[0:364/1248,2:1190/1286,5:499/1075,7:480/1248] gpu=231 gcap=903[2/13] lrn=100
2026-07-29 16:42:07 PulseDaemon: cap write via daemon (2 node(s))
2026-07-29 16:42:07 PulseDaemon: cap write via daemon (3 node(s))
2026-07-29 16:42:07 PulseDaemon: cap write via daemon (2 node(s))
2026-07-29 16:42:08 PulseDaemon: telemetry read via daemon (16 path(s))
2026-07-29 16:42:10 PulseDaemon: telemetry read via daemon (16 path(s))
2026-07-29 16:42:10 PulseDaemon: cap write via daemon (7 node(s))
2026-07-29 16:42:10 PulseAutoTdp: tgt=90 fps=60.6 jank=0 tail=22ms act=TRIM bn=CPU cpuB=12 cpuPk=72 primePk=72 io=0 gpuB=35 gpuL=7 capped=2 prk=0 stl=0 draw=4.13W cT=53 gT=51 caps%[0:60,2:75,5:35,7:35,-100:85] curMHz[0:556,2:1286,5:1075,7:480] gpu=231 gcap=903[2/13] lrn=100
2026-07-29 16:42:10 PulseDaemon: cap write via daemon (2 node(s))
2026-07-29 16:42:12 PulseDaemon: telemetry read via daemon (16 path(s))
2026-07-29 16:42:13 PulseDaemon: telemetry read via daemon (16 path(s))
2026-07-29 16:42:13 PulseDaemon: cap write via daemon (7 node(s))
2026-07-29 16:42:13 PulseAutoTdp: tgt=90 fps=60.6 jank=0 tail=22ms act=RAISE bn=CPU cpuB=11 cpuPk=69 primePk=69 io=0 gpuB=34 gpuL=7 capped=2 prk=0 stl=0 draw=4.08W cT=53 gT=51 caps%[0:60,2:75,5:40,7:35,-100:85] curMHz[0:364,2:1401,5:1075,7:480] gpu=231 gcap=903[2/13] lrn=100
2026-07-29 16:42:14 PulseDaemon: cap write via daemon (2 node(s))
2026-07-29 16:42:14 PulseDaemon: cap write via daemon (3 node(s))
2026-07-29 16:42:14 PulseDaemon: cap write via daemon (2 node(s))
2026-07-29 16:42:15 PulseDaemon: telemetry read via daemon (16 path(s))
2026-07-29 16:42:17 PulseDaemon: telemetry read via daemon (16 path(s))
2026-07-29 16:42:17 PulseAutoTdp: tgt=90 fps=60.4 jank=0 tail=22ms act=TRIM bn=CPU cpuB=13 cpuPk=69 primePk=69 io=0 gpuB=34 gpuL=7 capped=2 prk=0 stl=0 draw=3.45W cT=53 gT=51 caps%[0:60,2:75,5:35,7:35,-100:85] curMHz[0:556,2:1401,5:1190,7:480] gpu=231 gcap=903[2/13] lrn=100
2026-07-29 16:42:17 PulseDaemon: cap write via daemon (2 node(s))
2026-07-29 16:42:17 PulseDaemon: cap write via daemon (3 node(s))
2026-07-29 16:42:17 PulseDaemon: cap write via daemon (2 node(s))
2026-07-29 16:42:19 PulseDaemon: telemetry read via daemon (16 path(s))
2026-07-29 16:42:20 PulseDaemon: telemetry read via daemon (16 path(s))
2026-07-29 16:42:20 PulseDaemon: cap write via daemon (7 node(s))
2026-07-29 16:42:20 PulseAutoTdp: tgt=90 fps=60.6 jank=0 tail=22ms act=RAISE bn=CPU cpuB=12 cpuPk=65 primePk=65 io=0 gpuB=32 gpuL=7 capped=2 prk=0 stl=0 draw=4.07W cT=53 gT=50 caps%[0:60,2:75,5:40,7:35,-100:85] curMHz[0:672,2:1401,5:1075,7:480] gpu=231 gcap=903[2/13] lrn=100
2026-07-29 16:42:20 PulseDaemon: cap write via daemon (2 node(s))
2026-07-29 16:42:21 PulseDaemon: cap write via daemon (3 node(s))
2026-07-29 16:42:21 PulseDaemon: cap write via daemon (2 node(s))
2026-07-29 16:42:22 PulseDaemon: telemetry read via daemon (16 path(s))
2026-07-29 16:42:23 PulseDaemon: telemetry read via daemon (16 path(s))
2026-07-29 16:42:24 PulseDaemon: cap write via daemon (7 node(s))
2026-07-29 16:42:24 PulseAutoTdp: AUTOTDP-SESSION tgt=90 bias=BALANCED wattCap=0 policies=0:2265600:0,1;2:3148800:2,3,4;5:2956800:5,6;7:3052800:7;-100:1050000:
2026-07-29 16:42:24 PulseAutoTdp: tgt=90 fps=60.9 jank=0 tail=22ms act=TRIM bn=CPU cpuB=11 cpuPk=63 primePk=63 io=0 gpuB=32 gpuL=7 capped=2 prk=0 stl=0 draw=3.52W cT=53 gT=51 caps%[0:60,2:75,5:35,7:35,-100:85] curMHz[0:460,2:1190,5:1190,7:480] gpu=231 gcap=903[2/13] lrn=100
2026-07-29 16:42:24 PulseDaemon: cap write via daemon (2 node(s))
2026-07-29 16:42:24 PulseDaemon: cap write via daemon (3 node(s))
2026-07-29 16:42:24 PulseDaemon: cap write via daemon (2 node(s))
2026-07-29 16:42:25 PulseDaemon: telemetry read via daemon (16 path(s))
2026-07-29 16:42:27 PulseDaemon: telemetry read via daemon (16 path(s))
2026-07-29 16:42:27 PulseDaemon: cap write via daemon (7 node(s))
2026-07-29 16:42:27 PulseAutoTdp: tgt=90 fps=60.6 jank=1 tail=33ms act=RAISE bn=- cpuB=15 cpuPk=52 primePk=44 io=0 gpuB=33 gpuL=7 capped=2 prk=0 stl=0 draw=2.80W cT=53 gT=51 caps%[0:60,2:75,5:35,7:35,-100:90] curMHz[0:1132,2:1286,5:1075,7:480] gpu=231 gcap=903[2/13] lrn=100
2026-07-29 16:42:27 PulseDaemon: cap write via daemon (2 node(s))
2026-07-29 16:42:27 PulseDaemon: cap write via daemon (3 node(s))
2026-07-29 16:42:28 PulseDaemon: cap write via daemon (2 node(s))
2026-07-29 16:42:29 PulseDaemon: telemetry read via daemon (16 path(s))
2026-07-29 16:42:30 PulseDaemon: telemetry read via daemon (16 path(s))
2026-07-29 16:42:31 PulseDaemon: cap write via daemon (7 node(s))
2026-07-29 16:42:31 PulseAutoTdp: tgt=90 fps=60.6 jank=0 tail=22ms act=TRIM bn=CPU cpuB=12 cpuPk=69 primePk=69 io=0 gpuB=32 gpuL=7 capped=2 prk=0 stl=0 draw=3.64W cT=53 gT=51 caps%[0:60,2:75,5:35,7:35,-100:85] curMHz[0:556,2:1401,5:1075,7:480] gpu=231 gcap=903[2/13] lrn=100
2026-07-29 16:42:31 PulseDaemon: cap write via daemon (2 node(s))
2026-07-29 16:42:31 PulseDaemon: cap write via daemon (3 node(s))
2026-07-29 16:42:31 PulseDaemon: cap write via daemon (2 node(s))
2026-07-29 16:42:32 PulseDaemon: telemetry read via daemon (16 path(s))
2026-07-29 16:42:34 PulseDaemon: telemetry read via daemon (16 path(s))
2026-07-29 16:42:34 PulseDaemon: cap write via daemon (7 node(s))
2026-07-29 16:42:34 PulseAutoTdp: tgt=90 fps=61.3 jank=0 tail=22ms act=RAISE bn=CPU cpuB=13 cpuPk=69 primePk=69 io=0 gpuB=34 gpuL=7 capped=2 prk=0 stl=0 draw=3.67W cT=54 gT=51 caps%[0:60,2:75,5:40,7:35,-100:85] curMHz[0:902,2:1401,5:614,7:480] gpu=231 gcap=903[2/13] lrn=100
2026-07-29 16:42:34 PulseDaemon: cap write via daemon (2 node(s))
2026-07-29 16:42:34 PulseDaemon: cap write via daemon (3 node(s))
2026-07-29 16:42:34 PulseDaemon: cap write via daemon (2 node(s))
2026-07-29 16:42:36 PulseDaemon: telemetry read via daemon (16 path(s))
2026-07-29 16:42:37 PulseDaemon: telemetry read via daemon (16 path(s))
2026-07-29 16:42:38 PulseDaemon: cap write via daemon (7 node(s))
2026-07-29 16:42:38 PulseAutoTdp: tgt=90 fps=61.1 jank=0 tail=22ms act=TRIM bn=CPU cpuB=16 cpuPk=67 primePk=67 io=0 gpuB=33 gpuL=7 capped=3 prk=0 stl=0 draw=3.66W cT=53 gT=51 caps%[0:60,2:75,5:35,7:35,-100:85] curMHz[0:1248,2:1401,5:1190,7:480] gpu=231 gcap=903[2/13] lrn=100
2026-07-29 16:42:38 PulseDaemon: cap write via daemon (2 node(s))
2026-07-29 16:42:38 PulseDaemon: cap write via daemon (3 node(s))
2026-07-29 16:42:38 PulseDaemon: cap write via daemon (2 node(s))
2026-07-29 16:42:39 PulseDaemon: telemetry read via daemon (16 path(s))
2026-07-29 16:42:41 PulseDaemon: telemetry read via daemon (16 path(s))
2026-07-29 16:42:41 PulseDaemon: cap write via daemon (7 node(s))
2026-07-29 16:42:42 PulseAutoTdp: tgt=90 fps=60.8 jank=0 tail=22ms act=RAISE bn=- cpuB=16 cpuPk=53 primePk=40 io=0 gpuB=33 gpuL=7 capped=3 prk=0 stl=0 draw=4.32W cT=53 gT=50 caps%[0:60,2:75,5:35,7:35,-100:90] curMHz[0:1248,2:1401,5:1075,7:480] mn/mx[0:1248/1248,2:1286/1401,5:499/1075,7:480/1017] gpu=231 gcap=903[2/13] lrn=100
2026-07-29 16:42:42 PulseDaemon: cap write via daemon (2 node(s))
2026-07-29 16:42:42 PulseDaemon: cap write via daemon (3 node(s))
2026-07-29 16:42:42 PulseDaemon: cap write via daemon (2 node(s))
2026-07-29 16:42:43 PulseDaemon: telemetry read via daemon (16 path(s))
2026-07-29 16:42:45 PulseDaemon: telemetry read via daemon (16 path(s))
2026-07-29 16:42:45 PulseAutoTdp: tgt=90 fps=60.8 jank=0 tail=22ms act=TRIM bn=- cpuB=14 cpuPk=56 primePk=56 io=0 gpuB=33 gpuL=7 capped=3 prk=0 stl=0 draw=3.47W cT=53 gT=50 caps%[0:60,2:75,5:35,7:35,-100:85] curMHz[0:1017,2:1401,5:1075,7:480] gpu=231 gcap=903[2/13] lrn=100
2026-07-29 16:42:45 PulseDaemon: cap write via daemon (2 node(s))
2026-07-29 16:42:45 PulseDaemon: cap write via xsu fallback (3 node(s), ~621 chars, chunked)
2026-07-29 16:42:46 PulseDaemon: cap write via daemon (2 node(s))
2026-07-29 16:42:47 PulseDaemon: telemetry read via daemon (16 path(s))
2026-07-29 16:42:48 PulseDaemon: telemetry read via daemon (16 path(s))
2026-07-29 16:42:49 PulseDaemon: cap write via daemon (7 node(s))
2026-07-29 16:42:49 PulseAutoTdp: tgt=90 fps=60.6 jank=0 tail=22ms act=RAISE bn=CPU cpuB=16 cpuPk=65 primePk=65 io=0 gpuB=32 gpuL=7 capped=3 prk=0 stl=0 draw=3.65W cT=53 gT=50 caps%[0:65,2:75,5:35,7:35,-100:85] curMHz[0:1248,2:1401,5:1075,7:480] gpu=231 gcap=903[2/13] lrn=100
2026-07-29 16:42:49 PulseDaemon: cap write via daemon (2 node(s))
2026-07-29 16:42:49 PulseDaemon: cap write via daemon (3 node(s))
2026-07-29 16:42:49 PulseDaemon: cap write via daemon (2 node(s))
2026-07-29 16:42:50 PulseDaemon: telemetry read via daemon (16 path(s))
2026-07-29 16:42:52 PulseDaemon: telemetry read via daemon (16 path(s))
2026-07-29 16:42:52 PulseDaemon: cap write via daemon (7 node(s))
2026-07-29 16:42:52 PulseAutoTdp: tgt=90 fps=60.4 jank=0 tail=22ms act=TRIM bn=CPU cpuB=15 cpuPk=62 primePk=62 io=0 gpuB=32 gpuL=7 capped=4 prk=0 stl=0 draw=3.24W cT=53 gT=51 caps%[0:60,2:75,5:35,7:35,-100:85] curMHz[0:1248,2:1286,5:1075,7:480] gpu=231 gcap=903[2/13] lrn=100
2026-07-29 16:42:52 PulseDaemon: cap write via daemon (2 node(s))
2026-07-29 16:42:52 PulseDaemon: cap write via daemon (3 node(s))
2026-07-29 16:42:52 PulseDaemon: cap write via daemon (2 node(s))
2026-07-29 16:42:54 PulseDaemon: telemetry read via daemon (16 path(s))
2026-07-29 16:42:55 PulseDaemon: telemetry read via daemon (16 path(s))
2026-07-29 16:42:56 PulseDaemon: cap write via daemon (7 node(s))
2026-07-29 16:42:56 PulseAutoTdp: tgt=90 fps=60.8 jank=0 tail=22ms act=RAISE bn=CPU cpuB=11 cpuPk=70 primePk=70 io=0 gpuB=34 gpuL=7 capped=4 prk=0 stl=0 draw=3.51W cT=53 gT=51 caps%[0:60,2:75,5:35,7:35,-100:90] curMHz[0:364,2:1401,5:1075,7:480] gpu=231 gcap=903[2/13] lrn=100
2026-07-29 16:42:56 PulseDaemon: cap write via daemon (2 node(s))
2026-07-29 16:42:56 PulseDaemon: cap write via daemon (3 node(s))
2026-07-29 16:42:56 PulseDaemon: cap write via daemon (2 node(s))
2026-07-29 16:42:57 PulseDaemon: telemetry read via daemon (16 path(s))
2026-07-29 16:42:59 PulseDaemon: telemetry read via daemon (16 path(s))
2026-07-29 16:42:59 PulseDaemon: cap write via daemon (7 node(s))
2026-07-29 16:42:59 PulseAutoTdp: tgt=90 fps=60.4 jank=0 tail=22ms act=TRIM bn=CPU cpuB=14 cpuPk=76 primePk=76 io=0 gpuB=36 gpuL=7 capped=5 prk=0 stl=0 draw=3.97W cT=54 gT=51 caps%[0:60,2:75,5:35,7:35,-100:85] curMHz[0:556,2:1612,5:1075,7:480] gpu=231 gcap=903[2/13] lrn=100
2026-07-29 16:42:59 PulseDaemon: cap write via daemon (2 node(s))
2026-07-29 16:42:59 PulseDaemon: cap write via daemon (3 node(s))
2026-07-29 16:42:59 PulseDaemon: cap write via daemon (2 node(s))
2026-07-29 16:43:01 PulseDaemon: telemetry read via daemon (16 path(s))
2026-07-29 16:43:02 PulseDaemon: telemetry read via daemon (16 path(s))
2026-07-29 16:43:02 PulseDaemon: cap write via daemon (7 node(s))
2026-07-29 16:43:02 PulseAutoTdp: tgt=90 fps=60.1 jank=1 tail=33ms act=TRIM bn=- cpuB=15 cpuPk=54 primePk=53 io=0 gpuB=35 gpuL=7 capped=5 prk=0 stl=0 draw=4.78W cT=54 gT=50 caps%[0:60,2:70,5:35,7:35,-100:85] curMHz[0:556,2:1708,5:1075,7:480] gpu=231 gcap=903[2/13] lrn=100
2026-07-29 16:43:03 PulseDaemon: cap write via daemon (2 node(s))
2026-07-29 16:43:03 PulseDaemon: cap write via daemon (3 node(s))
2026-07-29 16:43:03 PulseDaemon: cap write via daemon (2 node(s))
2026-07-29 16:43:04 PulseDaemon: telemetry read via daemon (16 path(s))
2026-07-29 16:43:05 PulseDaemon: telemetry read via daemon (16 path(s))
2026-07-29 16:43:06 PulseDaemon: cap write via daemon (7 node(s))
2026-07-29 16:43:06 PulseAutoTdp: tgt=90 fps=60.6 jank=0 tail=22ms act=TRIM bn=- cpuB=13 cpuPk=59 primePk=59 io=0 gpuB=34 gpuL=7 capped=5 prk=0 stl=0 draw=4.16W cT=53 gT=50 caps%[0:60,2:65,5:35,7:35,-100:85] curMHz[0:672,2:1497,5:1075,7:480] gpu=231 gcap=903[2/13] lrn=100
2026-07-29 16:43:06 PulseDaemon: cap write via daemon (2 node(s))
2026-07-29 16:43:06 PulseDaemon: cap write via daemon (3 node(s))
2026-07-29 16:43:06 PulseDaemon: cap write via daemon (2 node(s))
2026-07-29 16:43:07 PulseDaemon: telemetry read via daemon (16 path(s))
2026-07-29 16:43:09 PulseDaemon: telemetry read via daemon (16 path(s))
2026-07-29 16:43:09 PulseDaemon: cap write via daemon (7 node(s))
2026-07-29 16:43:09 PulseAutoTdp: tgt=90 fps=60.8 jank=2 tail=78ms act=TRIM bn=- cpuB=12 cpuPk=58 primePk=44 io=0 gpuB=33 gpuL=7 capped=5 prk=0 stl=0 draw=3.82W cT=54 gT=51 caps%[0:60,2:60,5:35,7:35,-100:85] curMHz[0:460,2:1497,5:1075,7:480] gpu=231 gcap=903[2/13] lrn=100
2026-07-29 16:43:09 PulseDaemon: cap write via daemon (2 node(s))
2026-07-29 16:43:09 PulseDaemon: cap write via daemon (3 node(s))
2026-07-29 16:43:10 PulseDaemon: cap write via daemon (2 node(s))
2026-07-29 16:43:11 PulseDaemon: telemetry read via daemon (16 path(s))
2026-07-29 16:43:12 PulseDaemon: telemetry read via daemon (16 path(s))
2026-07-29 16:43:13 PulseDaemon: cap write via daemon (7 node(s))
2026-07-29 16:43:13 PulseAutoTdp: tgt=90 fps=60.6 jank=0 tail=22ms act=TRIM bn=- cpuB=12 cpuPk=56 primePk=56 io=0 gpuB=34 gpuL=7 capped=5 prk=0 stl=0 draw=3.83W cT=54 gT=51 caps%[0:55,2:60,5:35,7:35,-100:85] curMHz[0:556,2:1401,5:1075,7:480] gpu=231 gcap=903[2/13] lrn=100
2026-07-29 16:43:13 PulseDaemon: cap write via daemon (2 node(s))
2026-07-29 16:43:13 PulseDaemon: cap write via daemon (3 node(s))
2026-07-29 16:43:13 PulseDaemon: cap write via daemon (2 node(s))
2026-07-29 16:43:14 PulseDaemon: telemetry read via daemon (16 path(s))
2026-07-29 16:43:16 PulseDaemon: telemetry read via daemon (16 path(s))
2026-07-29 16:43:16 PulseDaemon: cap write via xsu fallback (7 node(s), ~1323 chars, chunked)
2026-07-29 16:43:16 PulseAutoTdp: AUTOTDP-SESSION tgt=90 bias=BALANCED wattCap=0 policies=0:2265600:0,1;2:3148800:2,3,4;5:2956800:5,6;7:3052800:7;-100:1050000:
2026-07-29 16:43:17 PulseAutoTdp: tgt=90 fps=57.1 jank=1 tail=33ms act=RAISE bn=CPU cpuB=14 cpuPk=80 primePk=62 io=0 gpuB=40 gpuL=8 capped=0 prk=0 stl=0 draw=3.95W cT=55 gT=52 caps%[0:55,2:65,5:35,7:35,-100:85] curMHz[0:556,2:1497,5:1075,7:1017] mn/mx[0:364/1248,2:1497/1612,5:499/1075,7:480/1017] gpu=231 gcap=903[2/13] lrn=100
2026-07-29 16:43:17 PulseDaemon: cap write via daemon (2 node(s))
2026-07-29 16:43:17 PulseDaemon: cap write via daemon (3 node(s))
2026-07-29 16:43:18 PulseDaemon: cap write via daemon (2 node(s))
2026-07-29 16:43:19 PulseDaemon: telemetry read via daemon (16 path(s))
2026-07-29 16:43:20 PulseDaemon: telemetry read via daemon (16 path(s))
2026-07-29 16:43:21 PulseDaemon: cap write via daemon (7 node(s))
2026-07-29 16:43:21 PulseAutoTdp: tgt=90 fps=62.3 jank=0 tail=22ms act=RAISE bn=CPU cpuB=16 cpuPk=56 primePk=56 io=0 gpuB=40 gpuL=8 capped=0 prk=0 stl=0 draw=4.29W cT=55 gT=52 caps%[0:55,2:70,5:35,7:35,-100:85] curMHz[0:902,2:1612,5:1075,7:480] gpu=231 gcap=903[2/13] lrn=100
2026-07-29 16:43:21 PulseDaemon: cap write via daemon (2 node(s))
2026-07-29 16:43:21 PulseDaemon: cap write via daemon (3 node(s))
2026-07-29 16:43:21 PulseDaemon: cap write via daemon (2 node(s))
2026-07-29 16:43:22 PulseDaemon: telemetry read via daemon (16 path(s))
2026-07-29 16:43:24 PulseDaemon: telemetry read via daemon (16 path(s))
2026-07-29 16:43:24 PulseDaemon: cap write via daemon (7 node(s))
2026-07-29 16:43:24 PulseAutoTdp: tgt=90 fps=60.4 jank=0 tail=22ms act=TRIM bn=CPU cpuB=14 cpuPk=73 primePk=73 io=0 gpuB=41 gpuL=9 capped=0 prk=0 stl=0 draw=3.73W cT=55 gT=52 caps%[0:55,2:65,5:35,7:35,-100:85] curMHz[0:672,2:1708,5:1075,7:480] gpu=231 gcap=903[2/13] lrn=100
2026-07-29 16:43:24 PulseDaemon: cap write via daemon (2 node(s))
2026-07-29 16:43:24 PulseDaemon: cap write via daemon (3 node(s))
2026-07-29 16:43:24 PulseDaemon: cap write via daemon (2 node(s))
2026-07-29 16:43:26 PulseDaemon: telemetry read via daemon (16 path(s))
2026-07-29 16:43:27 PulseDaemon: telemetry read via daemon (16 path(s))
2026-07-29 16:43:28 PulseDaemon: cap write via daemon (7 node(s))
2026-07-29 16:43:28 PulseAutoTdp: tgt=90 fps=60.4 jank=0 tail=22ms act=RAISE bn=CPU cpuB=16 cpuPk=62 primePk=62 io=0 gpuB=39 gpuL=8 capped=0 prk=0 stl=0 draw=3.38W cT=54 gT=52 caps%[0:55,2:70,5:35,7:35,-100:85] curMHz[0:1248,2:1612,5:1075,7:480] gpu=231 gcap=903[2/13] lrn=100
2026-07-29 16:43:28 PulseDaemon: cap write via daemon (2 node(s))
2026-07-29 16:43:28 PulseDaemon: cap write via daemon (3 node(s))
2026-07-29 16:43:28 PulseDaemon: cap write via daemon (2 node(s))
2026-07-29 16:43:29 PulseDaemon: telemetry read via daemon (16 path(s))
2026-07-29 16:43:31 PulseDaemon: telemetry read via daemon (16 path(s))
2026-07-29 16:43:31 PulseDaemon: cap write via daemon (7 node(s))
2026-07-29 16:43:31 PulseAutoTdp: tgt=90 fps=60.6 jank=0 tail=22ms act=TRIM bn=CPU cpuB=16 cpuPk=66 primePk=66 io=0 gpuB=38 gpuL=8 capped=0 prk=0 stl=0 draw=4.42W cT=54 gT=51 caps%[0:55,2:65,5:35,7:35,-100:85] curMHz[0:1248,2:1401,5:1075,7:480] gpu=231 gcap=903[2/13] lrn=100
2026-07-29 16:43:31 PulseDaemon: cap write via daemon (2 node(s))
2026-07-29 16:43:31 PulseDaemon: cap write via daemon (3 node(s))
2026-07-29 16:43:31 PulseDaemon: cap write via daemon (2 node(s))
2026-07-29 16:43:33 PulseDaemon: telemetry read via daemon (16 path(s))
2026-07-29 16:43:34 PulseDaemon: telemetry read via daemon (16 path(s))
2026-07-29 16:43:34 PulseDaemon: cap write via daemon (7 node(s))
2026-07-29 16:43:35 PulseAutoTdp: tgt=90 fps=60.4 jank=0 tail=22ms act=RAISE bn=CPU cpuB=14 cpuPk=66 primePk=66 io=0 gpuB=36 gpuL=7 capped=0 prk=0 stl=0 draw=3.59W cT=53 gT=51 caps%[0:55,2:70,5:35,7:35,-100:85] curMHz[0:787,2:1497,5:1075,7:480] gpu=231 gcap=903[2/13] lrn=100
2026-07-29 16:43:35 PulseDaemon: cap write via daemon (2 node(s))
2026-07-29 16:43:35 PulseDaemon: cap write via daemon (3 node(s))
2026-07-29 16:43:35 PulseDaemon: cap write via daemon (2 node(s))
2026-07-29 16:43:36 PulseDaemon: telemetry read via daemon (16 path(s))
2026-07-29 16:43:38 PulseDaemon: telemetry read via daemon (16 path(s))
2026-07-29 16:43:38 PulseDaemon: cap write via daemon (7 node(s))
2026-07-29 16:43:38 PulseAutoTdp: tgt=90 fps=60.4 jank=0 tail=22ms act=TRIM bn=CPU cpuB=16 cpuPk=65 primePk=65 io=0 gpuB=36 gpuL=7 capped=1 prk=0 stl=0 draw=3.92W cT=54 gT=51 caps%[0:55,2:65,5:35,7:35,-100:85] curMHz[0:1248,2:1401,5:1075,7:480] gpu=231 gcap=903[2/13] lrn=100
2026-07-29 16:43:38 PulseDaemon: cap write via daemon (2 node(s))
2026-07-29 16:43:38 PulseDaemon: cap write via daemon (3 node(s))
2026-07-29 16:43:38 PulseDaemon: cap write via daemon (2 node(s))
2026-07-29 16:43:40 PulseDaemon: telemetry read via daemon (16 path(s))
2026-07-29 16:43:41 PulseDaemon: telemetry read via daemon (16 path(s))
2026-07-29 16:43:41 PulseAutoTdp: tgt=90 fps=60.4 jank=0 tail=22ms act=RAISE bn=CPU cpuB=12 cpuPk=68 primePk=68 io=0 gpuB=38 gpuL=8 capped=1 prk=0 stl=0 draw=3.87W cT=54 gT=51 caps%[0:55,2:65,5:35,7:40,-100:85] curMHz[0:556,2:1401,5:1075,7:480] gpu=231 gcap=903[2/13] lrn=100
2026-07-29 16:43:42 PulseDaemon: cap write via daemon (2 node(s))
2026-07-29 16:43:42 PulseDaemon: cap write via daemon (3 node(s))
2026-07-29 16:43:42 PulseDaemon: cap write via daemon (2 node(s))
2026-07-29 16:43:43 PulseDaemon: telemetry read via daemon (16 path(s))
2026-07-29 16:43:44 PulseDaemon: telemetry read via daemon (16 path(s))
2026-07-29 16:43:45 PulseDaemon: cap write via daemon (7 node(s))
2026-07-29 16:43:45 PulseAutoTdp: tgt=90 fps=60.9 jank=0 tail=22ms act=TRIM bn=CPU cpuB=14 cpuPk=73 primePk=73 io=0 gpuB=39 gpuL=8 capped=1 prk=0 stl=0 draw=4.65W cT=55 gT=51 caps%[0:55,2:65,5:35,7:35,-100:85] curMHz[0:672,2:1497,5:1075,7:480] gpu=231 gcap=903[2/13] lrn=100
2026-07-29 16:43:45 PulseDaemon: cap write via daemon (2 node(s))
2026-07-29 16:43:45 PulseDaemon: cap write via daemon (3 node(s))
2026-07-29 16:43:45 PulseDaemon: cap write via daemon (2 node(s))
2026-07-29 16:43:46 PulseDaemon: telemetry read via daemon (16 path(s))
2026-07-29 16:43:48 PulseDaemon: telemetry read via daemon (16 path(s))
2026-07-29 16:43:48 PulseDaemon: cap write via daemon (7 node(s))
2026-07-29 16:43:48 PulseAutoTdp: tgt=90 fps=60.6 jank=0 tail=22ms act=RAISE bn=CPU cpuB=14 cpuPk=66 primePk=66 io=0 gpuB=39 gpuL=8 capped=1 prk=0 stl=0 draw=3.70W cT=53 gT=51 caps%[0:55,2:65,5:35,7:40,-100:85] curMHz[0:787,2:1497,5:1075,7:480] gpu=231 gcap=903[2/13] lrn=100
2026-07-29 16:43:48 PulseDaemon: cap write via daemon (2 node(s))
2026-07-29 16:43:49 PulseDaemon: cap write via daemon (3 node(s))
2026-07-29 16:43:49 PulseDaemon: cap write via daemon (2 node(s))
2026-07-29 16:43:50 PulseDaemon: telemetry read via daemon (16 path(s))
2026-07-29 16:43:51 PulseDaemon: telemetry read via daemon (16 path(s))
2026-07-29 16:43:52 PulseDaemon: cap write via daemon (7 node(s))
2026-07-29 16:43:53 PulseAutoTdp: tgt=90 fps=60.1 jank=0 tail=22ms act=TRIM bn=CPU cpuB=11 cpuPk=67 primePk=67 io=0 gpuB=37 gpuL=8 capped=1 prk=0 stl=0 draw=3.23W cT=53 gT=50 caps%[0:55,2:65,5:35,7:35,-100:85] curMHz[0:364,2:1497,5:1075,7:480] mn/mx[0:364/1248,2:1401/1497,5:499/1075,7:480/1017] gpu=231 gcap=903[2/13] lrn=100
2026-07-29 16:43:53 PulseDaemon: cap write via daemon (2 node(s))
2026-07-29 16:43:53 PulseDaemon: cap write via daemon (3 node(s))
2026-07-29 16:43:53 PulseDaemon: cap write via daemon (2 node(s))
2026-07-29 16:43:54 PulseDaemon: telemetry read via daemon (16 path(s))
2026-07-29 16:43:56 PulseDaemon: telemetry read via daemon (16 path(s))
2026-07-29 16:43:56 PulseDaemon: cap write via daemon (7 node(s))
2026-07-29 16:43:56 PulseAutoTdp: tgt=90 fps=60.4 jank=1 tail=33ms act=RAISE bn=CPU cpuB=13 cpuPk=57 primePk=57 io=0 gpuB=34 gpuL=7 capped=1 prk=0 stl=0 draw=3.95W cT=53 gT=50 caps%[0:55,2:65,5:35,7:40,-100:85] curMHz[0:787,2:1286,5:1075,7:480] gpu=231 gcap=903[2/13] lrn=100
2026-07-29 16:43:56 PulseDaemon: cap write via daemon (2 node(s))
2026-07-29 16:43:56 PulseDaemon: cap write via daemon (3 node(s))
2026-07-29 16:43:57 PulseDaemon: cap write via daemon (2 node(s))
2026-07-29 16:43:58 PulseDaemon: telemetry read via daemon (16 path(s))
2026-07-29 16:43:59 PulseDaemon: telemetry read via daemon (16 path(s))
2026-07-29 16:44:00 PulseDaemon: cap write via daemon (7 node(s))
2026-07-29 16:44:00 PulseAutoTdp: tgt=90 fps=60.8 jank=0 tail=22ms act=TRIM bn=CPU cpuB=11 cpuPk=63 primePk=63 io=0 gpuB=32 gpuL=7 capped=2 prk=0 stl=0 draw=2.71W cT=53 gT=50 caps%[0:55,2:65,5:35,7:35,-100:85] curMHz[0:364,2:1286,5:1075,7:480] gpu=231 gcap=903[2/13] lrn=100
2026-07-29 16:44:00 PulseDaemon: cap write via daemon (2 node(s))
2026-07-29 16:44:00 PulseDaemon: cap write via daemon (3 node(s))
2026-07-29 16:44:00 PulseDaemon: cap write via daemon (2 node(s))
2026-07-29 16:44:01 PulseDaemon: telemetry read via daemon (16 path(s))
2026-07-29 16:44:03 PulseDaemon: telemetry read via daemon (16 path(s))
2026-07-29 16:44:03 PulseDaemon: cap write via daemon (7 node(s))
2026-07-29 16:44:03 PulseAutoTdp: tgt=90 fps=60.6 jank=0 tail=22ms act=RAISE bn=CPU cpuB=11 cpuPk=60 primePk=60 io=0 gpuB=40 gpuL=8 capped=2 prk=0 stl=0 draw=3.42W cT=53 gT=51 caps%[0:55,2:65,5:40,7:35,-100:85] curMHz[0:556,2:1190,5:1075,7:480] gpu=231 gcap=903[2/13] lrn=100
2026-07-29 16:44:03 PulseDaemon: cap write via daemon (2 node(s))
2026-07-29 16:44:03 PulseDaemon: cap write via daemon (3 node(s))
2026-07-29 16:44:03 PulseDaemon: cap write via daemon (2 node(s))
2026-07-29 16:44:05 PulseDaemon: telemetry read via daemon (16 path(s))
2026-07-29 16:44:06 PulseDaemon: telemetry read via daemon (16 path(s))
2026-07-29 16:44:07 PulseDaemon: cap write via daemon (7 node(s))
2026-07-29 16:44:07 PulseAutoTdp: tgt=90 fps=60.4 jank=0 tail=22ms act=TRIM bn=CPU cpuB=16 cpuPk=70 primePk=70 io=0 gpuB=34 gpuL=7 capped=2 prk=0 stl=0 draw=4.85W cT=53 gT=50 caps%[0:55,2:65,5:35,7:35,-100:85] curMHz[0:1248,2:1286,5:1190,7:480] gpu=231 gcap=903[2/13] lrn=100
2026-07-29 16:44:07 PulseDaemon: cap write via daemon (2 node(s))
2026-07-29 16:44:07 PulseDaemon: cap write via daemon (3 node(s))
2026-07-29 16:44:07 PulseDaemon: cap write via daemon (2 node(s))
2026-07-29 16:44:08 PulseDaemon: telemetry read via daemon (16 path(s))
2026-07-29 16:44:10 PulseDaemon: telemetry read via daemon (16 path(s))
2026-07-29 16:44:10 PulseDaemon: cap write via daemon (7 node(s))
2026-07-29 16:44:10 PulseAutoTdp: AUTOTDP-SESSION tgt=90 bias=BALANCED wattCap=0 policies=0:2265600:0,1;2:3148800:2,3,4;5:2956800:5,6;7:3052800:7;-100:1050000:
2026-07-29 16:44:10 PulseAutoTdp: tgt=90 fps=60.8 jank=0 tail=22ms act=RAISE bn=CPU cpuB=12 cpuPk=66 primePk=66 io=0 gpuB=31 gpuL=6 capped=2 prk=0 stl=0 draw=3.88W cT=53 gT=50 caps%[0:55,2:65,5:40,7:35,-100:85] curMHz[0:556,2:1286,5:1075,7:480] gpu=231 gcap=903[2/13] lrn=100
2026-07-29 16:44:10 PulseDaemon: cap write via daemon (2 node(s))
2026-07-29 16:44:10 PulseDaemon: cap write via daemon (3 node(s))
2026-07-29 16:44:10 PulseDaemon: cap write via daemon (2 node(s))
2026-07-29 16:44:12 PulseDaemon: telemetry read via daemon (16 path(s))
2026-07-29 16:44:13 PulseDaemon: telemetry read via daemon (16 path(s))
2026-07-29 16:44:13 PulseDaemon: cap write via daemon (7 node(s))
2026-07-29 16:44:13 PulseAutoTdp: tgt=90 fps=60.3 jank=0 tail=22ms act=TRIM bn=CPU cpuB=16 cpuPk=65 primePk=65 io=0 gpuB=29 gpuL=6 capped=2 prk=0 stl=0 draw=3.60W cT=53 gT=50 caps%[0:55,2:65,5:35,7:35,-100:85] curMHz[0:1248,2:1190,5:1190,7:480] gpu=231 gcap=903[2/13] lrn=100
2026-07-29 16:44:14 PulseDaemon: cap write via daemon (2 node(s))
2026-07-29 16:44:14 PulseDaemon: cap write via daemon (3 node(s))
2026-07-29 16:44:14 PulseDaemon: cap write via daemon (2 node(s))
2026-07-29 16:44:15 PulseDaemon: telemetry read via daemon (16 path(s))
2026-07-29 16:44:16 PulseDaemon: telemetry read via daemon (16 path(s))
2026-07-29 16:44:17 PulseDaemon: cap write via daemon (7 node(s))
2026-07-29 16:44:17 PulseAutoTdp: tgt=90 fps=60.3 jank=0 tail=22ms act=RAISE bn=CPU cpuB=14 cpuPk=66 primePk=66 io=0 gpuB=31 gpuL=6 capped=2 prk=0 stl=0 draw=3.41W cT=53 gT=50 caps%[0:55,2:65,5:40,7:35,-100:85] curMHz[0:1132,2:1190,5:1075,7:480] gpu=231 gcap=903[2/13] lrn=100
2026-07-29 16:44:17 PulseDaemon: cap write via daemon (2 node(s))
2026-07-29 16:44:17 PulseDaemon: cap write via daemon (3 node(s))
2026-07-29 16:44:17 PulseDaemon: cap write via daemon (2 node(s))
2026-07-29 16:44:18 PulseDaemon: telemetry read via daemon (16 path(s))
2026-07-29 16:44:20 PulseDaemon: telemetry read via daemon (16 path(s))
2026-07-29 16:44:20 PulseDaemon: cap write via daemon (7 node(s))
2026-07-29 16:44:20 PulseAutoTdp: tgt=90 fps=64.6 jank=0 tail=22ms act=RAISE bn=CPU cpuB=14 cpuPk=67 primePk=67 io=0 gpuB=30 gpuL=6 capped=2 prk=0 stl=0 draw=3.64W cT=53 gT=50 caps%[0:55,2:65,5:45,7:35,-100:85] curMHz[0:672,2:1286,5:1190,7:480] gpu=231 gcap=903[2/13] lrn=100
2026-07-29 16:44:20 PulseDaemon: cap write via daemon (2 node(s))
2026-07-29 16:44:20 PulseDaemon: cap write via daemon (3 node(s))
2026-07-29 16:44:20 PulseDaemon: cap write via daemon (2 node(s))
2026-07-29 16:44:22 PulseDaemon: telemetry read via daemon (16 path(s))
2026-07-29 16:44:23 PulseDaemon: telemetry read via daemon (16 path(s))
2026-07-29 16:44:23 PulseDaemon: cap write via daemon (7 node(s))
2026-07-29 16:44:24 PulseAutoTdp: tgt=90 fps=60.6 jank=0 tail=22ms act=TRIM bn=CPU cpuB=14 cpuPk=63 primePk=63 io=0 gpuB=31 gpuL=6 capped=2 prk=0 stl=0 draw=3.93W cT=53 gT=50 caps%[0:55,2:65,5:40,7:35,-100:85] curMHz[0:1017,2:1286,5:1286,7:480] gpu=231 gcap=903[2/13] lrn=100
2026-07-29 16:44:24 PulseDaemon: cap write via daemon (2 node(s))
2026-07-29 16:44:24 PulseDaemon: cap write via daemon (3 node(s))
2026-07-29 16:44:24 PulseDaemon: cap write via daemon (2 node(s))
2026-07-29 16:44:25 PulseDaemon: telemetry read via daemon (16 path(s))
2026-07-29 16:44:27 PulseDaemon: telemetry read via daemon (16 path(s))
2026-07-29 16:44:27 PulseDaemon: cap write via daemon (7 node(s))
2026-07-29 16:44:28 PulseAutoTdp: tgt=90 fps=60.4 jank=0 tail=22ms act=RAISE bn=CPU cpuB=12 cpuPk=65 primePk=65 io=0 gpuB=33 gpuL=7 capped=2 prk=0 stl=0 draw=3.97W cT=53 gT=51 caps%[0:55,2:65,5:45,7:35,-100:85] curMHz[0:460,2:1286,5:1190,7:480] mn/mx[0:364/1248,2:1286/1401,5:499/1286,7:480/1017] gpu=231 gcap=903[2/13] lrn=100
2026-07-29 16:44:28 PulseDaemon: cap write via daemon (2 node(s))
2026-07-29 16:44:28 PulseDaemon: cap write via daemon (3 node(s))
2026-07-29 16:44:28 PulseDaemon: cap write via daemon (2 node(s))
2026-07-29 16:44:29 PulseDaemon: telemetry read via daemon (16 path(s))
2026-07-29 16:44:31 PulseDaemon: telemetry read via daemon (16 path(s))
2026-07-29 16:44:31 PulseDaemon: cap write via daemon (7 node(s))
2026-07-29 16:44:31 PulseAutoTdp: tgt=90 fps=60.6 jank=1 tail=33ms act=TRIM bn=- cpuB=12 cpuPk=51 primePk=51 io=0 gpuB=34 gpuL=7 capped=2 prk=0 stl=0 draw=3.75W cT=53 gT=51 caps%[0:55,2:65,5:40,7:35,-100:85] curMHz[0:556,2:1286,5:1286,7:480] gpu=231 gcap=903[2/13] lrn=100
2026-07-29 16:44:31 PulseDaemon: cap write via daemon (2 node(s))
2026-07-29 16:44:31 PulseDaemon: cap write via daemon (3 node(s))
2026-07-29 16:44:31 PulseDaemon: cap write via daemon (2 node(s))
2026-07-29 16:44:33 PulseDaemon: telemetry read via daemon (16 path(s))
2026-07-29 16:44:34 PulseDaemon: telemetry read via daemon (16 path(s))
2026-07-29 16:44:34 PulseDaemon: cap write via daemon (7 node(s))
2026-07-29 16:44:35 PulseAutoTdp: tgt=90 fps=60.6 jank=0 tail=22ms act=RAISE bn=CPU cpuB=16 cpuPk=65 primePk=65 io=0 gpuB=32 gpuL=7 capped=2 prk=0 stl=0 draw=3.79W cT=53 gT=50 caps%[0:55,2:65,5:45,7:35,-100:85] curMHz[0:1248,2:1286,5:1190,7:480] gpu=231 gcap=903[2/13] lrn=100
2026-07-29 16:44:35 PulseDaemon: cap write via daemon (2 node(s))
2026-07-29 16:44:35 PulseDaemon: cap write via daemon (3 node(s))
2026-07-29 16:44:35 PulseDaemon: cap write via daemon (2 node(s))
2026-07-29 16:44:36 PulseDaemon: telemetry read via daemon (16 path(s))
2026-07-29 16:44:37 PulseDaemon: telemetry read via daemon (16 path(s))
2026-07-29 16:44:38 PulseDaemon: cap write via daemon (7 node(s))
2026-07-29 16:44:38 PulseAutoTdp: tgt=90 fps=60.4 jank=0 tail=22ms act=TRIM bn=CPU cpuB=13 cpuPk=66 primePk=66 io=0 gpuB=31 gpuL=6 capped=3 prk=0 stl=0 draw=3.90W cT=53 gT=50 caps%[0:55,2:65,5:40,7:35,-100:85] curMHz[0:672,2:1286,5:1286,7:480] gpu=231 gcap=903[2/13] lrn=100
2026-07-29 16:44:38 PulseDaemon: cap write via daemon (2 node(s))
2026-07-29 16:44:38 PulseDaemon: cap write via daemon (2 node(s))
2026-07-29 16:44:39 PulseDaemon: telemetry read via daemon (16 path(s))
2026-07-29 16:44:41 PulseDaemon: telemetry read via daemon (16 path(s))
2026-07-29 16:44:41 PulseDaemon: cap write via daemon (7 node(s))
2026-07-29 16:44:41 PulseAutoTdp: tgt=90 fps=60.4 jank=0 tail=22ms act=RAISE bn=CPU cpuB=11 cpuPk=67 primePk=67 io=0 gpuB=31 gpuL=6 capped=3 prk=0 stl=0 draw=4.35W cT=53 gT=50 caps%[0:60,2:65,5:40,7:35,-100:85] curMHz[0:364,2:1286,5:1190,7:480] gpu=231 gcap=903[2/13] lrn=100
2026-07-29 16:44:41 PulseDaemon: cap write via daemon (2 node(s))
2026-07-29 16:44:41 PulseDaemon: cap write via daemon (3 node(s))
2026-07-29 16:44:41 PulseDaemon: cap write via daemon (2 node(s))
2026-07-29 16:44:43 PulseDaemon: telemetry read via daemon (16 path(s))
2026-07-29 16:44:44 PulseDaemon: telemetry read via daemon (16 path(s))
2026-07-29 16:44:45 PulseDaemon: cap write via daemon (7 node(s))
2026-07-29 16:44:45 PulseAutoTdp: tgt=90 fps=60.4 jank=0 tail=22ms act=TRIM bn=CPU cpuB=12 cpuPk=71 primePk=71 io=0 gpuB=32 gpuL=7 capped=3 prk=0 stl=0 draw=3.76W cT=52 gT=50 caps%[0:55,2:65,5:40,7:35,-100:85] curMHz[0:556,2:1286,5:1190,7:480] gpu=231 gcap=903[2/13] lrn=100
2026-07-29 16:44:45 PulseDaemon: cap write via daemon (2 node(s))
2026-07-29 16:44:45 PulseDaemon: cap write via daemon (3 node(s))
2026-07-29 16:44:45 PulseDaemon: cap write via daemon (2 node(s))
2026-07-29 16:44:46 PulseDaemon: telemetry read via daemon (16 path(s))
2026-07-29 16:44:48 PulseDaemon: telemetry read via daemon (16 path(s))
2026-07-29 16:44:48 PulseDaemon: cap write via daemon (7 node(s))
2026-07-29 16:44:48 PulseAutoTdp: tgt=90 fps=60.8 jank=0 tail=22ms act=RAISE bn=CPU cpuB=12 cpuPk=71 primePk=71 io=0 gpuB=33 gpuL=7 capped=3 prk=0 stl=0 draw=3.67W cT=53 gT=50 caps%[0:60,2:65,5:40,7:35,-100:85] curMHz[0:902,2:1286,5:499,7:480] gpu=231 gcap=903[2/13] lrn=100
2026-07-29 16:44:48 PulseDaemon: cap write via daemon (3 node(s))
2026-07-29 16:44:48 PulseDaemon: cap write via daemon (2 node(s))
2026-07-29 16:44:49 PulseDaemon: telemetry read via daemon (16 path(s))
2026-07-29 16:44:51 PulseDaemon: telemetry read via daemon (16 path(s))
2026-07-29 16:44:51 PulseDaemon: cap write via daemon (7 node(s))
2026-07-29 16:44:51 PulseAutoTdp: tgt=90 fps=60.6 jank=0 tail=22ms act=TRIM bn=CPU cpuB=15 cpuPk=68 primePk=68 io=0 gpuB=33 gpuL=7 capped=3 prk=0 stl=0 draw=3.90W cT=53 gT=50 caps%[0:55,2:65,5:40,7:35,-100:85] curMHz[0:1248,2:1401,5:1190,7:480] gpu=231 gcap=903[2/13] lrn=100
2026-07-29 16:44:51 PulseDaemon: cap write via daemon (2 node(s))
2026-07-29 16:44:51 PulseDaemon: cap write via daemon (3 node(s))
2026-07-29 16:44:52 PulseDaemon: cap write via daemon (2 node(s))
2026-07-29 16:44:53 PulseDaemon: telemetry read via daemon (16 path(s))
2026-07-29 16:44:54 PulseDaemon: telemetry read via daemon (16 path(s))
2026-07-29 16:44:55 PulseDaemon: cap write via daemon (7 node(s))
2026-07-29 16:44:55 PulseAutoTdp: tgt=90 fps=63.8 jank=0 tail=22ms act=RAISE bn=CPU cpuB=12 cpuPk=62 primePk=62 io=0 gpuB=31 gpuL=6 capped=3 prk=0 stl=0 draw=3.79W cT=53 gT=50 caps%[0:60,2:65,5:40,7:35,-100:85] curMHz[0:460,2:1286,5:1190,7:480] gpu=231 gcap=903[2/13] lrn=100
2026-07-29 16:44:55 PulseDaemon: cap write via daemon (2 node(s))
2026-07-29 16:44:55 PulseDaemon: cap write via daemon (3 node(s))
2026-07-29 16:44:56 PulseDaemon: telemetry read via daemon (16 path(s))
2026-07-29 16:44:58 PulseDaemon: telemetry read via daemon (16 path(s))
2026-07-29 16:44:58 PulseDaemon: cap write via daemon (7 node(s))
2026-07-29 16:44:58 PulseAutoTdp: tgt=90 fps=63.6 jank=0 tail=22ms act=TRIM bn=CPU cpuB=15 cpuPk=64 primePk=64 io=0 gpuB=37 gpuL=8 capped=4 prk=0 stl=0 draw=3.96W cT=53 gT=50 caps%[0:55,2:65,5:40,7:35,-100:85] curMHz[0:1248,2:1075,5:1190,7:480] gpu=231 gcap=903[2/13] lrn=100
2026-07-29 16:44:58 PulseDaemon: cap write via daemon (2 node(s))
2026-07-29 16:44:58 PulseDaemon: cap write via daemon (3 node(s))
2026-07-29 16:44:58 PulseDaemon: cap write via daemon (2 node(s))
2026-07-29 16:45:00 PulseDaemon: telemetry read via daemon (16 path(s))
2026-07-29 16:45:01 PulseDaemon: telemetry read via daemon (16 path(s))
2026-07-29 16:45:01 PulseDaemon: cap write via daemon (7 node(s))
2026-07-29 16:45:01 PulseAutoTdp: AUTOTDP-SESSION tgt=90 bias=BALANCED wattCap=0 policies=0:2265600:0,1;2:3148800:2,3,4;5:2956800:5,6;7:3052800:7;-100:1050000:
2026-07-29 16:45:02 PulseAutoTdp: tgt=90 fps=60.4 jank=0 tail=22ms act=RAISE bn=CPU cpuB=18 cpuPk=63 primePk=63 io=0 gpuB=30 gpuL=6 capped=0 prk=0 stl=0 draw=4.48W cT=53 gT=50 caps%[0:55,2:70,5:40,7:35,-100:85] curMHz[0:1248,2:1920,5:1190,7:480] mn/mx[0:1248/1248,2:499/2188,5:499/1190,7:480/1017] gpu=231 gcap=903[2/13] lrn=100
2026-07-29 16:45:02 PulseDaemon: cap write via daemon (2 node(s))
2026-07-29 16:45:02 PulseDaemon: cap write via daemon (3 node(s))
2026-07-29 16:45:02 PulseDaemon: cap write via daemon (2 node(s))
2026-07-29 16:45:04 PulseDaemon: telemetry read via daemon (16 path(s))
2026-07-29 16:45:05 PulseDaemon: telemetry read via daemon (16 path(s))
2026-07-29 16:45:05 PulseDaemon: cap write via daemon (7 node(s))
2026-07-29 16:45:05 PulseAutoTdp: tgt=90 fps=60.6 jank=0 tail=22ms act=TRIM bn=CPU cpuB=17 cpuPk=65 primePk=65 io=0 gpuB=30 gpuL=6 capped=0 prk=0 stl=0 draw=4.19W cT=53 gT=50 caps%[0:55,2:65,5:40,7:35,-100:85] curMHz[0:1248,2:1401,5:1190,7:480] gpu=231 gcap=903[2/13] lrn=100
2026-07-29 16:45:06 PulseDaemon: cap write via daemon (2 node(s))
2026-07-29 16:45:06 PulseDaemon: cap write via daemon (3 node(s))
2026-07-29 16:45:06 PulseDaemon: cap write via daemon (2 node(s))
2026-07-29 16:45:07 PulseDaemon: telemetry read via daemon (16 path(s))
2026-07-29 16:45:08 PulseDaemon: telemetry read via daemon (16 path(s))
2026-07-29 16:45:09 PulseDaemon: cap write via daemon (7 node(s))
2026-07-29 16:45:09 PulseAutoTdp: tgt=90 fps=60.6 jank=0 tail=22ms act=RAISE bn=CPU cpuB=13 cpuPk=63 primePk=63 io=0 gpuB=30 gpuL=6 capped=0 prk=0 stl=0 draw=3.60W cT=53 gT=50 caps%[0:55,2:70,5:40,7:35,-100:85] curMHz[0:556,2:1401,5:1190,7:480] gpu=231 gcap=903[2/13] lrn=100
2026-07-29 16:45:09 PulseDaemon: cap write via daemon (2 node(s))
2026-07-29 16:45:09 PulseDaemon: cap write via daemon (3 node(s))
2026-07-29 16:45:09 PulseDaemon: cap write via daemon (2 node(s))
2026-07-29 16:45:10 PulseDaemon: telemetry read via daemon (16 path(s))
2026-07-29 16:45:12 PulseDaemon: telemetry read via daemon (16 path(s))
2026-07-29 16:45:12 PulseDaemon: cap write via daemon (7 node(s))
2026-07-29 16:45:12 PulseAutoTdp: tgt=90 fps=60.6 jank=0 tail=22ms act=TRIM bn=CPU cpuB=15 cpuPk=65 primePk=65 io=0 gpuB=31 gpuL=6 capped=0 prk=0 stl=0 draw=3.48W cT=53 gT=50 caps%[0:55,2:65,5:40,7:35,-100:85] curMHz[0:1017,2:1401,5:1190,7:480] gpu=231 gcap=903[2/13] lrn=100
2026-07-29 16:45:12 PulseDaemon: cap write via daemon (2 node(s))
2026-07-29 16:45:12 PulseDaemon: cap write via daemon (3 node(s))
2026-07-29 16:45:12 PulseDaemon: cap write via daemon (2 node(s))
2026-07-29 16:45:14 PulseDaemon: telemetry read via daemon (16 path(s))
2026-07-29 16:45:15 PulseDaemon: telemetry read via daemon (16 path(s))
2026-07-29 16:45:16 PulseDaemon: cap write via daemon (7 node(s))
2026-07-29 16:45:16 PulseAutoTdp: tgt=90 fps=60.4 jank=0 tail=22ms act=RAISE bn=CPU cpuB=16 cpuPk=65 primePk=65 io=0 gpuB=33 gpuL=7 capped=0 prk=0 stl=0 draw=3.81W cT=53 gT=50 caps%[0:55,2:70,5:40,7:35,-100:85] curMHz[0:1248,2:1286,5:1190,7:480] gpu=231 gcap=903[2/13] lrn=100
2026-07-29 16:45:16 PulseDaemon: cap write via daemon (2 node(s))
2026-07-29 16:45:16 PulseDaemon: cap write via daemon (3 node(s))
2026-07-29 16:45:16 PulseDaemon: cap write via daemon (2 node(s))
2026-07-29 16:45:17 PulseDaemon: telemetry read via daemon (16 path(s))
2026-07-29 16:45:19 PulseDaemon: telemetry read via daemon (16 path(s))
2026-07-29 16:45:19 PulseDaemon: cap write via daemon (7 node(s))
2026-07-29 16:45:19 PulseAutoTdp: tgt=90 fps=60.4 jank=0 tail=22ms act=TRIM bn=CPU cpuB=16 cpuPk=68 primePk=68 io=0 gpuB=35 gpuL=7 capped=1 prk=0 stl=0 draw=4.36W cT=53 gT=50 caps%[0:55,2:65,5:40,7:35,-100:85] curMHz[0:1248,2:1401,5:1190,7:480] gpu=231 gcap=903[2/13] lrn=100
2026-07-29 16:45:19 PulseDaemon: cap write via daemon (2 node(s))
2026-07-29 16:45:19 PulseDaemon: cap write via daemon (3 node(s))
2026-07-29 16:45:19 PulseDaemon: cap write via daemon (2 node(s))
2026-07-29 16:45:21 PulseDaemon: telemetry read via daemon (16 path(s))
2026-07-29 16:45:22 PulseDaemon: telemetry read via daemon (16 path(s))
2026-07-29 16:45:22 PulseDaemon: cap write via daemon (7 node(s))
2026-07-29 16:45:22 PulseAutoTdp: tgt=90 fps=60.6 jank=1 tail=33ms act=RAISE bn=CPU cpuB=15 cpuPk=67 primePk=67 io=0 gpuB=36 gpuL=7 capped=1 prk=0 stl=0 draw=3.61W cT=53 gT=50 caps%[0:55,2:65,5:40,7:40,-100:85] curMHz[0:1248,2:1401,5:1190,7:480] gpu=231 gcap=903[2/13] lrn=100
2026-07-29 16:45:22 PulseDaemon: cap write via daemon (2 node(s))
2026-07-29 16:45:22 PulseDaemon: cap write via daemon (3 node(s))
2026-07-29 16:45:23 PulseDaemon: cap write via daemon (2 node(s))
2026-07-29 16:45:24 PulseDaemon: telemetry read via daemon (16 path(s))
2026-07-29 16:45:25 PulseDaemon: telemetry read via daemon (16 path(s))
2026-07-29 16:45:26 PulseDaemon: cap write via daemon (7 node(s))
2026-07-29 16:45:26 PulseAutoTdp: tgt=90 fps=60.1 jank=0 tail=22ms act=TRIM bn=CPU cpuB=17 cpuPk=69 primePk=69 io=0 gpuB=36 gpuL=7 capped=1 prk=0 stl=0 draw=3.45W cT=53 gT=50 caps%[0:55,2:65,5:40,7:35,-100:85] curMHz[0:1248,2:1401,5:1190,7:480] gpu=231 gcap=903[2/13] lrn=100
2026-07-29 16:45:26 PulseDaemon: cap write via daemon (2 node(s))
2026-07-29 16:45:26 PulseDaemon: cap write via daemon (3 node(s))
2026-07-29 16:45:26 PulseDaemon: cap write via daemon (2 node(s))
2026-07-29 16:45:27 PulseDaemon: telemetry read via daemon (16 path(s))
2026-07-29 16:45:29 PulseDaemon: telemetry read via daemon (16 path(s))
2026-07-29 16:45:29 PulseDaemon: cap write via daemon (7 node(s))
2026-07-29 16:45:29 PulseAutoTdp: tgt=90 fps=60.4 jank=0 tail=22ms act=RAISE bn=CPU cpuB=16 cpuPk=65 primePk=65 io=0 gpuB=33 gpuL=7 capped=1 prk=0 stl=0 draw=3.21W cT=53 gT=50 caps%[0:55,2:65,5:40,7:40,-100:85] curMHz[0:1132,2:1286,5:1190,7:480] gpu=231 gcap=903[2/13] lrn=100
2026-07-29 16:45:29 PulseDaemon: cap write via daemon (2 node(s))
2026-07-29 16:45:29 PulseDaemon: cap write via daemon (3 node(s))
2026-07-29 16:45:29 PulseDaemon: cap write via daemon (2 node(s))
2026-07-29 16:45:31 PulseDaemon: telemetry read via daemon (16 path(s))
2026-07-29 16:45:32 PulseDaemon: telemetry read via daemon (16 path(s))
2026-07-29 16:45:32 PulseDaemon: cap write via daemon (7 node(s))
2026-07-29 16:45:32 PulseAutoTdp: tgt=90 fps=60.6 jank=0 tail=22ms act=TRIM bn=CPU cpuB=14 cpuPk=64 primePk=64 io=0 gpuB=33 gpuL=7 capped=1 prk=0 stl=0 draw=3.51W cT=53 gT=50 caps%[0:55,2:65,5:40,7:35,-100:85] curMHz[0:1248,2:1401,5:499,7:480] gpu=231 gcap=903[2/13] lrn=100
2026-07-29 16:45:32 PulseDaemon: cap write via daemon (2 node(s))
2026-07-29 16:45:33 PulseDaemon: cap write via daemon (3 node(s))
2026-07-29 16:45:33 PulseDaemon: cap write via daemon (2 node(s))
2026-07-29 16:45:34 PulseDaemon: telemetry read via daemon (16 path(s))
2026-07-29 16:45:35 PulseDaemon: telemetry read via daemon (16 path(s))
2026-07-29 16:45:36 PulseDaemon: cap write via daemon (7 node(s))
2026-07-29 16:45:37 PulseAutoTdp: tgt=90 fps=60.4 jank=0 tail=22ms act=RAISE bn=CPU cpuB=16 cpuPk=65 primePk=65 io=0 gpuB=33 gpuL=7 capped=1 prk=0 stl=0 draw=4.58W cT=53 gT=50 caps%[0:55,2:65,5:40,7:40,-100:85] curMHz[0:1248,2:1286,5:1190,7:480] mn/mx[0:364/1248,2:1286/1401,5:499/1190,7:480/1248] gpu=231 gcap=903[2/13] lrn=100
2026-07-29 16:45:37 PulseDaemon: cap write via daemon (2 node(s))
2026-07-29 16:45:37 PulseDaemon: cap write via daemon (3 node(s))
2026-07-29 16:45:37 PulseDaemon: cap write via daemon (2 node(s))
2026-07-29 16:45:38 PulseDaemon: telemetry read via daemon (16 path(s))
2026-07-29 16:45:40 PulseDaemon: telemetry read via daemon (16 path(s))
2026-07-29 16:45:40 PulseDaemon: cap write via daemon (7 node(s))
2026-07-29 16:45:40 PulseAutoTdp: tgt=90 fps=60.4 jank=0 tail=22ms act=TRIM bn=CPU cpuB=16 cpuPk=66 primePk=66 io=0 gpuB=33 gpuL=7 capped=2 prk=0 stl=0 draw=4.20W cT=53 gT=50 caps%[0:55,2:65,5:40,7:35,-100:85] curMHz[0:1248,2:1286,5:1190,7:480] gpu=231 gcap=903[2/13] lrn=100
2026-07-29 16:45:40 PulseDaemon: cap write via daemon (2 node(s))
2026-07-29 16:45:40 PulseDaemon: cap write via daemon (3 node(s))
2026-07-29 16:45:40 PulseDaemon: cap write via daemon (2 node(s))
2026-07-29 16:45:42 PulseDaemon: telemetry read via daemon (16 path(s))
2026-07-29 16:45:43 PulseDaemon: telemetry read via daemon (16 path(s))
2026-07-29 16:45:43 PulseDaemon: cap write via daemon (7 node(s))
2026-07-29 16:45:43 PulseAutoTdp: tgt=90 fps=60.6 jank=0 tail=22ms act=RAISE bn=CPU cpuB=15 cpuPk=66 primePk=66 io=0 gpuB=33 gpuL=7 capped=2 prk=0 stl=0 draw=4.35W cT=53 gT=50 caps%[0:55,2:65,5:45,7:35,-100:85] curMHz[0:1017,2:1286,5:1190,7:480] gpu=231 gcap=903[2/13] lrn=100
2026-07-29 16:45:43 PulseDaemon: cap write via daemon (2 node(s))
2026-07-29 16:45:43 PulseDaemon: cap write via daemon (3 node(s))
2026-07-29 16:45:44 PulseDaemon: cap write via daemon (2 node(s))
2026-07-29 16:45:45 PulseDaemon: telemetry read via daemon (16 path(s))
2026-07-29 16:45:46 PulseDaemon: telemetry read via daemon (16 path(s))
2026-07-29 16:45:47 PulseDaemon: cap write via daemon (7 node(s))
2026-07-29 16:45:47 PulseAutoTdp: tgt=90 fps=60.6 jank=0 tail=22ms act=TRIM bn=CPU cpuB=14 cpuPk=68 primePk=68 io=0 gpuB=39 gpuL=8 capped=2 prk=0 stl=0 draw=4.60W cT=53 gT=50 caps%[0:55,2:65,5:40,7:35,-100:85] curMHz[0:556,2:1401,5:1286,7:480] gpu=231 gcap=903[2/13] lrn=100
2026-07-29 16:45:47 PulseDaemon: cap write via daemon (2 node(s))
2026-07-29 16:45:47 PulseDaemon: cap write via daemon (3 node(s))
2026-07-29 16:45:47 PulseDaemon: cap write via daemon (2 node(s))
2026-07-29 16:45:48 PulseDaemon: telemetry read via daemon (16 path(s))
2026-07-29 16:45:50 PulseDaemon: telemetry read via daemon (16 path(s))
2026-07-29 16:45:50 PulseDaemon: cap write via daemon (7 node(s))
2026-07-29 16:45:50 PulseAutoTdp: tgt=90 fps=60.1 jank=0 tail=22ms act=RAISE bn=CPU cpuB=17 cpuPk=69 primePk=69 io=0 gpuB=40 gpuL=8 capped=2 prk=0 stl=0 draw=4.03W cT=53 gT=50 caps%[0:55,2:65,5:45,7:35,-100:85] curMHz[0:1248,2:1401,5:1190,7:480] gpu=231 gcap=903[2/13] lrn=100
2026-07-29 16:45:50 PulseDaemon: cap write via daemon (2 node(s))
2026-07-29 16:45:50 PulseDaemon: cap write via daemon (3 node(s))
2026-07-29 16:45:50 PulseDaemon: cap write via daemon (2 node(s))
2026-07-29 16:45:52 PulseDaemon: telemetry read via daemon (16 path(s))
2026-07-29 16:45:53 PulseDaemon: telemetry read via daemon (16 path(s))
2026-07-29 16:45:53 PulseDaemon: cap write via daemon (7 node(s))
2026-07-29 16:45:53 PulseAutoTdp: AUTOTDP-SESSION tgt=90 bias=BALANCED wattCap=0 policies=0:2265600:0,1;2:3148800:2,3,4;5:2956800:5,6;7:3052800:7;-100:1050000:
2026-07-29 16:45:53 PulseAutoTdp: tgt=90 fps=60.4 jank=0 tail=22ms act=TRIM bn=CPU cpuB=17 cpuPk=68 primePk=68 io=0 gpuB=32 gpuL=7 capped=2 prk=0 stl=0 draw=3.37W cT=53 gT=50 caps%[0:55,2:65,5:40,7:35,-100:85] curMHz[0:1248,2:1286,5:1286,7:480] gpu=231 gcap=903[2/13] lrn=100
2026-07-29 16:45:53 PulseDaemon: cap write via daemon (2 node(s))
2026-07-29 16:45:53 PulseDaemon: cap write via daemon (3 node(s))
2026-07-29 16:45:54 PulseDaemon: cap write via daemon (2 node(s))
2026-07-29 16:45:55 PulseDaemon: telemetry read via daemon (16 path(s))
2026-07-29 16:45:56 PulseDaemon: telemetry read via daemon (16 path(s))
2026-07-29 16:45:57 PulseDaemon: cap write via daemon (7 node(s))
2026-07-29 16:45:57 PulseAutoTdp: tgt=90 fps=60.6 jank=0 tail=22ms act=RAISE bn=CPU cpuB=16 cpuPk=67 primePk=67 io=0 gpuB=32 gpuL=7 capped=2 prk=0 stl=0 draw=3.40W cT=53 gT=51 caps%[0:55,2:65,5:45,7:35,-100:85] curMHz[0:1248,2:1286,5:1190,7:480] gpu=231 gcap=903[2/13] lrn=100
2026-07-29 16:45:57 PulseDaemon: cap write via daemon (2 node(s))
2026-07-29 16:45:57 PulseDaemon: cap write via daemon (3 node(s))
2026-07-29 16:45:57 PulseDaemon: cap write via daemon (2 node(s))
2026-07-29 16:45:58 PulseDaemon: telemetry read via daemon (16 path(s))
2026-07-29 16:46:00 PulseDaemon: telemetry read via daemon (16 path(s))
2026-07-29 16:46:00 PulseDaemon: cap write via daemon (7 node(s))
2026-07-29 16:46:00 PulseAutoTdp: tgt=90 fps=60.9 jank=0 tail=22ms act=TRIM bn=CPU cpuB=16 cpuPk=68 primePk=68 io=0 gpuB=34 gpuL=7 capped=3 prk=0 stl=0 draw=3.55W cT=53 gT=50 caps%[0:55,2:65,5:40,7:35,-100:85] curMHz[0:1248,2:1286,5:1286,7:480] gpu=231 gcap=903[2/13] lrn=100
2026-07-29 16:46:00 PulseDaemon: cap write via xsu fallback (2 node(s), ~413 chars, chunked)
2026-07-29 16:46:00 PulseDaemon: cap write via daemon (2 node(s))
2026-07-29 16:46:02 PulseDaemon: telemetry read via daemon (16 path(s))
2026-07-29 16:46:03 PulseDaemon: telemetry read via daemon (16 path(s))
2026-07-29 16:46:03 PulseDaemon: cap write via daemon (7 node(s))
2026-07-29 16:46:03 PulseAutoTdp: tgt=90 fps=60.6 jank=0 tail=22ms act=RAISE bn=CPU cpuB=13 cpuPk=69 primePk=69 io=0 gpuB=33 gpuL=7 capped=3 prk=0 stl=0 draw=4.02W cT=53 gT=50 caps%[0:60,2:65,5:40,7:35,-100:85] curMHz[0:672,2:1190,5:1190,7:480] gpu=231 gcap=903[2/13] lrn=100
2026-07-29 16:46:03 PulseDaemon: cap write via daemon (2 node(s))
2026-07-29 16:46:03 PulseDaemon: cap write via daemon (3 node(s))
2026-07-29 16:46:04 PulseDaemon: cap write via daemon (2 node(s))
2026-07-29 16:46:05 PulseDaemon: telemetry read via daemon (16 path(s))
2026-07-29 16:46:06 PulseDaemon: telemetry read via daemon (16 path(s))
2026-07-29 16:46:07 PulseDaemon: cap write via daemon (7 node(s))
2026-07-29 16:46:07 PulseAutoTdp: tgt=90 fps=60.4 jank=0 tail=22ms act=TRIM bn=CPU cpuB=16 cpuPk=69 primePk=69 io=0 gpuB=33 gpuL=7 capped=3 prk=0 stl=0 draw=4.39W cT=53 gT=50 caps%[0:55,2:65,5:40,7:35,-100:85] curMHz[0:1132,2:1190,5:1190,7:480] gpu=231 gcap=903[2/13] lrn=100
2026-07-29 16:46:07 PulseDaemon: cap write via daemon (2 node(s))
2026-07-29 16:46:07 PulseDaemon: cap write via daemon (3 node(s))
2026-07-29 16:46:07 PulseDaemon: cap write via daemon (2 node(s))
2026-07-29 16:46:08 PulseDaemon: telemetry read via daemon (16 path(s))
2026-07-29 16:46:10 PulseDaemon: telemetry read via daemon (16 path(s))
2026-07-29 16:46:10 PulseDaemon: cap write via daemon (7 node(s))
2026-07-29 16:46:11 PulseAutoTdp: tgt=90 fps=60.6 jank=0 tail=22ms act=RAISE bn=- cpuB=15 cpuPk=45 primePk=43 io=0 gpuB=34 gpuL=7 capped=3 prk=0 stl=0 draw=3.96W cT=53 gT=50 caps%[0:55,2:65,5:40,7:35,-100:90] curMHz[0:1132,2:1286,5:1190,7:480] mn/mx[0:364/1248,2:1190/1286,5:499/1190,7:480/1017] gpu=231 gcap=903[2/13] lrn=100
2026-07-29 16:46:11 PulseDaemon: cap write via daemon (2 node(s))
2026-07-29 16:46:11 PulseDaemon: cap write via daemon (3 node(s))
2026-07-29 16:46:11 PulseDaemon: cap write via daemon (2 node(s))
2026-07-29 16:46:12 PulseDaemon: telemetry read via daemon (16 path(s))
2026-07-29 16:46:14 PulseDaemon: telemetry read via daemon (16 path(s))
2026-07-29 16:46:14 PulseDaemon: cap write via daemon (7 node(s))
2026-07-29 16:46:14 PulseAutoTdp: tgt=90 fps=76.8 jank=1 tail=33ms act=RAISE bn=CPU cpuB=15 cpuPk=77 primePk=16 io=0 gpuB=45 gpuL=9 capped=3 prk=0 stl=0 draw=3.05W cT=53 gT=51 caps%[0:60,2:65,5:40,7:35,-100:90] curMHz[0:787,2:1075,5:1190,7:480] gpu=231 gcap=903[2/13] lrn=100
2026-07-29 16:46:14 PulseDaemon: cap write via daemon (2 node(s))
2026-07-29 16:46:14 PulseDaemon: cap write via daemon (3 node(s))
2026-07-29 16:46:15 PulseDaemon: cap write via daemon (2 node(s))
2026-07-29 16:46:16 PulseDaemon: telemetry read via daemon (16 path(s))
2026-07-29 16:46:17 PulseDaemon: telemetry read via daemon (16 path(s))
2026-07-29 16:46:18 PulseAutoTdp: tgt=90 fps=90.0 jank=0 tail=11ms act=RAISE bn=CPU cpuB=24 cpuPk=63 primePk=52 io=0 gpuB=24 gpuL=5 capped=3 prk=0 stl=0 draw=5.39W cT=56 gT=50 caps%[0:65,2:65,5:40,7:35,-100:90] curMHz[0:1248,2:2035,5:1190,7:480] gpu=231 gcap=903[2/13] lrn=100
2026-07-29 16:46:18 PulseDaemon: cap write via daemon (2 node(s))
2026-07-29 16:46:18 PulseDaemon: cap write via daemon (3 node(s))
2026-07-29 16:46:18 PulseDaemon: cap write via daemon (2 node(s))
2026-07-29 16:46:19 PulseDaemon: telemetry read via daemon (16 path(s))
2026-07-29 16:46:21 PulseDaemon: cap write via daemon (3 node(s))
2026-07-29 16:46:21 PulseDaemon: cap write via daemon (10 node(s))
2026-07-29 16:46:22 PulseAutoTdp: TICK-SKIP overlayShouldShow=false autoActive=false quickAccessShouldShow=false autoTdpPackage=null boundPackage=null lastForeground=com.android.launcher3
2026-07-29 16:46:22 PulseFan: arbiter=None auto=false bound=null managed=null latched=true
2026-07-29 16:46:23 PulseAutoTdp: TICK-SKIP overlayShouldShow=false autoActive=false quickAccessShouldShow=false autoTdpPackage=null boundPackage=null lastForeground=com.android.launcher3
2026-07-29 16:46:27 PulseDaemon: cap write via daemon (3 node(s))
2026-07-29 16:46:28 PulseDaemon: cap write via daemon (10 node(s))
2026-07-29 16:46:28 PulseDaemon: telemetry read via daemon (16 path(s))
2026-07-29 16:46:28 PulseAutoTdp: AUTOTDP-SESSION tgt=90 bias=EFFICIENT wattCap=0 policies=0:2265600:0,1;2:3148800:2,3,4;5:2956800:5,6;7:3052800:7;-100:1050000:
2026-07-29 16:46:29 PulseAutoTdp: tgt=90 fps=- jank=0 tail=-ms act=HOLD bn=- cpuB=23 cpuPk=50 primePk=18 io=0 gpuB=27 gpuL=5 capped=0 prk=0 stl=0 draw=3.14W cT=53 gT=49 caps%[0:100,2:100,5:100,7:100,-100:100] curMHz[0:2265,2:844,5:2956,7:480] mn/mx[0:364/2265,2:499/3148,5:499/2956,7:480/3052] gpu=231 gcap=1050[0/13] lrn=100
2026-07-29 16:46:30 PulseDaemon: telemetry read via daemon (16 path(s))
2026-07-29 16:46:32 PulseDaemon: telemetry read via daemon (16 path(s))
2026-07-29 16:46:32 PulseAutoTdp: tgt=90 fps=90.0 jank=0 tail=11ms act=HOLD bn=CPU cpuB=31 cpuPk=66 primePk=19 io=0 gpuB=36 gpuL=7 capped=0 prk=0 stl=0 draw=3.01W cT=53 gT=49 caps%[0:100,2:100,5:100,7:100,-100:100] curMHz[0:2265,2:1497,5:2899,7:480] gpu=231 gcap=1050[0/13] lrn=100
2026-07-29 16:46:33 PulseDaemon: telemetry read via daemon (16 path(s))
2026-07-29 16:46:34 PulseDaemon: cap write via daemon (3 node(s))
2026-07-29 16:46:35 PulseDaemon: cap write via daemon (10 node(s))
2026-07-29 16:46:37 PulseAutoTdp: TICK-SKIP overlayShouldShow=false autoActive=false quickAccessShouldShow=false autoTdpPackage=null boundPackage=com.miHoYo.Yuanshen lastForeground=com.miHoYo.Yuanshen
2026-07-29 16:46:38 PulseFan: arbiter=None auto=false bound=null managed=null latched=true
2026-07-29 16:46:38 PulseDaemon: cap write via daemon (5 node(s))
2026-07-29 16:46:39 PulseAutoTdp: TICK-SKIP overlayShouldShow=false autoActive=false quickAccessShouldShow=false autoTdpPackage=null boundPackage=com.miHoYo.Yuanshen lastForeground=com.miHoYo.Yuanshen
2026-07-29 16:46:40 PulseAutoTdp: TICK-SKIP overlayShouldShow=false autoActive=false quickAccessShouldShow=false autoTdpPackage=null boundPackage=com.miHoYo.Yuanshen lastForeground=com.miHoYo.Yuanshen
2026-07-29 16:46:41 PulseDaemon: cap write via daemon (5 node(s))
2026-07-29 16:46:42 PulseAutoTdp: TICK-SKIP overlayShouldShow=false autoActive=false quickAccessShouldShow=false autoTdpPackage=null boundPackage=com.miHoYo.Yuanshen lastForeground=com.miHoYo.Yuanshen
2026-07-29 16:46:43 PulseAutoTdp: TICK-SKIP overlayShouldShow=false autoActive=false quickAccessShouldShow=false autoTdpPackage=null boundPackage=com.miHoYo.Yuanshen lastForeground=com.miHoYo.Yuanshen
2026-07-29 16:46:43 PulseDaemon: cap write via daemon (5 node(s))
2026-07-29 16:46:44 PulseAutoTdp: TICK-SKIP overlayShouldShow=false autoActive=false quickAccessShouldShow=false autoTdpPackage=null boundPackage=com.miHoYo.Yuanshen lastForeground=com.miHoYo.Yuanshen
2026-07-29 16:46:46 PulseAutoTdp: TICK-SKIP overlayShouldShow=false autoActive=false quickAccessShouldShow=false autoTdpPackage=null boundPackage=com.miHoYo.Yuanshen lastForeground=com.miHoYo.Yuanshen
2026-07-29 16:46:46 PulseDaemon: cap write via daemon (5 node(s))
2026-07-29 16:46:47 PulseAutoTdp: TICK-SKIP overlayShouldShow=false autoActive=false quickAccessShouldShow=false autoTdpPackage=null boundPackage=com.miHoYo.Yuanshen lastForeground=com.miHoYo.Yuanshen
2026-07-29 16:46:49 PulseAutoTdp: TICK-SKIP overlayShouldShow=false autoActive=false quickAccessShouldShow=false autoTdpPackage=null boundPackage=com.miHoYo.Yuanshen lastForeground=com.miHoYo.Yuanshen
2026-07-29 16:46:49 PulseDaemon: cap write via daemon (5 node(s))
2026-07-29 16:46:50 PulseAutoTdp: TICK-SKIP overlayShouldShow=false autoActive=false quickAccessShouldShow=false autoTdpPackage=null boundPackage=com.miHoYo.Yuanshen lastForeground=com.miHoYo.Yuanshen
2026-07-29 16:46:51 PulseAutoTdp: TICK-SKIP overlayShouldShow=false autoActive=false quickAccessShouldShow=false autoTdpPackage=null boundPackage=com.miHoYo.Yuanshen lastForeground=com.miHoYo.Yuanshen
2026-07-29 16:46:52 PulseDaemon: cap write via daemon (5 node(s))
2026-07-29 16:46:53 PulseAutoTdp: TICK-SKIP overlayShouldShow=false autoActive=false quickAccessShouldShow=false autoTdpPackage=null boundPackage=com.miHoYo.Yuanshen lastForeground=com.miHoYo.Yuanshen
2026-07-29 16:46:54 PulseAutoTdp: TICK-SKIP overlayShouldShow=false autoActive=false quickAccessShouldShow=false autoTdpPackage=null boundPackage=com.miHoYo.Yuanshen lastForeground=com.miHoYo.Yuanshen
2026-07-29 16:46:55 PulseDaemon: cap write via daemon (5 node(s))
2026-07-29 16:46:56 PulseAutoTdp: TICK-SKIP overlayShouldShow=false autoActive=false quickAccessShouldShow=false autoTdpPackage=null boundPackage=com.miHoYo.Yuanshen lastForeground=com.miHoYo.Yuanshen
2026-07-29 16:46:57 PulseAutoTdp: TICK-SKIP overlayShouldShow=false autoActive=false quickAccessShouldShow=false autoTdpPackage=null boundPackage=com.miHoYo.Yuanshen lastForeground=com.miHoYo.Yuanshen
2026-07-29 16:46:57 PulseDaemon: cap write via daemon (5 node(s))
2026-07-29 16:46:58 PulseAutoTdp: TICK-SKIP overlayShouldShow=false autoActive=false quickAccessShouldShow=false autoTdpPackage=null boundPackage=com.miHoYo.Yuanshen lastForeground=com.miHoYo.Yuanshen
2026-07-29 16:47:00 PulseAutoTdp: TICK-SKIP overlayShouldShow=false autoActive=false quickAccessShouldShow=false autoTdpPackage=null boundPackage=com.miHoYo.Yuanshen lastForeground=com.miHoYo.Yuanshen
2026-07-29 16:47:00 PulseDaemon: cap write via daemon (5 node(s))
2026-07-29 16:47:01 PulseAutoTdp: TICK-SKIP overlayShouldShow=false autoActive=false quickAccessShouldShow=false autoTdpPackage=null boundPackage=com.miHoYo.Yuanshen lastForeground=com.miHoYo.Yuanshen
2026-07-29 16:47:03 PulseAutoTdp: TICK-SKIP overlayShouldShow=false autoActive=false quickAccessShouldShow=false autoTdpPackage=null boundPackage=com.miHoYo.Yuanshen lastForeground=com.miHoYo.Yuanshen
2026-07-29 16:47:03 PulseDaemon: cap write via daemon (5 node(s))
2026-07-29 16:47:04 PulseAutoTdp: TICK-SKIP overlayShouldShow=false autoActive=false quickAccessShouldShow=false autoTdpPackage=null boundPackage=com.miHoYo.Yuanshen lastForeground=com.miHoYo.Yuanshen
2026-07-29 16:47:05 PulseAutoTdp: TICK-SKIP overlayShouldShow=false autoActive=false quickAccessShouldShow=false autoTdpPackage=null boundPackage=com.miHoYo.Yuanshen lastForeground=com.miHoYo.Yuanshen
2026-07-29 16:47:06 PulseDaemon: cap write via daemon (5 node(s))
2026-07-29 16:47:07 PulseAutoTdp: TICK-SKIP overlayShouldShow=false autoActive=false quickAccessShouldShow=false autoTdpPackage=null boundPackage=com.miHoYo.Yuanshen lastForeground=com.miHoYo.Yuanshen
2026-07-29 16:47:08 PulseAutoTdp: TICK-SKIP overlayShouldShow=false autoActive=false quickAccessShouldShow=false autoTdpPackage=null boundPackage=com.miHoYo.Yuanshen lastForeground=com.miHoYo.Yuanshen
2026-07-29 16:47:09 PulseDaemon: cap write via daemon (5 node(s))
2026-07-29 16:47:10 PulseAutoTdp: TICK-SKIP overlayShouldShow=false autoActive=false quickAccessShouldShow=false autoTdpPackage=null boundPackage=com.miHoYo.Yuanshen lastForeground=com.miHoYo.Yuanshen
2026-07-29 16:47:11 PulseAutoTdp: TICK-SKIP overlayShouldShow=false autoActive=false quickAccessShouldShow=false autoTdpPackage=null boundPackage=com.miHoYo.Yuanshen lastForeground=com.miHoYo.Yuanshen
2026-07-29 16:47:11 PulseDaemon: cap write via daemon (5 node(s))
2026-07-29 16:47:12 PulseAutoTdp: TICK-SKIP overlayShouldShow=false autoActive=false quickAccessShouldShow=false autoTdpPackage=null boundPackage=com.miHoYo.Yuanshen lastForeground=com.miHoYo.Yuanshen
2026-07-29 16:47:14 PulseAutoTdp: TICK-SKIP overlayShouldShow=false autoActive=false quickAccessShouldShow=false autoTdpPackage=null boundPackage=com.miHoYo.Yuanshen lastForeground=com.miHoYo.Yuanshen
2026-07-29 16:47:14 PulseDaemon: cap write via daemon (5 node(s))
2026-07-29 16:47:15 PulseAutoTdp: TICK-SKIP overlayShouldShow=false autoActive=false quickAccessShouldShow=false autoTdpPackage=null boundPackage=com.miHoYo.Yuanshen lastForeground=com.miHoYo.Yuanshen
2026-07-29 16:47:17 PulseAutoTdp: TICK-SKIP overlayShouldShow=false autoActive=false quickAccessShouldShow=false autoTdpPackage=null boundPackage=com.miHoYo.Yuanshen lastForeground=com.miHoYo.Yuanshen
2026-07-29 16:47:17 PulseDaemon: cap write via daemon (5 node(s))
2026-07-29 16:47:18 PulseAutoTdp: TICK-SKIP overlayShouldShow=false autoActive=false quickAccessShouldShow=false autoTdpPackage=null boundPackage=com.miHoYo.Yuanshen lastForeground=com.miHoYo.Yuanshen
2026-07-29 16:47:19 PulseAutoTdp: TICK-SKIP overlayShouldShow=false autoActive=false quickAccessShouldShow=false autoTdpPackage=null boundPackage=com.miHoYo.Yuanshen lastForeground=com.miHoYo.Yuanshen
2026-07-29 16:47:20 PulseDaemon: cap write via daemon (5 node(s))
2026-07-29 16:47:21 PulseAutoTdp: TICK-SKIP overlayShouldShow=false autoActive=false quickAccessShouldShow=false autoTdpPackage=null boundPackage=com.miHoYo.Yuanshen lastForeground=com.miHoYo.Yuanshen
2026-07-29 16:47:22 PulseAutoTdp: TICK-SKIP overlayShouldShow=false autoActive=false quickAccessShouldShow=false autoTdpPackage=null boundPackage=com.miHoYo.Yuanshen lastForeground=com.miHoYo.Yuanshen
2026-07-29 16:47:23 PulseDaemon: cap write via daemon (5 node(s))
2026-07-29 16:47:24 PulseAutoTdp: TICK-SKIP overlayShouldShow=false autoActive=false quickAccessShouldShow=false autoTdpPackage=null boundPackage=com.miHoYo.Yuanshen lastForeground=com.miHoYo.Yuanshen
2026-07-29 16:47:25 PulseAutoTdp: TICK-SKIP overlayShouldShow=false autoActive=false quickAccessShouldShow=false autoTdpPackage=null boundPackage=com.miHoYo.Yuanshen lastForeground=com.miHoYo.Yuanshen
2026-07-29 16:47:25 PulseDaemon: cap write via daemon (5 node(s))
2026-07-29 16:47:27 PulseAutoTdp: TICK-SKIP overlayShouldShow=false autoActive=false quickAccessShouldShow=false autoTdpPackage=null boundPackage=com.miHoYo.Yuanshen lastForeground=com.miHoYo.Yuanshen
2026-07-29 16:47:28 PulseAutoTdp: TICK-SKIP overlayShouldShow=false autoActive=false quickAccessShouldShow=false autoTdpPackage=null boundPackage=com.miHoYo.Yuanshen lastForeground=com.miHoYo.Yuanshen
2026-07-29 16:47:28 PulseDaemon: cap write via daemon (5 node(s))
2026-07-29 16:47:29 PulseAutoTdp: TICK-SKIP overlayShouldShow=false autoActive=false quickAccessShouldShow=false autoTdpPackage=null boundPackage=com.miHoYo.Yuanshen lastForeground=com.miHoYo.Yuanshen
# ... 2 more identical lines elided (same content, only timestamp differs) ...
2026-07-29 16:47:34 PulseAutoTdp: TICK-SKIP overlayShouldShow=false autoActive=false quickAccessShouldShow=false autoTdpPackage=null boundPackage=com.miHoYo.Yuanshen lastForeground=com.miHoYo.Yuanshen
2026-07-29 16:47:34 PulseDaemon: cap write via daemon (5 node(s))
2026-07-29 16:47:35 PulseAutoTdp: TICK-SKIP overlayShouldShow=false autoActive=false quickAccessShouldShow=false autoTdpPackage=null boundPackage=com.miHoYo.Yuanshen lastForeground=com.miHoYo.Yuanshen
2026-07-29 16:47:36 PulseAutoTdp: TICK-SKIP overlayShouldShow=false autoActive=false quickAccessShouldShow=false autoTdpPackage=null boundPackage=com.miHoYo.Yuanshen lastForeground=com.miHoYo.Yuanshen
2026-07-29 16:47:37 PulseDaemon: cap write via daemon (5 node(s))
2026-07-29 16:47:38 PulseAutoTdp: TICK-SKIP overlayShouldShow=false autoActive=false quickAccessShouldShow=false autoTdpPackage=null boundPackage=com.miHoYo.Yuanshen lastForeground=com.miHoYo.Yuanshen
2026-07-29 16:47:39 PulseAutoTdp: TICK-SKIP overlayShouldShow=false autoActive=false quickAccessShouldShow=false autoTdpPackage=null boundPackage=com.miHoYo.Yuanshen lastForeground=com.miHoYo.Yuanshen
2026-07-29 16:47:40 PulseDaemon: cap write via daemon (5 node(s))
2026-07-29 16:47:41 PulseAutoTdp: TICK-SKIP overlayShouldShow=false autoActive=false quickAccessShouldShow=false autoTdpPackage=null boundPackage=com.miHoYo.Yuanshen lastForeground=com.miHoYo.Yuanshen
2026-07-29 16:47:42 PulseAutoTdp: TICK-SKIP overlayShouldShow=false autoActive=false quickAccessShouldShow=false autoTdpPackage=null boundPackage=com.miHoYo.Yuanshen lastForeground=com.miHoYo.Yuanshen
2026-07-29 16:47:43 PulseDaemon: cap write via daemon (5 node(s))
2026-07-29 16:47:44 PulseAutoTdp: TICK-SKIP overlayShouldShow=false autoActive=false quickAccessShouldShow=false autoTdpPackage=null boundPackage=com.miHoYo.Yuanshen lastForeground=com.miHoYo.Yuanshen
2026-07-29 16:47:45 PulseAutoTdp: TICK-SKIP overlayShouldShow=false autoActive=false quickAccessShouldShow=false autoTdpPackage=null boundPackage=com.miHoYo.Yuanshen lastForeground=com.miHoYo.Yuanshen
2026-07-29 16:47:45 PulseDaemon: cap write via daemon (5 node(s))
2026-07-29 16:47:46 PulseAutoTdp: TICK-SKIP overlayShouldShow=false autoActive=false quickAccessShouldShow=false autoTdpPackage=null boundPackage=com.miHoYo.Yuanshen lastForeground=com.miHoYo.Yuanshen
2026-07-29 16:47:48 PulseAutoTdp: TICK-SKIP overlayShouldShow=false autoActive=false quickAccessShouldShow=false autoTdpPackage=null boundPackage=com.miHoYo.Yuanshen lastForeground=com.miHoYo.Yuanshen
2026-07-29 16:47:48 PulseDaemon: cap write via daemon (5 node(s))
2026-07-29 16:47:49 PulseAutoTdp: TICK-SKIP overlayShouldShow=false autoActive=false quickAccessShouldShow=false autoTdpPackage=null boundPackage=com.miHoYo.Yuanshen lastForeground=com.miHoYo.Yuanshen
2026-07-29 16:47:51 PulseAutoTdp: TICK-SKIP overlayShouldShow=false autoActive=false quickAccessShouldShow=false autoTdpPackage=null boundPackage=com.miHoYo.Yuanshen lastForeground=com.miHoYo.Yuanshen
2026-07-29 16:47:51 PulseDaemon: cap write via daemon (5 node(s))
2026-07-29 16:47:52 PulseAutoTdp: TICK-SKIP overlayShouldShow=false autoActive=false quickAccessShouldShow=false autoTdpPackage=null boundPackage=com.miHoYo.Yuanshen lastForeground=com.miHoYo.Yuanshen
2026-07-29 16:47:53 PulseAutoTdp: TICK-SKIP overlayShouldShow=false autoActive=false quickAccessShouldShow=false autoTdpPackage=null boundPackage=com.miHoYo.Yuanshen lastForeground=com.miHoYo.Yuanshen
2026-07-29 16:47:54 PulseDaemon: cap write via daemon (5 node(s))
2026-07-29 16:47:55 PulseAutoTdp: TICK-SKIP overlayShouldShow=false autoActive=false quickAccessShouldShow=false autoTdpPackage=null boundPackage=com.miHoYo.Yuanshen lastForeground=com.miHoYo.Yuanshen
2026-07-29 16:47:56 PulseAutoTdp: TICK-SKIP overlayShouldShow=false autoActive=false quickAccessShouldShow=false autoTdpPackage=null boundPackage=com.miHoYo.Yuanshen lastForeground=com.miHoYo.Yuanshen
2026-07-29 16:47:57 PulseDaemon: cap write via daemon (5 node(s))
2026-07-29 16:47:58 PulseAutoTdp: TICK-SKIP overlayShouldShow=false autoActive=false quickAccessShouldShow=false autoTdpPackage=null boundPackage=com.miHoYo.Yuanshen lastForeground=com.miHoYo.Yuanshen
2026-07-29 16:47:59 PulseAutoTdp: TICK-SKIP overlayShouldShow=false autoActive=false quickAccessShouldShow=false autoTdpPackage=null boundPackage=com.miHoYo.Yuanshen lastForeground=com.miHoYo.Yuanshen
2026-07-29 16:48:00 PulseDaemon: cap write via daemon (5 node(s))
2026-07-29 16:48:01 PulseAutoTdp: TICK-SKIP overlayShouldShow=false autoActive=false quickAccessShouldShow=false autoTdpPackage=null boundPackage=com.miHoYo.Yuanshen lastForeground=com.miHoYo.Yuanshen
# ... 2 more identical lines elided (same content, only timestamp differs) ...
2026-07-29 16:48:05 PulseAutoTdp: TICK-SKIP overlayShouldShow=false autoActive=false quickAccessShouldShow=false autoTdpPackage=null boundPackage=com.miHoYo.Yuanshen lastForeground=com.miHoYo.Yuanshen
2026-07-29 16:48:05 PulseDaemon: cap write via daemon (5 node(s))
2026-07-29 16:48:06 PulseAutoTdp: TICK-SKIP overlayShouldShow=false autoActive=false quickAccessShouldShow=false autoTdpPackage=null boundPackage=com.miHoYo.Yuanshen lastForeground=com.miHoYo.Yuanshen
2026-07-29 16:48:08 PulseAutoTdp: TICK-SKIP overlayShouldShow=false autoActive=false quickAccessShouldShow=false autoTdpPackage=null boundPackage=com.miHoYo.Yuanshen lastForeground=com.miHoYo.Yuanshen
2026-07-29 16:48:08 PulseDaemon: cap write via daemon (5 node(s))
2026-07-29 16:48:09 PulseAutoTdp: TICK-SKIP overlayShouldShow=false autoActive=false quickAccessShouldShow=false autoTdpPackage=null boundPackage=com.miHoYo.Yuanshen lastForeground=com.miHoYo.Yuanshen
2026-07-29 16:48:10 PulseAutoTdp: TICK-SKIP overlayShouldShow=false autoActive=false quickAccessShouldShow=false autoTdpPackage=null boundPackage=com.miHoYo.Yuanshen lastForeground=com.miHoYo.Yuanshen
2026-07-29 16:48:11 PulseDaemon: cap write via daemon (5 node(s))
2026-07-29 16:48:12 PulseAutoTdp: TICK-SKIP overlayShouldShow=false autoActive=false quickAccessShouldShow=false autoTdpPackage=null boundPackage=com.miHoYo.Yuanshen lastForeground=com.miHoYo.Yuanshen
2026-07-29 16:48:13 PulseAutoTdp: TICK-SKIP overlayShouldShow=false autoActive=false quickAccessShouldShow=false autoTdpPackage=null boundPackage=com.miHoYo.Yuanshen lastForeground=com.miHoYo.Yuanshen
2026-07-29 16:48:14 PulseDaemon: cap write via daemon (5 node(s))
2026-07-29 16:48:15 PulseAutoTdp: TICK-SKIP overlayShouldShow=false autoActive=false quickAccessShouldShow=false autoTdpPackage=null boundPackage=com.miHoYo.Yuanshen lastForeground=com.miHoYo.Yuanshen
2026-07-29 16:48:16 PulseAutoTdp: TICK-SKIP overlayShouldShow=false autoActive=false quickAccessShouldShow=false autoTdpPackage=null boundPackage=com.miHoYo.Yuanshen lastForeground=com.miHoYo.Yuanshen
2026-07-29 16:48:16 PulseDaemon: cap write via daemon (5 node(s))
2026-07-29 16:48:17 PulseAutoTdp: TICK-SKIP overlayShouldShow=false autoActive=false quickAccessShouldShow=false autoTdpPackage=null boundPackage=com.miHoYo.Yuanshen lastForeground=com.miHoYo.Yuanshen
2026-07-29 16:48:19 PulseAutoTdp: TICK-SKIP overlayShouldShow=false autoActive=false quickAccessShouldShow=false autoTdpPackage=null boundPackage=com.miHoYo.Yuanshen lastForeground=com.miHoYo.Yuanshen
2026-07-29 16:48:19 PulseDaemon: cap write via daemon (5 node(s))
2026-07-29 16:48:20 PulseAutoTdp: TICK-SKIP overlayShouldShow=false autoActive=false quickAccessShouldShow=false autoTdpPackage=null boundPackage=com.miHoYo.Yuanshen lastForeground=com.miHoYo.Yuanshen
2026-07-29 16:48:22 PulseAutoTdp: TICK-SKIP overlayShouldShow=false autoActive=false quickAccessShouldShow=false autoTdpPackage=null boundPackage=com.miHoYo.Yuanshen lastForeground=com.miHoYo.Yuanshen
2026-07-29 16:48:22 PulseDaemon: cap write via daemon (5 node(s))
2026-07-29 16:48:23 PulseAutoTdp: TICK-SKIP overlayShouldShow=false autoActive=false quickAccessShouldShow=false autoTdpPackage=null boundPackage=com.miHoYo.Yuanshen lastForeground=com.miHoYo.Yuanshen
2026-07-29 16:48:24 PulseAutoTdp: TICK-SKIP overlayShouldShow=false autoActive=false quickAccessShouldShow=false autoTdpPackage=null boundPackage=com.miHoYo.Yuanshen lastForeground=com.miHoYo.Yuanshen
2026-07-29 16:48:25 PulseDaemon: cap write via daemon (5 node(s))
2026-07-29 16:48:26 PulseAutoTdp: TICK-SKIP overlayShouldShow=false autoActive=false quickAccessShouldShow=false autoTdpPackage=null boundPackage=com.miHoYo.Yuanshen lastForeground=com.miHoYo.Yuanshen
2026-07-29 16:48:27 PulseAutoTdp: TICK-SKIP overlayShouldShow=false autoActive=false quickAccessShouldShow=false autoTdpPackage=null boundPackage=com.miHoYo.Yuanshen lastForeground=com.miHoYo.Yuanshen
2026-07-29 16:48:28 PulseDaemon: cap write via daemon (5 node(s))
2026-07-29 16:48:29 PulseAutoTdp: TICK-SKIP overlayShouldShow=false autoActive=false quickAccessShouldShow=false autoTdpPackage=null boundPackage=com.miHoYo.Yuanshen lastForeground=com.miHoYo.Yuanshen
2026-07-29 16:48:30 PulseAutoTdp: TICK-SKIP overlayShouldShow=false autoActive=false quickAccessShouldShow=false autoTdpPackage=null boundPackage=com.miHoYo.Yuanshen lastForeground=com.miHoYo.Yuanshen
2026-07-29 16:48:31 PulseDaemon: cap write via daemon (5 node(s))
2026-07-29 16:48:32 PulseAutoTdp: TICK-SKIP overlayShouldShow=false autoActive=false quickAccessShouldShow=false autoTdpPackage=null boundPackage=com.miHoYo.Yuanshen lastForeground=com.miHoYo.Yuanshen
2026-07-29 16:48:33 PulseAutoTdp: TICK-SKIP overlayShouldShow=false autoActive=false quickAccessShouldShow=false autoTdpPackage=null boundPackage=com.miHoYo.Yuanshen lastForeground=com.miHoYo.Yuanshen
2026-07-29 16:48:34 PulseDaemon: cap write via daemon (5 node(s))
2026-07-29 16:48:35 PulseAutoTdp: TICK-SKIP overlayShouldShow=false autoActive=false quickAccessShouldShow=false autoTdpPackage=null boundPackage=com.miHoYo.Yuanshen lastForeground=com.miHoYo.Yuanshen
2026-07-29 16:48:36 PulseAutoTdp: TICK-SKIP overlayShouldShow=false autoActive=false quickAccessShouldShow=false autoTdpPackage=null boundPackage=com.miHoYo.Yuanshen lastForeground=com.miHoYo.Yuanshen
2026-07-29 16:48:36 PulseDaemon: cap write via daemon (5 node(s))
2026-07-29 16:48:37 PulseAutoTdp: TICK-SKIP overlayShouldShow=false autoActive=false quickAccessShouldShow=false autoTdpPackage=null boundPackage=com.miHoYo.Yuanshen lastForeground=com.miHoYo.Yuanshen
2026-07-29 16:48:39 PulseAutoTdp: TICK-SKIP overlayShouldShow=false autoActive=false quickAccessShouldShow=false autoTdpPackage=null boundPackage=com.miHoYo.Yuanshen lastForeground=com.miHoYo.Yuanshen
2026-07-29 16:48:39 PulseDaemon: cap write via daemon (5 node(s))
2026-07-29 16:48:40 PulseAutoTdp: TICK-SKIP overlayShouldShow=false autoActive=false quickAccessShouldShow=false autoTdpPackage=null boundPackage=com.miHoYo.Yuanshen lastForeground=com.miHoYo.Yuanshen
2026-07-29 16:48:41 PulseAutoTdp: TICK-SKIP overlayShouldShow=false autoActive=false quickAccessShouldShow=false autoTdpPackage=null boundPackage=com.miHoYo.Yuanshen lastForeground=com.miHoYo.Yuanshen
2026-07-29 16:48:42 PulseDaemon: cap write via daemon (5 node(s))
2026-07-29 16:48:43 PulseAutoTdp: TICK-SKIP overlayShouldShow=false autoActive=false quickAccessShouldShow=false autoTdpPackage=null boundPackage=com.miHoYo.Yuanshen lastForeground=com.miHoYo.Yuanshen
2026-07-29 16:48:44 PulseAutoTdp: TICK-SKIP overlayShouldShow=false autoActive=false quickAccessShouldShow=false autoTdpPackage=null boundPackage=com.miHoYo.Yuanshen lastForeground=com.miHoYo.Yuanshen
2026-07-29 16:48:45 PulseDaemon: cap write via daemon (5 node(s))
2026-07-29 16:48:46 PulseAutoTdp: TICK-SKIP overlayShouldShow=false autoActive=false quickAccessShouldShow=false autoTdpPackage=null boundPackage=com.miHoYo.Yuanshen lastForeground=com.miHoYo.Yuanshen
2026-07-29 16:48:47 PulseAutoTdp: TICK-SKIP overlayShouldShow=false autoActive=false quickAccessShouldShow=false autoTdpPackage=null boundPackage=com.miHoYo.Yuanshen lastForeground=com.miHoYo.Yuanshen
2026-07-29 16:48:48 PulseDaemon: cap write via daemon (5 node(s))
2026-07-29 16:48:49 PulseAutoTdp: TICK-SKIP overlayShouldShow=false autoActive=false quickAccessShouldShow=false autoTdpPackage=null boundPackage=com.miHoYo.Yuanshen lastForeground=com.miHoYo.Yuanshen
2026-07-29 16:48:50 PulseAutoTdp: TICK-SKIP overlayShouldShow=false autoActive=false quickAccessShouldShow=false autoTdpPackage=null boundPackage=com.miHoYo.Yuanshen lastForeground=com.miHoYo.Yuanshen
2026-07-29 16:48:50 PulseDaemon: cap write via daemon (5 node(s))
2026-07-29 16:48:51 PulseAutoTdp: TICK-SKIP overlayShouldShow=false autoActive=false quickAccessShouldShow=false autoTdpPackage=null boundPackage=com.miHoYo.Yuanshen lastForeground=com.miHoYo.Yuanshen
2026-07-29 16:48:53 PulseAutoTdp: TICK-SKIP overlayShouldShow=false autoActive=false quickAccessShouldShow=false autoTdpPackage=null boundPackage=com.miHoYo.Yuanshen lastForeground=com.miHoYo.Yuanshen
2026-07-29 16:48:53 PulseDaemon: cap write via daemon (5 node(s))
2026-07-29 16:48:54 PulseAutoTdp: TICK-SKIP overlayShouldShow=false autoActive=false quickAccessShouldShow=false autoTdpPackage=null boundPackage=com.miHoYo.Yuanshen lastForeground=com.miHoYo.Yuanshen
2026-07-29 16:48:56 PulseAutoTdp: TICK-SKIP overlayShouldShow=false autoActive=false quickAccessShouldShow=false autoTdpPackage=null boundPackage=com.miHoYo.Yuanshen lastForeground=com.miHoYo.Yuanshen
2026-07-29 16:48:56 PulseDaemon: cap write via daemon (5 node(s))
2026-07-29 16:48:57 PulseAutoTdp: TICK-SKIP overlayShouldShow=false autoActive=false quickAccessShouldShow=false autoTdpPackage=null boundPackage=com.miHoYo.Yuanshen lastForeground=com.miHoYo.Yuanshen
2026-07-29 16:48:58 PulseAutoTdp: TICK-SKIP overlayShouldShow=false autoActive=false quickAccessShouldShow=false autoTdpPackage=null boundPackage=com.miHoYo.Yuanshen lastForeground=com.miHoYo.Yuanshen
2026-07-29 16:48:59 PulseDaemon: cap write via daemon (5 node(s))
2026-07-29 16:49:00 PulseAutoTdp: TICK-SKIP overlayShouldShow=false autoActive=false quickAccessShouldShow=false autoTdpPackage=null boundPackage=com.miHoYo.Yuanshen lastForeground=com.miHoYo.Yuanshen
2026-07-29 16:49:01 PulseAutoTdp: TICK-SKIP overlayShouldShow=false autoActive=false quickAccessShouldShow=false autoTdpPackage=null boundPackage=com.miHoYo.Yuanshen lastForeground=com.miHoYo.Yuanshen
2026-07-29 16:49:02 PulseDaemon: cap write via daemon (5 node(s))
2026-07-29 16:49:03 PulseAutoTdp: TICK-SKIP overlayShouldShow=false autoActive=false quickAccessShouldShow=false autoTdpPackage=null boundPackage=com.miHoYo.Yuanshen lastForeground=com.miHoYo.Yuanshen
2026-07-29 16:49:04 PulseAutoTdp: TICK-SKIP overlayShouldShow=false autoActive=false quickAccessShouldShow=false autoTdpPackage=null boundPackage=com.miHoYo.Yuanshen lastForeground=com.miHoYo.Yuanshen
2026-07-29 16:49:04 PulseDaemon: cap write via daemon (5 node(s))
2026-07-29 16:49:05 PulseAutoTdp: TICK-SKIP overlayShouldShow=false autoActive=false quickAccessShouldShow=false autoTdpPackage=null boundPackage=com.miHoYo.Yuanshen lastForeground=com.miHoYo.Yuanshen
2026-07-29 16:49:07 PulseAutoTdp: TICK-SKIP overlayShouldShow=false autoActive=false quickAccessShouldShow=false autoTdpPackage=null boundPackage=com.miHoYo.Yuanshen lastForeground=com.miHoYo.Yuanshen
2026-07-29 16:49:07 PulseDaemon: cap write via daemon (5 node(s))
2026-07-29 16:49:08 PulseAutoTdp: TICK-SKIP overlayShouldShow=false autoActive=false quickAccessShouldShow=false autoTdpPackage=null boundPackage=com.miHoYo.Yuanshen lastForeground=com.miHoYo.Yuanshen
2026-07-29 16:49:10 PulseAutoTdp: TICK-SKIP overlayShouldShow=false autoActive=false quickAccessShouldShow=false autoTdpPackage=null boundPackage=com.miHoYo.Yuanshen lastForeground=com.miHoYo.Yuanshen
2026-07-29 16:49:10 PulseDaemon: cap write via daemon (5 node(s))
2026-07-29 16:49:11 PulseAutoTdp: TICK-SKIP overlayShouldShow=false autoActive=false quickAccessShouldShow=false autoTdpPackage=null boundPackage=com.miHoYo.Yuanshen lastForeground=com.miHoYo.Yuanshen
2026-07-29 16:49:12 PulseAutoTdp: TICK-SKIP overlayShouldShow=false autoActive=false quickAccessShouldShow=false autoTdpPackage=null boundPackage=com.miHoYo.Yuanshen lastForeground=com.miHoYo.Yuanshen
2026-07-29 16:49:13 PulseDaemon: cap write via daemon (5 node(s))
2026-07-29 16:49:14 PulseAutoTdp: TICK-SKIP overlayShouldShow=false autoActive=false quickAccessShouldShow=false autoTdpPackage=null boundPackage=com.miHoYo.Yuanshen lastForeground=com.miHoYo.Yuanshen
2026-07-29 16:49:15 PulseAutoTdp: TICK-SKIP overlayShouldShow=false autoActive=false quickAccessShouldShow=false autoTdpPackage=null boundPackage=com.miHoYo.Yuanshen lastForeground=com.miHoYo.Yuanshen
2026-07-29 16:49:16 PulseDaemon: cap write via daemon (5 node(s))
2026-07-29 16:49:17 PulseAutoTdp: TICK-SKIP overlayShouldShow=false autoActive=false quickAccessShouldShow=false autoTdpPackage=null boundPackage=com.miHoYo.Yuanshen lastForeground=com.miHoYo.Yuanshen
2026-07-29 16:49:18 PulseAutoTdp: TICK-SKIP overlayShouldShow=false autoActive=false quickAccessShouldShow=false autoTdpPackage=null boundPackage=com.miHoYo.Yuanshen lastForeground=com.miHoYo.Yuanshen
2026-07-29 16:49:18 PulseDaemon: cap write via daemon (5 node(s))
2026-07-29 16:49:20 PulseAutoTdp: TICK-SKIP overlayShouldShow=false autoActive=false quickAccessShouldShow=false autoTdpPackage=null boundPackage=com.miHoYo.Yuanshen lastForeground=com.miHoYo.Yuanshen
2026-07-29 16:49:21 PulseAutoTdp: TICK-SKIP overlayShouldShow=false autoActive=false quickAccessShouldShow=false autoTdpPackage=null boundPackage=com.miHoYo.Yuanshen lastForeground=com.miHoYo.Yuanshen
2026-07-29 16:49:21 PulseDaemon: cap write via daemon (5 node(s))
2026-07-29 16:49:22 PulseAutoTdp: TICK-SKIP overlayShouldShow=false autoActive=false quickAccessShouldShow=false autoTdpPackage=null boundPackage=com.miHoYo.Yuanshen lastForeground=com.miHoYo.Yuanshen
# ... 2 more identical lines elided (same content, only timestamp differs) ...
2026-07-29 16:49:26 PulseAutoTdp: TICK-SKIP overlayShouldShow=false autoActive=false quickAccessShouldShow=false autoTdpPackage=null boundPackage=com.miHoYo.Yuanshen lastForeground=com.miHoYo.Yuanshen
2026-07-29 16:49:27 PulseDaemon: cap write via daemon (5 node(s))
2026-07-29 16:49:28 PulseAutoTdp: TICK-SKIP overlayShouldShow=false autoActive=false quickAccessShouldShow=false autoTdpPackage=null boundPackage=com.miHoYo.Yuanshen lastForeground=com.miHoYo.Yuanshen
2026-07-29 16:49:29 PulseAutoTdp: TICK-SKIP overlayShouldShow=false autoActive=false quickAccessShouldShow=false autoTdpPackage=null boundPackage=com.miHoYo.Yuanshen lastForeground=com.miHoYo.Yuanshen
2026-07-29 16:49:30 PulseDaemon: cap write via daemon (5 node(s))
2026-07-29 16:49:31 PulseAutoTdp: TICK-SKIP overlayShouldShow=false autoActive=false quickAccessShouldShow=false autoTdpPackage=null boundPackage=com.miHoYo.Yuanshen lastForeground=com.miHoYo.Yuanshen
2026-07-29 16:49:32 PulseAutoTdp: TICK-SKIP overlayShouldShow=false autoActive=false quickAccessShouldShow=false autoTdpPackage=null boundPackage=com.miHoYo.Yuanshen lastForeground=com.miHoYo.Yuanshen
2026-07-29 16:49:33 PulseDaemon: cap write via daemon (5 node(s))
2026-07-29 16:49:34 PulseAutoTdp: TICK-SKIP overlayShouldShow=false autoActive=false quickAccessShouldShow=false autoTdpPackage=null boundPackage=com.miHoYo.Yuanshen lastForeground=com.miHoYo.Yuanshen
# ... 2 more identical lines elided (same content, only timestamp differs) ...
2026-07-29 19:36:05 PulseAutoTdp: TICK-SKIP overlayShouldShow=false autoActive=false quickAccessShouldShow=false autoTdpPackage=null boundPackage=com.miHoYo.Yuanshen lastForeground=com.miHoYo.Yuanshen
2026-07-29 19:36:06 PulseDaemon: cap write via daemon (5 node(s))
2026-07-29 19:36:07 PulseAutoTdp: TICK-SKIP overlayShouldShow=false autoActive=false quickAccessShouldShow=false autoTdpPackage=null boundPackage=com.miHoYo.Yuanshen lastForeground=com.miHoYo.Yuanshen
2026-07-29 19:36:08 PulseAutoTdp: TICK-SKIP overlayShouldShow=false autoActive=false quickAccessShouldShow=false autoTdpPackage=null boundPackage=com.miHoYo.Yuanshen lastForeground=com.miHoYo.Yuanshen
2026-07-29 19:36:08 PulseDaemon: cap write via daemon (5 node(s))
2026-07-29 19:36:09 PulseDaemon: cap write via daemon (10 node(s))
2026-07-29 19:36:10 PulseDaemon: cap write via daemon (3 node(s))
2026-07-29 19:36:10 PulseDaemon: cap write via daemon (10 node(s))
2026-07-29 19:36:10 PulseDaemon: engage governor via daemon (schedutil)
2026-07-29 19:36:10 PulseDaemon: telemetry read via daemon (16 path(s))
2026-07-29 19:36:10 PulseAutoTdp: AUTOTDP-SESSION tgt=90 bias=EFFICIENT wattCap=0 policies=0:2265600:0,1;2:3148800:2,3,4;5:2956800:5,6;7:3052800:7;-100:1050000:
2026-07-29 19:36:11 PulseAutoTdp: tgt=90 fps=- jank=0 tail=-ms act=HOLD bn=- cpuB=4 cpuPk=12 primePk=5 io=0 gpuB=16 gpuL=3 capped=0 prk=0 stl=0 draw=2.66W cT=39 gT=35 caps%[0:100,2:100,5:100,7:100,-100:100] curMHz[0:2035,2:2899,5:2188,7:480] mn/mx[0:364/2265,2:499/3148,5:499/2956,7:480/3052] gpu=231 gcap=1050[0/13] lrn=100
2026-07-29 19:36:11 PulseFan: arbiter=None auto=true bound=null managed=null latched=true
2026-07-29 19:36:13 PulseDaemon: telemetry read via daemon (16 path(s))
2026-07-29 19:36:14 PulseDaemon: telemetry read via daemon (16 path(s))
2026-07-29 19:36:14 PulseAutoTdp: tgt=90 fps=39.1 jank=27 tail=44ms act=HOLD bn=- cpuB=15 cpuPk=49 primePk=21 io=0 gpuB=16 gpuL=3 capped=0 prk=0 stl=0 draw=2.75W cT=36 gT=34 caps%[0:100,2:100,5:100,7:100,-100:100] curMHz[0:2265,2:1708,5:499,7:480] gpu=231 gcap=1050[0/13] lrn=100
2026-07-29 19:36:15 PulseDaemon: telemetry read via daemon (16 path(s))
2026-07-29 19:36:17 PulseDaemon: telemetry read via daemon (16 path(s))
2026-07-29 19:36:17 PulseAutoTdp: tgt=90 fps=30.3 jank=25 tail=44ms act=HOLD bn=- cpuB=9 cpuPk=46 primePk=5 io=0 gpuB=14 gpuL=3 capped=0 prk=0 stl=0 draw=1.98W cT=36 gT=34 caps%[0:100,2:100,5:100,7:100,-100:100] curMHz[0:787,2:499,5:1920,7:480] gpu=231 gcap=1050[0/13] lrn=100
2026-07-29 19:36:18 PulseDaemon: telemetry read via daemon (16 path(s))
2026-07-29 19:36:19 PulseDaemon: telemetry read via daemon (16 path(s))
2026-07-29 19:36:19 PulseAutoTdp: tgt=90 fps=30.4 jank=26 tail=58ms act=HOLD bn=- cpuB=12 cpuPk=48 primePk=11 io=0 gpuB=14 gpuL=3 capped=0 prk=0 stl=0 draw=2.09W cT=36 gT=34 caps%[0:100,2:100,5:100,7:100,-100:100] curMHz[0:1132,2:960,5:2438,7:480] gpu=231 gcap=1050[0/13] lrn=100
2026-07-29 19:36:21 PulseDaemon: telemetry read via daemon (16 path(s))
2026-07-29 19:36:22 PulseDaemon: telemetry read via daemon (16 path(s))
2026-07-29 19:36:22 PulseAutoTdp: tgt=90 fps=29.0 jank=25 tail=58ms act=HOLD bn=- cpuB=11 cpuPk=51 primePk=5 io=0 gpuB=13 gpuL=2 capped=0 prk=0 stl=0 draw=2.53W cT=36 gT=34 caps%[0:100,2:100,5:100,7:100,-100:100] curMHz[0:787,2:499,5:2438,7:480] gpu=231 gcap=1050[0/13] lrn=100
2026-07-29 19:36:23 PulseDaemon: telemetry read via daemon (16 path(s))
2026-07-29 19:36:25 PulseDaemon: telemetry read via daemon (16 path(s))
2026-07-29 19:36:25 PulseAutoTdp: tgt=90 fps=30.4 jank=28 tail=58ms act=HOLD bn=- cpuB=16 cpuPk=49 primePk=2 io=0 gpuB=13 gpuL=2 capped=0 prk=0 stl=0 draw=2.52W cT=36 gT=34 caps%[0:100,2:100,5:100,7:100,-100:100] curMHz[0:1574,2:499,5:2956,7:480] gpu=231 gcap=1050[0/13] lrn=100
2026-07-29 19:36:26 PulseDaemon: telemetry read via daemon (16 path(s))
2026-07-29 19:36:27 PulseDaemon: telemetry read via daemon (16 path(s))
2026-07-29 19:36:27 PulseAutoTdp: tgt=90 fps=71.7 jank=10 tail=44ms act=HOLD bn=CPU cpuB=31 cpuPk=71 primePk=24 io=0 gpuB=21 gpuL=4 capped=0 prk=0 stl=0 draw=-W cT=40 gT=36 caps%[0:100,2:100,5:100,7:100,-100:100] curMHz[0:2265,2:2131,5:2188,7:480] gpu=231 gcap=1050[0/13] lrn=100
2026-07-29 19:36:29 PulseDaemon: telemetry read via daemon (16 path(s))
2026-07-29 19:36:30 PulseDaemon: telemetry read via daemon (16 path(s))
2026-07-29 19:36:30 PulseAutoTdp: tgt=90 fps=29.9 jank=34 tail=58ms act=HOLD bn=- cpuB=33 cpuPk=50 primePk=50 io=0 gpuB=18 gpuL=3 capped=0 prk=0 stl=0 draw=-W cT=43 gT=38 caps%[0:100,2:100,5:100,7:100,-100:100] curMHz[0:2265,2:2188,5:2956,7:480] gpu=231 gcap=1050[0/13] lrn=100
2026-07-29 19:36:31 PulseDaemon: telemetry read via daemon (16 path(s))
2026-07-29 19:36:33 PulseDaemon: telemetry read via daemon (16 path(s))
2026-07-29 19:36:33 PulseAutoTdp: tgt=90 fps=28.9 jank=28 tail=44ms act=HOLD bn=- cpuB=9 cpuPk=46 primePk=12 io=0 gpuB=14 gpuL=3 capped=0 prk=0 stl=0 draw=-W cT=38 gT=37 caps%[0:100,2:100,5:100,7:100,-100:100] curMHz[0:672,2:1075,5:2131,7:480] gpu=231 gcap=1050[0/13] lrn=100
2026-07-29 19:36:34 PulseDaemon: telemetry read via daemon (16 path(s))
2026-07-29 19:36:35 PulseDaemon: telemetry read via daemon (16 path(s))
2026-07-29 19:36:35 PulseAutoTdp: tgt=90 fps=30.0 jank=26 tail=44ms act=HOLD bn=- cpuB=31 cpuPk=60 primePk=22 io=0 gpuB=13 gpuL=2 capped=0 prk=0 stl=0 draw=-W cT=43 gT=37 caps%[0:100,2:100,5:100,7:100,-100:100] curMHz[0:2265,2:3148,5:2956,7:480] gpu=231 gcap=1050[0/13] lrn=100
2026-07-29 19:36:36 PulseDaemon: telemetry read via daemon (16 path(s))
2026-07-29 19:36:38 PulseDaemon: telemetry read via daemon (16 path(s))
2026-07-29 19:36:39 PulseAutoTdp: tgt=90 fps=30.6 jank=27 tail=44ms act=HOLD bn=- cpuB=8 cpuPk=46 primePk=3 io=0 gpuB=13 gpuL=2 capped=0 prk=0 stl=0 draw=-W cT=38 gT=37 caps%[0:100,2:100,5:100,7:100,-100:100] curMHz[0:556,2:499,5:2188,7:480] mn/mx[0:364/2265,2:499/3148,5:499/2956,7:480/3052] gpu=231 gcap=1050[0/13] lrn=100
2026-07-29 19:36:40 PulseDaemon: telemetry read via daemon (16 path(s))
2026-07-29 19:36:41 PulseDaemon: telemetry read via daemon (16 path(s))
2026-07-29 19:36:41 PulseAutoTdp: tgt=90 fps=29.5 jank=31 tail=58ms act=HOLD bn=- cpuB=7 cpuPk=48 primePk=8 io=0 gpuB=13 gpuL=2 capped=0 prk=0 stl=0 draw=-W cT=37 gT=36 caps%[0:100,2:100,5:100,7:100,-100:100] curMHz[0:1132,2:1075,5:499,7:480] gpu=231 gcap=1050[0/13] lrn=100
2026-07-29 19:36:43 PulseDaemon: telemetry read via daemon (16 path(s))
2026-07-29 19:36:44 PulseDaemon: telemetry read via daemon (16 path(s))
2026-07-29 19:36:44 PulseAutoTdp: tgt=90 fps=29.0 jank=30 tail=58ms act=HOLD bn=- cpuB=8 cpuPk=44 primePk=15 io=0 gpuB=13 gpuL=2 capped=0 prk=0 stl=0 draw=-W cT=37 gT=37 caps%[0:100,2:100,5:100,7:100,-100:100] curMHz[0:1248,2:1286,5:499,7:480] gpu=231 gcap=1050[0/13] lrn=100
2026-07-29 19:36:46 PulseDaemon: telemetry read via daemon (16 path(s))
2026-07-29 19:36:47 PulseDaemon: telemetry read via daemon (16 path(s))
2026-07-29 19:36:47 PulseAutoTdp: tgt=90 fps=30.0 jank=35 tail=58ms act=HOLD bn=- cpuB=10 cpuPk=41 primePk=24 io=0 gpuB=14 gpuL=3 capped=0 prk=0 stl=0 draw=-W cT=38 gT=37 caps%[0:100,2:100,5:100,7:100,-100:100] curMHz[0:1132,2:1286,5:1286,7:480] gpu=231 gcap=1050[0/13] lrn=100
2026-07-29 19:36:48 PulseDaemon: telemetry read via daemon (16 path(s))
2026-07-29 19:36:50 PulseDaemon: telemetry read via daemon (16 path(s))
2026-07-29 19:36:50 PulseAutoTdp: tgt=90 fps=29.5 jank=35 tail=44ms act=HOLD bn=- cpuB=9 cpuPk=35 primePk=16 io=0 gpuB=13 gpuL=2 capped=0 prk=0 stl=0 draw=-W cT=38 gT=37 caps%[0:100,2:100,5:100,7:100,-100:100] curMHz[0:1132,2:1190,5:1286,7:480] gpu=231 gcap=1050[0/13] lrn=100
2026-07-29 19:36:51 PulseDaemon: telemetry read via daemon (16 path(s))
2026-07-29 19:36:52 PulseDaemon: telemetry read via daemon (16 path(s))
2026-07-29 19:36:53 PulseAutoTdp: AUTOTDP-SESSION tgt=90 bias=EFFICIENT wattCap=0 policies=0:2265600:0,1;2:3148800:2,3,4;5:2956800:5,6;7:3052800:7;-100:1050000:
2026-07-29 19:36:53 PulseAutoTdp: tgt=90 fps=30.0 jank=31 tail=44ms act=HOLD bn=- cpuB=9 cpuPk=39 primePk=13 io=0 gpuB=14 gpuL=3 capped=0 prk=0 stl=0 draw=-W cT=38 gT=36 caps%[0:100,2:100,5:100,7:100,-100:100] curMHz[0:1248,2:1286,5:1286,7:480] gpu=231 gcap=1050[0/13] lrn=100
2026-07-29 19:36:54 PulseDaemon: telemetry read via daemon (16 path(s))
2026-07-29 19:36:55 PulseDaemon: telemetry read via daemon (16 path(s))
2026-07-29 19:36:55 PulseAutoTdp: tgt=90 fps=28.5 jank=32 tail=44ms act=HOLD bn=- cpuB=7 cpuPk=49 primePk=12 io=0 gpuB=13 gpuL=2 capped=0 prk=0 stl=0 draw=-W cT=37 gT=37 caps%[0:100,2:100,5:100,7:100,-100:100] curMHz[0:556,2:1075,5:1286,7:480] gpu=231 gcap=1050[0/13] lrn=100
2026-07-29 19:36:57 PulseDaemon: telemetry read via daemon (16 path(s))
2026-07-29 19:36:58 PulseDaemon: telemetry read via daemon (16 path(s))
2026-07-29 19:36:58 PulseAutoTdp: tgt=90 fps=28.8 jank=32 tail=58ms act=HOLD bn=- cpuB=10 cpuPk=46 primePk=16 io=0 gpuB=13 gpuL=2 capped=0 prk=0 stl=0 draw=-W cT=38 gT=37 caps%[0:100,2:100,5:100,7:100,-100:100] curMHz[0:1248,2:1075,5:1286,7:480] gpu=231 gcap=1050[0/13] lrn=100
2026-07-29 19:36:59 PulseDaemon: telemetry read via daemon (16 path(s))
2026-07-29 19:37:01 PulseDaemon: telemetry read via daemon (16 path(s))
2026-07-29 19:37:01 PulseAutoTdp: tgt=90 fps=28.8 jank=32 tail=44ms act=HOLD bn=- cpuB=9 cpuPk=48 primePk=11 io=0 gpuB=13 gpuL=2 capped=0 prk=0 stl=0 draw=-W cT=38 gT=37 caps%[0:100,2:100,5:100,7:100,-100:100] curMHz[0:787,2:1190,5:1286,7:480] gpu=231 gcap=1050[0/13] lrn=100
2026-07-29 19:37:02 PulseDaemon: telemetry read via daemon (16 path(s))
2026-07-29 19:37:04 PulseDaemon: telemetry read via daemon (16 path(s))
2026-07-29 19:37:04 PulseAutoTdp: tgt=90 fps=29.3 jank=31 tail=44ms act=HOLD bn=- cpuB=8 cpuPk=48 primePk=10 io=0 gpuB=13 gpuL=2 capped=0 prk=0 stl=0 draw=-W cT=38 gT=37 caps%[0:100,2:100,5:100,7:100,-100:100] curMHz[0:672,2:1286,5:1286,7:480] gpu=231 gcap=1050[0/13] lrn=100
2026-07-29 19:37:05 PulseDaemon: telemetry read via daemon (16 path(s))
2026-07-29 19:37:07 PulseDaemon: telemetry read via daemon (16 path(s))
2026-07-29 19:37:07 PulseAutoTdp: tgt=90 fps=29.3 jank=33 tail=44ms act=HOLD bn=- cpuB=10 cpuPk=50 primePk=24 io=0 gpuB=13 gpuL=2 capped=0 prk=0 stl=0 draw=-W cT=38 gT=37 caps%[0:100,2:100,5:100,7:100,-100:100] curMHz[0:902,2:1286,5:1286,7:480] mn/mx[0:364/1248,2:1190/1286,5:499/1286,7:480/1363] gpu=231 gcap=1050[0/13] lrn=100
2026-07-29 19:37:09 PulseDaemon: telemetry read via daemon (16 path(s))
2026-07-29 19:37:10 PulseDaemon: telemetry read via daemon (16 path(s))
2026-07-29 19:37:10 PulseAutoTdp: tgt=90 fps=28.5 jank=31 tail=44ms act=HOLD bn=- cpuB=9 cpuPk=47 primePk=10 io=0 gpuB=13 gpuL=2 capped=0 prk=0 stl=0 draw=-W cT=38 gT=38 caps%[0:100,2:100,5:100,7:100,-100:100] curMHz[0:787,2:1286,5:1286,7:480] gpu=231 gcap=1050[0/13] lrn=100
2026-07-29 19:37:12 PulseDaemon: telemetry read via daemon (16 path(s))
2026-07-29 19:37:13 PulseDaemon: telemetry read via daemon (16 path(s))
2026-07-29 19:37:13 PulseAutoTdp: tgt=90 fps=28.7 jank=31 tail=58ms act=HOLD bn=- cpuB=6 cpuPk=50 primePk=10 io=0 gpuB=13 gpuL=2 capped=0 prk=0 stl=0 draw=-W cT=38 gT=37 caps%[0:100,2:100,5:100,7:100,-100:100] curMHz[0:364,2:1190,5:1286,7:480] gpu=231 gcap=1050[0/13] lrn=100
2026-07-29 19:37:14 PulseDaemon: telemetry read via daemon (16 path(s))
2026-07-29 19:37:16 PulseDaemon: telemetry read via daemon (16 path(s))
2026-07-29 19:37:16 PulseAutoTdp: tgt=90 fps=29.1 jank=31 tail=44ms act=HOLD bn=- cpuB=9 cpuPk=48 primePk=13 io=0 gpuB=13 gpuL=2 capped=0 prk=0 stl=0 draw=-W cT=38 gT=37 caps%[0:100,2:100,5:100,7:100,-100:100] curMHz[0:1248,2:1286,5:499,7:480] gpu=231 gcap=1050[0/13] lrn=100
2026-07-29 19:37:17 PulseDaemon: telemetry read via daemon (16 path(s))
2026-07-29 19:37:19 PulseDaemon: telemetry read via daemon (16 path(s))
2026-07-29 19:37:19 PulseAutoTdp: tgt=90 fps=28.9 jank=32 tail=58ms act=HOLD bn=- cpuB=11 cpuPk=50 primePk=9 io=0 gpuB=13 gpuL=2 capped=0 prk=0 stl=0 draw=-W cT=38 gT=38 caps%[0:100,2:100,5:100,7:100,-100:100] curMHz[0:1248,2:1286,5:1286,7:480] gpu=231 gcap=1050[0/13] lrn=100
2026-07-29 19:37:20 PulseDaemon: telemetry read via daemon (16 path(s))
2026-07-29 19:37:21 PulseDaemon: telemetry read via daemon (16 path(s))
2026-07-29 19:37:21 PulseAutoTdp: tgt=90 fps=28.8 jank=34 tail=44ms act=HOLD bn=- cpuB=6 cpuPk=45 primePk=13 io=0 gpuB=13 gpuL=2 capped=0 prk=0 stl=0 draw=-W cT=38 gT=38 caps%[0:100,2:100,5:100,7:100,-100:100] curMHz[0:364,2:1190,5:1286,7:480] gpu=231 gcap=1050[0/13] lrn=100
2026-07-29 19:37:23 PulseDaemon: telemetry read via daemon (16 path(s))
2026-07-29 19:37:24 PulseDaemon: telemetry read via daemon (16 path(s))
2026-07-29 19:37:24 PulseAutoTdp: tgt=90 fps=28.8 jank=29 tail=58ms act=HOLD bn=- cpuB=11 cpuPk=50 primePk=18 io=0 gpuB=13 gpuL=2 capped=0 prk=0 stl=0 draw=-W cT=38 gT=38 caps%[0:100,2:100,5:100,7:100,-100:100] curMHz[0:1248,2:1190,5:1286,7:480] gpu=231 gcap=1050[0/13] lrn=100
2026-07-29 19:37:26 PulseDaemon: telemetry read via daemon (16 path(s))
2026-07-29 19:37:27 PulseDaemon: telemetry read via daemon (16 path(s))
2026-07-29 19:37:27 PulseAutoTdp: tgt=90 fps=30.2 jank=33 tail=58ms act=HOLD bn=- cpuB=6 cpuPk=51 primePk=15 io=0 gpuB=13 gpuL=2 capped=0 prk=0 stl=0 draw=-W cT=39 gT=38 caps%[0:100,2:100,5:100,7:100,-100:100] curMHz[0:672,2:1190,5:499,7:480] gpu=231 gcap=1050[0/13] lrn=100
2026-07-29 19:37:28 PulseDaemon: telemetry read via daemon (16 path(s))
2026-07-29 19:37:30 PulseDaemon: telemetry read via daemon (16 path(s))
2026-07-29 19:37:30 PulseAutoTdp: tgt=90 fps=28.7 jank=33 tail=58ms act=HOLD bn=- cpuB=9 cpuPk=50 primePk=15 io=0 gpuB=13 gpuL=2 capped=0 prk=0 stl=0 draw=-W cT=39 gT=38 caps%[0:100,2:100,5:100,7:100,-100:100] curMHz[0:787,2:1286,5:1286,7:480] gpu=231 gcap=1050[0/13] lrn=100
2026-07-29 19:37:31 PulseDaemon: telemetry read via daemon (16 path(s))
2026-07-29 19:37:33 PulseDaemon: telemetry read via daemon (16 path(s))
2026-07-29 19:37:33 PulseAutoTdp: tgt=90 fps=29.4 jank=31 tail=58ms act=HOLD bn=- cpuB=9 cpuPk=51 primePk=14 io=0 gpuB=13 gpuL=2 capped=0 prk=0 stl=0 draw=-W cT=39 gT=38 caps%[0:100,2:100,5:100,7:100,-100:100] curMHz[0:902,2:1286,5:1286,7:480] gpu=231 gcap=1050[0/13] lrn=100
2026-07-29 19:37:34 PulseDaemon: telemetry read via daemon (16 path(s))
2026-07-29 19:37:36 PulseDaemon: telemetry read via daemon (16 path(s))
2026-07-29 19:37:36 PulseAutoTdp: AUTOTDP-SESSION tgt=90 bias=EFFICIENT wattCap=0 policies=0:2265600:0,1;2:3148800:2,3,4;5:2956800:5,6;7:3052800:7;-100:1050000:
2026-07-29 19:37:36 PulseAutoTdp: tgt=90 fps=29.2 jank=30 tail=58ms act=HOLD bn=- cpuB=9 cpuPk=50 primePk=18 io=0 gpuB=14 gpuL=3 capped=0 prk=0 stl=0 draw=-W cT=39 gT=38 caps%[0:100,2:100,5:100,7:100,-100:100] curMHz[0:787,2:1286,5:1286,7:480] mn/mx[0:364/1248,2:1190/1286,5:499/1286,7:480/1363] gpu=231 gcap=1050[0/13] lrn=100
2026-07-29 19:37:38 PulseDaemon: telemetry read via daemon (16 path(s))
2026-07-29 19:37:39 PulseDaemon: telemetry read via daemon (16 path(s))
2026-07-29 19:37:39 PulseAutoTdp: tgt=90 fps=28.7 jank=35 tail=58ms act=HOLD bn=- cpuB=7 cpuPk=45 primePk=13 io=0 gpuB=13 gpuL=2 capped=0 prk=0 stl=0 draw=-W cT=39 gT=38 caps%[0:100,2:100,5:100,7:100,-100:100] curMHz[0:460,2:1286,5:1286,7:480] gpu=231 gcap=1050[0/13] lrn=100
2026-07-29 19:37:41 PulseDaemon: telemetry read via daemon (16 path(s))
2026-07-29 19:37:42 PulseDaemon: telemetry read via daemon (16 path(s))
2026-07-29 19:37:42 PulseAutoTdp: tgt=90 fps=28.9 jank=32 tail=58ms act=HOLD bn=- cpuB=9 cpuPk=48 primePk=10 io=0 gpuB=13 gpuL=2 capped=0 prk=0 stl=0 draw=-W cT=39 gT=39 caps%[0:100,2:100,5:100,7:100,-100:100] curMHz[0:1248,2:1286,5:499,7:480] gpu=231 gcap=1050[0/13] lrn=100
2026-07-29 19:37:43 PulseDaemon: telemetry read via daemon (16 path(s))
2026-07-29 19:37:45 PulseDaemon: telemetry read via daemon (16 path(s))
2026-07-29 19:37:45 PulseAutoTdp: tgt=90 fps=30.0 jank=28 tail=58ms act=HOLD bn=- cpuB=8 cpuPk=51 primePk=16 io=0 gpuB=13 gpuL=2 capped=0 prk=0 stl=0 draw=-W cT=39 gT=39 caps%[0:100,2:100,5:100,7:100,-100:100] curMHz[0:556,2:1190,5:1286,7:480] gpu=231 gcap=1050[0/13] lrn=100
2026-07-29 19:37:46 PulseDaemon: telemetry read via daemon (16 path(s))
2026-07-29 19:37:48 PulseDaemon: telemetry read via daemon (16 path(s))
2026-07-29 19:37:48 PulseAutoTdp: tgt=90 fps=30.2 jank=30 tail=58ms act=HOLD bn=- cpuB=11 cpuPk=50 primePk=15 io=0 gpuB=13 gpuL=2 capped=0 prk=0 stl=0 draw=-W cT=39 gT=39 caps%[0:100,2:100,5:100,7:100,-100:100] curMHz[0:1017,2:1190,5:1286,7:480] gpu=231 gcap=1050[0/13] lrn=100
2026-07-29 19:37:49 PulseDaemon: telemetry read via daemon (16 path(s))
2026-07-29 19:37:50 PulseDaemon: telemetry read via daemon (16 path(s))
2026-07-29 19:37:50 PulseAutoTdp: tgt=90 fps=29.4 jank=29 tail=58ms act=HOLD bn=- cpuB=8 cpuPk=49 primePk=11 io=0 gpuB=13 gpuL=2 capped=0 prk=0 stl=0 draw=-W cT=39 gT=39 caps%[0:100,2:100,5:100,7:100,-100:100] curMHz[0:902,2:1286,5:960,7:480] gpu=231 gcap=1050[0/13] lrn=100
2026-07-29 19:37:52 PulseDaemon: telemetry read via daemon (16 path(s))
2026-07-29 19:37:53 PulseDaemon: telemetry read via daemon (16 path(s))
2026-07-29 19:37:53 PulseAutoTdp: tgt=90 fps=29.0 jank=32 tail=58ms act=HOLD bn=- cpuB=9 cpuPk=48 primePk=16 io=0 gpuB=13 gpuL=2 capped=0 prk=0 stl=0 draw=-W cT=40 gT=39 caps%[0:100,2:100,5:100,7:100,-100:100] curMHz[0:902,2:1075,5:1286,7:480] gpu=231 gcap=1050[0/13] lrn=100
2026-07-29 19:37:55 PulseDaemon: telemetry read via daemon (16 path(s))
2026-07-29 19:37:56 PulseDaemon: telemetry read via daemon (16 path(s))
2026-07-29 19:37:56 PulseAutoTdp: tgt=90 fps=28.7 jank=31 tail=58ms act=HOLD bn=- cpuB=7 cpuPk=48 primePk=10 io=0 gpuB=13 gpuL=2 capped=0 prk=0 stl=0 draw=-W cT=39 gT=39 caps%[0:100,2:100,5:100,7:100,-100:100] curMHz[0:672,2:1075,5:1190,7:480] gpu=231 gcap=1050[0/13] lrn=100
2026-07-29 19:37:57 PulseDaemon: telemetry read via daemon (16 path(s))
2026-07-29 19:37:59 PulseDaemon: telemetry read via daemon (16 path(s))
2026-07-29 19:37:59 PulseAutoTdp: tgt=90 fps=28.9 jank=31 tail=58ms act=HOLD bn=- cpuB=6 cpuPk=50 primePk=14 io=0 gpuB=13 gpuL=2 capped=0 prk=0 stl=0 draw=-W cT=40 gT=39 caps%[0:100,2:100,5:100,7:100,-100:100] curMHz[0:364,2:1286,5:1286,7:480] gpu=231 gcap=1050[0/13] lrn=100
2026-07-29 19:38:00 PulseDaemon: telemetry read via daemon (16 path(s))
2026-07-29 19:38:02 PulseDaemon: telemetry read via daemon (16 path(s))
2026-07-29 19:38:02 PulseAutoTdp: tgt=90 fps=29.1 jank=30 tail=58ms act=HOLD bn=- cpuB=7 cpuPk=50 primePk=12 io=0 gpuB=13 gpuL=2 capped=0 prk=0 stl=0 draw=-W cT=39 gT=39 caps%[0:100,2:100,5:100,7:100,-100:100] curMHz[0:556,2:1075,5:1286,7:480] gpu=231 gcap=1050[0/13] lrn=100
2026-07-29 19:38:03 PulseDaemon: telemetry read via daemon (16 path(s))
2026-07-29 19:38:04 PulseDaemon: telemetry read via daemon (16 path(s))
2026-07-29 19:38:05 PulseAutoTdp: tgt=90 fps=29.1 jank=28 tail=58ms act=HOLD bn=- cpuB=10 cpuPk=47 primePk=15 io=0 gpuB=13 gpuL=2 capped=0 prk=0 stl=0 draw=-W cT=40 gT=39 caps%[0:100,2:100,5:100,7:100,-100:100] curMHz[0:1248,2:1075,5:1286,7:480] mn/mx[0:364/1248,2:1075/1286,5:499/1286,7:480/1363] gpu=231 gcap=1050[0/13] lrn=100
2026-07-29 19:38:07 PulseDaemon: telemetry read via daemon (16 path(s))
2026-07-29 19:38:08 PulseDaemon: telemetry read via daemon (16 path(s))
2026-07-29 19:38:08 PulseAutoTdp: tgt=90 fps=29.0 jank=30 tail=44ms act=HOLD bn=- cpuB=5 cpuPk=48 primePk=13 io=0 gpuB=14 gpuL=3 capped=0 prk=0 stl=0 draw=-W cT=40 gT=39 caps%[0:100,2:100,5:100,7:100,-100:100] curMHz[0:556,2:1075,5:499,7:480] gpu=231 gcap=1050[0/13] lrn=100
2026-07-29 19:38:09 PulseDaemon: telemetry read via daemon (16 path(s))
2026-07-29 19:38:11 PulseDaemon: telemetry read via daemon (16 path(s))
2026-07-29 19:38:11 PulseAutoTdp: tgt=90 fps=29.1 jank=32 tail=44ms act=HOLD bn=- cpuB=8 cpuPk=46 primePk=11 io=0 gpuB=13 gpuL=2 capped=0 prk=0 stl=0 draw=-W cT=39 gT=39 caps%[0:100,2:100,5:100,7:100,-100:100] curMHz[0:1132,2:1075,5:499,7:480] gpu=231 gcap=1050[0/13] lrn=100
2026-07-29 19:38:12 PulseDaemon: telemetry read via daemon (16 path(s))
2026-07-29 19:38:14 PulseDaemon: telemetry read via daemon (16 path(s))
2026-07-29 19:38:14 PulseAutoTdp: tgt=90 fps=70.4 jank=2 tail=78ms act=HOLD bn=- cpuB=7 cpuPk=24 primePk=0 io=0 gpuB=0 gpuL=0 capped=0 prk=0 stl=0 draw=-W cT=39 gT=38 caps%[0:100,2:100,5:100,7:100,-100:100] curMHz[0:2265,2:499,5:1612,7:480] gpu=231 gcap=1050[0/13] lrn=100
2026-07-29 19:38:15 PulseDaemon: telemetry read via daemon (16 path(s))
2026-07-29 19:38:16 PulseDaemon: telemetry read via daemon (16 path(s))
2026-07-29 19:38:17 PulseAutoTdp: tgt=90 fps=- jank=0 tail=-ms act=HOLD bn=- cpuB=6 cpuPk=25 primePk=0 io=0 gpuB=0 gpuL=0 capped=0 prk=0 stl=0 draw=-W cT=39 gT=39 caps%[0:100,2:100,5:100,7:100,-100:100] curMHz[0:2265,2:499,5:499,7:480] gpu=231 gcap=1050[0/13] lrn=100
2026-07-29 19:38:18 PulseDaemon: telemetry read via daemon (16 path(s))
2026-07-29 19:38:19 PulseDaemon: telemetry read via daemon (16 path(s))
2026-07-29 19:38:19 PulseAutoTdp: AUTOTDP-SESSION tgt=90 bias=EFFICIENT wattCap=0 policies=0:2265600:0,1;2:3148800:2,3,4;5:2956800:5,6;7:3052800:7;-100:1050000:
2026-07-29 19:38:19 PulseAutoTdp: tgt=90 fps=- jank=0 tail=-ms act=HOLD bn=- cpuB=6 cpuPk=25 primePk=1 io=0 gpuB=0 gpuL=0 capped=0 prk=0 stl=0 draw=-W cT=39 gT=38 caps%[0:100,2:100,5:100,7:100,-100:100] curMHz[0:2265,2:2438,5:499,7:480] gpu=231 gcap=1050[0/13] lrn=100
2026-07-29 19:38:21 PulseDaemon: telemetry read via daemon (16 path(s))
2026-07-29 19:38:22 PulseDaemon: telemetry read via daemon (16 path(s))
2026-07-29 19:38:22 PulseAutoTdp: tgt=90 fps=- jank=0 tail=-ms act=HOLD bn=- cpuB=4 cpuPk=26 primePk=2 io=0 gpuB=0 gpuL=0 capped=0 prk=0 stl=0 draw=-W cT=39 gT=39 caps%[0:100,2:100,5:100,7:100,-100:100] curMHz[0:1248,2:499,5:499,7:480] gpu=231 gcap=1050[0/13] lrn=100
2026-07-29 19:38:23 PulseDaemon: telemetry read via daemon (16 path(s))
2026-07-29 19:38:25 PulseDaemon: telemetry read via daemon (16 path(s))
2026-07-29 19:38:25 PulseAutoTdp: tgt=90 fps=- jank=0 tail=-ms act=HOLD bn=- cpuB=7 cpuPk=25 primePk=0 io=0 gpuB=0 gpuL=0 capped=0 prk=0 stl=0 draw=-W cT=39 gT=38 caps%[0:100,2:100,5:100,7:100,-100:100] curMHz[0:2265,2:499,5:960,7:480] gpu=231 gcap=1050[0/13] lrn=100
2026-07-29 19:38:26 PulseDaemon: telemetry read via daemon (16 path(s))
