# TRIMMED (analyze-pulse-logs.py) -- original was 3012 lines / 448480B.
# Kept: every distinct line; runs of 3+ consecutive identical lines (idle TICK-SKIP polling,
# only the timestamp differs) collapsed to first + elision count + last.
# ---
2026-08-02 14:58:17 === pulse_daemon session start === version=1.19.6 (303) built 2026-07-31 00:45:36 script_crc32=ebbd831f
2026-08-02 14:58:33 PulseAutoTdp: TICK-SKIP overlayShouldShow=false autoActive=false quickAccessShouldShow=false autoTdpPackage=null boundPackage=com.retroarch.aarch64 lastForeground=com.retroarch.aarch64
2026-08-02 14:58:34 PulseFan: arbiter=None auto=false bound=1 managed=6 latched=false
2026-08-02 14:58:35 PulseAutoTdp: TICK-SKIP overlayShouldShow=false autoActive=false quickAccessShouldShow=false autoTdpPackage=null boundPackage=com.retroarch.aarch64 lastForeground=com.retroarch.aarch64
# ... 55 more identical lines elided (same content, only timestamp differs) ...
2026-08-02 14:59:52 PulseAutoTdp: TICK-SKIP overlayShouldShow=false autoActive=false quickAccessShouldShow=false autoTdpPackage=null boundPackage=com.retroarch.aarch64 lastForeground=com.retroarch.aarch64
2026-08-02 14:59:58 PulseAutoTdp: TICK-SKIP overlayShouldShow=false autoActive=false quickAccessShouldShow=false autoTdpPackage=null boundPackage=null lastForeground=com.kei.pulse
2026-08-02 14:59:58 PulseFan: arbiter=RunCustomLoop auto=false bound=null managed=6 latched=false
2026-08-02 15:00:07 PulseDaemon: telemetry read via daemon (16 path(s))
2026-08-02 15:00:07 PulseFan: CUSTOM idle → vendor Smart (target=20 floor=20 temp=39 idle=1)
2026-08-02 15:00:08 PulseAutoTdp: TICK-SKIP overlayShouldShow=false autoActive=false quickAccessShouldShow=false autoTdpPackage=null boundPackage=null lastForeground=com.kei.pulse
2026-08-02 15:00:08 PulseDaemon: telemetry read via daemon (16 path(s))
2026-08-02 15:00:08 PulseFan: CUSTOM idle → vendor Smart (target=20 floor=20 temp=39 idle=2)
2026-08-02 15:00:09 PulseAutoTdp: TICK-SKIP overlayShouldShow=false autoActive=false quickAccessShouldShow=false autoTdpPackage=null boundPackage=null lastForeground=com.kei.pulse
2026-08-02 15:00:09 PulseFan: arbiter=RunCustomLoop auto=false bound=null managed=6 latched=false
2026-08-02 15:00:09 PulseDaemon: telemetry read via daemon (16 path(s))
2026-08-02 15:00:09 PulseFan: CUSTOM idle → vendor Smart (target=20 floor=20 temp=39 idle=3)
2026-08-02 15:00:10 PulseAutoTdp: TICK-SKIP overlayShouldShow=false autoActive=false quickAccessShouldShow=false autoTdpPackage=null boundPackage=null lastForeground=com.kei.pulse
2026-08-02 15:00:10 PulseFan: arbiter=RunCustomLoop auto=false bound=null managed=6 latched=false
2026-08-02 15:00:10 PulseDaemon: telemetry read via daemon (16 path(s))
2026-08-02 15:00:10 PulseFan: CUSTOM idle → vendor Smart (target=20 floor=20 temp=38 idle=4)
2026-08-02 15:00:11 PulseAutoTdp: TICK-SKIP overlayShouldShow=false autoActive=false quickAccessShouldShow=false autoTdpPackage=null boundPackage=null lastForeground=com.kei.pulse
2026-08-02 15:00:11 PulseFan: arbiter=RunCustomLoop auto=false bound=null managed=6 latched=false
2026-08-02 15:00:12 PulseDaemon: telemetry read via daemon (16 path(s))
2026-08-02 15:00:12 PulseFan: CUSTOM idle → vendor Smart (target=20 floor=20 temp=40 idle=5)
2026-08-02 15:00:13 PulseAutoTdp: TICK-SKIP overlayShouldShow=false autoActive=false quickAccessShouldShow=false autoTdpPackage=null boundPackage=null lastForeground=com.kei.pulse
2026-08-02 15:00:13 PulseFan: arbiter=RunCustomLoop auto=false bound=null managed=6 latched=false
2026-08-02 15:00:13 PulseDaemon: telemetry read via daemon (16 path(s))
2026-08-02 15:00:13 PulseFan: CUSTOM idle → vendor Smart (target=20 floor=20 temp=39 idle=6)
2026-08-02 15:00:14 PulseAutoTdp: TICK-SKIP overlayShouldShow=false autoActive=false quickAccessShouldShow=false autoTdpPackage=null boundPackage=null lastForeground=com.kei.pulse
2026-08-02 15:00:14 PulseFan: arbiter=RunCustomLoop auto=false bound=null managed=6 latched=false
2026-08-02 15:00:14 PulseDaemon: telemetry read via daemon (16 path(s))
2026-08-02 15:00:14 PulseFan: CUSTOM idle → vendor Smart (target=20 floor=20 temp=39 idle=7)
2026-08-02 15:00:15 PulseAutoTdp: TICK-SKIP overlayShouldShow=false autoActive=false quickAccessShouldShow=false autoTdpPackage=null boundPackage=null lastForeground=com.kei.pulse
2026-08-02 15:00:15 PulseFan: arbiter=RunCustomLoop auto=false bound=null managed=6 latched=false
2026-08-02 15:00:15 PulseDaemon: telemetry read via daemon (16 path(s))
2026-08-02 15:00:15 PulseFan: CUSTOM idle → vendor Smart (target=20 floor=20 temp=40 idle=8)
2026-08-02 15:00:19 PulseDaemon: cap write via daemon (3 node(s))
2026-08-02 15:00:19 PulseDaemon: cap write via daemon (10 node(s))
2026-08-02 15:00:20 PulseDaemon: cap write via daemon (7 node(s))
2026-08-02 15:00:20 PulseDaemon: engage governor via daemon (schedutil)
2026-08-02 15:00:20 PulseDaemon: telemetry read via daemon (16 path(s))
2026-08-02 15:00:20 PulseAutoTdp: AUTOTDP-SESSION tgt=90 bias=EFFICIENT wattCap=0 policies=0:2265600:0,1;2:3148800:2,3,4;5:2956800:5,6;7:3052800:7;-100:1050000:
2026-08-02 15:00:21 PulseAutoTdp: tgt=90 fps=- jank=0 tail=-ms act=HOLD bn=- cpuB=21 cpuPk=50 primePk=11 io=0 gpuB=21 gpuL=4 capped=0 prk=0 stl=0 draw=4.91W cT=40 gT=36 caps%[0:100,2:90,5:100,7:100,-100:65] curMHz[0:2265,2:844,5:2572,7:480] mn/mx[0:2265/2265,2:499/2841,5:499/2956,7:480/3052] gpu=231 gcap=680[6/13] lrn=100
2026-08-02 15:00:21 PulseDaemon: cap write via daemon (2 node(s))
2026-08-02 15:00:21 PulseFan: arbiter=RunCustomLoop auto=true bound=null managed=6 latched=false
2026-08-02 15:00:21 PulseFan: CUSTOM fan running (autoTdp=true smart=true temp=40 applied=20% target=20)
2026-08-02 15:00:21 PulseDaemon: telemetry read via xsu fallback (1 path(s))
2026-08-02 15:00:22 PulseDaemon: telemetry read via daemon (1 path(s))
# ... 4 more identical lines elided (same content, only timestamp differs) ...
2026-08-02 15:00:22 PulseDaemon: telemetry read via daemon (1 path(s))
2026-08-02 15:00:22 PulseDaemon: telemetry read via daemon (16 path(s))
2026-08-02 15:00:22 PulseDaemon: telemetry read via daemon (1 path(s))
2026-08-02 15:00:23 PulseFan: arbiter=RunCustomLoop auto=true bound=null managed=6 latched=false
2026-08-02 15:00:23 PulseFan: CUSTOM fan running (autoTdp=true smart=true temp=40 applied=20% target=20)
2026-08-02 15:00:23 PulseDaemon: telemetry read via xsu fallback (1 path(s))
2026-08-02 15:00:24 PulseDaemon: telemetry read via daemon (1 path(s))
2026-08-02 15:00:24 PulseDaemon: telemetry read via daemon (1 path(s))
2026-08-02 15:00:24 PulseDaemon: cap write via daemon (3 node(s))
2026-08-02 15:00:24 PulseDaemon: cap write via daemon (10 node(s))
2026-08-02 15:00:25 PulseDaemon: telemetry read via xsu fallback (1 path(s))
2026-08-02 15:00:25 PulseDaemon: telemetry read via xsu fallback (1 path(s))
2026-08-02 15:00:25 PulseDaemon: telemetry read via daemon (1 path(s))
# ... 7 more identical lines elided (same content, only timestamp differs) ...
2026-08-02 15:00:27 PulseDaemon: telemetry read via daemon (1 path(s))
2026-08-02 15:00:27 PulseAutoTdp: TICK-SKIP overlayShouldShow=false autoActive=false quickAccessShouldShow=false autoTdpPackage=null boundPackage=com.retroarch.aarch64 lastForeground=com.retroarch.aarch64
2026-08-02 15:00:27 PulseDaemon: telemetry read via daemon (1 path(s))
# ... 1 more identical lines elided (same content, only timestamp differs) ...
2026-08-02 15:00:27 PulseDaemon: telemetry read via daemon (1 path(s))
2026-08-02 15:00:27 PulseFan: arbiter=None auto=false bound=1 managed=6 latched=false
2026-08-02 15:00:27 PulseDaemon: cap write via daemon (7 node(s))
2026-08-02 15:00:28 PulseAutoTdp: TICK-SKIP overlayShouldShow=false autoActive=false quickAccessShouldShow=false autoTdpPackage=null boundPackage=com.retroarch.aarch64 lastForeground=com.retroarch.aarch64
2026-08-02 15:00:30 PulseAutoTdp: TICK-SKIP overlayShouldShow=false autoActive=false quickAccessShouldShow=false autoTdpPackage=null boundPackage=com.retroarch.aarch64 lastForeground=com.retroarch.aarch64
2026-08-02 15:00:30 PulseDaemon: cap write via daemon (7 node(s))
2026-08-02 15:00:31 PulseAutoTdp: TICK-SKIP overlayShouldShow=false autoActive=false quickAccessShouldShow=false autoTdpPackage=null boundPackage=com.retroarch.aarch64 lastForeground=com.retroarch.aarch64
2026-08-02 15:00:33 PulseAutoTdp: TICK-SKIP overlayShouldShow=false autoActive=false quickAccessShouldShow=false autoTdpPackage=null boundPackage=com.retroarch.aarch64 lastForeground=com.retroarch.aarch64
2026-08-02 15:00:33 PulseDaemon: cap write via daemon (7 node(s))
2026-08-02 15:00:34 PulseAutoTdp: TICK-SKIP overlayShouldShow=false autoActive=false quickAccessShouldShow=false autoTdpPackage=null boundPackage=com.retroarch.aarch64 lastForeground=com.retroarch.aarch64
2026-08-02 15:00:35 PulseAutoTdp: TICK-SKIP overlayShouldShow=false autoActive=false quickAccessShouldShow=false autoTdpPackage=null boundPackage=com.retroarch.aarch64 lastForeground=com.retroarch.aarch64
2026-08-02 15:00:36 PulseDaemon: cap write via daemon (7 node(s))
2026-08-02 15:00:37 PulseAutoTdp: TICK-SKIP overlayShouldShow=false autoActive=false quickAccessShouldShow=false autoTdpPackage=null boundPackage=com.retroarch.aarch64 lastForeground=com.retroarch.aarch64
2026-08-02 15:00:38 PulseAutoTdp: TICK-SKIP overlayShouldShow=false autoActive=false quickAccessShouldShow=false autoTdpPackage=null boundPackage=com.retroarch.aarch64 lastForeground=com.retroarch.aarch64
2026-08-02 15:00:39 PulseDaemon: cap write via daemon (7 node(s))
2026-08-02 15:00:40 PulseAutoTdp: TICK-SKIP overlayShouldShow=false autoActive=false quickAccessShouldShow=false autoTdpPackage=null boundPackage=com.retroarch.aarch64 lastForeground=com.retroarch.aarch64
2026-08-02 15:00:41 PulseAutoTdp: TICK-SKIP overlayShouldShow=false autoActive=false quickAccessShouldShow=false autoTdpPackage=null boundPackage=com.retroarch.aarch64 lastForeground=com.retroarch.aarch64
2026-08-02 15:00:42 PulseDaemon: cap write via daemon (7 node(s))
2026-08-02 15:00:43 PulseAutoTdp: TICK-SKIP overlayShouldShow=false autoActive=false quickAccessShouldShow=false autoTdpPackage=null boundPackage=com.retroarch.aarch64 lastForeground=com.retroarch.aarch64
2026-08-02 15:00:44 PulseAutoTdp: TICK-SKIP overlayShouldShow=false autoActive=false quickAccessShouldShow=false autoTdpPackage=null boundPackage=com.retroarch.aarch64 lastForeground=com.retroarch.aarch64
2026-08-02 15:00:45 PulseDaemon: cap write via daemon (7 node(s))
2026-08-02 15:00:46 PulseAutoTdp: TICK-SKIP overlayShouldShow=false autoActive=false quickAccessShouldShow=false autoTdpPackage=null boundPackage=com.retroarch.aarch64 lastForeground=com.retroarch.aarch64
2026-08-02 15:00:47 PulseAutoTdp: TICK-SKIP overlayShouldShow=false autoActive=false quickAccessShouldShow=false autoTdpPackage=null boundPackage=com.retroarch.aarch64 lastForeground=com.retroarch.aarch64
2026-08-02 15:00:48 PulseDaemon: cap write via daemon (7 node(s))
2026-08-02 15:00:49 PulseAutoTdp: TICK-SKIP overlayShouldShow=false autoActive=false quickAccessShouldShow=false autoTdpPackage=null boundPackage=com.retroarch.aarch64 lastForeground=com.retroarch.aarch64
2026-08-02 15:00:50 PulseAutoTdp: TICK-SKIP overlayShouldShow=false autoActive=false quickAccessShouldShow=false autoTdpPackage=null boundPackage=com.retroarch.aarch64 lastForeground=com.retroarch.aarch64
2026-08-02 15:00:50 PulseDaemon: cap write via daemon (7 node(s))
2026-08-02 15:00:51 PulseAutoTdp: TICK-SKIP overlayShouldShow=false autoActive=false quickAccessShouldShow=false autoTdpPackage=null boundPackage=com.retroarch.aarch64 lastForeground=com.retroarch.aarch64
2026-08-02 15:00:53 PulseAutoTdp: TICK-SKIP overlayShouldShow=false autoActive=false quickAccessShouldShow=false autoTdpPackage=null boundPackage=com.retroarch.aarch64 lastForeground=com.retroarch.aarch64
2026-08-02 15:00:53 PulseDaemon: cap write via daemon (7 node(s))
2026-08-02 15:00:54 PulseAutoTdp: TICK-SKIP overlayShouldShow=false autoActive=false quickAccessShouldShow=false autoTdpPackage=null boundPackage=com.retroarch.aarch64 lastForeground=com.retroarch.aarch64
2026-08-02 15:00:56 PulseAutoTdp: TICK-SKIP overlayShouldShow=false autoActive=false quickAccessShouldShow=false autoTdpPackage=null boundPackage=com.retroarch.aarch64 lastForeground=com.retroarch.aarch64
2026-08-02 15:00:56 PulseDaemon: cap write via daemon (7 node(s))
2026-08-02 15:00:57 PulseAutoTdp: TICK-SKIP overlayShouldShow=false autoActive=false quickAccessShouldShow=false autoTdpPackage=null boundPackage=com.retroarch.aarch64 lastForeground=com.retroarch.aarch64
2026-08-02 15:00:59 PulseAutoTdp: TICK-SKIP overlayShouldShow=false autoActive=false quickAccessShouldShow=false autoTdpPackage=null boundPackage=com.retroarch.aarch64 lastForeground=com.retroarch.aarch64
2026-08-02 15:00:59 PulseDaemon: cap write via daemon (7 node(s))
2026-08-02 15:01:00 PulseAutoTdp: TICK-SKIP overlayShouldShow=false autoActive=false quickAccessShouldShow=false autoTdpPackage=null boundPackage=com.retroarch.aarch64 lastForeground=com.retroarch.aarch64
2026-08-02 15:01:01 PulseAutoTdp: TICK-SKIP overlayShouldShow=false autoActive=false quickAccessShouldShow=false autoTdpPackage=null boundPackage=com.retroarch.aarch64 lastForeground=com.retroarch.aarch64
2026-08-02 15:01:02 PulseDaemon: cap write via daemon (7 node(s))
2026-08-02 15:01:03 PulseAutoTdp: TICK-SKIP overlayShouldShow=false autoActive=false quickAccessShouldShow=false autoTdpPackage=null boundPackage=com.retroarch.aarch64 lastForeground=com.retroarch.aarch64
2026-08-02 15:01:04 PulseAutoTdp: TICK-SKIP overlayShouldShow=false autoActive=false quickAccessShouldShow=false autoTdpPackage=null boundPackage=com.retroarch.aarch64 lastForeground=com.retroarch.aarch64
2026-08-02 15:01:05 PulseDaemon: cap write via daemon (7 node(s))
2026-08-02 15:01:06 PulseAutoTdp: TICK-SKIP overlayShouldShow=false autoActive=false quickAccessShouldShow=false autoTdpPackage=null boundPackage=com.retroarch.aarch64 lastForeground=com.retroarch.aarch64
2026-08-02 15:01:07 PulseAutoTdp: TICK-SKIP overlayShouldShow=false autoActive=false quickAccessShouldShow=false autoTdpPackage=null boundPackage=com.retroarch.aarch64 lastForeground=com.retroarch.aarch64
2026-08-02 15:01:08 PulseDaemon: cap write via daemon (7 node(s))
2026-08-02 15:01:09 PulseAutoTdp: TICK-SKIP overlayShouldShow=false autoActive=false quickAccessShouldShow=false autoTdpPackage=null boundPackage=com.retroarch.aarch64 lastForeground=com.retroarch.aarch64
2026-08-02 15:01:10 PulseAutoTdp: TICK-SKIP overlayShouldShow=false autoActive=false quickAccessShouldShow=false autoTdpPackage=null boundPackage=com.retroarch.aarch64 lastForeground=com.retroarch.aarch64
2026-08-02 15:01:11 PulseDaemon: cap write via daemon (7 node(s))
2026-08-02 15:01:12 PulseAutoTdp: TICK-SKIP overlayShouldShow=false autoActive=false quickAccessShouldShow=false autoTdpPackage=null boundPackage=com.retroarch.aarch64 lastForeground=com.retroarch.aarch64
2026-08-02 15:01:13 PulseAutoTdp: TICK-SKIP overlayShouldShow=false autoActive=false quickAccessShouldShow=false autoTdpPackage=null boundPackage=com.retroarch.aarch64 lastForeground=com.retroarch.aarch64
2026-08-02 15:01:14 PulseDaemon: cap write via daemon (7 node(s))
2026-08-02 15:01:15 PulseAutoTdp: TICK-SKIP overlayShouldShow=false autoActive=false quickAccessShouldShow=false autoTdpPackage=null boundPackage=com.retroarch.aarch64 lastForeground=com.retroarch.aarch64
2026-08-02 15:01:16 PulseAutoTdp: TICK-SKIP overlayShouldShow=false autoActive=false quickAccessShouldShow=false autoTdpPackage=null boundPackage=com.retroarch.aarch64 lastForeground=com.retroarch.aarch64
2026-08-02 15:01:16 PulseDaemon: cap write via daemon (7 node(s))
2026-08-02 15:01:17 PulseAutoTdp: TICK-SKIP overlayShouldShow=false autoActive=false quickAccessShouldShow=false autoTdpPackage=null boundPackage=com.retroarch.aarch64 lastForeground=com.retroarch.aarch64
2026-08-02 15:01:19 PulseAutoTdp: TICK-SKIP overlayShouldShow=false autoActive=false quickAccessShouldShow=false autoTdpPackage=null boundPackage=com.retroarch.aarch64 lastForeground=com.retroarch.aarch64
2026-08-02 15:01:19 PulseDaemon: cap write via daemon (7 node(s))
2026-08-02 15:01:20 PulseAutoTdp: TICK-SKIP overlayShouldShow=false autoActive=false quickAccessShouldShow=false autoTdpPackage=null boundPackage=com.retroarch.aarch64 lastForeground=com.retroarch.aarch64
# ... 2 more identical lines elided (same content, only timestamp differs) ...
2026-08-02 15:01:24 PulseAutoTdp: TICK-SKIP overlayShouldShow=false autoActive=false quickAccessShouldShow=false autoTdpPackage=null boundPackage=com.retroarch.aarch64 lastForeground=com.retroarch.aarch64
2026-08-02 15:01:25 PulseDaemon: cap write via xsu fallback (7 node(s), ~1323 chars, chunked)
2026-08-02 15:01:26 PulseAutoTdp: TICK-SKIP overlayShouldShow=false autoActive=false quickAccessShouldShow=false autoTdpPackage=null boundPackage=com.retroarch.aarch64 lastForeground=com.retroarch.aarch64
2026-08-02 15:01:28 PulseAutoTdp: TICK-SKIP overlayShouldShow=false autoActive=false quickAccessShouldShow=false autoTdpPackage=null boundPackage=com.retroarch.aarch64 lastForeground=com.retroarch.aarch64
2026-08-02 15:01:28 PulseDaemon: cap write via daemon (7 node(s))
2026-08-02 15:01:29 PulseAutoTdp: TICK-SKIP overlayShouldShow=false autoActive=false quickAccessShouldShow=false autoTdpPackage=null boundPackage=com.retroarch.aarch64 lastForeground=com.retroarch.aarch64
2026-08-02 15:01:30 PulseAutoTdp: TICK-SKIP overlayShouldShow=false autoActive=false quickAccessShouldShow=false autoTdpPackage=null boundPackage=com.retroarch.aarch64 lastForeground=com.retroarch.aarch64
2026-08-02 15:01:31 PulseDaemon: cap write via daemon (7 node(s))
2026-08-02 15:01:32 PulseAutoTdp: TICK-SKIP overlayShouldShow=false autoActive=false quickAccessShouldShow=false autoTdpPackage=null boundPackage=com.retroarch.aarch64 lastForeground=com.retroarch.aarch64
2026-08-02 15:01:33 PulseAutoTdp: TICK-SKIP overlayShouldShow=false autoActive=false quickAccessShouldShow=false autoTdpPackage=null boundPackage=com.retroarch.aarch64 lastForeground=com.retroarch.aarch64
2026-08-02 15:01:34 PulseDaemon: cap write via daemon (7 node(s))
2026-08-02 15:01:35 PulseAutoTdp: TICK-SKIP overlayShouldShow=false autoActive=false quickAccessShouldShow=false autoTdpPackage=null boundPackage=com.retroarch.aarch64 lastForeground=com.retroarch.aarch64
# ... 2 more identical lines elided (same content, only timestamp differs) ...
2026-08-02 15:01:39 PulseAutoTdp: TICK-SKIP overlayShouldShow=false autoActive=false quickAccessShouldShow=false autoTdpPackage=null boundPackage=com.retroarch.aarch64 lastForeground=com.retroarch.aarch64
2026-08-02 15:01:40 PulseDaemon: cap write via daemon (7 node(s))
2026-08-02 15:01:41 PulseAutoTdp: TICK-SKIP overlayShouldShow=false autoActive=false quickAccessShouldShow=false autoTdpPackage=null boundPackage=com.retroarch.aarch64 lastForeground=com.retroarch.aarch64
# ... 2 more identical lines elided (same content, only timestamp differs) ...
2026-08-02 15:01:45 PulseAutoTdp: TICK-SKIP overlayShouldShow=false autoActive=false quickAccessShouldShow=false autoTdpPackage=null boundPackage=com.retroarch.aarch64 lastForeground=com.retroarch.aarch64
2026-08-02 15:01:45 PulseDaemon: cap write via daemon (7 node(s))
2026-08-02 15:01:46 PulseAutoTdp: TICK-SKIP overlayShouldShow=false autoActive=false quickAccessShouldShow=false autoTdpPackage=null boundPackage=com.retroarch.aarch64 lastForeground=com.retroarch.aarch64
2026-08-02 15:01:48 PulseAutoTdp: TICK-SKIP overlayShouldShow=false autoActive=false quickAccessShouldShow=false autoTdpPackage=null boundPackage=com.retroarch.aarch64 lastForeground=com.retroarch.aarch64
2026-08-02 15:01:48 PulseDaemon: cap write via daemon (7 node(s))
2026-08-02 15:01:49 PulseAutoTdp: TICK-SKIP overlayShouldShow=false autoActive=false quickAccessShouldShow=false autoTdpPackage=null boundPackage=com.retroarch.aarch64 lastForeground=com.retroarch.aarch64
2026-08-02 15:01:51 PulseAutoTdp: TICK-SKIP overlayShouldShow=false autoActive=false quickAccessShouldShow=false autoTdpPackage=null boundPackage=com.retroarch.aarch64 lastForeground=com.retroarch.aarch64
2026-08-02 15:01:51 PulseDaemon: cap write via daemon (7 node(s))
2026-08-02 15:01:52 PulseAutoTdp: TICK-SKIP overlayShouldShow=false autoActive=false quickAccessShouldShow=false autoTdpPackage=null boundPackage=com.retroarch.aarch64 lastForeground=com.retroarch.aarch64
2026-08-02 15:01:53 PulseAutoTdp: TICK-SKIP overlayShouldShow=false autoActive=false quickAccessShouldShow=false autoTdpPackage=null boundPackage=com.retroarch.aarch64 lastForeground=com.retroarch.aarch64
2026-08-02 15:01:54 PulseDaemon: cap write via daemon (7 node(s))
2026-08-02 15:01:55 PulseAutoTdp: TICK-SKIP overlayShouldShow=false autoActive=false quickAccessShouldShow=false autoTdpPackage=null boundPackage=com.retroarch.aarch64 lastForeground=com.retroarch.aarch64
2026-08-02 15:01:56 PulseAutoTdp: TICK-SKIP overlayShouldShow=false autoActive=false quickAccessShouldShow=false autoTdpPackage=null boundPackage=com.retroarch.aarch64 lastForeground=com.retroarch.aarch64
2026-08-02 15:01:57 PulseDaemon: cap write via xsu fallback (7 node(s), ~1323 chars, chunked)
2026-08-02 15:01:58 PulseAutoTdp: TICK-SKIP overlayShouldShow=false autoActive=false quickAccessShouldShow=false autoTdpPackage=null boundPackage=com.retroarch.aarch64 lastForeground=com.retroarch.aarch64
2026-08-02 15:02:00 PulseAutoTdp: TICK-SKIP overlayShouldShow=false autoActive=false quickAccessShouldShow=false autoTdpPackage=null boundPackage=com.retroarch.aarch64 lastForeground=com.retroarch.aarch64
2026-08-02 15:02:00 PulseDaemon: cap write via daemon (7 node(s))
2026-08-02 15:02:01 PulseAutoTdp: TICK-SKIP overlayShouldShow=false autoActive=false quickAccessShouldShow=false autoTdpPackage=null boundPackage=com.retroarch.aarch64 lastForeground=com.retroarch.aarch64
2026-08-02 15:02:03 PulseAutoTdp: TICK-SKIP overlayShouldShow=false autoActive=false quickAccessShouldShow=false autoTdpPackage=null boundPackage=com.retroarch.aarch64 lastForeground=com.retroarch.aarch64
2026-08-02 15:02:03 PulseDaemon: cap write via daemon (7 node(s))
2026-08-02 15:02:04 PulseAutoTdp: TICK-SKIP overlayShouldShow=false autoActive=false quickAccessShouldShow=false autoTdpPackage=null boundPackage=com.retroarch.aarch64 lastForeground=com.retroarch.aarch64
2026-08-02 15:02:05 PulseAutoTdp: TICK-SKIP overlayShouldShow=false autoActive=false quickAccessShouldShow=false autoTdpPackage=null boundPackage=com.retroarch.aarch64 lastForeground=com.retroarch.aarch64
2026-08-02 15:02:06 PulseDaemon: cap write via daemon (7 node(s))
2026-08-02 15:02:07 PulseAutoTdp: TICK-SKIP overlayShouldShow=false autoActive=false quickAccessShouldShow=false autoTdpPackage=null boundPackage=com.retroarch.aarch64 lastForeground=com.retroarch.aarch64
2026-08-02 15:02:08 PulseAutoTdp: TICK-SKIP overlayShouldShow=false autoActive=false quickAccessShouldShow=false autoTdpPackage=null boundPackage=com.retroarch.aarch64 lastForeground=com.retroarch.aarch64
2026-08-02 15:02:09 PulseDaemon: cap write via daemon (7 node(s))
2026-08-02 15:02:10 PulseAutoTdp: TICK-SKIP overlayShouldShow=false autoActive=false quickAccessShouldShow=false autoTdpPackage=null boundPackage=com.retroarch.aarch64 lastForeground=com.retroarch.aarch64
2026-08-02 15:02:11 PulseAutoTdp: TICK-SKIP overlayShouldShow=false autoActive=false quickAccessShouldShow=false autoTdpPackage=null boundPackage=com.retroarch.aarch64 lastForeground=com.retroarch.aarch64
2026-08-02 15:02:12 PulseDaemon: cap write via daemon (7 node(s))
2026-08-02 15:02:13 PulseAutoTdp: TICK-SKIP overlayShouldShow=false autoActive=false quickAccessShouldShow=false autoTdpPackage=null boundPackage=com.retroarch.aarch64 lastForeground=com.retroarch.aarch64
2026-08-02 15:02:14 PulseAutoTdp: TICK-SKIP overlayShouldShow=false autoActive=false quickAccessShouldShow=false autoTdpPackage=null boundPackage=com.retroarch.aarch64 lastForeground=com.retroarch.aarch64
2026-08-02 15:02:15 PulseDaemon: cap write via daemon (7 node(s))
2026-08-02 15:02:16 PulseAutoTdp: TICK-SKIP overlayShouldShow=false autoActive=false quickAccessShouldShow=false autoTdpPackage=null boundPackage=com.retroarch.aarch64 lastForeground=com.retroarch.aarch64
2026-08-02 15:02:17 PulseAutoTdp: TICK-SKIP overlayShouldShow=false autoActive=false quickAccessShouldShow=false autoTdpPackage=null boundPackage=com.retroarch.aarch64 lastForeground=com.retroarch.aarch64
2026-08-02 15:02:17 PulseDaemon: cap write via daemon (7 node(s))
2026-08-02 15:02:18 PulseAutoTdp: TICK-SKIP overlayShouldShow=false autoActive=false quickAccessShouldShow=false autoTdpPackage=null boundPackage=com.retroarch.aarch64 lastForeground=com.retroarch.aarch64
2026-08-02 15:02:20 PulseAutoTdp: TICK-SKIP overlayShouldShow=false autoActive=false quickAccessShouldShow=false autoTdpPackage=null boundPackage=com.retroarch.aarch64 lastForeground=com.retroarch.aarch64
2026-08-02 15:02:20 PulseDaemon: cap write via daemon (7 node(s))
2026-08-02 15:02:21 PulseAutoTdp: TICK-SKIP overlayShouldShow=false autoActive=false quickAccessShouldShow=false autoTdpPackage=null boundPackage=com.retroarch.aarch64 lastForeground=com.retroarch.aarch64
2026-08-02 15:02:23 PulseAutoTdp: TICK-SKIP overlayShouldShow=false autoActive=false quickAccessShouldShow=false autoTdpPackage=null boundPackage=com.retroarch.aarch64 lastForeground=com.retroarch.aarch64
2026-08-02 15:02:23 PulseDaemon: cap write via daemon (7 node(s))
2026-08-02 15:02:24 PulseAutoTdp: TICK-SKIP overlayShouldShow=false autoActive=false quickAccessShouldShow=false autoTdpPackage=null boundPackage=com.retroarch.aarch64 lastForeground=com.retroarch.aarch64
2026-08-02 15:02:26 PulseAutoTdp: TICK-SKIP overlayShouldShow=false autoActive=false quickAccessShouldShow=false autoTdpPackage=null boundPackage=com.retroarch.aarch64 lastForeground=com.retroarch.aarch64
2026-08-02 15:02:26 PulseDaemon: cap write via daemon (7 node(s))
2026-08-02 15:02:27 PulseAutoTdp: TICK-SKIP overlayShouldShow=false autoActive=false quickAccessShouldShow=false autoTdpPackage=null boundPackage=com.retroarch.aarch64 lastForeground=com.retroarch.aarch64
2026-08-02 15:02:28 PulseAutoTdp: TICK-SKIP overlayShouldShow=false autoActive=false quickAccessShouldShow=false autoTdpPackage=null boundPackage=com.retroarch.aarch64 lastForeground=com.retroarch.aarch64
2026-08-02 15:02:29 PulseDaemon: cap write via daemon (7 node(s))
2026-08-02 15:02:30 PulseAutoTdp: TICK-SKIP overlayShouldShow=false autoActive=false quickAccessShouldShow=false autoTdpPackage=null boundPackage=com.retroarch.aarch64 lastForeground=com.retroarch.aarch64
2026-08-02 15:02:31 PulseAutoTdp: TICK-SKIP overlayShouldShow=false autoActive=false quickAccessShouldShow=false autoTdpPackage=null boundPackage=com.retroarch.aarch64 lastForeground=com.retroarch.aarch64
2026-08-02 15:02:32 PulseDaemon: cap write via daemon (7 node(s))
2026-08-02 15:02:33 PulseAutoTdp: TICK-SKIP overlayShouldShow=false autoActive=false quickAccessShouldShow=false autoTdpPackage=null boundPackage=com.retroarch.aarch64 lastForeground=com.retroarch.aarch64
2026-08-02 15:02:34 PulseAutoTdp: TICK-SKIP overlayShouldShow=false autoActive=false quickAccessShouldShow=false autoTdpPackage=null boundPackage=com.retroarch.aarch64 lastForeground=com.retroarch.aarch64
2026-08-02 15:02:35 PulseDaemon: cap write via daemon (7 node(s))
2026-08-02 15:02:36 PulseAutoTdp: TICK-SKIP overlayShouldShow=false autoActive=false quickAccessShouldShow=false autoTdpPackage=null boundPackage=com.retroarch.aarch64 lastForeground=com.retroarch.aarch64
2026-08-02 15:02:37 PulseAutoTdp: TICK-SKIP overlayShouldShow=false autoActive=false quickAccessShouldShow=false autoTdpPackage=null boundPackage=com.retroarch.aarch64 lastForeground=com.retroarch.aarch64
2026-08-02 15:02:38 PulseDaemon: cap write via daemon (7 node(s))
2026-08-02 15:02:39 PulseAutoTdp: TICK-SKIP overlayShouldShow=false autoActive=false quickAccessShouldShow=false autoTdpPackage=null boundPackage=com.retroarch.aarch64 lastForeground=com.retroarch.aarch64
2026-08-02 15:02:40 PulseAutoTdp: TICK-SKIP overlayShouldShow=false autoActive=false quickAccessShouldShow=false autoTdpPackage=null boundPackage=com.retroarch.aarch64 lastForeground=com.retroarch.aarch64
2026-08-02 15:02:40 PulseDaemon: cap write via daemon (7 node(s))
2026-08-02 15:02:42 PulseAutoTdp: TICK-SKIP overlayShouldShow=false autoActive=false quickAccessShouldShow=false autoTdpPackage=null boundPackage=com.retroarch.aarch64 lastForeground=com.retroarch.aarch64
2026-08-02 15:02:43 PulseAutoTdp: TICK-SKIP overlayShouldShow=false autoActive=false quickAccessShouldShow=false autoTdpPackage=null boundPackage=com.retroarch.aarch64 lastForeground=com.retroarch.aarch64
2026-08-02 15:02:43 PulseDaemon: cap write via daemon (7 node(s))
2026-08-02 15:02:44 PulseAutoTdp: TICK-SKIP overlayShouldShow=false autoActive=false quickAccessShouldShow=false autoTdpPackage=null boundPackage=com.retroarch.aarch64 lastForeground=com.retroarch.aarch64
2026-08-02 15:02:46 PulseAutoTdp: TICK-SKIP overlayShouldShow=false autoActive=false quickAccessShouldShow=false autoTdpPackage=null boundPackage=com.retroarch.aarch64 lastForeground=com.retroarch.aarch64
2026-08-02 15:02:46 PulseDaemon: cap write via daemon (7 node(s))
2026-08-02 15:02:47 PulseAutoTdp: TICK-SKIP overlayShouldShow=false autoActive=false quickAccessShouldShow=false autoTdpPackage=null boundPackage=com.retroarch.aarch64 lastForeground=com.retroarch.aarch64
2026-08-02 15:02:49 PulseAutoTdp: TICK-SKIP overlayShouldShow=false autoActive=false quickAccessShouldShow=false autoTdpPackage=null boundPackage=com.retroarch.aarch64 lastForeground=com.retroarch.aarch64
2026-08-02 15:02:49 PulseDaemon: cap write via daemon (7 node(s))
2026-08-02 15:02:50 PulseAutoTdp: TICK-SKIP overlayShouldShow=false autoActive=false quickAccessShouldShow=false autoTdpPackage=null boundPackage=com.retroarch.aarch64 lastForeground=com.retroarch.aarch64
2026-08-02 15:02:52 PulseAutoTdp: TICK-SKIP overlayShouldShow=false autoActive=false quickAccessShouldShow=false autoTdpPackage=null boundPackage=com.retroarch.aarch64 lastForeground=com.retroarch.aarch64
2026-08-02 15:02:52 PulseDaemon: cap write via daemon (7 node(s))
2026-08-02 15:02:53 PulseAutoTdp: TICK-SKIP overlayShouldShow=false autoActive=false quickAccessShouldShow=false autoTdpPackage=null boundPackage=com.retroarch.aarch64 lastForeground=com.retroarch.aarch64
2026-08-02 15:02:54 PulseAutoTdp: TICK-SKIP overlayShouldShow=false autoActive=false quickAccessShouldShow=false autoTdpPackage=null boundPackage=com.retroarch.aarch64 lastForeground=com.retroarch.aarch64
2026-08-02 15:02:55 PulseDaemon: cap write via daemon (7 node(s))
2026-08-02 15:02:56 PulseAutoTdp: TICK-SKIP overlayShouldShow=false autoActive=false quickAccessShouldShow=false autoTdpPackage=null boundPackage=com.retroarch.aarch64 lastForeground=com.retroarch.aarch64
2026-08-02 15:02:57 PulseAutoTdp: TICK-SKIP overlayShouldShow=false autoActive=false quickAccessShouldShow=false autoTdpPackage=null boundPackage=com.retroarch.aarch64 lastForeground=com.retroarch.aarch64
2026-08-02 15:02:58 PulseDaemon: cap write via daemon (7 node(s))
2026-08-02 15:02:59 PulseAutoTdp: TICK-SKIP overlayShouldShow=false autoActive=false quickAccessShouldShow=false autoTdpPackage=null boundPackage=com.retroarch.aarch64 lastForeground=com.retroarch.aarch64
2026-08-02 15:03:00 PulseAutoTdp: TICK-SKIP overlayShouldShow=false autoActive=false quickAccessShouldShow=false autoTdpPackage=null boundPackage=com.retroarch.aarch64 lastForeground=com.retroarch.aarch64
2026-08-02 15:03:01 PulseDaemon: cap write via daemon (7 node(s))
2026-08-02 15:03:02 PulseAutoTdp: TICK-SKIP overlayShouldShow=false autoActive=false quickAccessShouldShow=false autoTdpPackage=null boundPackage=com.retroarch.aarch64 lastForeground=com.retroarch.aarch64
2026-08-02 15:03:03 PulseAutoTdp: TICK-SKIP overlayShouldShow=false autoActive=false quickAccessShouldShow=false autoTdpPackage=null boundPackage=com.retroarch.aarch64 lastForeground=com.retroarch.aarch64
2026-08-02 15:03:04 PulseDaemon: cap write via daemon (7 node(s))
2026-08-02 15:03:05 PulseAutoTdp: TICK-SKIP overlayShouldShow=false autoActive=false quickAccessShouldShow=false autoTdpPackage=null boundPackage=com.retroarch.aarch64 lastForeground=com.retroarch.aarch64
2026-08-02 15:03:06 PulseAutoTdp: TICK-SKIP overlayShouldShow=false autoActive=false quickAccessShouldShow=false autoTdpPackage=null boundPackage=com.retroarch.aarch64 lastForeground=com.retroarch.aarch64
2026-08-02 15:03:07 PulseDaemon: cap write via daemon (7 node(s))
2026-08-02 15:03:08 PulseAutoTdp: TICK-SKIP overlayShouldShow=false autoActive=false quickAccessShouldShow=false autoTdpPackage=null boundPackage=com.retroarch.aarch64 lastForeground=com.retroarch.aarch64
2026-08-02 15:03:09 PulseAutoTdp: TICK-SKIP overlayShouldShow=false autoActive=false quickAccessShouldShow=false autoTdpPackage=null boundPackage=com.retroarch.aarch64 lastForeground=com.retroarch.aarch64
2026-08-02 15:03:09 PulseDaemon: cap write via daemon (7 node(s))
2026-08-02 15:03:10 PulseAutoTdp: TICK-SKIP overlayShouldShow=false autoActive=false quickAccessShouldShow=false autoTdpPackage=null boundPackage=com.retroarch.aarch64 lastForeground=com.retroarch.aarch64
2026-08-02 15:03:12 PulseAutoTdp: TICK-SKIP overlayShouldShow=false autoActive=false quickAccessShouldShow=false autoTdpPackage=null boundPackage=com.retroarch.aarch64 lastForeground=com.retroarch.aarch64
2026-08-02 15:03:12 PulseDaemon: cap write via daemon (7 node(s))
2026-08-02 15:03:13 PulseAutoTdp: TICK-SKIP overlayShouldShow=false autoActive=false quickAccessShouldShow=false autoTdpPackage=null boundPackage=com.retroarch.aarch64 lastForeground=com.retroarch.aarch64
2026-08-02 15:03:15 PulseAutoTdp: TICK-SKIP overlayShouldShow=false autoActive=false quickAccessShouldShow=false autoTdpPackage=null boundPackage=com.retroarch.aarch64 lastForeground=com.retroarch.aarch64
2026-08-02 15:03:15 PulseDaemon: cap write via daemon (7 node(s))
2026-08-02 15:03:16 PulseAutoTdp: TICK-SKIP overlayShouldShow=false autoActive=false quickAccessShouldShow=false autoTdpPackage=null boundPackage=com.retroarch.aarch64 lastForeground=com.retroarch.aarch64
2026-08-02 15:03:18 PulseAutoTdp: TICK-SKIP overlayShouldShow=false autoActive=false quickAccessShouldShow=false autoTdpPackage=null boundPackage=com.retroarch.aarch64 lastForeground=com.retroarch.aarch64
2026-08-02 15:03:18 PulseDaemon: cap write via daemon (7 node(s))
2026-08-02 15:03:19 PulseAutoTdp: TICK-SKIP overlayShouldShow=false autoActive=false quickAccessShouldShow=false autoTdpPackage=null boundPackage=com.retroarch.aarch64 lastForeground=com.retroarch.aarch64
2026-08-02 15:03:20 PulseAutoTdp: TICK-SKIP overlayShouldShow=false autoActive=false quickAccessShouldShow=false autoTdpPackage=null boundPackage=com.retroarch.aarch64 lastForeground=com.retroarch.aarch64
2026-08-02 15:03:21 PulseDaemon: cap write via daemon (7 node(s))
2026-08-02 15:03:22 PulseAutoTdp: TICK-SKIP overlayShouldShow=false autoActive=false quickAccessShouldShow=false autoTdpPackage=null boundPackage=com.retroarch.aarch64 lastForeground=com.retroarch.aarch64
2026-08-02 15:03:23 PulseAutoTdp: TICK-SKIP overlayShouldShow=false autoActive=false quickAccessShouldShow=false autoTdpPackage=null boundPackage=com.retroarch.aarch64 lastForeground=com.retroarch.aarch64
2026-08-02 15:03:24 PulseDaemon: cap write via daemon (7 node(s))
2026-08-02 15:03:25 PulseAutoTdp: TICK-SKIP overlayShouldShow=false autoActive=false quickAccessShouldShow=false autoTdpPackage=null boundPackage=com.retroarch.aarch64 lastForeground=com.retroarch.aarch64
2026-08-02 15:03:26 PulseAutoTdp: TICK-SKIP overlayShouldShow=false autoActive=false quickAccessShouldShow=false autoTdpPackage=null boundPackage=com.retroarch.aarch64 lastForeground=com.retroarch.aarch64
2026-08-02 15:03:27 PulseDaemon: cap write via daemon (7 node(s))
2026-08-02 15:03:28 PulseAutoTdp: TICK-SKIP overlayShouldShow=false autoActive=false quickAccessShouldShow=false autoTdpPackage=null boundPackage=com.retroarch.aarch64 lastForeground=com.retroarch.aarch64
2026-08-02 15:03:29 PulseAutoTdp: TICK-SKIP overlayShouldShow=false autoActive=false quickAccessShouldShow=false autoTdpPackage=null boundPackage=com.retroarch.aarch64 lastForeground=com.retroarch.aarch64
2026-08-02 15:03:30 PulseDaemon: cap write via daemon (7 node(s))
2026-08-02 15:03:31 PulseAutoTdp: TICK-SKIP overlayShouldShow=false autoActive=false quickAccessShouldShow=false autoTdpPackage=null boundPackage=com.retroarch.aarch64 lastForeground=com.retroarch.aarch64
2026-08-02 15:03:32 PulseAutoTdp: TICK-SKIP overlayShouldShow=false autoActive=false quickAccessShouldShow=false autoTdpPackage=null boundPackage=com.retroarch.aarch64 lastForeground=com.retroarch.aarch64
2026-08-02 15:03:33 PulseDaemon: cap write via daemon (7 node(s))
2026-08-02 15:03:34 PulseAutoTdp: TICK-SKIP overlayShouldShow=false autoActive=false quickAccessShouldShow=false autoTdpPackage=null boundPackage=com.retroarch.aarch64 lastForeground=com.retroarch.aarch64
2026-08-02 15:03:35 PulseAutoTdp: TICK-SKIP overlayShouldShow=false autoActive=false quickAccessShouldShow=false autoTdpPackage=null boundPackage=com.retroarch.aarch64 lastForeground=com.retroarch.aarch64
2026-08-02 15:03:35 PulseDaemon: cap write via daemon (7 node(s))
2026-08-02 15:03:36 PulseAutoTdp: TICK-SKIP overlayShouldShow=false autoActive=false quickAccessShouldShow=false autoTdpPackage=null boundPackage=com.retroarch.aarch64 lastForeground=com.retroarch.aarch64
2026-08-02 15:03:38 PulseAutoTdp: TICK-SKIP overlayShouldShow=false autoActive=false quickAccessShouldShow=false autoTdpPackage=null boundPackage=com.retroarch.aarch64 lastForeground=com.retroarch.aarch64
2026-08-02 15:03:38 PulseDaemon: cap write via daemon (7 node(s))
2026-08-02 15:03:39 PulseAutoTdp: TICK-SKIP overlayShouldShow=false autoActive=false quickAccessShouldShow=false autoTdpPackage=null boundPackage=com.retroarch.aarch64 lastForeground=com.retroarch.aarch64
# ... 2 more identical lines elided (same content, only timestamp differs) ...
2026-08-02 15:03:44 PulseAutoTdp: TICK-SKIP overlayShouldShow=false autoActive=false quickAccessShouldShow=false autoTdpPackage=null boundPackage=com.retroarch.aarch64 lastForeground=com.retroarch.aarch64
2026-08-02 15:03:44 PulseDaemon: cap write via daemon (7 node(s))
2026-08-02 15:03:45 PulseAutoTdp: TICK-SKIP overlayShouldShow=false autoActive=false quickAccessShouldShow=false autoTdpPackage=null boundPackage=com.retroarch.aarch64 lastForeground=com.retroarch.aarch64
2026-08-02 15:03:46 PulseAutoTdp: TICK-SKIP overlayShouldShow=false autoActive=false quickAccessShouldShow=false autoTdpPackage=null boundPackage=com.retroarch.aarch64 lastForeground=com.retroarch.aarch64
2026-08-02 15:03:47 PulseDaemon: cap write via daemon (7 node(s))
2026-08-02 15:03:48 PulseAutoTdp: TICK-SKIP overlayShouldShow=false autoActive=false quickAccessShouldShow=false autoTdpPackage=null boundPackage=com.retroarch.aarch64 lastForeground=com.retroarch.aarch64
2026-08-02 15:03:49 PulseAutoTdp: TICK-SKIP overlayShouldShow=false autoActive=false quickAccessShouldShow=false autoTdpPackage=null boundPackage=com.retroarch.aarch64 lastForeground=com.retroarch.aarch64
2026-08-02 15:03:50 PulseDaemon: cap write via daemon (7 node(s))
2026-08-02 15:03:51 PulseAutoTdp: TICK-SKIP overlayShouldShow=false autoActive=false quickAccessShouldShow=false autoTdpPackage=null boundPackage=com.retroarch.aarch64 lastForeground=com.retroarch.aarch64
2026-08-02 15:03:52 PulseAutoTdp: TICK-SKIP overlayShouldShow=false autoActive=false quickAccessShouldShow=false autoTdpPackage=null boundPackage=com.retroarch.aarch64 lastForeground=com.retroarch.aarch64
2026-08-02 15:03:53 PulseDaemon: cap write via daemon (7 node(s))
2026-08-02 15:03:54 PulseAutoTdp: TICK-SKIP overlayShouldShow=false autoActive=false quickAccessShouldShow=false autoTdpPackage=null boundPackage=com.retroarch.aarch64 lastForeground=com.retroarch.aarch64
2026-08-02 15:03:55 PulseAutoTdp: TICK-SKIP overlayShouldShow=false autoActive=false quickAccessShouldShow=false autoTdpPackage=null boundPackage=com.retroarch.aarch64 lastForeground=com.retroarch.aarch64
2026-08-02 15:03:56 PulseDaemon: cap write via daemon (7 node(s))
2026-08-02 15:03:57 PulseAutoTdp: TICK-SKIP overlayShouldShow=false autoActive=false quickAccessShouldShow=false autoTdpPackage=null boundPackage=com.retroarch.aarch64 lastForeground=com.retroarch.aarch64
2026-08-02 15:03:58 PulseAutoTdp: TICK-SKIP overlayShouldShow=false autoActive=false quickAccessShouldShow=false autoTdpPackage=null boundPackage=com.retroarch.aarch64 lastForeground=com.retroarch.aarch64
2026-08-02 15:03:58 PulseDaemon: cap write via daemon (7 node(s))
2026-08-02 15:04:00 PulseAutoTdp: TICK-SKIP overlayShouldShow=false autoActive=false quickAccessShouldShow=false autoTdpPackage=null boundPackage=com.retroarch.aarch64 lastForeground=com.retroarch.aarch64
2026-08-02 15:04:01 PulseAutoTdp: TICK-SKIP overlayShouldShow=false autoActive=false quickAccessShouldShow=false autoTdpPackage=null boundPackage=com.retroarch.aarch64 lastForeground=com.retroarch.aarch64
2026-08-02 15:04:01 PulseDaemon: cap write via daemon (7 node(s))
2026-08-02 15:04:02 PulseAutoTdp: TICK-SKIP overlayShouldShow=false autoActive=false quickAccessShouldShow=false autoTdpPackage=null boundPackage=com.retroarch.aarch64 lastForeground=com.retroarch.aarch64
2026-08-02 15:04:04 PulseAutoTdp: TICK-SKIP overlayShouldShow=false autoActive=false quickAccessShouldShow=false autoTdpPackage=null boundPackage=com.retroarch.aarch64 lastForeground=com.retroarch.aarch64
2026-08-02 15:04:04 PulseDaemon: cap write via daemon (7 node(s))
2026-08-02 15:04:05 PulseAutoTdp: TICK-SKIP overlayShouldShow=false autoActive=false quickAccessShouldShow=false autoTdpPackage=null boundPackage=com.retroarch.aarch64 lastForeground=com.retroarch.aarch64
2026-08-02 15:04:07 PulseAutoTdp: TICK-SKIP overlayShouldShow=false autoActive=false quickAccessShouldShow=false autoTdpPackage=null boundPackage=com.retroarch.aarch64 lastForeground=com.retroarch.aarch64
2026-08-02 15:04:07 PulseDaemon: cap write via daemon (7 node(s))
2026-08-02 15:04:08 PulseAutoTdp: TICK-SKIP overlayShouldShow=false autoActive=false quickAccessShouldShow=false autoTdpPackage=null boundPackage=com.retroarch.aarch64 lastForeground=com.retroarch.aarch64
2026-08-02 15:04:10 PulseAutoTdp: TICK-SKIP overlayShouldShow=false autoActive=false quickAccessShouldShow=false autoTdpPackage=null boundPackage=com.retroarch.aarch64 lastForeground=com.retroarch.aarch64
2026-08-02 15:04:10 PulseDaemon: cap write via daemon (7 node(s))
2026-08-02 15:04:11 PulseAutoTdp: TICK-SKIP overlayShouldShow=false autoActive=false quickAccessShouldShow=false autoTdpPackage=null boundPackage=com.retroarch.aarch64 lastForeground=com.retroarch.aarch64
2026-08-02 15:04:12 PulseAutoTdp: TICK-SKIP overlayShouldShow=false autoActive=false quickAccessShouldShow=false autoTdpPackage=null boundPackage=com.retroarch.aarch64 lastForeground=com.retroarch.aarch64
2026-08-02 15:04:13 PulseDaemon: cap write via daemon (7 node(s))
2026-08-02 15:04:14 PulseAutoTdp: TICK-SKIP overlayShouldShow=false autoActive=false quickAccessShouldShow=false autoTdpPackage=null boundPackage=com.retroarch.aarch64 lastForeground=com.retroarch.aarch64
2026-08-02 15:04:15 PulseAutoTdp: TICK-SKIP overlayShouldShow=false autoActive=false quickAccessShouldShow=false autoTdpPackage=null boundPackage=com.retroarch.aarch64 lastForeground=com.retroarch.aarch64
2026-08-02 15:04:16 PulseDaemon: cap write via daemon (7 node(s))
2026-08-02 15:04:17 PulseAutoTdp: TICK-SKIP overlayShouldShow=false autoActive=false quickAccessShouldShow=false autoTdpPackage=null boundPackage=com.retroarch.aarch64 lastForeground=com.retroarch.aarch64
2026-08-02 15:04:18 PulseAutoTdp: TICK-SKIP overlayShouldShow=false autoActive=false quickAccessShouldShow=false autoTdpPackage=null boundPackage=com.retroarch.aarch64 lastForeground=com.retroarch.aarch64
2026-08-02 15:04:19 PulseDaemon: cap write via daemon (7 node(s))
2026-08-02 15:04:20 PulseAutoTdp: TICK-SKIP overlayShouldShow=false autoActive=false quickAccessShouldShow=false autoTdpPackage=null boundPackage=com.retroarch.aarch64 lastForeground=com.retroarch.aarch64
2026-08-02 15:04:21 PulseAutoTdp: TICK-SKIP overlayShouldShow=false autoActive=false quickAccessShouldShow=false autoTdpPackage=null boundPackage=com.retroarch.aarch64 lastForeground=com.retroarch.aarch64
2026-08-02 15:04:22 PulseDaemon: cap write via daemon (7 node(s))
2026-08-02 15:04:23 PulseAutoTdp: TICK-SKIP overlayShouldShow=false autoActive=false quickAccessShouldShow=false autoTdpPackage=null boundPackage=com.retroarch.aarch64 lastForeground=com.retroarch.aarch64
2026-08-02 15:04:24 PulseAutoTdp: TICK-SKIP overlayShouldShow=false autoActive=false quickAccessShouldShow=false autoTdpPackage=null boundPackage=com.retroarch.aarch64 lastForeground=com.retroarch.aarch64
2026-08-02 15:04:24 PulseDaemon: cap write via daemon (7 node(s))
2026-08-02 15:04:26 PulseAutoTdp: TICK-SKIP overlayShouldShow=false autoActive=false quickAccessShouldShow=false autoTdpPackage=null boundPackage=com.retroarch.aarch64 lastForeground=com.retroarch.aarch64
2026-08-02 15:04:27 PulseAutoTdp: TICK-SKIP overlayShouldShow=false autoActive=false quickAccessShouldShow=false autoTdpPackage=null boundPackage=com.retroarch.aarch64 lastForeground=com.retroarch.aarch64
2026-08-02 15:04:27 PulseDaemon: cap write via daemon (7 node(s))
2026-08-02 15:04:28 PulseAutoTdp: TICK-SKIP overlayShouldShow=false autoActive=false quickAccessShouldShow=false autoTdpPackage=null boundPackage=com.retroarch.aarch64 lastForeground=com.retroarch.aarch64
2026-08-02 15:04:30 PulseAutoTdp: TICK-SKIP overlayShouldShow=false autoActive=false quickAccessShouldShow=false autoTdpPackage=null boundPackage=com.retroarch.aarch64 lastForeground=com.retroarch.aarch64
2026-08-02 15:04:30 PulseDaemon: cap write via daemon (7 node(s))
2026-08-02 15:04:31 PulseAutoTdp: TICK-SKIP overlayShouldShow=false autoActive=false quickAccessShouldShow=false autoTdpPackage=null boundPackage=com.retroarch.aarch64 lastForeground=com.retroarch.aarch64
2026-08-02 15:04:33 PulseAutoTdp: TICK-SKIP overlayShouldShow=false autoActive=false quickAccessShouldShow=false autoTdpPackage=null boundPackage=com.retroarch.aarch64 lastForeground=com.retroarch.aarch64
2026-08-02 15:04:33 PulseDaemon: cap write via daemon (7 node(s))
2026-08-02 15:04:34 PulseAutoTdp: TICK-SKIP overlayShouldShow=false autoActive=false quickAccessShouldShow=false autoTdpPackage=null boundPackage=com.retroarch.aarch64 lastForeground=com.retroarch.aarch64
2026-08-02 15:04:36 PulseAutoTdp: TICK-SKIP overlayShouldShow=false autoActive=false quickAccessShouldShow=false autoTdpPackage=null boundPackage=com.retroarch.aarch64 lastForeground=com.retroarch.aarch64
2026-08-02 15:04:36 PulseDaemon: cap write via daemon (7 node(s))
2026-08-02 15:04:37 PulseAutoTdp: TICK-SKIP overlayShouldShow=false autoActive=false quickAccessShouldShow=false autoTdpPackage=null boundPackage=com.retroarch.aarch64 lastForeground=com.retroarch.aarch64
2026-08-02 15:04:38 PulseAutoTdp: TICK-SKIP overlayShouldShow=false autoActive=false quickAccessShouldShow=false autoTdpPackage=null boundPackage=com.retroarch.aarch64 lastForeground=com.retroarch.aarch64
2026-08-02 15:04:39 PulseDaemon: cap write via daemon (7 node(s))
2026-08-02 15:04:40 PulseAutoTdp: TICK-SKIP overlayShouldShow=false autoActive=false quickAccessShouldShow=false autoTdpPackage=null boundPackage=com.retroarch.aarch64 lastForeground=com.retroarch.aarch64
2026-08-02 15:04:41 PulseAutoTdp: TICK-SKIP overlayShouldShow=false autoActive=false quickAccessShouldShow=false autoTdpPackage=null boundPackage=com.retroarch.aarch64 lastForeground=com.retroarch.aarch64
2026-08-02 15:04:42 PulseDaemon: cap write via daemon (7 node(s))
2026-08-02 15:04:43 PulseAutoTdp: TICK-SKIP overlayShouldShow=false autoActive=false quickAccessShouldShow=false autoTdpPackage=null boundPackage=com.retroarch.aarch64 lastForeground=com.retroarch.aarch64
2026-08-02 15:04:44 PulseAutoTdp: TICK-SKIP overlayShouldShow=false autoActive=false quickAccessShouldShow=false autoTdpPackage=null boundPackage=com.retroarch.aarch64 lastForeground=com.retroarch.aarch64
2026-08-02 15:04:45 PulseDaemon: cap write via daemon (7 node(s))
2026-08-02 15:04:46 PulseAutoTdp: TICK-SKIP overlayShouldShow=false autoActive=false quickAccessShouldShow=false autoTdpPackage=null boundPackage=com.retroarch.aarch64 lastForeground=com.retroarch.aarch64
2026-08-02 15:04:47 PulseAutoTdp: TICK-SKIP overlayShouldShow=false autoActive=false quickAccessShouldShow=false autoTdpPackage=null boundPackage=com.retroarch.aarch64 lastForeground=com.retroarch.aarch64
2026-08-02 15:04:48 PulseDaemon: cap write via daemon (7 node(s))
2026-08-02 15:04:49 PulseAutoTdp: TICK-SKIP overlayShouldShow=false autoActive=false quickAccessShouldShow=false autoTdpPackage=null boundPackage=com.retroarch.aarch64 lastForeground=com.retroarch.aarch64
2026-08-02 15:04:50 PulseAutoTdp: TICK-SKIP overlayShouldShow=false autoActive=false quickAccessShouldShow=false autoTdpPackage=null boundPackage=com.retroarch.aarch64 lastForeground=com.retroarch.aarch64
2026-08-02 15:04:51 PulseDaemon: cap write via daemon (7 node(s))
2026-08-02 15:04:52 PulseAutoTdp: TICK-SKIP overlayShouldShow=false autoActive=false quickAccessShouldShow=false autoTdpPackage=null boundPackage=com.retroarch.aarch64 lastForeground=com.retroarch.aarch64
2026-08-02 15:04:53 PulseAutoTdp: TICK-SKIP overlayShouldShow=false autoActive=false quickAccessShouldShow=false autoTdpPackage=null boundPackage=com.retroarch.aarch64 lastForeground=com.retroarch.aarch64
2026-08-02 15:04:53 PulseDaemon: cap write via daemon (7 node(s))
2026-08-02 15:04:54 PulseAutoTdp: TICK-SKIP overlayShouldShow=false autoActive=false quickAccessShouldShow=false autoTdpPackage=null boundPackage=com.retroarch.aarch64 lastForeground=com.retroarch.aarch64
2026-08-02 15:04:56 PulseAutoTdp: TICK-SKIP overlayShouldShow=false autoActive=false quickAccessShouldShow=false autoTdpPackage=null boundPackage=com.retroarch.aarch64 lastForeground=com.retroarch.aarch64
2026-08-02 15:04:56 PulseDaemon: cap write via daemon (7 node(s))
2026-08-02 15:04:57 PulseAutoTdp: TICK-SKIP overlayShouldShow=false autoActive=false quickAccessShouldShow=false autoTdpPackage=null boundPackage=com.retroarch.aarch64 lastForeground=com.retroarch.aarch64
2026-08-02 15:04:59 PulseAutoTdp: TICK-SKIP overlayShouldShow=false autoActive=false quickAccessShouldShow=false autoTdpPackage=null boundPackage=com.retroarch.aarch64 lastForeground=com.retroarch.aarch64
2026-08-02 15:04:59 PulseDaemon: cap write via daemon (7 node(s))
2026-08-02 15:05:00 PulseAutoTdp: TICK-SKIP overlayShouldShow=false autoActive=false quickAccessShouldShow=false autoTdpPackage=null boundPackage=com.retroarch.aarch64 lastForeground=com.retroarch.aarch64
2026-08-02 15:05:02 PulseAutoTdp: TICK-SKIP overlayShouldShow=false autoActive=false quickAccessShouldShow=false autoTdpPackage=null boundPackage=com.retroarch.aarch64 lastForeground=com.retroarch.aarch64
2026-08-02 15:05:02 PulseDaemon: cap write via daemon (7 node(s))
2026-08-02 15:05:03 PulseAutoTdp: TICK-SKIP overlayShouldShow=false autoActive=false quickAccessShouldShow=false autoTdpPackage=null boundPackage=com.retroarch.aarch64 lastForeground=com.retroarch.aarch64
2026-08-02 15:05:05 PulseAutoTdp: TICK-SKIP overlayShouldShow=false autoActive=false quickAccessShouldShow=false autoTdpPackage=null boundPackage=com.retroarch.aarch64 lastForeground=com.retroarch.aarch64
2026-08-02 15:05:05 PulseDaemon: cap write via daemon (7 node(s))
2026-08-02 15:05:06 PulseAutoTdp: TICK-SKIP overlayShouldShow=false autoActive=false quickAccessShouldShow=false autoTdpPackage=null boundPackage=com.retroarch.aarch64 lastForeground=com.retroarch.aarch64
2026-08-02 15:05:07 PulseAutoTdp: TICK-SKIP overlayShouldShow=false autoActive=false quickAccessShouldShow=false autoTdpPackage=null boundPackage=com.retroarch.aarch64 lastForeground=com.retroarch.aarch64
2026-08-02 15:05:08 PulseDaemon: cap write via daemon (7 node(s))
2026-08-02 15:05:09 PulseAutoTdp: TICK-SKIP overlayShouldShow=false autoActive=false quickAccessShouldShow=false autoTdpPackage=null boundPackage=com.retroarch.aarch64 lastForeground=com.retroarch.aarch64
2026-08-02 15:05:10 PulseAutoTdp: TICK-SKIP overlayShouldShow=false autoActive=false quickAccessShouldShow=false autoTdpPackage=null boundPackage=com.retroarch.aarch64 lastForeground=com.retroarch.aarch64
2026-08-02 15:05:11 PulseDaemon: cap write via daemon (7 node(s))
2026-08-02 15:05:12 PulseAutoTdp: TICK-SKIP overlayShouldShow=false autoActive=false quickAccessShouldShow=false autoTdpPackage=null boundPackage=com.retroarch.aarch64 lastForeground=com.retroarch.aarch64
2026-08-02 15:05:13 PulseAutoTdp: TICK-SKIP overlayShouldShow=false autoActive=false quickAccessShouldShow=false autoTdpPackage=null boundPackage=com.retroarch.aarch64 lastForeground=com.retroarch.aarch64
2026-08-02 15:05:14 PulseDaemon: cap write via daemon (7 node(s))
2026-08-02 15:05:15 PulseAutoTdp: TICK-SKIP overlayShouldShow=false autoActive=false quickAccessShouldShow=false autoTdpPackage=null boundPackage=com.retroarch.aarch64 lastForeground=com.retroarch.aarch64
2026-08-02 15:05:16 PulseAutoTdp: TICK-SKIP overlayShouldShow=false autoActive=false quickAccessShouldShow=false autoTdpPackage=null boundPackage=com.retroarch.aarch64 lastForeground=com.retroarch.aarch64
2026-08-02 15:05:17 PulseDaemon: cap write via daemon (7 node(s))
2026-08-02 15:05:18 PulseAutoTdp: TICK-SKIP overlayShouldShow=false autoActive=false quickAccessShouldShow=false autoTdpPackage=null boundPackage=com.retroarch.aarch64 lastForeground=com.retroarch.aarch64
2026-08-02 15:05:19 PulseAutoTdp: TICK-SKIP overlayShouldShow=false autoActive=false quickAccessShouldShow=false autoTdpPackage=null boundPackage=com.retroarch.aarch64 lastForeground=com.retroarch.aarch64
2026-08-02 15:05:19 PulseDaemon: cap write via daemon (7 node(s))
2026-08-02 15:05:20 PulseAutoTdp: TICK-SKIP overlayShouldShow=false autoActive=false quickAccessShouldShow=false autoTdpPackage=null boundPackage=com.retroarch.aarch64 lastForeground=com.retroarch.aarch64
2026-08-02 15:05:22 PulseAutoTdp: TICK-SKIP overlayShouldShow=false autoActive=false quickAccessShouldShow=false autoTdpPackage=null boundPackage=com.retroarch.aarch64 lastForeground=com.retroarch.aarch64
2026-08-02 15:05:22 PulseDaemon: cap write via daemon (7 node(s))
2026-08-02 15:05:23 PulseAutoTdp: TICK-SKIP overlayShouldShow=false autoActive=false quickAccessShouldShow=false autoTdpPackage=null boundPackage=com.retroarch.aarch64 lastForeground=com.retroarch.aarch64
2026-08-02 15:05:25 PulseAutoTdp: TICK-SKIP overlayShouldShow=false autoActive=false quickAccessShouldShow=false autoTdpPackage=null boundPackage=com.retroarch.aarch64 lastForeground=com.retroarch.aarch64
2026-08-02 15:05:25 PulseDaemon: cap write via daemon (7 node(s))
2026-08-02 15:05:26 PulseAutoTdp: TICK-SKIP overlayShouldShow=false autoActive=false quickAccessShouldShow=false autoTdpPackage=null boundPackage=com.retroarch.aarch64 lastForeground=com.retroarch.aarch64
# ... 2 more identical lines elided (same content, only timestamp differs) ...
2026-08-02 15:05:30 PulseAutoTdp: TICK-SKIP overlayShouldShow=false autoActive=false quickAccessShouldShow=false autoTdpPackage=null boundPackage=com.retroarch.aarch64 lastForeground=com.retroarch.aarch64
2026-08-02 15:05:31 PulseDaemon: cap write via daemon (7 node(s))
2026-08-02 15:05:32 PulseAutoTdp: TICK-SKIP overlayShouldShow=false autoActive=false quickAccessShouldShow=false autoTdpPackage=null boundPackage=com.retroarch.aarch64 lastForeground=com.retroarch.aarch64
2026-08-02 15:05:33 PulseAutoTdp: TICK-SKIP overlayShouldShow=false autoActive=false quickAccessShouldShow=false autoTdpPackage=null boundPackage=com.retroarch.aarch64 lastForeground=com.retroarch.aarch64
2026-08-02 15:05:34 PulseDaemon: cap write via daemon (7 node(s))
2026-08-02 15:05:35 PulseAutoTdp: TICK-SKIP overlayShouldShow=false autoActive=false quickAccessShouldShow=false autoTdpPackage=null boundPackage=com.retroarch.aarch64 lastForeground=com.retroarch.aarch64
2026-08-02 15:05:36 PulseAutoTdp: TICK-SKIP overlayShouldShow=false autoActive=false quickAccessShouldShow=false autoTdpPackage=null boundPackage=com.retroarch.aarch64 lastForeground=com.retroarch.aarch64
2026-08-02 15:05:37 PulseDaemon: cap write via daemon (7 node(s))
2026-08-02 15:05:38 PulseAutoTdp: TICK-SKIP overlayShouldShow=false autoActive=false quickAccessShouldShow=false autoTdpPackage=null boundPackage=com.retroarch.aarch64 lastForeground=com.retroarch.aarch64
2026-08-02 15:05:39 PulseAutoTdp: TICK-SKIP overlayShouldShow=false autoActive=false quickAccessShouldShow=false autoTdpPackage=null boundPackage=com.retroarch.aarch64 lastForeground=com.retroarch.aarch64
2026-08-02 15:05:40 PulseDaemon: cap write via daemon (7 node(s))
2026-08-02 15:05:41 PulseAutoTdp: TICK-SKIP overlayShouldShow=false autoActive=false quickAccessShouldShow=false autoTdpPackage=null boundPackage=com.retroarch.aarch64 lastForeground=com.retroarch.aarch64
2026-08-02 15:05:42 PulseAutoTdp: TICK-SKIP overlayShouldShow=false autoActive=false quickAccessShouldShow=false autoTdpPackage=null boundPackage=com.retroarch.aarch64 lastForeground=com.retroarch.aarch64
2026-08-02 15:05:43 PulseDaemon: cap write via daemon (7 node(s))
2026-08-02 15:05:44 PulseAutoTdp: TICK-SKIP overlayShouldShow=false autoActive=false quickAccessShouldShow=false autoTdpPackage=null boundPackage=com.retroarch.aarch64 lastForeground=com.retroarch.aarch64
2026-08-02 15:05:45 PulseAutoTdp: TICK-SKIP overlayShouldShow=false autoActive=false quickAccessShouldShow=false autoTdpPackage=null boundPackage=com.retroarch.aarch64 lastForeground=com.retroarch.aarch64
2026-08-02 15:05:45 PulseDaemon: cap write via daemon (7 node(s))
2026-08-02 15:05:46 PulseAutoTdp: TICK-SKIP overlayShouldShow=false autoActive=false quickAccessShouldShow=false autoTdpPackage=null boundPackage=com.retroarch.aarch64 lastForeground=com.retroarch.aarch64
2026-08-02 15:05:48 PulseAutoTdp: TICK-SKIP overlayShouldShow=false autoActive=false quickAccessShouldShow=false autoTdpPackage=null boundPackage=com.retroarch.aarch64 lastForeground=com.retroarch.aarch64
2026-08-02 15:05:48 PulseDaemon: cap write via xsu fallback (7 node(s), ~1323 chars, chunked)
2026-08-02 15:05:50 PulseAutoTdp: TICK-SKIP overlayShouldShow=false autoActive=false quickAccessShouldShow=false autoTdpPackage=null boundPackage=com.retroarch.aarch64 lastForeground=com.retroarch.aarch64
2026-08-02 15:05:51 PulseAutoTdp: TICK-SKIP overlayShouldShow=false autoActive=false quickAccessShouldShow=false autoTdpPackage=null boundPackage=com.retroarch.aarch64 lastForeground=com.retroarch.aarch64
2026-08-02 15:05:52 PulseDaemon: cap write via daemon (7 node(s))
2026-08-02 15:05:53 PulseAutoTdp: TICK-SKIP overlayShouldShow=false autoActive=false quickAccessShouldShow=false autoTdpPackage=null boundPackage=com.retroarch.aarch64 lastForeground=com.retroarch.aarch64
2026-08-02 15:05:54 PulseAutoTdp: TICK-SKIP overlayShouldShow=false autoActive=false quickAccessShouldShow=false autoTdpPackage=null boundPackage=com.retroarch.aarch64 lastForeground=com.retroarch.aarch64
2026-08-02 15:05:54 PulseDaemon: cap write via daemon (7 node(s))
2026-08-02 15:05:56 PulseAutoTdp: TICK-SKIP overlayShouldShow=false autoActive=false quickAccessShouldShow=false autoTdpPackage=null boundPackage=com.retroarch.aarch64 lastForeground=com.retroarch.aarch64
2026-08-02 15:05:57 PulseAutoTdp: TICK-SKIP overlayShouldShow=false autoActive=false quickAccessShouldShow=false autoTdpPackage=null boundPackage=com.retroarch.aarch64 lastForeground=com.retroarch.aarch64
2026-08-02 15:05:57 PulseDaemon: cap write via daemon (7 node(s))
2026-08-02 15:05:58 PulseAutoTdp: TICK-SKIP overlayShouldShow=false autoActive=false quickAccessShouldShow=false autoTdpPackage=null boundPackage=com.retroarch.aarch64 lastForeground=com.retroarch.aarch64
2026-08-02 15:06:00 PulseAutoTdp: TICK-SKIP overlayShouldShow=false autoActive=false quickAccessShouldShow=false autoTdpPackage=null boundPackage=com.retroarch.aarch64 lastForeground=com.retroarch.aarch64
2026-08-02 15:06:00 PulseDaemon: cap write via daemon (7 node(s))
2026-08-02 15:06:01 PulseAutoTdp: TICK-SKIP overlayShouldShow=false autoActive=false quickAccessShouldShow=false autoTdpPackage=null boundPackage=com.retroarch.aarch64 lastForeground=com.retroarch.aarch64
2026-08-02 15:06:03 PulseAutoTdp: TICK-SKIP overlayShouldShow=false autoActive=false quickAccessShouldShow=false autoTdpPackage=null boundPackage=com.retroarch.aarch64 lastForeground=com.retroarch.aarch64
2026-08-02 15:06:03 PulseDaemon: cap write via daemon (7 node(s))
2026-08-02 15:06:04 PulseAutoTdp: TICK-SKIP overlayShouldShow=false autoActive=false quickAccessShouldShow=false autoTdpPackage=null boundPackage=com.retroarch.aarch64 lastForeground=com.retroarch.aarch64
2026-08-02 15:06:06 PulseAutoTdp: TICK-SKIP overlayShouldShow=false autoActive=false quickAccessShouldShow=false autoTdpPackage=null boundPackage=com.retroarch.aarch64 lastForeground=com.retroarch.aarch64
2026-08-02 15:06:06 PulseDaemon: cap write via daemon (7 node(s))
2026-08-02 15:06:07 PulseAutoTdp: TICK-SKIP overlayShouldShow=false autoActive=false quickAccessShouldShow=false autoTdpPackage=null boundPackage=com.retroarch.aarch64 lastForeground=com.retroarch.aarch64
2026-08-02 15:06:08 PulseAutoTdp: TICK-SKIP overlayShouldShow=false autoActive=false quickAccessShouldShow=false autoTdpPackage=null boundPackage=com.retroarch.aarch64 lastForeground=com.retroarch.aarch64
2026-08-02 15:06:09 PulseDaemon: cap write via daemon (7 node(s))
2026-08-02 15:06:10 PulseAutoTdp: TICK-SKIP overlayShouldShow=false autoActive=false quickAccessShouldShow=false autoTdpPackage=null boundPackage=com.retroarch.aarch64 lastForeground=com.retroarch.aarch64
2026-08-02 15:06:11 PulseAutoTdp: TICK-SKIP overlayShouldShow=false autoActive=false quickAccessShouldShow=false autoTdpPackage=null boundPackage=com.retroarch.aarch64 lastForeground=com.retroarch.aarch64
2026-08-02 15:06:12 PulseDaemon: cap write via daemon (7 node(s))
2026-08-02 15:06:13 PulseAutoTdp: TICK-SKIP overlayShouldShow=false autoActive=false quickAccessShouldShow=false autoTdpPackage=null boundPackage=com.retroarch.aarch64 lastForeground=com.retroarch.aarch64
2026-08-02 15:06:14 PulseAutoTdp: TICK-SKIP overlayShouldShow=false autoActive=false quickAccessShouldShow=false autoTdpPackage=null boundPackage=com.retroarch.aarch64 lastForeground=com.retroarch.aarch64
2026-08-02 15:06:15 PulseDaemon: cap write via daemon (7 node(s))
2026-08-02 15:06:16 PulseAutoTdp: TICK-SKIP overlayShouldShow=false autoActive=false quickAccessShouldShow=false autoTdpPackage=null boundPackage=com.retroarch.aarch64 lastForeground=com.retroarch.aarch64
2026-08-02 15:06:17 PulseAutoTdp: TICK-SKIP overlayShouldShow=false autoActive=false quickAccessShouldShow=false autoTdpPackage=null boundPackage=com.retroarch.aarch64 lastForeground=com.retroarch.aarch64
2026-08-02 15:06:18 PulseDaemon: cap write via daemon (7 node(s))
2026-08-02 15:06:19 PulseAutoTdp: TICK-SKIP overlayShouldShow=false autoActive=false quickAccessShouldShow=false autoTdpPackage=null boundPackage=com.retroarch.aarch64 lastForeground=com.retroarch.aarch64
2026-08-02 15:06:20 PulseAutoTdp: TICK-SKIP overlayShouldShow=false autoActive=false quickAccessShouldShow=false autoTdpPackage=null boundPackage=com.retroarch.aarch64 lastForeground=com.retroarch.aarch64
2026-08-02 15:06:20 PulseDaemon: cap write via daemon (7 node(s))
2026-08-02 15:06:21 PulseAutoTdp: TICK-SKIP overlayShouldShow=false autoActive=false quickAccessShouldShow=false autoTdpPackage=null boundPackage=com.retroarch.aarch64 lastForeground=com.retroarch.aarch64
2026-08-02 15:06:23 PulseAutoTdp: TICK-SKIP overlayShouldShow=false autoActive=false quickAccessShouldShow=false autoTdpPackage=null boundPackage=com.retroarch.aarch64 lastForeground=com.retroarch.aarch64
2026-08-02 15:06:23 PulseDaemon: cap write via daemon (7 node(s))
2026-08-02 15:06:24 PulseAutoTdp: TICK-SKIP overlayShouldShow=false autoActive=false quickAccessShouldShow=false autoTdpPackage=null boundPackage=com.retroarch.aarch64 lastForeground=com.retroarch.aarch64
2026-08-02 15:06:26 PulseAutoTdp: TICK-SKIP overlayShouldShow=false autoActive=false quickAccessShouldShow=false autoTdpPackage=null boundPackage=com.retroarch.aarch64 lastForeground=com.retroarch.aarch64
2026-08-02 15:06:26 PulseDaemon: cap write via daemon (7 node(s))
2026-08-02 15:06:27 PulseAutoTdp: TICK-SKIP overlayShouldShow=false autoActive=false quickAccessShouldShow=false autoTdpPackage=null boundPackage=com.retroarch.aarch64 lastForeground=com.retroarch.aarch64
2026-08-02 15:06:29 PulseAutoTdp: TICK-SKIP overlayShouldShow=false autoActive=false quickAccessShouldShow=false autoTdpPackage=null boundPackage=com.retroarch.aarch64 lastForeground=com.retroarch.aarch64
2026-08-02 15:06:29 PulseDaemon: cap write via daemon (7 node(s))
2026-08-02 15:06:30 PulseAutoTdp: TICK-SKIP overlayShouldShow=false autoActive=false quickAccessShouldShow=false autoTdpPackage=null boundPackage=com.retroarch.aarch64 lastForeground=com.retroarch.aarch64
2026-08-02 15:06:32 PulseAutoTdp: TICK-SKIP overlayShouldShow=false autoActive=false quickAccessShouldShow=false autoTdpPackage=null boundPackage=com.retroarch.aarch64 lastForeground=com.retroarch.aarch64
2026-08-02 15:06:32 PulseDaemon: cap write via daemon (7 node(s))
2026-08-02 15:06:33 PulseAutoTdp: TICK-SKIP overlayShouldShow=false autoActive=false quickAccessShouldShow=false autoTdpPackage=null boundPackage=com.retroarch.aarch64 lastForeground=com.retroarch.aarch64
2026-08-02 15:06:34 PulseAutoTdp: TICK-SKIP overlayShouldShow=false autoActive=false quickAccessShouldShow=false autoTdpPackage=null boundPackage=com.retroarch.aarch64 lastForeground=com.retroarch.aarch64
2026-08-02 15:06:35 PulseDaemon: cap write via daemon (7 node(s))
2026-08-02 15:06:36 PulseAutoTdp: TICK-SKIP overlayShouldShow=false autoActive=false quickAccessShouldShow=false autoTdpPackage=null boundPackage=com.retroarch.aarch64 lastForeground=com.retroarch.aarch64
2026-08-02 15:06:37 PulseAutoTdp: TICK-SKIP overlayShouldShow=false autoActive=false quickAccessShouldShow=false autoTdpPackage=null boundPackage=com.retroarch.aarch64 lastForeground=com.retroarch.aarch64
2026-08-02 15:06:38 PulseDaemon: cap write via daemon (7 node(s))
2026-08-02 15:06:39 PulseAutoTdp: TICK-SKIP overlayShouldShow=false autoActive=false quickAccessShouldShow=false autoTdpPackage=null boundPackage=com.retroarch.aarch64 lastForeground=com.retroarch.aarch64
2026-08-02 15:06:40 PulseAutoTdp: TICK-SKIP overlayShouldShow=false autoActive=false quickAccessShouldShow=false autoTdpPackage=null boundPackage=com.retroarch.aarch64 lastForeground=com.retroarch.aarch64
2026-08-02 15:06:41 PulseDaemon: cap write via daemon (7 node(s))
2026-08-02 15:06:42 PulseAutoTdp: TICK-SKIP overlayShouldShow=false autoActive=false quickAccessShouldShow=false autoTdpPackage=null boundPackage=com.retroarch.aarch64 lastForeground=com.retroarch.aarch64
2026-08-02 15:06:43 PulseAutoTdp: TICK-SKIP overlayShouldShow=false autoActive=false quickAccessShouldShow=false autoTdpPackage=null boundPackage=com.retroarch.aarch64 lastForeground=com.retroarch.aarch64
2026-08-02 15:06:44 PulseDaemon: cap write via daemon (7 node(s))
2026-08-02 15:06:45 PulseAutoTdp: TICK-SKIP overlayShouldShow=false autoActive=false quickAccessShouldShow=false autoTdpPackage=null boundPackage=com.retroarch.aarch64 lastForeground=com.retroarch.aarch64
2026-08-02 15:06:46 PulseAutoTdp: TICK-SKIP overlayShouldShow=false autoActive=false quickAccessShouldShow=false autoTdpPackage=null boundPackage=com.retroarch.aarch64 lastForeground=com.retroarch.aarch64
2026-08-02 15:06:47 PulseDaemon: cap write via daemon (7 node(s))
2026-08-02 15:06:48 PulseAutoTdp: TICK-SKIP overlayShouldShow=false autoActive=false quickAccessShouldShow=false autoTdpPackage=null boundPackage=com.retroarch.aarch64 lastForeground=com.retroarch.aarch64
2026-08-02 15:06:49 PulseAutoTdp: TICK-SKIP overlayShouldShow=false autoActive=false quickAccessShouldShow=false autoTdpPackage=null boundPackage=com.retroarch.aarch64 lastForeground=com.retroarch.aarch64
2026-08-02 15:06:49 PulseDaemon: cap write via daemon (7 node(s))
2026-08-02 15:06:50 PulseAutoTdp: TICK-SKIP overlayShouldShow=false autoActive=false quickAccessShouldShow=false autoTdpPackage=null boundPackage=com.retroarch.aarch64 lastForeground=com.retroarch.aarch64
2026-08-02 15:06:52 PulseAutoTdp: TICK-SKIP overlayShouldShow=false autoActive=false quickAccessShouldShow=false autoTdpPackage=null boundPackage=com.retroarch.aarch64 lastForeground=com.retroarch.aarch64
2026-08-02 15:06:52 PulseDaemon: cap write via daemon (7 node(s))
2026-08-02 15:06:53 PulseAutoTdp: TICK-SKIP overlayShouldShow=false autoActive=false quickAccessShouldShow=false autoTdpPackage=null boundPackage=com.retroarch.aarch64 lastForeground=com.retroarch.aarch64
2026-08-02 15:06:55 PulseAutoTdp: TICK-SKIP overlayShouldShow=false autoActive=false quickAccessShouldShow=false autoTdpPackage=null boundPackage=com.retroarch.aarch64 lastForeground=com.retroarch.aarch64
2026-08-02 15:06:55 PulseDaemon: cap write via daemon (7 node(s))
2026-08-02 15:06:56 PulseAutoTdp: TICK-SKIP overlayShouldShow=false autoActive=false quickAccessShouldShow=false autoTdpPackage=null boundPackage=com.retroarch.aarch64 lastForeground=com.retroarch.aarch64
2026-08-02 15:06:58 PulseAutoTdp: TICK-SKIP overlayShouldShow=false autoActive=false quickAccessShouldShow=false autoTdpPackage=null boundPackage=com.retroarch.aarch64 lastForeground=com.retroarch.aarch64
2026-08-02 15:06:58 PulseDaemon: cap write via daemon (7 node(s))
2026-08-02 15:06:59 PulseAutoTdp: TICK-SKIP overlayShouldShow=false autoActive=false quickAccessShouldShow=false autoTdpPackage=null boundPackage=com.retroarch.aarch64 lastForeground=com.retroarch.aarch64
2026-08-02 15:07:00 PulseAutoTdp: TICK-SKIP overlayShouldShow=false autoActive=false quickAccessShouldShow=false autoTdpPackage=null boundPackage=com.retroarch.aarch64 lastForeground=com.retroarch.aarch64
2026-08-02 15:07:01 PulseDaemon: cap write via daemon (7 node(s))
2026-08-02 15:07:02 PulseAutoTdp: TICK-SKIP overlayShouldShow=false autoActive=false quickAccessShouldShow=false autoTdpPackage=null boundPackage=com.retroarch.aarch64 lastForeground=com.retroarch.aarch64
2026-08-02 15:07:03 PulseAutoTdp: TICK-SKIP overlayShouldShow=false autoActive=false quickAccessShouldShow=false autoTdpPackage=null boundPackage=com.retroarch.aarch64 lastForeground=com.retroarch.aarch64
2026-08-02 15:07:04 PulseDaemon: cap write via daemon (7 node(s))
2026-08-02 15:07:05 PulseAutoTdp: TICK-SKIP overlayShouldShow=false autoActive=false quickAccessShouldShow=false autoTdpPackage=null boundPackage=com.retroarch.aarch64 lastForeground=com.retroarch.aarch64
2026-08-02 15:07:06 PulseAutoTdp: TICK-SKIP overlayShouldShow=false autoActive=false quickAccessShouldShow=false autoTdpPackage=null boundPackage=com.retroarch.aarch64 lastForeground=com.retroarch.aarch64
2026-08-02 15:07:07 PulseDaemon: cap write via daemon (7 node(s))
2026-08-02 15:07:08 PulseAutoTdp: TICK-SKIP overlayShouldShow=false autoActive=false quickAccessShouldShow=false autoTdpPackage=null boundPackage=com.retroarch.aarch64 lastForeground=com.retroarch.aarch64
2026-08-02 15:07:09 PulseAutoTdp: TICK-SKIP overlayShouldShow=false autoActive=false quickAccessShouldShow=false autoTdpPackage=null boundPackage=com.retroarch.aarch64 lastForeground=com.retroarch.aarch64
2026-08-02 15:07:10 PulseDaemon: cap write via daemon (7 node(s))
2026-08-02 15:07:11 PulseAutoTdp: TICK-SKIP overlayShouldShow=false autoActive=false quickAccessShouldShow=false autoTdpPackage=null boundPackage=com.retroarch.aarch64 lastForeground=com.retroarch.aarch64
2026-08-02 15:07:12 PulseAutoTdp: TICK-SKIP overlayShouldShow=false autoActive=false quickAccessShouldShow=false autoTdpPackage=null boundPackage=com.retroarch.aarch64 lastForeground=com.retroarch.aarch64
2026-08-02 15:07:12 PulseDaemon: cap write via daemon (7 node(s))
2026-08-02 15:07:14 PulseAutoTdp: TICK-SKIP overlayShouldShow=false autoActive=false quickAccessShouldShow=false autoTdpPackage=null boundPackage=com.retroarch.aarch64 lastForeground=com.retroarch.aarch64
2026-08-02 15:07:15 PulseAutoTdp: TICK-SKIP overlayShouldShow=false autoActive=false quickAccessShouldShow=false autoTdpPackage=null boundPackage=com.retroarch.aarch64 lastForeground=com.retroarch.aarch64
2026-08-02 15:07:15 PulseDaemon: cap write via daemon (7 node(s))
2026-08-02 15:07:16 PulseAutoTdp: TICK-SKIP overlayShouldShow=false autoActive=false quickAccessShouldShow=false autoTdpPackage=null boundPackage=com.retroarch.aarch64 lastForeground=com.retroarch.aarch64
2026-08-02 15:07:18 PulseAutoTdp: TICK-SKIP overlayShouldShow=false autoActive=false quickAccessShouldShow=false autoTdpPackage=null boundPackage=com.retroarch.aarch64 lastForeground=com.retroarch.aarch64
2026-08-02 15:07:18 PulseDaemon: cap write via daemon (7 node(s))
2026-08-02 15:07:19 PulseAutoTdp: TICK-SKIP overlayShouldShow=false autoActive=false quickAccessShouldShow=false autoTdpPackage=null boundPackage=com.retroarch.aarch64 lastForeground=com.retroarch.aarch64
2026-08-02 15:07:21 PulseAutoTdp: TICK-SKIP overlayShouldShow=false autoActive=false quickAccessShouldShow=false autoTdpPackage=null boundPackage=com.retroarch.aarch64 lastForeground=com.retroarch.aarch64
2026-08-02 15:07:21 PulseDaemon: cap write via daemon (7 node(s))
2026-08-02 15:07:22 PulseAutoTdp: TICK-SKIP overlayShouldShow=false autoActive=false quickAccessShouldShow=false autoTdpPackage=null boundPackage=com.retroarch.aarch64 lastForeground=com.retroarch.aarch64
2026-08-02 15:07:24 PulseAutoTdp: TICK-SKIP overlayShouldShow=false autoActive=false quickAccessShouldShow=false autoTdpPackage=null boundPackage=com.retroarch.aarch64 lastForeground=com.retroarch.aarch64
2026-08-02 15:07:24 PulseDaemon: cap write via daemon (7 node(s))
2026-08-02 15:07:25 PulseAutoTdp: TICK-SKIP overlayShouldShow=false autoActive=false quickAccessShouldShow=false autoTdpPackage=null boundPackage=com.retroarch.aarch64 lastForeground=com.retroarch.aarch64
2026-08-02 15:07:26 PulseAutoTdp: TICK-SKIP overlayShouldShow=false autoActive=false quickAccessShouldShow=false autoTdpPackage=null boundPackage=com.retroarch.aarch64 lastForeground=com.retroarch.aarch64
2026-08-02 15:07:27 PulseDaemon: cap write via daemon (7 node(s))
2026-08-02 15:07:28 PulseAutoTdp: TICK-SKIP overlayShouldShow=false autoActive=false quickAccessShouldShow=false autoTdpPackage=null boundPackage=com.retroarch.aarch64 lastForeground=com.retroarch.aarch64
2026-08-02 15:07:29 PulseAutoTdp: TICK-SKIP overlayShouldShow=false autoActive=false quickAccessShouldShow=false autoTdpPackage=null boundPackage=com.retroarch.aarch64 lastForeground=com.retroarch.aarch64
2026-08-02 15:07:30 PulseDaemon: cap write via daemon (7 node(s))
2026-08-02 15:07:31 PulseAutoTdp: TICK-SKIP overlayShouldShow=false autoActive=false quickAccessShouldShow=false autoTdpPackage=null boundPackage=com.retroarch.aarch64 lastForeground=com.retroarch.aarch64
2026-08-02 15:07:32 PulseAutoTdp: TICK-SKIP overlayShouldShow=false autoActive=false quickAccessShouldShow=false autoTdpPackage=null boundPackage=com.retroarch.aarch64 lastForeground=com.retroarch.aarch64
2026-08-02 15:07:33 PulseDaemon: cap write via daemon (7 node(s))
2026-08-02 15:07:34 PulseAutoTdp: TICK-SKIP overlayShouldShow=false autoActive=false quickAccessShouldShow=false autoTdpPackage=null boundPackage=com.retroarch.aarch64 lastForeground=com.retroarch.aarch64
2026-08-02 15:07:35 PulseAutoTdp: TICK-SKIP overlayShouldShow=false autoActive=false quickAccessShouldShow=false autoTdpPackage=null boundPackage=com.retroarch.aarch64 lastForeground=com.retroarch.aarch64
2026-08-02 15:07:36 PulseDaemon: cap write via daemon (7 node(s))
2026-08-02 15:07:37 PulseAutoTdp: TICK-SKIP overlayShouldShow=false autoActive=false quickAccessShouldShow=false autoTdpPackage=null boundPackage=com.retroarch.aarch64 lastForeground=com.retroarch.aarch64
2026-08-02 15:07:38 PulseAutoTdp: TICK-SKIP overlayShouldShow=false autoActive=false quickAccessShouldShow=false autoTdpPackage=null boundPackage=com.retroarch.aarch64 lastForeground=com.retroarch.aarch64
2026-08-02 15:07:39 PulseDaemon: cap write via daemon (7 node(s))
2026-08-02 15:07:40 PulseAutoTdp: TICK-SKIP overlayShouldShow=false autoActive=false quickAccessShouldShow=false autoTdpPackage=null boundPackage=com.retroarch.aarch64 lastForeground=com.retroarch.aarch64
2026-08-02 15:07:41 PulseAutoTdp: TICK-SKIP overlayShouldShow=false autoActive=false quickAccessShouldShow=false autoTdpPackage=null boundPackage=com.retroarch.aarch64 lastForeground=com.retroarch.aarch64
2026-08-02 15:07:41 PulseDaemon: cap write via daemon (7 node(s))
2026-08-02 15:07:42 PulseAutoTdp: TICK-SKIP overlayShouldShow=false autoActive=false quickAccessShouldShow=false autoTdpPackage=null boundPackage=com.retroarch.aarch64 lastForeground=com.retroarch.aarch64
2026-08-02 15:07:44 PulseAutoTdp: TICK-SKIP overlayShouldShow=false autoActive=false quickAccessShouldShow=false autoTdpPackage=null boundPackage=com.retroarch.aarch64 lastForeground=com.retroarch.aarch64
2026-08-02 15:07:44 PulseDaemon: cap write via xsu fallback (7 node(s), ~1323 chars, chunked)
2026-08-02 15:07:46 PulseAutoTdp: TICK-SKIP overlayShouldShow=false autoActive=false quickAccessShouldShow=false autoTdpPackage=null boundPackage=com.retroarch.aarch64 lastForeground=com.retroarch.aarch64
2026-08-02 15:07:47 PulseAutoTdp: TICK-SKIP overlayShouldShow=false autoActive=false quickAccessShouldShow=false autoTdpPackage=null boundPackage=com.retroarch.aarch64 lastForeground=com.retroarch.aarch64
2026-08-02 15:07:48 PulseDaemon: cap write via daemon (7 node(s))
2026-08-02 15:07:49 PulseAutoTdp: TICK-SKIP overlayShouldShow=false autoActive=false quickAccessShouldShow=false autoTdpPackage=null boundPackage=com.retroarch.aarch64 lastForeground=com.retroarch.aarch64
2026-08-02 15:07:50 PulseAutoTdp: TICK-SKIP overlayShouldShow=false autoActive=false quickAccessShouldShow=false autoTdpPackage=null boundPackage=com.retroarch.aarch64 lastForeground=com.retroarch.aarch64
2026-08-02 15:07:51 PulseDaemon: cap write via daemon (7 node(s))
2026-08-02 15:07:52 PulseAutoTdp: TICK-SKIP overlayShouldShow=false autoActive=false quickAccessShouldShow=false autoTdpPackage=null boundPackage=com.retroarch.aarch64 lastForeground=com.retroarch.aarch64
2026-08-02 15:07:53 PulseAutoTdp: TICK-SKIP overlayShouldShow=false autoActive=false quickAccessShouldShow=false autoTdpPackage=null boundPackage=com.retroarch.aarch64 lastForeground=com.retroarch.aarch64
2026-08-02 15:07:53 PulseDaemon: cap write via daemon (7 node(s))
2026-08-02 15:07:55 PulseAutoTdp: TICK-SKIP overlayShouldShow=false autoActive=false quickAccessShouldShow=false autoTdpPackage=null boundPackage=com.retroarch.aarch64 lastForeground=com.retroarch.aarch64
2026-08-02 15:07:56 PulseAutoTdp: TICK-SKIP overlayShouldShow=false autoActive=false quickAccessShouldShow=false autoTdpPackage=null boundPackage=com.retroarch.aarch64 lastForeground=com.retroarch.aarch64
2026-08-02 15:07:56 PulseDaemon: cap write via daemon (7 node(s))
2026-08-02 15:07:57 PulseAutoTdp: TICK-SKIP overlayShouldShow=false autoActive=false quickAccessShouldShow=false autoTdpPackage=null boundPackage=com.retroarch.aarch64 lastForeground=com.retroarch.aarch64
2026-08-02 15:07:59 PulseAutoTdp: TICK-SKIP overlayShouldShow=false autoActive=false quickAccessShouldShow=false autoTdpPackage=null boundPackage=com.retroarch.aarch64 lastForeground=com.retroarch.aarch64
2026-08-02 15:07:59 PulseDaemon: cap write via daemon (7 node(s))
2026-08-02 15:08:00 PulseAutoTdp: TICK-SKIP overlayShouldShow=false autoActive=false quickAccessShouldShow=false autoTdpPackage=null boundPackage=com.retroarch.aarch64 lastForeground=com.retroarch.aarch64
2026-08-02 15:08:02 PulseAutoTdp: TICK-SKIP overlayShouldShow=false autoActive=false quickAccessShouldShow=false autoTdpPackage=null boundPackage=com.retroarch.aarch64 lastForeground=com.retroarch.aarch64
2026-08-02 15:08:02 PulseDaemon: cap write via daemon (7 node(s))
2026-08-02 15:08:03 PulseAutoTdp: TICK-SKIP overlayShouldShow=false autoActive=false quickAccessShouldShow=false autoTdpPackage=null boundPackage=com.retroarch.aarch64 lastForeground=com.retroarch.aarch64
2026-08-02 15:08:04 PulseAutoTdp: TICK-SKIP overlayShouldShow=false autoActive=false quickAccessShouldShow=false autoTdpPackage=null boundPackage=com.retroarch.aarch64 lastForeground=com.retroarch.aarch64
2026-08-02 15:08:05 PulseDaemon: cap write via daemon (7 node(s))
2026-08-02 15:08:06 PulseAutoTdp: TICK-SKIP overlayShouldShow=false autoActive=false quickAccessShouldShow=false autoTdpPackage=null boundPackage=com.retroarch.aarch64 lastForeground=com.retroarch.aarch64
2026-08-02 15:08:07 PulseAutoTdp: TICK-SKIP overlayShouldShow=false autoActive=false quickAccessShouldShow=false autoTdpPackage=null boundPackage=com.retroarch.aarch64 lastForeground=com.retroarch.aarch64
2026-08-02 15:08:08 PulseDaemon: cap write via daemon (7 node(s))
2026-08-02 15:08:09 PulseAutoTdp: TICK-SKIP overlayShouldShow=false autoActive=false quickAccessShouldShow=false autoTdpPackage=null boundPackage=com.retroarch.aarch64 lastForeground=com.retroarch.aarch64
2026-08-02 15:08:10 PulseAutoTdp: TICK-SKIP overlayShouldShow=false autoActive=false quickAccessShouldShow=false autoTdpPackage=null boundPackage=com.retroarch.aarch64 lastForeground=com.retroarch.aarch64
2026-08-02 15:08:11 PulseDaemon: cap write via daemon (7 node(s))
2026-08-02 15:08:12 PulseAutoTdp: TICK-SKIP overlayShouldShow=false autoActive=false quickAccessShouldShow=false autoTdpPackage=null boundPackage=com.retroarch.aarch64 lastForeground=com.retroarch.aarch64
2026-08-02 15:08:13 PulseAutoTdp: TICK-SKIP overlayShouldShow=false autoActive=false quickAccessShouldShow=false autoTdpPackage=null boundPackage=com.retroarch.aarch64 lastForeground=com.retroarch.aarch64
2026-08-02 15:08:14 PulseDaemon: cap write via daemon (7 node(s))
2026-08-02 15:08:15 PulseAutoTdp: TICK-SKIP overlayShouldShow=false autoActive=false quickAccessShouldShow=false autoTdpPackage=null boundPackage=com.retroarch.aarch64 lastForeground=com.retroarch.aarch64
2026-08-02 15:08:16 PulseAutoTdp: TICK-SKIP overlayShouldShow=false autoActive=false quickAccessShouldShow=false autoTdpPackage=null boundPackage=com.retroarch.aarch64 lastForeground=com.retroarch.aarch64
2026-08-02 15:08:17 PulseDaemon: cap write via daemon (7 node(s))
2026-08-02 15:08:18 PulseAutoTdp: TICK-SKIP overlayShouldShow=false autoActive=false quickAccessShouldShow=false autoTdpPackage=null boundPackage=com.retroarch.aarch64 lastForeground=com.retroarch.aarch64
2026-08-02 15:08:19 PulseAutoTdp: TICK-SKIP overlayShouldShow=false autoActive=false quickAccessShouldShow=false autoTdpPackage=null boundPackage=com.retroarch.aarch64 lastForeground=com.retroarch.aarch64
2026-08-02 15:08:19 PulseDaemon: cap write via daemon (7 node(s))
2026-08-02 15:08:20 PulseAutoTdp: TICK-SKIP overlayShouldShow=false autoActive=false quickAccessShouldShow=false autoTdpPackage=null boundPackage=com.retroarch.aarch64 lastForeground=com.retroarch.aarch64
2026-08-02 15:08:22 PulseAutoTdp: TICK-SKIP overlayShouldShow=false autoActive=false quickAccessShouldShow=false autoTdpPackage=null boundPackage=com.retroarch.aarch64 lastForeground=com.retroarch.aarch64
2026-08-02 15:08:22 PulseDaemon: cap write via daemon (7 node(s))
2026-08-02 15:08:23 PulseAutoTdp: TICK-SKIP overlayShouldShow=false autoActive=false quickAccessShouldShow=false autoTdpPackage=null boundPackage=com.retroarch.aarch64 lastForeground=com.retroarch.aarch64
2026-08-02 15:08:25 PulseDaemon: cap write via daemon (10 node(s))
2026-08-02 15:08:27 PulseAutoTdp: TICK-SKIP overlayShouldShow=false autoActive=false quickAccessShouldShow=false autoTdpPackage=null boundPackage=null lastForeground=com.android.launcher3
2026-08-02 15:08:27 PulseFan: arbiter=RunCustomLoop auto=false bound=null managed=6 latched=false
2026-08-02 15:08:27 PulseDaemon: telemetry read via daemon (16 path(s))
2026-08-02 15:08:27 PulseFan: CUSTOM idle → vendor Smart (target=20 floor=20 temp=41 idle=1)
2026-08-02 15:08:28 PulseAutoTdp: TICK-SKIP overlayShouldShow=false autoActive=false quickAccessShouldShow=false autoTdpPackage=null boundPackage=null lastForeground=com.android.launcher3
2026-08-02 15:08:28 PulseFan: arbiter=RunCustomLoop auto=false bound=null managed=6 latched=false
2026-08-02 15:08:28 PulseDaemon: telemetry read via daemon (16 path(s))
2026-08-02 15:08:28 PulseFan: CUSTOM idle → vendor Smart (target=20 floor=20 temp=40 idle=2)
2026-08-02 15:08:32 PulseDaemon: cap write via daemon (3 node(s))
2026-08-02 15:08:32 PulseDaemon: cap write via daemon (10 node(s))
2026-08-02 15:08:32 PulseDaemon: cap write via daemon (7 node(s))
2026-08-02 15:08:33 PulseDaemon: engage governor via daemon (schedutil)
2026-08-02 15:08:33 PulseDaemon: telemetry read via daemon (16 path(s))
2026-08-02 15:08:33 PulseAutoTdp: AUTOTDP-SESSION tgt=90 bias=EFFICIENT wattCap=0 policies=0:2265600:0,1;2:3148800:2,3,4;5:2956800:5,6;7:3052800:7;-100:1050000:
2026-08-02 15:08:34 PulseAutoTdp: tgt=90 fps=- jank=0 tail=-ms act=HOLD bn=- cpuB=20 cpuPk=49 primePk=19 io=0 gpuB=20 gpuL=4 capped=0 prk=0 stl=0 draw=3.46W cT=39 gT=36 caps%[0:100,2:90,5:100,7:100,-100:65] curMHz[0:2265,2:844,5:2246,7:480] mn/mx[0:364/2265,2:499/2841,5:499/2956,7:480/3052] gpu=231 gcap=680[6/13] lrn=100
2026-08-02 15:08:34 PulseDaemon: cap write via daemon (2 node(s))
2026-08-02 15:08:34 PulseDaemon: cap write via daemon (2 node(s))
2026-08-02 15:08:34 PulseFan: arbiter=RunCustomLoop auto=true bound=null managed=6 latched=false
2026-08-02 15:08:34 PulseDaemon: telemetry read via daemon (1 path(s))
# ... 6 more identical lines elided (same content, only timestamp differs) ...
2026-08-02 15:08:35 PulseDaemon: telemetry read via daemon (1 path(s))
2026-08-02 15:08:35 PulseDaemon: telemetry read via daemon (16 path(s))
2026-08-02 15:08:35 PulseDaemon: telemetry read via daemon (1 path(s))
2026-08-02 15:08:35 PulseFan: arbiter=RunCustomLoop auto=true bound=null managed=6 latched=false
2026-08-02 15:08:35 PulseFan: CUSTOM fan running (autoTdp=true smart=true temp=40 applied=20% target=20)
2026-08-02 15:08:36 PulseDaemon: telemetry read via xsu fallback (1 path(s))
2026-08-02 15:08:36 PulseDaemon: telemetry read via xsu fallback (1 path(s))
2026-08-02 15:08:37 PulseDaemon: telemetry read via daemon (16 path(s))
2026-08-02 15:08:37 PulseDaemon: telemetry read via daemon (1 path(s))
2026-08-02 15:08:37 PulseDaemon: cap write via daemon (7 node(s))
2026-08-02 15:08:37 PulseAutoTdp: tgt=90 fps=80.9 jank=3 tail=33ms act=RAISE bn=- cpuB=19 cpuPk=60 primePk=21 io=0 gpuB=27 gpuL=5 capped=0 prk=0 stl=0 draw=3.98W cT=41 gT=37 caps%[0:100,2:90,5:100,7:100,-100:70] curMHz[0:1689,2:844,5:1612,7:480] gpu=231 gcap=680[6/13] lrn=100
2026-08-02 15:08:37 PulseDaemon: cap write via daemon (2 node(s))
2026-08-02 15:08:37 PulseDaemon: cap write via daemon (2 node(s))
2026-08-02 15:08:37 PulseFan: arbiter=RunCustomLoop auto=true bound=null managed=6 latched=false
2026-08-02 15:08:37 PulseFan: CUSTOM fan running (autoTdp=true smart=true temp=40 applied=20% target=20)
2026-08-02 15:08:38 PulseDaemon: telemetry read via xsu fallback (1 path(s))
2026-08-02 15:08:38 PulseDaemon: telemetry read via xsu fallback (1 path(s))
2026-08-02 15:08:38 PulseDaemon: telemetry read via daemon (16 path(s))
2026-08-02 15:08:38 PulseDaemon: telemetry read via daemon (1 path(s))
2026-08-02 15:08:38 PulseFan: arbiter=RunCustomLoop auto=true bound=null managed=6 latched=false
2026-08-02 15:08:38 PulseFan: CUSTOM fan running (autoTdp=true smart=true temp=40 applied=20% target=20)
2026-08-02 15:08:39 PulseDaemon: telemetry read via xsu fallback (1 path(s))
2026-08-02 15:08:39 PulseDaemon: telemetry read via daemon (1 path(s))
2026-08-02 15:08:40 PulseDaemon: telemetry read via daemon (16 path(s))
2026-08-02 15:08:40 PulseDaemon: telemetry read via daemon (1 path(s))
2026-08-02 15:08:40 PulseDaemon: cap write via daemon (7 node(s))
2026-08-02 15:08:40 PulseAutoTdp: tgt=90 fps=60.9 jank=0 tail=22ms act=TRIM bn=- cpuB=12 cpuPk=51 primePk=18 io=0 gpuB=25 gpuL=5 capped=0 prk=0 stl=0 draw=2.96W cT=39 gT=36 caps%[0:100,2:90,5:100,7:100,-100:65] curMHz[0:1459,2:499,5:1286,7:480] gpu=231 gcap=720[5/13] lrn=100
2026-08-02 15:08:40 PulseDaemon: cap write via daemon (2 node(s))
2026-08-02 15:08:40 PulseDaemon: cap write via daemon (2 node(s))
2026-08-02 15:08:40 PulseFan: arbiter=RunCustomLoop auto=true bound=null managed=6 latched=false
2026-08-02 15:08:40 PulseFan: CUSTOM fan running (autoTdp=true smart=true temp=39 applied=20% target=20)
2026-08-02 15:08:41 PulseDaemon: telemetry read via xsu fallback (1 path(s))
2026-08-02 15:08:41 PulseDaemon: telemetry read via daemon (1 path(s))
# ... 1 more identical lines elided (same content, only timestamp differs) ...
2026-08-02 15:08:41 PulseDaemon: telemetry read via daemon (1 path(s))
2026-08-02 15:08:41 PulseDaemon: telemetry read via daemon (16 path(s))
2026-08-02 15:08:41 PulseDaemon: telemetry read via daemon (1 path(s))
2026-08-02 15:08:41 PulseFan: arbiter=RunCustomLoop auto=true bound=null managed=6 latched=false
2026-08-02 15:08:41 PulseFan: CUSTOM fan running (autoTdp=true smart=true temp=40 applied=20% target=20)
2026-08-02 15:08:42 PulseDaemon: telemetry read via xsu fallback (1 path(s))
2026-08-02 15:08:42 PulseDaemon: telemetry read via daemon (1 path(s))
# ... 4 more identical lines elided (same content, only timestamp differs) ...
2026-08-02 15:08:42 PulseDaemon: telemetry read via daemon (1 path(s))
2026-08-02 15:08:43 PulseDaemon: telemetry read via daemon (16 path(s))
2026-08-02 15:08:43 PulseDaemon: telemetry read via daemon (1 path(s))
2026-08-02 15:08:43 PulseDaemon: cap write via daemon (7 node(s))
2026-08-02 15:08:43 PulseAutoTdp: tgt=90 fps=60.3 jank=1 tail=33ms act=RAISE bn=- cpuB=24 cpuPk=52 primePk=19 io=0 gpuB=25 gpuL=5 capped=0 prk=0 stl=0 draw=5.43W cT=41 gT=37 caps%[0:100,2:90,5:100,7:100,-100:70] curMHz[0:2265,2:2188,5:2131,7:480] gpu=231 gcap=680[6/13] lrn=100
2026-08-02 15:08:43 PulseDaemon: cap write via daemon (2 node(s))
2026-08-02 15:08:43 PulseDaemon: cap write via daemon (2 node(s))
2026-08-02 15:08:43 PulseFan: arbiter=RunCustomLoop auto=true bound=null managed=6 latched=false
2026-08-02 15:08:43 PulseFan: CUSTOM fan running (autoTdp=true smart=true temp=40 applied=20% target=20)
2026-08-02 15:08:44 PulseDaemon: telemetry read via xsu fallback (1 path(s))
2026-08-02 15:08:44 PulseDaemon: telemetry read via daemon (1 path(s))
2026-08-02 15:08:44 PulseDaemon: telemetry read via daemon (16 path(s))
2026-08-02 15:08:44 PulseDaemon: telemetry read via daemon (1 path(s))
2026-08-02 15:08:44 PulseFan: arbiter=RunCustomLoop auto=true bound=null managed=6 latched=false
2026-08-02 15:08:45 PulseFan: CUSTOM fan running (autoTdp=true smart=true temp=40 applied=20% target=20)
2026-08-02 15:08:45 PulseDaemon: telemetry read via xsu fallback (1 path(s))
2026-08-02 15:08:46 PulseDaemon: telemetry read via daemon (1 path(s))
2026-08-02 15:08:46 PulseDaemon: telemetry read via daemon (1 path(s))
2026-08-02 15:08:46 PulseDaemon: cap write via daemon (3 node(s))
2026-08-02 15:08:46 PulseDaemon: cap write via daemon (10 node(s))
2026-08-02 15:08:46 PulseDaemon: telemetry read via daemon (1 path(s))
# ... 10 more identical lines elided (same content, only timestamp differs) ...
2026-08-02 15:08:48 PulseDaemon: telemetry read via daemon (1 path(s))
2026-08-02 15:08:48 PulseAutoTdp: TICK-SKIP overlayShouldShow=false autoActive=false quickAccessShouldShow=false autoTdpPackage=null boundPackage=null lastForeground=com.android.launcher3
2026-08-02 15:08:48 PulseFan: arbiter=RunCustomLoop auto=false bound=null managed=6 latched=false
2026-08-02 15:08:48 PulseDaemon: telemetry read via daemon (16 path(s))
2026-08-02 15:08:48 PulseDaemon: telemetry read via daemon (1 path(s))
2026-08-02 15:08:49 PulseAutoTdp: TICK-SKIP overlayShouldShow=false autoActive=false quickAccessShouldShow=false autoTdpPackage=null boundPackage=null lastForeground=com.android.launcher3
2026-08-02 15:08:49 PulseFan: arbiter=RunCustomLoop auto=false bound=null managed=6 latched=false
2026-08-02 15:08:49 PulseDaemon: telemetry read via daemon (16 path(s))
2026-08-02 15:08:49 PulseFan: CUSTOM idle → vendor Smart (target=20 floor=20 temp=47 idle=1)
2026-08-02 15:08:53 PulseDaemon: cap write via daemon (3 node(s))
2026-08-02 15:08:53 PulseDaemon: cap write via daemon (10 node(s))
2026-08-02 15:08:53 PulseDaemon: cap write via daemon (7 node(s))
2026-08-02 15:08:54 PulseDaemon: engage governor via daemon (schedutil)
2026-08-02 15:08:54 PulseDaemon: telemetry read via daemon (16 path(s))
2026-08-02 15:08:54 PulseAutoTdp: AUTOTDP-SESSION tgt=90 bias=EFFICIENT wattCap=0 policies=0:2265600:0,1;2:3148800:2,3,4;5:2956800:5,6;7:3052800:7;-100:1050000:
2026-08-02 15:08:55 PulseAutoTdp: tgt=90 fps=- jank=0 tail=-ms act=HOLD bn=- cpuB=25 cpuPk=48 primePk=33 io=0 gpuB=24 gpuL=5 capped=0 prk=0 stl=0 draw=5.37W cT=44 gT=39 caps%[0:100,2:90,5:100,7:100,-100:70] curMHz[0:2150,2:2630,5:1612,7:480] mn/mx[0:364/2265,2:499/2841,5:499/2956,7:480/3052] gpu=231 gcap=720[5/13] lrn=100
2026-08-02 15:08:55 PulseDaemon: cap write via daemon (2 node(s))
2026-08-02 15:08:55 PulseDaemon: cap write via daemon (2 node(s))
2026-08-02 15:08:56 PulseDaemon: telemetry read via xsu fallback (1 path(s))
2026-08-02 15:08:56 PulseDaemon: telemetry read via daemon (1 path(s))
2026-08-02 15:08:56 PulseDaemon: telemetry read via daemon (16 path(s))
2026-08-02 15:08:56 PulseDaemon: telemetry read via daemon (1 path(s))
2026-08-02 15:08:56 PulseFan: arbiter=RunCustomLoop auto=true bound=null managed=6 latched=false
2026-08-02 15:08:56 PulseFan: CUSTOM fan running (autoTdp=true smart=true temp=52 applied=20% target=20)
2026-08-02 15:08:57 PulseDaemon: telemetry read via daemon (1 path(s))
# ... 6 more identical lines elided (same content, only timestamp differs) ...
2026-08-02 15:08:58 PulseDaemon: telemetry read via daemon (1 path(s))
2026-08-02 15:08:58 PulseDaemon: telemetry read via xsu fallback (1 path(s))
2026-08-02 15:08:59 PulseDaemon: telemetry read via xsu fallback (1 path(s))
2026-08-02 15:08:59 PulseDaemon: telemetry read via daemon (1 path(s))
# ... 6 more identical lines elided (same content, only timestamp differs) ...
2026-08-02 15:09:00 PulseDaemon: telemetry read via daemon (1 path(s))
2026-08-02 15:09:00 PulseAutoTdp: TICK-SKIP overlayShouldShow=false autoActive=false quickAccessShouldShow=false autoTdpPackage=null boundPackage=com.miHoYo.Yuanshen lastForeground=com.miHoYo.Yuanshen
2026-08-02 15:09:00 PulseDaemon: telemetry read via daemon (1 path(s))
# ... 1 more identical lines elided (same content, only timestamp differs) ...
2026-08-02 15:09:01 PulseDaemon: telemetry read via daemon (1 path(s))
2026-08-02 15:09:01 PulseFan: arbiter=None auto=false bound=4 managed=6 latched=false
2026-08-02 15:09:01 PulseDaemon: cap write via daemon (5 node(s))
2026-08-02 15:09:02 PulseAutoTdp: TICK-SKIP overlayShouldShow=false autoActive=false quickAccessShouldShow=false autoTdpPackage=null boundPackage=com.miHoYo.Yuanshen lastForeground=com.miHoYo.Yuanshen
2026-08-02 15:09:03 PulseAutoTdp: TICK-SKIP overlayShouldShow=false autoActive=false quickAccessShouldShow=false autoTdpPackage=null boundPackage=com.miHoYo.Yuanshen lastForeground=com.miHoYo.Yuanshen
2026-08-02 15:09:04 PulseDaemon: cap write via daemon (5 node(s))
2026-08-02 15:09:05 PulseAutoTdp: TICK-SKIP overlayShouldShow=false autoActive=false quickAccessShouldShow=false autoTdpPackage=null boundPackage=com.miHoYo.Yuanshen lastForeground=com.miHoYo.Yuanshen
2026-08-02 15:09:06 PulseAutoTdp: TICK-SKIP overlayShouldShow=false autoActive=false quickAccessShouldShow=false autoTdpPackage=null boundPackage=com.miHoYo.Yuanshen lastForeground=com.miHoYo.Yuanshen
2026-08-02 15:09:06 PulseDaemon: cap write via daemon (5 node(s))
2026-08-02 15:09:07 PulseAutoTdp: TICK-SKIP overlayShouldShow=false autoActive=false quickAccessShouldShow=false autoTdpPackage=null boundPackage=com.miHoYo.Yuanshen lastForeground=com.miHoYo.Yuanshen
2026-08-02 15:09:09 PulseAutoTdp: TICK-SKIP overlayShouldShow=false autoActive=false quickAccessShouldShow=false autoTdpPackage=null boundPackage=com.miHoYo.Yuanshen lastForeground=com.miHoYo.Yuanshen
2026-08-02 15:09:09 PulseDaemon: cap write via daemon (5 node(s))
2026-08-02 15:09:10 PulseAutoTdp: TICK-SKIP overlayShouldShow=false autoActive=false quickAccessShouldShow=false autoTdpPackage=null boundPackage=com.miHoYo.Yuanshen lastForeground=com.miHoYo.Yuanshen
2026-08-02 15:09:12 PulseAutoTdp: TICK-SKIP overlayShouldShow=false autoActive=false quickAccessShouldShow=false autoTdpPackage=null boundPackage=com.miHoYo.Yuanshen lastForeground=com.miHoYo.Yuanshen
2026-08-02 15:09:12 PulseDaemon: cap write via daemon (5 node(s))
2026-08-02 15:09:13 PulseAutoTdp: TICK-SKIP overlayShouldShow=false autoActive=false quickAccessShouldShow=false autoTdpPackage=null boundPackage=com.miHoYo.Yuanshen lastForeground=com.miHoYo.Yuanshen
2026-08-02 15:09:14 PulseAutoTdp: TICK-SKIP overlayShouldShow=false autoActive=false quickAccessShouldShow=false autoTdpPackage=null boundPackage=com.miHoYo.Yuanshen lastForeground=com.miHoYo.Yuanshen
2026-08-02 15:09:15 PulseDaemon: cap write via daemon (5 node(s))
2026-08-02 15:09:16 PulseAutoTdp: TICK-SKIP overlayShouldShow=false autoActive=false quickAccessShouldShow=false autoTdpPackage=null boundPackage=com.miHoYo.Yuanshen lastForeground=com.miHoYo.Yuanshen
2026-08-02 15:09:17 PulseAutoTdp: TICK-SKIP overlayShouldShow=false autoActive=false quickAccessShouldShow=false autoTdpPackage=null boundPackage=com.miHoYo.Yuanshen lastForeground=com.miHoYo.Yuanshen
2026-08-02 15:09:18 PulseDaemon: cap write via daemon (5 node(s))
2026-08-02 15:09:19 PulseAutoTdp: TICK-SKIP overlayShouldShow=false autoActive=false quickAccessShouldShow=false autoTdpPackage=null boundPackage=com.miHoYo.Yuanshen lastForeground=com.miHoYo.Yuanshen
2026-08-02 15:09:20 PulseAutoTdp: TICK-SKIP overlayShouldShow=false autoActive=false quickAccessShouldShow=false autoTdpPackage=null boundPackage=com.miHoYo.Yuanshen lastForeground=com.miHoYo.Yuanshen
2026-08-02 15:09:20 PulseDaemon: cap write via daemon (5 node(s))
2026-08-02 15:09:21 PulseAutoTdp: TICK-SKIP overlayShouldShow=false autoActive=false quickAccessShouldShow=false autoTdpPackage=null boundPackage=com.miHoYo.Yuanshen lastForeground=com.miHoYo.Yuanshen
2026-08-02 15:09:23 PulseAutoTdp: TICK-SKIP overlayShouldShow=false autoActive=false quickAccessShouldShow=false autoTdpPackage=null boundPackage=com.miHoYo.Yuanshen lastForeground=com.miHoYo.Yuanshen
2026-08-02 15:09:23 PulseDaemon: cap write via daemon (5 node(s))
2026-08-02 15:09:24 PulseAutoTdp: TICK-SKIP overlayShouldShow=false autoActive=false quickAccessShouldShow=false autoTdpPackage=null boundPackage=com.miHoYo.Yuanshen lastForeground=com.miHoYo.Yuanshen
2026-08-02 15:09:26 PulseAutoTdp: TICK-SKIP overlayShouldShow=false autoActive=false quickAccessShouldShow=false autoTdpPackage=null boundPackage=com.miHoYo.Yuanshen lastForeground=com.miHoYo.Yuanshen
2026-08-02 15:09:26 PulseDaemon: cap write via daemon (5 node(s))
2026-08-02 15:09:27 PulseAutoTdp: TICK-SKIP overlayShouldShow=false autoActive=false quickAccessShouldShow=false autoTdpPackage=null boundPackage=com.miHoYo.Yuanshen lastForeground=com.miHoYo.Yuanshen
2026-08-02 15:09:28 PulseAutoTdp: TICK-SKIP overlayShouldShow=false autoActive=false quickAccessShouldShow=false autoTdpPackage=null boundPackage=com.miHoYo.Yuanshen lastForeground=com.miHoYo.Yuanshen
2026-08-02 15:09:29 PulseDaemon: cap write via daemon (5 node(s))
2026-08-02 15:09:30 PulseAutoTdp: TICK-SKIP overlayShouldShow=false autoActive=false quickAccessShouldShow=false autoTdpPackage=null boundPackage=com.miHoYo.Yuanshen lastForeground=com.miHoYo.Yuanshen
2026-08-02 15:09:31 PulseAutoTdp: TICK-SKIP overlayShouldShow=false autoActive=false quickAccessShouldShow=false autoTdpPackage=null boundPackage=com.miHoYo.Yuanshen lastForeground=com.miHoYo.Yuanshen
2026-08-02 15:09:32 PulseDaemon: cap write via daemon (5 node(s))
2026-08-02 15:09:33 PulseAutoTdp: TICK-SKIP overlayShouldShow=false autoActive=false quickAccessShouldShow=false autoTdpPackage=null boundPackage=com.miHoYo.Yuanshen lastForeground=com.miHoYo.Yuanshen
2026-08-02 15:09:34 PulseAutoTdp: TICK-SKIP overlayShouldShow=false autoActive=false quickAccessShouldShow=false autoTdpPackage=null boundPackage=com.miHoYo.Yuanshen lastForeground=com.miHoYo.Yuanshen
2026-08-02 15:09:34 PulseDaemon: cap write via daemon (5 node(s))
2026-08-02 15:09:36 PulseAutoTdp: TICK-SKIP overlayShouldShow=false autoActive=false quickAccessShouldShow=false autoTdpPackage=null boundPackage=com.miHoYo.Yuanshen lastForeground=com.miHoYo.Yuanshen
2026-08-02 15:09:37 PulseAutoTdp: TICK-SKIP overlayShouldShow=false autoActive=false quickAccessShouldShow=false autoTdpPackage=null boundPackage=com.miHoYo.Yuanshen lastForeground=com.miHoYo.Yuanshen
2026-08-02 15:09:37 PulseDaemon: cap write via daemon (5 node(s))
2026-08-02 15:09:38 PulseAutoTdp: TICK-SKIP overlayShouldShow=false autoActive=false quickAccessShouldShow=false autoTdpPackage=null boundPackage=com.miHoYo.Yuanshen lastForeground=com.miHoYo.Yuanshen
2026-08-02 15:09:40 PulseAutoTdp: TICK-SKIP overlayShouldShow=false autoActive=false quickAccessShouldShow=false autoTdpPackage=null boundPackage=com.miHoYo.Yuanshen lastForeground=com.miHoYo.Yuanshen
2026-08-02 15:09:40 PulseDaemon: cap write via daemon (5 node(s))
2026-08-02 15:09:41 PulseAutoTdp: TICK-SKIP overlayShouldShow=false autoActive=false quickAccessShouldShow=false autoTdpPackage=null boundPackage=com.miHoYo.Yuanshen lastForeground=com.miHoYo.Yuanshen
2026-08-02 15:09:43 PulseAutoTdp: TICK-SKIP overlayShouldShow=false autoActive=false quickAccessShouldShow=false autoTdpPackage=null boundPackage=com.miHoYo.Yuanshen lastForeground=com.miHoYo.Yuanshen
2026-08-02 15:09:43 PulseDaemon: cap write via daemon (5 node(s))
2026-08-02 15:09:44 PulseAutoTdp: TICK-SKIP overlayShouldShow=false autoActive=false quickAccessShouldShow=false autoTdpPackage=null boundPackage=com.miHoYo.Yuanshen lastForeground=com.miHoYo.Yuanshen
2026-08-02 15:09:45 PulseAutoTdp: TICK-SKIP overlayShouldShow=false autoActive=false quickAccessShouldShow=false autoTdpPackage=null boundPackage=com.miHoYo.Yuanshen lastForeground=com.miHoYo.Yuanshen
2026-08-02 15:09:46 PulseDaemon: cap write via daemon (5 node(s))
2026-08-02 15:09:47 PulseAutoTdp: TICK-SKIP overlayShouldShow=false autoActive=false quickAccessShouldShow=false autoTdpPackage=null boundPackage=com.miHoYo.Yuanshen lastForeground=com.miHoYo.Yuanshen
2026-08-02 15:09:48 PulseAutoTdp: TICK-SKIP overlayShouldShow=false autoActive=false quickAccessShouldShow=false autoTdpPackage=null boundPackage=com.miHoYo.Yuanshen lastForeground=com.miHoYo.Yuanshen
2026-08-02 15:09:49 PulseDaemon: cap write via daemon (5 node(s))
2026-08-02 15:09:50 PulseAutoTdp: TICK-SKIP overlayShouldShow=false autoActive=false quickAccessShouldShow=false autoTdpPackage=null boundPackage=com.miHoYo.Yuanshen lastForeground=com.miHoYo.Yuanshen
2026-08-02 15:09:51 PulseAutoTdp: TICK-SKIP overlayShouldShow=false autoActive=false quickAccessShouldShow=false autoTdpPackage=null boundPackage=com.miHoYo.Yuanshen lastForeground=com.miHoYo.Yuanshen
2026-08-02 15:09:51 PulseDaemon: cap write via daemon (5 node(s))
2026-08-02 15:09:53 PulseAutoTdp: TICK-SKIP overlayShouldShow=false autoActive=false quickAccessShouldShow=false autoTdpPackage=null boundPackage=com.miHoYo.Yuanshen lastForeground=com.miHoYo.Yuanshen
2026-08-02 15:09:54 PulseAutoTdp: TICK-SKIP overlayShouldShow=false autoActive=false quickAccessShouldShow=false autoTdpPackage=null boundPackage=com.miHoYo.Yuanshen lastForeground=com.miHoYo.Yuanshen
2026-08-02 15:09:54 PulseDaemon: cap write via daemon (5 node(s))
2026-08-02 15:09:55 PulseAutoTdp: TICK-SKIP overlayShouldShow=false autoActive=false quickAccessShouldShow=false autoTdpPackage=null boundPackage=com.miHoYo.Yuanshen lastForeground=com.miHoYo.Yuanshen
2026-08-02 15:09:57 PulseAutoTdp: TICK-SKIP overlayShouldShow=false autoActive=false quickAccessShouldShow=false autoTdpPackage=null boundPackage=com.miHoYo.Yuanshen lastForeground=com.miHoYo.Yuanshen
2026-08-02 15:09:57 PulseDaemon: cap write via daemon (5 node(s))
2026-08-02 15:09:58 PulseAutoTdp: TICK-SKIP overlayShouldShow=false autoActive=false quickAccessShouldShow=false autoTdpPackage=null boundPackage=com.miHoYo.Yuanshen lastForeground=com.miHoYo.Yuanshen
2026-08-02 15:09:59 PulseAutoTdp: TICK-SKIP overlayShouldShow=false autoActive=false quickAccessShouldShow=false autoTdpPackage=null boundPackage=com.miHoYo.Yuanshen lastForeground=com.miHoYo.Yuanshen
2026-08-02 15:10:00 PulseDaemon: cap write via daemon (5 node(s))
2026-08-02 15:10:01 PulseAutoTdp: TICK-SKIP overlayShouldShow=false autoActive=false quickAccessShouldShow=false autoTdpPackage=null boundPackage=com.miHoYo.Yuanshen lastForeground=com.miHoYo.Yuanshen
2026-08-02 15:10:02 PulseAutoTdp: TICK-SKIP overlayShouldShow=false autoActive=false quickAccessShouldShow=false autoTdpPackage=null boundPackage=com.miHoYo.Yuanshen lastForeground=com.miHoYo.Yuanshen
2026-08-02 15:10:03 PulseDaemon: cap write via daemon (5 node(s))
2026-08-02 15:10:04 PulseAutoTdp: TICK-SKIP overlayShouldShow=false autoActive=false quickAccessShouldShow=false autoTdpPackage=null boundPackage=com.miHoYo.Yuanshen lastForeground=com.miHoYo.Yuanshen
2026-08-02 15:10:05 PulseAutoTdp: TICK-SKIP overlayShouldShow=false autoActive=false quickAccessShouldShow=false autoTdpPackage=null boundPackage=com.miHoYo.Yuanshen lastForeground=com.miHoYo.Yuanshen
2026-08-02 15:10:06 PulseDaemon: cap write via daemon (5 node(s))
2026-08-02 15:10:07 PulseAutoTdp: TICK-SKIP overlayShouldShow=false autoActive=false quickAccessShouldShow=false autoTdpPackage=null boundPackage=com.miHoYo.Yuanshen lastForeground=com.miHoYo.Yuanshen
2026-08-02 15:10:08 PulseAutoTdp: TICK-SKIP overlayShouldShow=false autoActive=false quickAccessShouldShow=false autoTdpPackage=null boundPackage=com.miHoYo.Yuanshen lastForeground=com.miHoYo.Yuanshen
2026-08-02 15:10:08 PulseDaemon: cap write via daemon (5 node(s))
2026-08-02 15:10:09 PulseAutoTdp: TICK-SKIP overlayShouldShow=false autoActive=false quickAccessShouldShow=false autoTdpPackage=null boundPackage=com.miHoYo.Yuanshen lastForeground=com.miHoYo.Yuanshen
# ... 2 more identical lines elided (same content, only timestamp differs) ...
2026-08-02 15:10:13 PulseAutoTdp: TICK-SKIP overlayShouldShow=false autoActive=false quickAccessShouldShow=false autoTdpPackage=null boundPackage=com.miHoYo.Yuanshen lastForeground=com.miHoYo.Yuanshen
2026-08-02 15:10:14 PulseDaemon: cap write via daemon (5 node(s))
2026-08-02 15:10:15 PulseAutoTdp: TICK-SKIP overlayShouldShow=false autoActive=false quickAccessShouldShow=false autoTdpPackage=null boundPackage=com.miHoYo.Yuanshen lastForeground=com.miHoYo.Yuanshen
2026-08-02 15:10:16 PulseAutoTdp: TICK-SKIP overlayShouldShow=false autoActive=false quickAccessShouldShow=false autoTdpPackage=null boundPackage=com.miHoYo.Yuanshen lastForeground=com.miHoYo.Yuanshen
2026-08-02 15:10:17 PulseDaemon: cap write via daemon (5 node(s))
2026-08-02 15:10:18 PulseAutoTdp: TICK-SKIP overlayShouldShow=false autoActive=false quickAccessShouldShow=false autoTdpPackage=null boundPackage=com.miHoYo.Yuanshen lastForeground=com.miHoYo.Yuanshen
2026-08-02 15:10:19 PulseAutoTdp: TICK-SKIP overlayShouldShow=false autoActive=false quickAccessShouldShow=false autoTdpPackage=null boundPackage=com.miHoYo.Yuanshen lastForeground=com.miHoYo.Yuanshen
2026-08-02 15:10:20 PulseDaemon: cap write via daemon (5 node(s))
2026-08-02 15:10:21 PulseAutoTdp: TICK-SKIP overlayShouldShow=false autoActive=false quickAccessShouldShow=false autoTdpPackage=null boundPackage=com.miHoYo.Yuanshen lastForeground=com.miHoYo.Yuanshen
2026-08-02 15:10:22 PulseAutoTdp: TICK-SKIP overlayShouldShow=false autoActive=false quickAccessShouldShow=false autoTdpPackage=null boundPackage=com.miHoYo.Yuanshen lastForeground=com.miHoYo.Yuanshen
2026-08-02 15:10:23 PulseDaemon: cap write via daemon (5 node(s))
2026-08-02 15:10:24 PulseAutoTdp: TICK-SKIP overlayShouldShow=false autoActive=false quickAccessShouldShow=false autoTdpPackage=null boundPackage=com.miHoYo.Yuanshen lastForeground=com.miHoYo.Yuanshen
2026-08-02 15:10:25 PulseAutoTdp: TICK-SKIP overlayShouldShow=false autoActive=false quickAccessShouldShow=false autoTdpPackage=null boundPackage=com.miHoYo.Yuanshen lastForeground=com.miHoYo.Yuanshen
2026-08-02 15:10:25 PulseDaemon: cap write via daemon (5 node(s))
2026-08-02 15:10:26 PulseAutoTdp: TICK-SKIP overlayShouldShow=false autoActive=false quickAccessShouldShow=false autoTdpPackage=null boundPackage=com.miHoYo.Yuanshen lastForeground=com.miHoYo.Yuanshen
# ... 2 more identical lines elided (same content, only timestamp differs) ...
2026-08-02 15:10:30 PulseAutoTdp: TICK-SKIP overlayShouldShow=false autoActive=false quickAccessShouldShow=false autoTdpPackage=null boundPackage=com.miHoYo.Yuanshen lastForeground=com.miHoYo.Yuanshen
2026-08-02 15:10:31 PulseDaemon: cap write via daemon (5 node(s))
2026-08-02 15:10:32 PulseAutoTdp: TICK-SKIP overlayShouldShow=false autoActive=false quickAccessShouldShow=false autoTdpPackage=null boundPackage=com.miHoYo.Yuanshen lastForeground=com.miHoYo.Yuanshen
2026-08-02 15:10:33 PulseAutoTdp: TICK-SKIP overlayShouldShow=false autoActive=false quickAccessShouldShow=false autoTdpPackage=null boundPackage=com.miHoYo.Yuanshen lastForeground=com.miHoYo.Yuanshen
2026-08-02 15:10:34 PulseDaemon: cap write via daemon (5 node(s))
2026-08-02 15:10:35 PulseAutoTdp: TICK-SKIP overlayShouldShow=false autoActive=false quickAccessShouldShow=false autoTdpPackage=null boundPackage=com.miHoYo.Yuanshen lastForeground=com.miHoYo.Yuanshen
2026-08-02 15:10:36 PulseAutoTdp: TICK-SKIP overlayShouldShow=false autoActive=false quickAccessShouldShow=false autoTdpPackage=null boundPackage=com.miHoYo.Yuanshen lastForeground=com.miHoYo.Yuanshen
2026-08-02 15:10:37 PulseDaemon: cap write via daemon (5 node(s))
2026-08-02 15:10:38 PulseAutoTdp: TICK-SKIP overlayShouldShow=false autoActive=false quickAccessShouldShow=false autoTdpPackage=null boundPackage=com.miHoYo.Yuanshen lastForeground=com.miHoYo.Yuanshen
2026-08-02 15:10:39 PulseAutoTdp: TICK-SKIP overlayShouldShow=false autoActive=false quickAccessShouldShow=false autoTdpPackage=null boundPackage=com.miHoYo.Yuanshen lastForeground=com.miHoYo.Yuanshen
2026-08-02 15:10:39 PulseDaemon: cap write via daemon (5 node(s))
2026-08-02 15:10:40 PulseAutoTdp: TICK-SKIP overlayShouldShow=false autoActive=false quickAccessShouldShow=false autoTdpPackage=null boundPackage=com.miHoYo.Yuanshen lastForeground=com.miHoYo.Yuanshen
2026-08-02 15:10:42 PulseAutoTdp: TICK-SKIP overlayShouldShow=false autoActive=false quickAccessShouldShow=false autoTdpPackage=null boundPackage=com.miHoYo.Yuanshen lastForeground=com.miHoYo.Yuanshen
2026-08-02 15:10:42 PulseDaemon: cap write via daemon (5 node(s))
2026-08-02 15:10:43 PulseAutoTdp: TICK-SKIP overlayShouldShow=false autoActive=false quickAccessShouldShow=false autoTdpPackage=null boundPackage=com.miHoYo.Yuanshen lastForeground=com.miHoYo.Yuanshen
2026-08-02 15:10:45 PulseAutoTdp: TICK-SKIP overlayShouldShow=false autoActive=false quickAccessShouldShow=false autoTdpPackage=null boundPackage=com.miHoYo.Yuanshen lastForeground=com.miHoYo.Yuanshen
2026-08-02 15:10:45 PulseDaemon: cap write via daemon (5 node(s))
2026-08-02 15:10:46 PulseAutoTdp: TICK-SKIP overlayShouldShow=false autoActive=false quickAccessShouldShow=false autoTdpPackage=null boundPackage=com.miHoYo.Yuanshen lastForeground=com.miHoYo.Yuanshen
2026-08-02 15:10:47 PulseAutoTdp: TICK-SKIP overlayShouldShow=false autoActive=false quickAccessShouldShow=false autoTdpPackage=null boundPackage=com.miHoYo.Yuanshen lastForeground=com.miHoYo.Yuanshen
2026-08-02 15:10:48 PulseDaemon: cap write via daemon (5 node(s))
2026-08-02 15:10:49 PulseAutoTdp: TICK-SKIP overlayShouldShow=false autoActive=false quickAccessShouldShow=false autoTdpPackage=null boundPackage=com.miHoYo.Yuanshen lastForeground=com.miHoYo.Yuanshen
2026-08-02 15:10:50 PulseAutoTdp: TICK-SKIP overlayShouldShow=false autoActive=false quickAccessShouldShow=false autoTdpPackage=null boundPackage=com.miHoYo.Yuanshen lastForeground=com.miHoYo.Yuanshen
2026-08-02 15:10:51 PulseDaemon: cap write via daemon (5 node(s))
2026-08-02 15:10:52 PulseAutoTdp: TICK-SKIP overlayShouldShow=false autoActive=false quickAccessShouldShow=false autoTdpPackage=null boundPackage=com.miHoYo.Yuanshen lastForeground=com.miHoYo.Yuanshen
2026-08-02 15:10:53 PulseAutoTdp: TICK-SKIP overlayShouldShow=false autoActive=false quickAccessShouldShow=false autoTdpPackage=null boundPackage=com.miHoYo.Yuanshen lastForeground=com.miHoYo.Yuanshen
2026-08-02 15:10:54 PulseDaemon: cap write via daemon (5 node(s))
2026-08-02 15:10:55 PulseAutoTdp: TICK-SKIP overlayShouldShow=false autoActive=false quickAccessShouldShow=false autoTdpPackage=null boundPackage=com.miHoYo.Yuanshen lastForeground=com.miHoYo.Yuanshen
2026-08-02 15:10:56 PulseAutoTdp: TICK-SKIP overlayShouldShow=false autoActive=false quickAccessShouldShow=false autoTdpPackage=null boundPackage=com.miHoYo.Yuanshen lastForeground=com.miHoYo.Yuanshen
2026-08-02 15:10:56 PulseDaemon: cap write via daemon (5 node(s))
2026-08-02 15:10:57 PulseAutoTdp: TICK-SKIP overlayShouldShow=false autoActive=false quickAccessShouldShow=false autoTdpPackage=null boundPackage=com.miHoYo.Yuanshen lastForeground=com.miHoYo.Yuanshen
2026-08-02 15:10:59 PulseAutoTdp: TICK-SKIP overlayShouldShow=false autoActive=false quickAccessShouldShow=false autoTdpPackage=null boundPackage=com.miHoYo.Yuanshen lastForeground=com.miHoYo.Yuanshen
2026-08-02 15:10:59 PulseDaemon: cap write via daemon (5 node(s))
2026-08-02 15:11:00 PulseAutoTdp: TICK-SKIP overlayShouldShow=false autoActive=false quickAccessShouldShow=false autoTdpPackage=null boundPackage=com.miHoYo.Yuanshen lastForeground=com.miHoYo.Yuanshen
2026-08-02 15:11:02 PulseAutoTdp: TICK-SKIP overlayShouldShow=false autoActive=false quickAccessShouldShow=false autoTdpPackage=null boundPackage=com.miHoYo.Yuanshen lastForeground=com.miHoYo.Yuanshen
2026-08-02 15:11:02 PulseDaemon: cap write via daemon (5 node(s))
2026-08-02 15:11:03 PulseAutoTdp: TICK-SKIP overlayShouldShow=false autoActive=false quickAccessShouldShow=false autoTdpPackage=null boundPackage=com.miHoYo.Yuanshen lastForeground=com.miHoYo.Yuanshen
2026-08-02 15:11:04 PulseAutoTdp: TICK-SKIP overlayShouldShow=false autoActive=false quickAccessShouldShow=false autoTdpPackage=null boundPackage=com.miHoYo.Yuanshen lastForeground=com.miHoYo.Yuanshen
2026-08-02 15:11:05 PulseDaemon: cap write via daemon (5 node(s))
2026-08-02 15:11:06 PulseAutoTdp: TICK-SKIP overlayShouldShow=false autoActive=false quickAccessShouldShow=false autoTdpPackage=null boundPackage=com.miHoYo.Yuanshen lastForeground=com.miHoYo.Yuanshen
2026-08-02 15:11:07 PulseAutoTdp: TICK-SKIP overlayShouldShow=false autoActive=false quickAccessShouldShow=false autoTdpPackage=null boundPackage=com.miHoYo.Yuanshen lastForeground=com.miHoYo.Yuanshen
2026-08-02 15:11:08 PulseDaemon: cap write via daemon (5 node(s))
2026-08-02 15:11:09 PulseAutoTdp: TICK-SKIP overlayShouldShow=false autoActive=false quickAccessShouldShow=false autoTdpPackage=null boundPackage=com.miHoYo.Yuanshen lastForeground=com.miHoYo.Yuanshen
2026-08-02 15:11:10 PulseAutoTdp: TICK-SKIP overlayShouldShow=false autoActive=false quickAccessShouldShow=false autoTdpPackage=null boundPackage=com.miHoYo.Yuanshen lastForeground=com.miHoYo.Yuanshen
2026-08-02 15:11:11 PulseDaemon: cap write via daemon (5 node(s))
2026-08-02 15:11:12 PulseAutoTdp: TICK-SKIP overlayShouldShow=false autoActive=false quickAccessShouldShow=false autoTdpPackage=null boundPackage=com.miHoYo.Yuanshen lastForeground=com.miHoYo.Yuanshen
2026-08-02 15:11:13 PulseAutoTdp: TICK-SKIP overlayShouldShow=false autoActive=false quickAccessShouldShow=false autoTdpPackage=null boundPackage=com.miHoYo.Yuanshen lastForeground=com.miHoYo.Yuanshen
2026-08-02 15:11:13 PulseDaemon: cap write via daemon (5 node(s))
2026-08-02 15:11:14 PulseAutoTdp: TICK-SKIP overlayShouldShow=false autoActive=false quickAccessShouldShow=false autoTdpPackage=null boundPackage=com.miHoYo.Yuanshen lastForeground=com.miHoYo.Yuanshen
2026-08-02 15:11:16 PulseAutoTdp: TICK-SKIP overlayShouldShow=false autoActive=false quickAccessShouldShow=false autoTdpPackage=null boundPackage=com.miHoYo.Yuanshen lastForeground=com.miHoYo.Yuanshen
2026-08-02 15:11:16 PulseDaemon: cap write via daemon (5 node(s))
2026-08-02 15:11:17 PulseAutoTdp: TICK-SKIP overlayShouldShow=false autoActive=false quickAccessShouldShow=false autoTdpPackage=null boundPackage=com.miHoYo.Yuanshen lastForeground=com.miHoYo.Yuanshen
2026-08-02 15:11:19 PulseAutoTdp: TICK-SKIP overlayShouldShow=false autoActive=false quickAccessShouldShow=false autoTdpPackage=null boundPackage=com.miHoYo.Yuanshen lastForeground=com.miHoYo.Yuanshen
2026-08-02 15:11:19 PulseDaemon: cap write via daemon (5 node(s))
2026-08-02 15:11:20 PulseAutoTdp: TICK-SKIP overlayShouldShow=false autoActive=false quickAccessShouldShow=false autoTdpPackage=null boundPackage=com.miHoYo.Yuanshen lastForeground=com.miHoYo.Yuanshen
2026-08-02 15:11:21 PulseAutoTdp: TICK-SKIP overlayShouldShow=false autoActive=false quickAccessShouldShow=false autoTdpPackage=null boundPackage=com.miHoYo.Yuanshen lastForeground=com.miHoYo.Yuanshen
2026-08-02 15:11:22 PulseDaemon: cap write via daemon (5 node(s))
2026-08-02 15:11:23 PulseAutoTdp: TICK-SKIP overlayShouldShow=false autoActive=false quickAccessShouldShow=false autoTdpPackage=null boundPackage=com.miHoYo.Yuanshen lastForeground=com.miHoYo.Yuanshen
2026-08-02 15:11:24 PulseAutoTdp: TICK-SKIP overlayShouldShow=false autoActive=false quickAccessShouldShow=false autoTdpPackage=null boundPackage=com.miHoYo.Yuanshen lastForeground=com.miHoYo.Yuanshen
2026-08-02 15:11:25 PulseDaemon: cap write via daemon (5 node(s))
2026-08-02 15:11:26 PulseAutoTdp: TICK-SKIP overlayShouldShow=false autoActive=false quickAccessShouldShow=false autoTdpPackage=null boundPackage=com.miHoYo.Yuanshen lastForeground=com.miHoYo.Yuanshen
2026-08-02 15:11:27 PulseAutoTdp: TICK-SKIP overlayShouldShow=false autoActive=false quickAccessShouldShow=false autoTdpPackage=null boundPackage=com.miHoYo.Yuanshen lastForeground=com.miHoYo.Yuanshen
2026-08-02 15:11:27 PulseDaemon: cap write via daemon (5 node(s))
2026-08-02 15:11:29 PulseAutoTdp: TICK-SKIP overlayShouldShow=false autoActive=false quickAccessShouldShow=false autoTdpPackage=null boundPackage=com.miHoYo.Yuanshen lastForeground=com.miHoYo.Yuanshen
2026-08-02 15:11:30 PulseAutoTdp: TICK-SKIP overlayShouldShow=false autoActive=false quickAccessShouldShow=false autoTdpPackage=null boundPackage=com.miHoYo.Yuanshen lastForeground=com.miHoYo.Yuanshen
2026-08-02 15:11:30 PulseDaemon: cap write via daemon (5 node(s))
2026-08-02 15:11:31 PulseAutoTdp: TICK-SKIP overlayShouldShow=false autoActive=false quickAccessShouldShow=false autoTdpPackage=null boundPackage=com.miHoYo.Yuanshen lastForeground=com.miHoYo.Yuanshen
2026-08-02 15:11:33 PulseAutoTdp: TICK-SKIP overlayShouldShow=false autoActive=false quickAccessShouldShow=false autoTdpPackage=null boundPackage=com.miHoYo.Yuanshen lastForeground=com.miHoYo.Yuanshen
2026-08-02 15:11:33 PulseDaemon: cap write via daemon (5 node(s))
2026-08-02 15:11:34 PulseAutoTdp: TICK-SKIP overlayShouldShow=false autoActive=false quickAccessShouldShow=false autoTdpPackage=null boundPackage=com.miHoYo.Yuanshen lastForeground=com.miHoYo.Yuanshen
2026-08-02 15:11:35 PulseAutoTdp: TICK-SKIP overlayShouldShow=false autoActive=false quickAccessShouldShow=false autoTdpPackage=null boundPackage=com.miHoYo.Yuanshen lastForeground=com.miHoYo.Yuanshen
2026-08-02 15:11:36 PulseDaemon: cap write via daemon (5 node(s))
2026-08-02 15:11:37 PulseAutoTdp: TICK-SKIP overlayShouldShow=false autoActive=false quickAccessShouldShow=false autoTdpPackage=null boundPackage=com.miHoYo.Yuanshen lastForeground=com.miHoYo.Yuanshen
2026-08-02 15:11:38 PulseAutoTdp: TICK-SKIP overlayShouldShow=false autoActive=false quickAccessShouldShow=false autoTdpPackage=null boundPackage=com.miHoYo.Yuanshen lastForeground=com.miHoYo.Yuanshen
2026-08-02 15:11:39 PulseDaemon: cap write via daemon (5 node(s))
2026-08-02 15:11:40 PulseAutoTdp: TICK-SKIP overlayShouldShow=false autoActive=false quickAccessShouldShow=false autoTdpPackage=null boundPackage=com.miHoYo.Yuanshen lastForeground=com.miHoYo.Yuanshen
2026-08-02 15:11:41 PulseAutoTdp: TICK-SKIP overlayShouldShow=false autoActive=false quickAccessShouldShow=false autoTdpPackage=null boundPackage=com.miHoYo.Yuanshen lastForeground=com.miHoYo.Yuanshen
2026-08-02 15:11:42 PulseDaemon: cap write via daemon (5 node(s))
2026-08-02 15:11:43 PulseAutoTdp: TICK-SKIP overlayShouldShow=false autoActive=false quickAccessShouldShow=false autoTdpPackage=null boundPackage=com.miHoYo.Yuanshen lastForeground=com.miHoYo.Yuanshen
2026-08-02 15:11:44 PulseAutoTdp: TICK-SKIP overlayShouldShow=false autoActive=false quickAccessShouldShow=false autoTdpPackage=null boundPackage=com.miHoYo.Yuanshen lastForeground=com.miHoYo.Yuanshen
2026-08-02 15:11:44 PulseDaemon: cap write via daemon (5 node(s))
2026-08-02 15:11:46 PulseAutoTdp: TICK-SKIP overlayShouldShow=false autoActive=false quickAccessShouldShow=false autoTdpPackage=null boundPackage=com.miHoYo.Yuanshen lastForeground=com.miHoYo.Yuanshen
2026-08-02 15:11:47 PulseAutoTdp: TICK-SKIP overlayShouldShow=false autoActive=false quickAccessShouldShow=false autoTdpPackage=null boundPackage=com.miHoYo.Yuanshen lastForeground=com.miHoYo.Yuanshen
2026-08-02 15:11:47 PulseDaemon: cap write via daemon (5 node(s))
2026-08-02 15:11:48 PulseAutoTdp: TICK-SKIP overlayShouldShow=false autoActive=false quickAccessShouldShow=false autoTdpPackage=null boundPackage=com.miHoYo.Yuanshen lastForeground=com.miHoYo.Yuanshen
2026-08-02 15:11:50 PulseAutoTdp: TICK-SKIP overlayShouldShow=false autoActive=false quickAccessShouldShow=false autoTdpPackage=null boundPackage=com.miHoYo.Yuanshen lastForeground=com.miHoYo.Yuanshen
2026-08-02 15:11:50 PulseDaemon: cap write via daemon (5 node(s))
2026-08-02 15:11:51 PulseAutoTdp: TICK-SKIP overlayShouldShow=false autoActive=false quickAccessShouldShow=false autoTdpPackage=null boundPackage=com.miHoYo.Yuanshen lastForeground=com.miHoYo.Yuanshen
2026-08-02 15:11:53 PulseAutoTdp: TICK-SKIP overlayShouldShow=false autoActive=false quickAccessShouldShow=false autoTdpPackage=null boundPackage=com.miHoYo.Yuanshen lastForeground=com.miHoYo.Yuanshen
2026-08-02 15:11:53 PulseDaemon: cap write via daemon (5 node(s))
2026-08-02 15:11:54 PulseAutoTdp: TICK-SKIP overlayShouldShow=false autoActive=false quickAccessShouldShow=false autoTdpPackage=null boundPackage=com.miHoYo.Yuanshen lastForeground=com.miHoYo.Yuanshen
2026-08-02 15:11:55 PulseAutoTdp: TICK-SKIP overlayShouldShow=false autoActive=false quickAccessShouldShow=false autoTdpPackage=null boundPackage=com.miHoYo.Yuanshen lastForeground=com.miHoYo.Yuanshen
2026-08-02 15:11:56 PulseDaemon: cap write via daemon (5 node(s))
2026-08-02 15:11:57 PulseAutoTdp: TICK-SKIP overlayShouldShow=false autoActive=false quickAccessShouldShow=false autoTdpPackage=null boundPackage=com.miHoYo.Yuanshen lastForeground=com.miHoYo.Yuanshen
2026-08-02 15:11:58 PulseAutoTdp: TICK-SKIP overlayShouldShow=false autoActive=false quickAccessShouldShow=false autoTdpPackage=null boundPackage=com.miHoYo.Yuanshen lastForeground=com.miHoYo.Yuanshen
2026-08-02 15:11:59 PulseDaemon: cap write via daemon (5 node(s))
2026-08-02 15:12:00 PulseAutoTdp: TICK-SKIP overlayShouldShow=false autoActive=false quickAccessShouldShow=false autoTdpPackage=null boundPackage=com.miHoYo.Yuanshen lastForeground=com.miHoYo.Yuanshen
2026-08-02 15:12:01 PulseAutoTdp: TICK-SKIP overlayShouldShow=false autoActive=false quickAccessShouldShow=false autoTdpPackage=null boundPackage=com.miHoYo.Yuanshen lastForeground=com.miHoYo.Yuanshen
2026-08-02 15:12:01 PulseDaemon: cap write via daemon (5 node(s))
2026-08-02 15:12:03 PulseAutoTdp: TICK-SKIP overlayShouldShow=false autoActive=false quickAccessShouldShow=false autoTdpPackage=null boundPackage=com.miHoYo.Yuanshen lastForeground=com.miHoYo.Yuanshen
2026-08-02 15:12:04 PulseAutoTdp: TICK-SKIP overlayShouldShow=false autoActive=false quickAccessShouldShow=false autoTdpPackage=null boundPackage=com.miHoYo.Yuanshen lastForeground=com.miHoYo.Yuanshen
2026-08-02 15:12:04 PulseDaemon: cap write via daemon (5 node(s))
2026-08-02 15:12:05 PulseAutoTdp: TICK-SKIP overlayShouldShow=false autoActive=false quickAccessShouldShow=false autoTdpPackage=null boundPackage=com.miHoYo.Yuanshen lastForeground=com.miHoYo.Yuanshen
2026-08-02 15:12:07 PulseAutoTdp: TICK-SKIP overlayShouldShow=false autoActive=false quickAccessShouldShow=false autoTdpPackage=null boundPackage=com.miHoYo.Yuanshen lastForeground=com.miHoYo.Yuanshen
2026-08-02 15:12:07 PulseDaemon: cap write via daemon (5 node(s))
2026-08-02 15:12:08 PulseAutoTdp: TICK-SKIP overlayShouldShow=false autoActive=false quickAccessShouldShow=false autoTdpPackage=null boundPackage=com.miHoYo.Yuanshen lastForeground=com.miHoYo.Yuanshen
2026-08-02 15:12:10 PulseAutoTdp: TICK-SKIP overlayShouldShow=false autoActive=false quickAccessShouldShow=false autoTdpPackage=null boundPackage=com.miHoYo.Yuanshen lastForeground=com.miHoYo.Yuanshen
2026-08-02 15:12:10 PulseDaemon: cap write via daemon (5 node(s))
2026-08-02 15:12:11 PulseAutoTdp: TICK-SKIP overlayShouldShow=false autoActive=false quickAccessShouldShow=false autoTdpPackage=null boundPackage=com.miHoYo.Yuanshen lastForeground=com.miHoYo.Yuanshen
2026-08-02 15:12:12 PulseAutoTdp: TICK-SKIP overlayShouldShow=false autoActive=false quickAccessShouldShow=false autoTdpPackage=null boundPackage=com.miHoYo.Yuanshen lastForeground=com.miHoYo.Yuanshen
2026-08-02 15:12:13 PulseDaemon: cap write via daemon (5 node(s))
2026-08-02 15:12:14 PulseAutoTdp: TICK-SKIP overlayShouldShow=false autoActive=false quickAccessShouldShow=false autoTdpPackage=null boundPackage=com.miHoYo.Yuanshen lastForeground=com.miHoYo.Yuanshen
2026-08-02 15:12:15 PulseAutoTdp: TICK-SKIP overlayShouldShow=false autoActive=false quickAccessShouldShow=false autoTdpPackage=null boundPackage=com.miHoYo.Yuanshen lastForeground=com.miHoYo.Yuanshen
2026-08-02 15:12:16 PulseDaemon: cap write via daemon (5 node(s))
2026-08-02 15:12:17 PulseAutoTdp: TICK-SKIP overlayShouldShow=false autoActive=false quickAccessShouldShow=false autoTdpPackage=null boundPackage=com.miHoYo.Yuanshen lastForeground=com.miHoYo.Yuanshen
2026-08-02 15:12:18 PulseAutoTdp: TICK-SKIP overlayShouldShow=false autoActive=false quickAccessShouldShow=false autoTdpPackage=null boundPackage=com.miHoYo.Yuanshen lastForeground=com.miHoYo.Yuanshen
2026-08-02 15:12:18 PulseDaemon: cap write via daemon (5 node(s))
2026-08-02 15:12:20 PulseAutoTdp: TICK-SKIP overlayShouldShow=false autoActive=false quickAccessShouldShow=false autoTdpPackage=null boundPackage=com.miHoYo.Yuanshen lastForeground=com.miHoYo.Yuanshen
2026-08-02 15:12:21 PulseAutoTdp: TICK-SKIP overlayShouldShow=false autoActive=false quickAccessShouldShow=false autoTdpPackage=null boundPackage=com.miHoYo.Yuanshen lastForeground=com.miHoYo.Yuanshen
2026-08-02 15:12:21 PulseDaemon: cap write via daemon (5 node(s))
2026-08-02 15:12:22 PulseAutoTdp: TICK-SKIP overlayShouldShow=false autoActive=false quickAccessShouldShow=false autoTdpPackage=null boundPackage=com.miHoYo.Yuanshen lastForeground=com.miHoYo.Yuanshen
2026-08-02 15:12:24 PulseAutoTdp: TICK-SKIP overlayShouldShow=false autoActive=false quickAccessShouldShow=false autoTdpPackage=null boundPackage=com.miHoYo.Yuanshen lastForeground=com.miHoYo.Yuanshen
2026-08-02 15:12:24 PulseDaemon: cap write via daemon (5 node(s))
2026-08-02 15:12:25 PulseAutoTdp: TICK-SKIP overlayShouldShow=false autoActive=false quickAccessShouldShow=false autoTdpPackage=null boundPackage=com.miHoYo.Yuanshen lastForeground=com.miHoYo.Yuanshen
2026-08-02 15:12:27 PulseAutoTdp: TICK-SKIP overlayShouldShow=false autoActive=false quickAccessShouldShow=false autoTdpPackage=null boundPackage=com.miHoYo.Yuanshen lastForeground=com.miHoYo.Yuanshen
2026-08-02 15:12:27 PulseDaemon: cap write via daemon (5 node(s))
2026-08-02 15:12:28 PulseAutoTdp: TICK-SKIP overlayShouldShow=false autoActive=false quickAccessShouldShow=false autoTdpPackage=null boundPackage=com.miHoYo.Yuanshen lastForeground=com.miHoYo.Yuanshen
2026-08-02 15:12:29 PulseAutoTdp: TICK-SKIP overlayShouldShow=false autoActive=false quickAccessShouldShow=false autoTdpPackage=null boundPackage=com.miHoYo.Yuanshen lastForeground=com.miHoYo.Yuanshen
2026-08-02 15:12:30 PulseDaemon: cap write via daemon (5 node(s))
2026-08-02 15:12:31 PulseAutoTdp: TICK-SKIP overlayShouldShow=false autoActive=false quickAccessShouldShow=false autoTdpPackage=null boundPackage=com.miHoYo.Yuanshen lastForeground=com.miHoYo.Yuanshen
2026-08-02 15:12:32 PulseAutoTdp: TICK-SKIP overlayShouldShow=false autoActive=false quickAccessShouldShow=false autoTdpPackage=null boundPackage=com.miHoYo.Yuanshen lastForeground=com.miHoYo.Yuanshen
2026-08-02 15:12:33 PulseDaemon: cap write via daemon (5 node(s))
2026-08-02 15:12:34 PulseAutoTdp: TICK-SKIP overlayShouldShow=false autoActive=false quickAccessShouldShow=false autoTdpPackage=null boundPackage=com.miHoYo.Yuanshen lastForeground=com.miHoYo.Yuanshen
2026-08-02 15:12:35 PulseAutoTdp: TICK-SKIP overlayShouldShow=false autoActive=false quickAccessShouldShow=false autoTdpPackage=null boundPackage=com.miHoYo.Yuanshen lastForeground=com.miHoYo.Yuanshen
2026-08-02 15:12:35 PulseDaemon: cap write via daemon (5 node(s))
2026-08-02 15:12:36 PulseAutoTdp: TICK-SKIP overlayShouldShow=false autoActive=false quickAccessShouldShow=false autoTdpPackage=null boundPackage=com.miHoYo.Yuanshen lastForeground=com.miHoYo.Yuanshen
2026-08-02 15:12:38 PulseAutoTdp: TICK-SKIP overlayShouldShow=false autoActive=false quickAccessShouldShow=false autoTdpPackage=null boundPackage=com.miHoYo.Yuanshen lastForeground=com.miHoYo.Yuanshen
2026-08-02 15:12:38 PulseDaemon: cap write via daemon (5 node(s))
2026-08-02 15:12:39 PulseAutoTdp: TICK-SKIP overlayShouldShow=false autoActive=false quickAccessShouldShow=false autoTdpPackage=null boundPackage=com.miHoYo.Yuanshen lastForeground=com.miHoYo.Yuanshen
2026-08-02 15:12:41 PulseAutoTdp: TICK-SKIP overlayShouldShow=false autoActive=false quickAccessShouldShow=false autoTdpPackage=null boundPackage=com.miHoYo.Yuanshen lastForeground=com.miHoYo.Yuanshen
2026-08-02 15:12:41 PulseDaemon: cap write via daemon (5 node(s))
2026-08-02 15:12:42 PulseAutoTdp: TICK-SKIP overlayShouldShow=false autoActive=false quickAccessShouldShow=false autoTdpPackage=null boundPackage=com.miHoYo.Yuanshen lastForeground=com.miHoYo.Yuanshen
2026-08-02 15:12:43 PulseAutoTdp: TICK-SKIP overlayShouldShow=false autoActive=false quickAccessShouldShow=false autoTdpPackage=null boundPackage=com.miHoYo.Yuanshen lastForeground=com.miHoYo.Yuanshen
2026-08-02 15:12:44 PulseDaemon: cap write via daemon (5 node(s))
2026-08-02 15:12:45 PulseAutoTdp: TICK-SKIP overlayShouldShow=false autoActive=false quickAccessShouldShow=false autoTdpPackage=null boundPackage=com.miHoYo.Yuanshen lastForeground=com.miHoYo.Yuanshen
2026-08-02 15:12:46 PulseAutoTdp: TICK-SKIP overlayShouldShow=false autoActive=false quickAccessShouldShow=false autoTdpPackage=null boundPackage=com.miHoYo.Yuanshen lastForeground=com.miHoYo.Yuanshen
2026-08-02 15:12:47 PulseDaemon: cap write via daemon (5 node(s))
2026-08-02 15:12:48 PulseAutoTdp: TICK-SKIP overlayShouldShow=false autoActive=false quickAccessShouldShow=false autoTdpPackage=null boundPackage=com.miHoYo.Yuanshen lastForeground=com.miHoYo.Yuanshen
2026-08-02 15:12:49 PulseAutoTdp: TICK-SKIP overlayShouldShow=false autoActive=false quickAccessShouldShow=false autoTdpPackage=null boundPackage=com.miHoYo.Yuanshen lastForeground=com.miHoYo.Yuanshen
2026-08-02 15:12:50 PulseDaemon: cap write via daemon (5 node(s))
2026-08-02 15:12:51 PulseAutoTdp: TICK-SKIP overlayShouldShow=false autoActive=false quickAccessShouldShow=false autoTdpPackage=null boundPackage=com.miHoYo.Yuanshen lastForeground=com.miHoYo.Yuanshen
2026-08-02 15:12:52 PulseAutoTdp: TICK-SKIP overlayShouldShow=false autoActive=false quickAccessShouldShow=false autoTdpPackage=null boundPackage=com.miHoYo.Yuanshen lastForeground=com.miHoYo.Yuanshen
2026-08-02 15:12:52 PulseDaemon: cap write via daemon (5 node(s))
2026-08-02 15:12:53 PulseAutoTdp: TICK-SKIP overlayShouldShow=false autoActive=false quickAccessShouldShow=false autoTdpPackage=null boundPackage=com.miHoYo.Yuanshen lastForeground=com.miHoYo.Yuanshen
2026-08-02 15:12:55 PulseAutoTdp: TICK-SKIP overlayShouldShow=false autoActive=false quickAccessShouldShow=false autoTdpPackage=null boundPackage=com.miHoYo.Yuanshen lastForeground=com.miHoYo.Yuanshen
2026-08-02 15:12:55 PulseDaemon: cap write via daemon (5 node(s))
2026-08-02 15:12:56 PulseAutoTdp: TICK-SKIP overlayShouldShow=false autoActive=false quickAccessShouldShow=false autoTdpPackage=null boundPackage=com.miHoYo.Yuanshen lastForeground=com.miHoYo.Yuanshen
# ... 2 more identical lines elided (same content, only timestamp differs) ...
2026-08-02 15:13:00 PulseAutoTdp: TICK-SKIP overlayShouldShow=false autoActive=false quickAccessShouldShow=false autoTdpPackage=null boundPackage=com.miHoYo.Yuanshen lastForeground=com.miHoYo.Yuanshen
2026-08-02 15:13:01 PulseDaemon: cap write via daemon (5 node(s))
2026-08-02 15:13:02 PulseAutoTdp: TICK-SKIP overlayShouldShow=false autoActive=false quickAccessShouldShow=false autoTdpPackage=null boundPackage=com.miHoYo.Yuanshen lastForeground=com.miHoYo.Yuanshen
2026-08-02 15:13:03 PulseAutoTdp: TICK-SKIP overlayShouldShow=false autoActive=false quickAccessShouldShow=false autoTdpPackage=null boundPackage=com.miHoYo.Yuanshen lastForeground=com.miHoYo.Yuanshen
2026-08-02 15:13:04 PulseDaemon: cap write via daemon (5 node(s))
2026-08-02 15:13:05 PulseAutoTdp: TICK-SKIP overlayShouldShow=false autoActive=false quickAccessShouldShow=false autoTdpPackage=null boundPackage=com.miHoYo.Yuanshen lastForeground=com.miHoYo.Yuanshen
2026-08-02 15:13:06 PulseAutoTdp: TICK-SKIP overlayShouldShow=false autoActive=false quickAccessShouldShow=false autoTdpPackage=null boundPackage=com.miHoYo.Yuanshen lastForeground=com.miHoYo.Yuanshen
2026-08-02 15:13:06 PulseDaemon: cap write via daemon (5 node(s))
2026-08-02 15:13:08 PulseAutoTdp: TICK-SKIP overlayShouldShow=false autoActive=false quickAccessShouldShow=false autoTdpPackage=null boundPackage=com.miHoYo.Yuanshen lastForeground=com.miHoYo.Yuanshen
2026-08-02 15:13:09 PulseAutoTdp: TICK-SKIP overlayShouldShow=false autoActive=false quickAccessShouldShow=false autoTdpPackage=null boundPackage=com.miHoYo.Yuanshen lastForeground=com.miHoYo.Yuanshen
2026-08-02 15:13:09 PulseDaemon: cap write via daemon (5 node(s))
2026-08-02 15:13:10 PulseAutoTdp: TICK-SKIP overlayShouldShow=false autoActive=false quickAccessShouldShow=false autoTdpPackage=null boundPackage=com.miHoYo.Yuanshen lastForeground=com.miHoYo.Yuanshen
2026-08-02 15:13:12 PulseAutoTdp: TICK-SKIP overlayShouldShow=false autoActive=false quickAccessShouldShow=false autoTdpPackage=null boundPackage=com.miHoYo.Yuanshen lastForeground=com.miHoYo.Yuanshen
2026-08-02 15:13:12 PulseDaemon: cap write via daemon (5 node(s))
2026-08-02 15:13:13 PulseAutoTdp: TICK-SKIP overlayShouldShow=false autoActive=false quickAccessShouldShow=false autoTdpPackage=null boundPackage=com.miHoYo.Yuanshen lastForeground=com.miHoYo.Yuanshen
2026-08-02 15:13:15 PulseAutoTdp: TICK-SKIP overlayShouldShow=false autoActive=false quickAccessShouldShow=false autoTdpPackage=null boundPackage=com.miHoYo.Yuanshen lastForeground=com.miHoYo.Yuanshen
2026-08-02 15:13:15 PulseDaemon: cap write via daemon (5 node(s))
2026-08-02 15:13:16 PulseAutoTdp: TICK-SKIP overlayShouldShow=false autoActive=false quickAccessShouldShow=false autoTdpPackage=null boundPackage=com.miHoYo.Yuanshen lastForeground=com.miHoYo.Yuanshen
2026-08-02 15:13:17 PulseAutoTdp: TICK-SKIP overlayShouldShow=false autoActive=false quickAccessShouldShow=false autoTdpPackage=null boundPackage=com.miHoYo.Yuanshen lastForeground=com.miHoYo.Yuanshen
2026-08-02 15:13:18 PulseDaemon: cap write via daemon (5 node(s))
2026-08-02 15:13:19 PulseAutoTdp: TICK-SKIP overlayShouldShow=false autoActive=false quickAccessShouldShow=false autoTdpPackage=null boundPackage=com.miHoYo.Yuanshen lastForeground=com.miHoYo.Yuanshen
2026-08-02 15:13:20 PulseAutoTdp: TICK-SKIP overlayShouldShow=false autoActive=false quickAccessShouldShow=false autoTdpPackage=null boundPackage=com.miHoYo.Yuanshen lastForeground=com.miHoYo.Yuanshen
2026-08-02 15:13:21 PulseDaemon: cap write via daemon (5 node(s))
2026-08-02 15:13:22 PulseAutoTdp: TICK-SKIP overlayShouldShow=false autoActive=false quickAccessShouldShow=false autoTdpPackage=null boundPackage=com.miHoYo.Yuanshen lastForeground=com.miHoYo.Yuanshen
2026-08-02 15:13:23 PulseAutoTdp: TICK-SKIP overlayShouldShow=false autoActive=false quickAccessShouldShow=false autoTdpPackage=null boundPackage=com.miHoYo.Yuanshen lastForeground=com.miHoYo.Yuanshen
2026-08-02 15:13:23 PulseDaemon: cap write via daemon (5 node(s))
2026-08-02 15:13:25 PulseAutoTdp: TICK-SKIP overlayShouldShow=false autoActive=false quickAccessShouldShow=false autoTdpPackage=null boundPackage=com.miHoYo.Yuanshen lastForeground=com.miHoYo.Yuanshen
2026-08-02 15:13:26 PulseAutoTdp: TICK-SKIP overlayShouldShow=false autoActive=false quickAccessShouldShow=false autoTdpPackage=null boundPackage=com.miHoYo.Yuanshen lastForeground=com.miHoYo.Yuanshen
2026-08-02 15:13:26 PulseDaemon: cap write via daemon (5 node(s))
2026-08-02 15:13:27 PulseAutoTdp: TICK-SKIP overlayShouldShow=false autoActive=false quickAccessShouldShow=false autoTdpPackage=null boundPackage=com.miHoYo.Yuanshen lastForeground=com.miHoYo.Yuanshen
2026-08-02 15:13:29 PulseAutoTdp: TICK-SKIP overlayShouldShow=false autoActive=false quickAccessShouldShow=false autoTdpPackage=null boundPackage=com.miHoYo.Yuanshen lastForeground=com.miHoYo.Yuanshen
2026-08-02 15:13:29 PulseDaemon: cap write via daemon (5 node(s))
2026-08-02 15:13:30 PulseAutoTdp: TICK-SKIP overlayShouldShow=false autoActive=false quickAccessShouldShow=false autoTdpPackage=null boundPackage=com.miHoYo.Yuanshen lastForeground=com.miHoYo.Yuanshen
2026-08-02 15:13:32 PulseAutoTdp: TICK-SKIP overlayShouldShow=false autoActive=false quickAccessShouldShow=false autoTdpPackage=null boundPackage=com.miHoYo.Yuanshen lastForeground=com.miHoYo.Yuanshen
2026-08-02 15:13:32 PulseDaemon: cap write via daemon (5 node(s))
2026-08-02 15:13:33 PulseAutoTdp: TICK-SKIP overlayShouldShow=false autoActive=false quickAccessShouldShow=false autoTdpPackage=null boundPackage=com.miHoYo.Yuanshen lastForeground=com.miHoYo.Yuanshen
2026-08-02 15:13:34 PulseAutoTdp: TICK-SKIP overlayShouldShow=false autoActive=false quickAccessShouldShow=false autoTdpPackage=null boundPackage=com.miHoYo.Yuanshen lastForeground=com.miHoYo.Yuanshen
2026-08-02 15:13:35 PulseDaemon: cap write via daemon (5 node(s))
2026-08-02 15:13:36 PulseAutoTdp: TICK-SKIP overlayShouldShow=false autoActive=false quickAccessShouldShow=false autoTdpPackage=null boundPackage=com.miHoYo.Yuanshen lastForeground=com.miHoYo.Yuanshen
2026-08-02 15:13:37 PulseAutoTdp: TICK-SKIP overlayShouldShow=false autoActive=false quickAccessShouldShow=false autoTdpPackage=null boundPackage=com.miHoYo.Yuanshen lastForeground=com.miHoYo.Yuanshen
2026-08-02 15:13:38 PulseDaemon: cap write via daemon (5 node(s))
2026-08-02 15:13:39 PulseAutoTdp: TICK-SKIP overlayShouldShow=false autoActive=false quickAccessShouldShow=false autoTdpPackage=null boundPackage=com.miHoYo.Yuanshen lastForeground=com.miHoYo.Yuanshen
2026-08-02 15:13:40 PulseAutoTdp: TICK-SKIP overlayShouldShow=false autoActive=false quickAccessShouldShow=false autoTdpPackage=null boundPackage=com.miHoYo.Yuanshen lastForeground=com.miHoYo.Yuanshen
2026-08-02 15:13:41 PulseDaemon: cap write via daemon (5 node(s))
2026-08-02 15:13:42 PulseAutoTdp: TICK-SKIP overlayShouldShow=false autoActive=false quickAccessShouldShow=false autoTdpPackage=null boundPackage=com.miHoYo.Yuanshen lastForeground=com.miHoYo.Yuanshen
2026-08-02 15:13:43 PulseAutoTdp: TICK-SKIP overlayShouldShow=false autoActive=false quickAccessShouldShow=false autoTdpPackage=null boundPackage=com.miHoYo.Yuanshen lastForeground=com.miHoYo.Yuanshen
2026-08-02 15:13:43 PulseDaemon: cap write via daemon (5 node(s))
2026-08-02 15:13:44 PulseAutoTdp: TICK-SKIP overlayShouldShow=false autoActive=false quickAccessShouldShow=false autoTdpPackage=null boundPackage=com.miHoYo.Yuanshen lastForeground=com.miHoYo.Yuanshen
2026-08-02 15:13:46 PulseAutoTdp: TICK-SKIP overlayShouldShow=false autoActive=false quickAccessShouldShow=false autoTdpPackage=null boundPackage=com.miHoYo.Yuanshen lastForeground=com.miHoYo.Yuanshen
2026-08-02 15:13:46 PulseDaemon: cap write via daemon (5 node(s))
2026-08-02 15:13:47 PulseAutoTdp: TICK-SKIP overlayShouldShow=false autoActive=false quickAccessShouldShow=false autoTdpPackage=null boundPackage=com.miHoYo.Yuanshen lastForeground=com.miHoYo.Yuanshen
2026-08-02 15:13:49 PulseAutoTdp: TICK-SKIP overlayShouldShow=false autoActive=false quickAccessShouldShow=false autoTdpPackage=null boundPackage=com.miHoYo.Yuanshen lastForeground=com.miHoYo.Yuanshen
2026-08-02 15:13:49 PulseDaemon: cap write via daemon (5 node(s))
2026-08-02 15:13:50 PulseAutoTdp: TICK-SKIP overlayShouldShow=false autoActive=false quickAccessShouldShow=false autoTdpPackage=null boundPackage=com.miHoYo.Yuanshen lastForeground=com.miHoYo.Yuanshen
2026-08-02 15:13:51 PulseAutoTdp: TICK-SKIP overlayShouldShow=false autoActive=false quickAccessShouldShow=false autoTdpPackage=null boundPackage=com.miHoYo.Yuanshen lastForeground=com.miHoYo.Yuanshen
2026-08-02 15:13:52 PulseDaemon: cap write via xsu fallback (5 node(s), ~1034 chars, chunked)
2026-08-02 15:13:53 PulseAutoTdp: TICK-SKIP overlayShouldShow=false autoActive=false quickAccessShouldShow=false autoTdpPackage=null boundPackage=com.miHoYo.Yuanshen lastForeground=com.miHoYo.Yuanshen
2026-08-02 15:13:54 PulseAutoTdp: TICK-SKIP overlayShouldShow=false autoActive=false quickAccessShouldShow=false autoTdpPackage=null boundPackage=com.miHoYo.Yuanshen lastForeground=com.miHoYo.Yuanshen
2026-08-02 15:13:55 PulseDaemon: cap write via daemon (5 node(s))
2026-08-02 15:13:56 PulseAutoTdp: TICK-SKIP overlayShouldShow=false autoActive=false quickAccessShouldShow=false autoTdpPackage=null boundPackage=com.miHoYo.Yuanshen lastForeground=com.miHoYo.Yuanshen
2026-08-02 15:13:57 PulseAutoTdp: TICK-SKIP overlayShouldShow=false autoActive=false quickAccessShouldShow=false autoTdpPackage=null boundPackage=com.miHoYo.Yuanshen lastForeground=com.miHoYo.Yuanshen
2026-08-02 15:13:58 PulseDaemon: cap write via daemon (5 node(s))
2026-08-02 15:13:59 PulseAutoTdp: TICK-SKIP overlayShouldShow=false autoActive=false quickAccessShouldShow=false autoTdpPackage=null boundPackage=com.miHoYo.Yuanshen lastForeground=com.miHoYo.Yuanshen
2026-08-02 15:14:00 PulseAutoTdp: TICK-SKIP overlayShouldShow=false autoActive=false quickAccessShouldShow=false autoTdpPackage=null boundPackage=com.miHoYo.Yuanshen lastForeground=com.miHoYo.Yuanshen
2026-08-02 15:14:01 PulseDaemon: cap write via daemon (5 node(s))
2026-08-02 15:14:02 PulseAutoTdp: TICK-SKIP overlayShouldShow=false autoActive=false quickAccessShouldShow=false autoTdpPackage=null boundPackage=com.miHoYo.Yuanshen lastForeground=com.miHoYo.Yuanshen
# ... 2 more identical lines elided (same content, only timestamp differs) ...
2026-08-02 15:14:06 PulseAutoTdp: TICK-SKIP overlayShouldShow=false autoActive=false quickAccessShouldShow=false autoTdpPackage=null boundPackage=com.miHoYo.Yuanshen lastForeground=com.miHoYo.Yuanshen
2026-08-02 15:14:06 PulseDaemon: cap write via daemon (5 node(s))
2026-08-02 15:14:07 PulseAutoTdp: TICK-SKIP overlayShouldShow=false autoActive=false quickAccessShouldShow=false autoTdpPackage=null boundPackage=com.miHoYo.Yuanshen lastForeground=com.miHoYo.Yuanshen
2026-08-02 15:14:09 PulseAutoTdp: TICK-SKIP overlayShouldShow=false autoActive=false quickAccessShouldShow=false autoTdpPackage=null boundPackage=com.miHoYo.Yuanshen lastForeground=com.miHoYo.Yuanshen
2026-08-02 15:14:09 PulseDaemon: cap write via daemon (5 node(s))
2026-08-02 15:14:10 PulseAutoTdp: TICK-SKIP overlayShouldShow=false autoActive=false quickAccessShouldShow=false autoTdpPackage=null boundPackage=com.miHoYo.Yuanshen lastForeground=com.miHoYo.Yuanshen
2026-08-02 15:14:11 PulseAutoTdp: TICK-SKIP overlayShouldShow=false autoActive=false quickAccessShouldShow=false autoTdpPackage=null boundPackage=com.miHoYo.Yuanshen lastForeground=com.miHoYo.Yuanshen
2026-08-02 15:14:12 PulseDaemon: cap write via daemon (5 node(s))
2026-08-02 15:14:13 PulseAutoTdp: TICK-SKIP overlayShouldShow=false autoActive=false quickAccessShouldShow=false autoTdpPackage=null boundPackage=com.miHoYo.Yuanshen lastForeground=com.miHoYo.Yuanshen
2026-08-02 15:14:14 PulseAutoTdp: TICK-SKIP overlayShouldShow=false autoActive=false quickAccessShouldShow=false autoTdpPackage=null boundPackage=com.miHoYo.Yuanshen lastForeground=com.miHoYo.Yuanshen
2026-08-02 15:14:15 PulseDaemon: cap write via daemon (5 node(s))
2026-08-02 15:14:16 PulseAutoTdp: TICK-SKIP overlayShouldShow=false autoActive=false quickAccessShouldShow=false autoTdpPackage=null boundPackage=com.miHoYo.Yuanshen lastForeground=com.miHoYo.Yuanshen
2026-08-02 15:14:17 PulseAutoTdp: TICK-SKIP overlayShouldShow=false autoActive=false quickAccessShouldShow=false autoTdpPackage=null boundPackage=com.miHoYo.Yuanshen lastForeground=com.miHoYo.Yuanshen
2026-08-02 15:14:17 PulseDaemon: cap write via daemon (5 node(s))
2026-08-02 15:14:18 PulseAutoTdp: TICK-SKIP overlayShouldShow=false autoActive=false quickAccessShouldShow=false autoTdpPackage=null boundPackage=com.miHoYo.Yuanshen lastForeground=com.miHoYo.Yuanshen
2026-08-02 15:14:20 PulseAutoTdp: TICK-SKIP overlayShouldShow=false autoActive=false quickAccessShouldShow=false autoTdpPackage=null boundPackage=com.miHoYo.Yuanshen lastForeground=com.miHoYo.Yuanshen
2026-08-02 15:14:20 PulseDaemon: cap write via daemon (5 node(s))
2026-08-02 15:14:21 PulseAutoTdp: TICK-SKIP overlayShouldShow=false autoActive=false quickAccessShouldShow=false autoTdpPackage=null boundPackage=com.miHoYo.Yuanshen lastForeground=com.miHoYo.Yuanshen
2026-08-02 15:14:23 PulseAutoTdp: TICK-SKIP overlayShouldShow=false autoActive=false quickAccessShouldShow=false autoTdpPackage=null boundPackage=com.miHoYo.Yuanshen lastForeground=com.miHoYo.Yuanshen
2026-08-02 15:14:23 PulseDaemon: cap write via daemon (5 node(s))
2026-08-02 15:14:24 PulseAutoTdp: TICK-SKIP overlayShouldShow=false autoActive=false quickAccessShouldShow=false autoTdpPackage=null boundPackage=com.miHoYo.Yuanshen lastForeground=com.miHoYo.Yuanshen
2026-08-02 15:14:25 PulseAutoTdp: TICK-SKIP overlayShouldShow=false autoActive=false quickAccessShouldShow=false autoTdpPackage=null boundPackage=com.miHoYo.Yuanshen lastForeground=com.miHoYo.Yuanshen
2026-08-02 15:14:26 PulseDaemon: cap write via daemon (5 node(s))
2026-08-02 15:14:27 PulseAutoTdp: TICK-SKIP overlayShouldShow=false autoActive=false quickAccessShouldShow=false autoTdpPackage=null boundPackage=com.miHoYo.Yuanshen lastForeground=com.miHoYo.Yuanshen
2026-08-02 15:14:28 PulseAutoTdp: TICK-SKIP overlayShouldShow=false autoActive=false quickAccessShouldShow=false autoTdpPackage=null boundPackage=com.miHoYo.Yuanshen lastForeground=com.miHoYo.Yuanshen
2026-08-02 15:14:29 PulseDaemon: cap write via daemon (5 node(s))
2026-08-02 15:14:30 PulseAutoTdp: TICK-SKIP overlayShouldShow=false autoActive=false quickAccessShouldShow=false autoTdpPackage=null boundPackage=com.miHoYo.Yuanshen lastForeground=com.miHoYo.Yuanshen
2026-08-02 15:14:31 PulseAutoTdp: TICK-SKIP overlayShouldShow=false autoActive=false quickAccessShouldShow=false autoTdpPackage=null boundPackage=com.miHoYo.Yuanshen lastForeground=com.miHoYo.Yuanshen
2026-08-02 15:14:32 PulseDaemon: cap write via daemon (5 node(s))
2026-08-02 15:14:33 PulseAutoTdp: TICK-SKIP overlayShouldShow=false autoActive=false quickAccessShouldShow=false autoTdpPackage=null boundPackage=com.miHoYo.Yuanshen lastForeground=com.miHoYo.Yuanshen
2026-08-02 15:14:34 PulseAutoTdp: TICK-SKIP overlayShouldShow=false autoActive=false quickAccessShouldShow=false autoTdpPackage=null boundPackage=com.miHoYo.Yuanshen lastForeground=com.miHoYo.Yuanshen
2026-08-02 15:14:34 PulseDaemon: cap write via daemon (5 node(s))
2026-08-02 15:14:35 PulseAutoTdp: TICK-SKIP overlayShouldShow=false autoActive=false quickAccessShouldShow=false autoTdpPackage=null boundPackage=com.miHoYo.Yuanshen lastForeground=com.miHoYo.Yuanshen
2026-08-02 15:14:37 PulseAutoTdp: TICK-SKIP overlayShouldShow=false autoActive=false quickAccessShouldShow=false autoTdpPackage=null boundPackage=com.miHoYo.Yuanshen lastForeground=com.miHoYo.Yuanshen
2026-08-02 15:14:37 PulseDaemon: cap write via daemon (5 node(s))
2026-08-02 15:14:38 PulseAutoTdp: TICK-SKIP overlayShouldShow=false autoActive=false quickAccessShouldShow=false autoTdpPackage=null boundPackage=com.miHoYo.Yuanshen lastForeground=com.miHoYo.Yuanshen
2026-08-02 15:14:40 PulseAutoTdp: TICK-SKIP overlayShouldShow=false autoActive=false quickAccessShouldShow=false autoTdpPackage=null boundPackage=com.miHoYo.Yuanshen lastForeground=com.miHoYo.Yuanshen
2026-08-02 15:14:40 PulseDaemon: cap write via daemon (5 node(s))
2026-08-02 15:14:41 PulseAutoTdp: TICK-SKIP overlayShouldShow=false autoActive=false quickAccessShouldShow=false autoTdpPackage=null boundPackage=com.miHoYo.Yuanshen lastForeground=com.miHoYo.Yuanshen
2026-08-02 15:14:42 PulseAutoTdp: TICK-SKIP overlayShouldShow=false autoActive=false quickAccessShouldShow=false autoTdpPackage=null boundPackage=com.miHoYo.Yuanshen lastForeground=com.miHoYo.Yuanshen
2026-08-02 15:14:43 PulseDaemon: cap write via daemon (5 node(s))
2026-08-02 15:14:44 PulseAutoTdp: TICK-SKIP overlayShouldShow=false autoActive=false quickAccessShouldShow=false autoTdpPackage=null boundPackage=com.miHoYo.Yuanshen lastForeground=com.miHoYo.Yuanshen
2026-08-02 15:14:45 PulseAutoTdp: TICK-SKIP overlayShouldShow=false autoActive=false quickAccessShouldShow=false autoTdpPackage=null boundPackage=com.miHoYo.Yuanshen lastForeground=com.miHoYo.Yuanshen
2026-08-02 15:14:46 PulseDaemon: cap write via daemon (5 node(s))
2026-08-02 15:14:47 PulseAutoTdp: TICK-SKIP overlayShouldShow=false autoActive=false quickAccessShouldShow=false autoTdpPackage=null boundPackage=com.miHoYo.Yuanshen lastForeground=com.miHoYo.Yuanshen
2026-08-02 15:14:48 PulseAutoTdp: TICK-SKIP overlayShouldShow=false autoActive=false quickAccessShouldShow=false autoTdpPackage=null boundPackage=com.miHoYo.Yuanshen lastForeground=com.miHoYo.Yuanshen
2026-08-02 15:14:49 PulseDaemon: cap write via daemon (5 node(s))
2026-08-02 15:14:50 PulseAutoTdp: TICK-SKIP overlayShouldShow=false autoActive=false quickAccessShouldShow=false autoTdpPackage=null boundPackage=com.miHoYo.Yuanshen lastForeground=com.miHoYo.Yuanshen
# ... 2 more identical lines elided (same content, only timestamp differs) ...
2026-08-02 15:14:54 PulseAutoTdp: TICK-SKIP overlayShouldShow=false autoActive=false quickAccessShouldShow=false autoTdpPackage=null boundPackage=com.miHoYo.Yuanshen lastForeground=com.miHoYo.Yuanshen
2026-08-02 15:14:54 PulseDaemon: cap write via daemon (5 node(s))
2026-08-02 15:14:55 PulseAutoTdp: TICK-SKIP overlayShouldShow=false autoActive=false quickAccessShouldShow=false autoTdpPackage=null boundPackage=com.miHoYo.Yuanshen lastForeground=com.miHoYo.Yuanshen
2026-08-02 15:14:57 PulseAutoTdp: TICK-SKIP overlayShouldShow=false autoActive=false quickAccessShouldShow=false autoTdpPackage=null boundPackage=com.miHoYo.Yuanshen lastForeground=com.miHoYo.Yuanshen
2026-08-02 15:14:57 PulseDaemon: cap write via daemon (5 node(s))
2026-08-02 15:14:58 PulseAutoTdp: TICK-SKIP overlayShouldShow=false autoActive=false quickAccessShouldShow=false autoTdpPackage=null boundPackage=com.miHoYo.Yuanshen lastForeground=com.miHoYo.Yuanshen
2026-08-02 15:14:59 PulseAutoTdp: TICK-SKIP overlayShouldShow=false autoActive=false quickAccessShouldShow=false autoTdpPackage=null boundPackage=com.miHoYo.Yuanshen lastForeground=com.miHoYo.Yuanshen
2026-08-02 15:15:00 PulseDaemon: cap write via daemon (5 node(s))
2026-08-02 15:15:01 PulseAutoTdp: TICK-SKIP overlayShouldShow=false autoActive=false quickAccessShouldShow=false autoTdpPackage=null boundPackage=com.miHoYo.Yuanshen lastForeground=com.miHoYo.Yuanshen
2026-08-02 15:15:02 PulseAutoTdp: TICK-SKIP overlayShouldShow=false autoActive=false quickAccessShouldShow=false autoTdpPackage=null boundPackage=com.miHoYo.Yuanshen lastForeground=com.miHoYo.Yuanshen
2026-08-02 15:15:03 PulseDaemon: cap write via daemon (5 node(s))
2026-08-02 15:15:04 PulseAutoTdp: TICK-SKIP overlayShouldShow=false autoActive=false quickAccessShouldShow=false autoTdpPackage=null boundPackage=com.miHoYo.Yuanshen lastForeground=com.miHoYo.Yuanshen
2026-08-02 15:15:05 PulseAutoTdp: TICK-SKIP overlayShouldShow=false autoActive=false quickAccessShouldShow=false autoTdpPackage=null boundPackage=com.miHoYo.Yuanshen lastForeground=com.miHoYo.Yuanshen
2026-08-02 15:15:06 PulseDaemon: cap write via daemon (5 node(s))
2026-08-02 15:15:07 PulseAutoTdp: TICK-SKIP overlayShouldShow=false autoActive=false quickAccessShouldShow=false autoTdpPackage=null boundPackage=com.miHoYo.Yuanshen lastForeground=com.miHoYo.Yuanshen
2026-08-02 15:15:08 PulseAutoTdp: TICK-SKIP overlayShouldShow=false autoActive=false quickAccessShouldShow=false autoTdpPackage=null boundPackage=com.miHoYo.Yuanshen lastForeground=com.miHoYo.Yuanshen
2026-08-02 15:15:08 PulseDaemon: cap write via daemon (5 node(s))
2026-08-02 15:15:09 PulseAutoTdp: TICK-SKIP overlayShouldShow=false autoActive=false quickAccessShouldShow=false autoTdpPackage=null boundPackage=com.miHoYo.Yuanshen lastForeground=com.miHoYo.Yuanshen
2026-08-02 15:15:11 PulseAutoTdp: TICK-SKIP overlayShouldShow=false autoActive=false quickAccessShouldShow=false autoTdpPackage=null boundPackage=com.miHoYo.Yuanshen lastForeground=com.miHoYo.Yuanshen
2026-08-02 15:15:11 PulseDaemon: cap write via daemon (5 node(s))
2026-08-02 15:15:12 PulseAutoTdp: TICK-SKIP overlayShouldShow=false autoActive=false quickAccessShouldShow=false autoTdpPackage=null boundPackage=com.miHoYo.Yuanshen lastForeground=com.miHoYo.Yuanshen
2026-08-02 15:15:14 PulseAutoTdp: TICK-SKIP overlayShouldShow=false autoActive=false quickAccessShouldShow=false autoTdpPackage=null boundPackage=com.miHoYo.Yuanshen lastForeground=com.miHoYo.Yuanshen
2026-08-02 15:15:14 PulseDaemon: cap write via daemon (5 node(s))
2026-08-02 15:15:15 PulseAutoTdp: TICK-SKIP overlayShouldShow=false autoActive=false quickAccessShouldShow=false autoTdpPackage=null boundPackage=com.miHoYo.Yuanshen lastForeground=com.miHoYo.Yuanshen
2026-08-02 15:15:16 PulseAutoTdp: TICK-SKIP overlayShouldShow=false autoActive=false quickAccessShouldShow=false autoTdpPackage=null boundPackage=com.miHoYo.Yuanshen lastForeground=com.miHoYo.Yuanshen
2026-08-02 15:15:17 PulseDaemon: cap write via daemon (5 node(s))
2026-08-02 15:15:18 PulseAutoTdp: TICK-SKIP overlayShouldShow=false autoActive=false quickAccessShouldShow=false autoTdpPackage=null boundPackage=com.miHoYo.Yuanshen lastForeground=com.miHoYo.Yuanshen
2026-08-02 15:15:19 PulseAutoTdp: TICK-SKIP overlayShouldShow=false autoActive=false quickAccessShouldShow=false autoTdpPackage=null boundPackage=com.miHoYo.Yuanshen lastForeground=com.miHoYo.Yuanshen
2026-08-02 15:15:20 PulseDaemon: cap write via daemon (5 node(s))
2026-08-02 15:15:21 PulseAutoTdp: TICK-SKIP overlayShouldShow=false autoActive=false quickAccessShouldShow=false autoTdpPackage=null boundPackage=com.miHoYo.Yuanshen lastForeground=com.miHoYo.Yuanshen
2026-08-02 15:15:22 PulseAutoTdp: TICK-SKIP overlayShouldShow=false autoActive=false quickAccessShouldShow=false autoTdpPackage=null boundPackage=com.miHoYo.Yuanshen lastForeground=com.miHoYo.Yuanshen
2026-08-02 15:15:23 PulseDaemon: cap write via daemon (5 node(s))
2026-08-02 15:15:24 PulseAutoTdp: TICK-SKIP overlayShouldShow=false autoActive=false quickAccessShouldShow=false autoTdpPackage=null boundPackage=com.miHoYo.Yuanshen lastForeground=com.miHoYo.Yuanshen
2026-08-02 15:15:25 PulseAutoTdp: TICK-SKIP overlayShouldShow=false autoActive=false quickAccessShouldShow=false autoTdpPackage=null boundPackage=com.miHoYo.Yuanshen lastForeground=com.miHoYo.Yuanshen
2026-08-02 15:15:25 PulseDaemon: cap write via daemon (5 node(s))
2026-08-02 15:15:26 PulseAutoTdp: TICK-SKIP overlayShouldShow=false autoActive=false quickAccessShouldShow=false autoTdpPackage=null boundPackage=com.miHoYo.Yuanshen lastForeground=com.miHoYo.Yuanshen
2026-08-02 15:15:28 PulseAutoTdp: TICK-SKIP overlayShouldShow=false autoActive=false quickAccessShouldShow=false autoTdpPackage=null boundPackage=com.miHoYo.Yuanshen lastForeground=com.miHoYo.Yuanshen
2026-08-02 15:15:28 PulseDaemon: cap write via daemon (5 node(s))
2026-08-02 15:15:29 PulseAutoTdp: TICK-SKIP overlayShouldShow=false autoActive=false quickAccessShouldShow=false autoTdpPackage=null boundPackage=com.miHoYo.Yuanshen lastForeground=com.miHoYo.Yuanshen
2026-08-02 15:15:31 PulseAutoTdp: TICK-SKIP overlayShouldShow=false autoActive=false quickAccessShouldShow=false autoTdpPackage=null boundPackage=com.miHoYo.Yuanshen lastForeground=com.miHoYo.Yuanshen
2026-08-02 15:15:31 PulseDaemon: cap write via daemon (5 node(s))
2026-08-02 15:15:32 PulseAutoTdp: TICK-SKIP overlayShouldShow=false autoActive=false quickAccessShouldShow=false autoTdpPackage=null boundPackage=com.miHoYo.Yuanshen lastForeground=com.miHoYo.Yuanshen
2026-08-02 15:15:33 PulseAutoTdp: TICK-SKIP overlayShouldShow=false autoActive=false quickAccessShouldShow=false autoTdpPackage=null boundPackage=com.miHoYo.Yuanshen lastForeground=com.miHoYo.Yuanshen
2026-08-02 15:15:34 PulseDaemon: cap write via daemon (5 node(s))
2026-08-02 15:15:35 PulseAutoTdp: TICK-SKIP overlayShouldShow=false autoActive=false quickAccessShouldShow=false autoTdpPackage=null boundPackage=com.miHoYo.Yuanshen lastForeground=com.miHoYo.Yuanshen
2026-08-02 15:15:36 PulseAutoTdp: TICK-SKIP overlayShouldShow=false autoActive=false quickAccessShouldShow=false autoTdpPackage=null boundPackage=com.miHoYo.Yuanshen lastForeground=com.miHoYo.Yuanshen
2026-08-02 15:15:37 PulseDaemon: cap write via daemon (5 node(s))
2026-08-02 15:15:38 PulseAutoTdp: TICK-SKIP overlayShouldShow=false autoActive=false quickAccessShouldShow=false autoTdpPackage=null boundPackage=com.miHoYo.Yuanshen lastForeground=com.miHoYo.Yuanshen
2026-08-02 15:15:39 PulseAutoTdp: TICK-SKIP overlayShouldShow=false autoActive=false quickAccessShouldShow=false autoTdpPackage=null boundPackage=com.miHoYo.Yuanshen lastForeground=com.miHoYo.Yuanshen
2026-08-02 15:15:40 PulseDaemon: cap write via daemon (5 node(s))
2026-08-02 15:15:41 PulseAutoTdp: TICK-SKIP overlayShouldShow=false autoActive=false quickAccessShouldShow=false autoTdpPackage=null boundPackage=com.miHoYo.Yuanshen lastForeground=com.miHoYo.Yuanshen
2026-08-02 15:15:42 PulseAutoTdp: TICK-SKIP overlayShouldShow=false autoActive=false quickAccessShouldShow=false autoTdpPackage=null boundPackage=com.miHoYo.Yuanshen lastForeground=com.miHoYo.Yuanshen
2026-08-02 15:15:42 PulseDaemon: cap write via daemon (5 node(s))
2026-08-02 15:15:43 PulseAutoTdp: TICK-SKIP overlayShouldShow=false autoActive=false quickAccessShouldShow=false autoTdpPackage=null boundPackage=com.miHoYo.Yuanshen lastForeground=com.miHoYo.Yuanshen
2026-08-02 15:15:45 PulseAutoTdp: TICK-SKIP overlayShouldShow=false autoActive=false quickAccessShouldShow=false autoTdpPackage=null boundPackage=com.miHoYo.Yuanshen lastForeground=com.miHoYo.Yuanshen
2026-08-02 15:15:45 PulseDaemon: cap write via daemon (5 node(s))
2026-08-02 15:15:46 PulseAutoTdp: TICK-SKIP overlayShouldShow=false autoActive=false quickAccessShouldShow=false autoTdpPackage=null boundPackage=com.miHoYo.Yuanshen lastForeground=com.miHoYo.Yuanshen
2026-08-02 15:15:48 PulseAutoTdp: TICK-SKIP overlayShouldShow=false autoActive=false quickAccessShouldShow=false autoTdpPackage=null boundPackage=com.miHoYo.Yuanshen lastForeground=com.miHoYo.Yuanshen
2026-08-02 15:15:48 PulseDaemon: cap write via daemon (5 node(s))
2026-08-02 15:15:49 PulseAutoTdp: TICK-SKIP overlayShouldShow=false autoActive=false quickAccessShouldShow=false autoTdpPackage=null boundPackage=com.miHoYo.Yuanshen lastForeground=com.miHoYo.Yuanshen
2026-08-02 15:15:50 PulseAutoTdp: TICK-SKIP overlayShouldShow=false autoActive=false quickAccessShouldShow=false autoTdpPackage=null boundPackage=com.miHoYo.Yuanshen lastForeground=com.miHoYo.Yuanshen
2026-08-02 15:15:51 PulseDaemon: cap write via daemon (5 node(s))
2026-08-02 15:15:52 PulseAutoTdp: TICK-SKIP overlayShouldShow=false autoActive=false quickAccessShouldShow=false autoTdpPackage=null boundPackage=com.miHoYo.Yuanshen lastForeground=com.miHoYo.Yuanshen
2026-08-02 15:15:53 PulseAutoTdp: TICK-SKIP overlayShouldShow=false autoActive=false quickAccessShouldShow=false autoTdpPackage=null boundPackage=com.miHoYo.Yuanshen lastForeground=com.miHoYo.Yuanshen
2026-08-02 15:15:54 PulseDaemon: cap write via daemon (5 node(s))
2026-08-02 15:15:55 PulseAutoTdp: TICK-SKIP overlayShouldShow=false autoActive=false quickAccessShouldShow=false autoTdpPackage=null boundPackage=com.miHoYo.Yuanshen lastForeground=com.miHoYo.Yuanshen
2026-08-02 15:15:56 PulseAutoTdp: TICK-SKIP overlayShouldShow=false autoActive=false quickAccessShouldShow=false autoTdpPackage=null boundPackage=com.miHoYo.Yuanshen lastForeground=com.miHoYo.Yuanshen
2026-08-02 15:15:57 PulseDaemon: cap write via daemon (5 node(s))
2026-08-02 15:15:58 PulseAutoTdp: TICK-SKIP overlayShouldShow=false autoActive=false quickAccessShouldShow=false autoTdpPackage=null boundPackage=com.miHoYo.Yuanshen lastForeground=com.miHoYo.Yuanshen
2026-08-02 15:15:59 PulseAutoTdp: TICK-SKIP overlayShouldShow=false autoActive=false quickAccessShouldShow=false autoTdpPackage=null boundPackage=com.miHoYo.Yuanshen lastForeground=com.miHoYo.Yuanshen
2026-08-02 15:15:59 PulseDaemon: cap write via daemon (5 node(s))
2026-08-02 15:16:00 PulseAutoTdp: TICK-SKIP overlayShouldShow=false autoActive=false quickAccessShouldShow=false autoTdpPackage=null boundPackage=com.miHoYo.Yuanshen lastForeground=com.miHoYo.Yuanshen
2026-08-02 15:16:02 PulseAutoTdp: TICK-SKIP overlayShouldShow=false autoActive=false quickAccessShouldShow=false autoTdpPackage=null boundPackage=com.miHoYo.Yuanshen lastForeground=com.miHoYo.Yuanshen
2026-08-02 15:16:02 PulseDaemon: cap write via daemon (5 node(s))
2026-08-02 15:16:03 PulseAutoTdp: TICK-SKIP overlayShouldShow=false autoActive=false quickAccessShouldShow=false autoTdpPackage=null boundPackage=com.miHoYo.Yuanshen lastForeground=com.miHoYo.Yuanshen
2026-08-02 15:16:05 PulseAutoTdp: TICK-SKIP overlayShouldShow=false autoActive=false quickAccessShouldShow=false autoTdpPackage=null boundPackage=com.miHoYo.Yuanshen lastForeground=com.miHoYo.Yuanshen
2026-08-02 15:16:05 PulseDaemon: cap write via daemon (5 node(s))
2026-08-02 15:16:06 PulseAutoTdp: TICK-SKIP overlayShouldShow=false autoActive=false quickAccessShouldShow=false autoTdpPackage=null boundPackage=com.miHoYo.Yuanshen lastForeground=com.miHoYo.Yuanshen
2026-08-02 15:16:07 PulseAutoTdp: TICK-SKIP overlayShouldShow=false autoActive=false quickAccessShouldShow=false autoTdpPackage=null boundPackage=com.miHoYo.Yuanshen lastForeground=com.miHoYo.Yuanshen
2026-08-02 15:16:08 PulseDaemon: cap write via daemon (5 node(s))
2026-08-02 15:16:09 PulseAutoTdp: TICK-SKIP overlayShouldShow=false autoActive=false quickAccessShouldShow=false autoTdpPackage=null boundPackage=com.miHoYo.Yuanshen lastForeground=com.miHoYo.Yuanshen
2026-08-02 15:16:10 PulseAutoTdp: TICK-SKIP overlayShouldShow=false autoActive=false quickAccessShouldShow=false autoTdpPackage=null boundPackage=com.miHoYo.Yuanshen lastForeground=com.miHoYo.Yuanshen
2026-08-02 15:16:11 PulseDaemon: cap write via daemon (5 node(s))
2026-08-02 15:16:12 PulseAutoTdp: TICK-SKIP overlayShouldShow=false autoActive=false quickAccessShouldShow=false autoTdpPackage=null boundPackage=com.miHoYo.Yuanshen lastForeground=com.miHoYo.Yuanshen
2026-08-02 15:16:13 PulseAutoTdp: TICK-SKIP overlayShouldShow=false autoActive=false quickAccessShouldShow=false autoTdpPackage=null boundPackage=com.miHoYo.Yuanshen lastForeground=com.miHoYo.Yuanshen
2026-08-02 15:16:13 PulseDaemon: cap write via daemon (5 node(s))
2026-08-02 15:16:15 PulseAutoTdp: TICK-SKIP overlayShouldShow=false autoActive=false quickAccessShouldShow=false autoTdpPackage=null boundPackage=com.miHoYo.Yuanshen lastForeground=com.miHoYo.Yuanshen
2026-08-02 15:16:16 PulseAutoTdp: TICK-SKIP overlayShouldShow=false autoActive=false quickAccessShouldShow=false autoTdpPackage=null boundPackage=com.miHoYo.Yuanshen lastForeground=com.miHoYo.Yuanshen
2026-08-02 15:16:16 PulseDaemon: cap write via daemon (5 node(s))
2026-08-02 15:16:17 PulseAutoTdp: TICK-SKIP overlayShouldShow=false autoActive=false quickAccessShouldShow=false autoTdpPackage=null boundPackage=com.miHoYo.Yuanshen lastForeground=com.miHoYo.Yuanshen
2026-08-02 15:16:19 PulseAutoTdp: TICK-SKIP overlayShouldShow=false autoActive=false quickAccessShouldShow=false autoTdpPackage=null boundPackage=com.miHoYo.Yuanshen lastForeground=com.miHoYo.Yuanshen
2026-08-02 15:16:19 PulseDaemon: cap write via daemon (5 node(s))
2026-08-02 15:16:20 PulseAutoTdp: TICK-SKIP overlayShouldShow=false autoActive=false quickAccessShouldShow=false autoTdpPackage=null boundPackage=com.miHoYo.Yuanshen lastForeground=com.miHoYo.Yuanshen
2026-08-02 15:16:21 PulseAutoTdp: TICK-SKIP overlayShouldShow=false autoActive=false quickAccessShouldShow=false autoTdpPackage=null boundPackage=com.miHoYo.Yuanshen lastForeground=com.miHoYo.Yuanshen
2026-08-02 15:16:22 PulseDaemon: cap write via daemon (5 node(s))
2026-08-02 15:16:23 PulseAutoTdp: TICK-SKIP overlayShouldShow=false autoActive=false quickAccessShouldShow=false autoTdpPackage=null boundPackage=com.miHoYo.Yuanshen lastForeground=com.miHoYo.Yuanshen
2026-08-02 15:16:24 PulseAutoTdp: TICK-SKIP overlayShouldShow=false autoActive=false quickAccessShouldShow=false autoTdpPackage=null boundPackage=com.miHoYo.Yuanshen lastForeground=com.miHoYo.Yuanshen
2026-08-02 15:16:25 PulseDaemon: cap write via daemon (5 node(s))
2026-08-02 15:16:26 PulseAutoTdp: TICK-SKIP overlayShouldShow=false autoActive=false quickAccessShouldShow=false autoTdpPackage=null boundPackage=com.miHoYo.Yuanshen lastForeground=com.miHoYo.Yuanshen
2026-08-02 15:16:27 PulseAutoTdp: TICK-SKIP overlayShouldShow=false autoActive=false quickAccessShouldShow=false autoTdpPackage=null boundPackage=com.miHoYo.Yuanshen lastForeground=com.miHoYo.Yuanshen
2026-08-02 15:16:28 PulseDaemon: cap write via daemon (5 node(s))
2026-08-02 15:16:29 PulseAutoTdp: TICK-SKIP overlayShouldShow=false autoActive=false quickAccessShouldShow=false autoTdpPackage=null boundPackage=com.miHoYo.Yuanshen lastForeground=com.miHoYo.Yuanshen
2026-08-02 15:16:30 PulseAutoTdp: TICK-SKIP overlayShouldShow=false autoActive=false quickAccessShouldShow=false autoTdpPackage=null boundPackage=com.miHoYo.Yuanshen lastForeground=com.miHoYo.Yuanshen
2026-08-02 15:16:30 PulseDaemon: cap write via daemon (5 node(s))
2026-08-02 15:16:31 PulseAutoTdp: TICK-SKIP overlayShouldShow=false autoActive=false quickAccessShouldShow=false autoTdpPackage=null boundPackage=com.miHoYo.Yuanshen lastForeground=com.miHoYo.Yuanshen
2026-08-02 15:16:33 PulseAutoTdp: TICK-SKIP overlayShouldShow=false autoActive=false quickAccessShouldShow=false autoTdpPackage=null boundPackage=com.miHoYo.Yuanshen lastForeground=com.miHoYo.Yuanshen
2026-08-02 15:16:33 PulseDaemon: cap write via daemon (5 node(s))
2026-08-02 15:16:34 PulseAutoTdp: TICK-SKIP overlayShouldShow=false autoActive=false quickAccessShouldShow=false autoTdpPackage=null boundPackage=com.miHoYo.Yuanshen lastForeground=com.miHoYo.Yuanshen
2026-08-02 15:16:36 PulseAutoTdp: TICK-SKIP overlayShouldShow=false autoActive=false quickAccessShouldShow=false autoTdpPackage=null boundPackage=com.miHoYo.Yuanshen lastForeground=com.miHoYo.Yuanshen
2026-08-02 15:16:36 PulseDaemon: cap write via daemon (5 node(s))
2026-08-02 15:16:37 PulseAutoTdp: TICK-SKIP overlayShouldShow=false autoActive=false quickAccessShouldShow=false autoTdpPackage=null boundPackage=com.miHoYo.Yuanshen lastForeground=com.miHoYo.Yuanshen
2026-08-02 15:16:38 PulseAutoTdp: TICK-SKIP overlayShouldShow=false autoActive=false quickAccessShouldShow=false autoTdpPackage=null boundPackage=com.miHoYo.Yuanshen lastForeground=com.miHoYo.Yuanshen
2026-08-02 15:16:39 PulseDaemon: cap write via daemon (5 node(s))
2026-08-02 15:16:40 PulseAutoTdp: TICK-SKIP overlayShouldShow=false autoActive=false quickAccessShouldShow=false autoTdpPackage=null boundPackage=com.miHoYo.Yuanshen lastForeground=com.miHoYo.Yuanshen
2026-08-02 15:16:41 PulseAutoTdp: TICK-SKIP overlayShouldShow=false autoActive=false quickAccessShouldShow=false autoTdpPackage=null boundPackage=com.miHoYo.Yuanshen lastForeground=com.miHoYo.Yuanshen
2026-08-02 15:16:42 PulseDaemon: cap write via daemon (5 node(s))
2026-08-02 15:16:43 PulseAutoTdp: TICK-SKIP overlayShouldShow=false autoActive=false quickAccessShouldShow=false autoTdpPackage=null boundPackage=com.miHoYo.Yuanshen lastForeground=com.miHoYo.Yuanshen
2026-08-02 15:16:44 PulseAutoTdp: TICK-SKIP overlayShouldShow=false autoActive=false quickAccessShouldShow=false autoTdpPackage=null boundPackage=com.miHoYo.Yuanshen lastForeground=com.miHoYo.Yuanshen
2026-08-02 15:16:45 PulseDaemon: cap write via daemon (5 node(s))
2026-08-02 15:16:46 PulseAutoTdp: TICK-SKIP overlayShouldShow=false autoActive=false quickAccessShouldShow=false autoTdpPackage=null boundPackage=com.miHoYo.Yuanshen lastForeground=com.miHoYo.Yuanshen
2026-08-02 15:16:47 PulseAutoTdp: TICK-SKIP overlayShouldShow=false autoActive=false quickAccessShouldShow=false autoTdpPackage=null boundPackage=com.miHoYo.Yuanshen lastForeground=com.miHoYo.Yuanshen
2026-08-02 15:16:47 PulseDaemon: cap write via daemon (5 node(s))
2026-08-02 15:16:48 PulseAutoTdp: TICK-SKIP overlayShouldShow=false autoActive=false quickAccessShouldShow=false autoTdpPackage=null boundPackage=com.miHoYo.Yuanshen lastForeground=com.miHoYo.Yuanshen
2026-08-02 15:16:50 PulseAutoTdp: TICK-SKIP overlayShouldShow=false autoActive=false quickAccessShouldShow=false autoTdpPackage=null boundPackage=com.miHoYo.Yuanshen lastForeground=com.miHoYo.Yuanshen
2026-08-02 15:16:50 PulseDaemon: cap write via daemon (5 node(s))
2026-08-02 15:16:51 PulseAutoTdp: TICK-SKIP overlayShouldShow=false autoActive=false quickAccessShouldShow=false autoTdpPackage=null boundPackage=com.miHoYo.Yuanshen lastForeground=com.miHoYo.Yuanshen
2026-08-02 15:16:53 PulseAutoTdp: TICK-SKIP overlayShouldShow=false autoActive=false quickAccessShouldShow=false autoTdpPackage=null boundPackage=com.miHoYo.Yuanshen lastForeground=com.miHoYo.Yuanshen
2026-08-02 15:16:53 PulseDaemon: cap write via daemon (5 node(s))
2026-08-02 15:16:54 PulseAutoTdp: TICK-SKIP overlayShouldShow=false autoActive=false quickAccessShouldShow=false autoTdpPackage=null boundPackage=com.miHoYo.Yuanshen lastForeground=com.miHoYo.Yuanshen
2026-08-02 15:16:55 PulseAutoTdp: TICK-SKIP overlayShouldShow=false autoActive=false quickAccessShouldShow=false autoTdpPackage=null boundPackage=com.miHoYo.Yuanshen lastForeground=com.miHoYo.Yuanshen
2026-08-02 15:16:56 PulseDaemon: cap write via daemon (5 node(s))
2026-08-02 15:16:57 PulseAutoTdp: TICK-SKIP overlayShouldShow=false autoActive=false quickAccessShouldShow=false autoTdpPackage=null boundPackage=com.miHoYo.Yuanshen lastForeground=com.miHoYo.Yuanshen
2026-08-02 15:16:58 PulseAutoTdp: TICK-SKIP overlayShouldShow=false autoActive=false quickAccessShouldShow=false autoTdpPackage=null boundPackage=com.miHoYo.Yuanshen lastForeground=com.miHoYo.Yuanshen
2026-08-02 15:16:59 PulseDaemon: cap write via xsu fallback (5 node(s), ~1034 chars, chunked)
2026-08-02 15:17:00 PulseAutoTdp: TICK-SKIP overlayShouldShow=false autoActive=false quickAccessShouldShow=false autoTdpPackage=null boundPackage=com.miHoYo.Yuanshen lastForeground=com.miHoYo.Yuanshen
2026-08-02 15:17:01 PulseAutoTdp: TICK-SKIP overlayShouldShow=false autoActive=false quickAccessShouldShow=false autoTdpPackage=null boundPackage=com.miHoYo.Yuanshen lastForeground=com.miHoYo.Yuanshen
2026-08-02 15:17:02 PulseDaemon: cap write via daemon (5 node(s))
2026-08-02 15:17:03 PulseAutoTdp: TICK-SKIP overlayShouldShow=false autoActive=false quickAccessShouldShow=false autoTdpPackage=null boundPackage=com.miHoYo.Yuanshen lastForeground=com.miHoYo.Yuanshen
2026-08-02 15:17:04 PulseAutoTdp: TICK-SKIP overlayShouldShow=false autoActive=false quickAccessShouldShow=false autoTdpPackage=null boundPackage=com.miHoYo.Yuanshen lastForeground=com.miHoYo.Yuanshen
2026-08-02 15:17:04 PulseDaemon: cap write via daemon (5 node(s))
2026-08-02 15:17:05 PulseAutoTdp: TICK-SKIP overlayShouldShow=false autoActive=false quickAccessShouldShow=false autoTdpPackage=null boundPackage=com.miHoYo.Yuanshen lastForeground=com.miHoYo.Yuanshen
2026-08-02 15:17:07 PulseAutoTdp: TICK-SKIP overlayShouldShow=false autoActive=false quickAccessShouldShow=false autoTdpPackage=null boundPackage=com.miHoYo.Yuanshen lastForeground=com.miHoYo.Yuanshen
2026-08-02 15:17:07 PulseDaemon: cap write via daemon (5 node(s))
2026-08-02 15:17:08 PulseAutoTdp: TICK-SKIP overlayShouldShow=false autoActive=false quickAccessShouldShow=false autoTdpPackage=null boundPackage=com.miHoYo.Yuanshen lastForeground=com.miHoYo.Yuanshen
2026-08-02 15:17:10 PulseAutoTdp: TICK-SKIP overlayShouldShow=false autoActive=false quickAccessShouldShow=false autoTdpPackage=null boundPackage=com.miHoYo.Yuanshen lastForeground=com.miHoYo.Yuanshen
2026-08-02 15:17:10 PulseDaemon: cap write via daemon (5 node(s))
2026-08-02 15:17:11 PulseAutoTdp: TICK-SKIP overlayShouldShow=false autoActive=false quickAccessShouldShow=false autoTdpPackage=null boundPackage=com.miHoYo.Yuanshen lastForeground=com.miHoYo.Yuanshen
2026-08-02 15:17:12 PulseAutoTdp: TICK-SKIP overlayShouldShow=false autoActive=false quickAccessShouldShow=false autoTdpPackage=null boundPackage=com.miHoYo.Yuanshen lastForeground=com.miHoYo.Yuanshen
2026-08-02 15:17:13 PulseDaemon: cap write via daemon (5 node(s))
2026-08-02 15:17:14 PulseAutoTdp: TICK-SKIP overlayShouldShow=false autoActive=false quickAccessShouldShow=false autoTdpPackage=null boundPackage=com.miHoYo.Yuanshen lastForeground=com.miHoYo.Yuanshen
2026-08-02 15:17:15 PulseAutoTdp: TICK-SKIP overlayShouldShow=false autoActive=false quickAccessShouldShow=false autoTdpPackage=null boundPackage=com.miHoYo.Yuanshen lastForeground=com.miHoYo.Yuanshen
2026-08-02 15:17:16 PulseDaemon: cap write via daemon (5 node(s))
2026-08-02 15:17:17 PulseAutoTdp: TICK-SKIP overlayShouldShow=false autoActive=false quickAccessShouldShow=false autoTdpPackage=null boundPackage=com.miHoYo.Yuanshen lastForeground=com.miHoYo.Yuanshen
2026-08-02 15:17:18 PulseAutoTdp: TICK-SKIP overlayShouldShow=false autoActive=false quickAccessShouldShow=false autoTdpPackage=null boundPackage=com.miHoYo.Yuanshen lastForeground=com.miHoYo.Yuanshen
2026-08-02 15:17:19 PulseDaemon: cap write via daemon (5 node(s))
2026-08-02 15:17:20 PulseAutoTdp: TICK-SKIP overlayShouldShow=false autoActive=false quickAccessShouldShow=false autoTdpPackage=null boundPackage=com.miHoYo.Yuanshen lastForeground=com.miHoYo.Yuanshen
2026-08-02 15:17:21 PulseAutoTdp: TICK-SKIP overlayShouldShow=false autoActive=false quickAccessShouldShow=false autoTdpPackage=null boundPackage=com.miHoYo.Yuanshen lastForeground=com.miHoYo.Yuanshen
2026-08-02 15:17:21 PulseDaemon: cap write via daemon (5 node(s))
2026-08-02 15:17:22 PulseAutoTdp: TICK-SKIP overlayShouldShow=false autoActive=false quickAccessShouldShow=false autoTdpPackage=null boundPackage=com.miHoYo.Yuanshen lastForeground=com.miHoYo.Yuanshen
2026-08-02 15:17:24 PulseAutoTdp: TICK-SKIP overlayShouldShow=false autoActive=false quickAccessShouldShow=false autoTdpPackage=null boundPackage=com.miHoYo.Yuanshen lastForeground=com.miHoYo.Yuanshen
2026-08-02 15:17:24 PulseDaemon: cap write via daemon (5 node(s))
2026-08-02 15:17:25 PulseAutoTdp: TICK-SKIP overlayShouldShow=false autoActive=false quickAccessShouldShow=false autoTdpPackage=null boundPackage=com.miHoYo.Yuanshen lastForeground=com.miHoYo.Yuanshen
2026-08-02 15:17:27 PulseAutoTdp: TICK-SKIP overlayShouldShow=false autoActive=false quickAccessShouldShow=false autoTdpPackage=null boundPackage=com.miHoYo.Yuanshen lastForeground=com.miHoYo.Yuanshen
2026-08-02 15:17:27 PulseDaemon: cap write via daemon (5 node(s))
2026-08-02 15:17:28 PulseAutoTdp: TICK-SKIP overlayShouldShow=false autoActive=false quickAccessShouldShow=false autoTdpPackage=null boundPackage=com.miHoYo.Yuanshen lastForeground=com.miHoYo.Yuanshen
2026-08-02 15:17:29 PulseAutoTdp: TICK-SKIP overlayShouldShow=false autoActive=false quickAccessShouldShow=false autoTdpPackage=null boundPackage=com.miHoYo.Yuanshen lastForeground=com.miHoYo.Yuanshen
2026-08-02 15:17:30 PulseDaemon: cap write via daemon (5 node(s))
2026-08-02 15:17:31 PulseAutoTdp: TICK-SKIP overlayShouldShow=false autoActive=false quickAccessShouldShow=false autoTdpPackage=null boundPackage=com.miHoYo.Yuanshen lastForeground=com.miHoYo.Yuanshen
2026-08-02 15:17:32 PulseAutoTdp: TICK-SKIP overlayShouldShow=false autoActive=false quickAccessShouldShow=false autoTdpPackage=null boundPackage=com.miHoYo.Yuanshen lastForeground=com.miHoYo.Yuanshen
2026-08-02 15:17:33 PulseDaemon: cap write via daemon (5 node(s))
2026-08-02 15:17:34 PulseAutoTdp: TICK-SKIP overlayShouldShow=false autoActive=false quickAccessShouldShow=false autoTdpPackage=null boundPackage=com.miHoYo.Yuanshen lastForeground=com.miHoYo.Yuanshen
2026-08-02 15:17:35 PulseAutoTdp: TICK-SKIP overlayShouldShow=false autoActive=false quickAccessShouldShow=false autoTdpPackage=null boundPackage=com.miHoYo.Yuanshen lastForeground=com.miHoYo.Yuanshen
2026-08-02 15:17:35 PulseDaemon: cap write via daemon (5 node(s))
2026-08-02 15:17:37 PulseAutoTdp: TICK-SKIP overlayShouldShow=false autoActive=false quickAccessShouldShow=false autoTdpPackage=null boundPackage=com.miHoYo.Yuanshen lastForeground=com.miHoYo.Yuanshen
2026-08-02 15:17:38 PulseAutoTdp: TICK-SKIP overlayShouldShow=false autoActive=false quickAccessShouldShow=false autoTdpPackage=null boundPackage=com.miHoYo.Yuanshen lastForeground=com.miHoYo.Yuanshen
2026-08-02 15:17:38 PulseDaemon: cap write via daemon (5 node(s))
2026-08-02 15:17:39 PulseAutoTdp: TICK-SKIP overlayShouldShow=false autoActive=false quickAccessShouldShow=false autoTdpPackage=null boundPackage=com.miHoYo.Yuanshen lastForeground=com.miHoYo.Yuanshen
2026-08-02 15:17:41 PulseAutoTdp: TICK-SKIP overlayShouldShow=false autoActive=false quickAccessShouldShow=false autoTdpPackage=null boundPackage=com.miHoYo.Yuanshen lastForeground=com.miHoYo.Yuanshen
2026-08-02 15:17:41 PulseDaemon: cap write via daemon (5 node(s))
2026-08-02 15:17:42 PulseAutoTdp: TICK-SKIP overlayShouldShow=false autoActive=false quickAccessShouldShow=false autoTdpPackage=null boundPackage=com.miHoYo.Yuanshen lastForeground=com.miHoYo.Yuanshen
2026-08-02 15:17:43 PulseAutoTdp: TICK-SKIP overlayShouldShow=false autoActive=false quickAccessShouldShow=false autoTdpPackage=null boundPackage=com.miHoYo.Yuanshen lastForeground=com.miHoYo.Yuanshen
2026-08-02 15:17:44 PulseDaemon: cap write via daemon (5 node(s))
2026-08-02 15:17:45 PulseAutoTdp: TICK-SKIP overlayShouldShow=false autoActive=false quickAccessShouldShow=false autoTdpPackage=null boundPackage=com.miHoYo.Yuanshen lastForeground=com.miHoYo.Yuanshen
2026-08-02 15:17:46 PulseAutoTdp: TICK-SKIP overlayShouldShow=false autoActive=false quickAccessShouldShow=false autoTdpPackage=null boundPackage=com.miHoYo.Yuanshen lastForeground=com.miHoYo.Yuanshen
2026-08-02 15:17:47 PulseDaemon: cap write via daemon (5 node(s))
2026-08-02 15:17:48 PulseAutoTdp: TICK-SKIP overlayShouldShow=false autoActive=false quickAccessShouldShow=false autoTdpPackage=null boundPackage=com.miHoYo.Yuanshen lastForeground=com.miHoYo.Yuanshen
2026-08-02 15:17:49 PulseAutoTdp: TICK-SKIP overlayShouldShow=false autoActive=false quickAccessShouldShow=false autoTdpPackage=null boundPackage=com.miHoYo.Yuanshen lastForeground=com.miHoYo.Yuanshen
2026-08-02 15:17:50 PulseDaemon: cap write via daemon (5 node(s))
2026-08-02 15:17:51 PulseAutoTdp: TICK-SKIP overlayShouldShow=false autoActive=false quickAccessShouldShow=false autoTdpPackage=null boundPackage=com.miHoYo.Yuanshen lastForeground=com.miHoYo.Yuanshen
2026-08-02 15:17:52 PulseAutoTdp: TICK-SKIP overlayShouldShow=false autoActive=false quickAccessShouldShow=false autoTdpPackage=null boundPackage=com.miHoYo.Yuanshen lastForeground=com.miHoYo.Yuanshen
2026-08-02 15:17:52 PulseDaemon: cap write via daemon (5 node(s))
2026-08-02 15:17:53 PulseAutoTdp: TICK-SKIP overlayShouldShow=false autoActive=false quickAccessShouldShow=false autoTdpPackage=null boundPackage=com.miHoYo.Yuanshen lastForeground=com.miHoYo.Yuanshen
2026-08-02 15:17:55 PulseAutoTdp: TICK-SKIP overlayShouldShow=false autoActive=false quickAccessShouldShow=false autoTdpPackage=null boundPackage=com.miHoYo.Yuanshen lastForeground=com.miHoYo.Yuanshen
2026-08-02 15:17:55 PulseDaemon: cap write via daemon (5 node(s))
2026-08-02 15:17:56 PulseAutoTdp: TICK-SKIP overlayShouldShow=false autoActive=false quickAccessShouldShow=false autoTdpPackage=null boundPackage=com.miHoYo.Yuanshen lastForeground=com.miHoYo.Yuanshen
2026-08-02 15:17:58 PulseAutoTdp: TICK-SKIP overlayShouldShow=false autoActive=false quickAccessShouldShow=false autoTdpPackage=null boundPackage=com.miHoYo.Yuanshen lastForeground=com.miHoYo.Yuanshen
2026-08-02 15:17:58 PulseDaemon: cap write via daemon (5 node(s))
2026-08-02 15:17:59 PulseAutoTdp: TICK-SKIP overlayShouldShow=false autoActive=false quickAccessShouldShow=false autoTdpPackage=null boundPackage=com.miHoYo.Yuanshen lastForeground=com.miHoYo.Yuanshen
2026-08-02 15:18:00 PulseAutoTdp: TICK-SKIP overlayShouldShow=false autoActive=false quickAccessShouldShow=false autoTdpPackage=null boundPackage=com.miHoYo.Yuanshen lastForeground=com.miHoYo.Yuanshen
2026-08-02 15:18:01 PulseDaemon: cap write via daemon (5 node(s))
2026-08-02 15:18:02 PulseAutoTdp: TICK-SKIP overlayShouldShow=false autoActive=false quickAccessShouldShow=false autoTdpPackage=null boundPackage=com.miHoYo.Yuanshen lastForeground=com.miHoYo.Yuanshen
2026-08-02 15:18:03 PulseAutoTdp: TICK-SKIP overlayShouldShow=false autoActive=false quickAccessShouldShow=false autoTdpPackage=null boundPackage=com.miHoYo.Yuanshen lastForeground=com.miHoYo.Yuanshen
2026-08-02 15:18:04 PulseDaemon: cap write via daemon (5 node(s))
2026-08-02 15:18:05 PulseAutoTdp: TICK-SKIP overlayShouldShow=false autoActive=false quickAccessShouldShow=false autoTdpPackage=null boundPackage=com.miHoYo.Yuanshen lastForeground=com.miHoYo.Yuanshen
2026-08-02 15:18:06 PulseAutoTdp: TICK-SKIP overlayShouldShow=false autoActive=false quickAccessShouldShow=false autoTdpPackage=null boundPackage=com.miHoYo.Yuanshen lastForeground=com.miHoYo.Yuanshen
2026-08-02 15:18:07 PulseDaemon: cap write via daemon (5 node(s))
2026-08-02 15:18:08 PulseAutoTdp: TICK-SKIP overlayShouldShow=false autoActive=false quickAccessShouldShow=false autoTdpPackage=null boundPackage=com.miHoYo.Yuanshen lastForeground=com.miHoYo.Yuanshen
2026-08-02 15:18:09 PulseAutoTdp: TICK-SKIP overlayShouldShow=false autoActive=false quickAccessShouldShow=false autoTdpPackage=null boundPackage=com.miHoYo.Yuanshen lastForeground=com.miHoYo.Yuanshen
2026-08-02 15:18:09 PulseDaemon: cap write via daemon (5 node(s))
2026-08-02 15:18:10 PulseAutoTdp: TICK-SKIP overlayShouldShow=false autoActive=false quickAccessShouldShow=false autoTdpPackage=null boundPackage=com.miHoYo.Yuanshen lastForeground=com.miHoYo.Yuanshen
2026-08-02 15:18:12 PulseAutoTdp: TICK-SKIP overlayShouldShow=false autoActive=false quickAccessShouldShow=false autoTdpPackage=null boundPackage=com.miHoYo.Yuanshen lastForeground=com.miHoYo.Yuanshen
2026-08-02 15:18:12 PulseDaemon: cap write via daemon (5 node(s))
2026-08-02 15:18:13 PulseAutoTdp: TICK-SKIP overlayShouldShow=false autoActive=false quickAccessShouldShow=false autoTdpPackage=null boundPackage=com.miHoYo.Yuanshen lastForeground=com.miHoYo.Yuanshen
2026-08-02 15:18:15 PulseAutoTdp: TICK-SKIP overlayShouldShow=false autoActive=false quickAccessShouldShow=false autoTdpPackage=null boundPackage=com.miHoYo.Yuanshen lastForeground=com.miHoYo.Yuanshen
2026-08-02 15:18:15 PulseDaemon: cap write via daemon (5 node(s))
2026-08-02 15:18:16 PulseAutoTdp: TICK-SKIP overlayShouldShow=false autoActive=false quickAccessShouldShow=false autoTdpPackage=null boundPackage=com.miHoYo.Yuanshen lastForeground=com.miHoYo.Yuanshen
2026-08-02 15:18:17 PulseAutoTdp: TICK-SKIP overlayShouldShow=false autoActive=false quickAccessShouldShow=false autoTdpPackage=null boundPackage=com.miHoYo.Yuanshen lastForeground=com.miHoYo.Yuanshen
2026-08-02 15:18:18 PulseDaemon: cap write via daemon (5 node(s))
2026-08-02 15:18:19 PulseAutoTdp: TICK-SKIP overlayShouldShow=false autoActive=false quickAccessShouldShow=false autoTdpPackage=null boundPackage=com.miHoYo.Yuanshen lastForeground=com.miHoYo.Yuanshen
2026-08-02 15:18:20 PulseAutoTdp: TICK-SKIP overlayShouldShow=false autoActive=false quickAccessShouldShow=false autoTdpPackage=null boundPackage=com.miHoYo.Yuanshen lastForeground=com.miHoYo.Yuanshen
2026-08-02 15:18:21 PulseDaemon: cap write via daemon (5 node(s))
2026-08-02 15:18:22 PulseAutoTdp: TICK-SKIP overlayShouldShow=false autoActive=false quickAccessShouldShow=false autoTdpPackage=null boundPackage=com.miHoYo.Yuanshen lastForeground=com.miHoYo.Yuanshen
2026-08-02 15:18:23 PulseAutoTdp: TICK-SKIP overlayShouldShow=false autoActive=false quickAccessShouldShow=false autoTdpPackage=null boundPackage=com.miHoYo.Yuanshen lastForeground=com.miHoYo.Yuanshen
2026-08-02 15:18:24 PulseDaemon: cap write via daemon (5 node(s))
2026-08-02 15:18:25 PulseAutoTdp: TICK-SKIP overlayShouldShow=false autoActive=false quickAccessShouldShow=false autoTdpPackage=null boundPackage=com.miHoYo.Yuanshen lastForeground=com.miHoYo.Yuanshen
2026-08-02 15:18:26 PulseAutoTdp: TICK-SKIP overlayShouldShow=false autoActive=false quickAccessShouldShow=false autoTdpPackage=null boundPackage=com.miHoYo.Yuanshen lastForeground=com.miHoYo.Yuanshen
2026-08-02 15:18:26 PulseDaemon: cap write via daemon (5 node(s))
2026-08-02 15:18:27 PulseAutoTdp: TICK-SKIP overlayShouldShow=false autoActive=false quickAccessShouldShow=false autoTdpPackage=null boundPackage=com.miHoYo.Yuanshen lastForeground=com.miHoYo.Yuanshen
2026-08-02 15:18:29 PulseAutoTdp: TICK-SKIP overlayShouldShow=false autoActive=false quickAccessShouldShow=false autoTdpPackage=null boundPackage=com.miHoYo.Yuanshen lastForeground=com.miHoYo.Yuanshen
2026-08-02 15:18:29 PulseDaemon: cap write via daemon (5 node(s))
2026-08-02 15:18:30 PulseAutoTdp: TICK-SKIP overlayShouldShow=false autoActive=false quickAccessShouldShow=false autoTdpPackage=null boundPackage=com.miHoYo.Yuanshen lastForeground=com.miHoYo.Yuanshen
2026-08-02 15:18:32 PulseAutoTdp: TICK-SKIP overlayShouldShow=false autoActive=false quickAccessShouldShow=false autoTdpPackage=null boundPackage=com.miHoYo.Yuanshen lastForeground=com.miHoYo.Yuanshen
2026-08-02 15:18:32 PulseDaemon: cap write via daemon (5 node(s))
2026-08-02 15:18:33 PulseAutoTdp: TICK-SKIP overlayShouldShow=false autoActive=false quickAccessShouldShow=false autoTdpPackage=null boundPackage=com.miHoYo.Yuanshen lastForeground=com.miHoYo.Yuanshen
2026-08-02 15:18:34 PulseAutoTdp: TICK-SKIP overlayShouldShow=false autoActive=false quickAccessShouldShow=false autoTdpPackage=null boundPackage=com.miHoYo.Yuanshen lastForeground=com.miHoYo.Yuanshen
2026-08-02 15:18:35 PulseDaemon: cap write via daemon (5 node(s))
2026-08-02 15:18:36 PulseAutoTdp: TICK-SKIP overlayShouldShow=false autoActive=false quickAccessShouldShow=false autoTdpPackage=null boundPackage=com.miHoYo.Yuanshen lastForeground=com.miHoYo.Yuanshen
2026-08-02 15:18:37 PulseAutoTdp: TICK-SKIP overlayShouldShow=false autoActive=false quickAccessShouldShow=false autoTdpPackage=null boundPackage=com.miHoYo.Yuanshen lastForeground=com.miHoYo.Yuanshen
2026-08-02 15:18:38 PulseDaemon: cap write via daemon (5 node(s))
2026-08-02 15:18:39 PulseAutoTdp: TICK-SKIP overlayShouldShow=false autoActive=false quickAccessShouldShow=false autoTdpPackage=null boundPackage=com.miHoYo.Yuanshen lastForeground=com.miHoYo.Yuanshen
2026-08-02 15:18:40 PulseAutoTdp: TICK-SKIP overlayShouldShow=false autoActive=false quickAccessShouldShow=false autoTdpPackage=null boundPackage=com.miHoYo.Yuanshen lastForeground=com.miHoYo.Yuanshen
2026-08-02 15:18:41 PulseDaemon: cap write via daemon (5 node(s))
2026-08-02 15:18:42 PulseAutoTdp: TICK-SKIP overlayShouldShow=false autoActive=false quickAccessShouldShow=false autoTdpPackage=null boundPackage=com.miHoYo.Yuanshen lastForeground=com.miHoYo.Yuanshen
2026-08-02 15:18:43 PulseAutoTdp: TICK-SKIP overlayShouldShow=false autoActive=false quickAccessShouldShow=false autoTdpPackage=null boundPackage=com.miHoYo.Yuanshen lastForeground=com.miHoYo.Yuanshen
2026-08-02 15:18:43 PulseDaemon: cap write via daemon (5 node(s))
2026-08-02 15:18:44 PulseAutoTdp: TICK-SKIP overlayShouldShow=false autoActive=false quickAccessShouldShow=false autoTdpPackage=null boundPackage=com.miHoYo.Yuanshen lastForeground=com.miHoYo.Yuanshen
# ... 2 more identical lines elided (same content, only timestamp differs) ...
2026-08-02 15:18:49 PulseAutoTdp: TICK-SKIP overlayShouldShow=false autoActive=false quickAccessShouldShow=false autoTdpPackage=null boundPackage=com.miHoYo.Yuanshen lastForeground=com.miHoYo.Yuanshen
2026-08-02 15:18:49 PulseDaemon: cap write via daemon (5 node(s))
2026-08-02 15:18:50 PulseAutoTdp: TICK-SKIP overlayShouldShow=false autoActive=false quickAccessShouldShow=false autoTdpPackage=null boundPackage=com.miHoYo.Yuanshen lastForeground=com.miHoYo.Yuanshen
2026-08-02 15:18:51 PulseAutoTdp: TICK-SKIP overlayShouldShow=false autoActive=false quickAccessShouldShow=false autoTdpPackage=null boundPackage=com.miHoYo.Yuanshen lastForeground=com.miHoYo.Yuanshen
2026-08-02 15:18:52 PulseDaemon: cap write via daemon (5 node(s))
2026-08-02 15:18:53 PulseAutoTdp: TICK-SKIP overlayShouldShow=false autoActive=false quickAccessShouldShow=false autoTdpPackage=null boundPackage=com.miHoYo.Yuanshen lastForeground=com.miHoYo.Yuanshen
2026-08-02 15:18:54 PulseAutoTdp: TICK-SKIP overlayShouldShow=false autoActive=false quickAccessShouldShow=false autoTdpPackage=null boundPackage=com.miHoYo.Yuanshen lastForeground=com.miHoYo.Yuanshen
2026-08-02 15:18:55 PulseDaemon: cap write via daemon (5 node(s))
2026-08-02 15:18:56 PulseAutoTdp: TICK-SKIP overlayShouldShow=false autoActive=false quickAccessShouldShow=false autoTdpPackage=null boundPackage=com.miHoYo.Yuanshen lastForeground=com.miHoYo.Yuanshen
2026-08-02 15:18:57 PulseAutoTdp: TICK-SKIP overlayShouldShow=false autoActive=false quickAccessShouldShow=false autoTdpPackage=null boundPackage=com.miHoYo.Yuanshen lastForeground=com.miHoYo.Yuanshen
2026-08-02 15:18:58 PulseDaemon: cap write via daemon (5 node(s))
2026-08-02 15:18:59 PulseAutoTdp: TICK-SKIP overlayShouldShow=false autoActive=false quickAccessShouldShow=false autoTdpPackage=null boundPackage=com.miHoYo.Yuanshen lastForeground=com.miHoYo.Yuanshen
2026-08-02 15:19:00 PulseAutoTdp: TICK-SKIP overlayShouldShow=false autoActive=false quickAccessShouldShow=false autoTdpPackage=null boundPackage=com.miHoYo.Yuanshen lastForeground=com.miHoYo.Yuanshen
2026-08-02 15:19:00 PulseDaemon: cap write via daemon (5 node(s))
2026-08-02 15:19:01 PulseAutoTdp: TICK-SKIP overlayShouldShow=false autoActive=false quickAccessShouldShow=false autoTdpPackage=null boundPackage=com.miHoYo.Yuanshen lastForeground=com.miHoYo.Yuanshen
2026-08-02 15:19:03 PulseAutoTdp: TICK-SKIP overlayShouldShow=false autoActive=false quickAccessShouldShow=false autoTdpPackage=null boundPackage=com.miHoYo.Yuanshen lastForeground=com.miHoYo.Yuanshen
2026-08-02 15:19:03 PulseDaemon: cap write via daemon (5 node(s))
2026-08-02 15:19:04 PulseAutoTdp: TICK-SKIP overlayShouldShow=false autoActive=false quickAccessShouldShow=false autoTdpPackage=null boundPackage=com.miHoYo.Yuanshen lastForeground=com.miHoYo.Yuanshen
2026-08-02 15:19:06 PulseAutoTdp: TICK-SKIP overlayShouldShow=false autoActive=false quickAccessShouldShow=false autoTdpPackage=null boundPackage=com.miHoYo.Yuanshen lastForeground=com.miHoYo.Yuanshen
2026-08-02 15:19:06 PulseDaemon: cap write via daemon (5 node(s))
2026-08-02 15:19:07 PulseAutoTdp: TICK-SKIP overlayShouldShow=false autoActive=false quickAccessShouldShow=false autoTdpPackage=null boundPackage=com.miHoYo.Yuanshen lastForeground=com.miHoYo.Yuanshen
2026-08-02 15:19:08 PulseAutoTdp: TICK-SKIP overlayShouldShow=false autoActive=false quickAccessShouldShow=false autoTdpPackage=null boundPackage=com.miHoYo.Yuanshen lastForeground=com.miHoYo.Yuanshen
2026-08-02 15:19:09 PulseDaemon: cap write via daemon (5 node(s))
2026-08-02 15:19:10 PulseAutoTdp: TICK-SKIP overlayShouldShow=false autoActive=false quickAccessShouldShow=false autoTdpPackage=null boundPackage=com.miHoYo.Yuanshen lastForeground=com.miHoYo.Yuanshen
2026-08-02 15:19:11 PulseAutoTdp: TICK-SKIP overlayShouldShow=false autoActive=false quickAccessShouldShow=false autoTdpPackage=null boundPackage=com.miHoYo.Yuanshen lastForeground=com.miHoYo.Yuanshen
2026-08-02 15:19:12 PulseDaemon: cap write via daemon (5 node(s))
2026-08-02 15:19:13 PulseAutoTdp: TICK-SKIP overlayShouldShow=false autoActive=false quickAccessShouldShow=false autoTdpPackage=null boundPackage=com.miHoYo.Yuanshen lastForeground=com.miHoYo.Yuanshen
2026-08-02 15:19:14 PulseAutoTdp: TICK-SKIP overlayShouldShow=false autoActive=false quickAccessShouldShow=false autoTdpPackage=null boundPackage=com.miHoYo.Yuanshen lastForeground=com.miHoYo.Yuanshen
2026-08-02 15:19:15 PulseDaemon: cap write via daemon (5 node(s))
2026-08-02 15:19:16 PulseAutoTdp: TICK-SKIP overlayShouldShow=false autoActive=false quickAccessShouldShow=false autoTdpPackage=null boundPackage=com.miHoYo.Yuanshen lastForeground=com.miHoYo.Yuanshen
2026-08-02 15:19:17 PulseAutoTdp: TICK-SKIP overlayShouldShow=false autoActive=false quickAccessShouldShow=false autoTdpPackage=null boundPackage=com.miHoYo.Yuanshen lastForeground=com.miHoYo.Yuanshen
2026-08-02 15:19:17 PulseDaemon: cap write via daemon (5 node(s))
2026-08-02 15:19:18 PulseAutoTdp: TICK-SKIP overlayShouldShow=false autoActive=false quickAccessShouldShow=false autoTdpPackage=null boundPackage=com.miHoYo.Yuanshen lastForeground=com.miHoYo.Yuanshen
2026-08-02 15:19:20 PulseAutoTdp: TICK-SKIP overlayShouldShow=false autoActive=false quickAccessShouldShow=false autoTdpPackage=null boundPackage=com.miHoYo.Yuanshen lastForeground=com.miHoYo.Yuanshen
2026-08-02 15:19:20 PulseDaemon: cap write via daemon (5 node(s))
2026-08-02 15:19:21 PulseAutoTdp: TICK-SKIP overlayShouldShow=false autoActive=false quickAccessShouldShow=false autoTdpPackage=null boundPackage=com.miHoYo.Yuanshen lastForeground=com.miHoYo.Yuanshen
2026-08-02 15:19:23 PulseAutoTdp: TICK-SKIP overlayShouldShow=false autoActive=false quickAccessShouldShow=false autoTdpPackage=null boundPackage=com.miHoYo.Yuanshen lastForeground=com.miHoYo.Yuanshen
2026-08-02 15:19:23 PulseDaemon: cap write via daemon (5 node(s))
2026-08-02 15:19:24 PulseAutoTdp: TICK-SKIP overlayShouldShow=false autoActive=false quickAccessShouldShow=false autoTdpPackage=null boundPackage=com.miHoYo.Yuanshen lastForeground=com.miHoYo.Yuanshen
2026-08-02 15:19:25 PulseAutoTdp: TICK-SKIP overlayShouldShow=false autoActive=false quickAccessShouldShow=false autoTdpPackage=null boundPackage=com.miHoYo.Yuanshen lastForeground=com.miHoYo.Yuanshen
2026-08-02 15:19:26 PulseDaemon: cap write via daemon (5 node(s))
2026-08-02 15:19:27 PulseAutoTdp: TICK-SKIP overlayShouldShow=false autoActive=false quickAccessShouldShow=false autoTdpPackage=null boundPackage=com.miHoYo.Yuanshen lastForeground=com.miHoYo.Yuanshen
2026-08-02 15:19:28 PulseAutoTdp: TICK-SKIP overlayShouldShow=false autoActive=false quickAccessShouldShow=false autoTdpPackage=null boundPackage=com.miHoYo.Yuanshen lastForeground=com.miHoYo.Yuanshen
2026-08-02 15:19:29 PulseDaemon: cap write via daemon (5 node(s))
2026-08-02 15:19:30 PulseAutoTdp: TICK-SKIP overlayShouldShow=false autoActive=false quickAccessShouldShow=false autoTdpPackage=null boundPackage=com.miHoYo.Yuanshen lastForeground=com.miHoYo.Yuanshen
2026-08-02 15:19:31 PulseAutoTdp: TICK-SKIP overlayShouldShow=false autoActive=false quickAccessShouldShow=false autoTdpPackage=null boundPackage=com.miHoYo.Yuanshen lastForeground=com.miHoYo.Yuanshen
2026-08-02 15:19:31 PulseDaemon: cap write via daemon (5 node(s))
2026-08-02 15:19:32 PulseAutoTdp: TICK-SKIP overlayShouldShow=false autoActive=false quickAccessShouldShow=false autoTdpPackage=null boundPackage=com.miHoYo.Yuanshen lastForeground=com.miHoYo.Yuanshen
2026-08-02 15:19:34 PulseAutoTdp: TICK-SKIP overlayShouldShow=false autoActive=false quickAccessShouldShow=false autoTdpPackage=null boundPackage=com.miHoYo.Yuanshen lastForeground=com.miHoYo.Yuanshen
2026-08-02 15:19:34 PulseDaemon: cap write via daemon (5 node(s))
2026-08-02 15:19:35 PulseAutoTdp: TICK-SKIP overlayShouldShow=false autoActive=false quickAccessShouldShow=false autoTdpPackage=null boundPackage=com.miHoYo.Yuanshen lastForeground=com.miHoYo.Yuanshen
2026-08-02 15:19:37 PulseAutoTdp: TICK-SKIP overlayShouldShow=false autoActive=false quickAccessShouldShow=false autoTdpPackage=null boundPackage=com.miHoYo.Yuanshen lastForeground=com.miHoYo.Yuanshen
2026-08-02 15:19:37 PulseDaemon: cap write via daemon (5 node(s))
2026-08-02 15:19:38 PulseAutoTdp: TICK-SKIP overlayShouldShow=false autoActive=false quickAccessShouldShow=false autoTdpPackage=null boundPackage=com.miHoYo.Yuanshen lastForeground=com.miHoYo.Yuanshen
2026-08-02 15:19:39 PulseAutoTdp: TICK-SKIP overlayShouldShow=false autoActive=false quickAccessShouldShow=false autoTdpPackage=null boundPackage=com.miHoYo.Yuanshen lastForeground=com.miHoYo.Yuanshen
2026-08-02 15:19:40 PulseDaemon: cap write via daemon (5 node(s))
2026-08-02 15:19:41 PulseAutoTdp: TICK-SKIP overlayShouldShow=false autoActive=false quickAccessShouldShow=false autoTdpPackage=null boundPackage=com.miHoYo.Yuanshen lastForeground=com.miHoYo.Yuanshen
2026-08-02 15:19:42 PulseAutoTdp: TICK-SKIP overlayShouldShow=false autoActive=false quickAccessShouldShow=false autoTdpPackage=null boundPackage=com.miHoYo.Yuanshen lastForeground=com.miHoYo.Yuanshen
2026-08-02 15:19:43 PulseDaemon: cap write via daemon (5 node(s))
2026-08-02 15:19:44 PulseAutoTdp: TICK-SKIP overlayShouldShow=false autoActive=false quickAccessShouldShow=false autoTdpPackage=null boundPackage=com.miHoYo.Yuanshen lastForeground=com.miHoYo.Yuanshen
2026-08-02 15:19:45 PulseAutoTdp: TICK-SKIP overlayShouldShow=false autoActive=false quickAccessShouldShow=false autoTdpPackage=null boundPackage=com.miHoYo.Yuanshen lastForeground=com.miHoYo.Yuanshen
2026-08-02 15:19:46 PulseDaemon: cap write via daemon (5 node(s))
2026-08-02 15:19:47 PulseAutoTdp: TICK-SKIP overlayShouldShow=false autoActive=false quickAccessShouldShow=false autoTdpPackage=null boundPackage=com.miHoYo.Yuanshen lastForeground=com.miHoYo.Yuanshen
2026-08-02 15:19:48 PulseAutoTdp: TICK-SKIP overlayShouldShow=false autoActive=false quickAccessShouldShow=false autoTdpPackage=null boundPackage=com.miHoYo.Yuanshen lastForeground=com.miHoYo.Yuanshen
2026-08-02 15:19:48 PulseDaemon: cap write via daemon (5 node(s))
2026-08-02 15:19:49 PulseAutoTdp: TICK-SKIP overlayShouldShow=false autoActive=false quickAccessShouldShow=false autoTdpPackage=null boundPackage=com.miHoYo.Yuanshen lastForeground=com.miHoYo.Yuanshen
2026-08-02 15:19:51 PulseAutoTdp: TICK-SKIP overlayShouldShow=false autoActive=false quickAccessShouldShow=false autoTdpPackage=null boundPackage=com.miHoYo.Yuanshen lastForeground=com.miHoYo.Yuanshen
2026-08-02 15:19:51 PulseDaemon: cap write via daemon (5 node(s))
2026-08-02 15:19:52 PulseAutoTdp: TICK-SKIP overlayShouldShow=false autoActive=false quickAccessShouldShow=false autoTdpPackage=null boundPackage=com.miHoYo.Yuanshen lastForeground=com.miHoYo.Yuanshen
2026-08-02 15:19:54 PulseAutoTdp: TICK-SKIP overlayShouldShow=false autoActive=false quickAccessShouldShow=false autoTdpPackage=null boundPackage=com.miHoYo.Yuanshen lastForeground=com.miHoYo.Yuanshen
2026-08-02 15:19:54 PulseDaemon: cap write via daemon (5 node(s))
2026-08-02 15:19:55 PulseAutoTdp: TICK-SKIP overlayShouldShow=false autoActive=false quickAccessShouldShow=false autoTdpPackage=null boundPackage=com.miHoYo.Yuanshen lastForeground=com.miHoYo.Yuanshen
2026-08-02 15:19:56 PulseAutoTdp: TICK-SKIP overlayShouldShow=false autoActive=false quickAccessShouldShow=false autoTdpPackage=null boundPackage=com.miHoYo.Yuanshen lastForeground=com.miHoYo.Yuanshen
2026-08-02 15:19:57 PulseDaemon: cap write via daemon (5 node(s))
2026-08-02 15:19:58 PulseAutoTdp: TICK-SKIP overlayShouldShow=false autoActive=false quickAccessShouldShow=false autoTdpPackage=null boundPackage=com.miHoYo.Yuanshen lastForeground=com.miHoYo.Yuanshen
2026-08-02 15:19:59 PulseAutoTdp: TICK-SKIP overlayShouldShow=false autoActive=false quickAccessShouldShow=false autoTdpPackage=null boundPackage=com.miHoYo.Yuanshen lastForeground=com.miHoYo.Yuanshen
2026-08-02 15:20:00 PulseDaemon: cap write via daemon (5 node(s))
2026-08-02 15:20:01 PulseAutoTdp: TICK-SKIP overlayShouldShow=false autoActive=false quickAccessShouldShow=false autoTdpPackage=null boundPackage=com.miHoYo.Yuanshen lastForeground=com.miHoYo.Yuanshen
2026-08-02 15:20:02 PulseAutoTdp: TICK-SKIP overlayShouldShow=false autoActive=false quickAccessShouldShow=false autoTdpPackage=null boundPackage=com.miHoYo.Yuanshen lastForeground=com.miHoYo.Yuanshen
2026-08-02 15:20:02 PulseDaemon: cap write via daemon (5 node(s))
2026-08-02 15:20:04 PulseAutoTdp: TICK-SKIP overlayShouldShow=false autoActive=false quickAccessShouldShow=false autoTdpPackage=null boundPackage=com.miHoYo.Yuanshen lastForeground=com.miHoYo.Yuanshen
2026-08-02 15:20:05 PulseAutoTdp: TICK-SKIP overlayShouldShow=false autoActive=false quickAccessShouldShow=false autoTdpPackage=null boundPackage=com.miHoYo.Yuanshen lastForeground=com.miHoYo.Yuanshen
2026-08-02 15:20:05 PulseDaemon: cap write via daemon (5 node(s))
2026-08-02 15:20:06 PulseAutoTdp: TICK-SKIP overlayShouldShow=false autoActive=false quickAccessShouldShow=false autoTdpPackage=null boundPackage=com.miHoYo.Yuanshen lastForeground=com.miHoYo.Yuanshen
2026-08-02 15:20:08 PulseAutoTdp: TICK-SKIP overlayShouldShow=false autoActive=false quickAccessShouldShow=false autoTdpPackage=null boundPackage=com.miHoYo.Yuanshen lastForeground=com.miHoYo.Yuanshen
2026-08-02 15:20:08 PulseDaemon: cap write via daemon (5 node(s))
2026-08-02 15:20:09 PulseAutoTdp: TICK-SKIP overlayShouldShow=false autoActive=false quickAccessShouldShow=false autoTdpPackage=null boundPackage=com.miHoYo.Yuanshen lastForeground=com.miHoYo.Yuanshen
2026-08-02 15:20:11 PulseAutoTdp: TICK-SKIP overlayShouldShow=false autoActive=false quickAccessShouldShow=false autoTdpPackage=null boundPackage=com.miHoYo.Yuanshen lastForeground=com.miHoYo.Yuanshen
2026-08-02 15:20:11 PulseDaemon: cap write via daemon (5 node(s))
2026-08-02 15:20:12 PulseAutoTdp: TICK-SKIP overlayShouldShow=false autoActive=false quickAccessShouldShow=false autoTdpPackage=null boundPackage=com.miHoYo.Yuanshen lastForeground=com.miHoYo.Yuanshen
2026-08-02 15:20:13 PulseAutoTdp: TICK-SKIP overlayShouldShow=false autoActive=false quickAccessShouldShow=false autoTdpPackage=null boundPackage=com.miHoYo.Yuanshen lastForeground=com.miHoYo.Yuanshen
2026-08-02 15:20:14 PulseDaemon: cap write via daemon (5 node(s))
2026-08-02 15:20:15 PulseAutoTdp: TICK-SKIP overlayShouldShow=false autoActive=false quickAccessShouldShow=false autoTdpPackage=null boundPackage=com.miHoYo.Yuanshen lastForeground=com.miHoYo.Yuanshen
2026-08-02 15:20:16 PulseAutoTdp: TICK-SKIP overlayShouldShow=false autoActive=false quickAccessShouldShow=false autoTdpPackage=null boundPackage=com.miHoYo.Yuanshen lastForeground=com.miHoYo.Yuanshen
2026-08-02 15:20:17 PulseDaemon: cap write via daemon (5 node(s))
2026-08-02 15:20:18 PulseAutoTdp: TICK-SKIP overlayShouldShow=false autoActive=false quickAccessShouldShow=false autoTdpPackage=null boundPackage=com.miHoYo.Yuanshen lastForeground=com.miHoYo.Yuanshen
2026-08-02 15:20:19 PulseAutoTdp: TICK-SKIP overlayShouldShow=false autoActive=false quickAccessShouldShow=false autoTdpPackage=null boundPackage=com.miHoYo.Yuanshen lastForeground=com.miHoYo.Yuanshen
2026-08-02 15:20:20 PulseDaemon: cap write via daemon (5 node(s))
2026-08-02 15:20:21 PulseAutoTdp: TICK-SKIP overlayShouldShow=false autoActive=false quickAccessShouldShow=false autoTdpPackage=null boundPackage=com.miHoYo.Yuanshen lastForeground=com.miHoYo.Yuanshen
2026-08-02 15:20:22 PulseAutoTdp: TICK-SKIP overlayShouldShow=false autoActive=false quickAccessShouldShow=false autoTdpPackage=null boundPackage=com.miHoYo.Yuanshen lastForeground=com.miHoYo.Yuanshen
2026-08-02 15:20:22 PulseDaemon: cap write via daemon (5 node(s))
2026-08-02 15:20:23 PulseAutoTdp: TICK-SKIP overlayShouldShow=false autoActive=false quickAccessShouldShow=false autoTdpPackage=null boundPackage=com.miHoYo.Yuanshen lastForeground=com.miHoYo.Yuanshen
2026-08-02 15:20:25 PulseAutoTdp: TICK-SKIP overlayShouldShow=false autoActive=false quickAccessShouldShow=false autoTdpPackage=null boundPackage=com.miHoYo.Yuanshen lastForeground=com.miHoYo.Yuanshen
2026-08-02 15:20:25 PulseDaemon: cap write via daemon (5 node(s))
2026-08-02 15:20:26 PulseAutoTdp: TICK-SKIP overlayShouldShow=false autoActive=false quickAccessShouldShow=false autoTdpPackage=null boundPackage=com.miHoYo.Yuanshen lastForeground=com.miHoYo.Yuanshen
2026-08-02 15:20:28 PulseAutoTdp: TICK-SKIP overlayShouldShow=false autoActive=false quickAccessShouldShow=false autoTdpPackage=null boundPackage=com.miHoYo.Yuanshen lastForeground=com.miHoYo.Yuanshen
2026-08-02 15:20:28 PulseDaemon: cap write via daemon (5 node(s))
2026-08-02 15:20:29 PulseAutoTdp: TICK-SKIP overlayShouldShow=false autoActive=false quickAccessShouldShow=false autoTdpPackage=null boundPackage=com.miHoYo.Yuanshen lastForeground=com.miHoYo.Yuanshen
2026-08-02 15:20:30 PulseAutoTdp: TICK-SKIP overlayShouldShow=false autoActive=false quickAccessShouldShow=false autoTdpPackage=null boundPackage=com.miHoYo.Yuanshen lastForeground=com.miHoYo.Yuanshen
2026-08-02 15:20:31 PulseDaemon: cap write via daemon (5 node(s))
2026-08-02 15:20:32 PulseAutoTdp: TICK-SKIP overlayShouldShow=false autoActive=false quickAccessShouldShow=false autoTdpPackage=null boundPackage=com.miHoYo.Yuanshen lastForeground=com.miHoYo.Yuanshen
2026-08-02 15:20:33 PulseAutoTdp: TICK-SKIP overlayShouldShow=false autoActive=false quickAccessShouldShow=false autoTdpPackage=null boundPackage=com.miHoYo.Yuanshen lastForeground=com.miHoYo.Yuanshen
2026-08-02 15:20:34 PulseDaemon: cap write via daemon (5 node(s))
2026-08-02 15:20:35 PulseAutoTdp: TICK-SKIP overlayShouldShow=false autoActive=false quickAccessShouldShow=false autoTdpPackage=null boundPackage=com.miHoYo.Yuanshen lastForeground=com.miHoYo.Yuanshen
# ... 2 more identical lines elided (same content, only timestamp differs) ...
2026-08-02 15:20:39 PulseAutoTdp: TICK-SKIP overlayShouldShow=false autoActive=false quickAccessShouldShow=false autoTdpPackage=null boundPackage=com.miHoYo.Yuanshen lastForeground=com.miHoYo.Yuanshen
2026-08-02 15:20:39 PulseDaemon: cap write via daemon (5 node(s))
2026-08-02 15:20:40 PulseAutoTdp: TICK-SKIP overlayShouldShow=false autoActive=false quickAccessShouldShow=false autoTdpPackage=null boundPackage=com.miHoYo.Yuanshen lastForeground=com.miHoYo.Yuanshen
2026-08-02 15:20:42 PulseAutoTdp: TICK-SKIP overlayShouldShow=false autoActive=false quickAccessShouldShow=false autoTdpPackage=null boundPackage=com.miHoYo.Yuanshen lastForeground=com.miHoYo.Yuanshen
2026-08-02 15:20:42 PulseDaemon: cap write via daemon (5 node(s))
2026-08-02 15:20:43 PulseAutoTdp: TICK-SKIP overlayShouldShow=false autoActive=false quickAccessShouldShow=false autoTdpPackage=null boundPackage=com.miHoYo.Yuanshen lastForeground=com.miHoYo.Yuanshen
2026-08-02 15:20:44 PulseAutoTdp: TICK-SKIP overlayShouldShow=false autoActive=false quickAccessShouldShow=false autoTdpPackage=null boundPackage=com.miHoYo.Yuanshen lastForeground=com.miHoYo.Yuanshen
2026-08-02 15:20:45 PulseDaemon: cap write via daemon (5 node(s))
2026-08-02 15:20:46 PulseAutoTdp: TICK-SKIP overlayShouldShow=false autoActive=false quickAccessShouldShow=false autoTdpPackage=null boundPackage=com.miHoYo.Yuanshen lastForeground=com.miHoYo.Yuanshen
2026-08-02 15:20:47 PulseAutoTdp: TICK-SKIP overlayShouldShow=false autoActive=false quickAccessShouldShow=false autoTdpPackage=null boundPackage=com.miHoYo.Yuanshen lastForeground=com.miHoYo.Yuanshen
2026-08-02 15:20:48 PulseDaemon: cap write via daemon (5 node(s))
2026-08-02 15:20:49 PulseAutoTdp: TICK-SKIP overlayShouldShow=false autoActive=false quickAccessShouldShow=false autoTdpPackage=null boundPackage=com.miHoYo.Yuanshen lastForeground=com.miHoYo.Yuanshen
2026-08-02 15:20:50 PulseAutoTdp: TICK-SKIP overlayShouldShow=false autoActive=false quickAccessShouldShow=false autoTdpPackage=null boundPackage=com.miHoYo.Yuanshen lastForeground=com.miHoYo.Yuanshen
2026-08-02 15:20:50 PulseDaemon: cap write via daemon (5 node(s))
2026-08-02 15:20:51 PulseAutoTdp: TICK-SKIP overlayShouldShow=false autoActive=false quickAccessShouldShow=false autoTdpPackage=null boundPackage=com.miHoYo.Yuanshen lastForeground=com.miHoYo.Yuanshen
2026-08-02 15:20:53 PulseAutoTdp: TICK-SKIP overlayShouldShow=false autoActive=false quickAccessShouldShow=false autoTdpPackage=null boundPackage=com.miHoYo.Yuanshen lastForeground=com.miHoYo.Yuanshen
2026-08-02 15:20:53 PulseDaemon: cap write via daemon (5 node(s))
2026-08-02 15:20:54 PulseAutoTdp: TICK-SKIP overlayShouldShow=false autoActive=false quickAccessShouldShow=false autoTdpPackage=null boundPackage=com.miHoYo.Yuanshen lastForeground=com.miHoYo.Yuanshen
2026-08-02 15:20:56 PulseAutoTdp: TICK-SKIP overlayShouldShow=false autoActive=false quickAccessShouldShow=false autoTdpPackage=null boundPackage=com.miHoYo.Yuanshen lastForeground=com.miHoYo.Yuanshen
2026-08-02 15:20:56 PulseDaemon: cap write via daemon (5 node(s))
2026-08-02 15:20:57 PulseAutoTdp: TICK-SKIP overlayShouldShow=false autoActive=false quickAccessShouldShow=false autoTdpPackage=null boundPackage=com.miHoYo.Yuanshen lastForeground=com.miHoYo.Yuanshen
2026-08-02 15:20:58 PulseAutoTdp: TICK-SKIP overlayShouldShow=false autoActive=false quickAccessShouldShow=false autoTdpPackage=null boundPackage=com.miHoYo.Yuanshen lastForeground=com.miHoYo.Yuanshen
2026-08-02 15:20:59 PulseDaemon: cap write via daemon (5 node(s))
2026-08-02 15:21:00 PulseAutoTdp: TICK-SKIP overlayShouldShow=false autoActive=false quickAccessShouldShow=false autoTdpPackage=null boundPackage=com.miHoYo.Yuanshen lastForeground=com.miHoYo.Yuanshen
2026-08-02 15:21:01 PulseAutoTdp: TICK-SKIP overlayShouldShow=false autoActive=false quickAccessShouldShow=false autoTdpPackage=null boundPackage=com.miHoYo.Yuanshen lastForeground=com.miHoYo.Yuanshen
2026-08-02 15:21:02 PulseDaemon: cap write via daemon (5 node(s))
2026-08-02 15:21:03 PulseAutoTdp: TICK-SKIP overlayShouldShow=false autoActive=false quickAccessShouldShow=false autoTdpPackage=null boundPackage=com.miHoYo.Yuanshen lastForeground=com.miHoYo.Yuanshen
2026-08-02 15:21:04 PulseAutoTdp: TICK-SKIP overlayShouldShow=false autoActive=false quickAccessShouldShow=false autoTdpPackage=null boundPackage=com.miHoYo.Yuanshen lastForeground=com.miHoYo.Yuanshen
2026-08-02 15:21:05 PulseDaemon: cap write via daemon (5 node(s))
2026-08-02 15:21:06 PulseAutoTdp: TICK-SKIP overlayShouldShow=false autoActive=false quickAccessShouldShow=false autoTdpPackage=null boundPackage=com.miHoYo.Yuanshen lastForeground=com.miHoYo.Yuanshen
2026-08-02 15:21:07 PulseAutoTdp: TICK-SKIP overlayShouldShow=false autoActive=false quickAccessShouldShow=false autoTdpPackage=null boundPackage=com.miHoYo.Yuanshen lastForeground=com.miHoYo.Yuanshen
2026-08-02 15:21:07 PulseDaemon: cap write via daemon (5 node(s))
2026-08-02 15:21:08 PulseAutoTdp: TICK-SKIP overlayShouldShow=false autoActive=false quickAccessShouldShow=false autoTdpPackage=null boundPackage=com.miHoYo.Yuanshen lastForeground=com.miHoYo.Yuanshen
2026-08-02 15:21:10 PulseAutoTdp: TICK-SKIP overlayShouldShow=false autoActive=false quickAccessShouldShow=false autoTdpPackage=null boundPackage=com.miHoYo.Yuanshen lastForeground=com.miHoYo.Yuanshen
2026-08-02 15:21:10 PulseDaemon: cap write via daemon (5 node(s))
2026-08-02 15:21:11 PulseAutoTdp: TICK-SKIP overlayShouldShow=false autoActive=false quickAccessShouldShow=false autoTdpPackage=null boundPackage=com.miHoYo.Yuanshen lastForeground=com.miHoYo.Yuanshen
2026-08-02 15:21:13 PulseAutoTdp: TICK-SKIP overlayShouldShow=false autoActive=false quickAccessShouldShow=false autoTdpPackage=null boundPackage=com.miHoYo.Yuanshen lastForeground=com.miHoYo.Yuanshen
2026-08-02 15:21:13 PulseDaemon: cap write via daemon (5 node(s))
2026-08-02 15:21:14 PulseAutoTdp: TICK-SKIP overlayShouldShow=false autoActive=false quickAccessShouldShow=false autoTdpPackage=null boundPackage=com.miHoYo.Yuanshen lastForeground=com.miHoYo.Yuanshen
2026-08-02 15:21:15 PulseAutoTdp: TICK-SKIP overlayShouldShow=false autoActive=false quickAccessShouldShow=false autoTdpPackage=null boundPackage=com.miHoYo.Yuanshen lastForeground=com.miHoYo.Yuanshen
2026-08-02 15:21:16 PulseDaemon: cap write via daemon (5 node(s))
2026-08-02 15:21:17 PulseAutoTdp: TICK-SKIP overlayShouldShow=false autoActive=false quickAccessShouldShow=false autoTdpPackage=null boundPackage=com.miHoYo.Yuanshen lastForeground=com.miHoYo.Yuanshen
2026-08-02 15:21:18 PulseAutoTdp: TICK-SKIP overlayShouldShow=false autoActive=false quickAccessShouldShow=false autoTdpPackage=null boundPackage=com.miHoYo.Yuanshen lastForeground=com.miHoYo.Yuanshen
2026-08-02 15:21:19 PulseDaemon: cap write via daemon (5 node(s))
2026-08-02 15:21:20 PulseAutoTdp: TICK-SKIP overlayShouldShow=false autoActive=false quickAccessShouldShow=false autoTdpPackage=null boundPackage=com.miHoYo.Yuanshen lastForeground=com.miHoYo.Yuanshen
2026-08-02 15:21:21 PulseAutoTdp: TICK-SKIP overlayShouldShow=false autoActive=false quickAccessShouldShow=false autoTdpPackage=null boundPackage=com.miHoYo.Yuanshen lastForeground=com.miHoYo.Yuanshen
2026-08-02 15:21:22 PulseDaemon: cap write via daemon (5 node(s))
2026-08-02 15:21:23 PulseAutoTdp: TICK-SKIP overlayShouldShow=false autoActive=false quickAccessShouldShow=false autoTdpPackage=null boundPackage=com.miHoYo.Yuanshen lastForeground=com.miHoYo.Yuanshen
2026-08-02 15:21:24 PulseAutoTdp: TICK-SKIP overlayShouldShow=false autoActive=false quickAccessShouldShow=false autoTdpPackage=null boundPackage=com.miHoYo.Yuanshen lastForeground=com.miHoYo.Yuanshen
2026-08-02 15:21:24 PulseDaemon: cap write via daemon (5 node(s))
2026-08-02 15:21:25 PulseAutoTdp: TICK-SKIP overlayShouldShow=false autoActive=false quickAccessShouldShow=false autoTdpPackage=null boundPackage=com.miHoYo.Yuanshen lastForeground=com.miHoYo.Yuanshen
2026-08-02 15:21:27 PulseAutoTdp: TICK-SKIP overlayShouldShow=false autoActive=false quickAccessShouldShow=false autoTdpPackage=null boundPackage=com.miHoYo.Yuanshen lastForeground=com.miHoYo.Yuanshen
2026-08-02 15:21:27 PulseDaemon: cap write via daemon (5 node(s))
2026-08-02 15:21:28 PulseAutoTdp: TICK-SKIP overlayShouldShow=false autoActive=false quickAccessShouldShow=false autoTdpPackage=null boundPackage=com.miHoYo.Yuanshen lastForeground=com.miHoYo.Yuanshen
2026-08-02 15:21:30 PulseAutoTdp: TICK-SKIP overlayShouldShow=false autoActive=false quickAccessShouldShow=false autoTdpPackage=null boundPackage=com.miHoYo.Yuanshen lastForeground=com.miHoYo.Yuanshen
2026-08-02 15:21:30 PulseDaemon: cap write via daemon (5 node(s))
2026-08-02 15:21:31 PulseAutoTdp: TICK-SKIP overlayShouldShow=false autoActive=false quickAccessShouldShow=false autoTdpPackage=null boundPackage=com.miHoYo.Yuanshen lastForeground=com.miHoYo.Yuanshen
2026-08-02 15:21:32 PulseAutoTdp: TICK-SKIP overlayShouldShow=false autoActive=false quickAccessShouldShow=false autoTdpPackage=null boundPackage=com.miHoYo.Yuanshen lastForeground=com.miHoYo.Yuanshen
2026-08-02 15:21:33 PulseDaemon: cap write via daemon (5 node(s))
2026-08-02 15:21:34 PulseAutoTdp: TICK-SKIP overlayShouldShow=false autoActive=false quickAccessShouldShow=false autoTdpPackage=null boundPackage=com.miHoYo.Yuanshen lastForeground=com.miHoYo.Yuanshen
2026-08-02 15:21:35 PulseAutoTdp: TICK-SKIP overlayShouldShow=false autoActive=false quickAccessShouldShow=false autoTdpPackage=null boundPackage=com.miHoYo.Yuanshen lastForeground=com.miHoYo.Yuanshen
2026-08-02 15:21:36 PulseDaemon: cap write via daemon (5 node(s))
2026-08-02 15:21:37 PulseAutoTdp: TICK-SKIP overlayShouldShow=false autoActive=false quickAccessShouldShow=false autoTdpPackage=null boundPackage=com.miHoYo.Yuanshen lastForeground=com.miHoYo.Yuanshen
2026-08-02 15:21:38 PulseAutoTdp: TICK-SKIP overlayShouldShow=false autoActive=false quickAccessShouldShow=false autoTdpPackage=null boundPackage=com.miHoYo.Yuanshen lastForeground=com.miHoYo.Yuanshen
2026-08-02 15:21:38 PulseDaemon: cap write via daemon (5 node(s))
2026-08-02 15:21:40 PulseAutoTdp: TICK-SKIP overlayShouldShow=false autoActive=false quickAccessShouldShow=false autoTdpPackage=null boundPackage=com.miHoYo.Yuanshen lastForeground=com.miHoYo.Yuanshen
2026-08-02 15:21:41 PulseAutoTdp: TICK-SKIP overlayShouldShow=false autoActive=false quickAccessShouldShow=false autoTdpPackage=null boundPackage=com.miHoYo.Yuanshen lastForeground=com.miHoYo.Yuanshen
2026-08-02 15:21:41 PulseDaemon: cap write via daemon (5 node(s))
2026-08-02 15:21:42 PulseAutoTdp: TICK-SKIP overlayShouldShow=false autoActive=false quickAccessShouldShow=false autoTdpPackage=null boundPackage=com.miHoYo.Yuanshen lastForeground=com.miHoYo.Yuanshen
2026-08-02 15:21:44 PulseAutoTdp: TICK-SKIP overlayShouldShow=false autoActive=false quickAccessShouldShow=false autoTdpPackage=null boundPackage=com.miHoYo.Yuanshen lastForeground=com.miHoYo.Yuanshen
2026-08-02 15:21:44 PulseDaemon: cap write via daemon (5 node(s))
2026-08-02 15:21:45 PulseAutoTdp: TICK-SKIP overlayShouldShow=false autoActive=false quickAccessShouldShow=false autoTdpPackage=null boundPackage=com.miHoYo.Yuanshen lastForeground=com.miHoYo.Yuanshen
2026-08-02 15:21:46 PulseAutoTdp: TICK-SKIP overlayShouldShow=false autoActive=false quickAccessShouldShow=false autoTdpPackage=null boundPackage=com.miHoYo.Yuanshen lastForeground=com.miHoYo.Yuanshen
2026-08-02 15:21:47 PulseDaemon: cap write via daemon (5 node(s))
2026-08-02 15:21:48 PulseAutoTdp: TICK-SKIP overlayShouldShow=false autoActive=false quickAccessShouldShow=false autoTdpPackage=null boundPackage=com.miHoYo.Yuanshen lastForeground=com.miHoYo.Yuanshen
# ... 2 more identical lines elided (same content, only timestamp differs) ...
2026-08-02 15:21:52 PulseAutoTdp: TICK-SKIP overlayShouldShow=false autoActive=false quickAccessShouldShow=false autoTdpPackage=null boundPackage=com.miHoYo.Yuanshen lastForeground=com.miHoYo.Yuanshen
2026-08-02 15:21:53 PulseDaemon: cap write via daemon (5 node(s))
2026-08-02 15:21:54 PulseAutoTdp: TICK-SKIP overlayShouldShow=false autoActive=false quickAccessShouldShow=false autoTdpPackage=null boundPackage=com.miHoYo.Yuanshen lastForeground=com.miHoYo.Yuanshen
2026-08-02 15:21:55 PulseAutoTdp: TICK-SKIP overlayShouldShow=false autoActive=false quickAccessShouldShow=false autoTdpPackage=null boundPackage=com.miHoYo.Yuanshen lastForeground=com.miHoYo.Yuanshen
2026-08-02 15:21:55 PulseDaemon: cap write via daemon (5 node(s))
2026-08-02 15:21:56 PulseAutoTdp: TICK-SKIP overlayShouldShow=false autoActive=false quickAccessShouldShow=false autoTdpPackage=null boundPackage=com.miHoYo.Yuanshen lastForeground=com.miHoYo.Yuanshen
2026-08-02 15:21:58 PulseAutoTdp: TICK-SKIP overlayShouldShow=false autoActive=false quickAccessShouldShow=false autoTdpPackage=null boundPackage=com.miHoYo.Yuanshen lastForeground=com.miHoYo.Yuanshen
2026-08-02 15:21:58 PulseDaemon: cap write via daemon (5 node(s))
2026-08-02 15:21:59 PulseAutoTdp: TICK-SKIP overlayShouldShow=false autoActive=false quickAccessShouldShow=false autoTdpPackage=null boundPackage=com.miHoYo.Yuanshen lastForeground=com.miHoYo.Yuanshen
2026-08-02 15:22:01 PulseAutoTdp: TICK-SKIP overlayShouldShow=false autoActive=false quickAccessShouldShow=false autoTdpPackage=null boundPackage=com.miHoYo.Yuanshen lastForeground=com.miHoYo.Yuanshen
2026-08-02 15:22:01 PulseDaemon: cap write via daemon (5 node(s))
2026-08-02 15:22:02 PulseAutoTdp: TICK-SKIP overlayShouldShow=false autoActive=false quickAccessShouldShow=false autoTdpPackage=null boundPackage=com.miHoYo.Yuanshen lastForeground=com.miHoYo.Yuanshen
2026-08-02 15:22:03 PulseAutoTdp: TICK-SKIP overlayShouldShow=false autoActive=false quickAccessShouldShow=false autoTdpPackage=null boundPackage=com.miHoYo.Yuanshen lastForeground=com.miHoYo.Yuanshen
2026-08-02 15:22:04 PulseDaemon: cap write via daemon (5 node(s))
2026-08-02 15:22:05 PulseAutoTdp: TICK-SKIP overlayShouldShow=false autoActive=false quickAccessShouldShow=false autoTdpPackage=null boundPackage=com.miHoYo.Yuanshen lastForeground=com.miHoYo.Yuanshen
2026-08-02 15:22:06 PulseAutoTdp: TICK-SKIP overlayShouldShow=false autoActive=false quickAccessShouldShow=false autoTdpPackage=null boundPackage=com.miHoYo.Yuanshen lastForeground=com.miHoYo.Yuanshen
2026-08-02 15:22:07 PulseDaemon: cap write via daemon (5 node(s))
2026-08-02 15:22:08 PulseAutoTdp: TICK-SKIP overlayShouldShow=false autoActive=false quickAccessShouldShow=false autoTdpPackage=null boundPackage=com.miHoYo.Yuanshen lastForeground=com.miHoYo.Yuanshen
2026-08-02 15:22:09 PulseAutoTdp: TICK-SKIP overlayShouldShow=false autoActive=false quickAccessShouldShow=false autoTdpPackage=null boundPackage=com.miHoYo.Yuanshen lastForeground=com.miHoYo.Yuanshen
2026-08-02 15:22:09 PulseDaemon: cap write via daemon (5 node(s))
2026-08-02 15:22:10 PulseAutoTdp: TICK-SKIP overlayShouldShow=false autoActive=false quickAccessShouldShow=false autoTdpPackage=null boundPackage=com.miHoYo.Yuanshen lastForeground=com.miHoYo.Yuanshen
2026-08-02 15:22:12 PulseAutoTdp: TICK-SKIP overlayShouldShow=false autoActive=false quickAccessShouldShow=false autoTdpPackage=null boundPackage=com.miHoYo.Yuanshen lastForeground=com.miHoYo.Yuanshen
2026-08-02 15:22:12 PulseDaemon: cap write via daemon (5 node(s))
2026-08-02 15:22:13 PulseAutoTdp: TICK-SKIP overlayShouldShow=false autoActive=false quickAccessShouldShow=false autoTdpPackage=null boundPackage=com.miHoYo.Yuanshen lastForeground=com.miHoYo.Yuanshen
2026-08-02 15:22:15 PulseAutoTdp: TICK-SKIP overlayShouldShow=false autoActive=false quickAccessShouldShow=false autoTdpPackage=null boundPackage=com.miHoYo.Yuanshen lastForeground=com.miHoYo.Yuanshen
2026-08-02 15:22:15 PulseDaemon: cap write via daemon (5 node(s))
2026-08-02 15:22:16 PulseAutoTdp: TICK-SKIP overlayShouldShow=false autoActive=false quickAccessShouldShow=false autoTdpPackage=null boundPackage=com.miHoYo.Yuanshen lastForeground=com.miHoYo.Yuanshen
2026-08-02 15:22:17 PulseAutoTdp: TICK-SKIP overlayShouldShow=false autoActive=false quickAccessShouldShow=false autoTdpPackage=null boundPackage=com.miHoYo.Yuanshen lastForeground=com.miHoYo.Yuanshen
2026-08-02 15:22:18 PulseDaemon: cap write via daemon (5 node(s))
2026-08-02 15:22:19 PulseAutoTdp: TICK-SKIP overlayShouldShow=false autoActive=false quickAccessShouldShow=false autoTdpPackage=null boundPackage=com.miHoYo.Yuanshen lastForeground=com.miHoYo.Yuanshen
2026-08-02 15:22:20 PulseAutoTdp: TICK-SKIP overlayShouldShow=false autoActive=false quickAccessShouldShow=false autoTdpPackage=null boundPackage=com.miHoYo.Yuanshen lastForeground=com.miHoYo.Yuanshen
2026-08-02 15:22:21 PulseDaemon: cap write via daemon (5 node(s))
2026-08-02 15:22:22 PulseAutoTdp: TICK-SKIP overlayShouldShow=false autoActive=false quickAccessShouldShow=false autoTdpPackage=null boundPackage=com.miHoYo.Yuanshen lastForeground=com.miHoYo.Yuanshen
2026-08-02 15:22:23 PulseAutoTdp: TICK-SKIP overlayShouldShow=false autoActive=false quickAccessShouldShow=false autoTdpPackage=null boundPackage=com.miHoYo.Yuanshen lastForeground=com.miHoYo.Yuanshen
2026-08-02 15:22:23 PulseDaemon: cap write via xsu fallback (5 node(s), ~1034 chars, chunked)
2026-08-02 15:22:25 PulseAutoTdp: TICK-SKIP overlayShouldShow=false autoActive=false quickAccessShouldShow=false autoTdpPackage=null boundPackage=com.miHoYo.Yuanshen lastForeground=com.miHoYo.Yuanshen
2026-08-02 15:22:26 PulseAutoTdp: TICK-SKIP overlayShouldShow=false autoActive=false quickAccessShouldShow=false autoTdpPackage=null boundPackage=com.miHoYo.Yuanshen lastForeground=com.miHoYo.Yuanshen
2026-08-02 15:22:27 PulseDaemon: cap write via daemon (5 node(s))
2026-08-02 15:22:28 PulseAutoTdp: TICK-SKIP overlayShouldShow=false autoActive=false quickAccessShouldShow=false autoTdpPackage=null boundPackage=com.miHoYo.Yuanshen lastForeground=com.miHoYo.Yuanshen
2026-08-02 15:22:29 PulseAutoTdp: TICK-SKIP overlayShouldShow=false autoActive=false quickAccessShouldShow=false autoTdpPackage=null boundPackage=com.miHoYo.Yuanshen lastForeground=com.miHoYo.Yuanshen
2026-08-02 15:22:29 PulseDaemon: cap write via daemon (5 node(s))
2026-08-02 15:22:30 PulseAutoTdp: TICK-SKIP overlayShouldShow=false autoActive=false quickAccessShouldShow=false autoTdpPackage=null boundPackage=com.miHoYo.Yuanshen lastForeground=com.miHoYo.Yuanshen
2026-08-02 15:22:32 PulseAutoTdp: TICK-SKIP overlayShouldShow=false autoActive=false quickAccessShouldShow=false autoTdpPackage=null boundPackage=com.miHoYo.Yuanshen lastForeground=com.miHoYo.Yuanshen
2026-08-02 15:22:32 PulseDaemon: cap write via daemon (5 node(s))
2026-08-02 15:22:33 PulseAutoTdp: TICK-SKIP overlayShouldShow=false autoActive=false quickAccessShouldShow=false autoTdpPackage=null boundPackage=com.miHoYo.Yuanshen lastForeground=com.miHoYo.Yuanshen
2026-08-02 15:22:35 PulseAutoTdp: TICK-SKIP overlayShouldShow=false autoActive=false quickAccessShouldShow=false autoTdpPackage=null boundPackage=com.miHoYo.Yuanshen lastForeground=com.miHoYo.Yuanshen
2026-08-02 15:22:35 PulseDaemon: cap write via daemon (5 node(s))
2026-08-02 15:22:36 PulseAutoTdp: TICK-SKIP overlayShouldShow=false autoActive=false quickAccessShouldShow=false autoTdpPackage=null boundPackage=com.miHoYo.Yuanshen lastForeground=com.miHoYo.Yuanshen
2026-08-02 15:22:37 PulseAutoTdp: TICK-SKIP overlayShouldShow=false autoActive=false quickAccessShouldShow=false autoTdpPackage=null boundPackage=com.miHoYo.Yuanshen lastForeground=com.miHoYo.Yuanshen
2026-08-02 15:22:38 PulseDaemon: cap write via daemon (5 node(s))
2026-08-02 15:22:39 PulseAutoTdp: TICK-SKIP overlayShouldShow=false autoActive=false quickAccessShouldShow=false autoTdpPackage=null boundPackage=com.miHoYo.Yuanshen lastForeground=com.miHoYo.Yuanshen
2026-08-02 15:22:40 PulseAutoTdp: TICK-SKIP overlayShouldShow=false autoActive=false quickAccessShouldShow=false autoTdpPackage=null boundPackage=com.miHoYo.Yuanshen lastForeground=com.miHoYo.Yuanshen
2026-08-02 15:22:41 PulseDaemon: cap write via daemon (5 node(s))
2026-08-02 15:22:42 PulseAutoTdp: TICK-SKIP overlayShouldShow=false autoActive=false quickAccessShouldShow=false autoTdpPackage=null boundPackage=com.miHoYo.Yuanshen lastForeground=com.miHoYo.Yuanshen
2026-08-02 15:22:43 PulseAutoTdp: TICK-SKIP overlayShouldShow=false autoActive=false quickAccessShouldShow=false autoTdpPackage=null boundPackage=com.miHoYo.Yuanshen lastForeground=com.miHoYo.Yuanshen
2026-08-02 15:22:44 PulseDaemon: cap write via daemon (5 node(s))
2026-08-02 15:22:45 PulseAutoTdp: TICK-SKIP overlayShouldShow=false autoActive=false quickAccessShouldShow=false autoTdpPackage=null boundPackage=com.miHoYo.Yuanshen lastForeground=com.miHoYo.Yuanshen
2026-08-02 15:22:46 PulseAutoTdp: TICK-SKIP overlayShouldShow=false autoActive=false quickAccessShouldShow=false autoTdpPackage=null boundPackage=com.miHoYo.Yuanshen lastForeground=com.miHoYo.Yuanshen
2026-08-02 15:22:46 PulseDaemon: cap write via daemon (5 node(s))
2026-08-02 15:22:47 PulseAutoTdp: TICK-SKIP overlayShouldShow=false autoActive=false quickAccessShouldShow=false autoTdpPackage=null boundPackage=com.miHoYo.Yuanshen lastForeground=com.miHoYo.Yuanshen
2026-08-02 15:22:49 PulseAutoTdp: TICK-SKIP overlayShouldShow=false autoActive=false quickAccessShouldShow=false autoTdpPackage=null boundPackage=com.miHoYo.Yuanshen lastForeground=com.miHoYo.Yuanshen
2026-08-02 15:22:49 PulseDaemon: cap write via daemon (5 node(s))
2026-08-02 15:22:50 PulseAutoTdp: TICK-SKIP overlayShouldShow=false autoActive=false quickAccessShouldShow=false autoTdpPackage=null boundPackage=com.miHoYo.Yuanshen lastForeground=com.miHoYo.Yuanshen
2026-08-02 15:22:52 PulseAutoTdp: TICK-SKIP overlayShouldShow=false autoActive=false quickAccessShouldShow=false autoTdpPackage=null boundPackage=com.miHoYo.Yuanshen lastForeground=com.miHoYo.Yuanshen
2026-08-02 15:22:52 PulseDaemon: cap write via daemon (5 node(s))
2026-08-02 15:22:53 PulseAutoTdp: TICK-SKIP overlayShouldShow=false autoActive=false quickAccessShouldShow=false autoTdpPackage=null boundPackage=com.miHoYo.Yuanshen lastForeground=com.miHoYo.Yuanshen
2026-08-02 15:22:54 PulseAutoTdp: TICK-SKIP overlayShouldShow=false autoActive=false quickAccessShouldShow=false autoTdpPackage=null boundPackage=com.miHoYo.Yuanshen lastForeground=com.miHoYo.Yuanshen
2026-08-02 15:22:55 PulseDaemon: cap write via daemon (5 node(s))
2026-08-02 15:22:56 PulseAutoTdp: TICK-SKIP overlayShouldShow=false autoActive=false quickAccessShouldShow=false autoTdpPackage=null boundPackage=com.miHoYo.Yuanshen lastForeground=com.miHoYo.Yuanshen
2026-08-02 15:22:57 PulseAutoTdp: TICK-SKIP overlayShouldShow=false autoActive=false quickAccessShouldShow=false autoTdpPackage=null boundPackage=com.miHoYo.Yuanshen lastForeground=com.miHoYo.Yuanshen
2026-08-02 15:22:58 PulseDaemon: cap write via daemon (5 node(s))
2026-08-02 15:22:59 PulseAutoTdp: TICK-SKIP overlayShouldShow=false autoActive=false quickAccessShouldShow=false autoTdpPackage=null boundPackage=com.miHoYo.Yuanshen lastForeground=com.miHoYo.Yuanshen
2026-08-02 15:23:00 PulseAutoTdp: TICK-SKIP overlayShouldShow=false autoActive=false quickAccessShouldShow=false autoTdpPackage=null boundPackage=com.miHoYo.Yuanshen lastForeground=com.miHoYo.Yuanshen
2026-08-02 15:23:00 PulseDaemon: cap write via daemon (5 node(s))
2026-08-02 15:23:02 PulseAutoTdp: TICK-SKIP overlayShouldShow=false autoActive=false quickAccessShouldShow=false autoTdpPackage=null boundPackage=com.miHoYo.Yuanshen lastForeground=com.miHoYo.Yuanshen
2026-08-02 15:23:03 PulseAutoTdp: TICK-SKIP overlayShouldShow=false autoActive=false quickAccessShouldShow=false autoTdpPackage=null boundPackage=com.miHoYo.Yuanshen lastForeground=com.miHoYo.Yuanshen
2026-08-02 15:23:03 PulseDaemon: cap write via daemon (5 node(s))
2026-08-02 15:23:04 PulseAutoTdp: TICK-SKIP overlayShouldShow=false autoActive=false quickAccessShouldShow=false autoTdpPackage=null boundPackage=com.miHoYo.Yuanshen lastForeground=com.miHoYo.Yuanshen
2026-08-02 15:23:06 PulseAutoTdp: TICK-SKIP overlayShouldShow=false autoActive=false quickAccessShouldShow=false autoTdpPackage=null boundPackage=com.miHoYo.Yuanshen lastForeground=com.miHoYo.Yuanshen
2026-08-02 15:23:06 PulseDaemon: cap write via daemon (5 node(s))
2026-08-02 15:23:07 PulseAutoTdp: TICK-SKIP overlayShouldShow=false autoActive=false quickAccessShouldShow=false autoTdpPackage=null boundPackage=com.miHoYo.Yuanshen lastForeground=com.miHoYo.Yuanshen
2026-08-02 15:23:09 PulseAutoTdp: TICK-SKIP overlayShouldShow=false autoActive=false quickAccessShouldShow=false autoTdpPackage=null boundPackage=com.miHoYo.Yuanshen lastForeground=com.miHoYo.Yuanshen
2026-08-02 15:23:09 PulseDaemon: cap write via daemon (5 node(s))
2026-08-02 15:23:10 PulseAutoTdp: TICK-SKIP overlayShouldShow=false autoActive=false quickAccessShouldShow=false autoTdpPackage=null boundPackage=com.miHoYo.Yuanshen lastForeground=com.miHoYo.Yuanshen
2026-08-02 15:23:11 PulseAutoTdp: TICK-SKIP overlayShouldShow=false autoActive=false quickAccessShouldShow=false autoTdpPackage=null boundPackage=com.miHoYo.Yuanshen lastForeground=com.miHoYo.Yuanshen
2026-08-02 15:23:12 PulseDaemon: cap write via daemon (5 node(s))
2026-08-02 15:23:13 PulseAutoTdp: TICK-SKIP overlayShouldShow=false autoActive=false quickAccessShouldShow=false autoTdpPackage=null boundPackage=com.miHoYo.Yuanshen lastForeground=com.miHoYo.Yuanshen
2026-08-02 15:23:14 PulseAutoTdp: TICK-SKIP overlayShouldShow=false autoActive=false quickAccessShouldShow=false autoTdpPackage=null boundPackage=com.miHoYo.Yuanshen lastForeground=com.miHoYo.Yuanshen
2026-08-02 15:23:15 PulseDaemon: cap write via daemon (5 node(s))
2026-08-02 15:23:16 PulseAutoTdp: TICK-SKIP overlayShouldShow=false autoActive=false quickAccessShouldShow=false autoTdpPackage=null boundPackage=com.miHoYo.Yuanshen lastForeground=com.miHoYo.Yuanshen
2026-08-02 15:23:17 PulseAutoTdp: TICK-SKIP overlayShouldShow=false autoActive=false quickAccessShouldShow=false autoTdpPackage=null boundPackage=com.miHoYo.Yuanshen lastForeground=com.miHoYo.Yuanshen
2026-08-02 15:23:17 PulseDaemon: cap write via daemon (5 node(s))
2026-08-02 15:23:18 PulseAutoTdp: TICK-SKIP overlayShouldShow=false autoActive=false quickAccessShouldShow=false autoTdpPackage=null boundPackage=com.miHoYo.Yuanshen lastForeground=com.miHoYo.Yuanshen
2026-08-02 15:23:20 PulseAutoTdp: TICK-SKIP overlayShouldShow=false autoActive=false quickAccessShouldShow=false autoTdpPackage=null boundPackage=com.miHoYo.Yuanshen lastForeground=com.miHoYo.Yuanshen
2026-08-02 15:23:20 PulseDaemon: cap write via daemon (5 node(s))
2026-08-02 15:23:21 PulseAutoTdp: TICK-SKIP overlayShouldShow=false autoActive=false quickAccessShouldShow=false autoTdpPackage=null boundPackage=com.miHoYo.Yuanshen lastForeground=com.miHoYo.Yuanshen
2026-08-02 15:23:23 PulseAutoTdp: TICK-SKIP overlayShouldShow=false autoActive=false quickAccessShouldShow=false autoTdpPackage=null boundPackage=com.miHoYo.Yuanshen lastForeground=com.miHoYo.Yuanshen
2026-08-02 15:23:23 PulseDaemon: cap write via daemon (5 node(s))
2026-08-02 15:23:24 PulseAutoTdp: TICK-SKIP overlayShouldShow=false autoActive=false quickAccessShouldShow=false autoTdpPackage=null boundPackage=com.miHoYo.Yuanshen lastForeground=com.miHoYo.Yuanshen
2026-08-02 15:23:25 PulseAutoTdp: TICK-SKIP overlayShouldShow=false autoActive=false quickAccessShouldShow=false autoTdpPackage=null boundPackage=com.miHoYo.Yuanshen lastForeground=com.miHoYo.Yuanshen
2026-08-02 15:23:26 PulseDaemon: cap write via daemon (5 node(s))
2026-08-02 15:23:27 PulseAutoTdp: TICK-SKIP overlayShouldShow=false autoActive=false quickAccessShouldShow=false autoTdpPackage=null boundPackage=com.miHoYo.Yuanshen lastForeground=com.miHoYo.Yuanshen
2026-08-02 15:23:28 PulseAutoTdp: TICK-SKIP overlayShouldShow=false autoActive=false quickAccessShouldShow=false autoTdpPackage=null boundPackage=com.miHoYo.Yuanshen lastForeground=com.miHoYo.Yuanshen
2026-08-02 15:23:29 PulseDaemon: cap write via daemon (5 node(s))
2026-08-02 15:23:30 PulseAutoTdp: TICK-SKIP overlayShouldShow=false autoActive=false quickAccessShouldShow=false autoTdpPackage=null boundPackage=com.miHoYo.Yuanshen lastForeground=com.miHoYo.Yuanshen
2026-08-02 15:23:31 PulseAutoTdp: TICK-SKIP overlayShouldShow=false autoActive=false quickAccessShouldShow=false autoTdpPackage=null boundPackage=com.miHoYo.Yuanshen lastForeground=com.miHoYo.Yuanshen
2026-08-02 15:23:31 PulseDaemon: cap write via daemon (5 node(s))
2026-08-02 15:23:32 PulseAutoTdp: TICK-SKIP overlayShouldShow=false autoActive=false quickAccessShouldShow=false autoTdpPackage=null boundPackage=com.miHoYo.Yuanshen lastForeground=com.miHoYo.Yuanshen
2026-08-02 15:23:34 PulseAutoTdp: TICK-SKIP overlayShouldShow=false autoActive=false quickAccessShouldShow=false autoTdpPackage=null boundPackage=com.miHoYo.Yuanshen lastForeground=com.miHoYo.Yuanshen
2026-08-02 15:23:34 PulseDaemon: cap write via xsu fallback (5 node(s), ~1034 chars, chunked)
2026-08-02 15:23:35 PulseAutoTdp: TICK-SKIP overlayShouldShow=false autoActive=false quickAccessShouldShow=false autoTdpPackage=null boundPackage=com.miHoYo.Yuanshen lastForeground=com.miHoYo.Yuanshen
2026-08-02 15:23:37 PulseAutoTdp: TICK-SKIP overlayShouldShow=false autoActive=false quickAccessShouldShow=false autoTdpPackage=null boundPackage=com.miHoYo.Yuanshen lastForeground=com.miHoYo.Yuanshen
2026-08-02 15:23:37 PulseDaemon: cap write via daemon (5 node(s))
2026-08-02 15:23:38 PulseAutoTdp: TICK-SKIP overlayShouldShow=false autoActive=false quickAccessShouldShow=false autoTdpPackage=null boundPackage=com.miHoYo.Yuanshen lastForeground=com.miHoYo.Yuanshen
2026-08-02 15:23:40 PulseAutoTdp: TICK-SKIP overlayShouldShow=false autoActive=false quickAccessShouldShow=false autoTdpPackage=null boundPackage=com.miHoYo.Yuanshen lastForeground=com.miHoYo.Yuanshen
2026-08-02 15:23:40 PulseDaemon: cap write via daemon (5 node(s))
2026-08-02 15:23:41 PulseAutoTdp: TICK-SKIP overlayShouldShow=false autoActive=false quickAccessShouldShow=false autoTdpPackage=null boundPackage=com.miHoYo.Yuanshen lastForeground=com.miHoYo.Yuanshen
2026-08-02 15:23:42 PulseAutoTdp: TICK-SKIP overlayShouldShow=false autoActive=false quickAccessShouldShow=false autoTdpPackage=null boundPackage=com.miHoYo.Yuanshen lastForeground=com.miHoYo.Yuanshen
2026-08-02 15:23:43 PulseDaemon: cap write via daemon (5 node(s))
2026-08-02 15:23:44 PulseAutoTdp: TICK-SKIP overlayShouldShow=false autoActive=false quickAccessShouldShow=false autoTdpPackage=null boundPackage=com.miHoYo.Yuanshen lastForeground=com.miHoYo.Yuanshen
2026-08-02 15:23:45 PulseAutoTdp: TICK-SKIP overlayShouldShow=false autoActive=false quickAccessShouldShow=false autoTdpPackage=null boundPackage=com.miHoYo.Yuanshen lastForeground=com.miHoYo.Yuanshen
2026-08-02 15:23:46 PulseDaemon: cap write via daemon (5 node(s))
2026-08-02 15:23:47 PulseAutoTdp: TICK-SKIP overlayShouldShow=false autoActive=false quickAccessShouldShow=false autoTdpPackage=null boundPackage=com.miHoYo.Yuanshen lastForeground=com.miHoYo.Yuanshen
2026-08-02 15:23:48 PulseAutoTdp: TICK-SKIP overlayShouldShow=false autoActive=false quickAccessShouldShow=false autoTdpPackage=null boundPackage=com.miHoYo.Yuanshen lastForeground=com.miHoYo.Yuanshen
2026-08-02 15:23:49 PulseDaemon: cap write via daemon (5 node(s))
2026-08-02 15:23:50 PulseAutoTdp: TICK-SKIP overlayShouldShow=false autoActive=false quickAccessShouldShow=false autoTdpPackage=null boundPackage=com.miHoYo.Yuanshen lastForeground=com.miHoYo.Yuanshen
2026-08-02 15:23:51 PulseAutoTdp: TICK-SKIP overlayShouldShow=false autoActive=false quickAccessShouldShow=false autoTdpPackage=null boundPackage=com.miHoYo.Yuanshen lastForeground=com.miHoYo.Yuanshen
2026-08-02 15:23:51 PulseDaemon: cap write via daemon (5 node(s))
2026-08-02 15:23:52 PulseAutoTdp: TICK-SKIP overlayShouldShow=false autoActive=false quickAccessShouldShow=false autoTdpPackage=null boundPackage=com.miHoYo.Yuanshen lastForeground=com.miHoYo.Yuanshen
2026-08-02 15:23:54 PulseAutoTdp: TICK-SKIP overlayShouldShow=false autoActive=false quickAccessShouldShow=false autoTdpPackage=null boundPackage=com.miHoYo.Yuanshen lastForeground=com.miHoYo.Yuanshen
2026-08-02 15:23:54 PulseDaemon: cap write via daemon (5 node(s))
2026-08-02 15:23:55 PulseAutoTdp: TICK-SKIP overlayShouldShow=false autoActive=false quickAccessShouldShow=false autoTdpPackage=null boundPackage=com.miHoYo.Yuanshen lastForeground=com.miHoYo.Yuanshen
2026-08-02 15:23:57 PulseAutoTdp: TICK-SKIP overlayShouldShow=false autoActive=false quickAccessShouldShow=false autoTdpPackage=null boundPackage=com.miHoYo.Yuanshen lastForeground=com.miHoYo.Yuanshen
2026-08-02 15:23:57 PulseDaemon: cap write via daemon (5 node(s))
2026-08-02 15:23:58 PulseAutoTdp: TICK-SKIP overlayShouldShow=false autoActive=false quickAccessShouldShow=false autoTdpPackage=null boundPackage=com.miHoYo.Yuanshen lastForeground=com.miHoYo.Yuanshen
2026-08-02 15:23:59 PulseAutoTdp: TICK-SKIP overlayShouldShow=false autoActive=false quickAccessShouldShow=false autoTdpPackage=null boundPackage=com.miHoYo.Yuanshen lastForeground=com.miHoYo.Yuanshen
2026-08-02 15:24:00 PulseDaemon: cap write via daemon (5 node(s))
2026-08-02 15:24:01 PulseAutoTdp: TICK-SKIP overlayShouldShow=false autoActive=false quickAccessShouldShow=false autoTdpPackage=null boundPackage=com.miHoYo.Yuanshen lastForeground=com.miHoYo.Yuanshen
2026-08-02 15:24:02 PulseAutoTdp: TICK-SKIP overlayShouldShow=false autoActive=false quickAccessShouldShow=false autoTdpPackage=null boundPackage=com.miHoYo.Yuanshen lastForeground=com.miHoYo.Yuanshen
2026-08-02 15:24:03 PulseDaemon: cap write via daemon (5 node(s))
2026-08-02 15:24:04 PulseAutoTdp: TICK-SKIP overlayShouldShow=false autoActive=false quickAccessShouldShow=false autoTdpPackage=null boundPackage=com.miHoYo.Yuanshen lastForeground=com.miHoYo.Yuanshen
2026-08-02 15:24:05 PulseAutoTdp: TICK-SKIP overlayShouldShow=false autoActive=false quickAccessShouldShow=false autoTdpPackage=null boundPackage=com.miHoYo.Yuanshen lastForeground=com.miHoYo.Yuanshen
2026-08-02 15:24:05 PulseDaemon: cap write via daemon (5 node(s))
2026-08-02 15:24:07 PulseAutoTdp: TICK-SKIP overlayShouldShow=false autoActive=false quickAccessShouldShow=false autoTdpPackage=null boundPackage=com.miHoYo.Yuanshen lastForeground=com.miHoYo.Yuanshen
2026-08-02 15:24:08 PulseAutoTdp: TICK-SKIP overlayShouldShow=false autoActive=false quickAccessShouldShow=false autoTdpPackage=null boundPackage=com.miHoYo.Yuanshen lastForeground=com.miHoYo.Yuanshen
2026-08-02 15:24:08 PulseDaemon: cap write via daemon (5 node(s))
2026-08-02 15:24:09 PulseAutoTdp: TICK-SKIP overlayShouldShow=false autoActive=false quickAccessShouldShow=false autoTdpPackage=null boundPackage=com.miHoYo.Yuanshen lastForeground=com.miHoYo.Yuanshen
2026-08-02 15:24:11 PulseAutoTdp: TICK-SKIP overlayShouldShow=false autoActive=false quickAccessShouldShow=false autoTdpPackage=null boundPackage=com.miHoYo.Yuanshen lastForeground=com.miHoYo.Yuanshen
2026-08-02 15:24:11 PulseDaemon: cap write via daemon (5 node(s))
2026-08-02 15:24:12 PulseAutoTdp: TICK-SKIP overlayShouldShow=false autoActive=false quickAccessShouldShow=false autoTdpPackage=null boundPackage=com.miHoYo.Yuanshen lastForeground=com.miHoYo.Yuanshen
2026-08-02 15:24:13 PulseAutoTdp: TICK-SKIP overlayShouldShow=false autoActive=false quickAccessShouldShow=false autoTdpPackage=null boundPackage=com.miHoYo.Yuanshen lastForeground=com.miHoYo.Yuanshen
2026-08-02 15:24:14 PulseDaemon: cap write via daemon (5 node(s))
2026-08-02 15:24:15 PulseAutoTdp: TICK-SKIP overlayShouldShow=false autoActive=false quickAccessShouldShow=false autoTdpPackage=null boundPackage=com.miHoYo.Yuanshen lastForeground=com.miHoYo.Yuanshen
2026-08-02 15:24:16 PulseAutoTdp: TICK-SKIP overlayShouldShow=false autoActive=false quickAccessShouldShow=false autoTdpPackage=null boundPackage=com.miHoYo.Yuanshen lastForeground=com.miHoYo.Yuanshen
2026-08-02 15:24:17 PulseDaemon: cap write via daemon (5 node(s))
2026-08-02 15:24:18 PulseAutoTdp: TICK-SKIP overlayShouldShow=false autoActive=false quickAccessShouldShow=false autoTdpPackage=null boundPackage=com.miHoYo.Yuanshen lastForeground=com.miHoYo.Yuanshen
2026-08-02 15:24:19 PulseAutoTdp: TICK-SKIP overlayShouldShow=false autoActive=false quickAccessShouldShow=false autoTdpPackage=null boundPackage=com.miHoYo.Yuanshen lastForeground=com.miHoYo.Yuanshen
2026-08-02 15:24:20 PulseDaemon: cap write via daemon (5 node(s))
2026-08-02 15:24:21 PulseAutoTdp: TICK-SKIP overlayShouldShow=false autoActive=false quickAccessShouldShow=false autoTdpPackage=null boundPackage=com.miHoYo.Yuanshen lastForeground=com.miHoYo.Yuanshen
2026-08-02 15:24:22 PulseAutoTdp: TICK-SKIP overlayShouldShow=false autoActive=false quickAccessShouldShow=false autoTdpPackage=null boundPackage=com.miHoYo.Yuanshen lastForeground=com.miHoYo.Yuanshen
2026-08-02 15:24:22 PulseDaemon: cap write via daemon (5 node(s))
2026-08-02 15:24:23 PulseAutoTdp: TICK-SKIP overlayShouldShow=false autoActive=false quickAccessShouldShow=false autoTdpPackage=null boundPackage=com.miHoYo.Yuanshen lastForeground=com.miHoYo.Yuanshen
2026-08-02 15:24:25 PulseAutoTdp: TICK-SKIP overlayShouldShow=false autoActive=false quickAccessShouldShow=false autoTdpPackage=null boundPackage=com.miHoYo.Yuanshen lastForeground=com.miHoYo.Yuanshen
2026-08-02 15:24:25 PulseDaemon: cap write via daemon (5 node(s))
2026-08-02 15:24:26 PulseAutoTdp: TICK-SKIP overlayShouldShow=false autoActive=false quickAccessShouldShow=false autoTdpPackage=null boundPackage=com.miHoYo.Yuanshen lastForeground=com.miHoYo.Yuanshen
2026-08-02 15:24:28 PulseAutoTdp: TICK-SKIP overlayShouldShow=false autoActive=false quickAccessShouldShow=false autoTdpPackage=null boundPackage=com.miHoYo.Yuanshen lastForeground=com.miHoYo.Yuanshen
2026-08-02 15:24:28 PulseDaemon: cap write via daemon (5 node(s))
2026-08-02 15:24:29 PulseAutoTdp: TICK-SKIP overlayShouldShow=false autoActive=false quickAccessShouldShow=false autoTdpPackage=null boundPackage=com.miHoYo.Yuanshen lastForeground=com.miHoYo.Yuanshen
2026-08-02 15:24:30 PulseAutoTdp: TICK-SKIP overlayShouldShow=false autoActive=false quickAccessShouldShow=false autoTdpPackage=null boundPackage=com.miHoYo.Yuanshen lastForeground=com.miHoYo.Yuanshen
2026-08-02 15:24:31 PulseDaemon: cap write via daemon (5 node(s))
2026-08-02 15:24:32 PulseAutoTdp: TICK-SKIP overlayShouldShow=false autoActive=false quickAccessShouldShow=false autoTdpPackage=null boundPackage=com.miHoYo.Yuanshen lastForeground=com.miHoYo.Yuanshen
2026-08-02 15:24:33 PulseAutoTdp: TICK-SKIP overlayShouldShow=false autoActive=false quickAccessShouldShow=false autoTdpPackage=null boundPackage=com.miHoYo.Yuanshen lastForeground=com.miHoYo.Yuanshen
2026-08-02 15:24:34 PulseDaemon: cap write via daemon (5 node(s))
2026-08-02 15:24:35 PulseAutoTdp: TICK-SKIP overlayShouldShow=false autoActive=false quickAccessShouldShow=false autoTdpPackage=null boundPackage=com.miHoYo.Yuanshen lastForeground=com.miHoYo.Yuanshen
2026-08-02 15:24:36 PulseAutoTdp: TICK-SKIP overlayShouldShow=false autoActive=false quickAccessShouldShow=false autoTdpPackage=null boundPackage=com.miHoYo.Yuanshen lastForeground=com.miHoYo.Yuanshen
2026-08-02 15:24:37 PulseDaemon: cap write via daemon (5 node(s))
2026-08-02 15:24:38 PulseAutoTdp: TICK-SKIP overlayShouldShow=false autoActive=false quickAccessShouldShow=false autoTdpPackage=null boundPackage=com.miHoYo.Yuanshen lastForeground=com.miHoYo.Yuanshen
2026-08-02 15:24:39 PulseAutoTdp: TICK-SKIP overlayShouldShow=false autoActive=false quickAccessShouldShow=false autoTdpPackage=null boundPackage=com.miHoYo.Yuanshen lastForeground=com.miHoYo.Yuanshen
2026-08-02 15:24:39 PulseDaemon: cap write via daemon (5 node(s))
2026-08-02 15:24:40 PulseAutoTdp: TICK-SKIP overlayShouldShow=false autoActive=false quickAccessShouldShow=false autoTdpPackage=null boundPackage=com.miHoYo.Yuanshen lastForeground=com.miHoYo.Yuanshen
2026-08-02 15:24:42 PulseAutoTdp: TICK-SKIP overlayShouldShow=false autoActive=false quickAccessShouldShow=false autoTdpPackage=null boundPackage=com.miHoYo.Yuanshen lastForeground=com.miHoYo.Yuanshen
2026-08-02 15:24:42 PulseDaemon: cap write via daemon (5 node(s))
2026-08-02 15:24:43 PulseAutoTdp: TICK-SKIP overlayShouldShow=false autoActive=false quickAccessShouldShow=false autoTdpPackage=null boundPackage=com.miHoYo.Yuanshen lastForeground=com.miHoYo.Yuanshen
2026-08-02 15:24:45 PulseAutoTdp: TICK-SKIP overlayShouldShow=false autoActive=false quickAccessShouldShow=false autoTdpPackage=null boundPackage=com.miHoYo.Yuanshen lastForeground=com.miHoYo.Yuanshen
2026-08-02 15:24:45 PulseDaemon: cap write via daemon (5 node(s))
2026-08-02 15:24:46 PulseAutoTdp: TICK-SKIP overlayShouldShow=false autoActive=false quickAccessShouldShow=false autoTdpPackage=null boundPackage=com.miHoYo.Yuanshen lastForeground=com.miHoYo.Yuanshen
2026-08-02 15:24:47 PulseAutoTdp: TICK-SKIP overlayShouldShow=false autoActive=false quickAccessShouldShow=false autoTdpPackage=null boundPackage=com.miHoYo.Yuanshen lastForeground=com.miHoYo.Yuanshen
2026-08-02 15:24:48 PulseDaemon: cap write via daemon (5 node(s))
2026-08-02 15:24:49 PulseAutoTdp: TICK-SKIP overlayShouldShow=false autoActive=false quickAccessShouldShow=false autoTdpPackage=null boundPackage=com.miHoYo.Yuanshen lastForeground=com.miHoYo.Yuanshen
2026-08-02 15:24:50 PulseAutoTdp: TICK-SKIP overlayShouldShow=false autoActive=false quickAccessShouldShow=false autoTdpPackage=null boundPackage=com.miHoYo.Yuanshen lastForeground=com.miHoYo.Yuanshen
2026-08-02 15:24:51 PulseDaemon: cap write via daemon (5 node(s))
2026-08-02 15:24:52 PulseAutoTdp: TICK-SKIP overlayShouldShow=false autoActive=false quickAccessShouldShow=false autoTdpPackage=null boundPackage=com.miHoYo.Yuanshen lastForeground=com.miHoYo.Yuanshen
2026-08-02 15:24:53 PulseAutoTdp: TICK-SKIP overlayShouldShow=false autoActive=false quickAccessShouldShow=false autoTdpPackage=null boundPackage=com.miHoYo.Yuanshen lastForeground=com.miHoYo.Yuanshen
2026-08-02 15:24:53 PulseDaemon: cap write via daemon (5 node(s))
2026-08-02 15:24:54 PulseAutoTdp: TICK-SKIP overlayShouldShow=false autoActive=false quickAccessShouldShow=false autoTdpPackage=null boundPackage=com.miHoYo.Yuanshen lastForeground=com.miHoYo.Yuanshen
2026-08-02 15:24:56 PulseAutoTdp: TICK-SKIP overlayShouldShow=false autoActive=false quickAccessShouldShow=false autoTdpPackage=null boundPackage=com.miHoYo.Yuanshen lastForeground=com.miHoYo.Yuanshen
2026-08-02 15:24:56 PulseDaemon: cap write via daemon (5 node(s))
2026-08-02 15:24:57 PulseAutoTdp: TICK-SKIP overlayShouldShow=false autoActive=false quickAccessShouldShow=false autoTdpPackage=null boundPackage=com.miHoYo.Yuanshen lastForeground=com.miHoYo.Yuanshen
2026-08-02 15:24:59 PulseAutoTdp: TICK-SKIP overlayShouldShow=false autoActive=false quickAccessShouldShow=false autoTdpPackage=null boundPackage=com.miHoYo.Yuanshen lastForeground=com.miHoYo.Yuanshen
2026-08-02 15:24:59 PulseDaemon: cap write via daemon (5 node(s))
2026-08-02 15:25:00 PulseAutoTdp: TICK-SKIP overlayShouldShow=false autoActive=false quickAccessShouldShow=false autoTdpPackage=null boundPackage=com.miHoYo.Yuanshen lastForeground=com.miHoYo.Yuanshen
2026-08-02 15:25:01 PulseAutoTdp: TICK-SKIP overlayShouldShow=false autoActive=false quickAccessShouldShow=false autoTdpPackage=null boundPackage=com.miHoYo.Yuanshen lastForeground=com.miHoYo.Yuanshen
2026-08-02 15:25:02 PulseDaemon: cap write via daemon (5 node(s))
2026-08-02 15:25:03 PulseAutoTdp: TICK-SKIP overlayShouldShow=false autoActive=false quickAccessShouldShow=false autoTdpPackage=null boundPackage=com.miHoYo.Yuanshen lastForeground=com.miHoYo.Yuanshen
2026-08-02 15:25:04 PulseAutoTdp: TICK-SKIP overlayShouldShow=false autoActive=false quickAccessShouldShow=false autoTdpPackage=null boundPackage=com.miHoYo.Yuanshen lastForeground=com.miHoYo.Yuanshen
2026-08-02 15:25:05 PulseDaemon: cap write via xsu fallback (5 node(s), ~1034 chars, chunked)
2026-08-02 15:25:06 PulseAutoTdp: TICK-SKIP overlayShouldShow=false autoActive=false quickAccessShouldShow=false autoTdpPackage=null boundPackage=com.miHoYo.Yuanshen lastForeground=com.miHoYo.Yuanshen
2026-08-02 15:25:07 PulseAutoTdp: TICK-SKIP overlayShouldShow=false autoActive=false quickAccessShouldShow=false autoTdpPackage=null boundPackage=com.miHoYo.Yuanshen lastForeground=com.miHoYo.Yuanshen
2026-08-02 15:25:08 PulseDaemon: cap write via daemon (5 node(s))
2026-08-02 15:25:09 PulseAutoTdp: TICK-SKIP overlayShouldShow=false autoActive=false quickAccessShouldShow=false autoTdpPackage=null boundPackage=com.miHoYo.Yuanshen lastForeground=com.miHoYo.Yuanshen
2026-08-02 15:25:10 PulseAutoTdp: TICK-SKIP overlayShouldShow=false autoActive=false quickAccessShouldShow=false autoTdpPackage=null boundPackage=com.miHoYo.Yuanshen lastForeground=com.miHoYo.Yuanshen
2026-08-02 15:25:10 PulseDaemon: cap write via daemon (5 node(s))
2026-08-02 15:25:12 PulseAutoTdp: TICK-SKIP overlayShouldShow=false autoActive=false quickAccessShouldShow=false autoTdpPackage=null boundPackage=com.miHoYo.Yuanshen lastForeground=com.miHoYo.Yuanshen
2026-08-02 15:25:13 PulseAutoTdp: TICK-SKIP overlayShouldShow=false autoActive=false quickAccessShouldShow=false autoTdpPackage=null boundPackage=com.miHoYo.Yuanshen lastForeground=com.miHoYo.Yuanshen
2026-08-02 15:25:13 PulseDaemon: cap write via daemon (5 node(s))
2026-08-02 15:25:14 PulseAutoTdp: TICK-SKIP overlayShouldShow=false autoActive=false quickAccessShouldShow=false autoTdpPackage=null boundPackage=com.miHoYo.Yuanshen lastForeground=com.miHoYo.Yuanshen
2026-08-02 15:25:16 PulseAutoTdp: TICK-SKIP overlayShouldShow=false autoActive=false quickAccessShouldShow=false autoTdpPackage=null boundPackage=com.miHoYo.Yuanshen lastForeground=com.miHoYo.Yuanshen
2026-08-02 15:25:16 PulseDaemon: cap write via daemon (5 node(s))
2026-08-02 15:25:17 PulseAutoTdp: TICK-SKIP overlayShouldShow=false autoActive=false quickAccessShouldShow=false autoTdpPackage=null boundPackage=com.miHoYo.Yuanshen lastForeground=com.miHoYo.Yuanshen
2026-08-02 15:25:19 PulseAutoTdp: TICK-SKIP overlayShouldShow=false autoActive=false quickAccessShouldShow=false autoTdpPackage=null boundPackage=com.miHoYo.Yuanshen lastForeground=com.miHoYo.Yuanshen
2026-08-02 15:25:19 PulseDaemon: cap write via daemon (5 node(s))
2026-08-02 15:25:20 PulseAutoTdp: TICK-SKIP overlayShouldShow=false autoActive=false quickAccessShouldShow=false autoTdpPackage=null boundPackage=com.miHoYo.Yuanshen lastForeground=com.miHoYo.Yuanshen
2026-08-02 15:25:21 PulseAutoTdp: TICK-SKIP overlayShouldShow=false autoActive=false quickAccessShouldShow=false autoTdpPackage=null boundPackage=com.miHoYo.Yuanshen lastForeground=com.miHoYo.Yuanshen
2026-08-02 15:25:22 PulseDaemon: cap write via daemon (5 node(s))
2026-08-02 15:25:23 PulseAutoTdp: TICK-SKIP overlayShouldShow=false autoActive=false quickAccessShouldShow=false autoTdpPackage=null boundPackage=com.miHoYo.Yuanshen lastForeground=com.miHoYo.Yuanshen
2026-08-02 15:25:24 PulseAutoTdp: TICK-SKIP overlayShouldShow=false autoActive=false quickAccessShouldShow=false autoTdpPackage=null boundPackage=com.miHoYo.Yuanshen lastForeground=com.miHoYo.Yuanshen
2026-08-02 15:25:25 PulseDaemon: cap write via daemon (5 node(s))
2026-08-02 15:25:26 PulseAutoTdp: TICK-SKIP overlayShouldShow=false autoActive=false quickAccessShouldShow=false autoTdpPackage=null boundPackage=com.miHoYo.Yuanshen lastForeground=com.miHoYo.Yuanshen
2026-08-02 15:25:27 PulseAutoTdp: TICK-SKIP overlayShouldShow=false autoActive=false quickAccessShouldShow=false autoTdpPackage=null boundPackage=com.miHoYo.Yuanshen lastForeground=com.miHoYo.Yuanshen
2026-08-02 15:25:27 PulseDaemon: cap write via daemon (5 node(s))
2026-08-02 15:25:28 PulseAutoTdp: TICK-SKIP overlayShouldShow=false autoActive=false quickAccessShouldShow=false autoTdpPackage=null boundPackage=com.miHoYo.Yuanshen lastForeground=com.miHoYo.Yuanshen
2026-08-02 15:25:30 PulseAutoTdp: TICK-SKIP overlayShouldShow=false autoActive=false quickAccessShouldShow=false autoTdpPackage=null boundPackage=com.miHoYo.Yuanshen lastForeground=com.miHoYo.Yuanshen
2026-08-02 15:25:30 PulseDaemon: cap write via daemon (5 node(s))
2026-08-02 15:25:31 PulseAutoTdp: TICK-SKIP overlayShouldShow=false autoActive=false quickAccessShouldShow=false autoTdpPackage=null boundPackage=com.miHoYo.Yuanshen lastForeground=com.miHoYo.Yuanshen
2026-08-02 15:25:33 PulseAutoTdp: TICK-SKIP overlayShouldShow=false autoActive=false quickAccessShouldShow=false autoTdpPackage=null boundPackage=com.miHoYo.Yuanshen lastForeground=com.miHoYo.Yuanshen
2026-08-02 15:25:33 PulseDaemon: cap write via daemon (5 node(s))
2026-08-02 15:25:34 PulseAutoTdp: TICK-SKIP overlayShouldShow=false autoActive=false quickAccessShouldShow=false autoTdpPackage=null boundPackage=com.miHoYo.Yuanshen lastForeground=com.miHoYo.Yuanshen
2026-08-02 15:25:35 PulseAutoTdp: TICK-SKIP overlayShouldShow=false autoActive=false quickAccessShouldShow=false autoTdpPackage=null boundPackage=com.miHoYo.Yuanshen lastForeground=com.miHoYo.Yuanshen
2026-08-02 15:25:36 PulseDaemon: cap write via daemon (5 node(s))
2026-08-02 15:25:37 PulseAutoTdp: TICK-SKIP overlayShouldShow=false autoActive=false quickAccessShouldShow=false autoTdpPackage=null boundPackage=com.miHoYo.Yuanshen lastForeground=com.miHoYo.Yuanshen
2026-08-02 15:25:38 PulseAutoTdp: TICK-SKIP overlayShouldShow=false autoActive=false quickAccessShouldShow=false autoTdpPackage=null boundPackage=com.miHoYo.Yuanshen lastForeground=com.miHoYo.Yuanshen
2026-08-02 15:25:39 PulseDaemon: cap write via daemon (5 node(s))
2026-08-02 15:25:40 PulseAutoTdp: TICK-SKIP overlayShouldShow=false autoActive=false quickAccessShouldShow=false autoTdpPackage=null boundPackage=com.miHoYo.Yuanshen lastForeground=com.miHoYo.Yuanshen
2026-08-02 15:25:41 PulseAutoTdp: TICK-SKIP overlayShouldShow=false autoActive=false quickAccessShouldShow=false autoTdpPackage=null boundPackage=com.miHoYo.Yuanshen lastForeground=com.miHoYo.Yuanshen
2026-08-02 15:25:42 PulseDaemon: cap write via daemon (5 node(s))
2026-08-02 15:25:43 PulseAutoTdp: TICK-SKIP overlayShouldShow=false autoActive=false quickAccessShouldShow=false autoTdpPackage=null boundPackage=com.miHoYo.Yuanshen lastForeground=com.miHoYo.Yuanshen
2026-08-02 15:25:44 PulseAutoTdp: TICK-SKIP overlayShouldShow=false autoActive=false quickAccessShouldShow=false autoTdpPackage=null boundPackage=com.miHoYo.Yuanshen lastForeground=com.miHoYo.Yuanshen
2026-08-02 15:25:44 PulseDaemon: cap write via daemon (5 node(s))
2026-08-02 15:25:45 PulseAutoTdp: TICK-SKIP overlayShouldShow=false autoActive=false quickAccessShouldShow=false autoTdpPackage=null boundPackage=com.miHoYo.Yuanshen lastForeground=com.miHoYo.Yuanshen
2026-08-02 15:25:47 PulseAutoTdp: TICK-SKIP overlayShouldShow=false autoActive=false quickAccessShouldShow=false autoTdpPackage=null boundPackage=com.miHoYo.Yuanshen lastForeground=com.miHoYo.Yuanshen
2026-08-02 15:25:47 PulseDaemon: cap write via daemon (5 node(s))
2026-08-02 15:25:48 PulseAutoTdp: TICK-SKIP overlayShouldShow=false autoActive=false quickAccessShouldShow=false autoTdpPackage=null boundPackage=com.miHoYo.Yuanshen lastForeground=com.miHoYo.Yuanshen
2026-08-02 15:25:50 PulseAutoTdp: TICK-SKIP overlayShouldShow=false autoActive=false quickAccessShouldShow=false autoTdpPackage=null boundPackage=com.miHoYo.Yuanshen lastForeground=com.miHoYo.Yuanshen
2026-08-02 15:25:50 PulseDaemon: cap write via daemon (5 node(s))
2026-08-02 15:25:51 PulseAutoTdp: TICK-SKIP overlayShouldShow=false autoActive=false quickAccessShouldShow=false autoTdpPackage=null boundPackage=com.miHoYo.Yuanshen lastForeground=com.miHoYo.Yuanshen
2026-08-02 15:25:52 PulseAutoTdp: TICK-SKIP overlayShouldShow=false autoActive=false quickAccessShouldShow=false autoTdpPackage=null boundPackage=com.miHoYo.Yuanshen lastForeground=com.miHoYo.Yuanshen
2026-08-02 15:25:53 PulseDaemon: cap write via daemon (5 node(s))
2026-08-02 15:25:54 PulseAutoTdp: TICK-SKIP overlayShouldShow=false autoActive=false quickAccessShouldShow=false autoTdpPackage=null boundPackage=com.miHoYo.Yuanshen lastForeground=com.miHoYo.Yuanshen
2026-08-02 15:25:55 PulseAutoTdp: TICK-SKIP overlayShouldShow=false autoActive=false quickAccessShouldShow=false autoTdpPackage=null boundPackage=com.miHoYo.Yuanshen lastForeground=com.miHoYo.Yuanshen
2026-08-02 15:25:56 PulseDaemon: cap write via daemon (5 node(s))
2026-08-02 15:25:57 PulseAutoTdp: TICK-SKIP overlayShouldShow=false autoActive=false quickAccessShouldShow=false autoTdpPackage=null boundPackage=com.miHoYo.Yuanshen lastForeground=com.miHoYo.Yuanshen
2026-08-02 15:25:58 PulseAutoTdp: TICK-SKIP overlayShouldShow=false autoActive=false quickAccessShouldShow=false autoTdpPackage=null boundPackage=com.miHoYo.Yuanshen lastForeground=com.miHoYo.Yuanshen
2026-08-02 15:25:59 PulseDaemon: cap write via daemon (5 node(s))
2026-08-02 15:26:00 PulseAutoTdp: TICK-SKIP overlayShouldShow=false autoActive=false quickAccessShouldShow=false autoTdpPackage=null boundPackage=com.miHoYo.Yuanshen lastForeground=com.miHoYo.Yuanshen
2026-08-02 15:26:01 PulseAutoTdp: TICK-SKIP overlayShouldShow=false autoActive=false quickAccessShouldShow=false autoTdpPackage=null boundPackage=com.miHoYo.Yuanshen lastForeground=com.miHoYo.Yuanshen
2026-08-02 15:26:01 PulseDaemon: cap write via daemon (5 node(s))
2026-08-02 15:26:02 PulseAutoTdp: TICK-SKIP overlayShouldShow=false autoActive=false quickAccessShouldShow=false autoTdpPackage=null boundPackage=com.miHoYo.Yuanshen lastForeground=com.miHoYo.Yuanshen
2026-08-02 15:26:04 PulseAutoTdp: TICK-SKIP overlayShouldShow=false autoActive=false quickAccessShouldShow=false autoTdpPackage=null boundPackage=com.miHoYo.Yuanshen lastForeground=com.miHoYo.Yuanshen
2026-08-02 15:26:04 PulseDaemon: cap write via daemon (5 node(s))
2026-08-02 15:26:05 PulseAutoTdp: TICK-SKIP overlayShouldShow=false autoActive=false quickAccessShouldShow=false autoTdpPackage=null boundPackage=com.miHoYo.Yuanshen lastForeground=com.miHoYo.Yuanshen
2026-08-02 15:26:06 PulseAutoTdp: TICK-SKIP overlayShouldShow=false autoActive=false quickAccessShouldShow=false autoTdpPackage=null boundPackage=com.miHoYo.Yuanshen lastForeground=com.miHoYo.Yuanshen
2026-08-02 15:26:07 PulseDaemon: cap write via daemon (5 node(s))
2026-08-02 15:26:08 PulseAutoTdp: TICK-SKIP overlayShouldShow=false autoActive=false quickAccessShouldShow=false autoTdpPackage=null boundPackage=com.miHoYo.Yuanshen lastForeground=com.miHoYo.Yuanshen
2026-08-02 15:26:09 PulseAutoTdp: TICK-SKIP overlayShouldShow=false autoActive=false quickAccessShouldShow=false autoTdpPackage=null boundPackage=com.miHoYo.Yuanshen lastForeground=com.miHoYo.Yuanshen
2026-08-02 15:26:10 PulseDaemon: cap write via daemon (5 node(s))
2026-08-02 15:26:11 PulseAutoTdp: TICK-SKIP overlayShouldShow=false autoActive=false quickAccessShouldShow=false autoTdpPackage=null boundPackage=com.miHoYo.Yuanshen lastForeground=com.miHoYo.Yuanshen
2026-08-02 15:26:12 PulseAutoTdp: TICK-SKIP overlayShouldShow=false autoActive=false quickAccessShouldShow=false autoTdpPackage=null boundPackage=com.miHoYo.Yuanshen lastForeground=com.miHoYo.Yuanshen
2026-08-02 15:26:13 PulseDaemon: cap write via daemon (5 node(s))
2026-08-02 15:26:14 PulseAutoTdp: TICK-SKIP overlayShouldShow=false autoActive=false quickAccessShouldShow=false autoTdpPackage=null boundPackage=com.miHoYo.Yuanshen lastForeground=com.miHoYo.Yuanshen
2026-08-02 15:26:15 PulseAutoTdp: TICK-SKIP overlayShouldShow=false autoActive=false quickAccessShouldShow=false autoTdpPackage=null boundPackage=com.miHoYo.Yuanshen lastForeground=com.miHoYo.Yuanshen
2026-08-02 15:26:15 PulseDaemon: cap write via xsu fallback (5 node(s), ~1034 chars, chunked)
2026-08-02 15:26:17 PulseAutoTdp: TICK-SKIP overlayShouldShow=false autoActive=false quickAccessShouldShow=false autoTdpPackage=null boundPackage=com.miHoYo.Yuanshen lastForeground=com.miHoYo.Yuanshen
2026-08-02 15:26:18 PulseAutoTdp: TICK-SKIP overlayShouldShow=false autoActive=false quickAccessShouldShow=false autoTdpPackage=null boundPackage=com.miHoYo.Yuanshen lastForeground=com.miHoYo.Yuanshen
2026-08-02 15:26:19 PulseDaemon: cap write via daemon (5 node(s))
2026-08-02 15:26:20 PulseAutoTdp: TICK-SKIP overlayShouldShow=false autoActive=false quickAccessShouldShow=false autoTdpPackage=null boundPackage=com.miHoYo.Yuanshen lastForeground=com.miHoYo.Yuanshen
2026-08-02 15:26:21 PulseAutoTdp: TICK-SKIP overlayShouldShow=false autoActive=false quickAccessShouldShow=false autoTdpPackage=null boundPackage=com.miHoYo.Yuanshen lastForeground=com.miHoYo.Yuanshen
2026-08-02 15:26:21 PulseDaemon: cap write via xsu fallback (5 node(s), ~1034 chars, chunked)
2026-08-02 15:26:23 PulseAutoTdp: TICK-SKIP overlayShouldShow=false autoActive=false quickAccessShouldShow=false autoTdpPackage=null boundPackage=com.miHoYo.Yuanshen lastForeground=com.miHoYo.Yuanshen
2026-08-02 15:26:24 PulseAutoTdp: TICK-SKIP overlayShouldShow=false autoActive=false quickAccessShouldShow=false autoTdpPackage=null boundPackage=com.miHoYo.Yuanshen lastForeground=com.miHoYo.Yuanshen
2026-08-02 15:26:24 PulseDaemon: cap write via daemon (5 node(s))
2026-08-02 15:26:26 PulseAutoTdp: TICK-SKIP overlayShouldShow=false autoActive=false quickAccessShouldShow=false autoTdpPackage=null boundPackage=com.miHoYo.Yuanshen lastForeground=com.miHoYo.Yuanshen
2026-08-02 15:26:27 PulseAutoTdp: TICK-SKIP overlayShouldShow=false autoActive=false quickAccessShouldShow=false autoTdpPackage=null boundPackage=com.miHoYo.Yuanshen lastForeground=com.miHoYo.Yuanshen
2026-08-02 15:26:27 PulseDaemon: cap write via daemon (5 node(s))
2026-08-02 15:26:28 PulseAutoTdp: TICK-SKIP overlayShouldShow=false autoActive=false quickAccessShouldShow=false autoTdpPackage=null boundPackage=com.miHoYo.Yuanshen lastForeground=com.miHoYo.Yuanshen
2026-08-02 15:26:30 PulseAutoTdp: TICK-SKIP overlayShouldShow=false autoActive=false quickAccessShouldShow=false autoTdpPackage=null boundPackage=com.miHoYo.Yuanshen lastForeground=com.miHoYo.Yuanshen
2026-08-02 15:26:30 PulseDaemon: cap write via daemon (5 node(s))
2026-08-02 15:26:31 PulseAutoTdp: TICK-SKIP overlayShouldShow=false autoActive=false quickAccessShouldShow=false autoTdpPackage=null boundPackage=com.miHoYo.Yuanshen lastForeground=com.miHoYo.Yuanshen
2026-08-02 15:26:33 PulseAutoTdp: TICK-SKIP overlayShouldShow=false autoActive=false quickAccessShouldShow=false autoTdpPackage=null boundPackage=com.miHoYo.Yuanshen lastForeground=com.miHoYo.Yuanshen
2026-08-02 15:26:33 PulseDaemon: cap write via daemon (5 node(s))
2026-08-02 15:26:34 PulseAutoTdp: TICK-SKIP overlayShouldShow=false autoActive=false quickAccessShouldShow=false autoTdpPackage=null boundPackage=com.miHoYo.Yuanshen lastForeground=com.miHoYo.Yuanshen
2026-08-02 15:26:35 PulseAutoTdp: TICK-SKIP overlayShouldShow=false autoActive=false quickAccessShouldShow=false autoTdpPackage=null boundPackage=com.miHoYo.Yuanshen lastForeground=com.miHoYo.Yuanshen
2026-08-02 15:26:36 PulseDaemon: cap write via daemon (5 node(s))
2026-08-02 15:26:37 PulseAutoTdp: TICK-SKIP overlayShouldShow=false autoActive=false quickAccessShouldShow=false autoTdpPackage=null boundPackage=com.miHoYo.Yuanshen lastForeground=com.miHoYo.Yuanshen
2026-08-02 15:26:38 PulseAutoTdp: TICK-SKIP overlayShouldShow=false autoActive=false quickAccessShouldShow=false autoTdpPackage=null boundPackage=com.miHoYo.Yuanshen lastForeground=com.miHoYo.Yuanshen
2026-08-02 15:26:38 PulseDaemon: cap write via daemon (5 node(s))
2026-08-02 15:26:40 PulseAutoTdp: TICK-SKIP overlayShouldShow=false autoActive=false quickAccessShouldShow=false autoTdpPackage=null boundPackage=com.miHoYo.Yuanshen lastForeground=com.miHoYo.Yuanshen
2026-08-02 15:26:41 PulseAutoTdp: TICK-SKIP overlayShouldShow=false autoActive=false quickAccessShouldShow=false autoTdpPackage=null boundPackage=com.miHoYo.Yuanshen lastForeground=com.miHoYo.Yuanshen
2026-08-02 15:26:41 PulseDaemon: cap write via daemon (5 node(s))
2026-08-02 15:26:42 PulseAutoTdp: TICK-SKIP overlayShouldShow=false autoActive=false quickAccessShouldShow=false autoTdpPackage=null boundPackage=com.miHoYo.Yuanshen lastForeground=com.miHoYo.Yuanshen
2026-08-02 15:26:44 PulseAutoTdp: TICK-SKIP overlayShouldShow=false autoActive=false quickAccessShouldShow=false autoTdpPackage=null boundPackage=com.miHoYo.Yuanshen lastForeground=com.miHoYo.Yuanshen
2026-08-02 15:26:44 PulseDaemon: cap write via daemon (5 node(s))
2026-08-02 15:26:45 PulseAutoTdp: TICK-SKIP overlayShouldShow=false autoActive=false quickAccessShouldShow=false autoTdpPackage=null boundPackage=com.miHoYo.Yuanshen lastForeground=com.miHoYo.Yuanshen
2026-08-02 15:26:47 PulseAutoTdp: TICK-SKIP overlayShouldShow=false autoActive=false quickAccessShouldShow=false autoTdpPackage=null boundPackage=com.miHoYo.Yuanshen lastForeground=com.miHoYo.Yuanshen
2026-08-02 15:26:47 PulseDaemon: cap write via daemon (5 node(s))
2026-08-02 15:26:48 PulseAutoTdp: TICK-SKIP overlayShouldShow=false autoActive=false quickAccessShouldShow=false autoTdpPackage=null boundPackage=com.miHoYo.Yuanshen lastForeground=com.miHoYo.Yuanshen
2026-08-02 15:26:49 PulseAutoTdp: TICK-SKIP overlayShouldShow=false autoActive=false quickAccessShouldShow=false autoTdpPackage=null boundPackage=com.miHoYo.Yuanshen lastForeground=com.miHoYo.Yuanshen
2026-08-02 15:26:50 PulseDaemon: cap write via daemon (5 node(s))
2026-08-02 15:26:51 PulseAutoTdp: TICK-SKIP overlayShouldShow=false autoActive=false quickAccessShouldShow=false autoTdpPackage=null boundPackage=com.miHoYo.Yuanshen lastForeground=com.miHoYo.Yuanshen
2026-08-02 15:26:52 PulseAutoTdp: TICK-SKIP overlayShouldShow=false autoActive=false quickAccessShouldShow=false autoTdpPackage=null boundPackage=com.miHoYo.Yuanshen lastForeground=com.miHoYo.Yuanshen
2026-08-02 15:26:53 PulseDaemon: cap write via daemon (5 node(s))
2026-08-02 15:26:54 PulseAutoTdp: TICK-SKIP overlayShouldShow=false autoActive=false quickAccessShouldShow=false autoTdpPackage=null boundPackage=com.miHoYo.Yuanshen lastForeground=com.miHoYo.Yuanshen
2026-08-02 15:26:55 PulseAutoTdp: TICK-SKIP overlayShouldShow=false autoActive=false quickAccessShouldShow=false autoTdpPackage=null boundPackage=com.miHoYo.Yuanshen lastForeground=com.miHoYo.Yuanshen
2026-08-02 15:26:55 PulseDaemon: cap write via daemon (5 node(s))
2026-08-02 15:26:57 PulseAutoTdp: TICK-SKIP overlayShouldShow=false autoActive=false quickAccessShouldShow=false autoTdpPackage=null boundPackage=com.miHoYo.Yuanshen lastForeground=com.miHoYo.Yuanshen
2026-08-02 15:26:58 PulseAutoTdp: TICK-SKIP overlayShouldShow=false autoActive=false quickAccessShouldShow=false autoTdpPackage=null boundPackage=com.miHoYo.Yuanshen lastForeground=com.miHoYo.Yuanshen
2026-08-02 15:26:58 PulseDaemon: cap write via daemon (5 node(s))
2026-08-02 15:26:59 PulseAutoTdp: TICK-SKIP overlayShouldShow=false autoActive=false quickAccessShouldShow=false autoTdpPackage=null boundPackage=com.miHoYo.Yuanshen lastForeground=com.miHoYo.Yuanshen
2026-08-02 15:27:01 PulseAutoTdp: TICK-SKIP overlayShouldShow=false autoActive=false quickAccessShouldShow=false autoTdpPackage=null boundPackage=com.miHoYo.Yuanshen lastForeground=com.miHoYo.Yuanshen
2026-08-02 15:27:01 PulseDaemon: cap write via daemon (5 node(s))
2026-08-02 15:27:02 PulseAutoTdp: TICK-SKIP overlayShouldShow=false autoActive=false quickAccessShouldShow=false autoTdpPackage=null boundPackage=com.miHoYo.Yuanshen lastForeground=com.miHoYo.Yuanshen
2026-08-02 15:27:03 PulseAutoTdp: TICK-SKIP overlayShouldShow=false autoActive=false quickAccessShouldShow=false autoTdpPackage=null boundPackage=com.miHoYo.Yuanshen lastForeground=com.miHoYo.Yuanshen
2026-08-02 15:27:04 PulseDaemon: cap write via daemon (5 node(s))
2026-08-02 15:27:05 PulseAutoTdp: TICK-SKIP overlayShouldShow=false autoActive=false quickAccessShouldShow=false autoTdpPackage=null boundPackage=com.miHoYo.Yuanshen lastForeground=com.miHoYo.Yuanshen
2026-08-02 15:27:06 PulseAutoTdp: TICK-SKIP overlayShouldShow=false autoActive=false quickAccessShouldShow=false autoTdpPackage=null boundPackage=com.miHoYo.Yuanshen lastForeground=com.miHoYo.Yuanshen
2026-08-02 15:27:07 PulseDaemon: cap write via daemon (5 node(s))
2026-08-02 15:27:08 PulseAutoTdp: TICK-SKIP overlayShouldShow=false autoActive=false quickAccessShouldShow=false autoTdpPackage=null boundPackage=com.miHoYo.Yuanshen lastForeground=com.miHoYo.Yuanshen
# ... 2 more identical lines elided (same content, only timestamp differs) ...
2026-08-02 15:27:12 PulseAutoTdp: TICK-SKIP overlayShouldShow=false autoActive=false quickAccessShouldShow=false autoTdpPackage=null boundPackage=com.miHoYo.Yuanshen lastForeground=com.miHoYo.Yuanshen
2026-08-02 15:27:12 PulseDaemon: cap write via xsu fallback (5 node(s), ~1034 chars, chunked)
2026-08-02 15:27:14 PulseAutoTdp: TICK-SKIP overlayShouldShow=false autoActive=false quickAccessShouldShow=false autoTdpPackage=null boundPackage=com.miHoYo.Yuanshen lastForeground=com.miHoYo.Yuanshen
2026-08-02 15:27:15 PulseAutoTdp: TICK-SKIP overlayShouldShow=false autoActive=false quickAccessShouldShow=false autoTdpPackage=null boundPackage=com.miHoYo.Yuanshen lastForeground=com.miHoYo.Yuanshen
2026-08-02 15:27:15 PulseDaemon: cap write via daemon (5 node(s))
2026-08-02 15:27:16 PulseAutoTdp: TICK-SKIP overlayShouldShow=false autoActive=false quickAccessShouldShow=false autoTdpPackage=null boundPackage=com.miHoYo.Yuanshen lastForeground=com.miHoYo.Yuanshen
2026-08-02 15:27:18 PulseAutoTdp: TICK-SKIP overlayShouldShow=false autoActive=false quickAccessShouldShow=false autoTdpPackage=null boundPackage=com.miHoYo.Yuanshen lastForeground=com.miHoYo.Yuanshen
2026-08-02 15:27:18 PulseDaemon: cap write via daemon (5 node(s))
2026-08-02 15:27:19 PulseAutoTdp: TICK-SKIP overlayShouldShow=false autoActive=false quickAccessShouldShow=false autoTdpPackage=null boundPackage=com.miHoYo.Yuanshen lastForeground=com.miHoYo.Yuanshen
2026-08-02 15:27:21 PulseAutoTdp: TICK-SKIP overlayShouldShow=false autoActive=false quickAccessShouldShow=false autoTdpPackage=null boundPackage=com.miHoYo.Yuanshen lastForeground=com.miHoYo.Yuanshen
2026-08-02 15:27:21 PulseDaemon: cap write via daemon (5 node(s))
2026-08-02 15:27:22 PulseAutoTdp: TICK-SKIP overlayShouldShow=false autoActive=false quickAccessShouldShow=false autoTdpPackage=null boundPackage=com.miHoYo.Yuanshen lastForeground=com.miHoYo.Yuanshen
2026-08-02 15:27:23 PulseAutoTdp: TICK-SKIP overlayShouldShow=false autoActive=false quickAccessShouldShow=false autoTdpPackage=null boundPackage=com.miHoYo.Yuanshen lastForeground=com.miHoYo.Yuanshen
2026-08-02 15:27:24 PulseDaemon: cap write via daemon (5 node(s))
2026-08-02 15:27:25 PulseAutoTdp: TICK-SKIP overlayShouldShow=false autoActive=false quickAccessShouldShow=false autoTdpPackage=null boundPackage=com.miHoYo.Yuanshen lastForeground=com.miHoYo.Yuanshen
2026-08-02 15:27:26 PulseAutoTdp: TICK-SKIP overlayShouldShow=false autoActive=false quickAccessShouldShow=false autoTdpPackage=null boundPackage=com.miHoYo.Yuanshen lastForeground=com.miHoYo.Yuanshen
2026-08-02 15:27:27 PulseDaemon: cap write via daemon (5 node(s))
2026-08-02 15:27:28 PulseAutoTdp: TICK-SKIP overlayShouldShow=false autoActive=false quickAccessShouldShow=false autoTdpPackage=null boundPackage=com.miHoYo.Yuanshen lastForeground=com.miHoYo.Yuanshen
2026-08-02 15:27:29 PulseAutoTdp: TICK-SKIP overlayShouldShow=false autoActive=false quickAccessShouldShow=false autoTdpPackage=null boundPackage=com.miHoYo.Yuanshen lastForeground=com.miHoYo.Yuanshen
2026-08-02 15:27:30 PulseDaemon: cap write via daemon (5 node(s))
2026-08-02 15:27:31 PulseAutoTdp: TICK-SKIP overlayShouldShow=false autoActive=false quickAccessShouldShow=false autoTdpPackage=null boundPackage=com.miHoYo.Yuanshen lastForeground=com.miHoYo.Yuanshen
2026-08-02 15:27:32 PulseAutoTdp: TICK-SKIP overlayShouldShow=false autoActive=false quickAccessShouldShow=false autoTdpPackage=null boundPackage=com.miHoYo.Yuanshen lastForeground=com.miHoYo.Yuanshen
2026-08-02 15:27:32 PulseDaemon: cap write via daemon (5 node(s))
2026-08-02 15:27:34 PulseAutoTdp: TICK-SKIP overlayShouldShow=false autoActive=false quickAccessShouldShow=false autoTdpPackage=null boundPackage=com.miHoYo.Yuanshen lastForeground=com.miHoYo.Yuanshen
2026-08-02 15:27:35 PulseAutoTdp: TICK-SKIP overlayShouldShow=false autoActive=false quickAccessShouldShow=false autoTdpPackage=null boundPackage=com.miHoYo.Yuanshen lastForeground=com.miHoYo.Yuanshen
2026-08-02 15:27:35 PulseDaemon: cap write via daemon (5 node(s))
2026-08-02 15:27:36 PulseAutoTdp: TICK-SKIP overlayShouldShow=false autoActive=false quickAccessShouldShow=false autoTdpPackage=null boundPackage=com.miHoYo.Yuanshen lastForeground=com.miHoYo.Yuanshen
2026-08-02 15:27:38 PulseAutoTdp: TICK-SKIP overlayShouldShow=false autoActive=false quickAccessShouldShow=false autoTdpPackage=null boundPackage=com.miHoYo.Yuanshen lastForeground=com.miHoYo.Yuanshen
2026-08-02 15:27:38 PulseDaemon: cap write via daemon (5 node(s))
2026-08-02 15:27:39 PulseAutoTdp: TICK-SKIP overlayShouldShow=false autoActive=false quickAccessShouldShow=false autoTdpPackage=null boundPackage=com.miHoYo.Yuanshen lastForeground=com.miHoYo.Yuanshen
2026-08-02 15:27:41 PulseAutoTdp: TICK-SKIP overlayShouldShow=false autoActive=false quickAccessShouldShow=false autoTdpPackage=null boundPackage=com.miHoYo.Yuanshen lastForeground=com.miHoYo.Yuanshen
2026-08-02 15:27:41 PulseDaemon: cap write via daemon (5 node(s))
2026-08-02 15:27:42 PulseAutoTdp: TICK-SKIP overlayShouldShow=false autoActive=false quickAccessShouldShow=false autoTdpPackage=null boundPackage=com.miHoYo.Yuanshen lastForeground=com.miHoYo.Yuanshen
2026-08-02 15:27:43 PulseAutoTdp: TICK-SKIP overlayShouldShow=false autoActive=false quickAccessShouldShow=false autoTdpPackage=null boundPackage=com.miHoYo.Yuanshen lastForeground=com.miHoYo.Yuanshen
2026-08-02 15:27:44 PulseDaemon: cap write via daemon (5 node(s))
2026-08-02 15:27:45 PulseAutoTdp: TICK-SKIP overlayShouldShow=false autoActive=false quickAccessShouldShow=false autoTdpPackage=null boundPackage=com.miHoYo.Yuanshen lastForeground=com.miHoYo.Yuanshen
2026-08-02 15:27:46 PulseAutoTdp: TICK-SKIP overlayShouldShow=false autoActive=false quickAccessShouldShow=false autoTdpPackage=null boundPackage=com.miHoYo.Yuanshen lastForeground=com.miHoYo.Yuanshen
2026-08-02 15:27:47 PulseDaemon: cap write via daemon (5 node(s))
2026-08-02 15:27:48 PulseAutoTdp: TICK-SKIP overlayShouldShow=false autoActive=false quickAccessShouldShow=false autoTdpPackage=null boundPackage=com.miHoYo.Yuanshen lastForeground=com.miHoYo.Yuanshen
# ... 2 more identical lines elided (same content, only timestamp differs) ...
2026-08-02 15:27:52 PulseAutoTdp: TICK-SKIP overlayShouldShow=false autoActive=false quickAccessShouldShow=false autoTdpPackage=null boundPackage=com.miHoYo.Yuanshen lastForeground=com.miHoYo.Yuanshen
2026-08-02 15:27:52 PulseDaemon: cap write via daemon (5 node(s))
2026-08-02 15:27:53 PulseAutoTdp: TICK-SKIP overlayShouldShow=false autoActive=false quickAccessShouldShow=false autoTdpPackage=null boundPackage=com.miHoYo.Yuanshen lastForeground=com.miHoYo.Yuanshen
2026-08-02 15:27:55 PulseAutoTdp: TICK-SKIP overlayShouldShow=false autoActive=false quickAccessShouldShow=false autoTdpPackage=null boundPackage=com.miHoYo.Yuanshen lastForeground=com.miHoYo.Yuanshen
2026-08-02 15:27:55 PulseDaemon: cap write via daemon (5 node(s))
2026-08-02 15:27:56 PulseAutoTdp: TICK-SKIP overlayShouldShow=false autoActive=false quickAccessShouldShow=false autoTdpPackage=null boundPackage=com.miHoYo.Yuanshen lastForeground=com.miHoYo.Yuanshen
2026-08-02 15:27:58 PulseAutoTdp: TICK-SKIP overlayShouldShow=false autoActive=false quickAccessShouldShow=false autoTdpPackage=null boundPackage=com.miHoYo.Yuanshen lastForeground=com.miHoYo.Yuanshen
2026-08-02 15:27:58 PulseDaemon: cap write via daemon (5 node(s))
2026-08-02 15:27:59 PulseAutoTdp: TICK-SKIP overlayShouldShow=false autoActive=false quickAccessShouldShow=false autoTdpPackage=null boundPackage=com.miHoYo.Yuanshen lastForeground=com.miHoYo.Yuanshen
2026-08-02 15:28:00 PulseAutoTdp: TICK-SKIP overlayShouldShow=false autoActive=false quickAccessShouldShow=false autoTdpPackage=null boundPackage=com.miHoYo.Yuanshen lastForeground=com.miHoYo.Yuanshen
2026-08-02 15:28:01 PulseDaemon: cap write via daemon (5 node(s))
2026-08-02 15:28:02 PulseAutoTdp: TICK-SKIP overlayShouldShow=false autoActive=false quickAccessShouldShow=false autoTdpPackage=null boundPackage=com.miHoYo.Yuanshen lastForeground=com.miHoYo.Yuanshen
2026-08-02 15:28:03 PulseAutoTdp: TICK-SKIP overlayShouldShow=false autoActive=false quickAccessShouldShow=false autoTdpPackage=null boundPackage=com.miHoYo.Yuanshen lastForeground=com.miHoYo.Yuanshen
2026-08-02 15:28:04 PulseDaemon: cap write via daemon (5 node(s))
2026-08-02 15:28:05 PulseAutoTdp: TICK-SKIP overlayShouldShow=false autoActive=false quickAccessShouldShow=false autoTdpPackage=null boundPackage=com.miHoYo.Yuanshen lastForeground=com.miHoYo.Yuanshen
2026-08-02 15:28:06 PulseAutoTdp: TICK-SKIP overlayShouldShow=false autoActive=false quickAccessShouldShow=false autoTdpPackage=null boundPackage=com.miHoYo.Yuanshen lastForeground=com.miHoYo.Yuanshen
2026-08-02 15:28:07 PulseDaemon: cap write via daemon (5 node(s))
2026-08-02 15:28:08 PulseAutoTdp: TICK-SKIP overlayShouldShow=false autoActive=false quickAccessShouldShow=false autoTdpPackage=null boundPackage=com.miHoYo.Yuanshen lastForeground=com.miHoYo.Yuanshen
2026-08-02 15:28:09 PulseAutoTdp: TICK-SKIP overlayShouldShow=false autoActive=false quickAccessShouldShow=false autoTdpPackage=null boundPackage=com.miHoYo.Yuanshen lastForeground=com.miHoYo.Yuanshen
2026-08-02 15:28:09 PulseDaemon: cap write via daemon (5 node(s))
2026-08-02 15:28:10 PulseAutoTdp: TICK-SKIP overlayShouldShow=false autoActive=false quickAccessShouldShow=false autoTdpPackage=null boundPackage=com.miHoYo.Yuanshen lastForeground=com.miHoYo.Yuanshen
2026-08-02 15:28:12 PulseAutoTdp: TICK-SKIP overlayShouldShow=false autoActive=false quickAccessShouldShow=false autoTdpPackage=null boundPackage=com.miHoYo.Yuanshen lastForeground=com.miHoYo.Yuanshen
2026-08-02 15:28:12 PulseDaemon: cap write via daemon (5 node(s))
2026-08-02 15:28:13 PulseAutoTdp: TICK-SKIP overlayShouldShow=false autoActive=false quickAccessShouldShow=false autoTdpPackage=null boundPackage=com.miHoYo.Yuanshen lastForeground=com.miHoYo.Yuanshen
2026-08-02 15:28:15 PulseAutoTdp: TICK-SKIP overlayShouldShow=false autoActive=false quickAccessShouldShow=false autoTdpPackage=null boundPackage=com.miHoYo.Yuanshen lastForeground=com.miHoYo.Yuanshen
2026-08-02 15:28:15 PulseDaemon: cap write via daemon (5 node(s))
2026-08-02 15:28:16 PulseAutoTdp: TICK-SKIP overlayShouldShow=false autoActive=false quickAccessShouldShow=false autoTdpPackage=null boundPackage=com.miHoYo.Yuanshen lastForeground=com.miHoYo.Yuanshen
2026-08-02 15:28:17 PulseAutoTdp: TICK-SKIP overlayShouldShow=false autoActive=false quickAccessShouldShow=false autoTdpPackage=null boundPackage=com.miHoYo.Yuanshen lastForeground=com.miHoYo.Yuanshen
2026-08-02 15:28:18 PulseDaemon: cap write via daemon (5 node(s))
2026-08-02 15:28:19 PulseAutoTdp: TICK-SKIP overlayShouldShow=false autoActive=false quickAccessShouldShow=false autoTdpPackage=null boundPackage=com.miHoYo.Yuanshen lastForeground=com.miHoYo.Yuanshen
2026-08-02 15:28:20 PulseAutoTdp: TICK-SKIP overlayShouldShow=false autoActive=false quickAccessShouldShow=false autoTdpPackage=null boundPackage=com.miHoYo.Yuanshen lastForeground=com.miHoYo.Yuanshen
2026-08-02 15:28:21 PulseDaemon: cap write via daemon (5 node(s))
2026-08-02 15:28:22 PulseAutoTdp: TICK-SKIP overlayShouldShow=false autoActive=false quickAccessShouldShow=false autoTdpPackage=null boundPackage=com.miHoYo.Yuanshen lastForeground=com.miHoYo.Yuanshen
2026-08-02 15:28:23 PulseAutoTdp: TICK-SKIP overlayShouldShow=false autoActive=false quickAccessShouldShow=false autoTdpPackage=null boundPackage=com.miHoYo.Yuanshen lastForeground=com.miHoYo.Yuanshen
2026-08-02 15:28:24 PulseDaemon: cap write via daemon (5 node(s))
2026-08-02 15:28:25 PulseAutoTdp: TICK-SKIP overlayShouldShow=false autoActive=false quickAccessShouldShow=false autoTdpPackage=null boundPackage=com.miHoYo.Yuanshen lastForeground=com.miHoYo.Yuanshen
2026-08-02 15:28:26 PulseAutoTdp: TICK-SKIP overlayShouldShow=false autoActive=false quickAccessShouldShow=false autoTdpPackage=null boundPackage=com.miHoYo.Yuanshen lastForeground=com.miHoYo.Yuanshen
2026-08-02 15:28:26 PulseDaemon: cap write via daemon (5 node(s))
2026-08-02 15:28:27 PulseAutoTdp: TICK-SKIP overlayShouldShow=false autoActive=false quickAccessShouldShow=false autoTdpPackage=null boundPackage=com.miHoYo.Yuanshen lastForeground=com.miHoYo.Yuanshen
2026-08-02 15:28:29 PulseAutoTdp: TICK-SKIP overlayShouldShow=false autoActive=false quickAccessShouldShow=false autoTdpPackage=null boundPackage=com.miHoYo.Yuanshen lastForeground=com.miHoYo.Yuanshen
2026-08-02 15:28:29 PulseDaemon: cap write via daemon (5 node(s))
2026-08-02 15:28:30 PulseAutoTdp: TICK-SKIP overlayShouldShow=false autoActive=false quickAccessShouldShow=false autoTdpPackage=null boundPackage=com.miHoYo.Yuanshen lastForeground=com.miHoYo.Yuanshen
2026-08-02 15:28:32 PulseAutoTdp: TICK-SKIP overlayShouldShow=false autoActive=false quickAccessShouldShow=false autoTdpPackage=null boundPackage=com.miHoYo.Yuanshen lastForeground=com.miHoYo.Yuanshen
2026-08-02 15:28:32 PulseDaemon: cap write via daemon (5 node(s))
2026-08-02 15:28:33 PulseAutoTdp: TICK-SKIP overlayShouldShow=false autoActive=false quickAccessShouldShow=false autoTdpPackage=null boundPackage=com.miHoYo.Yuanshen lastForeground=com.miHoYo.Yuanshen
2026-08-02 15:28:34 PulseAutoTdp: TICK-SKIP overlayShouldShow=false autoActive=false quickAccessShouldShow=false autoTdpPackage=null boundPackage=com.miHoYo.Yuanshen lastForeground=com.miHoYo.Yuanshen
2026-08-02 15:28:35 PulseDaemon: cap write via daemon (5 node(s))
2026-08-02 15:28:36 PulseAutoTdp: TICK-SKIP overlayShouldShow=false autoActive=false quickAccessShouldShow=false autoTdpPackage=null boundPackage=com.miHoYo.Yuanshen lastForeground=com.miHoYo.Yuanshen
2026-08-02 15:28:37 PulseAutoTdp: TICK-SKIP overlayShouldShow=false autoActive=false quickAccessShouldShow=false autoTdpPackage=null boundPackage=com.miHoYo.Yuanshen lastForeground=com.miHoYo.Yuanshen
2026-08-02 15:28:38 PulseDaemon: cap write via daemon (5 node(s))
2026-08-02 15:28:39 PulseAutoTdp: TICK-SKIP overlayShouldShow=false autoActive=false quickAccessShouldShow=false autoTdpPackage=null boundPackage=com.miHoYo.Yuanshen lastForeground=com.miHoYo.Yuanshen
2026-08-02 15:28:40 PulseAutoTdp: TICK-SKIP overlayShouldShow=false autoActive=false quickAccessShouldShow=false autoTdpPackage=null boundPackage=com.miHoYo.Yuanshen lastForeground=com.miHoYo.Yuanshen
2026-08-02 15:28:41 PulseDaemon: cap write via daemon (5 node(s))
2026-08-02 15:28:42 PulseAutoTdp: TICK-SKIP overlayShouldShow=false autoActive=false quickAccessShouldShow=false autoTdpPackage=null boundPackage=com.miHoYo.Yuanshen lastForeground=com.miHoYo.Yuanshen
2026-08-02 15:28:43 PulseAutoTdp: TICK-SKIP overlayShouldShow=false autoActive=false quickAccessShouldShow=false autoTdpPackage=null boundPackage=com.miHoYo.Yuanshen lastForeground=com.miHoYo.Yuanshen
2026-08-02 15:28:43 PulseDaemon: cap write via daemon (5 node(s))
2026-08-02 15:28:44 PulseAutoTdp: TICK-SKIP overlayShouldShow=false autoActive=false quickAccessShouldShow=false autoTdpPackage=null boundPackage=com.miHoYo.Yuanshen lastForeground=com.miHoYo.Yuanshen
2026-08-02 15:28:46 PulseAutoTdp: TICK-SKIP overlayShouldShow=false autoActive=false quickAccessShouldShow=false autoTdpPackage=null boundPackage=com.miHoYo.Yuanshen lastForeground=com.miHoYo.Yuanshen
2026-08-02 15:28:46 PulseDaemon: cap write via daemon (5 node(s))
2026-08-02 15:28:47 PulseAutoTdp: TICK-SKIP overlayShouldShow=false autoActive=false quickAccessShouldShow=false autoTdpPackage=null boundPackage=com.miHoYo.Yuanshen lastForeground=com.miHoYo.Yuanshen
2026-08-02 15:28:49 PulseAutoTdp: TICK-SKIP overlayShouldShow=false autoActive=false quickAccessShouldShow=false autoTdpPackage=null boundPackage=com.miHoYo.Yuanshen lastForeground=com.miHoYo.Yuanshen
2026-08-02 15:28:49 PulseDaemon: cap write via daemon (5 node(s))
2026-08-02 15:28:50 PulseAutoTdp: TICK-SKIP overlayShouldShow=false autoActive=false quickAccessShouldShow=false autoTdpPackage=null boundPackage=com.miHoYo.Yuanshen lastForeground=com.miHoYo.Yuanshen
2026-08-02 15:28:51 PulseAutoTdp: TICK-SKIP overlayShouldShow=false autoActive=false quickAccessShouldShow=false autoTdpPackage=null boundPackage=com.miHoYo.Yuanshen lastForeground=com.miHoYo.Yuanshen
2026-08-02 15:28:52 PulseDaemon: cap write via daemon (5 node(s))
2026-08-02 15:28:53 PulseAutoTdp: TICK-SKIP overlayShouldShow=false autoActive=false quickAccessShouldShow=false autoTdpPackage=null boundPackage=com.miHoYo.Yuanshen lastForeground=com.miHoYo.Yuanshen
2026-08-02 15:28:54 PulseAutoTdp: TICK-SKIP overlayShouldShow=false autoActive=false quickAccessShouldShow=false autoTdpPackage=null boundPackage=com.miHoYo.Yuanshen lastForeground=com.miHoYo.Yuanshen
2026-08-02 15:28:55 PulseDaemon: cap write via daemon (5 node(s))
2026-08-02 15:28:56 PulseAutoTdp: TICK-SKIP overlayShouldShow=false autoActive=false quickAccessShouldShow=false autoTdpPackage=null boundPackage=com.miHoYo.Yuanshen lastForeground=com.miHoYo.Yuanshen
2026-08-02 15:28:57 PulseAutoTdp: TICK-SKIP overlayShouldShow=false autoActive=false quickAccessShouldShow=false autoTdpPackage=null boundPackage=com.miHoYo.Yuanshen lastForeground=com.miHoYo.Yuanshen
2026-08-02 15:28:57 PulseDaemon: cap write via daemon (5 node(s))
2026-08-02 15:28:58 PulseAutoTdp: TICK-SKIP overlayShouldShow=false autoActive=false quickAccessShouldShow=false autoTdpPackage=null boundPackage=com.miHoYo.Yuanshen lastForeground=com.miHoYo.Yuanshen
2026-08-02 15:29:00 PulseAutoTdp: TICK-SKIP overlayShouldShow=false autoActive=false quickAccessShouldShow=false autoTdpPackage=null boundPackage=com.miHoYo.Yuanshen lastForeground=com.miHoYo.Yuanshen
2026-08-02 15:29:00 PulseDaemon: cap write via daemon (5 node(s))
2026-08-02 15:29:01 PulseAutoTdp: TICK-SKIP overlayShouldShow=false autoActive=false quickAccessShouldShow=false autoTdpPackage=null boundPackage=com.miHoYo.Yuanshen lastForeground=com.miHoYo.Yuanshen
2026-08-02 15:29:03 PulseAutoTdp: TICK-SKIP overlayShouldShow=false autoActive=false quickAccessShouldShow=false autoTdpPackage=null boundPackage=com.miHoYo.Yuanshen lastForeground=com.miHoYo.Yuanshen
2026-08-02 15:29:03 PulseDaemon: cap write via daemon (5 node(s))
2026-08-02 15:29:04 PulseAutoTdp: TICK-SKIP overlayShouldShow=false autoActive=false quickAccessShouldShow=false autoTdpPackage=null boundPackage=com.miHoYo.Yuanshen lastForeground=com.miHoYo.Yuanshen
2026-08-02 15:29:05 PulseAutoTdp: TICK-SKIP overlayShouldShow=false autoActive=false quickAccessShouldShow=false autoTdpPackage=null boundPackage=com.miHoYo.Yuanshen lastForeground=com.miHoYo.Yuanshen
2026-08-02 15:29:06 PulseDaemon: cap write via daemon (5 node(s))
2026-08-02 15:29:07 PulseAutoTdp: TICK-SKIP overlayShouldShow=false autoActive=false quickAccessShouldShow=false autoTdpPackage=null boundPackage=com.miHoYo.Yuanshen lastForeground=com.miHoYo.Yuanshen
2026-08-02 15:29:08 PulseAutoTdp: TICK-SKIP overlayShouldShow=false autoActive=false quickAccessShouldShow=false autoTdpPackage=null boundPackage=com.miHoYo.Yuanshen lastForeground=com.miHoYo.Yuanshen
2026-08-02 15:29:09 PulseDaemon: cap write via daemon (5 node(s))
2026-08-02 15:29:10 PulseAutoTdp: TICK-SKIP overlayShouldShow=false autoActive=false quickAccessShouldShow=false autoTdpPackage=null boundPackage=com.miHoYo.Yuanshen lastForeground=com.miHoYo.Yuanshen
2026-08-02 15:29:11 PulseAutoTdp: TICK-SKIP overlayShouldShow=false autoActive=false quickAccessShouldShow=false autoTdpPackage=null boundPackage=com.miHoYo.Yuanshen lastForeground=com.miHoYo.Yuanshen
2026-08-02 15:29:12 PulseDaemon: cap write via daemon (5 node(s))
2026-08-02 15:29:13 PulseAutoTdp: TICK-SKIP overlayShouldShow=false autoActive=false quickAccessShouldShow=false autoTdpPackage=null boundPackage=com.miHoYo.Yuanshen lastForeground=com.miHoYo.Yuanshen
2026-08-02 15:29:14 PulseAutoTdp: TICK-SKIP overlayShouldShow=false autoActive=false quickAccessShouldShow=false autoTdpPackage=null boundPackage=com.miHoYo.Yuanshen lastForeground=com.miHoYo.Yuanshen
2026-08-02 15:29:14 PulseDaemon: cap write via daemon (5 node(s))
2026-08-02 15:29:15 PulseAutoTdp: TICK-SKIP overlayShouldShow=false autoActive=false quickAccessShouldShow=false autoTdpPackage=null boundPackage=com.miHoYo.Yuanshen lastForeground=com.miHoYo.Yuanshen
# ... 2 more identical lines elided (same content, only timestamp differs) ...
2026-08-02 15:29:20 PulseAutoTdp: TICK-SKIP overlayShouldShow=false autoActive=false quickAccessShouldShow=false autoTdpPackage=null boundPackage=com.miHoYo.Yuanshen lastForeground=com.miHoYo.Yuanshen
2026-08-02 15:29:20 PulseDaemon: cap write via daemon (5 node(s))
2026-08-02 15:29:21 PulseAutoTdp: TICK-SKIP overlayShouldShow=false autoActive=false quickAccessShouldShow=false autoTdpPackage=null boundPackage=com.miHoYo.Yuanshen lastForeground=com.miHoYo.Yuanshen
2026-08-02 15:29:22 PulseAutoTdp: TICK-SKIP overlayShouldShow=false autoActive=false quickAccessShouldShow=false autoTdpPackage=null boundPackage=com.miHoYo.Yuanshen lastForeground=com.miHoYo.Yuanshen
2026-08-02 15:29:23 PulseDaemon: cap write via daemon (5 node(s))
2026-08-02 15:29:24 PulseAutoTdp: TICK-SKIP overlayShouldShow=false autoActive=false quickAccessShouldShow=false autoTdpPackage=null boundPackage=com.miHoYo.Yuanshen lastForeground=com.miHoYo.Yuanshen
2026-08-02 15:29:25 PulseAutoTdp: TICK-SKIP overlayShouldShow=false autoActive=false quickAccessShouldShow=false autoTdpPackage=null boundPackage=com.miHoYo.Yuanshen lastForeground=com.miHoYo.Yuanshen
2026-08-02 15:29:26 PulseDaemon: cap write via daemon (5 node(s))
2026-08-02 15:29:27 PulseAutoTdp: TICK-SKIP overlayShouldShow=false autoActive=false quickAccessShouldShow=false autoTdpPackage=null boundPackage=com.miHoYo.Yuanshen lastForeground=com.miHoYo.Yuanshen
2026-08-02 15:29:28 PulseAutoTdp: TICK-SKIP overlayShouldShow=false autoActive=false quickAccessShouldShow=false autoTdpPackage=null boundPackage=com.miHoYo.Yuanshen lastForeground=com.miHoYo.Yuanshen
2026-08-02 15:29:28 PulseDaemon: cap write via daemon (5 node(s))
2026-08-02 15:29:29 PulseAutoTdp: TICK-SKIP overlayShouldShow=false autoActive=false quickAccessShouldShow=false autoTdpPackage=null boundPackage=com.miHoYo.Yuanshen lastForeground=com.miHoYo.Yuanshen
2026-08-02 15:29:31 PulseAutoTdp: TICK-SKIP overlayShouldShow=false autoActive=false quickAccessShouldShow=false autoTdpPackage=null boundPackage=com.miHoYo.Yuanshen lastForeground=com.miHoYo.Yuanshen
2026-08-02 15:29:31 PulseDaemon: cap write via daemon (5 node(s))
2026-08-02 15:29:32 PulseAutoTdp: TICK-SKIP overlayShouldShow=false autoActive=false quickAccessShouldShow=false autoTdpPackage=null boundPackage=com.miHoYo.Yuanshen lastForeground=com.miHoYo.Yuanshen
2026-08-02 15:29:34 PulseAutoTdp: TICK-SKIP overlayShouldShow=false autoActive=false quickAccessShouldShow=false autoTdpPackage=null boundPackage=com.miHoYo.Yuanshen lastForeground=com.miHoYo.Yuanshen
2026-08-02 15:29:34 PulseDaemon: cap write via daemon (5 node(s))
2026-08-02 15:29:35 PulseAutoTdp: TICK-SKIP overlayShouldShow=false autoActive=false quickAccessShouldShow=false autoTdpPackage=null boundPackage=com.miHoYo.Yuanshen lastForeground=com.miHoYo.Yuanshen
2026-08-02 15:29:36 PulseAutoTdp: TICK-SKIP overlayShouldShow=false autoActive=false quickAccessShouldShow=false autoTdpPackage=null boundPackage=com.miHoYo.Yuanshen lastForeground=com.miHoYo.Yuanshen
2026-08-02 15:29:37 PulseDaemon: cap write via daemon (5 node(s))
2026-08-02 15:29:38 PulseAutoTdp: TICK-SKIP overlayShouldShow=false autoActive=false quickAccessShouldShow=false autoTdpPackage=null boundPackage=com.miHoYo.Yuanshen lastForeground=com.miHoYo.Yuanshen
2026-08-02 15:29:39 PulseAutoTdp: TICK-SKIP overlayShouldShow=false autoActive=false quickAccessShouldShow=false autoTdpPackage=null boundPackage=com.miHoYo.Yuanshen lastForeground=com.miHoYo.Yuanshen
2026-08-02 15:29:40 PulseDaemon: cap write via daemon (5 node(s))
2026-08-02 15:29:41 PulseAutoTdp: TICK-SKIP overlayShouldShow=false autoActive=false quickAccessShouldShow=false autoTdpPackage=null boundPackage=com.miHoYo.Yuanshen lastForeground=com.miHoYo.Yuanshen
2026-08-02 15:29:42 PulseAutoTdp: TICK-SKIP overlayShouldShow=false autoActive=false quickAccessShouldShow=false autoTdpPackage=null boundPackage=com.miHoYo.Yuanshen lastForeground=com.miHoYo.Yuanshen
2026-08-02 15:29:43 PulseDaemon: cap write via daemon (5 node(s))
2026-08-02 15:29:44 PulseAutoTdp: TICK-SKIP overlayShouldShow=false autoActive=false quickAccessShouldShow=false autoTdpPackage=null boundPackage=com.miHoYo.Yuanshen lastForeground=com.miHoYo.Yuanshen
2026-08-02 15:29:45 PulseAutoTdp: TICK-SKIP overlayShouldShow=false autoActive=false quickAccessShouldShow=false autoTdpPackage=null boundPackage=com.miHoYo.Yuanshen lastForeground=com.miHoYo.Yuanshen
2026-08-02 15:29:45 PulseDaemon: cap write via daemon (5 node(s))
2026-08-02 15:29:46 PulseAutoTdp: TICK-SKIP overlayShouldShow=false autoActive=false quickAccessShouldShow=false autoTdpPackage=null boundPackage=com.miHoYo.Yuanshen lastForeground=com.miHoYo.Yuanshen
2026-08-02 15:29:48 PulseAutoTdp: TICK-SKIP overlayShouldShow=false autoActive=false quickAccessShouldShow=false autoTdpPackage=null boundPackage=com.miHoYo.Yuanshen lastForeground=com.miHoYo.Yuanshen
2026-08-02 15:29:48 PulseDaemon: cap write via daemon (5 node(s))
2026-08-02 15:29:49 PulseAutoTdp: TICK-SKIP overlayShouldShow=false autoActive=false quickAccessShouldShow=false autoTdpPackage=null boundPackage=com.miHoYo.Yuanshen lastForeground=com.miHoYo.Yuanshen
2026-08-02 15:29:51 PulseAutoTdp: TICK-SKIP overlayShouldShow=false autoActive=false quickAccessShouldShow=false autoTdpPackage=null boundPackage=com.miHoYo.Yuanshen lastForeground=com.miHoYo.Yuanshen
2026-08-02 15:29:51 PulseDaemon: cap write via daemon (5 node(s))
2026-08-02 15:29:52 PulseAutoTdp: TICK-SKIP overlayShouldShow=false autoActive=false quickAccessShouldShow=false autoTdpPackage=null boundPackage=com.miHoYo.Yuanshen lastForeground=com.miHoYo.Yuanshen
2026-08-02 15:29:53 PulseAutoTdp: TICK-SKIP overlayShouldShow=false autoActive=false quickAccessShouldShow=false autoTdpPackage=null boundPackage=com.miHoYo.Yuanshen lastForeground=com.miHoYo.Yuanshen
2026-08-02 15:29:54 PulseDaemon: cap write via daemon (5 node(s))
2026-08-02 15:29:55 PulseAutoTdp: TICK-SKIP overlayShouldShow=false autoActive=false quickAccessShouldShow=false autoTdpPackage=null boundPackage=com.miHoYo.Yuanshen lastForeground=com.miHoYo.Yuanshen
2026-08-02 15:29:56 PulseAutoTdp: TICK-SKIP overlayShouldShow=false autoActive=false quickAccessShouldShow=false autoTdpPackage=null boundPackage=com.miHoYo.Yuanshen lastForeground=com.miHoYo.Yuanshen
2026-08-02 15:29:57 PulseDaemon: cap write via daemon (5 node(s))
2026-08-02 15:29:58 PulseAutoTdp: TICK-SKIP overlayShouldShow=false autoActive=false quickAccessShouldShow=false autoTdpPackage=null boundPackage=com.miHoYo.Yuanshen lastForeground=com.miHoYo.Yuanshen
2026-08-02 15:29:59 PulseAutoTdp: TICK-SKIP overlayShouldShow=false autoActive=false quickAccessShouldShow=false autoTdpPackage=null boundPackage=com.miHoYo.Yuanshen lastForeground=com.miHoYo.Yuanshen
2026-08-02 15:29:59 PulseDaemon: cap write via daemon (5 node(s))
2026-08-02 15:30:01 PulseAutoTdp: TICK-SKIP overlayShouldShow=false autoActive=false quickAccessShouldShow=false autoTdpPackage=null boundPackage=com.miHoYo.Yuanshen lastForeground=com.miHoYo.Yuanshen
2026-08-02 15:30:02 PulseAutoTdp: TICK-SKIP overlayShouldShow=false autoActive=false quickAccessShouldShow=false autoTdpPackage=null boundPackage=com.miHoYo.Yuanshen lastForeground=com.miHoYo.Yuanshen
2026-08-02 15:30:02 PulseDaemon: cap write via daemon (5 node(s))
2026-08-02 15:30:03 PulseAutoTdp: TICK-SKIP overlayShouldShow=false autoActive=false quickAccessShouldShow=false autoTdpPackage=null boundPackage=com.miHoYo.Yuanshen lastForeground=com.miHoYo.Yuanshen
2026-08-02 15:30:05 PulseAutoTdp: TICK-SKIP overlayShouldShow=false autoActive=false quickAccessShouldShow=false autoTdpPackage=null boundPackage=com.miHoYo.Yuanshen lastForeground=com.miHoYo.Yuanshen
2026-08-02 15:30:05 PulseDaemon: cap write via daemon (5 node(s))
2026-08-02 15:30:06 PulseAutoTdp: TICK-SKIP overlayShouldShow=false autoActive=false quickAccessShouldShow=false autoTdpPackage=null boundPackage=com.miHoYo.Yuanshen lastForeground=com.miHoYo.Yuanshen
2026-08-02 15:30:07 PulseAutoTdp: TICK-SKIP overlayShouldShow=false autoActive=false quickAccessShouldShow=false autoTdpPackage=null boundPackage=com.miHoYo.Yuanshen lastForeground=com.miHoYo.Yuanshen
2026-08-02 15:30:08 PulseDaemon: cap write via daemon (5 node(s))
2026-08-02 15:30:09 PulseAutoTdp: TICK-SKIP overlayShouldShow=false autoActive=false quickAccessShouldShow=false autoTdpPackage=null boundPackage=com.miHoYo.Yuanshen lastForeground=com.miHoYo.Yuanshen
2026-08-02 15:30:10 PulseAutoTdp: TICK-SKIP overlayShouldShow=false autoActive=false quickAccessShouldShow=false autoTdpPackage=null boundPackage=com.miHoYo.Yuanshen lastForeground=com.miHoYo.Yuanshen
2026-08-02 15:30:11 PulseDaemon: cap write via daemon (5 node(s))
2026-08-02 15:30:12 PulseAutoTdp: TICK-SKIP overlayShouldShow=false autoActive=false quickAccessShouldShow=false autoTdpPackage=null boundPackage=com.miHoYo.Yuanshen lastForeground=com.miHoYo.Yuanshen
2026-08-02 15:30:13 PulseAutoTdp: TICK-SKIP overlayShouldShow=false autoActive=false quickAccessShouldShow=false autoTdpPackage=null boundPackage=com.miHoYo.Yuanshen lastForeground=com.miHoYo.Yuanshen
2026-08-02 15:30:14 PulseDaemon: cap write via daemon (5 node(s))
2026-08-02 15:30:15 PulseAutoTdp: TICK-SKIP overlayShouldShow=false autoActive=false quickAccessShouldShow=false autoTdpPackage=null boundPackage=com.miHoYo.Yuanshen lastForeground=com.miHoYo.Yuanshen
2026-08-02 15:30:16 PulseAutoTdp: TICK-SKIP overlayShouldShow=false autoActive=false quickAccessShouldShow=false autoTdpPackage=null boundPackage=com.miHoYo.Yuanshen lastForeground=com.miHoYo.Yuanshen
2026-08-02 15:30:16 PulseDaemon: cap write via daemon (5 node(s))
2026-08-02 15:30:17 PulseAutoTdp: TICK-SKIP overlayShouldShow=false autoActive=false quickAccessShouldShow=false autoTdpPackage=null boundPackage=com.miHoYo.Yuanshen lastForeground=com.miHoYo.Yuanshen
2026-08-02 15:30:19 PulseAutoTdp: TICK-SKIP overlayShouldShow=false autoActive=false quickAccessShouldShow=false autoTdpPackage=null boundPackage=com.miHoYo.Yuanshen lastForeground=com.miHoYo.Yuanshen
2026-08-02 15:30:19 PulseDaemon: cap write via daemon (5 node(s))
2026-08-02 15:30:20 PulseAutoTdp: TICK-SKIP overlayShouldShow=false autoActive=false quickAccessShouldShow=false autoTdpPackage=null boundPackage=com.miHoYo.Yuanshen lastForeground=com.miHoYo.Yuanshen
2026-08-02 15:30:22 PulseAutoTdp: TICK-SKIP overlayShouldShow=false autoActive=false quickAccessShouldShow=false autoTdpPackage=null boundPackage=com.miHoYo.Yuanshen lastForeground=com.miHoYo.Yuanshen
2026-08-02 15:30:22 PulseDaemon: cap write via daemon (5 node(s))
2026-08-02 15:30:23 PulseAutoTdp: TICK-SKIP overlayShouldShow=false autoActive=false quickAccessShouldShow=false autoTdpPackage=null boundPackage=com.miHoYo.Yuanshen lastForeground=com.miHoYo.Yuanshen
2026-08-02 15:30:24 PulseAutoTdp: TICK-SKIP overlayShouldShow=false autoActive=false quickAccessShouldShow=false autoTdpPackage=null boundPackage=com.miHoYo.Yuanshen lastForeground=com.miHoYo.Yuanshen
2026-08-02 15:30:25 PulseDaemon: cap write via daemon (5 node(s))
2026-08-02 15:30:26 PulseAutoTdp: TICK-SKIP overlayShouldShow=false autoActive=false quickAccessShouldShow=false autoTdpPackage=null boundPackage=com.miHoYo.Yuanshen lastForeground=com.miHoYo.Yuanshen
2026-08-02 15:30:27 PulseAutoTdp: TICK-SKIP overlayShouldShow=false autoActive=false quickAccessShouldShow=false autoTdpPackage=null boundPackage=com.miHoYo.Yuanshen lastForeground=com.miHoYo.Yuanshen
2026-08-02 15:30:28 PulseDaemon: cap write via daemon (5 node(s))
2026-08-02 15:30:29 PulseAutoTdp: TICK-SKIP overlayShouldShow=false autoActive=false quickAccessShouldShow=false autoTdpPackage=null boundPackage=com.miHoYo.Yuanshen lastForeground=com.miHoYo.Yuanshen
2026-08-02 15:30:30 PulseAutoTdp: TICK-SKIP overlayShouldShow=false autoActive=false quickAccessShouldShow=false autoTdpPackage=null boundPackage=com.miHoYo.Yuanshen lastForeground=com.miHoYo.Yuanshen
2026-08-02 15:30:30 PulseDaemon: cap write via daemon (5 node(s))
2026-08-02 15:30:32 PulseAutoTdp: TICK-SKIP overlayShouldShow=false autoActive=false quickAccessShouldShow=false autoTdpPackage=null boundPackage=com.miHoYo.Yuanshen lastForeground=com.miHoYo.Yuanshen
2026-08-02 15:30:33 PulseAutoTdp: TICK-SKIP overlayShouldShow=false autoActive=false quickAccessShouldShow=false autoTdpPackage=null boundPackage=com.miHoYo.Yuanshen lastForeground=com.miHoYo.Yuanshen
2026-08-02 15:30:33 PulseDaemon: cap write via daemon (5 node(s))
2026-08-02 15:30:34 PulseAutoTdp: TICK-SKIP overlayShouldShow=false autoActive=false quickAccessShouldShow=false autoTdpPackage=null boundPackage=com.miHoYo.Yuanshen lastForeground=com.miHoYo.Yuanshen
2026-08-02 15:30:36 PulseAutoTdp: TICK-SKIP overlayShouldShow=false autoActive=false quickAccessShouldShow=false autoTdpPackage=null boundPackage=com.miHoYo.Yuanshen lastForeground=com.miHoYo.Yuanshen
2026-08-02 15:30:36 PulseDaemon: cap write via daemon (5 node(s))
2026-08-02 15:30:37 PulseAutoTdp: TICK-SKIP overlayShouldShow=false autoActive=false quickAccessShouldShow=false autoTdpPackage=null boundPackage=com.miHoYo.Yuanshen lastForeground=com.miHoYo.Yuanshen
2026-08-02 15:30:38 PulseAutoTdp: TICK-SKIP overlayShouldShow=false autoActive=false quickAccessShouldShow=false autoTdpPackage=null boundPackage=com.miHoYo.Yuanshen lastForeground=com.miHoYo.Yuanshen
2026-08-02 15:30:39 PulseDaemon: cap write via daemon (5 node(s))
2026-08-02 15:30:40 PulseAutoTdp: TICK-SKIP overlayShouldShow=false autoActive=false quickAccessShouldShow=false autoTdpPackage=null boundPackage=com.miHoYo.Yuanshen lastForeground=com.miHoYo.Yuanshen
2026-08-02 15:30:41 PulseAutoTdp: TICK-SKIP overlayShouldShow=false autoActive=false quickAccessShouldShow=false autoTdpPackage=null boundPackage=com.miHoYo.Yuanshen lastForeground=com.miHoYo.Yuanshen
2026-08-02 15:30:42 PulseDaemon: cap write via daemon (5 node(s))
2026-08-02 15:30:43 PulseAutoTdp: TICK-SKIP overlayShouldShow=false autoActive=false quickAccessShouldShow=false autoTdpPackage=null boundPackage=com.miHoYo.Yuanshen lastForeground=com.miHoYo.Yuanshen
2026-08-02 15:30:44 PulseAutoTdp: TICK-SKIP overlayShouldShow=false autoActive=false quickAccessShouldShow=false autoTdpPackage=null boundPackage=com.miHoYo.Yuanshen lastForeground=com.miHoYo.Yuanshen
2026-08-02 15:30:45 PulseDaemon: cap write via daemon (5 node(s))
2026-08-02 15:30:46 PulseAutoTdp: TICK-SKIP overlayShouldShow=false autoActive=false quickAccessShouldShow=false autoTdpPackage=null boundPackage=com.miHoYo.Yuanshen lastForeground=com.miHoYo.Yuanshen
2026-08-02 15:30:47 PulseAutoTdp: TICK-SKIP overlayShouldShow=false autoActive=false quickAccessShouldShow=false autoTdpPackage=null boundPackage=com.miHoYo.Yuanshen lastForeground=com.miHoYo.Yuanshen
2026-08-02 15:30:47 PulseDaemon: cap write via daemon (5 node(s))
2026-08-02 15:30:48 PulseAutoTdp: TICK-SKIP overlayShouldShow=false autoActive=false quickAccessShouldShow=false autoTdpPackage=null boundPackage=com.miHoYo.Yuanshen lastForeground=com.miHoYo.Yuanshen
2026-08-02 15:30:50 PulseAutoTdp: TICK-SKIP overlayShouldShow=false autoActive=false quickAccessShouldShow=false autoTdpPackage=null boundPackage=com.miHoYo.Yuanshen lastForeground=com.miHoYo.Yuanshen
2026-08-02 15:30:50 PulseDaemon: cap write via daemon (5 node(s))
2026-08-02 15:30:51 PulseAutoTdp: TICK-SKIP overlayShouldShow=false autoActive=false quickAccessShouldShow=false autoTdpPackage=null boundPackage=com.miHoYo.Yuanshen lastForeground=com.miHoYo.Yuanshen
2026-08-02 15:30:53 PulseAutoTdp: TICK-SKIP overlayShouldShow=false autoActive=false quickAccessShouldShow=false autoTdpPackage=null boundPackage=com.miHoYo.Yuanshen lastForeground=com.miHoYo.Yuanshen
2026-08-02 15:30:53 PulseDaemon: cap write via daemon (5 node(s))
2026-08-02 15:30:54 PulseAutoTdp: TICK-SKIP overlayShouldShow=false autoActive=false quickAccessShouldShow=false autoTdpPackage=null boundPackage=com.miHoYo.Yuanshen lastForeground=com.miHoYo.Yuanshen
2026-08-02 15:30:55 PulseAutoTdp: TICK-SKIP overlayShouldShow=false autoActive=false quickAccessShouldShow=false autoTdpPackage=null boundPackage=com.miHoYo.Yuanshen lastForeground=com.miHoYo.Yuanshen
2026-08-02 15:30:56 PulseDaemon: cap write via daemon (5 node(s))
2026-08-02 15:30:57 PulseAutoTdp: TICK-SKIP overlayShouldShow=false autoActive=false quickAccessShouldShow=false autoTdpPackage=null boundPackage=com.miHoYo.Yuanshen lastForeground=com.miHoYo.Yuanshen
2026-08-02 15:30:58 PulseAutoTdp: TICK-SKIP overlayShouldShow=false autoActive=false quickAccessShouldShow=false autoTdpPackage=null boundPackage=com.miHoYo.Yuanshen lastForeground=com.miHoYo.Yuanshen
2026-08-02 15:30:59 PulseDaemon: cap write via daemon (5 node(s))
2026-08-02 15:31:00 PulseAutoTdp: TICK-SKIP overlayShouldShow=false autoActive=false quickAccessShouldShow=false autoTdpPackage=null boundPackage=com.miHoYo.Yuanshen lastForeground=com.miHoYo.Yuanshen
2026-08-02 15:31:01 PulseAutoTdp: TICK-SKIP overlayShouldShow=false autoActive=false quickAccessShouldShow=false autoTdpPackage=null boundPackage=com.miHoYo.Yuanshen lastForeground=com.miHoYo.Yuanshen
2026-08-02 15:31:01 PulseDaemon: cap write via daemon (5 node(s))
2026-08-02 15:31:03 PulseAutoTdp: TICK-SKIP overlayShouldShow=false autoActive=false quickAccessShouldShow=false autoTdpPackage=null boundPackage=com.miHoYo.Yuanshen lastForeground=com.miHoYo.Yuanshen
2026-08-02 15:31:04 PulseAutoTdp: TICK-SKIP overlayShouldShow=false autoActive=false quickAccessShouldShow=false autoTdpPackage=null boundPackage=com.miHoYo.Yuanshen lastForeground=com.miHoYo.Yuanshen
2026-08-02 15:31:04 PulseDaemon: cap write via daemon (5 node(s))
2026-08-02 15:31:05 PulseAutoTdp: TICK-SKIP overlayShouldShow=false autoActive=false quickAccessShouldShow=false autoTdpPackage=null boundPackage=com.miHoYo.Yuanshen lastForeground=com.miHoYo.Yuanshen
2026-08-02 15:31:07 PulseAutoTdp: TICK-SKIP overlayShouldShow=false autoActive=false quickAccessShouldShow=false autoTdpPackage=null boundPackage=com.miHoYo.Yuanshen lastForeground=com.miHoYo.Yuanshen
2026-08-02 15:31:07 PulseDaemon: cap write via daemon (5 node(s))
2026-08-02 15:31:08 PulseAutoTdp: TICK-SKIP overlayShouldShow=false autoActive=false quickAccessShouldShow=false autoTdpPackage=null boundPackage=com.miHoYo.Yuanshen lastForeground=com.miHoYo.Yuanshen
2026-08-02 15:31:10 PulseAutoTdp: TICK-SKIP overlayShouldShow=false autoActive=false quickAccessShouldShow=false autoTdpPackage=null boundPackage=com.miHoYo.Yuanshen lastForeground=com.miHoYo.Yuanshen
2026-08-02 15:31:10 PulseDaemon: cap write via daemon (5 node(s))
2026-08-02 15:31:11 PulseAutoTdp: TICK-SKIP overlayShouldShow=false autoActive=false quickAccessShouldShow=false autoTdpPackage=null boundPackage=com.miHoYo.Yuanshen lastForeground=com.miHoYo.Yuanshen
2026-08-02 15:31:12 PulseAutoTdp: TICK-SKIP overlayShouldShow=false autoActive=false quickAccessShouldShow=false autoTdpPackage=null boundPackage=com.miHoYo.Yuanshen lastForeground=com.miHoYo.Yuanshen
2026-08-02 15:31:13 PulseDaemon: cap write via daemon (5 node(s))
2026-08-02 15:31:14 PulseAutoTdp: TICK-SKIP overlayShouldShow=false autoActive=false quickAccessShouldShow=false autoTdpPackage=null boundPackage=com.miHoYo.Yuanshen lastForeground=com.miHoYo.Yuanshen
2026-08-02 15:31:15 PulseAutoTdp: TICK-SKIP overlayShouldShow=false autoActive=false quickAccessShouldShow=false autoTdpPackage=null boundPackage=com.miHoYo.Yuanshen lastForeground=com.miHoYo.Yuanshen
2026-08-02 15:31:16 PulseDaemon: cap write via daemon (5 node(s))
2026-08-02 15:31:17 PulseAutoTdp: TICK-SKIP overlayShouldShow=false autoActive=false quickAccessShouldShow=false autoTdpPackage=null boundPackage=com.miHoYo.Yuanshen lastForeground=com.miHoYo.Yuanshen
2026-08-02 15:31:18 PulseAutoTdp: TICK-SKIP overlayShouldShow=false autoActive=false quickAccessShouldShow=false autoTdpPackage=null boundPackage=com.miHoYo.Yuanshen lastForeground=com.miHoYo.Yuanshen
2026-08-02 15:31:18 PulseDaemon: cap write via daemon (5 node(s))
2026-08-02 15:31:19 PulseAutoTdp: TICK-SKIP overlayShouldShow=false autoActive=false quickAccessShouldShow=false autoTdpPackage=null boundPackage=com.miHoYo.Yuanshen lastForeground=com.miHoYo.Yuanshen
2026-08-02 15:31:21 PulseAutoTdp: TICK-SKIP overlayShouldShow=false autoActive=false quickAccessShouldShow=false autoTdpPackage=null boundPackage=com.miHoYo.Yuanshen lastForeground=com.miHoYo.Yuanshen
2026-08-02 15:31:21 PulseDaemon: cap write via daemon (5 node(s))
2026-08-02 15:31:22 PulseAutoTdp: TICK-SKIP overlayShouldShow=false autoActive=false quickAccessShouldShow=false autoTdpPackage=null boundPackage=com.miHoYo.Yuanshen lastForeground=com.miHoYo.Yuanshen
2026-08-02 15:31:24 PulseAutoTdp: TICK-SKIP overlayShouldShow=false autoActive=false quickAccessShouldShow=false autoTdpPackage=null boundPackage=com.miHoYo.Yuanshen lastForeground=com.miHoYo.Yuanshen
2026-08-02 15:31:24 PulseDaemon: cap write via daemon (5 node(s))
2026-08-02 15:31:25 PulseAutoTdp: TICK-SKIP overlayShouldShow=false autoActive=false quickAccessShouldShow=false autoTdpPackage=null boundPackage=com.miHoYo.Yuanshen lastForeground=com.miHoYo.Yuanshen
2026-08-02 15:31:26 PulseAutoTdp: TICK-SKIP overlayShouldShow=false autoActive=false quickAccessShouldShow=false autoTdpPackage=null boundPackage=com.miHoYo.Yuanshen lastForeground=com.miHoYo.Yuanshen
2026-08-02 15:31:27 PulseDaemon: cap write via daemon (5 node(s))
2026-08-02 15:31:28 PulseAutoTdp: TICK-SKIP overlayShouldShow=false autoActive=false quickAccessShouldShow=false autoTdpPackage=null boundPackage=com.miHoYo.Yuanshen lastForeground=com.miHoYo.Yuanshen
2026-08-02 15:31:29 PulseAutoTdp: TICK-SKIP overlayShouldShow=false autoActive=false quickAccessShouldShow=false autoTdpPackage=null boundPackage=com.miHoYo.Yuanshen lastForeground=com.miHoYo.Yuanshen
2026-08-02 15:31:30 PulseDaemon: cap write via daemon (5 node(s))
2026-08-02 15:31:31 PulseAutoTdp: TICK-SKIP overlayShouldShow=false autoActive=false quickAccessShouldShow=false autoTdpPackage=null boundPackage=com.miHoYo.Yuanshen lastForeground=com.miHoYo.Yuanshen
2026-08-02 15:31:32 PulseAutoTdp: TICK-SKIP overlayShouldShow=false autoActive=false quickAccessShouldShow=false autoTdpPackage=null boundPackage=com.miHoYo.Yuanshen lastForeground=com.miHoYo.Yuanshen
2026-08-02 15:31:33 PulseDaemon: cap write via daemon (5 node(s))
2026-08-02 15:31:34 PulseAutoTdp: TICK-SKIP overlayShouldShow=false autoActive=false quickAccessShouldShow=false autoTdpPackage=null boundPackage=com.miHoYo.Yuanshen lastForeground=com.miHoYo.Yuanshen
2026-08-02 15:31:35 PulseAutoTdp: TICK-SKIP overlayShouldShow=false autoActive=false quickAccessShouldShow=false autoTdpPackage=null boundPackage=com.miHoYo.Yuanshen lastForeground=com.miHoYo.Yuanshen
2026-08-02 15:31:35 PulseDaemon: cap write via daemon (5 node(s))
2026-08-02 15:31:36 PulseAutoTdp: TICK-SKIP overlayShouldShow=false autoActive=false quickAccessShouldShow=false autoTdpPackage=null boundPackage=com.miHoYo.Yuanshen lastForeground=com.miHoYo.Yuanshen
2026-08-02 15:31:38 PulseAutoTdp: TICK-SKIP overlayShouldShow=false autoActive=false quickAccessShouldShow=false autoTdpPackage=null boundPackage=com.miHoYo.Yuanshen lastForeground=com.miHoYo.Yuanshen
2026-08-02 15:31:38 PulseDaemon: cap write via daemon (5 node(s))
2026-08-02 15:31:39 PulseAutoTdp: TICK-SKIP overlayShouldShow=false autoActive=false quickAccessShouldShow=false autoTdpPackage=null boundPackage=com.miHoYo.Yuanshen lastForeground=com.miHoYo.Yuanshen
2026-08-02 15:31:40 PulseAutoTdp: TICK-SKIP overlayShouldShow=false autoActive=false quickAccessShouldShow=false autoTdpPackage=null boundPackage=com.miHoYo.Yuanshen lastForeground=com.miHoYo.Yuanshen
2026-08-02 15:31:41 PulseDaemon: cap write via daemon (5 node(s))
2026-08-02 15:31:42 PulseAutoTdp: TICK-SKIP overlayShouldShow=false autoActive=false quickAccessShouldShow=false autoTdpPackage=null boundPackage=com.miHoYo.Yuanshen lastForeground=com.miHoYo.Yuanshen
2026-08-02 15:31:43 PulseAutoTdp: TICK-SKIP overlayShouldShow=false autoActive=false quickAccessShouldShow=false autoTdpPackage=null boundPackage=com.miHoYo.Yuanshen lastForeground=com.miHoYo.Yuanshen
2026-08-02 15:31:44 PulseDaemon: cap write via daemon (5 node(s))
2026-08-02 15:31:45 PulseAutoTdp: TICK-SKIP overlayShouldShow=false autoActive=false quickAccessShouldShow=false autoTdpPackage=null boundPackage=com.miHoYo.Yuanshen lastForeground=com.miHoYo.Yuanshen
2026-08-02 15:31:46 PulseAutoTdp: TICK-SKIP overlayShouldShow=false autoActive=false quickAccessShouldShow=false autoTdpPackage=null boundPackage=com.miHoYo.Yuanshen lastForeground=com.miHoYo.Yuanshen
2026-08-02 15:31:47 PulseDaemon: cap write via daemon (5 node(s))
2026-08-02 15:31:48 PulseAutoTdp: TICK-SKIP overlayShouldShow=false autoActive=false quickAccessShouldShow=false autoTdpPackage=null boundPackage=com.miHoYo.Yuanshen lastForeground=com.miHoYo.Yuanshen
2026-08-02 15:31:49 PulseAutoTdp: TICK-SKIP overlayShouldShow=false autoActive=false quickAccessShouldShow=false autoTdpPackage=null boundPackage=com.miHoYo.Yuanshen lastForeground=com.miHoYo.Yuanshen
2026-08-02 15:31:50 PulseDaemon: cap write via daemon (5 node(s))
2026-08-02 15:31:51 PulseAutoTdp: TICK-SKIP overlayShouldShow=false autoActive=false quickAccessShouldShow=false autoTdpPackage=null boundPackage=com.miHoYo.Yuanshen lastForeground=com.miHoYo.Yuanshen
2026-08-02 15:31:52 PulseAutoTdp: TICK-SKIP overlayShouldShow=false autoActive=false quickAccessShouldShow=false autoTdpPackage=null boundPackage=com.miHoYo.Yuanshen lastForeground=com.miHoYo.Yuanshen
2026-08-02 15:31:52 PulseDaemon: cap write via daemon (5 node(s))
2026-08-02 15:31:53 PulseAutoTdp: TICK-SKIP overlayShouldShow=false autoActive=false quickAccessShouldShow=false autoTdpPackage=null boundPackage=com.miHoYo.Yuanshen lastForeground=com.miHoYo.Yuanshen
2026-08-02 15:31:55 PulseAutoTdp: TICK-SKIP overlayShouldShow=false autoActive=false quickAccessShouldShow=false autoTdpPackage=null boundPackage=com.miHoYo.Yuanshen lastForeground=com.miHoYo.Yuanshen
2026-08-02 15:31:55 PulseDaemon: cap write via daemon (5 node(s))
2026-08-02 15:31:56 PulseAutoTdp: TICK-SKIP overlayShouldShow=false autoActive=false quickAccessShouldShow=false autoTdpPackage=null boundPackage=com.miHoYo.Yuanshen lastForeground=com.miHoYo.Yuanshen
2026-08-02 15:31:58 PulseAutoTdp: TICK-SKIP overlayShouldShow=false autoActive=false quickAccessShouldShow=false autoTdpPackage=null boundPackage=com.miHoYo.Yuanshen lastForeground=com.miHoYo.Yuanshen
2026-08-02 15:31:58 PulseDaemon: cap write via daemon (5 node(s))
2026-08-02 15:31:59 PulseAutoTdp: TICK-SKIP overlayShouldShow=false autoActive=false quickAccessShouldShow=false autoTdpPackage=null boundPackage=com.miHoYo.Yuanshen lastForeground=com.miHoYo.Yuanshen
2026-08-02 15:32:00 PulseAutoTdp: TICK-SKIP overlayShouldShow=false autoActive=false quickAccessShouldShow=false autoTdpPackage=null boundPackage=com.miHoYo.Yuanshen lastForeground=com.miHoYo.Yuanshen
2026-08-02 15:32:01 PulseDaemon: cap write via daemon (5 node(s))
2026-08-02 15:32:02 PulseAutoTdp: TICK-SKIP overlayShouldShow=false autoActive=false quickAccessShouldShow=false autoTdpPackage=null boundPackage=com.miHoYo.Yuanshen lastForeground=com.miHoYo.Yuanshen
2026-08-02 15:32:03 PulseAutoTdp: TICK-SKIP overlayShouldShow=false autoActive=false quickAccessShouldShow=false autoTdpPackage=null boundPackage=com.miHoYo.Yuanshen lastForeground=com.miHoYo.Yuanshen
2026-08-02 15:32:04 PulseDaemon: cap write via daemon (5 node(s))
2026-08-02 15:32:05 PulseAutoTdp: TICK-SKIP overlayShouldShow=false autoActive=false quickAccessShouldShow=false autoTdpPackage=null boundPackage=com.miHoYo.Yuanshen lastForeground=com.miHoYo.Yuanshen
2026-08-02 15:32:06 PulseAutoTdp: TICK-SKIP overlayShouldShow=false autoActive=false quickAccessShouldShow=false autoTdpPackage=null boundPackage=com.miHoYo.Yuanshen lastForeground=com.miHoYo.Yuanshen
2026-08-02 15:32:06 PulseDaemon: cap write via daemon (5 node(s))
2026-08-02 15:32:07 PulseAutoTdp: TICK-SKIP overlayShouldShow=false autoActive=false quickAccessShouldShow=false autoTdpPackage=null boundPackage=com.miHoYo.Yuanshen lastForeground=com.miHoYo.Yuanshen
2026-08-02 15:32:09 PulseAutoTdp: TICK-SKIP overlayShouldShow=false autoActive=false quickAccessShouldShow=false autoTdpPackage=null boundPackage=com.miHoYo.Yuanshen lastForeground=com.miHoYo.Yuanshen
2026-08-02 15:32:09 PulseDaemon: cap write via daemon (5 node(s))
2026-08-02 15:32:10 PulseAutoTdp: TICK-SKIP overlayShouldShow=false autoActive=false quickAccessShouldShow=false autoTdpPackage=null boundPackage=com.miHoYo.Yuanshen lastForeground=com.miHoYo.Yuanshen
2026-08-02 15:32:12 PulseAutoTdp: TICK-SKIP overlayShouldShow=false autoActive=false quickAccessShouldShow=false autoTdpPackage=null boundPackage=com.miHoYo.Yuanshen lastForeground=com.miHoYo.Yuanshen
2026-08-02 15:32:12 PulseDaemon: cap write via daemon (5 node(s))
2026-08-02 15:32:13 PulseAutoTdp: TICK-SKIP overlayShouldShow=false autoActive=false quickAccessShouldShow=false autoTdpPackage=null boundPackage=com.miHoYo.Yuanshen lastForeground=com.miHoYo.Yuanshen
2026-08-02 15:32:14 PulseAutoTdp: TICK-SKIP overlayShouldShow=false autoActive=false quickAccessShouldShow=false autoTdpPackage=null boundPackage=com.miHoYo.Yuanshen lastForeground=com.miHoYo.Yuanshen
2026-08-02 15:32:15 PulseDaemon: cap write via daemon (5 node(s))
2026-08-02 15:32:16 PulseAutoTdp: TICK-SKIP overlayShouldShow=false autoActive=false quickAccessShouldShow=false autoTdpPackage=null boundPackage=com.miHoYo.Yuanshen lastForeground=com.miHoYo.Yuanshen
2026-08-02 15:32:17 PulseAutoTdp: TICK-SKIP overlayShouldShow=false autoActive=false quickAccessShouldShow=false autoTdpPackage=null boundPackage=com.miHoYo.Yuanshen lastForeground=com.miHoYo.Yuanshen
2026-08-02 15:32:18 PulseDaemon: cap write via daemon (5 node(s))
2026-08-02 15:32:19 PulseAutoTdp: TICK-SKIP overlayShouldShow=false autoActive=false quickAccessShouldShow=false autoTdpPackage=null boundPackage=com.miHoYo.Yuanshen lastForeground=com.miHoYo.Yuanshen
2026-08-02 15:32:20 PulseAutoTdp: TICK-SKIP overlayShouldShow=false autoActive=false quickAccessShouldShow=false autoTdpPackage=null boundPackage=com.miHoYo.Yuanshen lastForeground=com.miHoYo.Yuanshen
2026-08-02 15:32:20 PulseDaemon: cap write via daemon (5 node(s))
2026-08-02 15:32:22 PulseAutoTdp: TICK-SKIP overlayShouldShow=false autoActive=false quickAccessShouldShow=false autoTdpPackage=null boundPackage=com.miHoYo.Yuanshen lastForeground=com.miHoYo.Yuanshen
2026-08-02 15:32:23 PulseAutoTdp: TICK-SKIP overlayShouldShow=false autoActive=false quickAccessShouldShow=false autoTdpPackage=null boundPackage=com.miHoYo.Yuanshen lastForeground=com.miHoYo.Yuanshen
2026-08-02 15:32:23 PulseDaemon: cap write via daemon (5 node(s))
2026-08-02 15:32:24 PulseAutoTdp: TICK-SKIP overlayShouldShow=false autoActive=false quickAccessShouldShow=false autoTdpPackage=null boundPackage=com.miHoYo.Yuanshen lastForeground=com.miHoYo.Yuanshen
2026-08-02 15:32:26 PulseAutoTdp: TICK-SKIP overlayShouldShow=false autoActive=false quickAccessShouldShow=false autoTdpPackage=null boundPackage=com.miHoYo.Yuanshen lastForeground=com.miHoYo.Yuanshen
2026-08-02 15:32:26 PulseDaemon: cap write via daemon (5 node(s))
2026-08-02 15:32:27 PulseAutoTdp: TICK-SKIP overlayShouldShow=false autoActive=false quickAccessShouldShow=false autoTdpPackage=null boundPackage=com.miHoYo.Yuanshen lastForeground=com.miHoYo.Yuanshen
2026-08-02 15:32:29 PulseAutoTdp: TICK-SKIP overlayShouldShow=false autoActive=false quickAccessShouldShow=false autoTdpPackage=null boundPackage=com.miHoYo.Yuanshen lastForeground=com.miHoYo.Yuanshen
2026-08-02 15:32:29 PulseDaemon: cap write via daemon (5 node(s))
2026-08-02 15:32:30 PulseAutoTdp: TICK-SKIP overlayShouldShow=false autoActive=false quickAccessShouldShow=false autoTdpPackage=null boundPackage=com.miHoYo.Yuanshen lastForeground=com.miHoYo.Yuanshen
2026-08-02 15:32:31 PulseAutoTdp: TICK-SKIP overlayShouldShow=false autoActive=false quickAccessShouldShow=false autoTdpPackage=null boundPackage=com.miHoYo.Yuanshen lastForeground=com.miHoYo.Yuanshen
2026-08-02 15:32:32 PulseDaemon: cap write via daemon (5 node(s))
2026-08-02 15:32:33 PulseAutoTdp: TICK-SKIP overlayShouldShow=false autoActive=false quickAccessShouldShow=false autoTdpPackage=null boundPackage=com.miHoYo.Yuanshen lastForeground=com.miHoYo.Yuanshen
2026-08-02 15:32:34 PulseAutoTdp: TICK-SKIP overlayShouldShow=false autoActive=false quickAccessShouldShow=false autoTdpPackage=null boundPackage=com.miHoYo.Yuanshen lastForeground=com.miHoYo.Yuanshen
2026-08-02 15:32:35 PulseDaemon: cap write via daemon (5 node(s))
2026-08-02 15:32:36 PulseAutoTdp: TICK-SKIP overlayShouldShow=false autoActive=false quickAccessShouldShow=false autoTdpPackage=null boundPackage=com.miHoYo.Yuanshen lastForeground=com.miHoYo.Yuanshen
2026-08-02 15:32:37 PulseAutoTdp: TICK-SKIP overlayShouldShow=false autoActive=false quickAccessShouldShow=false autoTdpPackage=null boundPackage=com.miHoYo.Yuanshen lastForeground=com.miHoYo.Yuanshen
2026-08-02 15:32:37 PulseDaemon: cap write via xsu fallback (5 node(s), ~1034 chars, chunked)
2026-08-02 15:32:39 PulseAutoTdp: TICK-SKIP overlayShouldShow=false autoActive=false quickAccessShouldShow=false autoTdpPackage=null boundPackage=com.miHoYo.Yuanshen lastForeground=com.miHoYo.Yuanshen
2026-08-02 15:32:40 PulseAutoTdp: TICK-SKIP overlayShouldShow=false autoActive=false quickAccessShouldShow=false autoTdpPackage=null boundPackage=com.miHoYo.Yuanshen lastForeground=com.miHoYo.Yuanshen
2026-08-02 15:32:40 PulseDaemon: cap write via daemon (5 node(s))
2026-08-02 15:32:41 PulseAutoTdp: TICK-SKIP overlayShouldShow=false autoActive=false quickAccessShouldShow=false autoTdpPackage=null boundPackage=com.miHoYo.Yuanshen lastForeground=com.miHoYo.Yuanshen
2026-08-02 15:32:43 PulseAutoTdp: TICK-SKIP overlayShouldShow=false autoActive=false quickAccessShouldShow=false autoTdpPackage=null boundPackage=com.miHoYo.Yuanshen lastForeground=com.miHoYo.Yuanshen
2026-08-02 15:32:43 PulseDaemon: cap write via daemon (5 node(s))
2026-08-02 15:32:44 PulseAutoTdp: TICK-SKIP overlayShouldShow=false autoActive=false quickAccessShouldShow=false autoTdpPackage=null boundPackage=com.miHoYo.Yuanshen lastForeground=com.miHoYo.Yuanshen
2026-08-02 15:32:46 PulseAutoTdp: TICK-SKIP overlayShouldShow=false autoActive=false quickAccessShouldShow=false autoTdpPackage=null boundPackage=com.miHoYo.Yuanshen lastForeground=com.miHoYo.Yuanshen
2026-08-02 15:32:46 PulseDaemon: cap write via daemon (5 node(s))
2026-08-02 15:32:47 PulseAutoTdp: TICK-SKIP overlayShouldShow=false autoActive=false quickAccessShouldShow=false autoTdpPackage=null boundPackage=com.miHoYo.Yuanshen lastForeground=com.miHoYo.Yuanshen
2026-08-02 15:32:48 PulseAutoTdp: TICK-SKIP overlayShouldShow=false autoActive=false quickAccessShouldShow=false autoTdpPackage=null boundPackage=com.miHoYo.Yuanshen lastForeground=com.miHoYo.Yuanshen
2026-08-02 15:32:49 PulseDaemon: cap write via daemon (5 node(s))
2026-08-02 15:32:50 PulseAutoTdp: TICK-SKIP overlayShouldShow=false autoActive=false quickAccessShouldShow=false autoTdpPackage=null boundPackage=com.miHoYo.Yuanshen lastForeground=com.miHoYo.Yuanshen
2026-08-02 15:32:51 PulseAutoTdp: TICK-SKIP overlayShouldShow=false autoActive=false quickAccessShouldShow=false autoTdpPackage=null boundPackage=com.miHoYo.Yuanshen lastForeground=com.miHoYo.Yuanshen
2026-08-02 15:32:52 PulseDaemon: cap write via daemon (5 node(s))
2026-08-02 15:32:53 PulseAutoTdp: TICK-SKIP overlayShouldShow=false autoActive=false quickAccessShouldShow=false autoTdpPackage=null boundPackage=com.miHoYo.Yuanshen lastForeground=com.miHoYo.Yuanshen
2026-08-02 15:32:54 PulseAutoTdp: TICK-SKIP overlayShouldShow=false autoActive=false quickAccessShouldShow=false autoTdpPackage=null boundPackage=com.miHoYo.Yuanshen lastForeground=com.miHoYo.Yuanshen
2026-08-02 15:32:54 PulseDaemon: cap write via daemon (5 node(s))
2026-08-02 15:32:55 PulseAutoTdp: TICK-SKIP overlayShouldShow=false autoActive=false quickAccessShouldShow=false autoTdpPackage=null boundPackage=com.miHoYo.Yuanshen lastForeground=com.miHoYo.Yuanshen
2026-08-02 15:32:57 PulseAutoTdp: TICK-SKIP overlayShouldShow=false autoActive=false quickAccessShouldShow=false autoTdpPackage=null boundPackage=com.miHoYo.Yuanshen lastForeground=com.miHoYo.Yuanshen
2026-08-02 15:32:57 PulseDaemon: cap write via daemon (5 node(s))
2026-08-02 15:32:58 PulseAutoTdp: TICK-SKIP overlayShouldShow=false autoActive=false quickAccessShouldShow=false autoTdpPackage=null boundPackage=com.miHoYo.Yuanshen lastForeground=com.miHoYo.Yuanshen
2026-08-02 15:33:00 PulseAutoTdp: TICK-SKIP overlayShouldShow=false autoActive=false quickAccessShouldShow=false autoTdpPackage=null boundPackage=com.miHoYo.Yuanshen lastForeground=com.miHoYo.Yuanshen
2026-08-02 15:33:00 PulseDaemon: cap write via daemon (5 node(s))
2026-08-02 15:33:01 PulseAutoTdp: TICK-SKIP overlayShouldShow=false autoActive=false quickAccessShouldShow=false autoTdpPackage=null boundPackage=com.miHoYo.Yuanshen lastForeground=com.miHoYo.Yuanshen
2026-08-02 15:33:02 PulseAutoTdp: TICK-SKIP overlayShouldShow=false autoActive=false quickAccessShouldShow=false autoTdpPackage=null boundPackage=com.miHoYo.Yuanshen lastForeground=com.miHoYo.Yuanshen
2026-08-02 15:33:03 PulseDaemon: cap write via daemon (5 node(s))
2026-08-02 15:33:04 PulseAutoTdp: TICK-SKIP overlayShouldShow=false autoActive=false quickAccessShouldShow=false autoTdpPackage=null boundPackage=com.miHoYo.Yuanshen lastForeground=com.miHoYo.Yuanshen
2026-08-02 15:33:05 PulseAutoTdp: TICK-SKIP overlayShouldShow=false autoActive=false quickAccessShouldShow=false autoTdpPackage=null boundPackage=com.miHoYo.Yuanshen lastForeground=com.miHoYo.Yuanshen
2026-08-02 15:33:06 PulseDaemon: cap write via daemon (5 node(s))
2026-08-02 15:33:07 PulseAutoTdp: TICK-SKIP overlayShouldShow=false autoActive=false quickAccessShouldShow=false autoTdpPackage=null boundPackage=com.miHoYo.Yuanshen lastForeground=com.miHoYo.Yuanshen
2026-08-02 15:33:08 PulseAutoTdp: TICK-SKIP overlayShouldShow=false autoActive=false quickAccessShouldShow=false autoTdpPackage=null boundPackage=com.miHoYo.Yuanshen lastForeground=com.miHoYo.Yuanshen
2026-08-02 15:33:08 PulseDaemon: cap write via daemon (5 node(s))
2026-08-02 15:33:09 PulseAutoTdp: TICK-SKIP overlayShouldShow=false autoActive=false quickAccessShouldShow=false autoTdpPackage=null boundPackage=com.miHoYo.Yuanshen lastForeground=com.miHoYo.Yuanshen
2026-08-02 15:33:11 PulseAutoTdp: TICK-SKIP overlayShouldShow=false autoActive=false quickAccessShouldShow=false autoTdpPackage=null boundPackage=com.miHoYo.Yuanshen lastForeground=com.miHoYo.Yuanshen
2026-08-02 15:33:11 PulseDaemon: cap write via xsu fallback (5 node(s), ~1034 chars, chunked)
2026-08-02 15:33:12 PulseAutoTdp: TICK-SKIP overlayShouldShow=false autoActive=false quickAccessShouldShow=false autoTdpPackage=null boundPackage=com.miHoYo.Yuanshen lastForeground=com.miHoYo.Yuanshen
2026-08-02 15:33:14 PulseAutoTdp: TICK-SKIP overlayShouldShow=false autoActive=false quickAccessShouldShow=false autoTdpPackage=null boundPackage=com.miHoYo.Yuanshen lastForeground=com.miHoYo.Yuanshen
2026-08-02 15:33:14 PulseDaemon: cap write via daemon (5 node(s))
2026-08-02 15:33:15 PulseAutoTdp: TICK-SKIP overlayShouldShow=false autoActive=false quickAccessShouldShow=false autoTdpPackage=null boundPackage=com.miHoYo.Yuanshen lastForeground=com.miHoYo.Yuanshen
2026-08-02 15:33:16 PulseAutoTdp: TICK-SKIP overlayShouldShow=false autoActive=false quickAccessShouldShow=false autoTdpPackage=null boundPackage=com.miHoYo.Yuanshen lastForeground=com.miHoYo.Yuanshen
2026-08-02 15:33:17 PulseDaemon: cap write via daemon (5 node(s))
2026-08-02 15:33:18 PulseAutoTdp: TICK-SKIP overlayShouldShow=false autoActive=false quickAccessShouldShow=false autoTdpPackage=null boundPackage=com.miHoYo.Yuanshen lastForeground=com.miHoYo.Yuanshen
# ... 2 more identical lines elided (same content, only timestamp differs) ...
2026-08-02 15:33:22 PulseAutoTdp: TICK-SKIP overlayShouldShow=false autoActive=false quickAccessShouldShow=false autoTdpPackage=null boundPackage=com.miHoYo.Yuanshen lastForeground=com.miHoYo.Yuanshen
2026-08-02 15:33:23 PulseDaemon: cap write via daemon (5 node(s))
2026-08-02 15:33:24 PulseAutoTdp: TICK-SKIP overlayShouldShow=false autoActive=false quickAccessShouldShow=false autoTdpPackage=null boundPackage=com.miHoYo.Yuanshen lastForeground=com.miHoYo.Yuanshen
2026-08-02 15:33:25 PulseAutoTdp: TICK-SKIP overlayShouldShow=false autoActive=false quickAccessShouldShow=false autoTdpPackage=null boundPackage=com.miHoYo.Yuanshen lastForeground=com.miHoYo.Yuanshen
2026-08-02 15:33:25 PulseDaemon: cap write via daemon (5 node(s))
2026-08-02 15:33:26 PulseAutoTdp: TICK-SKIP overlayShouldShow=false autoActive=false quickAccessShouldShow=false autoTdpPackage=null boundPackage=com.miHoYo.Yuanshen lastForeground=com.miHoYo.Yuanshen
2026-08-02 15:33:28 PulseAutoTdp: TICK-SKIP overlayShouldShow=false autoActive=false quickAccessShouldShow=false autoTdpPackage=null boundPackage=com.miHoYo.Yuanshen lastForeground=com.miHoYo.Yuanshen
2026-08-02 15:33:28 PulseDaemon: cap write via daemon (5 node(s))
2026-08-02 15:33:29 PulseAutoTdp: TICK-SKIP overlayShouldShow=false autoActive=false quickAccessShouldShow=false autoTdpPackage=null boundPackage=com.miHoYo.Yuanshen lastForeground=com.miHoYo.Yuanshen
2026-08-02 15:33:31 PulseAutoTdp: TICK-SKIP overlayShouldShow=false autoActive=false quickAccessShouldShow=false autoTdpPackage=null boundPackage=com.miHoYo.Yuanshen lastForeground=com.miHoYo.Yuanshen
2026-08-02 15:33:31 PulseDaemon: cap write via daemon (5 node(s))
2026-08-02 15:33:32 PulseAutoTdp: TICK-SKIP overlayShouldShow=false autoActive=false quickAccessShouldShow=false autoTdpPackage=null boundPackage=com.miHoYo.Yuanshen lastForeground=com.miHoYo.Yuanshen
2026-08-02 15:33:33 PulseAutoTdp: TICK-SKIP overlayShouldShow=false autoActive=false quickAccessShouldShow=false autoTdpPackage=null boundPackage=com.miHoYo.Yuanshen lastForeground=com.miHoYo.Yuanshen
2026-08-02 15:33:34 PulseDaemon: cap write via daemon (5 node(s))
2026-08-02 15:33:35 PulseAutoTdp: TICK-SKIP overlayShouldShow=false autoActive=false quickAccessShouldShow=false autoTdpPackage=null boundPackage=com.miHoYo.Yuanshen lastForeground=com.miHoYo.Yuanshen
2026-08-02 15:33:36 PulseAutoTdp: TICK-SKIP overlayShouldShow=false autoActive=false quickAccessShouldShow=false autoTdpPackage=null boundPackage=com.miHoYo.Yuanshen lastForeground=com.miHoYo.Yuanshen
2026-08-02 15:33:37 PulseDaemon: cap write via daemon (5 node(s))
2026-08-02 15:33:38 PulseAutoTdp: TICK-SKIP overlayShouldShow=false autoActive=false quickAccessShouldShow=false autoTdpPackage=null boundPackage=com.miHoYo.Yuanshen lastForeground=com.miHoYo.Yuanshen
2026-08-02 15:33:39 PulseAutoTdp: TICK-SKIP overlayShouldShow=false autoActive=false quickAccessShouldShow=false autoTdpPackage=null boundPackage=com.miHoYo.Yuanshen lastForeground=com.miHoYo.Yuanshen
2026-08-02 15:33:39 PulseDaemon: cap write via daemon (5 node(s))
2026-08-02 15:33:41 PulseAutoTdp: TICK-SKIP overlayShouldShow=false autoActive=false quickAccessShouldShow=false autoTdpPackage=null boundPackage=com.miHoYo.Yuanshen lastForeground=com.miHoYo.Yuanshen
2026-08-02 15:33:42 PulseAutoTdp: TICK-SKIP overlayShouldShow=false autoActive=false quickAccessShouldShow=false autoTdpPackage=null boundPackage=com.miHoYo.Yuanshen lastForeground=com.miHoYo.Yuanshen
2026-08-02 15:33:42 PulseDaemon: cap write via daemon (5 node(s))
2026-08-02 15:33:43 PulseAutoTdp: TICK-SKIP overlayShouldShow=false autoActive=false quickAccessShouldShow=false autoTdpPackage=null boundPackage=com.miHoYo.Yuanshen lastForeground=com.miHoYo.Yuanshen
2026-08-02 15:33:45 PulseAutoTdp: TICK-SKIP overlayShouldShow=false autoActive=false quickAccessShouldShow=false autoTdpPackage=null boundPackage=com.miHoYo.Yuanshen lastForeground=com.miHoYo.Yuanshen
2026-08-02 15:33:45 PulseDaemon: cap write via daemon (5 node(s))
2026-08-02 15:33:46 PulseAutoTdp: TICK-SKIP overlayShouldShow=false autoActive=false quickAccessShouldShow=false autoTdpPackage=null boundPackage=com.miHoYo.Yuanshen lastForeground=com.miHoYo.Yuanshen
2026-08-02 15:33:48 PulseAutoTdp: TICK-SKIP overlayShouldShow=false autoActive=false quickAccessShouldShow=false autoTdpPackage=null boundPackage=com.miHoYo.Yuanshen lastForeground=com.miHoYo.Yuanshen
2026-08-02 15:33:48 PulseDaemon: cap write via daemon (5 node(s))
2026-08-02 15:33:49 PulseAutoTdp: TICK-SKIP overlayShouldShow=false autoActive=false quickAccessShouldShow=false autoTdpPackage=null boundPackage=com.miHoYo.Yuanshen lastForeground=com.miHoYo.Yuanshen
2026-08-02 15:33:50 PulseAutoTdp: TICK-SKIP overlayShouldShow=false autoActive=false quickAccessShouldShow=false autoTdpPackage=null boundPackage=com.miHoYo.Yuanshen lastForeground=com.miHoYo.Yuanshen
2026-08-02 15:33:51 PulseDaemon: cap write via daemon (5 node(s))
2026-08-02 15:33:52 PulseAutoTdp: TICK-SKIP overlayShouldShow=false autoActive=false quickAccessShouldShow=false autoTdpPackage=null boundPackage=com.miHoYo.Yuanshen lastForeground=com.miHoYo.Yuanshen
2026-08-02 15:33:53 PulseAutoTdp: TICK-SKIP overlayShouldShow=false autoActive=false quickAccessShouldShow=false autoTdpPackage=null boundPackage=com.miHoYo.Yuanshen lastForeground=com.miHoYo.Yuanshen
2026-08-02 15:33:54 PulseDaemon: cap write via daemon (5 node(s))
2026-08-02 15:33:55 PulseAutoTdp: TICK-SKIP overlayShouldShow=false autoActive=false quickAccessShouldShow=false autoTdpPackage=null boundPackage=com.miHoYo.Yuanshen lastForeground=com.miHoYo.Yuanshen
2026-08-02 15:33:56 PulseAutoTdp: TICK-SKIP overlayShouldShow=false autoActive=false quickAccessShouldShow=false autoTdpPackage=null boundPackage=com.miHoYo.Yuanshen lastForeground=com.miHoYo.Yuanshen
2026-08-02 15:33:56 PulseDaemon: cap write via daemon (5 node(s))
2026-08-02 15:33:57 PulseAutoTdp: TICK-SKIP overlayShouldShow=false autoActive=false quickAccessShouldShow=false autoTdpPackage=null boundPackage=com.miHoYo.Yuanshen lastForeground=com.miHoYo.Yuanshen
2026-08-02 15:33:59 PulseAutoTdp: TICK-SKIP overlayShouldShow=false autoActive=false quickAccessShouldShow=false autoTdpPackage=null boundPackage=com.miHoYo.Yuanshen lastForeground=com.miHoYo.Yuanshen
2026-08-02 15:33:59 PulseDaemon: cap write via daemon (5 node(s))
2026-08-02 15:34:00 PulseAutoTdp: TICK-SKIP overlayShouldShow=false autoActive=false quickAccessShouldShow=false autoTdpPackage=null boundPackage=com.miHoYo.Yuanshen lastForeground=com.miHoYo.Yuanshen
2026-08-02 15:34:02 PulseAutoTdp: TICK-SKIP overlayShouldShow=false autoActive=false quickAccessShouldShow=false autoTdpPackage=null boundPackage=com.miHoYo.Yuanshen lastForeground=com.miHoYo.Yuanshen
2026-08-02 15:34:02 PulseDaemon: cap write via daemon (5 node(s))
2026-08-02 15:34:03 PulseAutoTdp: TICK-SKIP overlayShouldShow=false autoActive=false quickAccessShouldShow=false autoTdpPackage=null boundPackage=com.miHoYo.Yuanshen lastForeground=com.miHoYo.Yuanshen
2026-08-02 15:34:04 PulseAutoTdp: TICK-SKIP overlayShouldShow=false autoActive=false quickAccessShouldShow=false autoTdpPackage=null boundPackage=com.miHoYo.Yuanshen lastForeground=com.miHoYo.Yuanshen
2026-08-02 15:34:05 PulseDaemon: cap write via daemon (5 node(s))
2026-08-02 15:34:06 PulseAutoTdp: TICK-SKIP overlayShouldShow=false autoActive=false quickAccessShouldShow=false autoTdpPackage=null boundPackage=com.miHoYo.Yuanshen lastForeground=com.miHoYo.Yuanshen
2026-08-02 15:34:07 PulseAutoTdp: TICK-SKIP overlayShouldShow=false autoActive=false quickAccessShouldShow=false autoTdpPackage=null boundPackage=com.miHoYo.Yuanshen lastForeground=com.miHoYo.Yuanshen
2026-08-02 15:34:08 PulseDaemon: cap write via daemon (5 node(s))
2026-08-02 15:34:09 PulseAutoTdp: TICK-SKIP overlayShouldShow=false autoActive=false quickAccessShouldShow=false autoTdpPackage=null boundPackage=com.miHoYo.Yuanshen lastForeground=com.miHoYo.Yuanshen
2026-08-02 15:34:10 PulseAutoTdp: TICK-SKIP overlayShouldShow=false autoActive=false quickAccessShouldShow=false autoTdpPackage=null boundPackage=com.miHoYo.Yuanshen lastForeground=com.miHoYo.Yuanshen
2026-08-02 15:34:11 PulseDaemon: cap write via daemon (5 node(s))
2026-08-02 15:34:12 PulseAutoTdp: TICK-SKIP overlayShouldShow=false autoActive=false quickAccessShouldShow=false autoTdpPackage=null boundPackage=com.miHoYo.Yuanshen lastForeground=com.miHoYo.Yuanshen
2026-08-02 15:34:13 PulseAutoTdp: TICK-SKIP overlayShouldShow=false autoActive=false quickAccessShouldShow=false autoTdpPackage=null boundPackage=com.miHoYo.Yuanshen lastForeground=com.miHoYo.Yuanshen
2026-08-02 15:34:13 PulseDaemon: cap write via daemon (5 node(s))
2026-08-02 15:34:14 PulseAutoTdp: TICK-SKIP overlayShouldShow=false autoActive=false quickAccessShouldShow=false autoTdpPackage=null boundPackage=com.miHoYo.Yuanshen lastForeground=com.miHoYo.Yuanshen
2026-08-02 15:34:16 PulseAutoTdp: TICK-SKIP overlayShouldShow=false autoActive=false quickAccessShouldShow=false autoTdpPackage=null boundPackage=com.miHoYo.Yuanshen lastForeground=com.miHoYo.Yuanshen
2026-08-02 15:34:16 PulseDaemon: cap write via daemon (5 node(s))
2026-08-02 15:34:17 PulseAutoTdp: TICK-SKIP overlayShouldShow=false autoActive=false quickAccessShouldShow=false autoTdpPackage=null boundPackage=com.miHoYo.Yuanshen lastForeground=com.miHoYo.Yuanshen
2026-08-02 15:34:19 PulseAutoTdp: TICK-SKIP overlayShouldShow=false autoActive=false quickAccessShouldShow=false autoTdpPackage=null boundPackage=com.miHoYo.Yuanshen lastForeground=com.miHoYo.Yuanshen
2026-08-02 15:34:19 PulseDaemon: cap write via daemon (5 node(s))
2026-08-02 15:34:20 PulseAutoTdp: TICK-SKIP overlayShouldShow=false autoActive=false quickAccessShouldShow=false autoTdpPackage=null boundPackage=com.miHoYo.Yuanshen lastForeground=com.miHoYo.Yuanshen
2026-08-02 15:34:21 PulseAutoTdp: TICK-SKIP overlayShouldShow=false autoActive=false quickAccessShouldShow=false autoTdpPackage=null boundPackage=com.miHoYo.Yuanshen lastForeground=com.miHoYo.Yuanshen
2026-08-02 15:34:22 PulseDaemon: cap write via daemon (5 node(s))
2026-08-02 15:34:23 PulseAutoTdp: TICK-SKIP overlayShouldShow=false autoActive=false quickAccessShouldShow=false autoTdpPackage=null boundPackage=com.miHoYo.Yuanshen lastForeground=com.miHoYo.Yuanshen
2026-08-02 15:34:24 PulseAutoTdp: TICK-SKIP overlayShouldShow=false autoActive=false quickAccessShouldShow=false autoTdpPackage=null boundPackage=com.miHoYo.Yuanshen lastForeground=com.miHoYo.Yuanshen
2026-08-02 15:34:25 PulseDaemon: cap write via daemon (5 node(s))
2026-08-02 15:34:26 PulseAutoTdp: TICK-SKIP overlayShouldShow=false autoActive=false quickAccessShouldShow=false autoTdpPackage=null boundPackage=com.miHoYo.Yuanshen lastForeground=com.miHoYo.Yuanshen
2026-08-02 15:34:27 PulseAutoTdp: TICK-SKIP overlayShouldShow=false autoActive=false quickAccessShouldShow=false autoTdpPackage=null boundPackage=com.miHoYo.Yuanshen lastForeground=com.miHoYo.Yuanshen
2026-08-02 15:34:28 PulseDaemon: cap write via daemon (5 node(s))
2026-08-02 15:34:29 PulseAutoTdp: TICK-SKIP overlayShouldShow=false autoActive=false quickAccessShouldShow=false autoTdpPackage=null boundPackage=com.miHoYo.Yuanshen lastForeground=com.miHoYo.Yuanshen
2026-08-02 15:34:30 PulseAutoTdp: TICK-SKIP overlayShouldShow=false autoActive=false quickAccessShouldShow=false autoTdpPackage=null boundPackage=com.miHoYo.Yuanshen lastForeground=com.miHoYo.Yuanshen
2026-08-02 15:34:30 PulseDaemon: cap write via daemon (5 node(s))
2026-08-02 15:34:31 PulseAutoTdp: TICK-SKIP overlayShouldShow=false autoActive=false quickAccessShouldShow=false autoTdpPackage=null boundPackage=com.miHoYo.Yuanshen lastForeground=com.miHoYo.Yuanshen
2026-08-02 15:34:33 PulseAutoTdp: TICK-SKIP overlayShouldShow=false autoActive=false quickAccessShouldShow=false autoTdpPackage=null boundPackage=com.miHoYo.Yuanshen lastForeground=com.miHoYo.Yuanshen
2026-08-02 15:34:33 PulseDaemon: cap write via daemon (5 node(s))
2026-08-02 15:34:34 PulseAutoTdp: TICK-SKIP overlayShouldShow=false autoActive=false quickAccessShouldShow=false autoTdpPackage=null boundPackage=com.miHoYo.Yuanshen lastForeground=com.miHoYo.Yuanshen
2026-08-02 15:34:36 PulseAutoTdp: TICK-SKIP overlayShouldShow=false autoActive=false quickAccessShouldShow=false autoTdpPackage=null boundPackage=com.miHoYo.Yuanshen lastForeground=com.miHoYo.Yuanshen
2026-08-02 15:34:36 PulseDaemon: cap write via daemon (5 node(s))
2026-08-02 15:34:37 PulseAutoTdp: TICK-SKIP overlayShouldShow=false autoActive=false quickAccessShouldShow=false autoTdpPackage=null boundPackage=com.miHoYo.Yuanshen lastForeground=com.miHoYo.Yuanshen
2026-08-02 15:34:38 PulseAutoTdp: TICK-SKIP overlayShouldShow=false autoActive=false quickAccessShouldShow=false autoTdpPackage=null boundPackage=com.miHoYo.Yuanshen lastForeground=com.miHoYo.Yuanshen
2026-08-02 15:34:39 PulseDaemon: cap write via daemon (5 node(s))
2026-08-02 15:34:40 PulseAutoTdp: TICK-SKIP overlayShouldShow=false autoActive=false quickAccessShouldShow=false autoTdpPackage=null boundPackage=com.miHoYo.Yuanshen lastForeground=com.miHoYo.Yuanshen
2026-08-02 15:34:41 PulseAutoTdp: TICK-SKIP overlayShouldShow=false autoActive=false quickAccessShouldShow=false autoTdpPackage=null boundPackage=com.miHoYo.Yuanshen lastForeground=com.miHoYo.Yuanshen
2026-08-02 15:34:42 PulseDaemon: cap write via daemon (5 node(s))
2026-08-02 15:34:43 PulseAutoTdp: TICK-SKIP overlayShouldShow=false autoActive=false quickAccessShouldShow=false autoTdpPackage=null boundPackage=com.miHoYo.Yuanshen lastForeground=com.miHoYo.Yuanshen
2026-08-02 15:34:44 PulseAutoTdp: TICK-SKIP overlayShouldShow=false autoActive=false quickAccessShouldShow=false autoTdpPackage=null boundPackage=com.miHoYo.Yuanshen lastForeground=com.miHoYo.Yuanshen
2026-08-02 15:34:44 PulseDaemon: cap write via daemon (5 node(s))
2026-08-02 15:34:46 PulseAutoTdp: TICK-SKIP overlayShouldShow=false autoActive=false quickAccessShouldShow=false autoTdpPackage=null boundPackage=com.miHoYo.Yuanshen lastForeground=com.miHoYo.Yuanshen
2026-08-02 15:34:47 PulseAutoTdp: TICK-SKIP overlayShouldShow=false autoActive=false quickAccessShouldShow=false autoTdpPackage=null boundPackage=com.miHoYo.Yuanshen lastForeground=com.miHoYo.Yuanshen
2026-08-02 15:34:47 PulseDaemon: cap write via daemon (5 node(s))
2026-08-02 15:34:48 PulseAutoTdp: TICK-SKIP overlayShouldShow=false autoActive=false quickAccessShouldShow=false autoTdpPackage=null boundPackage=com.miHoYo.Yuanshen lastForeground=com.miHoYo.Yuanshen
2026-08-02 15:34:50 PulseAutoTdp: TICK-SKIP overlayShouldShow=false autoActive=false quickAccessShouldShow=false autoTdpPackage=null boundPackage=com.miHoYo.Yuanshen lastForeground=com.miHoYo.Yuanshen
2026-08-02 15:34:50 PulseDaemon: cap write via daemon (5 node(s))
2026-08-02 15:34:51 PulseAutoTdp: TICK-SKIP overlayShouldShow=false autoActive=false quickAccessShouldShow=false autoTdpPackage=null boundPackage=com.miHoYo.Yuanshen lastForeground=com.miHoYo.Yuanshen
2026-08-02 15:34:52 PulseAutoTdp: TICK-SKIP overlayShouldShow=false autoActive=false quickAccessShouldShow=false autoTdpPackage=null boundPackage=com.miHoYo.Yuanshen lastForeground=com.miHoYo.Yuanshen
2026-08-02 15:34:53 PulseDaemon: cap write via daemon (5 node(s))
2026-08-02 15:34:54 PulseAutoTdp: TICK-SKIP overlayShouldShow=false autoActive=false quickAccessShouldShow=false autoTdpPackage=null boundPackage=com.miHoYo.Yuanshen lastForeground=com.miHoYo.Yuanshen
2026-08-02 15:34:55 PulseAutoTdp: TICK-SKIP overlayShouldShow=false autoActive=false quickAccessShouldShow=false autoTdpPackage=null boundPackage=com.miHoYo.Yuanshen lastForeground=com.miHoYo.Yuanshen
2026-08-02 15:34:56 PulseDaemon: cap write via daemon (5 node(s))
2026-08-02 15:34:57 PulseAutoTdp: TICK-SKIP overlayShouldShow=false autoActive=false quickAccessShouldShow=false autoTdpPackage=null boundPackage=com.miHoYo.Yuanshen lastForeground=com.miHoYo.Yuanshen
2026-08-02 15:34:58 PulseAutoTdp: TICK-SKIP overlayShouldShow=false autoActive=false quickAccessShouldShow=false autoTdpPackage=null boundPackage=com.miHoYo.Yuanshen lastForeground=com.miHoYo.Yuanshen
2026-08-02 15:34:58 PulseDaemon: cap write via daemon (5 node(s))
2026-08-02 15:34:59 PulseAutoTdp: TICK-SKIP overlayShouldShow=false autoActive=false quickAccessShouldShow=false autoTdpPackage=null boundPackage=com.miHoYo.Yuanshen lastForeground=com.miHoYo.Yuanshen
2026-08-02 15:35:01 PulseAutoTdp: TICK-SKIP overlayShouldShow=false autoActive=false quickAccessShouldShow=false autoTdpPackage=null boundPackage=com.miHoYo.Yuanshen lastForeground=com.miHoYo.Yuanshen
2026-08-02 15:35:01 PulseDaemon: cap write via daemon (5 node(s))
2026-08-02 15:35:02 PulseAutoTdp: TICK-SKIP overlayShouldShow=false autoActive=false quickAccessShouldShow=false autoTdpPackage=null boundPackage=com.miHoYo.Yuanshen lastForeground=com.miHoYo.Yuanshen
2026-08-02 15:35:04 PulseAutoTdp: TICK-SKIP overlayShouldShow=false autoActive=false quickAccessShouldShow=false autoTdpPackage=null boundPackage=com.miHoYo.Yuanshen lastForeground=com.miHoYo.Yuanshen
2026-08-02 15:35:04 PulseDaemon: cap write via daemon (5 node(s))
2026-08-02 15:35:05 PulseAutoTdp: TICK-SKIP overlayShouldShow=false autoActive=false quickAccessShouldShow=false autoTdpPackage=null boundPackage=com.miHoYo.Yuanshen lastForeground=com.miHoYo.Yuanshen
2026-08-02 15:35:06 PulseAutoTdp: TICK-SKIP overlayShouldShow=false autoActive=false quickAccessShouldShow=false autoTdpPackage=null boundPackage=com.miHoYo.Yuanshen lastForeground=com.miHoYo.Yuanshen
2026-08-02 15:35:07 PulseDaemon: cap write via daemon (5 node(s))
2026-08-02 15:35:08 PulseAutoTdp: TICK-SKIP overlayShouldShow=false autoActive=false quickAccessShouldShow=false autoTdpPackage=null boundPackage=com.miHoYo.Yuanshen lastForeground=com.miHoYo.Yuanshen
2026-08-02 15:35:09 PulseAutoTdp: TICK-SKIP overlayShouldShow=false autoActive=false quickAccessShouldShow=false autoTdpPackage=null boundPackage=com.miHoYo.Yuanshen lastForeground=com.miHoYo.Yuanshen
2026-08-02 15:35:10 PulseDaemon: cap write via daemon (5 node(s))
2026-08-02 15:35:11 PulseAutoTdp: TICK-SKIP overlayShouldShow=false autoActive=false quickAccessShouldShow=false autoTdpPackage=null boundPackage=com.miHoYo.Yuanshen lastForeground=com.miHoYo.Yuanshen
2026-08-02 15:35:12 PulseAutoTdp: TICK-SKIP overlayShouldShow=false autoActive=false quickAccessShouldShow=false autoTdpPackage=null boundPackage=com.miHoYo.Yuanshen lastForeground=com.miHoYo.Yuanshen
2026-08-02 15:35:13 PulseDaemon: cap write via daemon (5 node(s))
2026-08-02 15:35:14 PulseAutoTdp: TICK-SKIP overlayShouldShow=false autoActive=false quickAccessShouldShow=false autoTdpPackage=null boundPackage=com.miHoYo.Yuanshen lastForeground=com.miHoYo.Yuanshen
2026-08-02 15:35:15 PulseAutoTdp: TICK-SKIP overlayShouldShow=false autoActive=false quickAccessShouldShow=false autoTdpPackage=null boundPackage=com.miHoYo.Yuanshen lastForeground=com.miHoYo.Yuanshen
2026-08-02 15:35:15 PulseDaemon: cap write via daemon (5 node(s))
2026-08-02 15:35:16 PulseAutoTdp: TICK-SKIP overlayShouldShow=false autoActive=false quickAccessShouldShow=false autoTdpPackage=null boundPackage=com.miHoYo.Yuanshen lastForeground=com.miHoYo.Yuanshen
2026-08-02 15:35:18 PulseAutoTdp: TICK-SKIP overlayShouldShow=false autoActive=false quickAccessShouldShow=false autoTdpPackage=null boundPackage=com.miHoYo.Yuanshen lastForeground=com.miHoYo.Yuanshen
2026-08-02 15:35:18 PulseDaemon: cap write via daemon (5 node(s))
2026-08-02 15:35:19 PulseAutoTdp: TICK-SKIP overlayShouldShow=false autoActive=false quickAccessShouldShow=false autoTdpPackage=null boundPackage=com.miHoYo.Yuanshen lastForeground=com.miHoYo.Yuanshen
2026-08-02 15:35:21 PulseAutoTdp: TICK-SKIP overlayShouldShow=false autoActive=false quickAccessShouldShow=false autoTdpPackage=null boundPackage=com.miHoYo.Yuanshen lastForeground=com.miHoYo.Yuanshen
2026-08-02 15:35:21 PulseDaemon: cap write via xsu fallback (5 node(s), ~1034 chars, chunked)
2026-08-02 15:35:22 PulseAutoTdp: TICK-SKIP overlayShouldShow=false autoActive=false quickAccessShouldShow=false autoTdpPackage=null boundPackage=com.miHoYo.Yuanshen lastForeground=com.miHoYo.Yuanshen
2026-08-02 15:35:24 PulseAutoTdp: TICK-SKIP overlayShouldShow=false autoActive=false quickAccessShouldShow=false autoTdpPackage=null boundPackage=com.miHoYo.Yuanshen lastForeground=com.miHoYo.Yuanshen
2026-08-02 15:35:24 PulseDaemon: cap write via daemon (5 node(s))
2026-08-02 15:35:25 PulseAutoTdp: TICK-SKIP overlayShouldShow=false autoActive=false quickAccessShouldShow=false autoTdpPackage=null boundPackage=com.miHoYo.Yuanshen lastForeground=com.miHoYo.Yuanshen
# ... 2 more identical lines elided (same content, only timestamp differs) ...
2026-08-02 15:35:29 PulseAutoTdp: TICK-SKIP overlayShouldShow=false autoActive=false quickAccessShouldShow=false autoTdpPackage=null boundPackage=com.miHoYo.Yuanshen lastForeground=com.miHoYo.Yuanshen
2026-08-02 15:35:30 PulseDaemon: cap write via daemon (5 node(s))
2026-08-02 15:35:31 PulseAutoTdp: TICK-SKIP overlayShouldShow=false autoActive=false quickAccessShouldShow=false autoTdpPackage=null boundPackage=com.miHoYo.Yuanshen lastForeground=com.miHoYo.Yuanshen
2026-08-02 15:35:32 PulseAutoTdp: TICK-SKIP overlayShouldShow=false autoActive=false quickAccessShouldShow=false autoTdpPackage=null boundPackage=com.miHoYo.Yuanshen lastForeground=com.miHoYo.Yuanshen
2026-08-02 15:35:33 PulseDaemon: cap write via daemon (5 node(s))
2026-08-02 15:35:34 PulseAutoTdp: TICK-SKIP overlayShouldShow=false autoActive=false quickAccessShouldShow=false autoTdpPackage=null boundPackage=com.miHoYo.Yuanshen lastForeground=com.miHoYo.Yuanshen
2026-08-02 15:35:35 PulseAutoTdp: TICK-SKIP overlayShouldShow=false autoActive=false quickAccessShouldShow=false autoTdpPackage=null boundPackage=com.miHoYo.Yuanshen lastForeground=com.miHoYo.Yuanshen
2026-08-02 15:35:35 PulseDaemon: cap write via daemon (5 node(s))
2026-08-02 15:35:37 PulseAutoTdp: TICK-SKIP overlayShouldShow=false autoActive=false quickAccessShouldShow=false autoTdpPackage=null boundPackage=com.miHoYo.Yuanshen lastForeground=com.miHoYo.Yuanshen
2026-08-02 15:35:38 PulseAutoTdp: TICK-SKIP overlayShouldShow=false autoActive=false quickAccessShouldShow=false autoTdpPackage=null boundPackage=com.miHoYo.Yuanshen lastForeground=com.miHoYo.Yuanshen
2026-08-02 15:35:38 PulseDaemon: cap write via daemon (5 node(s))
2026-08-02 15:35:39 PulseAutoTdp: TICK-SKIP overlayShouldShow=false autoActive=false quickAccessShouldShow=false autoTdpPackage=null boundPackage=com.miHoYo.Yuanshen lastForeground=com.miHoYo.Yuanshen
2026-08-02 15:35:41 PulseAutoTdp: TICK-SKIP overlayShouldShow=false autoActive=false quickAccessShouldShow=false autoTdpPackage=null boundPackage=com.miHoYo.Yuanshen lastForeground=com.miHoYo.Yuanshen
2026-08-02 15:35:41 PulseDaemon: cap write via daemon (5 node(s))
2026-08-02 15:35:42 PulseAutoTdp: TICK-SKIP overlayShouldShow=false autoActive=false quickAccessShouldShow=false autoTdpPackage=null boundPackage=com.miHoYo.Yuanshen lastForeground=com.miHoYo.Yuanshen
2026-08-02 15:35:43 PulseAutoTdp: TICK-SKIP overlayShouldShow=false autoActive=false quickAccessShouldShow=false autoTdpPackage=null boundPackage=com.miHoYo.Yuanshen lastForeground=com.miHoYo.Yuanshen
2026-08-02 15:35:44 PulseDaemon: cap write via daemon (5 node(s))
2026-08-02 15:35:45 PulseAutoTdp: TICK-SKIP overlayShouldShow=false autoActive=false quickAccessShouldShow=false autoTdpPackage=null boundPackage=com.miHoYo.Yuanshen lastForeground=com.miHoYo.Yuanshen
# ... 2 more identical lines elided (same content, only timestamp differs) ...
2026-08-02 15:35:49 PulseAutoTdp: TICK-SKIP overlayShouldShow=false autoActive=false quickAccessShouldShow=false autoTdpPackage=null boundPackage=com.miHoYo.Yuanshen lastForeground=com.miHoYo.Yuanshen
2026-08-02 15:35:50 PulseDaemon: cap write via daemon (5 node(s))
2026-08-02 15:35:51 PulseAutoTdp: TICK-SKIP overlayShouldShow=false autoActive=false quickAccessShouldShow=false autoTdpPackage=null boundPackage=com.miHoYo.Yuanshen lastForeground=com.miHoYo.Yuanshen
2026-08-02 15:35:52 PulseAutoTdp: TICK-SKIP overlayShouldShow=false autoActive=false quickAccessShouldShow=false autoTdpPackage=null boundPackage=com.miHoYo.Yuanshen lastForeground=com.miHoYo.Yuanshen
2026-08-02 15:35:52 PulseDaemon: cap write via daemon (5 node(s))
2026-08-02 15:35:54 PulseAutoTdp: TICK-SKIP overlayShouldShow=false autoActive=false quickAccessShouldShow=false autoTdpPackage=null boundPackage=com.miHoYo.Yuanshen lastForeground=com.miHoYo.Yuanshen
2026-08-02 15:35:55 PulseAutoTdp: TICK-SKIP overlayShouldShow=false autoActive=false quickAccessShouldShow=false autoTdpPackage=null boundPackage=com.miHoYo.Yuanshen lastForeground=com.miHoYo.Yuanshen
2026-08-02 15:35:55 PulseDaemon: cap write via daemon (5 node(s))
2026-08-02 15:35:56 PulseAutoTdp: TICK-SKIP overlayShouldShow=false autoActive=false quickAccessShouldShow=false autoTdpPackage=null boundPackage=com.miHoYo.Yuanshen lastForeground=com.miHoYo.Yuanshen
2026-08-02 15:35:58 PulseAutoTdp: TICK-SKIP overlayShouldShow=false autoActive=false quickAccessShouldShow=false autoTdpPackage=null boundPackage=com.miHoYo.Yuanshen lastForeground=com.miHoYo.Yuanshen
2026-08-02 15:35:58 PulseDaemon: cap write via daemon (5 node(s))
2026-08-02 15:35:59 PulseAutoTdp: TICK-SKIP overlayShouldShow=false autoActive=false quickAccessShouldShow=false autoTdpPackage=null boundPackage=com.miHoYo.Yuanshen lastForeground=com.miHoYo.Yuanshen
2026-08-02 15:36:01 PulseAutoTdp: TICK-SKIP overlayShouldShow=false autoActive=false quickAccessShouldShow=false autoTdpPackage=null boundPackage=com.miHoYo.Yuanshen lastForeground=com.miHoYo.Yuanshen
2026-08-02 15:36:01 PulseDaemon: cap write via daemon (5 node(s))
2026-08-02 15:36:02 PulseAutoTdp: TICK-SKIP overlayShouldShow=false autoActive=false quickAccessShouldShow=false autoTdpPackage=null boundPackage=com.miHoYo.Yuanshen lastForeground=com.miHoYo.Yuanshen
2026-08-02 15:36:03 PulseAutoTdp: TICK-SKIP overlayShouldShow=false autoActive=false quickAccessShouldShow=false autoTdpPackage=null boundPackage=com.miHoYo.Yuanshen lastForeground=com.miHoYo.Yuanshen
2026-08-02 15:36:04 PulseDaemon: cap write via daemon (5 node(s))
2026-08-02 15:36:05 PulseAutoTdp: TICK-SKIP overlayShouldShow=false autoActive=false quickAccessShouldShow=false autoTdpPackage=null boundPackage=com.miHoYo.Yuanshen lastForeground=com.miHoYo.Yuanshen
2026-08-02 15:36:06 PulseAutoTdp: TICK-SKIP overlayShouldShow=false autoActive=false quickAccessShouldShow=false autoTdpPackage=null boundPackage=com.miHoYo.Yuanshen lastForeground=com.miHoYo.Yuanshen
2026-08-02 15:36:07 PulseDaemon: cap write via daemon (5 node(s))
2026-08-02 15:36:08 PulseAutoTdp: TICK-SKIP overlayShouldShow=false autoActive=false quickAccessShouldShow=false autoTdpPackage=null boundPackage=com.miHoYo.Yuanshen lastForeground=com.miHoYo.Yuanshen
2026-08-02 15:36:09 PulseAutoTdp: TICK-SKIP overlayShouldShow=false autoActive=false quickAccessShouldShow=false autoTdpPackage=null boundPackage=com.miHoYo.Yuanshen lastForeground=com.miHoYo.Yuanshen
2026-08-02 15:36:09 PulseDaemon: cap write via daemon (5 node(s))
2026-08-02 15:36:11 PulseAutoTdp: TICK-SKIP overlayShouldShow=false autoActive=false quickAccessShouldShow=false autoTdpPackage=null boundPackage=com.miHoYo.Yuanshen lastForeground=com.miHoYo.Yuanshen
2026-08-02 15:36:12 PulseAutoTdp: TICK-SKIP overlayShouldShow=false autoActive=false quickAccessShouldShow=false autoTdpPackage=null boundPackage=com.miHoYo.Yuanshen lastForeground=com.miHoYo.Yuanshen
2026-08-02 15:36:12 PulseDaemon: cap write via daemon (5 node(s))
2026-08-02 15:36:13 PulseAutoTdp: TICK-SKIP overlayShouldShow=false autoActive=false quickAccessShouldShow=false autoTdpPackage=null boundPackage=com.miHoYo.Yuanshen lastForeground=com.miHoYo.Yuanshen
2026-08-02 15:36:15 PulseAutoTdp: TICK-SKIP overlayShouldShow=false autoActive=false quickAccessShouldShow=false autoTdpPackage=null boundPackage=com.miHoYo.Yuanshen lastForeground=com.miHoYo.Yuanshen
2026-08-02 15:36:15 PulseDaemon: cap write via daemon (5 node(s))
2026-08-02 15:36:16 PulseAutoTdp: TICK-SKIP overlayShouldShow=false autoActive=false quickAccessShouldShow=false autoTdpPackage=null boundPackage=com.miHoYo.Yuanshen lastForeground=com.miHoYo.Yuanshen
2026-08-02 15:36:18 PulseAutoTdp: TICK-SKIP overlayShouldShow=false autoActive=false quickAccessShouldShow=false autoTdpPackage=null boundPackage=com.miHoYo.Yuanshen lastForeground=com.miHoYo.Yuanshen
2026-08-02 15:36:18 PulseDaemon: cap write via daemon (5 node(s))
2026-08-02 15:36:19 PulseAutoTdp: TICK-SKIP overlayShouldShow=false autoActive=false quickAccessShouldShow=false autoTdpPackage=null boundPackage=com.miHoYo.Yuanshen lastForeground=com.miHoYo.Yuanshen
2026-08-02 15:36:20 PulseAutoTdp: TICK-SKIP overlayShouldShow=false autoActive=false quickAccessShouldShow=false autoTdpPackage=null boundPackage=com.miHoYo.Yuanshen lastForeground=com.miHoYo.Yuanshen
2026-08-02 15:36:21 PulseDaemon: cap write via daemon (5 node(s))
2026-08-02 15:36:22 PulseAutoTdp: TICK-SKIP overlayShouldShow=false autoActive=false quickAccessShouldShow=false autoTdpPackage=null boundPackage=com.miHoYo.Yuanshen lastForeground=com.miHoYo.Yuanshen
2026-08-02 15:36:23 PulseAutoTdp: TICK-SKIP overlayShouldShow=false autoActive=false quickAccessShouldShow=false autoTdpPackage=null boundPackage=com.miHoYo.Yuanshen lastForeground=com.miHoYo.Yuanshen
2026-08-02 15:36:24 PulseDaemon: cap write via daemon (5 node(s))
2026-08-02 15:36:25 PulseAutoTdp: TICK-SKIP overlayShouldShow=false autoActive=false quickAccessShouldShow=false autoTdpPackage=null boundPackage=com.miHoYo.Yuanshen lastForeground=com.miHoYo.Yuanshen
2026-08-02 15:36:26 PulseAutoTdp: TICK-SKIP overlayShouldShow=false autoActive=false quickAccessShouldShow=false autoTdpPackage=null boundPackage=com.miHoYo.Yuanshen lastForeground=com.miHoYo.Yuanshen
2026-08-02 15:36:26 PulseDaemon: cap write via daemon (5 node(s))
2026-08-02 15:36:27 PulseAutoTdp: TICK-SKIP overlayShouldShow=false autoActive=false quickAccessShouldShow=false autoTdpPackage=null boundPackage=com.miHoYo.Yuanshen lastForeground=com.miHoYo.Yuanshen
2026-08-02 15:36:29 PulseAutoTdp: TICK-SKIP overlayShouldShow=false autoActive=false quickAccessShouldShow=false autoTdpPackage=null boundPackage=com.miHoYo.Yuanshen lastForeground=com.miHoYo.Yuanshen
2026-08-02 15:36:29 PulseDaemon: cap write via daemon (5 node(s))
2026-08-02 15:36:30 PulseAutoTdp: TICK-SKIP overlayShouldShow=false autoActive=false quickAccessShouldShow=false autoTdpPackage=null boundPackage=com.miHoYo.Yuanshen lastForeground=com.miHoYo.Yuanshen
2026-08-02 15:36:32 PulseAutoTdp: TICK-SKIP overlayShouldShow=false autoActive=false quickAccessShouldShow=false autoTdpPackage=null boundPackage=com.miHoYo.Yuanshen lastForeground=com.miHoYo.Yuanshen
2026-08-02 15:36:32 PulseDaemon: cap write via daemon (5 node(s))
2026-08-02 15:36:33 PulseAutoTdp: TICK-SKIP overlayShouldShow=false autoActive=false quickAccessShouldShow=false autoTdpPackage=null boundPackage=com.miHoYo.Yuanshen lastForeground=com.miHoYo.Yuanshen
2026-08-02 15:36:34 PulseAutoTdp: TICK-SKIP overlayShouldShow=false autoActive=false quickAccessShouldShow=false autoTdpPackage=null boundPackage=com.miHoYo.Yuanshen lastForeground=com.miHoYo.Yuanshen
2026-08-02 15:36:35 PulseDaemon: cap write via daemon (5 node(s))
2026-08-02 15:36:36 PulseAutoTdp: TICK-SKIP overlayShouldShow=false autoActive=false quickAccessShouldShow=false autoTdpPackage=null boundPackage=com.miHoYo.Yuanshen lastForeground=com.miHoYo.Yuanshen
2026-08-02 15:36:37 PulseAutoTdp: TICK-SKIP overlayShouldShow=false autoActive=false quickAccessShouldShow=false autoTdpPackage=null boundPackage=com.miHoYo.Yuanshen lastForeground=com.miHoYo.Yuanshen
2026-08-02 15:36:38 PulseDaemon: cap write via daemon (5 node(s))
2026-08-02 15:36:39 PulseAutoTdp: TICK-SKIP overlayShouldShow=false autoActive=false quickAccessShouldShow=false autoTdpPackage=null boundPackage=com.miHoYo.Yuanshen lastForeground=com.miHoYo.Yuanshen
2026-08-02 15:36:40 PulseAutoTdp: TICK-SKIP overlayShouldShow=false autoActive=false quickAccessShouldShow=false autoTdpPackage=null boundPackage=com.miHoYo.Yuanshen lastForeground=com.miHoYo.Yuanshen
2026-08-02 15:36:40 PulseDaemon: cap write via daemon (5 node(s))
2026-08-02 15:36:41 PulseAutoTdp: TICK-SKIP overlayShouldShow=false autoActive=false quickAccessShouldShow=false autoTdpPackage=null boundPackage=com.miHoYo.Yuanshen lastForeground=com.miHoYo.Yuanshen
2026-08-02 15:36:43 PulseAutoTdp: TICK-SKIP overlayShouldShow=false autoActive=false quickAccessShouldShow=false autoTdpPackage=null boundPackage=com.miHoYo.Yuanshen lastForeground=com.miHoYo.Yuanshen
2026-08-02 15:36:43 PulseDaemon: cap write via daemon (5 node(s))
2026-08-02 15:36:44 PulseAutoTdp: TICK-SKIP overlayShouldShow=false autoActive=false quickAccessShouldShow=false autoTdpPackage=null boundPackage=com.miHoYo.Yuanshen lastForeground=com.miHoYo.Yuanshen
2026-08-02 15:36:46 PulseAutoTdp: TICK-SKIP overlayShouldShow=false autoActive=false quickAccessShouldShow=false autoTdpPackage=null boundPackage=com.miHoYo.Yuanshen lastForeground=com.miHoYo.Yuanshen
2026-08-02 15:36:46 PulseDaemon: cap write via daemon (5 node(s))
2026-08-02 15:36:47 PulseAutoTdp: TICK-SKIP overlayShouldShow=false autoActive=false quickAccessShouldShow=false autoTdpPackage=null boundPackage=com.miHoYo.Yuanshen lastForeground=com.miHoYo.Yuanshen
2026-08-02 15:36:48 PulseAutoTdp: TICK-SKIP overlayShouldShow=false autoActive=false quickAccessShouldShow=false autoTdpPackage=null boundPackage=com.miHoYo.Yuanshen lastForeground=com.miHoYo.Yuanshen
2026-08-02 15:36:49 PulseDaemon: cap write via daemon (5 node(s))
2026-08-02 15:36:50 PulseAutoTdp: TICK-SKIP overlayShouldShow=false autoActive=false quickAccessShouldShow=false autoTdpPackage=null boundPackage=com.miHoYo.Yuanshen lastForeground=com.miHoYo.Yuanshen
2026-08-02 15:36:51 PulseAutoTdp: TICK-SKIP overlayShouldShow=false autoActive=false quickAccessShouldShow=false autoTdpPackage=null boundPackage=com.miHoYo.Yuanshen lastForeground=com.miHoYo.Yuanshen
2026-08-02 15:36:52 PulseDaemon: cap write via daemon (5 node(s))
2026-08-02 15:36:53 PulseAutoTdp: TICK-SKIP overlayShouldShow=false autoActive=false quickAccessShouldShow=false autoTdpPackage=null boundPackage=com.miHoYo.Yuanshen lastForeground=com.miHoYo.Yuanshen
# ... 2 more identical lines elided (same content, only timestamp differs) ...
2026-08-02 15:36:57 PulseAutoTdp: TICK-SKIP overlayShouldShow=false autoActive=false quickAccessShouldShow=false autoTdpPackage=null boundPackage=com.miHoYo.Yuanshen lastForeground=com.miHoYo.Yuanshen
2026-08-02 15:36:57 PulseDaemon: cap write via daemon (5 node(s))
2026-08-02 15:36:58 PulseAutoTdp: TICK-SKIP overlayShouldShow=false autoActive=false quickAccessShouldShow=false autoTdpPackage=null boundPackage=com.miHoYo.Yuanshen lastForeground=com.miHoYo.Yuanshen
2026-08-02 15:37:00 PulseAutoTdp: TICK-SKIP overlayShouldShow=false autoActive=false quickAccessShouldShow=false autoTdpPackage=null boundPackage=com.miHoYo.Yuanshen lastForeground=com.miHoYo.Yuanshen
2026-08-02 15:37:00 PulseDaemon: cap write via daemon (5 node(s))
2026-08-02 15:37:01 PulseAutoTdp: TICK-SKIP overlayShouldShow=false autoActive=false quickAccessShouldShow=false autoTdpPackage=null boundPackage=com.miHoYo.Yuanshen lastForeground=com.miHoYo.Yuanshen
2026-08-02 15:37:03 PulseAutoTdp: TICK-SKIP overlayShouldShow=false autoActive=false quickAccessShouldShow=false autoTdpPackage=null boundPackage=com.miHoYo.Yuanshen lastForeground=com.miHoYo.Yuanshen
2026-08-02 15:37:03 PulseDaemon: cap write via daemon (5 node(s))
2026-08-02 15:37:04 PulseAutoTdp: TICK-SKIP overlayShouldShow=false autoActive=false quickAccessShouldShow=false autoTdpPackage=null boundPackage=com.miHoYo.Yuanshen lastForeground=com.miHoYo.Yuanshen
2026-08-02 15:37:05 PulseAutoTdp: TICK-SKIP overlayShouldShow=false autoActive=false quickAccessShouldShow=false autoTdpPackage=null boundPackage=com.miHoYo.Yuanshen lastForeground=com.miHoYo.Yuanshen
2026-08-02 15:37:06 PulseDaemon: cap write via daemon (5 node(s))
2026-08-02 15:37:07 PulseAutoTdp: TICK-SKIP overlayShouldShow=false autoActive=false quickAccessShouldShow=false autoTdpPackage=null boundPackage=com.miHoYo.Yuanshen lastForeground=com.miHoYo.Yuanshen
2026-08-02 15:37:08 PulseAutoTdp: TICK-SKIP overlayShouldShow=false autoActive=false quickAccessShouldShow=false autoTdpPackage=null boundPackage=com.miHoYo.Yuanshen lastForeground=com.miHoYo.Yuanshen
2026-08-02 15:37:09 PulseDaemon: cap write via daemon (5 node(s))
2026-08-02 15:37:10 PulseAutoTdp: TICK-SKIP overlayShouldShow=false autoActive=false quickAccessShouldShow=false autoTdpPackage=null boundPackage=com.miHoYo.Yuanshen lastForeground=com.miHoYo.Yuanshen
2026-08-02 15:37:11 PulseAutoTdp: TICK-SKIP overlayShouldShow=false autoActive=false quickAccessShouldShow=false autoTdpPackage=null boundPackage=com.miHoYo.Yuanshen lastForeground=com.miHoYo.Yuanshen
2026-08-02 15:37:11 PulseDaemon: cap write via daemon (5 node(s))
2026-08-02 15:37:12 PulseAutoTdp: TICK-SKIP overlayShouldShow=false autoActive=false quickAccessShouldShow=false autoTdpPackage=null boundPackage=com.miHoYo.Yuanshen lastForeground=com.miHoYo.Yuanshen
2026-08-02 15:37:14 PulseAutoTdp: TICK-SKIP overlayShouldShow=false autoActive=false quickAccessShouldShow=false autoTdpPackage=null boundPackage=com.miHoYo.Yuanshen lastForeground=com.miHoYo.Yuanshen
2026-08-02 15:37:14 PulseDaemon: cap write via daemon (5 node(s))
2026-08-02 15:37:15 PulseAutoTdp: TICK-SKIP overlayShouldShow=false autoActive=false quickAccessShouldShow=false autoTdpPackage=null boundPackage=com.miHoYo.Yuanshen lastForeground=com.miHoYo.Yuanshen
2026-08-02 15:37:17 PulseAutoTdp: TICK-SKIP overlayShouldShow=false autoActive=false quickAccessShouldShow=false autoTdpPackage=null boundPackage=com.miHoYo.Yuanshen lastForeground=com.miHoYo.Yuanshen
2026-08-02 15:37:17 PulseDaemon: cap write via daemon (5 node(s))
2026-08-02 15:37:18 PulseAutoTdp: TICK-SKIP overlayShouldShow=false autoActive=false quickAccessShouldShow=false autoTdpPackage=null boundPackage=com.miHoYo.Yuanshen lastForeground=com.miHoYo.Yuanshen
2026-08-02 15:37:19 PulseAutoTdp: TICK-SKIP overlayShouldShow=false autoActive=false quickAccessShouldShow=false autoTdpPackage=null boundPackage=com.miHoYo.Yuanshen lastForeground=com.miHoYo.Yuanshen
2026-08-02 15:37:20 PulseDaemon: cap write via daemon (5 node(s))
2026-08-02 15:37:21 PulseAutoTdp: TICK-SKIP overlayShouldShow=false autoActive=false quickAccessShouldShow=false autoTdpPackage=null boundPackage=com.miHoYo.Yuanshen lastForeground=com.miHoYo.Yuanshen
2026-08-02 15:37:22 PulseAutoTdp: TICK-SKIP overlayShouldShow=false autoActive=false quickAccessShouldShow=false autoTdpPackage=null boundPackage=com.miHoYo.Yuanshen lastForeground=com.miHoYo.Yuanshen
2026-08-02 15:37:23 PulseDaemon: cap write via daemon (5 node(s))
2026-08-02 15:37:24 PulseAutoTdp: TICK-SKIP overlayShouldShow=false autoActive=false quickAccessShouldShow=false autoTdpPackage=null boundPackage=com.miHoYo.Yuanshen lastForeground=com.miHoYo.Yuanshen
2026-08-02 15:37:25 PulseAutoTdp: TICK-SKIP overlayShouldShow=false autoActive=false quickAccessShouldShow=false autoTdpPackage=null boundPackage=com.miHoYo.Yuanshen lastForeground=com.miHoYo.Yuanshen
2026-08-02 15:37:26 PulseDaemon: cap write via daemon (5 node(s))
2026-08-02 15:37:27 PulseAutoTdp: TICK-SKIP overlayShouldShow=false autoActive=false quickAccessShouldShow=false autoTdpPackage=null boundPackage=com.miHoYo.Yuanshen lastForeground=com.miHoYo.Yuanshen
2026-08-02 15:37:28 PulseAutoTdp: TICK-SKIP overlayShouldShow=false autoActive=false quickAccessShouldShow=false autoTdpPackage=null boundPackage=com.miHoYo.Yuanshen lastForeground=com.miHoYo.Yuanshen
2026-08-02 15:37:28 PulseDaemon: cap write via daemon (5 node(s))
2026-08-02 15:37:29 PulseAutoTdp: TICK-SKIP overlayShouldShow=false autoActive=false quickAccessShouldShow=false autoTdpPackage=null boundPackage=com.miHoYo.Yuanshen lastForeground=com.miHoYo.Yuanshen
2026-08-02 15:37:31 PulseAutoTdp: TICK-SKIP overlayShouldShow=false autoActive=false quickAccessShouldShow=false autoTdpPackage=null boundPackage=com.miHoYo.Yuanshen lastForeground=com.miHoYo.Yuanshen
2026-08-02 15:37:31 PulseDaemon: cap write via daemon (5 node(s))
2026-08-02 15:37:32 PulseAutoTdp: TICK-SKIP overlayShouldShow=false autoActive=false quickAccessShouldShow=false autoTdpPackage=null boundPackage=com.miHoYo.Yuanshen lastForeground=com.miHoYo.Yuanshen
2026-08-02 15:37:34 PulseAutoTdp: TICK-SKIP overlayShouldShow=false autoActive=false quickAccessShouldShow=false autoTdpPackage=null boundPackage=com.miHoYo.Yuanshen lastForeground=com.miHoYo.Yuanshen
2026-08-02 15:37:34 PulseDaemon: cap write via daemon (5 node(s))
2026-08-02 15:37:35 PulseAutoTdp: TICK-SKIP overlayShouldShow=false autoActive=false quickAccessShouldShow=false autoTdpPackage=null boundPackage=com.miHoYo.Yuanshen lastForeground=com.miHoYo.Yuanshen
2026-08-02 15:37:36 PulseAutoTdp: TICK-SKIP overlayShouldShow=false autoActive=false quickAccessShouldShow=false autoTdpPackage=null boundPackage=com.miHoYo.Yuanshen lastForeground=com.miHoYo.Yuanshen
2026-08-02 15:37:37 PulseDaemon: cap write via daemon (5 node(s))
2026-08-02 15:37:38 PulseAutoTdp: TICK-SKIP overlayShouldShow=false autoActive=false quickAccessShouldShow=false autoTdpPackage=null boundPackage=com.miHoYo.Yuanshen lastForeground=com.miHoYo.Yuanshen
2026-08-02 15:37:39 PulseAutoTdp: TICK-SKIP overlayShouldShow=false autoActive=false quickAccessShouldShow=false autoTdpPackage=null boundPackage=com.miHoYo.Yuanshen lastForeground=com.miHoYo.Yuanshen
2026-08-02 15:37:40 PulseDaemon: cap write via daemon (5 node(s))
2026-08-02 15:37:41 PulseAutoTdp: TICK-SKIP overlayShouldShow=false autoActive=false quickAccessShouldShow=false autoTdpPackage=null boundPackage=com.miHoYo.Yuanshen lastForeground=com.miHoYo.Yuanshen
2026-08-02 15:37:42 PulseAutoTdp: TICK-SKIP overlayShouldShow=false autoActive=false quickAccessShouldShow=false autoTdpPackage=null boundPackage=com.miHoYo.Yuanshen lastForeground=com.miHoYo.Yuanshen
2026-08-02 15:37:43 PulseDaemon: cap write via daemon (5 node(s))
2026-08-02 15:37:44 PulseAutoTdp: TICK-SKIP overlayShouldShow=false autoActive=false quickAccessShouldShow=false autoTdpPackage=null boundPackage=com.miHoYo.Yuanshen lastForeground=com.miHoYo.Yuanshen
2026-08-02 15:37:45 PulseAutoTdp: TICK-SKIP overlayShouldShow=false autoActive=false quickAccessShouldShow=false autoTdpPackage=null boundPackage=com.miHoYo.Yuanshen lastForeground=com.miHoYo.Yuanshen
2026-08-02 15:37:45 PulseDaemon: cap write via daemon (5 node(s))
2026-08-02 15:37:46 PulseAutoTdp: TICK-SKIP overlayShouldShow=false autoActive=false quickAccessShouldShow=false autoTdpPackage=null boundPackage=com.miHoYo.Yuanshen lastForeground=com.miHoYo.Yuanshen
2026-08-02 15:37:48 PulseAutoTdp: TICK-SKIP overlayShouldShow=false autoActive=false quickAccessShouldShow=false autoTdpPackage=null boundPackage=com.miHoYo.Yuanshen lastForeground=com.miHoYo.Yuanshen
2026-08-02 15:37:48 PulseDaemon: cap write via daemon (5 node(s))
2026-08-02 15:37:49 PulseAutoTdp: TICK-SKIP overlayShouldShow=false autoActive=false quickAccessShouldShow=false autoTdpPackage=null boundPackage=com.miHoYo.Yuanshen lastForeground=com.miHoYo.Yuanshen
2026-08-02 15:37:51 PulseAutoTdp: TICK-SKIP overlayShouldShow=false autoActive=false quickAccessShouldShow=false autoTdpPackage=null boundPackage=com.miHoYo.Yuanshen lastForeground=com.miHoYo.Yuanshen
2026-08-02 15:37:51 PulseDaemon: cap write via daemon (5 node(s))
2026-08-02 15:37:52 PulseAutoTdp: TICK-SKIP overlayShouldShow=false autoActive=false quickAccessShouldShow=false autoTdpPackage=null boundPackage=com.miHoYo.Yuanshen lastForeground=com.miHoYo.Yuanshen
2026-08-02 15:37:53 PulseAutoTdp: TICK-SKIP overlayShouldShow=false autoActive=false quickAccessShouldShow=false autoTdpPackage=null boundPackage=com.miHoYo.Yuanshen lastForeground=com.miHoYo.Yuanshen
2026-08-02 15:37:54 PulseDaemon: cap write via daemon (5 node(s))
2026-08-02 15:37:55 PulseAutoTdp: TICK-SKIP overlayShouldShow=false autoActive=false quickAccessShouldShow=false autoTdpPackage=null boundPackage=com.miHoYo.Yuanshen lastForeground=com.miHoYo.Yuanshen
2026-08-02 15:37:56 PulseAutoTdp: TICK-SKIP overlayShouldShow=false autoActive=false quickAccessShouldShow=false autoTdpPackage=null boundPackage=com.miHoYo.Yuanshen lastForeground=com.miHoYo.Yuanshen
2026-08-02 15:37:57 PulseDaemon: cap write via daemon (5 node(s))
2026-08-02 15:37:58 PulseAutoTdp: TICK-SKIP overlayShouldShow=false autoActive=false quickAccessShouldShow=false autoTdpPackage=null boundPackage=com.miHoYo.Yuanshen lastForeground=com.miHoYo.Yuanshen
2026-08-02 15:37:59 PulseAutoTdp: TICK-SKIP overlayShouldShow=false autoActive=false quickAccessShouldShow=false autoTdpPackage=null boundPackage=com.miHoYo.Yuanshen lastForeground=com.miHoYo.Yuanshen
2026-08-02 15:38:00 PulseDaemon: cap write via daemon (5 node(s))
2026-08-02 15:38:01 PulseAutoTdp: TICK-SKIP overlayShouldShow=false autoActive=false quickAccessShouldShow=false autoTdpPackage=null boundPackage=com.miHoYo.Yuanshen lastForeground=com.miHoYo.Yuanshen
2026-08-02 15:38:02 PulseAutoTdp: TICK-SKIP overlayShouldShow=false autoActive=false quickAccessShouldShow=false autoTdpPackage=null boundPackage=com.miHoYo.Yuanshen lastForeground=com.miHoYo.Yuanshen
2026-08-02 15:38:02 PulseDaemon: cap write via daemon (5 node(s))
2026-08-02 15:38:03 PulseAutoTdp: TICK-SKIP overlayShouldShow=false autoActive=false quickAccessShouldShow=false autoTdpPackage=null boundPackage=com.miHoYo.Yuanshen lastForeground=com.miHoYo.Yuanshen
2026-08-02 15:38:05 PulseAutoTdp: TICK-SKIP overlayShouldShow=false autoActive=false quickAccessShouldShow=false autoTdpPackage=null boundPackage=com.miHoYo.Yuanshen lastForeground=com.miHoYo.Yuanshen
2026-08-02 15:38:05 PulseDaemon: cap write via daemon (5 node(s))
2026-08-02 15:38:06 PulseAutoTdp: TICK-SKIP overlayShouldShow=false autoActive=false quickAccessShouldShow=false autoTdpPackage=null boundPackage=com.miHoYo.Yuanshen lastForeground=com.miHoYo.Yuanshen
2026-08-02 15:38:07 PulseAutoTdp: TICK-SKIP overlayShouldShow=false autoActive=false quickAccessShouldShow=false autoTdpPackage=null boundPackage=com.miHoYo.Yuanshen lastForeground=com.miHoYo.Yuanshen
2026-08-02 15:38:08 PulseDaemon: cap write via daemon (5 node(s))
2026-08-02 15:38:09 PulseAutoTdp: TICK-SKIP overlayShouldShow=false autoActive=false quickAccessShouldShow=false autoTdpPackage=null boundPackage=com.miHoYo.Yuanshen lastForeground=com.miHoYo.Yuanshen
2026-08-02 15:38:10 PulseAutoTdp: TICK-SKIP overlayShouldShow=false autoActive=false quickAccessShouldShow=false autoTdpPackage=null boundPackage=com.miHoYo.Yuanshen lastForeground=com.miHoYo.Yuanshen
2026-08-02 15:38:11 PulseDaemon: cap write via daemon (5 node(s))
2026-08-02 15:38:12 PulseAutoTdp: TICK-SKIP overlayShouldShow=false autoActive=false quickAccessShouldShow=false autoTdpPackage=null boundPackage=com.miHoYo.Yuanshen lastForeground=com.miHoYo.Yuanshen
2026-08-02 15:38:13 PulseAutoTdp: TICK-SKIP overlayShouldShow=false autoActive=false quickAccessShouldShow=false autoTdpPackage=null boundPackage=com.miHoYo.Yuanshen lastForeground=com.miHoYo.Yuanshen
2026-08-02 15:38:14 PulseDaemon: cap write via daemon (5 node(s))
2026-08-02 15:38:15 PulseAutoTdp: TICK-SKIP overlayShouldShow=false autoActive=false quickAccessShouldShow=false autoTdpPackage=null boundPackage=com.miHoYo.Yuanshen lastForeground=com.miHoYo.Yuanshen
2026-08-02 15:38:16 PulseAutoTdp: TICK-SKIP overlayShouldShow=false autoActive=false quickAccessShouldShow=false autoTdpPackage=null boundPackage=com.miHoYo.Yuanshen lastForeground=com.miHoYo.Yuanshen
2026-08-02 15:38:16 PulseDaemon: cap write via daemon (5 node(s))
2026-08-02 15:38:17 PulseAutoTdp: TICK-SKIP overlayShouldShow=false autoActive=false quickAccessShouldShow=false autoTdpPackage=null boundPackage=com.miHoYo.Yuanshen lastForeground=com.miHoYo.Yuanshen
2026-08-02 15:38:19 PulseAutoTdp: TICK-SKIP overlayShouldShow=false autoActive=false quickAccessShouldShow=false autoTdpPackage=null boundPackage=com.miHoYo.Yuanshen lastForeground=com.miHoYo.Yuanshen
2026-08-02 15:38:19 PulseDaemon: cap write via daemon (5 node(s))
2026-08-02 15:38:20 PulseAutoTdp: TICK-SKIP overlayShouldShow=false autoActive=false quickAccessShouldShow=false autoTdpPackage=null boundPackage=com.miHoYo.Yuanshen lastForeground=com.miHoYo.Yuanshen
2026-08-02 15:38:22 PulseAutoTdp: TICK-SKIP overlayShouldShow=false autoActive=false quickAccessShouldShow=false autoTdpPackage=null boundPackage=com.miHoYo.Yuanshen lastForeground=com.miHoYo.Yuanshen
2026-08-02 15:38:22 PulseDaemon: cap write via daemon (5 node(s))
2026-08-02 15:38:23 PulseAutoTdp: TICK-SKIP overlayShouldShow=false autoActive=false quickAccessShouldShow=false autoTdpPackage=null boundPackage=com.miHoYo.Yuanshen lastForeground=com.miHoYo.Yuanshen
2026-08-02 15:38:24 PulseAutoTdp: TICK-SKIP overlayShouldShow=false autoActive=false quickAccessShouldShow=false autoTdpPackage=null boundPackage=com.miHoYo.Yuanshen lastForeground=com.miHoYo.Yuanshen
2026-08-02 15:38:25 PulseDaemon: cap write via daemon (5 node(s))
2026-08-02 15:38:26 PulseAutoTdp: TICK-SKIP overlayShouldShow=false autoActive=false quickAccessShouldShow=false autoTdpPackage=null boundPackage=com.miHoYo.Yuanshen lastForeground=com.miHoYo.Yuanshen
2026-08-02 15:38:27 PulseAutoTdp: TICK-SKIP overlayShouldShow=false autoActive=false quickAccessShouldShow=false autoTdpPackage=null boundPackage=com.miHoYo.Yuanshen lastForeground=com.miHoYo.Yuanshen
2026-08-02 15:38:28 PulseDaemon: cap write via daemon (5 node(s))
2026-08-02 15:38:29 PulseAutoTdp: TICK-SKIP overlayShouldShow=false autoActive=false quickAccessShouldShow=false autoTdpPackage=null boundPackage=com.miHoYo.Yuanshen lastForeground=com.miHoYo.Yuanshen
2026-08-02 15:38:30 PulseAutoTdp: TICK-SKIP overlayShouldShow=false autoActive=false quickAccessShouldShow=false autoTdpPackage=null boundPackage=com.miHoYo.Yuanshen lastForeground=com.miHoYo.Yuanshen
2026-08-02 15:38:30 PulseDaemon: cap write via daemon (5 node(s))
2026-08-02 15:38:32 PulseAutoTdp: TICK-SKIP overlayShouldShow=false autoActive=false quickAccessShouldShow=false autoTdpPackage=null boundPackage=com.miHoYo.Yuanshen lastForeground=com.miHoYo.Yuanshen
2026-08-02 15:38:33 PulseAutoTdp: TICK-SKIP overlayShouldShow=false autoActive=false quickAccessShouldShow=false autoTdpPackage=null boundPackage=com.miHoYo.Yuanshen lastForeground=com.miHoYo.Yuanshen
2026-08-02 15:38:33 PulseDaemon: cap write via daemon (5 node(s))
2026-08-02 15:38:34 PulseAutoTdp: TICK-SKIP overlayShouldShow=false autoActive=false quickAccessShouldShow=false autoTdpPackage=null boundPackage=com.miHoYo.Yuanshen lastForeground=com.miHoYo.Yuanshen
2026-08-02 15:38:36 PulseAutoTdp: TICK-SKIP overlayShouldShow=false autoActive=false quickAccessShouldShow=false autoTdpPackage=null boundPackage=com.miHoYo.Yuanshen lastForeground=com.miHoYo.Yuanshen
2026-08-02 15:38:36 PulseDaemon: cap write via daemon (5 node(s))
2026-08-02 15:38:37 PulseAutoTdp: TICK-SKIP overlayShouldShow=false autoActive=false quickAccessShouldShow=false autoTdpPackage=null boundPackage=com.miHoYo.Yuanshen lastForeground=com.miHoYo.Yuanshen
2026-08-02 15:38:39 PulseAutoTdp: TICK-SKIP overlayShouldShow=false autoActive=false quickAccessShouldShow=false autoTdpPackage=null boundPackage=com.miHoYo.Yuanshen lastForeground=com.miHoYo.Yuanshen
2026-08-02 15:38:39 PulseDaemon: cap write via daemon (5 node(s))
2026-08-02 15:38:40 PulseAutoTdp: TICK-SKIP overlayShouldShow=false autoActive=false quickAccessShouldShow=false autoTdpPackage=null boundPackage=com.miHoYo.Yuanshen lastForeground=com.miHoYo.Yuanshen
2026-08-02 15:38:41 PulseAutoTdp: TICK-SKIP overlayShouldShow=false autoActive=false quickAccessShouldShow=false autoTdpPackage=null boundPackage=com.miHoYo.Yuanshen lastForeground=com.miHoYo.Yuanshen
2026-08-02 15:38:42 PulseDaemon: cap write via daemon (5 node(s))
2026-08-02 15:38:43 PulseAutoTdp: TICK-SKIP overlayShouldShow=false autoActive=false quickAccessShouldShow=false autoTdpPackage=null boundPackage=com.miHoYo.Yuanshen lastForeground=com.miHoYo.Yuanshen
2026-08-02 15:38:44 PulseAutoTdp: TICK-SKIP overlayShouldShow=false autoActive=false quickAccessShouldShow=false autoTdpPackage=null boundPackage=com.miHoYo.Yuanshen lastForeground=com.miHoYo.Yuanshen
2026-08-02 15:38:45 PulseDaemon: cap write via daemon (5 node(s))
2026-08-02 15:38:46 PulseAutoTdp: TICK-SKIP overlayShouldShow=false autoActive=false quickAccessShouldShow=false autoTdpPackage=null boundPackage=com.miHoYo.Yuanshen lastForeground=com.miHoYo.Yuanshen
2026-08-02 15:38:47 PulseAutoTdp: TICK-SKIP overlayShouldShow=false autoActive=false quickAccessShouldShow=false autoTdpPackage=null boundPackage=com.miHoYo.Yuanshen lastForeground=com.miHoYo.Yuanshen
2026-08-02 15:38:47 PulseDaemon: cap write via daemon (5 node(s))
2026-08-02 15:38:48 PulseAutoTdp: TICK-SKIP overlayShouldShow=false autoActive=false quickAccessShouldShow=false autoTdpPackage=null boundPackage=com.miHoYo.Yuanshen lastForeground=com.miHoYo.Yuanshen
2026-08-02 15:38:50 PulseAutoTdp: TICK-SKIP overlayShouldShow=false autoActive=false quickAccessShouldShow=false autoTdpPackage=null boundPackage=com.miHoYo.Yuanshen lastForeground=com.miHoYo.Yuanshen
2026-08-02 15:38:50 PulseDaemon: cap write via daemon (5 node(s))
2026-08-02 15:38:51 PulseAutoTdp: TICK-SKIP overlayShouldShow=false autoActive=false quickAccessShouldShow=false autoTdpPackage=null boundPackage=com.miHoYo.Yuanshen lastForeground=com.miHoYo.Yuanshen
2026-08-02 15:38:53 PulseAutoTdp: TICK-SKIP overlayShouldShow=false autoActive=false quickAccessShouldShow=false autoTdpPackage=null boundPackage=com.miHoYo.Yuanshen lastForeground=com.miHoYo.Yuanshen
2026-08-02 15:38:53 PulseDaemon: cap write via daemon (5 node(s))
2026-08-02 15:38:54 PulseAutoTdp: TICK-SKIP overlayShouldShow=false autoActive=false quickAccessShouldShow=false autoTdpPackage=null boundPackage=com.miHoYo.Yuanshen lastForeground=com.miHoYo.Yuanshen
2026-08-02 15:38:56 PulseAutoTdp: TICK-SKIP overlayShouldShow=false autoActive=false quickAccessShouldShow=false autoTdpPackage=null boundPackage=com.miHoYo.Yuanshen lastForeground=com.miHoYo.Yuanshen
2026-08-02 15:38:56 PulseDaemon: cap write via daemon (5 node(s))
2026-08-02 15:38:57 PulseAutoTdp: TICK-SKIP overlayShouldShow=false autoActive=false quickAccessShouldShow=false autoTdpPackage=null boundPackage=com.miHoYo.Yuanshen lastForeground=com.miHoYo.Yuanshen
2026-08-02 15:38:58 PulseAutoTdp: TICK-SKIP overlayShouldShow=false autoActive=false quickAccessShouldShow=false autoTdpPackage=null boundPackage=com.miHoYo.Yuanshen lastForeground=com.miHoYo.Yuanshen
2026-08-02 15:38:59 PulseDaemon: cap write via daemon (5 node(s))
2026-08-02 15:39:00 PulseAutoTdp: TICK-SKIP overlayShouldShow=false autoActive=false quickAccessShouldShow=false autoTdpPackage=null boundPackage=com.miHoYo.Yuanshen lastForeground=com.miHoYo.Yuanshen
2026-08-02 15:39:01 PulseAutoTdp: TICK-SKIP overlayShouldShow=false autoActive=false quickAccessShouldShow=false autoTdpPackage=null boundPackage=com.miHoYo.Yuanshen lastForeground=com.miHoYo.Yuanshen
2026-08-02 15:39:02 PulseDaemon: cap write via daemon (5 node(s))
2026-08-02 15:39:03 PulseAutoTdp: TICK-SKIP overlayShouldShow=false autoActive=false quickAccessShouldShow=false autoTdpPackage=null boundPackage=com.miHoYo.Yuanshen lastForeground=com.miHoYo.Yuanshen
2026-08-02 15:39:04 PulseAutoTdp: TICK-SKIP overlayShouldShow=false autoActive=false quickAccessShouldShow=false autoTdpPackage=null boundPackage=com.miHoYo.Yuanshen lastForeground=com.miHoYo.Yuanshen
2026-08-02 15:39:05 PulseDaemon: cap write via daemon (5 node(s))
2026-08-02 15:39:06 PulseAutoTdp: TICK-SKIP overlayShouldShow=false autoActive=false quickAccessShouldShow=false autoTdpPackage=null boundPackage=com.miHoYo.Yuanshen lastForeground=com.miHoYo.Yuanshen
2026-08-02 15:39:07 PulseAutoTdp: TICK-SKIP overlayShouldShow=false autoActive=false quickAccessShouldShow=false autoTdpPackage=null boundPackage=com.miHoYo.Yuanshen lastForeground=com.miHoYo.Yuanshen
2026-08-02 15:39:07 PulseDaemon: cap write via daemon (5 node(s))
2026-08-02 15:39:08 PulseAutoTdp: TICK-SKIP overlayShouldShow=false autoActive=false quickAccessShouldShow=false autoTdpPackage=null boundPackage=com.miHoYo.Yuanshen lastForeground=com.miHoYo.Yuanshen
2026-08-02 15:39:10 PulseAutoTdp: TICK-SKIP overlayShouldShow=false autoActive=false quickAccessShouldShow=false autoTdpPackage=null boundPackage=com.miHoYo.Yuanshen lastForeground=com.miHoYo.Yuanshen
2026-08-02 15:39:10 PulseDaemon: cap write via daemon (5 node(s))
2026-08-02 15:39:11 PulseAutoTdp: TICK-SKIP overlayShouldShow=false autoActive=false quickAccessShouldShow=false autoTdpPackage=null boundPackage=com.miHoYo.Yuanshen lastForeground=com.miHoYo.Yuanshen
2026-08-02 15:39:13 PulseAutoTdp: TICK-SKIP overlayShouldShow=false autoActive=false quickAccessShouldShow=false autoTdpPackage=null boundPackage=com.miHoYo.Yuanshen lastForeground=com.miHoYo.Yuanshen
2026-08-02 15:39:13 PulseDaemon: cap write via daemon (5 node(s))
2026-08-02 15:39:14 PulseAutoTdp: TICK-SKIP overlayShouldShow=false autoActive=false quickAccessShouldShow=false autoTdpPackage=null boundPackage=com.miHoYo.Yuanshen lastForeground=com.miHoYo.Yuanshen
2026-08-02 15:39:16 PulseAutoTdp: TICK-SKIP overlayShouldShow=false autoActive=false quickAccessShouldShow=false autoTdpPackage=null boundPackage=com.miHoYo.Yuanshen lastForeground=com.miHoYo.Yuanshen
2026-08-02 15:39:16 PulseDaemon: cap write via daemon (5 node(s))
2026-08-02 15:39:17 PulseAutoTdp: TICK-SKIP overlayShouldShow=false autoActive=false quickAccessShouldShow=false autoTdpPackage=null boundPackage=com.miHoYo.Yuanshen lastForeground=com.miHoYo.Yuanshen
2026-08-02 15:39:18 PulseAutoTdp: TICK-SKIP overlayShouldShow=false autoActive=false quickAccessShouldShow=false autoTdpPackage=null boundPackage=com.miHoYo.Yuanshen lastForeground=com.miHoYo.Yuanshen
2026-08-02 15:39:19 PulseDaemon: cap write via daemon (5 node(s))
2026-08-02 15:39:20 PulseAutoTdp: TICK-SKIP overlayShouldShow=false autoActive=false quickAccessShouldShow=false autoTdpPackage=null boundPackage=com.miHoYo.Yuanshen lastForeground=com.miHoYo.Yuanshen
2026-08-02 15:39:21 PulseAutoTdp: TICK-SKIP overlayShouldShow=false autoActive=false quickAccessShouldShow=false autoTdpPackage=null boundPackage=com.miHoYo.Yuanshen lastForeground=com.miHoYo.Yuanshen
2026-08-02 15:39:22 PulseDaemon: cap write via daemon (5 node(s))
2026-08-02 15:39:23 PulseAutoTdp: TICK-SKIP overlayShouldShow=false autoActive=false quickAccessShouldShow=false autoTdpPackage=null boundPackage=com.miHoYo.Yuanshen lastForeground=com.miHoYo.Yuanshen
2026-08-02 15:39:24 PulseAutoTdp: TICK-SKIP overlayShouldShow=false autoActive=false quickAccessShouldShow=false autoTdpPackage=null boundPackage=com.miHoYo.Yuanshen lastForeground=com.miHoYo.Yuanshen
2026-08-02 15:39:25 PulseDaemon: cap write via daemon (5 node(s))
2026-08-02 15:39:26 PulseAutoTdp: TICK-SKIP overlayShouldShow=false autoActive=false quickAccessShouldShow=false autoTdpPackage=null boundPackage=com.miHoYo.Yuanshen lastForeground=com.miHoYo.Yuanshen
2026-08-02 15:39:27 PulseAutoTdp: TICK-SKIP overlayShouldShow=false autoActive=false quickAccessShouldShow=false autoTdpPackage=null boundPackage=com.miHoYo.Yuanshen lastForeground=com.miHoYo.Yuanshen
2026-08-02 15:39:27 PulseDaemon: cap write via daemon (5 node(s))
2026-08-02 15:39:29 PulseAutoTdp: TICK-SKIP overlayShouldShow=false autoActive=false quickAccessShouldShow=false autoTdpPackage=null boundPackage=com.miHoYo.Yuanshen lastForeground=com.miHoYo.Yuanshen
2026-08-02 15:39:30 PulseAutoTdp: TICK-SKIP overlayShouldShow=false autoActive=false quickAccessShouldShow=false autoTdpPackage=null boundPackage=com.miHoYo.Yuanshen lastForeground=com.miHoYo.Yuanshen
2026-08-02 15:39:30 PulseDaemon: cap write via daemon (5 node(s))
2026-08-02 15:39:31 PulseAutoTdp: TICK-SKIP overlayShouldShow=false autoActive=false quickAccessShouldShow=false autoTdpPackage=null boundPackage=com.miHoYo.Yuanshen lastForeground=com.miHoYo.Yuanshen
2026-08-02 15:39:33 PulseAutoTdp: TICK-SKIP overlayShouldShow=false autoActive=false quickAccessShouldShow=false autoTdpPackage=null boundPackage=com.miHoYo.Yuanshen lastForeground=com.miHoYo.Yuanshen
2026-08-02 15:39:33 PulseDaemon: cap write via daemon (5 node(s))
2026-08-02 15:39:34 PulseAutoTdp: TICK-SKIP overlayShouldShow=false autoActive=false quickAccessShouldShow=false autoTdpPackage=null boundPackage=com.miHoYo.Yuanshen lastForeground=com.miHoYo.Yuanshen
2026-08-02 15:39:35 PulseAutoTdp: TICK-SKIP overlayShouldShow=false autoActive=false quickAccessShouldShow=false autoTdpPackage=null boundPackage=com.miHoYo.Yuanshen lastForeground=com.miHoYo.Yuanshen
2026-08-02 15:39:36 PulseDaemon: cap write via daemon (5 node(s))
2026-08-02 15:39:37 PulseAutoTdp: TICK-SKIP overlayShouldShow=false autoActive=false quickAccessShouldShow=false autoTdpPackage=null boundPackage=com.miHoYo.Yuanshen lastForeground=com.miHoYo.Yuanshen
2026-08-02 15:39:38 PulseAutoTdp: TICK-SKIP overlayShouldShow=false autoActive=false quickAccessShouldShow=false autoTdpPackage=null boundPackage=com.miHoYo.Yuanshen lastForeground=com.miHoYo.Yuanshen
2026-08-02 15:39:39 PulseDaemon: cap write via daemon (5 node(s))
2026-08-02 15:39:40 PulseAutoTdp: TICK-SKIP overlayShouldShow=false autoActive=false quickAccessShouldShow=false autoTdpPackage=null boundPackage=com.miHoYo.Yuanshen lastForeground=com.miHoYo.Yuanshen
2026-08-02 15:39:41 PulseAutoTdp: TICK-SKIP overlayShouldShow=false autoActive=false quickAccessShouldShow=false autoTdpPackage=null boundPackage=com.miHoYo.Yuanshen lastForeground=com.miHoYo.Yuanshen
2026-08-02 15:39:42 PulseDaemon: cap write via daemon (5 node(s))
2026-08-02 15:39:43 PulseAutoTdp: TICK-SKIP overlayShouldShow=false autoActive=false quickAccessShouldShow=false autoTdpPackage=null boundPackage=com.miHoYo.Yuanshen lastForeground=com.miHoYo.Yuanshen
2026-08-02 15:39:44 PulseAutoTdp: TICK-SKIP overlayShouldShow=false autoActive=false quickAccessShouldShow=false autoTdpPackage=null boundPackage=com.miHoYo.Yuanshen lastForeground=com.miHoYo.Yuanshen
2026-08-02 15:39:44 PulseDaemon: cap write via daemon (5 node(s))
2026-08-02 15:39:45 PulseAutoTdp: TICK-SKIP overlayShouldShow=false autoActive=false quickAccessShouldShow=false autoTdpPackage=null boundPackage=com.miHoYo.Yuanshen lastForeground=com.miHoYo.Yuanshen
2026-08-02 15:39:47 PulseAutoTdp: TICK-SKIP overlayShouldShow=false autoActive=false quickAccessShouldShow=false autoTdpPackage=null boundPackage=com.miHoYo.Yuanshen lastForeground=com.miHoYo.Yuanshen
2026-08-02 15:39:47 PulseDaemon: cap write via daemon (5 node(s))
2026-08-02 15:39:48 PulseAutoTdp: TICK-SKIP overlayShouldShow=false autoActive=false quickAccessShouldShow=false autoTdpPackage=null boundPackage=com.miHoYo.Yuanshen lastForeground=com.miHoYo.Yuanshen
2026-08-02 15:39:50 PulseAutoTdp: TICK-SKIP overlayShouldShow=false autoActive=false quickAccessShouldShow=false autoTdpPackage=null boundPackage=com.miHoYo.Yuanshen lastForeground=com.miHoYo.Yuanshen
2026-08-02 15:39:50 PulseDaemon: cap write via daemon (5 node(s))
2026-08-02 15:39:51 PulseAutoTdp: TICK-SKIP overlayShouldShow=false autoActive=false quickAccessShouldShow=false autoTdpPackage=null boundPackage=com.miHoYo.Yuanshen lastForeground=com.miHoYo.Yuanshen
2026-08-02 15:39:52 PulseAutoTdp: TICK-SKIP overlayShouldShow=false autoActive=false quickAccessShouldShow=false autoTdpPackage=null boundPackage=com.miHoYo.Yuanshen lastForeground=com.miHoYo.Yuanshen
2026-08-02 15:39:53 PulseDaemon: cap write via daemon (5 node(s))
2026-08-02 15:39:54 PulseAutoTdp: TICK-SKIP overlayShouldShow=false autoActive=false quickAccessShouldShow=false autoTdpPackage=null boundPackage=com.miHoYo.Yuanshen lastForeground=com.miHoYo.Yuanshen
2026-08-02 15:39:55 PulseAutoTdp: TICK-SKIP overlayShouldShow=false autoActive=false quickAccessShouldShow=false autoTdpPackage=null boundPackage=com.miHoYo.Yuanshen lastForeground=com.miHoYo.Yuanshen
2026-08-02 15:39:56 PulseDaemon: cap write via daemon (5 node(s))
2026-08-02 15:39:57 PulseAutoTdp: TICK-SKIP overlayShouldShow=false autoActive=false quickAccessShouldShow=false autoTdpPackage=null boundPackage=com.miHoYo.Yuanshen lastForeground=com.miHoYo.Yuanshen
2026-08-02 15:39:58 PulseAutoTdp: TICK-SKIP overlayShouldShow=false autoActive=false quickAccessShouldShow=false autoTdpPackage=null boundPackage=com.miHoYo.Yuanshen lastForeground=com.miHoYo.Yuanshen
2026-08-02 15:39:59 PulseDaemon: cap write via daemon (5 node(s))
2026-08-02 15:40:00 PulseAutoTdp: TICK-SKIP overlayShouldShow=false autoActive=false quickAccessShouldShow=false autoTdpPackage=null boundPackage=com.miHoYo.Yuanshen lastForeground=com.miHoYo.Yuanshen
2026-08-02 15:40:01 PulseAutoTdp: TICK-SKIP overlayShouldShow=false autoActive=false quickAccessShouldShow=false autoTdpPackage=null boundPackage=com.miHoYo.Yuanshen lastForeground=com.miHoYo.Yuanshen
2026-08-02 15:40:01 PulseDaemon: cap write via daemon (5 node(s))
2026-08-02 15:40:02 PulseAutoTdp: TICK-SKIP overlayShouldShow=false autoActive=false quickAccessShouldShow=false autoTdpPackage=null boundPackage=com.miHoYo.Yuanshen lastForeground=com.miHoYo.Yuanshen
2026-08-02 15:40:04 PulseAutoTdp: TICK-SKIP overlayShouldShow=false autoActive=false quickAccessShouldShow=false autoTdpPackage=null boundPackage=com.miHoYo.Yuanshen lastForeground=com.miHoYo.Yuanshen
2026-08-02 15:40:04 PulseDaemon: cap write via daemon (5 node(s))
2026-08-02 15:40:05 PulseAutoTdp: TICK-SKIP overlayShouldShow=false autoActive=false quickAccessShouldShow=false autoTdpPackage=null boundPackage=com.miHoYo.Yuanshen lastForeground=com.miHoYo.Yuanshen
2026-08-02 15:40:07 PulseAutoTdp: TICK-SKIP overlayShouldShow=false autoActive=false quickAccessShouldShow=false autoTdpPackage=null boundPackage=com.miHoYo.Yuanshen lastForeground=com.miHoYo.Yuanshen
2026-08-02 15:40:07 PulseDaemon: cap write via daemon (5 node(s))
2026-08-02 15:40:08 PulseAutoTdp: TICK-SKIP overlayShouldShow=false autoActive=false quickAccessShouldShow=false autoTdpPackage=null boundPackage=com.miHoYo.Yuanshen lastForeground=com.miHoYo.Yuanshen
2026-08-02 15:40:09 PulseAutoTdp: TICK-SKIP overlayShouldShow=false autoActive=false quickAccessShouldShow=false autoTdpPackage=null boundPackage=com.miHoYo.Yuanshen lastForeground=com.miHoYo.Yuanshen
2026-08-02 15:40:10 PulseDaemon: cap write via daemon (5 node(s))
2026-08-02 15:40:11 PulseAutoTdp: TICK-SKIP overlayShouldShow=false autoActive=false quickAccessShouldShow=false autoTdpPackage=null boundPackage=com.miHoYo.Yuanshen lastForeground=com.miHoYo.Yuanshen
2026-08-02 15:40:12 PulseAutoTdp: TICK-SKIP overlayShouldShow=false autoActive=false quickAccessShouldShow=false autoTdpPackage=null boundPackage=com.miHoYo.Yuanshen lastForeground=com.miHoYo.Yuanshen
2026-08-02 15:40:13 PulseDaemon: cap write via daemon (5 node(s))
2026-08-02 15:40:14 PulseAutoTdp: TICK-SKIP overlayShouldShow=false autoActive=false quickAccessShouldShow=false autoTdpPackage=null boundPackage=com.miHoYo.Yuanshen lastForeground=com.miHoYo.Yuanshen
2026-08-02 15:40:15 PulseAutoTdp: TICK-SKIP overlayShouldShow=false autoActive=false quickAccessShouldShow=false autoTdpPackage=null boundPackage=com.miHoYo.Yuanshen lastForeground=com.miHoYo.Yuanshen
2026-08-02 15:40:15 PulseDaemon: cap write via daemon (5 node(s))
2026-08-02 15:40:16 PulseAutoTdp: TICK-SKIP overlayShouldShow=false autoActive=false quickAccessShouldShow=false autoTdpPackage=null boundPackage=com.miHoYo.Yuanshen lastForeground=com.miHoYo.Yuanshen
2026-08-02 15:40:18 PulseAutoTdp: TICK-SKIP overlayShouldShow=false autoActive=false quickAccessShouldShow=false autoTdpPackage=null boundPackage=com.miHoYo.Yuanshen lastForeground=com.miHoYo.Yuanshen
2026-08-02 15:40:18 PulseDaemon: cap write via daemon (5 node(s))
2026-08-02 15:40:19 PulseAutoTdp: TICK-SKIP overlayShouldShow=false autoActive=false quickAccessShouldShow=false autoTdpPackage=null boundPackage=com.miHoYo.Yuanshen lastForeground=com.miHoYo.Yuanshen
2026-08-02 15:40:21 PulseAutoTdp: TICK-SKIP overlayShouldShow=false autoActive=false quickAccessShouldShow=false autoTdpPackage=null boundPackage=com.miHoYo.Yuanshen lastForeground=com.miHoYo.Yuanshen
2026-08-02 15:40:21 PulseDaemon: cap write via daemon (5 node(s))
2026-08-02 15:40:22 PulseAutoTdp: TICK-SKIP overlayShouldShow=false autoActive=false quickAccessShouldShow=false autoTdpPackage=null boundPackage=com.miHoYo.Yuanshen lastForeground=com.miHoYo.Yuanshen
2026-08-02 15:40:23 PulseAutoTdp: TICK-SKIP overlayShouldShow=false autoActive=false quickAccessShouldShow=false autoTdpPackage=null boundPackage=com.miHoYo.Yuanshen lastForeground=com.miHoYo.Yuanshen
2026-08-02 15:40:24 PulseDaemon: cap write via daemon (5 node(s))
2026-08-02 15:40:25 PulseAutoTdp: TICK-SKIP overlayShouldShow=false autoActive=false quickAccessShouldShow=false autoTdpPackage=null boundPackage=com.miHoYo.Yuanshen lastForeground=com.miHoYo.Yuanshen
2026-08-02 15:40:26 PulseAutoTdp: TICK-SKIP overlayShouldShow=false autoActive=false quickAccessShouldShow=false autoTdpPackage=null boundPackage=com.miHoYo.Yuanshen lastForeground=com.miHoYo.Yuanshen
2026-08-02 15:40:27 PulseDaemon: cap write via daemon (5 node(s))
2026-08-02 15:40:28 PulseAutoTdp: TICK-SKIP overlayShouldShow=false autoActive=false quickAccessShouldShow=false autoTdpPackage=null boundPackage=com.miHoYo.Yuanshen lastForeground=com.miHoYo.Yuanshen
2026-08-02 15:40:29 PulseAutoTdp: TICK-SKIP overlayShouldShow=false autoActive=false quickAccessShouldShow=false autoTdpPackage=null boundPackage=com.miHoYo.Yuanshen lastForeground=com.miHoYo.Yuanshen
2026-08-02 15:40:30 PulseDaemon: cap write via daemon (5 node(s))
2026-08-02 15:40:31 PulseAutoTdp: TICK-SKIP overlayShouldShow=false autoActive=false quickAccessShouldShow=false autoTdpPackage=null boundPackage=com.miHoYo.Yuanshen lastForeground=com.miHoYo.Yuanshen
2026-08-02 15:40:32 PulseAutoTdp: TICK-SKIP overlayShouldShow=false autoActive=false quickAccessShouldShow=false autoTdpPackage=null boundPackage=com.miHoYo.Yuanshen lastForeground=com.miHoYo.Yuanshen
2026-08-02 15:40:32 PulseDaemon: cap write via daemon (5 node(s))
2026-08-02 15:40:33 PulseAutoTdp: TICK-SKIP overlayShouldShow=false autoActive=false quickAccessShouldShow=false autoTdpPackage=null boundPackage=com.miHoYo.Yuanshen lastForeground=com.miHoYo.Yuanshen
2026-08-02 15:40:35 PulseAutoTdp: TICK-SKIP overlayShouldShow=false autoActive=false quickAccessShouldShow=false autoTdpPackage=null boundPackage=com.miHoYo.Yuanshen lastForeground=com.miHoYo.Yuanshen
2026-08-02 15:40:35 PulseDaemon: cap write via daemon (5 node(s))
2026-08-02 15:40:36 PulseAutoTdp: TICK-SKIP overlayShouldShow=false autoActive=false quickAccessShouldShow=false autoTdpPackage=null boundPackage=com.miHoYo.Yuanshen lastForeground=com.miHoYo.Yuanshen
2026-08-02 15:40:38 PulseAutoTdp: TICK-SKIP overlayShouldShow=false autoActive=false quickAccessShouldShow=false autoTdpPackage=null boundPackage=com.miHoYo.Yuanshen lastForeground=com.miHoYo.Yuanshen
2026-08-02 15:40:38 PulseDaemon: cap write via daemon (5 node(s))
2026-08-02 15:40:39 PulseAutoTdp: TICK-SKIP overlayShouldShow=false autoActive=false quickAccessShouldShow=false autoTdpPackage=null boundPackage=com.miHoYo.Yuanshen lastForeground=com.miHoYo.Yuanshen
2026-08-02 15:40:40 PulseAutoTdp: TICK-SKIP overlayShouldShow=false autoActive=false quickAccessShouldShow=false autoTdpPackage=null boundPackage=com.miHoYo.Yuanshen lastForeground=com.miHoYo.Yuanshen
2026-08-02 15:40:41 PulseDaemon: cap write via daemon (5 node(s))
2026-08-02 15:40:42 PulseAutoTdp: TICK-SKIP overlayShouldShow=false autoActive=false quickAccessShouldShow=false autoTdpPackage=null boundPackage=com.miHoYo.Yuanshen lastForeground=com.miHoYo.Yuanshen
2026-08-02 15:40:43 PulseAutoTdp: TICK-SKIP overlayShouldShow=false autoActive=false quickAccessShouldShow=false autoTdpPackage=null boundPackage=com.miHoYo.Yuanshen lastForeground=com.miHoYo.Yuanshen
2026-08-02 15:40:44 PulseDaemon: cap write via daemon (5 node(s))
2026-08-02 15:40:45 PulseAutoTdp: TICK-SKIP overlayShouldShow=false autoActive=false quickAccessShouldShow=false autoTdpPackage=null boundPackage=com.miHoYo.Yuanshen lastForeground=com.miHoYo.Yuanshen
2026-08-02 15:40:46 PulseAutoTdp: TICK-SKIP overlayShouldShow=false autoActive=false quickAccessShouldShow=false autoTdpPackage=null boundPackage=com.miHoYo.Yuanshen lastForeground=com.miHoYo.Yuanshen
2026-08-02 15:40:47 PulseDaemon: cap write via daemon (5 node(s))
2026-08-02 15:40:48 PulseAutoTdp: TICK-SKIP overlayShouldShow=false autoActive=false quickAccessShouldShow=false autoTdpPackage=null boundPackage=com.miHoYo.Yuanshen lastForeground=com.miHoYo.Yuanshen
2026-08-02 15:40:49 PulseAutoTdp: TICK-SKIP overlayShouldShow=false autoActive=false quickAccessShouldShow=false autoTdpPackage=null boundPackage=com.miHoYo.Yuanshen lastForeground=com.miHoYo.Yuanshen
2026-08-02 15:40:49 PulseDaemon: cap write via daemon (5 node(s))
2026-08-02 15:40:50 PulseAutoTdp: TICK-SKIP overlayShouldShow=false autoActive=false quickAccessShouldShow=false autoTdpPackage=null boundPackage=com.miHoYo.Yuanshen lastForeground=com.miHoYo.Yuanshen
2026-08-02 15:40:52 PulseAutoTdp: TICK-SKIP overlayShouldShow=false autoActive=false quickAccessShouldShow=false autoTdpPackage=null boundPackage=com.miHoYo.Yuanshen lastForeground=com.miHoYo.Yuanshen
2026-08-02 15:40:52 PulseDaemon: cap write via daemon (5 node(s))
2026-08-02 15:40:53 PulseAutoTdp: TICK-SKIP overlayShouldShow=false autoActive=false quickAccessShouldShow=false autoTdpPackage=null boundPackage=com.miHoYo.Yuanshen lastForeground=com.miHoYo.Yuanshen
2026-08-02 15:40:55 PulseAutoTdp: TICK-SKIP overlayShouldShow=false autoActive=false quickAccessShouldShow=false autoTdpPackage=null boundPackage=com.miHoYo.Yuanshen lastForeground=com.miHoYo.Yuanshen
2026-08-02 15:40:55 PulseDaemon: cap write via daemon (5 node(s))
2026-08-02 15:40:56 PulseAutoTdp: TICK-SKIP overlayShouldShow=false autoActive=false quickAccessShouldShow=false autoTdpPackage=null boundPackage=com.miHoYo.Yuanshen lastForeground=com.miHoYo.Yuanshen
2026-08-02 15:40:57 PulseAutoTdp: TICK-SKIP overlayShouldShow=false autoActive=false quickAccessShouldShow=false autoTdpPackage=null boundPackage=com.miHoYo.Yuanshen lastForeground=com.miHoYo.Yuanshen
2026-08-02 15:40:58 PulseDaemon: cap write via daemon (5 node(s))
2026-08-02 15:40:59 PulseAutoTdp: TICK-SKIP overlayShouldShow=false autoActive=false quickAccessShouldShow=false autoTdpPackage=null boundPackage=com.miHoYo.Yuanshen lastForeground=com.miHoYo.Yuanshen
2026-08-02 15:41:00 PulseAutoTdp: TICK-SKIP overlayShouldShow=false autoActive=false quickAccessShouldShow=false autoTdpPackage=null boundPackage=com.miHoYo.Yuanshen lastForeground=com.miHoYo.Yuanshen
2026-08-02 15:41:01 PulseDaemon: cap write via daemon (5 node(s))
2026-08-02 15:41:02 PulseAutoTdp: TICK-SKIP overlayShouldShow=false autoActive=false quickAccessShouldShow=false autoTdpPackage=null boundPackage=com.miHoYo.Yuanshen lastForeground=com.miHoYo.Yuanshen
2026-08-02 15:41:03 PulseAutoTdp: TICK-SKIP overlayShouldShow=false autoActive=false quickAccessShouldShow=false autoTdpPackage=null boundPackage=com.miHoYo.Yuanshen lastForeground=com.miHoYo.Yuanshen
2026-08-02 15:41:03 PulseDaemon: cap write via daemon (5 node(s))
2026-08-02 15:41:04 PulseAutoTdp: TICK-SKIP overlayShouldShow=false autoActive=false quickAccessShouldShow=false autoTdpPackage=null boundPackage=com.miHoYo.Yuanshen lastForeground=com.miHoYo.Yuanshen
2026-08-02 15:41:06 PulseAutoTdp: TICK-SKIP overlayShouldShow=false autoActive=false quickAccessShouldShow=false autoTdpPackage=null boundPackage=com.miHoYo.Yuanshen lastForeground=com.miHoYo.Yuanshen
2026-08-02 15:41:06 PulseDaemon: cap write via daemon (5 node(s))
2026-08-02 15:41:07 PulseAutoTdp: TICK-SKIP overlayShouldShow=false autoActive=false quickAccessShouldShow=false autoTdpPackage=null boundPackage=com.miHoYo.Yuanshen lastForeground=com.miHoYo.Yuanshen
2026-08-02 15:41:09 PulseAutoTdp: TICK-SKIP overlayShouldShow=false autoActive=false quickAccessShouldShow=false autoTdpPackage=null boundPackage=com.miHoYo.Yuanshen lastForeground=com.miHoYo.Yuanshen
2026-08-02 15:41:09 PulseDaemon: cap write via daemon (5 node(s))
2026-08-02 15:41:10 PulseAutoTdp: TICK-SKIP overlayShouldShow=false autoActive=false quickAccessShouldShow=false autoTdpPackage=null boundPackage=com.miHoYo.Yuanshen lastForeground=com.miHoYo.Yuanshen
2026-08-02 15:41:11 PulseAutoTdp: TICK-SKIP overlayShouldShow=false autoActive=false quickAccessShouldShow=false autoTdpPackage=null boundPackage=com.miHoYo.Yuanshen lastForeground=com.miHoYo.Yuanshen
2026-08-02 15:41:12 PulseDaemon: cap write via daemon (5 node(s))
2026-08-02 15:41:13 PulseAutoTdp: TICK-SKIP overlayShouldShow=false autoActive=false quickAccessShouldShow=false autoTdpPackage=null boundPackage=com.miHoYo.Yuanshen lastForeground=com.miHoYo.Yuanshen
2026-08-02 15:41:14 PulseAutoTdp: TICK-SKIP overlayShouldShow=false autoActive=false quickAccessShouldShow=false autoTdpPackage=null boundPackage=com.miHoYo.Yuanshen lastForeground=com.miHoYo.Yuanshen
2026-08-02 15:41:15 PulseDaemon: cap write via daemon (5 node(s))
2026-08-02 15:41:16 PulseAutoTdp: TICK-SKIP overlayShouldShow=false autoActive=false quickAccessShouldShow=false autoTdpPackage=null boundPackage=com.miHoYo.Yuanshen lastForeground=com.miHoYo.Yuanshen
2026-08-02 15:41:17 PulseAutoTdp: TICK-SKIP overlayShouldShow=false autoActive=false quickAccessShouldShow=false autoTdpPackage=null boundPackage=com.miHoYo.Yuanshen lastForeground=com.miHoYo.Yuanshen
2026-08-02 15:41:18 PulseDaemon: cap write via daemon (5 node(s))
2026-08-02 15:41:19 PulseDaemon: cap write via xsu fallback (10 node(s), ~1941 chars, chunked)
2026-08-02 15:41:21 PulseAutoTdp: TICK-SKIP overlayShouldShow=false autoActive=false quickAccessShouldShow=false autoTdpPackage=null boundPackage=null lastForeground=com.android.launcher3
2026-08-02 15:41:21 PulseFan: arbiter=RunCustomLoop auto=false bound=null managed=6 latched=false
2026-08-02 15:41:21 PulseDaemon: telemetry read via daemon (16 path(s))
2026-08-02 15:41:21 PulseFan: CUSTOM fan running (autoTdp=false smart=true temp=63 applied=20% target=20)
2026-08-02 15:41:22 PulseDaemon: telemetry read via xsu fallback (1 path(s))
2026-08-02 15:41:22 PulseDaemon: telemetry read via xsu fallback (1 path(s))
2026-08-02 15:41:22 PulseAutoTdp: TICK-SKIP overlayShouldShow=false autoActive=false quickAccessShouldShow=false autoTdpPackage=null boundPackage=null lastForeground=com.android.launcher3
2026-08-02 15:41:22 PulseFan: arbiter=RunCustomLoop auto=false bound=null managed=6 latched=false
2026-08-02 15:41:22 PulseDaemon: telemetry read via daemon (16 path(s))
2026-08-02 15:41:23 PulseFan: CUSTOM fan running (autoTdp=false smart=true temp=62 applied=20% target=20)
2026-08-02 15:41:23 PulseDaemon: telemetry read via daemon (1 path(s))
# ... 25 more identical lines elided (same content, only timestamp differs) ...
2026-08-02 15:41:26 PulseDaemon: telemetry read via daemon (1 path(s))
2026-08-02 15:41:26 PulseDaemon: cap write via daemon (3 node(s))
2026-08-02 15:41:26 PulseDaemon: cap write via xsu fallback (10 node(s), ~1941 chars, chunked)
2026-08-02 15:41:26 PulseDaemon: telemetry read via daemon (1 path(s))
# ... 5 more identical lines elided (same content, only timestamp differs) ...
2026-08-02 15:41:27 PulseDaemon: telemetry read via daemon (1 path(s))
2026-08-02 15:41:27 PulseDaemon: engage governor via daemon (schedutil)
2026-08-02 15:41:28 PulseDaemon: telemetry read via xsu fallback (16 path(s))
2026-08-02 15:41:28 PulseDaemon: telemetry read via xsu fallback (1 path(s))
2026-08-02 15:41:28 PulseDaemon: telemetry read via daemon (1 path(s))
# ... 8 more identical lines elided (same content, only timestamp differs) ...
2026-08-02 15:41:29 PulseDaemon: telemetry read via daemon (1 path(s))
2026-08-02 15:41:29 PulseAutoTdp: AUTOTDP-SESSION tgt=90 bias=EFFICIENT wattCap=0 policies=0:2265600:0,1;2:3148800:2,3,4;5:2956800:5,6;7:3052800:7;-100:1050000:
2026-08-02 15:41:29 PulseDaemon: telemetry read via daemon (1 path(s))
# ... 4 more identical lines elided (same content, only timestamp differs) ...
2026-08-02 15:41:30 PulseDaemon: telemetry read via daemon (1 path(s))
2026-08-02 15:41:30 PulseAutoTdp: tgt=90 fps=- jank=0 tail=-ms act=HOLD bn=- cpuB=26 cpuPk=60 primePk=35 io=0 gpuB=26 gpuL=5 capped=0 prk=0 stl=0 draw=3.31W cT=58 gT=52 caps%[0:100,2:90,5:100,7:100,-100:70] curMHz[0:1574,2:1286,5:2956,7:480] mn/mx[0:1248/2265,2:499/2841,5:499/2956,7:480/3052] gpu=231 gcap=720[5/13] lrn=100
2026-08-02 15:41:30 PulseFan: CUSTOM fan running (autoTdp=true smart=true temp=61 applied=20% target=20)
2026-08-02 15:41:30 PulseDaemon: telemetry read via daemon (1 path(s))
# ... 5 more identical lines elided (same content, only timestamp differs) ...
2026-08-02 15:41:31 PulseDaemon: telemetry read via daemon (1 path(s))
2026-08-02 15:41:31 PulseDaemon: telemetry read via daemon (16 path(s))
2026-08-02 15:41:31 PulseFan: arbiter=RunCustomLoop auto=true bound=null managed=6 latched=false
2026-08-02 15:41:31 PulseFan: CUSTOM fan running (autoTdp=true smart=true temp=60 applied=20% target=20)
2026-08-02 15:41:31 PulseDaemon: telemetry read via daemon (1 path(s))
# ... 6 more identical lines elided (same content, only timestamp differs) ...
2026-08-02 15:41:32 PulseDaemon: telemetry read via daemon (1 path(s))
2026-08-02 15:41:33 PulseDaemon: telemetry read via daemon (16 path(s))
2026-08-02 15:41:33 PulseDaemon: telemetry read via daemon (1 path(s))
2026-08-02 15:41:33 PulseDaemon: cap write via daemon (7 node(s))
2026-08-02 15:41:33 PulseAutoTdp: tgt=90 fps=70.4 jank=10 tail=44ms act=RAISE bn=- cpuB=22 cpuPk=46 primePk=36 io=0 gpuB=27 gpuL=5 capped=0 prk=0 stl=0 draw=4.91W cT=57 gT=51 caps%[0:100,2:90,5:100,7:100,-100:75] curMHz[0:1248,2:2841,5:2131,7:480] gpu=231 gcap=720[5/13] lrn=100
2026-08-02 15:41:33 PulseDaemon: cap write via daemon (2 node(s))
2026-08-02 15:41:33 PulseDaemon: cap write via daemon (2 node(s))
2026-08-02 15:41:33 PulseFan: arbiter=RunCustomLoop auto=true bound=null managed=6 latched=false
2026-08-02 15:41:33 PulseFan: CUSTOM fan running (autoTdp=true smart=true temp=59 applied=20% target=20)
2026-08-02 15:41:34 PulseDaemon: telemetry read via xsu fallback (1 path(s))
2026-08-02 15:41:34 PulseDaemon: telemetry read via xsu fallback (1 path(s))
2026-08-02 15:41:34 PulseDaemon: telemetry read via daemon (1 path(s))
2026-08-02 15:41:34 PulseDaemon: telemetry read via daemon (16 path(s))
2026-08-02 15:41:34 PulseDaemon: telemetry read via daemon (1 path(s))
2026-08-02 15:41:34 PulseFan: arbiter=RunCustomLoop auto=true bound=null managed=6 latched=false
2026-08-02 15:41:34 PulseFan: CUSTOM fan running (autoTdp=true smart=true temp=57 applied=20% target=20)
2026-08-02 15:41:35 PulseDaemon: telemetry read via xsu fallback (1 path(s))
2026-08-02 15:41:35 PulseDaemon: telemetry read via daemon (1 path(s))
2026-08-02 15:41:36 PulseDaemon: telemetry read via daemon (16 path(s))
2026-08-02 15:41:36 PulseDaemon: telemetry read via daemon (1 path(s))
2026-08-02 15:41:36 PulseAutoTdp: tgt=90 fps=90.0 jank=0 tail=11ms act=RAISE bn=- cpuB=28 cpuPk=58 primePk=29 io=0 gpuB=19 gpuL=4 capped=0 prk=0 stl=0 draw=7.68W cT=60 gT=52 caps%[0:100,2:90,5:100,7:100,-100:80] curMHz[0:2265,2:614,5:2707,7:3052] gpu=231 gcap=770[4/13] lrn=100
2026-08-02 15:41:36 PulseDaemon: cap write via daemon (2 node(s))
2026-08-02 15:41:36 PulseDaemon: cap write via daemon (2 node(s))
2026-08-02 15:41:36 PulseFan: arbiter=RunCustomLoop auto=true bound=null managed=6 latched=false
2026-08-02 15:41:36 PulseFan: CUSTOM fan running (autoTdp=true smart=true temp=58 applied=20% target=20)
2026-08-02 15:41:37 PulseDaemon: telemetry read via xsu fallback (1 path(s))
2026-08-02 15:41:37 PulseDaemon: telemetry read via daemon (1 path(s))
2026-08-02 15:41:37 PulseDaemon: telemetry read via daemon (1 path(s))
2026-08-02 15:41:37 PulseDaemon: telemetry read via daemon (16 path(s))
2026-08-02 15:41:37 PulseDaemon: telemetry read via daemon (1 path(s))
2026-08-02 15:41:37 PulseFan: arbiter=RunCustomLoop auto=true bound=null managed=6 latched=false
2026-08-02 15:41:37 PulseFan: CUSTOM fan running (autoTdp=true smart=true temp=57 applied=20% target=20)
2026-08-02 15:41:38 PulseDaemon: telemetry read via xsu fallback (1 path(s))
2026-08-02 15:41:38 PulseDaemon: telemetry read via daemon (1 path(s))
2026-08-02 15:41:39 PulseDaemon: telemetry read via daemon (16 path(s))
2026-08-02 15:41:39 PulseDaemon: telemetry read via daemon (1 path(s))
2026-08-02 15:41:39 PulseDaemon: cap write via daemon (7 node(s))
2026-08-02 15:41:39 PulseAutoTdp: tgt=90 fps=62.1 jank=14 tail=44ms act=TRIM bn=- cpuB=13 cpuPk=48 primePk=22 io=0 gpuB=21 gpuL=4 capped=0 prk=0 stl=0 draw=3.45W cT=55 gT=50 caps%[0:100,2:90,5:100,7:100,-100:75] curMHz[0:1248,2:1075,5:1708,7:480] gpu=231 gcap=834[3/13] lrn=100
2026-08-02 15:41:39 PulseDaemon: cap write via daemon (2 node(s))
2026-08-02 15:41:39 PulseDaemon: cap write via daemon (2 node(s))
2026-08-02 15:41:39 PulseFan: arbiter=RunCustomLoop auto=true bound=null managed=6 latched=false
2026-08-02 15:41:39 PulseFan: CUSTOM fan running (autoTdp=true smart=true temp=56 applied=20% target=20)
2026-08-02 15:41:40 PulseDaemon: telemetry read via xsu fallback (1 path(s))
2026-08-02 15:41:40 PulseDaemon: telemetry read via daemon (1 path(s))
# ... 1 more identical lines elided (same content, only timestamp differs) ...
2026-08-02 15:41:40 PulseDaemon: telemetry read via daemon (1 path(s))
2026-08-02 15:41:40 PulseDaemon: telemetry read via daemon (16 path(s))
2026-08-02 15:41:40 PulseDaemon: telemetry read via daemon (1 path(s))
2026-08-02 15:41:41 PulseFan: arbiter=RunCustomLoop auto=true bound=null managed=6 latched=false
2026-08-02 15:41:41 PulseFan: CUSTOM fan running (autoTdp=true smart=true temp=55 applied=20% target=20)
2026-08-02 15:41:41 PulseDaemon: telemetry read via xsu fallback (1 path(s))
2026-08-02 15:41:42 PulseDaemon: telemetry read via daemon (1 path(s))
2026-08-02 15:41:42 PulseDaemon: telemetry read via daemon (16 path(s))
2026-08-02 15:41:42 PulseDaemon: telemetry read via daemon (1 path(s))
2026-08-02 15:41:42 PulseDaemon: cap write via xsu fallback (7 node(s), ~1323 chars, chunked)
2026-08-02 15:41:42 PulseDaemon: telemetry read via daemon (1 path(s))
# ... 1 more identical lines elided (same content, only timestamp differs) ...
2026-08-02 15:41:42 PulseDaemon: telemetry read via daemon (1 path(s))
2026-08-02 15:41:42 PulseAutoTdp: tgt=90 fps=90.0 jank=0 tail=11ms act=RAISE bn=- cpuB=12 cpuPk=50 primePk=31 io=0 gpuB=28 gpuL=6 capped=0 prk=0 stl=0 draw=3.10W cT=53 gT=50 caps%[0:100,2:90,5:100,7:100,-100:80] curMHz[0:1248,2:844,5:960,7:480] gpu=231 gcap=770[4/13] lrn=100
2026-08-02 15:41:42 PulseDaemon: cap write via daemon (2 node(s))
2026-08-02 15:41:42 PulseFan: arbiter=RunCustomLoop auto=true bound=null managed=6 latched=false
2026-08-02 15:41:42 PulseFan: CUSTOM fan running (autoTdp=true smart=true temp=54 applied=20% target=20)
2026-08-02 15:41:42 PulseDaemon: telemetry read via daemon (1 path(s))
# ... 5 more identical lines elided (same content, only timestamp differs) ...
2026-08-02 15:41:43 PulseDaemon: telemetry read via daemon (1 path(s))
2026-08-02 15:41:44 PulseDaemon: telemetry read via daemon (16 path(s))
2026-08-02 15:41:44 PulseFan: arbiter=RunCustomLoop auto=true bound=null managed=6 latched=false
2026-08-02 15:41:44 PulseFan: CUSTOM fan running (autoTdp=true smart=true temp=57 applied=20% target=20)
2026-08-02 15:41:44 PulseDaemon: telemetry read via xsu fallback (1 path(s))
2026-08-02 15:41:44 PulseDaemon: telemetry read via daemon (1 path(s))
# ... 2 more identical lines elided (same content, only timestamp differs) ...
2026-08-02 15:41:45 PulseDaemon: telemetry read via daemon (1 path(s))
2026-08-02 15:41:45 PulseDaemon: cap write via daemon (3 node(s))
2026-08-02 15:41:45 PulseDaemon: telemetry read via daemon (1 path(s))
2026-08-02 15:41:45 PulseDaemon: cap write via daemon (10 node(s))
2026-08-02 15:41:46 PulseDaemon: telemetry read via xsu fallback (1 path(s))
2026-08-02 15:41:46 PulseDaemon: telemetry read via daemon (1 path(s))
# ... 8 more identical lines elided (same content, only timestamp differs) ...
2026-08-02 15:41:47 PulseDaemon: telemetry read via daemon (1 path(s))
2026-08-02 15:41:48 PulseAutoTdp: TICK-SKIP overlayShouldShow=false autoActive=false quickAccessShouldShow=false autoTdpPackage=null boundPackage=com.miHoYo.Yuanshen lastForeground=com.miHoYo.Yuanshen
2026-08-02 15:41:48 PulseDaemon: telemetry read via daemon (1 path(s))
# ... 1 more identical lines elided (same content, only timestamp differs) ...
2026-08-02 15:41:48 PulseDaemon: telemetry read via daemon (1 path(s))
2026-08-02 15:41:48 PulseFan: arbiter=None auto=false bound=4 managed=6 latched=false
2026-08-02 15:41:48 PulseDaemon: cap write via daemon (5 node(s))
2026-08-02 15:41:49 PulseAutoTdp: TICK-SKIP overlayShouldShow=false autoActive=false quickAccessShouldShow=false autoTdpPackage=null boundPackage=com.miHoYo.Yuanshen lastForeground=com.miHoYo.Yuanshen
2026-08-02 15:41:50 PulseAutoTdp: TICK-SKIP overlayShouldShow=false autoActive=false quickAccessShouldShow=false autoTdpPackage=null boundPackage=com.miHoYo.Yuanshen lastForeground=com.miHoYo.Yuanshen
2026-08-02 15:41:51 PulseDaemon: cap write via daemon (5 node(s))
2026-08-02 15:41:52 PulseAutoTdp: TICK-SKIP overlayShouldShow=false autoActive=false quickAccessShouldShow=false autoTdpPackage=null boundPackage=com.miHoYo.Yuanshen lastForeground=com.miHoYo.Yuanshen
2026-08-02 15:41:53 PulseAutoTdp: TICK-SKIP overlayShouldShow=false autoActive=false quickAccessShouldShow=false autoTdpPackage=null boundPackage=com.miHoYo.Yuanshen lastForeground=com.miHoYo.Yuanshen
2026-08-02 15:41:54 PulseDaemon: cap write via daemon (5 node(s))
2026-08-02 15:41:55 PulseAutoTdp: TICK-SKIP overlayShouldShow=false autoActive=false quickAccessShouldShow=false autoTdpPackage=null boundPackage=com.miHoYo.Yuanshen lastForeground=com.miHoYo.Yuanshen
2026-08-02 15:41:56 PulseAutoTdp: TICK-SKIP overlayShouldShow=false autoActive=false quickAccessShouldShow=false autoTdpPackage=null boundPackage=com.miHoYo.Yuanshen lastForeground=com.miHoYo.Yuanshen
2026-08-02 15:41:56 PulseDaemon: cap write via daemon (5 node(s))
2026-08-02 15:41:57 PulseAutoTdp: TICK-SKIP overlayShouldShow=false autoActive=false quickAccessShouldShow=false autoTdpPackage=null boundPackage=com.miHoYo.Yuanshen lastForeground=com.miHoYo.Yuanshen
2026-08-02 15:41:59 PulseAutoTdp: TICK-SKIP overlayShouldShow=false autoActive=false quickAccessShouldShow=false autoTdpPackage=null boundPackage=com.miHoYo.Yuanshen lastForeground=com.miHoYo.Yuanshen
2026-08-02 15:41:59 PulseDaemon: cap write via daemon (5 node(s))
2026-08-02 15:42:00 PulseAutoTdp: TICK-SKIP overlayShouldShow=false autoActive=false quickAccessShouldShow=false autoTdpPackage=null boundPackage=com.miHoYo.Yuanshen lastForeground=com.miHoYo.Yuanshen
2026-08-02 15:42:01 PulseAutoTdp: TICK-SKIP overlayShouldShow=false autoActive=false quickAccessShouldShow=false autoTdpPackage=null boundPackage=com.miHoYo.Yuanshen lastForeground=com.miHoYo.Yuanshen
2026-08-02 15:42:02 PulseDaemon: cap write via daemon (5 node(s))
2026-08-02 15:42:03 PulseAutoTdp: TICK-SKIP overlayShouldShow=false autoActive=false quickAccessShouldShow=false autoTdpPackage=null boundPackage=com.miHoYo.Yuanshen lastForeground=com.miHoYo.Yuanshen
2026-08-02 15:42:04 PulseAutoTdp: TICK-SKIP overlayShouldShow=false autoActive=false quickAccessShouldShow=false autoTdpPackage=null boundPackage=com.miHoYo.Yuanshen lastForeground=com.miHoYo.Yuanshen
