# TRIMMED (analyze-pulse-logs.py) -- original was 2858 lines / 316318B.
# Kept: every distinct line; runs of 3+ consecutive identical lines (idle TICK-SKIP polling,
# only the timestamp differs) collapsed to first + elision count + last.
# ---
2026-08-02 15:54:10 === pulse_daemon session start === version=1.19.6 (303) built 2026-07-31 00:45:36 script_crc32=ebbd831f
2026-08-02 15:54:13 PulseAutoTdp: TICK-SKIP overlayShouldShow=false autoActive=false quickAccessShouldShow=false autoTdpPackage=null boundPackage=null lastForeground=null
2026-08-02 15:54:13 PulseFan: arbiter=RunCustomLoop auto=false bound=null managed=6 latched=false
2026-08-02 15:54:17 PulseDaemon: telemetry read via daemon (16 path(s))
2026-08-02 15:54:17 PulseFan: CUSTOM fan running (autoTdp=false smart=true temp=65 applied=20% target=20)
2026-08-02 15:54:17 PulseDaemon: telemetry read via xsu fallback (1 path(s))
2026-08-02 15:54:18 PulseDaemon: telemetry read via daemon (1 path(s))
# ... 4 more identical lines elided (same content, only timestamp differs) ...
2026-08-02 15:54:18 PulseDaemon: telemetry read via daemon (1 path(s))
2026-08-02 15:54:18 PulseAutoTdp: TICK-SKIP overlayShouldShow=false autoActive=false quickAccessShouldShow=false autoTdpPackage=null boundPackage=null lastForeground=null
2026-08-02 15:54:18 PulseFan: arbiter=RunCustomLoop auto=false bound=null managed=6 latched=false
2026-08-02 15:54:18 PulseDaemon: telemetry read via daemon (16 path(s))
2026-08-02 15:54:18 PulseDaemon: telemetry read via daemon (1 path(s))
2026-08-02 15:54:18 PulseFan: CUSTOM fan running (autoTdp=false smart=true temp=65 applied=20% target=20)
2026-08-02 15:54:19 PulseDaemon: telemetry read via daemon (1 path(s))
# ... 5 more identical lines elided (same content, only timestamp differs) ...
2026-08-02 15:54:19 PulseDaemon: telemetry read via daemon (1 path(s))
2026-08-02 15:54:20 PulseAutoTdp: TICK-SKIP overlayShouldShow=false autoActive=false quickAccessShouldShow=false autoTdpPackage=null boundPackage=null lastForeground=null
2026-08-02 15:54:20 PulseFan: arbiter=RunCustomLoop auto=false bound=null managed=6 latched=false
2026-08-02 15:54:20 PulseDaemon: telemetry read via xsu fallback (16 path(s))
2026-08-02 15:54:20 PulseDaemon: telemetry read via daemon (1 path(s))
# ... 7 more identical lines elided (same content, only timestamp differs) ...
2026-08-02 15:54:21 PulseDaemon: telemetry read via daemon (1 path(s))
2026-08-02 15:54:21 PulseFan: CUSTOM fan running (autoTdp=false smart=true temp=65 applied=20% target=20)
2026-08-02 15:54:21 PulseDaemon: telemetry read via daemon (1 path(s))
# ... 6 more identical lines elided (same content, only timestamp differs) ...
2026-08-02 15:54:22 PulseDaemon: telemetry read via daemon (1 path(s))
2026-08-02 15:54:22 PulseAutoTdp: TICK-SKIP overlayShouldShow=false autoActive=false quickAccessShouldShow=false autoTdpPackage=null boundPackage=null lastForeground=null
2026-08-02 15:54:22 PulseFan: arbiter=RunCustomLoop auto=false bound=null managed=6 latched=false
2026-08-02 15:54:22 PulseDaemon: telemetry read via daemon (1 path(s))
# ... 9 more identical lines elided (same content, only timestamp differs) ...
2026-08-02 15:54:24 PulseDaemon: telemetry read via daemon (1 path(s))
2026-08-02 15:54:24 PulseFan: CUSTOM fan running (autoTdp=false smart=true temp=64 applied=20% target=20)
2026-08-02 15:54:24 PulseDaemon: telemetry read via daemon (1 path(s))
# ... 5 more identical lines elided (same content, only timestamp differs) ...
2026-08-02 15:54:25 PulseDaemon: telemetry read via daemon (1 path(s))
2026-08-02 15:54:25 PulseAutoTdp: TICK-SKIP overlayShouldShow=false autoActive=false quickAccessShouldShow=false autoTdpPackage=null boundPackage=null lastForeground=null
2026-08-02 15:54:25 PulseDaemon: telemetry read via daemon (1 path(s))
2026-08-02 15:54:25 PulseDaemon: telemetry read via daemon (16 path(s))
2026-08-02 15:54:25 PulseFan: CUSTOM fan running (autoTdp=false smart=true temp=64 applied=20% target=20)
2026-08-02 15:54:25 PulseDaemon: telemetry read via daemon (1 path(s))
# ... 5 more identical lines elided (same content, only timestamp differs) ...
2026-08-02 15:54:26 PulseDaemon: telemetry read via daemon (1 path(s))
2026-08-02 15:54:26 PulseAutoTdp: TICK-SKIP overlayShouldShow=false autoActive=false quickAccessShouldShow=false autoTdpPackage=null boundPackage=null lastForeground=null
2026-08-02 15:54:26 PulseFan: arbiter=RunCustomLoop auto=false bound=null managed=6 latched=false
2026-08-02 15:54:26 PulseDaemon: telemetry read via daemon (16 path(s))
2026-08-02 15:54:26 PulseDaemon: telemetry read via daemon (1 path(s))
2026-08-02 15:54:26 PulseFan: CUSTOM fan running (autoTdp=false smart=true temp=63 applied=20% target=20)
2026-08-02 15:54:26 PulseDaemon: telemetry read via daemon (1 path(s))
# ... 5 more identical lines elided (same content, only timestamp differs) ...
2026-08-02 15:54:27 PulseDaemon: telemetry read via daemon (1 path(s))
2026-08-02 15:54:27 PulseAutoTdp: TICK-SKIP overlayShouldShow=false autoActive=false quickAccessShouldShow=false autoTdpPackage=null boundPackage=null lastForeground=null
2026-08-02 15:54:27 PulseFan: arbiter=RunCustomLoop auto=false bound=null managed=6 latched=false
2026-08-02 15:54:28 PulseDaemon: telemetry read via daemon (16 path(s))
2026-08-02 15:54:28 PulseDaemon: telemetry read via daemon (1 path(s))
# ... 5 more identical lines elided (same content, only timestamp differs) ...
2026-08-02 15:54:29 PulseDaemon: telemetry read via daemon (1 path(s))
2026-08-02 15:54:29 PulseAutoTdp: TICK-SKIP overlayShouldShow=false autoActive=false quickAccessShouldShow=false autoTdpPackage=null boundPackage=null lastForeground=null
2026-08-02 15:54:29 PulseFan: arbiter=RunCustomLoop auto=false bound=null managed=6 latched=false
2026-08-02 15:54:29 PulseDaemon: telemetry read via daemon (16 path(s))
2026-08-02 15:54:29 PulseDaemon: telemetry read via daemon (1 path(s))
2026-08-02 15:54:29 PulseFan: CUSTOM fan running (autoTdp=false smart=true temp=64 applied=20% target=20)
2026-08-02 15:54:29 PulseDaemon: telemetry read via daemon (1 path(s))
# ... 5 more identical lines elided (same content, only timestamp differs) ...
2026-08-02 15:54:30 PulseDaemon: telemetry read via daemon (1 path(s))
2026-08-02 15:54:30 PulseAutoTdp: TICK-SKIP overlayShouldShow=false autoActive=false quickAccessShouldShow=false autoTdpPackage=null boundPackage=null lastForeground=null
2026-08-02 15:54:30 PulseFan: arbiter=RunCustomLoop auto=false bound=null managed=6 latched=false
2026-08-02 15:54:30 PulseDaemon: telemetry read via daemon (16 path(s))
2026-08-02 15:54:30 PulseDaemon: telemetry read via daemon (1 path(s))
# ... 6 more identical lines elided (same content, only timestamp differs) ...
2026-08-02 15:54:31 PulseDaemon: telemetry read via daemon (1 path(s))
2026-08-02 15:54:31 PulseAutoTdp: TICK-SKIP overlayShouldShow=false autoActive=false quickAccessShouldShow=false autoTdpPackage=null boundPackage=null lastForeground=null
2026-08-02 15:54:31 PulseFan: arbiter=RunCustomLoop auto=false bound=null managed=6 latched=false
2026-08-02 15:54:32 PulseDaemon: telemetry read via daemon (16 path(s))
2026-08-02 15:54:32 PulseDaemon: telemetry read via daemon (1 path(s))
2026-08-02 15:54:32 PulseFan: CUSTOM fan running (autoTdp=false smart=true temp=65 applied=20% target=20)
2026-08-02 15:54:32 PulseDaemon: telemetry read via daemon (1 path(s))
# ... 5 more identical lines elided (same content, only timestamp differs) ...
2026-08-02 15:54:32 PulseDaemon: telemetry read via daemon (1 path(s))
2026-08-02 15:54:33 PulseAutoTdp: TICK-SKIP overlayShouldShow=false autoActive=false quickAccessShouldShow=false autoTdpPackage=null boundPackage=null lastForeground=null
2026-08-02 15:54:33 PulseFan: arbiter=RunCustomLoop auto=false bound=null managed=6 latched=false
2026-08-02 15:54:33 PulseDaemon: telemetry read via daemon (16 path(s))
2026-08-02 15:54:33 PulseFan: CUSTOM fan running (autoTdp=false smart=true temp=65 applied=20% target=20)
2026-08-02 15:54:33 PulseDaemon: telemetry read via daemon (1 path(s))
# ... 5 more identical lines elided (same content, only timestamp differs) ...
2026-08-02 15:54:34 PulseDaemon: telemetry read via daemon (1 path(s))
2026-08-02 15:54:34 PulseAutoTdp: TICK-SKIP overlayShouldShow=false autoActive=false quickAccessShouldShow=false autoTdpPackage=null boundPackage=null lastForeground=null
2026-08-02 15:54:34 PulseFan: arbiter=RunCustomLoop auto=false bound=null managed=6 latched=false
2026-08-02 15:54:34 PulseDaemon: telemetry read via daemon (16 path(s))
2026-08-02 15:54:34 PulseFan: CUSTOM fan running (autoTdp=false smart=true temp=65 applied=20% target=20)
2026-08-02 15:54:34 PulseDaemon: telemetry read via daemon (1 path(s))
# ... 5 more identical lines elided (same content, only timestamp differs) ...
2026-08-02 15:54:35 PulseDaemon: telemetry read via daemon (1 path(s))
2026-08-02 15:54:35 PulseAutoTdp: TICK-SKIP overlayShouldShow=false autoActive=false quickAccessShouldShow=false autoTdpPackage=null boundPackage=null lastForeground=null
2026-08-02 15:54:35 PulseFan: arbiter=RunCustomLoop auto=false bound=null managed=6 latched=false
2026-08-02 15:54:35 PulseDaemon: telemetry read via daemon (16 path(s))
2026-08-02 15:54:35 PulseDaemon: telemetry read via daemon (1 path(s))
# ... 5 more identical lines elided (same content, only timestamp differs) ...
2026-08-02 15:54:36 PulseDaemon: telemetry read via daemon (1 path(s))
2026-08-02 15:54:36 PulseAutoTdp: TICK-SKIP overlayShouldShow=false autoActive=false quickAccessShouldShow=false autoTdpPackage=null boundPackage=null lastForeground=null
2026-08-02 15:54:37 PulseDaemon: telemetry read via daemon (1 path(s))
# ... 6 more identical lines elided (same content, only timestamp differs) ...
2026-08-02 15:54:38 PulseDaemon: telemetry read via daemon (1 path(s))
2026-08-02 15:54:38 PulseAutoTdp: TICK-SKIP overlayShouldShow=false autoActive=false quickAccessShouldShow=false autoTdpPackage=null boundPackage=null lastForeground=null
2026-08-02 15:54:38 PulseFan: arbiter=RunCustomLoop auto=false bound=null managed=6 latched=false
2026-08-02 15:54:38 PulseDaemon: telemetry read via daemon (16 path(s))
2026-08-02 15:54:38 PulseFan: CUSTOM fan running (autoTdp=false smart=true temp=65 applied=20% target=20)
2026-08-02 15:54:38 PulseDaemon: telemetry read via daemon (1 path(s))
# ... 5 more identical lines elided (same content, only timestamp differs) ...
2026-08-02 15:54:39 PulseDaemon: telemetry read via daemon (1 path(s))
2026-08-02 15:54:39 PulseAutoTdp: TICK-SKIP overlayShouldShow=false autoActive=false quickAccessShouldShow=false autoTdpPackage=null boundPackage=null lastForeground=null
2026-08-02 15:54:39 PulseFan: arbiter=RunCustomLoop auto=false bound=null managed=6 latched=false
2026-08-02 15:54:39 PulseDaemon: telemetry read via daemon (16 path(s))
2026-08-02 15:54:39 PulseFan: CUSTOM fan running (autoTdp=false smart=true temp=65 applied=20% target=20)
2026-08-02 15:54:39 PulseDaemon: telemetry read via daemon (1 path(s))
# ... 5 more identical lines elided (same content, only timestamp differs) ...
2026-08-02 15:54:40 PulseDaemon: telemetry read via daemon (1 path(s))
2026-08-02 15:54:40 PulseAutoTdp: TICK-SKIP overlayShouldShow=false autoActive=false quickAccessShouldShow=false autoTdpPackage=null boundPackage=null lastForeground=null
2026-08-02 15:54:40 PulseFan: arbiter=RunCustomLoop auto=false bound=null managed=6 latched=false
2026-08-02 15:54:41 PulseFan: CUSTOM fan running (autoTdp=false smart=true temp=67 applied=20% target=20)
2026-08-02 15:54:41 PulseDaemon: telemetry read via daemon (1 path(s))
# ... 4 more identical lines elided (same content, only timestamp differs) ...
2026-08-02 15:54:42 PulseDaemon: telemetry read via daemon (1 path(s))
2026-08-02 15:54:42 PulseAutoTdp: TICK-SKIP overlayShouldShow=false autoActive=false quickAccessShouldShow=false autoTdpPackage=null boundPackage=null lastForeground=null
2026-08-02 15:54:42 PulseFan: arbiter=RunCustomLoop auto=false bound=null managed=6 latched=false
2026-08-02 15:54:42 PulseDaemon: telemetry read via daemon (16 path(s))
2026-08-02 15:54:42 PulseDaemon: telemetry read via daemon (1 path(s))
2026-08-02 15:54:42 PulseFan: CUSTOM fan running (autoTdp=false smart=true temp=66 applied=20% target=20)
2026-08-02 15:54:42 PulseDaemon: telemetry read via daemon (1 path(s))
# ... 5 more identical lines elided (same content, only timestamp differs) ...
2026-08-02 15:54:43 PulseDaemon: telemetry read via daemon (1 path(s))
2026-08-02 15:54:43 PulseAutoTdp: TICK-SKIP overlayShouldShow=false autoActive=false quickAccessShouldShow=false autoTdpPackage=null boundPackage=null lastForeground=null
2026-08-02 15:54:43 PulseFan: arbiter=RunCustomLoop auto=false bound=null managed=6 latched=false
2026-08-02 15:54:43 PulseDaemon: telemetry read via daemon (16 path(s))
2026-08-02 15:54:43 PulseFan: CUSTOM fan running (autoTdp=false smart=true temp=66 applied=20% target=20)
2026-08-02 15:54:44 PulseDaemon: telemetry read via daemon (1 path(s))
# ... 5 more identical lines elided (same content, only timestamp differs) ...
2026-08-02 15:54:44 PulseDaemon: telemetry read via daemon (1 path(s))
2026-08-02 15:54:45 PulseAutoTdp: TICK-SKIP overlayShouldShow=false autoActive=false quickAccessShouldShow=false autoTdpPackage=null boundPackage=null lastForeground=null
2026-08-02 15:54:45 PulseFan: arbiter=RunCustomLoop auto=false bound=null managed=6 latched=false
2026-08-02 15:54:45 PulseDaemon: telemetry read via daemon (16 path(s))
2026-08-02 15:54:45 PulseFan: CUSTOM fan running (autoTdp=false smart=true temp=65 applied=20% target=20)
2026-08-02 15:54:45 PulseDaemon: telemetry read via daemon (1 path(s))
# ... 2 more identical lines elided (same content, only timestamp differs) ...
2026-08-02 15:54:45 PulseDaemon: telemetry read via daemon (1 path(s))
2026-08-02 15:54:46 PulseAutoTdp: TICK-SKIP overlayShouldShow=false autoActive=false quickAccessShouldShow=false autoTdpPackage=null boundPackage=null lastForeground=null
2026-08-02 15:54:46 PulseFan: arbiter=RunCustomLoop auto=false bound=null managed=6 latched=false
2026-08-02 15:54:46 PulseDaemon: telemetry read via xsu fallback (16 path(s))
2026-08-02 15:54:46 PulseDaemon: telemetry read via daemon (1 path(s))
# ... 7 more identical lines elided (same content, only timestamp differs) ...
2026-08-02 15:54:47 PulseDaemon: telemetry read via daemon (1 path(s))
2026-08-02 15:54:47 PulseFan: CUSTOM fan running (autoTdp=false smart=true temp=66 applied=20% target=20)
2026-08-02 15:54:48 PulseDaemon: telemetry read via daemon (1 path(s))
# ... 5 more identical lines elided (same content, only timestamp differs) ...
2026-08-02 15:54:48 PulseDaemon: telemetry read via daemon (1 path(s))
2026-08-02 15:54:48 PulseAutoTdp: TICK-SKIP overlayShouldShow=false autoActive=false quickAccessShouldShow=false autoTdpPackage=null boundPackage=null lastForeground=null
2026-08-02 15:54:48 PulseFan: arbiter=RunCustomLoop auto=false bound=null managed=6 latched=false
2026-08-02 15:54:49 PulseFan: CUSTOM fan running (autoTdp=false smart=true temp=67 applied=20% target=20)
2026-08-02 15:54:49 PulseDaemon: telemetry read via daemon (1 path(s))
# ... 5 more identical lines elided (same content, only timestamp differs) ...
2026-08-02 15:54:50 PulseDaemon: telemetry read via daemon (1 path(s))
2026-08-02 15:54:50 PulseAutoTdp: TICK-SKIP overlayShouldShow=false autoActive=false quickAccessShouldShow=false autoTdpPackage=null boundPackage=null lastForeground=null
2026-08-02 15:54:50 PulseFan: arbiter=RunCustomLoop auto=false bound=null managed=6 latched=false
2026-08-02 15:54:50 PulseDaemon: telemetry read via daemon (16 path(s))
2026-08-02 15:54:50 PulseDaemon: telemetry read via daemon (1 path(s))
2026-08-02 15:54:50 PulseFan: CUSTOM fan running (autoTdp=false smart=true temp=67 applied=20% target=20)
2026-08-02 15:54:50 PulseDaemon: telemetry read via daemon (1 path(s))
# ... 5 more identical lines elided (same content, only timestamp differs) ...
2026-08-02 15:54:51 PulseDaemon: telemetry read via daemon (1 path(s))
2026-08-02 15:54:51 PulseAutoTdp: TICK-SKIP overlayShouldShow=false autoActive=false quickAccessShouldShow=false autoTdpPackage=null boundPackage=null lastForeground=null
2026-08-02 15:54:51 PulseFan: arbiter=RunCustomLoop auto=false bound=null managed=6 latched=false
2026-08-02 15:54:51 PulseDaemon: telemetry read via daemon (16 path(s))
2026-08-02 15:54:51 PulseFan: CUSTOM fan running (autoTdp=false smart=true temp=67 applied=20% target=20)
2026-08-02 15:54:51 PulseDaemon: telemetry read via daemon (1 path(s))
# ... 5 more identical lines elided (same content, only timestamp differs) ...
2026-08-02 15:54:52 PulseDaemon: telemetry read via daemon (1 path(s))
2026-08-02 15:54:52 PulseAutoTdp: TICK-SKIP overlayShouldShow=false autoActive=false quickAccessShouldShow=false autoTdpPackage=null boundPackage=null lastForeground=null
2026-08-02 15:54:52 PulseFan: arbiter=RunCustomLoop auto=false bound=null managed=6 latched=false
2026-08-02 15:54:53 PulseDaemon: telemetry read via daemon (16 path(s))
2026-08-02 15:54:53 PulseFan: CUSTOM fan running (autoTdp=false smart=true temp=66 applied=20% target=20)
2026-08-02 15:54:53 PulseDaemon: telemetry read via daemon (1 path(s))
# ... 5 more identical lines elided (same content, only timestamp differs) ...
2026-08-02 15:54:54 PulseDaemon: telemetry read via daemon (1 path(s))
2026-08-02 15:54:54 PulseAutoTdp: TICK-SKIP overlayShouldShow=false autoActive=false quickAccessShouldShow=false autoTdpPackage=null boundPackage=null lastForeground=null
2026-08-02 15:54:54 PulseFan: arbiter=RunCustomLoop auto=false bound=null managed=6 latched=false
2026-08-02 15:54:54 PulseDaemon: telemetry read via daemon (16 path(s))
2026-08-02 15:54:54 PulseFan: CUSTOM fan running (autoTdp=false smart=true temp=65 applied=20% target=20)
2026-08-02 15:54:54 PulseDaemon: telemetry read via daemon (1 path(s))
# ... 4 more identical lines elided (same content, only timestamp differs) ...
2026-08-02 15:54:55 PulseDaemon: telemetry read via daemon (1 path(s))
2026-08-02 15:54:55 PulseAutoTdp: TICK-SKIP overlayShouldShow=false autoActive=false quickAccessShouldShow=false autoTdpPackage=null boundPackage=null lastForeground=null
2026-08-02 15:54:55 PulseFan: arbiter=RunCustomLoop auto=false bound=null managed=6 latched=false
2026-08-02 15:54:55 PulseDaemon: telemetry read via daemon (16 path(s))
2026-08-02 15:54:55 PulseDaemon: telemetry read via daemon (1 path(s))
2026-08-02 15:54:55 PulseFan: CUSTOM fan running (autoTdp=false smart=true temp=67 applied=20% target=20)
2026-08-02 15:54:55 PulseDaemon: telemetry read via daemon (1 path(s))
# ... 4 more identical lines elided (same content, only timestamp differs) ...
2026-08-02 15:54:56 PulseDaemon: telemetry read via daemon (1 path(s))
2026-08-02 15:54:56 PulseAutoTdp: TICK-SKIP overlayShouldShow=false autoActive=false quickAccessShouldShow=false autoTdpPackage=null boundPackage=null lastForeground=null
2026-08-02 15:54:56 PulseDaemon: telemetry read via daemon (1 path(s))
2026-08-02 15:54:56 PulseDaemon: telemetry read via daemon (16 path(s))
2026-08-02 15:54:56 PulseDaemon: telemetry read via daemon (1 path(s))
# ... 6 more identical lines elided (same content, only timestamp differs) ...
2026-08-02 15:54:57 PulseDaemon: telemetry read via daemon (1 path(s))
2026-08-02 15:54:57 PulseAutoTdp: TICK-SKIP overlayShouldShow=false autoActive=false quickAccessShouldShow=false autoTdpPackage=null boundPackage=null lastForeground=null
2026-08-02 15:54:57 PulseFan: arbiter=RunCustomLoop auto=false bound=null managed=6 latched=false
2026-08-02 15:54:58 PulseDaemon: telemetry read via daemon (16 path(s))
2026-08-02 15:54:58 PulseFan: CUSTOM fan running (autoTdp=false smart=true temp=65 applied=20% target=20)
2026-08-02 15:54:58 PulseDaemon: telemetry read via daemon (1 path(s))
# ... 5 more identical lines elided (same content, only timestamp differs) ...
2026-08-02 15:54:59 PulseDaemon: telemetry read via daemon (1 path(s))
2026-08-02 15:54:59 PulseAutoTdp: TICK-SKIP overlayShouldShow=false autoActive=false quickAccessShouldShow=false autoTdpPackage=null boundPackage=null lastForeground=null
2026-08-02 15:54:59 PulseFan: arbiter=RunCustomLoop auto=false bound=null managed=6 latched=false
2026-08-02 15:54:59 PulseDaemon: telemetry read via xsu fallback (16 path(s))
2026-08-02 15:54:59 PulseDaemon: telemetry read via daemon (1 path(s))
# ... 8 more identical lines elided (same content, only timestamp differs) ...
2026-08-02 15:55:00 PulseDaemon: telemetry read via daemon (1 path(s))
2026-08-02 15:55:00 PulseFan: CUSTOM fan running (autoTdp=false smart=true temp=66 applied=20% target=20)
2026-08-02 15:55:00 PulseDaemon: telemetry read via daemon (1 path(s))
# ... 5 more identical lines elided (same content, only timestamp differs) ...
2026-08-02 15:55:01 PulseDaemon: telemetry read via daemon (1 path(s))
2026-08-02 15:55:01 PulseAutoTdp: TICK-SKIP overlayShouldShow=false autoActive=false quickAccessShouldShow=false autoTdpPackage=null boundPackage=null lastForeground=null
2026-08-02 15:55:01 PulseFan: arbiter=RunCustomLoop auto=false bound=null managed=6 latched=false
2026-08-02 15:55:01 PulseDaemon: telemetry read via xsu fallback (16 path(s))
2026-08-02 15:55:01 PulseDaemon: telemetry read via daemon (1 path(s))
# ... 9 more identical lines elided (same content, only timestamp differs) ...
2026-08-02 15:55:03 PulseDaemon: telemetry read via daemon (1 path(s))
2026-08-02 15:55:03 PulseFan: CUSTOM fan running (autoTdp=false smart=true temp=65 applied=20% target=20)
2026-08-02 15:55:03 PulseDaemon: telemetry read via daemon (1 path(s))
# ... 5 more identical lines elided (same content, only timestamp differs) ...
2026-08-02 15:55:04 PulseDaemon: telemetry read via daemon (1 path(s))
2026-08-02 15:55:04 PulseAutoTdp: TICK-SKIP overlayShouldShow=false autoActive=false quickAccessShouldShow=false autoTdpPackage=null boundPackage=null lastForeground=null
2026-08-02 15:55:04 PulseDaemon: telemetry read via daemon (16 path(s))
2026-08-02 15:55:04 PulseFan: CUSTOM fan running (autoTdp=false smart=true temp=65 applied=20% target=20)
2026-08-02 15:55:05 PulseDaemon: telemetry read via daemon (1 path(s))
# ... 5 more identical lines elided (same content, only timestamp differs) ...
2026-08-02 15:55:05 PulseDaemon: telemetry read via daemon (1 path(s))
2026-08-02 15:55:05 PulseAutoTdp: TICK-SKIP overlayShouldShow=false autoActive=false quickAccessShouldShow=false autoTdpPackage=null boundPackage=null lastForeground=null
2026-08-02 15:55:05 PulseFan: arbiter=RunCustomLoop auto=false bound=null managed=6 latched=false
2026-08-02 15:55:06 PulseDaemon: telemetry read via daemon (16 path(s))
2026-08-02 15:55:06 PulseFan: CUSTOM fan running (autoTdp=false smart=true temp=64 applied=20% target=20)
2026-08-02 15:55:06 PulseDaemon: telemetry read via daemon (1 path(s))
# ... 4 more identical lines elided (same content, only timestamp differs) ...
2026-08-02 15:55:07 PulseDaemon: telemetry read via daemon (1 path(s))
2026-08-02 15:55:07 PulseAutoTdp: TICK-SKIP overlayShouldShow=false autoActive=false quickAccessShouldShow=false autoTdpPackage=null boundPackage=null lastForeground=null
2026-08-02 15:55:07 PulseDaemon: telemetry read via xsu fallback (16 path(s))
2026-08-02 15:55:07 PulseDaemon: telemetry read via xsu fallback (1 path(s))
2026-08-02 15:55:07 PulseDaemon: telemetry read via daemon (1 path(s))
# ... 6 more identical lines elided (same content, only timestamp differs) ...
2026-08-02 15:55:08 PulseDaemon: telemetry read via daemon (1 path(s))
2026-08-02 15:55:08 PulseFan: CUSTOM fan running (autoTdp=false smart=true temp=64 applied=20% target=20)
2026-08-02 15:55:09 PulseDaemon: telemetry read via xsu fallback (1 path(s))
2026-08-02 15:55:09 PulseDaemon: telemetry read via xsu fallback (1 path(s))
2026-08-02 15:55:09 PulseAutoTdp: TICK-SKIP overlayShouldShow=false autoActive=false quickAccessShouldShow=false autoTdpPackage=null boundPackage=null lastForeground=null
2026-08-02 15:55:10 PulseFan: arbiter=RunCustomLoop auto=false bound=null managed=6 latched=false
2026-08-02 15:55:10 PulseDaemon: telemetry read via daemon (16 path(s))
2026-08-02 15:55:10 PulseFan: CUSTOM fan running (autoTdp=false smart=true temp=64 applied=20% target=20)
2026-08-02 15:55:10 PulseDaemon: telemetry read via daemon (1 path(s))
# ... 4 more identical lines elided (same content, only timestamp differs) ...
2026-08-02 15:55:11 PulseDaemon: telemetry read via daemon (1 path(s))
2026-08-02 15:55:11 PulseAutoTdp: TICK-SKIP overlayShouldShow=false autoActive=false quickAccessShouldShow=false autoTdpPackage=null boundPackage=null lastForeground=null
2026-08-02 15:55:11 PulseDaemon: telemetry read via daemon (1 path(s))
2026-08-02 15:55:11 PulseDaemon: telemetry read via daemon (16 path(s))
2026-08-02 15:55:11 PulseDaemon: telemetry read via daemon (1 path(s))
2026-08-02 15:55:11 PulseFan: CUSTOM fan running (autoTdp=false smart=true temp=64 applied=20% target=20)
2026-08-02 15:55:11 PulseDaemon: telemetry read via daemon (1 path(s))
# ... 5 more identical lines elided (same content, only timestamp differs) ...
2026-08-02 15:55:12 PulseDaemon: telemetry read via daemon (1 path(s))
2026-08-02 15:55:12 PulseAutoTdp: TICK-SKIP overlayShouldShow=false autoActive=false quickAccessShouldShow=false autoTdpPackage=null boundPackage=null lastForeground=null
2026-08-02 15:55:12 PulseFan: arbiter=RunCustomLoop auto=false bound=null managed=6 latched=false
2026-08-02 15:55:12 PulseDaemon: telemetry read via daemon (16 path(s))
2026-08-02 15:55:13 PulseFan: CUSTOM fan running (autoTdp=false smart=true temp=64 applied=20% target=20)
2026-08-02 15:55:13 PulseDaemon: telemetry read via daemon (1 path(s))
# ... 5 more identical lines elided (same content, only timestamp differs) ...
2026-08-02 15:55:14 PulseDaemon: telemetry read via daemon (1 path(s))
2026-08-02 15:55:14 PulseAutoTdp: TICK-SKIP overlayShouldShow=false autoActive=false quickAccessShouldShow=false autoTdpPackage=null boundPackage=null lastForeground=null
2026-08-02 15:55:14 PulseFan: arbiter=RunCustomLoop auto=false bound=null managed=6 latched=false
2026-08-02 15:55:14 PulseDaemon: telemetry read via daemon (16 path(s))
2026-08-02 15:55:14 PulseFan: CUSTOM fan running (autoTdp=false smart=true temp=63 applied=20% target=20)
2026-08-02 15:55:14 PulseDaemon: telemetry read via daemon (1 path(s))
# ... 5 more identical lines elided (same content, only timestamp differs) ...
2026-08-02 15:55:15 PulseDaemon: telemetry read via daemon (1 path(s))
2026-08-02 15:55:15 PulseAutoTdp: TICK-SKIP overlayShouldShow=false autoActive=false quickAccessShouldShow=false autoTdpPackage=null boundPackage=null lastForeground=null
2026-08-02 15:55:15 PulseFan: arbiter=RunCustomLoop auto=false bound=null managed=6 latched=false
2026-08-02 15:55:15 PulseDaemon: telemetry read via daemon (16 path(s))
2026-08-02 15:55:15 PulseDaemon: telemetry read via daemon (1 path(s))
2026-08-02 15:55:15 PulseFan: CUSTOM fan running (autoTdp=false smart=true temp=63 applied=20% target=20)
2026-08-02 15:55:16 PulseDaemon: telemetry read via xsu fallback (1 path(s))
2026-08-02 15:55:16 PulseAutoTdp: TICK-SKIP overlayShouldShow=false autoActive=false quickAccessShouldShow=false autoTdpPackage=null boundPackage=null lastForeground=null
2026-08-02 15:55:17 PulseFan: arbiter=RunCustomLoop auto=false bound=null managed=6 latched=false
2026-08-02 15:55:17 PulseDaemon: telemetry read via daemon (16 path(s))
2026-08-02 15:55:17 PulseFan: CUSTOM fan running (autoTdp=false smart=true temp=63 applied=20% target=20)
2026-08-02 15:55:17 PulseDaemon: telemetry read via daemon (1 path(s))
# ... 5 more identical lines elided (same content, only timestamp differs) ...
2026-08-02 15:55:18 PulseDaemon: telemetry read via daemon (1 path(s))
2026-08-02 15:55:18 PulseAutoTdp: TICK-SKIP overlayShouldShow=false autoActive=false quickAccessShouldShow=false autoTdpPackage=null boundPackage=null lastForeground=null
2026-08-02 15:55:18 PulseFan: arbiter=RunCustomLoop auto=false bound=null managed=6 latched=false
2026-08-02 15:55:18 PulseDaemon: telemetry read via daemon (16 path(s))
2026-08-02 15:55:18 PulseFan: CUSTOM fan running (autoTdp=false smart=true temp=63 applied=20% target=20)
2026-08-02 15:55:18 PulseDaemon: telemetry read via daemon (1 path(s))
# ... 5 more identical lines elided (same content, only timestamp differs) ...
2026-08-02 15:55:19 PulseDaemon: telemetry read via daemon (1 path(s))
2026-08-02 15:55:19 PulseAutoTdp: TICK-SKIP overlayShouldShow=false autoActive=false quickAccessShouldShow=false autoTdpPackage=null boundPackage=null lastForeground=null
2026-08-02 15:55:19 PulseFan: arbiter=RunCustomLoop auto=false bound=null managed=6 latched=false
2026-08-02 15:55:20 PulseDaemon: telemetry read via daemon (16 path(s))
2026-08-02 15:55:20 PulseDaemon: telemetry read via daemon (1 path(s))
2026-08-02 15:55:20 PulseFan: CUSTOM fan running (autoTdp=false smart=true temp=63 applied=20% target=20)
2026-08-02 15:55:20 PulseDaemon: telemetry read via daemon (1 path(s))
# ... 4 more identical lines elided (same content, only timestamp differs) ...
2026-08-02 15:55:21 PulseDaemon: telemetry read via daemon (1 path(s))
2026-08-02 15:55:21 PulseAutoTdp: TICK-SKIP overlayShouldShow=false autoActive=false quickAccessShouldShow=false autoTdpPackage=null boundPackage=null lastForeground=null
2026-08-02 15:55:21 PulseDaemon: telemetry read via daemon (16 path(s))
2026-08-02 15:55:21 PulseFan: CUSTOM fan running (autoTdp=false smart=true temp=63 applied=20% target=20)
2026-08-02 15:55:21 PulseDaemon: telemetry read via daemon (1 path(s))
# ... 5 more identical lines elided (same content, only timestamp differs) ...
2026-08-02 15:55:22 PulseDaemon: telemetry read via daemon (1 path(s))
2026-08-02 15:55:22 PulseAutoTdp: TICK-SKIP overlayShouldShow=false autoActive=false quickAccessShouldShow=false autoTdpPackage=null boundPackage=null lastForeground=null
2026-08-02 15:55:22 PulseFan: arbiter=RunCustomLoop auto=false bound=null managed=6 latched=false
2026-08-02 15:55:23 PulseDaemon: telemetry read via daemon (16 path(s))
2026-08-02 15:55:23 PulseFan: CUSTOM fan running (autoTdp=false smart=true temp=64 applied=20% target=20)
2026-08-02 15:55:23 PulseDaemon: telemetry read via daemon (1 path(s))
# ... 5 more identical lines elided (same content, only timestamp differs) ...
2026-08-02 15:55:24 PulseDaemon: telemetry read via daemon (1 path(s))
2026-08-02 15:55:24 PulseAutoTdp: TICK-SKIP overlayShouldShow=false autoActive=false quickAccessShouldShow=false autoTdpPackage=null boundPackage=null lastForeground=null
2026-08-02 15:55:24 PulseFan: arbiter=RunCustomLoop auto=false bound=null managed=6 latched=false
2026-08-02 15:55:24 PulseDaemon: telemetry read via xsu fallback (1 path(s))
2026-08-02 15:55:24 PulseDaemon: telemetry read via daemon (1 path(s))
# ... 7 more identical lines elided (same content, only timestamp differs) ...
2026-08-02 15:55:25 PulseDaemon: telemetry read via daemon (1 path(s))
2026-08-02 15:55:25 PulseFan: CUSTOM fan running (autoTdp=false smart=true temp=64 applied=20% target=20)
2026-08-02 15:55:26 PulseDaemon: telemetry read via daemon (1 path(s))
# ... 5 more identical lines elided (same content, only timestamp differs) ...
2026-08-02 15:55:26 PulseDaemon: telemetry read via daemon (1 path(s))
2026-08-02 15:55:26 PulseAutoTdp: TICK-SKIP overlayShouldShow=false autoActive=false quickAccessShouldShow=false autoTdpPackage=null boundPackage=null lastForeground=null
2026-08-02 15:55:27 PulseDaemon: telemetry read via daemon (1 path(s))
2026-08-02 15:55:27 PulseDaemon: telemetry read via daemon (16 path(s))
2026-08-02 15:55:27 PulseFan: CUSTOM fan running (autoTdp=false smart=true temp=64 applied=20% target=20)
2026-08-02 15:55:27 PulseDaemon: telemetry read via daemon (1 path(s))
# ... 5 more identical lines elided (same content, only timestamp differs) ...
2026-08-02 15:55:28 PulseDaemon: telemetry read via daemon (1 path(s))
2026-08-02 15:55:28 PulseAutoTdp: TICK-SKIP overlayShouldShow=false autoActive=false quickAccessShouldShow=false autoTdpPackage=null boundPackage=null lastForeground=null
2026-08-02 15:55:28 PulseFan: arbiter=RunCustomLoop auto=false bound=null managed=6 latched=false
2026-08-02 15:55:28 PulseDaemon: telemetry read via daemon (16 path(s))
2026-08-02 15:55:28 PulseDaemon: telemetry read via daemon (1 path(s))
2026-08-02 15:55:28 PulseFan: CUSTOM fan running (autoTdp=false smart=true temp=64 applied=20% target=20)
2026-08-02 15:55:29 PulseDaemon: telemetry read via daemon (1 path(s))
# ... 5 more identical lines elided (same content, only timestamp differs) ...
2026-08-02 15:55:29 PulseDaemon: telemetry read via daemon (1 path(s))
2026-08-02 15:55:30 PulseAutoTdp: TICK-SKIP overlayShouldShow=false autoActive=false quickAccessShouldShow=false autoTdpPackage=null boundPackage=null lastForeground=null
2026-08-02 15:55:30 PulseFan: arbiter=RunCustomLoop auto=false bound=null managed=6 latched=false
2026-08-02 15:55:30 PulseDaemon: telemetry read via xsu fallback (1 path(s))
2026-08-02 15:55:30 PulseDaemon: telemetry read via daemon (1 path(s))
# ... 7 more identical lines elided (same content, only timestamp differs) ...
2026-08-02 15:55:31 PulseDaemon: telemetry read via daemon (1 path(s))
2026-08-02 15:55:31 PulseFan: CUSTOM fan running (autoTdp=false smart=true temp=64 applied=20% target=20)
2026-08-02 15:55:31 PulseDaemon: telemetry read via daemon (1 path(s))
# ... 5 more identical lines elided (same content, only timestamp differs) ...
2026-08-02 15:55:32 PulseDaemon: telemetry read via daemon (1 path(s))
2026-08-02 15:55:32 PulseAutoTdp: TICK-SKIP overlayShouldShow=false autoActive=false quickAccessShouldShow=false autoTdpPackage=null boundPackage=null lastForeground=null
2026-08-02 15:55:32 PulseFan: arbiter=RunCustomLoop auto=false bound=null managed=6 latched=false
2026-08-02 15:55:33 PulseDaemon: telemetry read via daemon (16 path(s))
2026-08-02 15:55:33 PulseDaemon: telemetry read via daemon (1 path(s))
2026-08-02 15:55:33 PulseFan: CUSTOM fan running (autoTdp=false smart=true temp=64 applied=20% target=20)
2026-08-02 15:55:33 PulseDaemon: telemetry read via daemon (1 path(s))
# ... 5 more identical lines elided (same content, only timestamp differs) ...
2026-08-02 15:55:34 PulseDaemon: telemetry read via daemon (1 path(s))
2026-08-02 15:55:34 PulseAutoTdp: TICK-SKIP overlayShouldShow=false autoActive=false quickAccessShouldShow=false autoTdpPackage=null boundPackage=null lastForeground=null
2026-08-02 15:55:34 PulseFan: arbiter=RunCustomLoop auto=false bound=null managed=6 latched=false
2026-08-02 15:55:34 PulseDaemon: telemetry read via xsu fallback (16 path(s))
2026-08-02 15:55:34 PulseDaemon: telemetry read via daemon (1 path(s))
# ... 6 more identical lines elided (same content, only timestamp differs) ...
2026-08-02 15:55:36 PulseDaemon: telemetry read via daemon (1 path(s))
2026-08-02 15:55:36 PulseFan: CUSTOM fan running (autoTdp=false smart=true temp=64 applied=20% target=20)
2026-08-02 15:55:36 PulseDaemon: telemetry read via xsu fallback (1 path(s))
2026-08-02 15:55:36 PulseDaemon: telemetry read via daemon (1 path(s))
# ... 4 more identical lines elided (same content, only timestamp differs) ...
2026-08-02 15:55:37 PulseDaemon: telemetry read via daemon (1 path(s))
2026-08-02 15:55:37 PulseAutoTdp: TICK-SKIP overlayShouldShow=false autoActive=false quickAccessShouldShow=false autoTdpPackage=null boundPackage=null lastForeground=null
2026-08-02 15:55:37 PulseFan: arbiter=RunCustomLoop auto=false bound=null managed=6 latched=false
2026-08-02 15:55:37 PulseDaemon: telemetry read via daemon (1 path(s))
# ... 6 more identical lines elided (same content, only timestamp differs) ...
2026-08-02 15:55:38 PulseDaemon: telemetry read via daemon (1 path(s))
2026-08-02 15:55:38 PulseAutoTdp: TICK-SKIP overlayShouldShow=false autoActive=false quickAccessShouldShow=false autoTdpPackage=null boundPackage=null lastForeground=null
2026-08-02 15:55:38 PulseFan: arbiter=RunCustomLoop auto=false bound=null managed=6 latched=false
2026-08-02 15:55:38 PulseDaemon: telemetry read via daemon (16 path(s))
2026-08-02 15:55:38 PulseFan: CUSTOM fan running (autoTdp=false smart=true temp=64 applied=20% target=20)
2026-08-02 15:55:39 PulseDaemon: telemetry read via daemon (1 path(s))
# ... 5 more identical lines elided (same content, only timestamp differs) ...
2026-08-02 15:55:39 PulseDaemon: telemetry read via daemon (1 path(s))
2026-08-02 15:55:39 PulseAutoTdp: TICK-SKIP overlayShouldShow=false autoActive=false quickAccessShouldShow=false autoTdpPackage=null boundPackage=null lastForeground=null
2026-08-02 15:55:39 PulseFan: arbiter=RunCustomLoop auto=false bound=null managed=6 latched=false
2026-08-02 15:55:40 PulseDaemon: telemetry read via xsu fallback (1 path(s))
2026-08-02 15:55:40 PulseFan: CUSTOM fan running (autoTdp=false smart=true temp=64 applied=20% target=20)
2026-08-02 15:55:40 PulseDaemon: telemetry read via daemon (1 path(s))
# ... 4 more identical lines elided (same content, only timestamp differs) ...
2026-08-02 15:55:41 PulseDaemon: telemetry read via daemon (1 path(s))
2026-08-02 15:55:41 PulseAutoTdp: TICK-SKIP overlayShouldShow=false autoActive=false quickAccessShouldShow=false autoTdpPackage=null boundPackage=null lastForeground=null
2026-08-02 15:55:41 PulseFan: arbiter=RunCustomLoop auto=false bound=null managed=6 latched=false
2026-08-02 15:55:41 PulseDaemon: telemetry read via daemon (16 path(s))
2026-08-02 15:55:41 PulseFan: CUSTOM fan running (autoTdp=false smart=true temp=64 applied=20% target=20)
2026-08-02 15:55:41 PulseDaemon: telemetry read via daemon (1 path(s))
# ... 5 more identical lines elided (same content, only timestamp differs) ...
2026-08-02 15:55:42 PulseDaemon: telemetry read via daemon (1 path(s))
2026-08-02 15:55:42 PulseAutoTdp: TICK-SKIP overlayShouldShow=false autoActive=false quickAccessShouldShow=false autoTdpPackage=null boundPackage=null lastForeground=null
2026-08-02 15:55:42 PulseFan: arbiter=RunCustomLoop auto=false bound=null managed=6 latched=false
2026-08-02 15:55:42 PulseDaemon: telemetry read via daemon (16 path(s))
2026-08-02 15:55:42 PulseFan: CUSTOM fan running (autoTdp=false smart=true temp=64 applied=20% target=20)
2026-08-02 15:55:42 PulseDaemon: telemetry read via daemon (1 path(s))
# ... 5 more identical lines elided (same content, only timestamp differs) ...
2026-08-02 15:55:43 PulseDaemon: telemetry read via daemon (1 path(s))
2026-08-02 15:55:43 PulseAutoTdp: TICK-SKIP overlayShouldShow=false autoActive=false quickAccessShouldShow=false autoTdpPackage=null boundPackage=null lastForeground=null
2026-08-02 15:55:44 PulseDaemon: telemetry read via daemon (16 path(s))
2026-08-02 15:55:44 PulseFan: CUSTOM fan running (autoTdp=false smart=true temp=63 applied=20% target=20)
2026-08-02 15:55:44 PulseDaemon: telemetry read via daemon (1 path(s))
# ... 5 more identical lines elided (same content, only timestamp differs) ...
2026-08-02 15:55:45 PulseDaemon: telemetry read via daemon (1 path(s))
2026-08-02 15:55:45 PulseAutoTdp: TICK-SKIP overlayShouldShow=false autoActive=false quickAccessShouldShow=false autoTdpPackage=null boundPackage=null lastForeground=null
2026-08-02 15:55:45 PulseDaemon: telemetry read via daemon (16 path(s))
2026-08-02 15:55:45 PulseFan: CUSTOM fan running (autoTdp=false smart=true temp=63 applied=20% target=20)
2026-08-02 15:55:45 PulseDaemon: telemetry read via daemon (1 path(s))
# ... 5 more identical lines elided (same content, only timestamp differs) ...
2026-08-02 15:55:46 PulseDaemon: telemetry read via daemon (1 path(s))
2026-08-02 15:55:46 PulseAutoTdp: TICK-SKIP overlayShouldShow=false autoActive=false quickAccessShouldShow=false autoTdpPackage=null boundPackage=null lastForeground=null
2026-08-02 15:55:46 PulseFan: arbiter=RunCustomLoop auto=false bound=null managed=6 latched=false
2026-08-02 15:55:46 PulseDaemon: telemetry read via daemon (16 path(s))
2026-08-02 15:55:46 PulseFan: CUSTOM fan running (autoTdp=false smart=true temp=63 applied=20% target=20)
2026-08-02 15:55:46 PulseDaemon: telemetry read via daemon (1 path(s))
# ... 5 more identical lines elided (same content, only timestamp differs) ...
2026-08-02 15:55:47 PulseDaemon: telemetry read via daemon (1 path(s))
2026-08-02 15:55:47 PulseAutoTdp: TICK-SKIP overlayShouldShow=false autoActive=false quickAccessShouldShow=false autoTdpPackage=null boundPackage=null lastForeground=null
2026-08-02 15:55:47 PulseFan: arbiter=RunCustomLoop auto=false bound=null managed=6 latched=false
2026-08-02 15:55:48 PulseDaemon: telemetry read via daemon (16 path(s))
2026-08-02 15:55:48 PulseDaemon: telemetry read via daemon (1 path(s))
2026-08-02 15:55:48 PulseFan: CUSTOM fan running (autoTdp=false smart=true temp=63 applied=20% target=20)
2026-08-02 15:55:48 PulseDaemon: telemetry read via daemon (1 path(s))
# ... 5 more identical lines elided (same content, only timestamp differs) ...
2026-08-02 15:55:49 PulseDaemon: telemetry read via daemon (1 path(s))
2026-08-02 15:55:49 PulseAutoTdp: TICK-SKIP overlayShouldShow=false autoActive=false quickAccessShouldShow=false autoTdpPackage=null boundPackage=null lastForeground=null
2026-08-02 15:55:49 PulseFan: arbiter=RunCustomLoop auto=false bound=null managed=6 latched=false
2026-08-02 15:55:49 PulseDaemon: telemetry read via xsu fallback (16 path(s))
2026-08-02 15:55:49 PulseDaemon: telemetry read via daemon (1 path(s))
# ... 8 more identical lines elided (same content, only timestamp differs) ...
2026-08-02 15:55:50 PulseDaemon: telemetry read via daemon (1 path(s))
2026-08-02 15:55:50 PulseFan: CUSTOM fan running (autoTdp=false smart=true temp=63 applied=20% target=20)
2026-08-02 15:55:50 PulseDaemon: telemetry read via daemon (1 path(s))
# ... 4 more identical lines elided (same content, only timestamp differs) ...
2026-08-02 15:55:51 PulseDaemon: telemetry read via daemon (1 path(s))
2026-08-02 15:55:51 PulseAutoTdp: TICK-SKIP overlayShouldShow=false autoActive=false quickAccessShouldShow=false autoTdpPackage=null boundPackage=null lastForeground=null
2026-08-02 15:55:51 PulseFan: arbiter=RunCustomLoop auto=false bound=null managed=6 latched=false
2026-08-02 15:55:51 PulseDaemon: telemetry read via xsu fallback (1 path(s))
2026-08-02 15:55:51 PulseDaemon: telemetry read via daemon (1 path(s))
# ... 9 more identical lines elided (same content, only timestamp differs) ...
2026-08-02 15:55:53 PulseDaemon: telemetry read via daemon (1 path(s))
2026-08-02 15:55:53 PulseFan: CUSTOM fan running (autoTdp=false smart=true temp=63 applied=20% target=20)
2026-08-02 15:55:53 PulseDaemon: telemetry read via daemon (1 path(s))
# ... 6 more identical lines elided (same content, only timestamp differs) ...
2026-08-02 15:55:54 PulseDaemon: telemetry read via daemon (1 path(s))
2026-08-02 15:55:54 PulseAutoTdp: TICK-SKIP overlayShouldShow=false autoActive=false quickAccessShouldShow=false autoTdpPackage=null boundPackage=null lastForeground=null
2026-08-02 15:55:54 PulseFan: arbiter=RunCustomLoop auto=false bound=null managed=6 latched=false
2026-08-02 15:55:54 PulseDaemon: telemetry read via daemon (16 path(s))
2026-08-02 15:55:54 PulseDaemon: telemetry read via daemon (1 path(s))
2026-08-02 15:55:54 PulseFan: CUSTOM fan running (autoTdp=false smart=true temp=63 applied=20% target=20)
2026-08-02 15:55:54 PulseDaemon: telemetry read via daemon (1 path(s))
# ... 5 more identical lines elided (same content, only timestamp differs) ...
2026-08-02 15:55:55 PulseDaemon: telemetry read via daemon (1 path(s))
2026-08-02 15:55:55 PulseAutoTdp: TICK-SKIP overlayShouldShow=false autoActive=false quickAccessShouldShow=false autoTdpPackage=null boundPackage=null lastForeground=null
2026-08-02 15:55:55 PulseFan: arbiter=RunCustomLoop auto=false bound=null managed=6 latched=false
2026-08-02 15:55:56 PulseDaemon: telemetry read via daemon (16 path(s))
2026-08-02 15:55:56 PulseFan: CUSTOM fan running (autoTdp=false smart=true temp=63 applied=20% target=20)
2026-08-02 15:55:56 PulseDaemon: telemetry read via daemon (1 path(s))
# ... 5 more identical lines elided (same content, only timestamp differs) ...
2026-08-02 15:55:57 PulseDaemon: telemetry read via daemon (1 path(s))
2026-08-02 15:55:57 PulseAutoTdp: TICK-SKIP overlayShouldShow=false autoActive=false quickAccessShouldShow=false autoTdpPackage=null boundPackage=null lastForeground=null
2026-08-02 15:55:57 PulseFan: arbiter=RunCustomLoop auto=false bound=null managed=6 latched=false
2026-08-02 15:55:57 PulseDaemon: telemetry read via daemon (16 path(s))
2026-08-02 15:55:57 PulseFan: CUSTOM fan running (autoTdp=false smart=true temp=63 applied=20% target=20)
2026-08-02 15:55:57 PulseDaemon: telemetry read via daemon (1 path(s))
# ... 5 more identical lines elided (same content, only timestamp differs) ...
2026-08-02 15:55:58 PulseDaemon: telemetry read via daemon (1 path(s))
2026-08-02 15:55:58 PulseAutoTdp: TICK-SKIP overlayShouldShow=false autoActive=false quickAccessShouldShow=false autoTdpPackage=null boundPackage=null lastForeground=null
2026-08-02 15:55:58 PulseFan: arbiter=RunCustomLoop auto=false bound=null managed=6 latched=false
2026-08-02 15:55:58 PulseDaemon: telemetry read via xsu fallback (16 path(s))
2026-08-02 15:55:58 PulseDaemon: telemetry read via daemon (1 path(s))
# ... 9 more identical lines elided (same content, only timestamp differs) ...
2026-08-02 15:55:59 PulseDaemon: telemetry read via daemon (1 path(s))
2026-08-02 15:56:00 PulseFan: CUSTOM fan running (autoTdp=false smart=true temp=63 applied=20% target=20)
2026-08-02 15:56:00 PulseDaemon: telemetry read via daemon (1 path(s))
# ... 4 more identical lines elided (same content, only timestamp differs) ...
2026-08-02 15:56:00 PulseDaemon: telemetry read via daemon (1 path(s))
2026-08-02 15:56:01 PulseAutoTdp: TICK-SKIP overlayShouldShow=false autoActive=false quickAccessShouldShow=false autoTdpPackage=null boundPackage=null lastForeground=null
2026-08-02 15:56:01 PulseDaemon: telemetry read via daemon (1 path(s))
2026-08-02 15:56:01 PulseDaemon: telemetry read via daemon (16 path(s))
2026-08-02 15:56:01 PulseFan: CUSTOM fan running (autoTdp=false smart=true temp=63 applied=20% target=20)
2026-08-02 15:56:01 PulseDaemon: telemetry read via daemon (1 path(s))
# ... 5 more identical lines elided (same content, only timestamp differs) ...
2026-08-02 15:56:02 PulseDaemon: telemetry read via daemon (1 path(s))
2026-08-02 15:56:02 PulseAutoTdp: TICK-SKIP overlayShouldShow=false autoActive=false quickAccessShouldShow=false autoTdpPackage=null boundPackage=null lastForeground=null
2026-08-02 15:56:02 PulseFan: arbiter=RunCustomLoop auto=false bound=null managed=6 latched=false
2026-08-02 15:56:02 PulseDaemon: telemetry read via daemon (16 path(s))
2026-08-02 15:56:02 PulseFan: CUSTOM fan running (autoTdp=false smart=true temp=62 applied=20% target=20)
2026-08-02 15:56:02 PulseDaemon: telemetry read via daemon (1 path(s))
# ... 5 more identical lines elided (same content, only timestamp differs) ...
2026-08-02 15:56:03 PulseDaemon: telemetry read via daemon (1 path(s))
2026-08-02 15:56:03 PulseAutoTdp: TICK-SKIP overlayShouldShow=false autoActive=false quickAccessShouldShow=false autoTdpPackage=null boundPackage=null lastForeground=null
2026-08-02 15:56:04 PulseDaemon: telemetry read via daemon (16 path(s))
2026-08-02 15:56:04 PulseDaemon: telemetry read via daemon (1 path(s))
2026-08-02 15:56:04 PulseFan: CUSTOM fan running (autoTdp=false smart=true temp=63 applied=20% target=20)
2026-08-02 15:56:04 PulseDaemon: telemetry read via daemon (1 path(s))
# ... 5 more identical lines elided (same content, only timestamp differs) ...
2026-08-02 15:56:05 PulseDaemon: telemetry read via daemon (1 path(s))
2026-08-02 15:56:05 PulseAutoTdp: TICK-SKIP overlayShouldShow=false autoActive=false quickAccessShouldShow=false autoTdpPackage=null boundPackage=null lastForeground=null
2026-08-02 15:56:05 PulseFan: arbiter=RunCustomLoop auto=false bound=null managed=6 latched=false
2026-08-02 15:56:05 PulseDaemon: telemetry read via daemon (16 path(s))
2026-08-02 15:56:05 PulseFan: CUSTOM fan running (autoTdp=false smart=true temp=62 applied=20% target=20)
2026-08-02 15:56:06 PulseDaemon: telemetry read via xsu fallback (1 path(s))
2026-08-02 15:56:06 PulseAutoTdp: TICK-SKIP overlayShouldShow=false autoActive=false quickAccessShouldShow=false autoTdpPackage=null boundPackage=null lastForeground=null
2026-08-02 15:56:06 PulseFan: arbiter=RunCustomLoop auto=false bound=null managed=6 latched=false
2026-08-02 15:56:07 PulseDaemon: telemetry read via xsu fallback (16 path(s))
2026-08-02 15:56:07 PulseDaemon: telemetry read via daemon (1 path(s))
# ... 15 more identical lines elided (same content, only timestamp differs) ...
2026-08-02 15:56:09 PulseDaemon: telemetry read via daemon (1 path(s))
2026-08-02 15:56:09 PulseAutoTdp: TICK-SKIP overlayShouldShow=false autoActive=false quickAccessShouldShow=false autoTdpPackage=null boundPackage=null lastForeground=null
2026-08-02 15:56:09 PulseDaemon: telemetry read via daemon (16 path(s))
2026-08-02 15:56:09 PulseFan: CUSTOM fan running (autoTdp=false smart=true temp=62 applied=20% target=20)
2026-08-02 15:56:10 PulseDaemon: telemetry read via daemon (1 path(s))
# ... 5 more identical lines elided (same content, only timestamp differs) ...
2026-08-02 15:56:10 PulseDaemon: telemetry read via daemon (1 path(s))
2026-08-02 15:56:10 PulseAutoTdp: TICK-SKIP overlayShouldShow=false autoActive=false quickAccessShouldShow=false autoTdpPackage=null boundPackage=null lastForeground=null
2026-08-02 15:56:11 PulseFan: arbiter=RunCustomLoop auto=false bound=null managed=6 latched=false
2026-08-02 15:56:11 PulseFan: CUSTOM fan running (autoTdp=false smart=true temp=62 applied=20% target=20)
2026-08-02 15:56:11 PulseDaemon: telemetry read via daemon (1 path(s))
# ... 5 more identical lines elided (same content, only timestamp differs) ...
2026-08-02 15:56:12 PulseDaemon: telemetry read via daemon (1 path(s))
2026-08-02 15:56:12 PulseAutoTdp: TICK-SKIP overlayShouldShow=false autoActive=false quickAccessShouldShow=false autoTdpPackage=null boundPackage=null lastForeground=null
2026-08-02 15:56:12 PulseFan: arbiter=RunCustomLoop auto=false bound=null managed=6 latched=false
2026-08-02 15:56:12 PulseDaemon: telemetry read via daemon (16 path(s))
2026-08-02 15:56:12 PulseFan: CUSTOM fan running (autoTdp=false smart=true temp=63 applied=20% target=20)
2026-08-02 15:56:12 PulseDaemon: telemetry read via daemon (1 path(s))
# ... 5 more identical lines elided (same content, only timestamp differs) ...
2026-08-02 15:56:13 PulseDaemon: telemetry read via daemon (1 path(s))
2026-08-02 15:56:13 PulseAutoTdp: TICK-SKIP overlayShouldShow=false autoActive=false quickAccessShouldShow=false autoTdpPackage=null boundPackage=null lastForeground=null
2026-08-02 15:56:13 PulseFan: arbiter=RunCustomLoop auto=false bound=null managed=6 latched=false
2026-08-02 15:56:13 PulseDaemon: telemetry read via daemon (16 path(s))
2026-08-02 15:56:13 PulseDaemon: telemetry read via daemon (1 path(s))
2026-08-02 15:56:14 PulseFan: CUSTOM fan running (autoTdp=false smart=true temp=62 applied=20% target=20)
2026-08-02 15:56:14 PulseDaemon: telemetry read via daemon (1 path(s))
# ... 5 more identical lines elided (same content, only timestamp differs) ...
2026-08-02 15:56:14 PulseDaemon: telemetry read via daemon (1 path(s))
2026-08-02 15:56:15 PulseAutoTdp: TICK-SKIP overlayShouldShow=false autoActive=false quickAccessShouldShow=false autoTdpPackage=null boundPackage=null lastForeground=null
2026-08-02 15:56:15 PulseDaemon: telemetry read via daemon (1 path(s))
2026-08-02 15:56:15 PulseDaemon: telemetry read via daemon (16 path(s))
2026-08-02 15:56:15 PulseDaemon: telemetry read via daemon (1 path(s))
# ... 4 more identical lines elided (same content, only timestamp differs) ...
2026-08-02 15:56:16 PulseDaemon: telemetry read via daemon (1 path(s))
2026-08-02 15:56:16 PulseAutoTdp: TICK-SKIP overlayShouldShow=false autoActive=false quickAccessShouldShow=false autoTdpPackage=null boundPackage=null lastForeground=null
2026-08-02 15:56:16 PulseFan: arbiter=RunCustomLoop auto=false bound=null managed=6 latched=false
2026-08-02 15:56:16 PulseDaemon: telemetry read via xsu fallback (1 path(s))
2026-08-02 15:56:16 PulseDaemon: telemetry read via daemon (16 path(s))
2026-08-02 15:56:16 PulseFan: CUSTOM fan running (autoTdp=false smart=true temp=62 applied=20% target=20)
2026-08-02 15:56:16 PulseDaemon: telemetry read via daemon (1 path(s))
# ... 4 more identical lines elided (same content, only timestamp differs) ...
2026-08-02 15:56:17 PulseDaemon: telemetry read via daemon (1 path(s))
2026-08-02 15:56:17 PulseAutoTdp: TICK-SKIP overlayShouldShow=false autoActive=false quickAccessShouldShow=false autoTdpPackage=null boundPackage=null lastForeground=null
2026-08-02 15:56:17 PulseDaemon: telemetry read via daemon (1 path(s))
2026-08-02 15:56:18 PulseDaemon: telemetry read via daemon (16 path(s))
2026-08-02 15:56:18 PulseDaemon: telemetry read via daemon (1 path(s))
2026-08-02 15:56:18 PulseFan: CUSTOM fan running (autoTdp=false smart=true temp=62 applied=20% target=20)
2026-08-02 15:56:18 PulseDaemon: telemetry read via daemon (1 path(s))
# ... 5 more identical lines elided (same content, only timestamp differs) ...
2026-08-02 15:56:19 PulseDaemon: telemetry read via daemon (1 path(s))
2026-08-02 15:56:19 PulseAutoTdp: TICK-SKIP overlayShouldShow=false autoActive=false quickAccessShouldShow=false autoTdpPackage=null boundPackage=null lastForeground=null
2026-08-02 15:56:19 PulseDaemon: telemetry read via daemon (1 path(s))
2026-08-02 15:56:19 PulseFan: CUSTOM fan running (autoTdp=false smart=true temp=62 applied=20% target=20)
2026-08-02 15:56:19 PulseDaemon: telemetry read via daemon (1 path(s))
# ... 5 more identical lines elided (same content, only timestamp differs) ...
2026-08-02 15:56:20 PulseDaemon: telemetry read via daemon (1 path(s))
2026-08-02 15:56:20 PulseAutoTdp: TICK-SKIP overlayShouldShow=false autoActive=false quickAccessShouldShow=false autoTdpPackage=null boundPackage=null lastForeground=null
2026-08-02 15:56:20 PulseFan: arbiter=RunCustomLoop auto=false bound=null managed=6 latched=false
2026-08-02 15:56:20 PulseDaemon: telemetry read via daemon (16 path(s))
2026-08-02 15:56:21 PulseDaemon: telemetry read via daemon (1 path(s))
# ... 6 more identical lines elided (same content, only timestamp differs) ...
2026-08-02 15:56:22 PulseDaemon: telemetry read via daemon (1 path(s))
2026-08-02 15:56:22 PulseAutoTdp: TICK-SKIP overlayShouldShow=false autoActive=false quickAccessShouldShow=false autoTdpPackage=null boundPackage=null lastForeground=null
2026-08-02 15:56:22 PulseFan: arbiter=RunCustomLoop auto=false bound=null managed=6 latched=false
2026-08-02 15:56:22 PulseDaemon: telemetry read via xsu fallback (16 path(s))
2026-08-02 15:56:22 PulseDaemon: telemetry read via daemon (1 path(s))
# ... 15 more identical lines elided (same content, only timestamp differs) ...
2026-08-02 15:56:24 PulseDaemon: telemetry read via daemon (1 path(s))
2026-08-02 15:56:24 PulseAutoTdp: TICK-SKIP overlayShouldShow=false autoActive=false quickAccessShouldShow=false autoTdpPackage=null boundPackage=null lastForeground=null
2026-08-02 15:56:24 PulseFan: arbiter=RunCustomLoop auto=false bound=null managed=6 latched=false
2026-08-02 15:56:25 PulseDaemon: telemetry read via daemon (16 path(s))
2026-08-02 15:56:25 PulseFan: CUSTOM fan running (autoTdp=false smart=true temp=62 applied=20% target=20)
2026-08-02 15:56:25 PulseDaemon: telemetry read via xsu fallback (1 path(s))
2026-08-02 15:56:25 PulseDaemon: telemetry read via xsu fallback (1 path(s))
2026-08-02 15:56:26 PulseDaemon: telemetry read via daemon (1 path(s))
2026-08-02 15:56:26 PulseAutoTdp: TICK-SKIP overlayShouldShow=false autoActive=false quickAccessShouldShow=false autoTdpPackage=null boundPackage=null lastForeground=null
2026-08-02 15:56:26 PulseFan: arbiter=RunCustomLoop auto=false bound=null managed=6 latched=false
2026-08-02 15:56:26 PulseDaemon: telemetry read via daemon (16 path(s))
2026-08-02 15:56:26 PulseDaemon: telemetry read via xsu fallback (1 path(s))
2026-08-02 15:56:27 PulseDaemon: telemetry read via xsu fallback (1 path(s))
2026-08-02 15:56:27 PulseAutoTdp: TICK-SKIP overlayShouldShow=false autoActive=false quickAccessShouldShow=false autoTdpPackage=null boundPackage=null lastForeground=null
2026-08-02 15:56:27 PulseFan: arbiter=RunCustomLoop auto=false bound=null managed=6 latched=false
2026-08-02 15:56:27 PulseDaemon: telemetry read via xsu fallback (16 path(s))
2026-08-02 15:56:28 PulseDaemon: telemetry read via daemon (1 path(s))
# ... 7 more identical lines elided (same content, only timestamp differs) ...
2026-08-02 15:56:29 PulseDaemon: telemetry read via daemon (1 path(s))
2026-08-02 15:56:29 PulseFan: CUSTOM fan running (autoTdp=false smart=true temp=63 applied=20% target=20)
2026-08-02 15:56:30 PulseDaemon: telemetry read via xsu fallback (1 path(s))
2026-08-02 15:56:30 PulseDaemon: telemetry read via xsu fallback (1 path(s))
2026-08-02 15:56:30 PulseAutoTdp: TICK-SKIP overlayShouldShow=false autoActive=false quickAccessShouldShow=false autoTdpPackage=null boundPackage=null lastForeground=null
2026-08-02 15:56:30 PulseFan: arbiter=RunCustomLoop auto=false bound=null managed=6 latched=false
2026-08-02 15:56:30 PulseDaemon: telemetry read via daemon (16 path(s))
2026-08-02 15:56:31 PulseDaemon: telemetry read via daemon (1 path(s))
# ... 4 more identical lines elided (same content, only timestamp differs) ...
2026-08-02 15:56:31 PulseDaemon: telemetry read via daemon (1 path(s))
2026-08-02 15:56:31 PulseAutoTdp: TICK-SKIP overlayShouldShow=false autoActive=false quickAccessShouldShow=false autoTdpPackage=null boundPackage=null lastForeground=null
2026-08-02 15:56:31 PulseFan: arbiter=RunCustomLoop auto=false bound=null managed=6 latched=false
2026-08-02 15:56:32 PulseDaemon: telemetry read via daemon (16 path(s))
2026-08-02 15:56:32 PulseDaemon: telemetry read via daemon (1 path(s))
2026-08-02 15:56:32 PulseFan: CUSTOM fan running (autoTdp=false smart=true temp=64 applied=20% target=20)
2026-08-02 15:56:32 PulseDaemon: telemetry read via daemon (1 path(s))
# ... 5 more identical lines elided (same content, only timestamp differs) ...
2026-08-02 15:56:33 PulseDaemon: telemetry read via daemon (1 path(s))
2026-08-02 15:56:33 PulseAutoTdp: TICK-SKIP overlayShouldShow=false autoActive=false quickAccessShouldShow=false autoTdpPackage=null boundPackage=null lastForeground=null
2026-08-02 15:56:33 PulseFan: arbiter=RunCustomLoop auto=false bound=null managed=6 latched=false
2026-08-02 15:56:33 PulseDaemon: telemetry read via daemon (16 path(s))
2026-08-02 15:56:33 PulseDaemon: telemetry read via daemon (1 path(s))
2026-08-02 15:56:33 PulseFan: CUSTOM fan running (autoTdp=false smart=true temp=64 applied=20% target=20)
2026-08-02 15:56:33 PulseDaemon: telemetry read via daemon (1 path(s))
# ... 6 more identical lines elided (same content, only timestamp differs) ...
2026-08-02 15:56:34 PulseDaemon: telemetry read via daemon (1 path(s))
2026-08-02 15:56:34 PulseAutoTdp: TICK-SKIP overlayShouldShow=false autoActive=false quickAccessShouldShow=false autoTdpPackage=null boundPackage=null lastForeground=null
2026-08-02 15:56:34 PulseFan: arbiter=RunCustomLoop auto=false bound=null managed=6 latched=false
2026-08-02 15:56:34 PulseDaemon: telemetry read via daemon (16 path(s))
2026-08-02 15:56:34 PulseFan: CUSTOM fan running (autoTdp=false smart=true temp=64 applied=20% target=20)
2026-08-02 15:56:34 PulseDaemon: telemetry read via daemon (1 path(s))
# ... 5 more identical lines elided (same content, only timestamp differs) ...
2026-08-02 15:56:35 PulseDaemon: telemetry read via daemon (1 path(s))
2026-08-02 15:56:35 PulseAutoTdp: TICK-SKIP overlayShouldShow=false autoActive=false quickAccessShouldShow=false autoTdpPackage=null boundPackage=null lastForeground=null
2026-08-02 15:56:35 PulseFan: arbiter=RunCustomLoop auto=false bound=null managed=6 latched=false
2026-08-02 15:56:36 PulseDaemon: telemetry read via daemon (16 path(s))
2026-08-02 15:56:36 PulseDaemon: telemetry read via daemon (1 path(s))
# ... 5 more identical lines elided (same content, only timestamp differs) ...
2026-08-02 15:56:37 PulseDaemon: telemetry read via daemon (1 path(s))
2026-08-02 15:56:37 PulseAutoTdp: TICK-SKIP overlayShouldShow=false autoActive=false quickAccessShouldShow=false autoTdpPackage=null boundPackage=null lastForeground=null
2026-08-02 15:56:37 PulseFan: arbiter=RunCustomLoop auto=false bound=null managed=6 latched=false
2026-08-02 15:56:37 PulseDaemon: telemetry read via daemon (16 path(s))
2026-08-02 15:56:37 PulseDaemon: telemetry read via daemon (1 path(s))
2026-08-02 15:56:37 PulseFan: CUSTOM fan running (autoTdp=false smart=true temp=64 applied=20% target=20)
2026-08-02 15:56:37 PulseDaemon: telemetry read via daemon (1 path(s))
# ... 6 more identical lines elided (same content, only timestamp differs) ...
2026-08-02 15:56:38 PulseDaemon: telemetry read via daemon (1 path(s))
2026-08-02 15:56:38 PulseAutoTdp: TICK-SKIP overlayShouldShow=false autoActive=false quickAccessShouldShow=false autoTdpPackage=null boundPackage=null lastForeground=null
2026-08-02 15:56:38 PulseFan: arbiter=RunCustomLoop auto=false bound=null managed=6 latched=false
2026-08-02 15:56:38 PulseDaemon: telemetry read via daemon (16 path(s))
2026-08-02 15:56:38 PulseDaemon: telemetry read via daemon (1 path(s))
2026-08-02 15:56:38 PulseFan: CUSTOM fan running (autoTdp=false smart=true temp=64 applied=20% target=20)
2026-08-02 15:56:38 PulseDaemon: telemetry read via daemon (1 path(s))
# ... 5 more identical lines elided (same content, only timestamp differs) ...
2026-08-02 15:56:39 PulseDaemon: telemetry read via daemon (1 path(s))
2026-08-02 15:56:39 PulseAutoTdp: TICK-SKIP overlayShouldShow=false autoActive=false quickAccessShouldShow=false autoTdpPackage=null boundPackage=null lastForeground=null
2026-08-02 15:56:39 PulseFan: arbiter=RunCustomLoop auto=false bound=null managed=6 latched=false
2026-08-02 15:56:40 PulseDaemon: telemetry read via daemon (16 path(s))
2026-08-02 15:56:40 PulseDaemon: telemetry read via daemon (1 path(s))
# ... 5 more identical lines elided (same content, only timestamp differs) ...
2026-08-02 15:56:41 PulseDaemon: telemetry read via daemon (1 path(s))
2026-08-02 15:56:41 PulseAutoTdp: TICK-SKIP overlayShouldShow=false autoActive=false quickAccessShouldShow=false autoTdpPackage=null boundPackage=null lastForeground=null
2026-08-02 15:56:41 PulseFan: arbiter=RunCustomLoop auto=false bound=null managed=6 latched=false
2026-08-02 15:56:41 PulseDaemon: telemetry read via daemon (16 path(s))
2026-08-02 15:56:41 PulseFan: CUSTOM fan running (autoTdp=false smart=true temp=64 applied=20% target=20)
2026-08-02 15:56:41 PulseDaemon: telemetry read via daemon (1 path(s))
# ... 5 more identical lines elided (same content, only timestamp differs) ...
2026-08-02 15:56:42 PulseDaemon: telemetry read via daemon (1 path(s))
2026-08-02 15:56:42 PulseAutoTdp: TICK-SKIP overlayShouldShow=false autoActive=false quickAccessShouldShow=false autoTdpPackage=null boundPackage=null lastForeground=null
2026-08-02 15:56:42 PulseFan: arbiter=RunCustomLoop auto=false bound=null managed=6 latched=false
2026-08-02 15:56:42 PulseDaemon: telemetry read via xsu fallback (16 path(s))
2026-08-02 15:56:42 PulseDaemon: telemetry read via daemon (1 path(s))
# ... 8 more identical lines elided (same content, only timestamp differs) ...
2026-08-02 15:56:44 PulseDaemon: telemetry read via daemon (1 path(s))
2026-08-02 15:56:44 PulseFan: CUSTOM fan running (autoTdp=false smart=true temp=64 applied=20% target=20)
2026-08-02 15:56:44 PulseDaemon: telemetry read via daemon (1 path(s))
# ... 6 more identical lines elided (same content, only timestamp differs) ...
2026-08-02 15:56:45 PulseDaemon: telemetry read via daemon (1 path(s))
2026-08-02 15:56:45 PulseAutoTdp: TICK-SKIP overlayShouldShow=false autoActive=false quickAccessShouldShow=false autoTdpPackage=null boundPackage=null lastForeground=null
2026-08-02 15:56:45 PulseFan: arbiter=RunCustomLoop auto=false bound=null managed=6 latched=false
2026-08-02 15:56:45 PulseDaemon: telemetry read via daemon (16 path(s))
2026-08-02 15:56:45 PulseDaemon: telemetry read via daemon (1 path(s))
2026-08-02 15:56:45 PulseFan: CUSTOM fan running (autoTdp=false smart=true temp=65 applied=20% target=20)
2026-08-02 15:56:45 PulseDaemon: telemetry read via daemon (1 path(s))
# ... 6 more identical lines elided (same content, only timestamp differs) ...
2026-08-02 15:56:46 PulseDaemon: telemetry read via daemon (1 path(s))
2026-08-02 15:56:46 PulseFan: arbiter=RunCustomLoop auto=false bound=null managed=6 latched=false
2026-08-02 15:56:46 PulseDaemon: telemetry read via daemon (16 path(s))
2026-08-02 15:56:46 PulseDaemon: telemetry read via daemon (1 path(s))
2026-08-02 15:56:46 PulseFan: CUSTOM fan running (autoTdp=false smart=true temp=65 applied=20% target=20)
2026-08-02 15:56:47 PulseDaemon: telemetry read via daemon (1 path(s))
# ... 5 more identical lines elided (same content, only timestamp differs) ...
2026-08-02 15:56:47 PulseDaemon: telemetry read via daemon (1 path(s))
2026-08-02 15:56:47 PulseAutoTdp: TICK-SKIP overlayShouldShow=false autoActive=false quickAccessShouldShow=false autoTdpPackage=null boundPackage=null lastForeground=null
2026-08-02 15:56:47 PulseFan: arbiter=RunCustomLoop auto=false bound=null managed=6 latched=false
2026-08-02 15:56:47 PulseDaemon: telemetry read via xsu fallback (1 path(s))
2026-08-02 15:56:47 PulseDaemon: telemetry read via xsu fallback (16 path(s))
2026-08-02 15:56:48 PulseDaemon: telemetry read via daemon (1 path(s))
# ... 8 more identical lines elided (same content, only timestamp differs) ...
2026-08-02 15:56:49 PulseDaemon: telemetry read via daemon (1 path(s))
2026-08-02 15:56:49 PulseFan: CUSTOM fan running (autoTdp=false smart=true temp=65 applied=20% target=20)
2026-08-02 15:56:49 PulseDaemon: telemetry read via daemon (1 path(s))
# ... 6 more identical lines elided (same content, only timestamp differs) ...
2026-08-02 15:56:50 PulseDaemon: telemetry read via daemon (1 path(s))
2026-08-02 15:56:50 PulseAutoTdp: TICK-SKIP overlayShouldShow=false autoActive=false quickAccessShouldShow=false autoTdpPackage=null boundPackage=null lastForeground=null
2026-08-02 15:56:50 PulseFan: arbiter=RunCustomLoop auto=false bound=null managed=6 latched=false
2026-08-02 15:56:50 PulseDaemon: telemetry read via daemon (16 path(s))
2026-08-02 15:56:50 PulseDaemon: telemetry read via daemon (1 path(s))
2026-08-02 15:56:50 PulseFan: CUSTOM fan running (autoTdp=false smart=true temp=65 applied=20% target=20)
2026-08-02 15:56:50 PulseDaemon: telemetry read via daemon (1 path(s))
# ... 5 more identical lines elided (same content, only timestamp differs) ...
2026-08-02 15:56:51 PulseDaemon: telemetry read via daemon (1 path(s))
2026-08-02 15:56:51 PulseAutoTdp: TICK-SKIP overlayShouldShow=false autoActive=false quickAccessShouldShow=false autoTdpPackage=null boundPackage=null lastForeground=null
2026-08-02 15:56:52 PulseDaemon: telemetry read via daemon (1 path(s))
2026-08-02 15:56:52 PulseDaemon: telemetry read via daemon (16 path(s))
2026-08-02 15:56:52 PulseFan: CUSTOM fan running (autoTdp=false smart=true temp=65 applied=20% target=20)
2026-08-02 15:56:52 PulseDaemon: telemetry read via daemon (1 path(s))
# ... 5 more identical lines elided (same content, only timestamp differs) ...
2026-08-02 15:56:53 PulseDaemon: telemetry read via daemon (1 path(s))
2026-08-02 15:56:53 PulseAutoTdp: TICK-SKIP overlayShouldShow=false autoActive=false quickAccessShouldShow=false autoTdpPackage=null boundPackage=null lastForeground=null
2026-08-02 15:56:53 PulseFan: arbiter=RunCustomLoop auto=false bound=null managed=6 latched=false
2026-08-02 15:56:53 PulseDaemon: telemetry read via xsu fallback (16 path(s))
2026-08-02 15:56:53 PulseDaemon: telemetry read via daemon (1 path(s))
# ... 8 more identical lines elided (same content, only timestamp differs) ...
2026-08-02 15:56:54 PulseDaemon: telemetry read via daemon (1 path(s))
2026-08-02 15:56:55 PulseFan: CUSTOM fan running (autoTdp=false smart=true temp=65 applied=20% target=20)
2026-08-02 15:56:55 PulseDaemon: telemetry read via xsu fallback (1 path(s))
2026-08-02 15:56:56 PulseDaemon: telemetry read via xsu fallback (1 path(s))
2026-08-02 15:56:56 PulseAutoTdp: TICK-SKIP overlayShouldShow=false autoActive=false quickAccessShouldShow=false autoTdpPackage=null boundPackage=null lastForeground=null
2026-08-02 15:56:56 PulseFan: arbiter=RunCustomLoop auto=false bound=null managed=6 latched=false
2026-08-02 15:56:56 PulseDaemon: telemetry read via daemon (16 path(s))
2026-08-02 15:56:56 PulseFan: CUSTOM fan running (autoTdp=false smart=true temp=64 applied=20% target=20)
2026-08-02 15:56:57 PulseDaemon: telemetry read via xsu fallback (1 path(s))
2026-08-02 15:56:57 PulseAutoTdp: TICK-SKIP overlayShouldShow=false autoActive=false quickAccessShouldShow=false autoTdpPackage=null boundPackage=null lastForeground=null
2026-08-02 15:56:57 PulseFan: arbiter=RunCustomLoop auto=false bound=null managed=6 latched=false
2026-08-02 15:56:57 PulseDaemon: telemetry read via daemon (16 path(s))
2026-08-02 15:56:57 PulseDaemon: telemetry read via daemon (1 path(s))
2026-08-02 15:56:57 PulseFan: CUSTOM fan running (autoTdp=false smart=true temp=65 applied=20% target=20)
2026-08-02 15:56:57 PulseDaemon: telemetry read via daemon (1 path(s))
# ... 5 more identical lines elided (same content, only timestamp differs) ...
2026-08-02 15:56:58 PulseDaemon: telemetry read via daemon (1 path(s))
2026-08-02 15:56:58 PulseAutoTdp: TICK-SKIP overlayShouldShow=false autoActive=false quickAccessShouldShow=false autoTdpPackage=null boundPackage=null lastForeground=null
2026-08-02 15:56:58 PulseFan: arbiter=RunCustomLoop auto=false bound=null managed=6 latched=false
2026-08-02 15:56:58 PulseDaemon: telemetry read via daemon (16 path(s))
2026-08-02 15:56:58 PulseFan: CUSTOM fan running (autoTdp=false smart=true temp=64 applied=20% target=20)
2026-08-02 15:56:59 PulseDaemon: telemetry read via daemon (1 path(s))
# ... 5 more identical lines elided (same content, only timestamp differs) ...
2026-08-02 15:56:59 PulseDaemon: telemetry read via daemon (1 path(s))
2026-08-02 15:56:59 PulseAutoTdp: TICK-SKIP overlayShouldShow=false autoActive=false quickAccessShouldShow=false autoTdpPackage=null boundPackage=null lastForeground=null
2026-08-02 15:56:59 PulseFan: arbiter=RunCustomLoop auto=false bound=null managed=6 latched=false
2026-08-02 15:57:00 PulseDaemon: telemetry read via daemon (16 path(s))
2026-08-02 15:57:00 PulseDaemon: telemetry read via daemon (1 path(s))
2026-08-02 15:57:00 PulseFan: CUSTOM fan running (autoTdp=false smart=true temp=64 applied=20% target=20)
2026-08-02 15:57:00 PulseDaemon: telemetry read via daemon (1 path(s))
# ... 5 more identical lines elided (same content, only timestamp differs) ...
2026-08-02 15:57:01 PulseDaemon: telemetry read via daemon (1 path(s))
2026-08-02 15:57:01 PulseAutoTdp: TICK-SKIP overlayShouldShow=false autoActive=false quickAccessShouldShow=false autoTdpPackage=null boundPackage=null lastForeground=null
2026-08-02 15:57:01 PulseFan: arbiter=RunCustomLoop auto=false bound=null managed=6 latched=false
2026-08-02 15:57:01 PulseDaemon: telemetry read via xsu fallback (16 path(s))
2026-08-02 15:57:01 PulseDaemon: telemetry read via daemon (1 path(s))
# ... 9 more identical lines elided (same content, only timestamp differs) ...
2026-08-02 15:57:02 PulseDaemon: telemetry read via daemon (1 path(s))
2026-08-02 15:57:02 PulseFan: CUSTOM fan running (autoTdp=false smart=true temp=65 applied=20% target=20)
2026-08-02 15:57:02 PulseDaemon: telemetry read via daemon (1 path(s))
# ... 6 more identical lines elided (same content, only timestamp differs) ...
2026-08-02 15:57:03 PulseDaemon: telemetry read via daemon (1 path(s))
2026-08-02 15:57:03 PulseAutoTdp: TICK-SKIP overlayShouldShow=false autoActive=false quickAccessShouldShow=false autoTdpPackage=null boundPackage=null lastForeground=null
2026-08-02 15:57:03 PulseFan: arbiter=RunCustomLoop auto=false bound=null managed=6 latched=false
2026-08-02 15:57:03 PulseDaemon: telemetry read via xsu fallback (16 path(s))
2026-08-02 15:57:03 PulseDaemon: telemetry read via xsu fallback (1 path(s))
2026-08-02 15:57:04 PulseDaemon: telemetry read via daemon (1 path(s))
# ... 14 more identical lines elided (same content, only timestamp differs) ...
2026-08-02 15:57:06 PulseDaemon: telemetry read via daemon (1 path(s))
2026-08-02 15:57:06 PulseAutoTdp: TICK-SKIP overlayShouldShow=false autoActive=false quickAccessShouldShow=false autoTdpPackage=null boundPackage=null lastForeground=null
2026-08-02 15:57:06 PulseDaemon: telemetry read via daemon (16 path(s))
2026-08-02 15:57:06 PulseFan: CUSTOM fan running (autoTdp=false smart=true temp=65 applied=20% target=20)
2026-08-02 15:57:06 PulseDaemon: telemetry read via daemon (1 path(s))
# ... 5 more identical lines elided (same content, only timestamp differs) ...
2026-08-02 15:57:07 PulseDaemon: telemetry read via daemon (1 path(s))
2026-08-02 15:57:07 PulseAutoTdp: TICK-SKIP overlayShouldShow=false autoActive=false quickAccessShouldShow=false autoTdpPackage=null boundPackage=null lastForeground=null
2026-08-02 15:57:07 PulseFan: arbiter=RunCustomLoop auto=false bound=null managed=6 latched=false
2026-08-02 15:57:08 PulseDaemon: telemetry read via daemon (16 path(s))
2026-08-02 15:57:08 PulseDaemon: telemetry read via daemon (1 path(s))
2026-08-02 15:57:08 PulseFan: CUSTOM fan running (autoTdp=false smart=true temp=65 applied=20% target=20)
2026-08-02 15:57:08 PulseDaemon: telemetry read via daemon (1 path(s))
# ... 5 more identical lines elided (same content, only timestamp differs) ...
2026-08-02 15:57:09 PulseDaemon: telemetry read via daemon (1 path(s))
2026-08-02 15:57:09 PulseAutoTdp: TICK-SKIP overlayShouldShow=false autoActive=false quickAccessShouldShow=false autoTdpPackage=null boundPackage=null lastForeground=null
2026-08-02 15:57:09 PulseFan: arbiter=RunCustomLoop auto=false bound=null managed=6 latched=false
2026-08-02 15:57:09 PulseDaemon: telemetry read via daemon (16 path(s))
2026-08-02 15:57:09 PulseFan: CUSTOM fan running (autoTdp=false smart=true temp=65 applied=20% target=20)
2026-08-02 15:57:09 PulseDaemon: telemetry read via daemon (1 path(s))
# ... 5 more identical lines elided (same content, only timestamp differs) ...
2026-08-02 15:57:10 PulseDaemon: telemetry read via daemon (1 path(s))
2026-08-02 15:57:10 PulseAutoTdp: TICK-SKIP overlayShouldShow=false autoActive=false quickAccessShouldShow=false autoTdpPackage=null boundPackage=null lastForeground=null
2026-08-02 15:57:10 PulseFan: arbiter=RunCustomLoop auto=false bound=null managed=6 latched=false
2026-08-02 15:57:10 PulseDaemon: telemetry read via daemon (16 path(s))
2026-08-02 15:57:10 PulseFan: CUSTOM fan running (autoTdp=false smart=true temp=65 applied=20% target=20)
2026-08-02 15:57:10 PulseDaemon: telemetry read via daemon (1 path(s))
# ... 5 more identical lines elided (same content, only timestamp differs) ...
2026-08-02 15:57:11 PulseDaemon: telemetry read via daemon (1 path(s))
2026-08-02 15:57:11 PulseAutoTdp: TICK-SKIP overlayShouldShow=false autoActive=false quickAccessShouldShow=false autoTdpPackage=null boundPackage=null lastForeground=null
2026-08-02 15:57:11 PulseFan: arbiter=RunCustomLoop auto=false bound=null managed=6 latched=false
2026-08-02 15:57:11 PulseDaemon: telemetry read via daemon (16 path(s))
2026-08-02 15:57:11 PulseDaemon: telemetry read via daemon (1 path(s))
# ... 6 more identical lines elided (same content, only timestamp differs) ...
2026-08-02 15:57:12 PulseDaemon: telemetry read via daemon (1 path(s))
2026-08-02 15:57:13 PulseAutoTdp: TICK-SKIP overlayShouldShow=false autoActive=false quickAccessShouldShow=false autoTdpPackage=null boundPackage=null lastForeground=null
2026-08-02 15:57:13 PulseFan: arbiter=RunCustomLoop auto=false bound=null managed=6 latched=false
2026-08-02 15:57:13 PulseDaemon: telemetry read via daemon (16 path(s))
2026-08-02 15:57:13 PulseDaemon: telemetry read via daemon (1 path(s))
2026-08-02 15:57:13 PulseFan: CUSTOM fan running (autoTdp=false smart=true temp=64 applied=20% target=20)
2026-08-02 15:57:13 PulseDaemon: telemetry read via daemon (1 path(s))
# ... 5 more identical lines elided (same content, only timestamp differs) ...
2026-08-02 15:57:14 PulseDaemon: telemetry read via daemon (1 path(s))
2026-08-02 15:57:14 PulseAutoTdp: TICK-SKIP overlayShouldShow=false autoActive=false quickAccessShouldShow=false autoTdpPackage=null boundPackage=null lastForeground=null
2026-08-02 15:57:14 PulseFan: arbiter=RunCustomLoop auto=false bound=null managed=6 latched=false
2026-08-02 15:57:14 PulseDaemon: telemetry read via daemon (16 path(s))
2026-08-02 15:57:14 PulseFan: CUSTOM fan running (autoTdp=false smart=true temp=64 applied=20% target=20)
2026-08-02 15:57:14 PulseDaemon: telemetry read via daemon (1 path(s))
# ... 5 more identical lines elided (same content, only timestamp differs) ...
2026-08-02 15:57:15 PulseDaemon: telemetry read via daemon (1 path(s))
2026-08-02 15:57:15 PulseAutoTdp: TICK-SKIP overlayShouldShow=false autoActive=false quickAccessShouldShow=false autoTdpPackage=null boundPackage=null lastForeground=null
2026-08-02 15:57:15 PulseDaemon: telemetry read via daemon (1 path(s))
2026-08-02 15:57:15 PulseDaemon: telemetry read via daemon (16 path(s))
2026-08-02 15:57:15 PulseFan: CUSTOM fan running (autoTdp=false smart=true temp=64 applied=20% target=20)
2026-08-02 15:57:16 PulseDaemon: telemetry read via daemon (1 path(s))
# ... 5 more identical lines elided (same content, only timestamp differs) ...
2026-08-02 15:57:16 PulseDaemon: telemetry read via daemon (1 path(s))
2026-08-02 15:57:16 PulseAutoTdp: TICK-SKIP overlayShouldShow=false autoActive=false quickAccessShouldShow=false autoTdpPackage=null boundPackage=null lastForeground=null
2026-08-02 15:57:16 PulseFan: arbiter=RunCustomLoop auto=false bound=null managed=6 latched=false
2026-08-02 15:57:17 PulseDaemon: telemetry read via daemon (16 path(s))
2026-08-02 15:57:17 PulseFan: CUSTOM fan running (autoTdp=false smart=true temp=64 applied=20% target=20)
2026-08-02 15:57:17 PulseDaemon: telemetry read via daemon (1 path(s))
# ... 5 more identical lines elided (same content, only timestamp differs) ...
2026-08-02 15:57:18 PulseDaemon: telemetry read via daemon (1 path(s))
2026-08-02 15:57:18 PulseAutoTdp: TICK-SKIP overlayShouldShow=false autoActive=false quickAccessShouldShow=false autoTdpPackage=null boundPackage=null lastForeground=null
2026-08-02 15:57:18 PulseFan: arbiter=RunCustomLoop auto=false bound=null managed=6 latched=false
2026-08-02 15:57:18 PulseDaemon: telemetry read via daemon (16 path(s))
2026-08-02 15:57:18 PulseFan: CUSTOM fan running (autoTdp=false smart=true temp=64 applied=20% target=20)
2026-08-02 15:57:18 PulseDaemon: telemetry read via daemon (1 path(s))
# ... 5 more identical lines elided (same content, only timestamp differs) ...
2026-08-02 15:57:19 PulseDaemon: telemetry read via daemon (1 path(s))
2026-08-02 15:57:19 PulseAutoTdp: TICK-SKIP overlayShouldShow=false autoActive=false quickAccessShouldShow=false autoTdpPackage=null boundPackage=null lastForeground=null
2026-08-02 15:57:19 PulseDaemon: telemetry read via xsu fallback (16 path(s))
2026-08-02 15:57:19 PulseDaemon: telemetry read via xsu fallback (1 path(s))
2026-08-02 15:57:19 PulseDaemon: telemetry read via daemon (1 path(s))
# ... 7 more identical lines elided (same content, only timestamp differs) ...
2026-08-02 15:57:21 PulseDaemon: telemetry read via daemon (1 path(s))
2026-08-02 15:57:21 PulseFan: CUSTOM fan running (autoTdp=false smart=true temp=64 applied=20% target=20)
2026-08-02 15:57:21 PulseDaemon: telemetry read via daemon (1 path(s))
# ... 5 more identical lines elided (same content, only timestamp differs) ...
2026-08-02 15:57:22 PulseDaemon: telemetry read via daemon (1 path(s))
2026-08-02 15:57:22 PulseAutoTdp: TICK-SKIP overlayShouldShow=false autoActive=false quickAccessShouldShow=false autoTdpPackage=null boundPackage=null lastForeground=null
2026-08-02 15:57:22 PulseFan: arbiter=RunCustomLoop auto=false bound=null managed=6 latched=false
2026-08-02 15:57:22 PulseDaemon: telemetry read via daemon (1 path(s))
# ... 9 more identical lines elided (same content, only timestamp differs) ...
2026-08-02 15:57:23 PulseDaemon: telemetry read via daemon (1 path(s))
2026-08-02 15:57:23 PulseFan: CUSTOM fan running (autoTdp=false smart=true temp=63 applied=20% target=20)
2026-08-02 15:57:23 PulseDaemon: telemetry read via daemon (1 path(s))
# ... 5 more identical lines elided (same content, only timestamp differs) ...
2026-08-02 15:57:24 PulseDaemon: telemetry read via daemon (1 path(s))
2026-08-02 15:57:24 PulseAutoTdp: TICK-SKIP overlayShouldShow=false autoActive=false quickAccessShouldShow=false autoTdpPackage=null boundPackage=null lastForeground=null
2026-08-02 15:57:24 PulseFan: arbiter=RunCustomLoop auto=false bound=null managed=6 latched=false
2026-08-02 15:57:24 PulseDaemon: telemetry read via xsu fallback (16 path(s))
2026-08-02 15:57:24 PulseDaemon: telemetry read via xsu fallback (1 path(s))
2026-08-02 15:57:25 PulseDaemon: telemetry read via daemon (1 path(s))
# ... 7 more identical lines elided (same content, only timestamp differs) ...
2026-08-02 15:57:26 PulseDaemon: telemetry read via daemon (1 path(s))
2026-08-02 15:57:26 PulseFan: CUSTOM fan running (autoTdp=false smart=true temp=63 applied=20% target=20)
2026-08-02 15:57:26 PulseDaemon: telemetry read via daemon (1 path(s))
# ... 5 more identical lines elided (same content, only timestamp differs) ...
2026-08-02 15:57:27 PulseDaemon: telemetry read via daemon (1 path(s))
2026-08-02 15:57:27 PulseAutoTdp: TICK-SKIP overlayShouldShow=false autoActive=false quickAccessShouldShow=false autoTdpPackage=null boundPackage=null lastForeground=null
2026-08-02 15:57:27 PulseFan: arbiter=RunCustomLoop auto=false bound=null managed=6 latched=false
2026-08-02 15:57:27 PulseDaemon: telemetry read via daemon (16 path(s))
2026-08-02 15:57:27 PulseFan: CUSTOM fan running (autoTdp=false smart=true temp=63 applied=20% target=20)
2026-08-02 15:57:27 PulseDaemon: telemetry read via daemon (1 path(s))
# ... 5 more identical lines elided (same content, only timestamp differs) ...
2026-08-02 15:57:28 PulseDaemon: telemetry read via daemon (1 path(s))
2026-08-02 15:57:28 PulseAutoTdp: TICK-SKIP overlayShouldShow=false autoActive=false quickAccessShouldShow=false autoTdpPackage=null boundPackage=null lastForeground=null
2026-08-02 15:57:28 PulseFan: arbiter=RunCustomLoop auto=false bound=null managed=6 latched=false
2026-08-02 15:57:29 PulseDaemon: telemetry read via daemon (16 path(s))
2026-08-02 15:57:29 PulseDaemon: telemetry read via daemon (1 path(s))
2026-08-02 15:57:29 PulseFan: CUSTOM fan running (autoTdp=false smart=true temp=63 applied=20% target=20)
2026-08-02 15:57:29 PulseDaemon: telemetry read via daemon (1 path(s))
# ... 5 more identical lines elided (same content, only timestamp differs) ...
2026-08-02 15:57:30 PulseDaemon: telemetry read via daemon (1 path(s))
2026-08-02 15:57:30 PulseAutoTdp: TICK-SKIP overlayShouldShow=false autoActive=false quickAccessShouldShow=false autoTdpPackage=null boundPackage=null lastForeground=null
2026-08-02 15:57:30 PulseDaemon: telemetry read via daemon (16 path(s))
2026-08-02 15:57:30 PulseFan: CUSTOM fan running (autoTdp=false smart=true temp=62 applied=20% target=20)
2026-08-02 15:57:30 PulseDaemon: telemetry read via daemon (1 path(s))
# ... 5 more identical lines elided (same content, only timestamp differs) ...
2026-08-02 15:57:31 PulseDaemon: telemetry read via daemon (1 path(s))
2026-08-02 15:57:31 PulseAutoTdp: TICK-SKIP overlayShouldShow=false autoActive=false quickAccessShouldShow=false autoTdpPackage=null boundPackage=null lastForeground=null
2026-08-02 15:57:31 PulseFan: arbiter=RunCustomLoop auto=false bound=null managed=6 latched=false
2026-08-02 15:57:31 PulseDaemon: telemetry read via daemon (16 path(s))
2026-08-02 15:57:31 PulseDaemon: telemetry read via daemon (1 path(s))
2026-08-02 15:57:31 PulseFan: CUSTOM fan running (autoTdp=false smart=true temp=62 applied=20% target=20)
2026-08-02 15:57:31 PulseDaemon: telemetry read via daemon (1 path(s))
# ... 5 more identical lines elided (same content, only timestamp differs) ...
2026-08-02 15:57:32 PulseDaemon: telemetry read via daemon (1 path(s))
2026-08-02 15:57:32 PulseAutoTdp: TICK-SKIP overlayShouldShow=false autoActive=false quickAccessShouldShow=false autoTdpPackage=null boundPackage=null lastForeground=null
2026-08-02 15:57:32 PulseFan: arbiter=RunCustomLoop auto=false bound=null managed=6 latched=false
2026-08-02 15:57:32 PulseDaemon: telemetry read via daemon (16 path(s))
2026-08-02 15:57:32 PulseDaemon: telemetry read via daemon (1 path(s))
2026-08-02 15:57:32 PulseFan: CUSTOM fan running (autoTdp=false smart=true temp=62 applied=20% target=20)
2026-08-02 15:57:33 PulseDaemon: telemetry read via daemon (1 path(s))
# ... 5 more identical lines elided (same content, only timestamp differs) ...
2026-08-02 15:57:33 PulseDaemon: telemetry read via daemon (1 path(s))
2026-08-02 15:57:33 PulseAutoTdp: TICK-SKIP overlayShouldShow=false autoActive=false quickAccessShouldShow=false autoTdpPackage=null boundPackage=null lastForeground=null
2026-08-02 15:57:33 PulseFan: arbiter=RunCustomLoop auto=false bound=null managed=6 latched=false
2026-08-02 15:57:34 PulseDaemon: telemetry read via daemon (16 path(s))
2026-08-02 15:57:34 PulseFan: CUSTOM fan running (autoTdp=false smart=true temp=62 applied=20% target=20)
2026-08-02 15:57:34 PulseDaemon: telemetry read via daemon (1 path(s))
# ... 5 more identical lines elided (same content, only timestamp differs) ...
2026-08-02 15:57:35 PulseDaemon: telemetry read via daemon (1 path(s))
2026-08-02 15:57:35 PulseAutoTdp: TICK-SKIP overlayShouldShow=false autoActive=false quickAccessShouldShow=false autoTdpPackage=null boundPackage=null lastForeground=null
2026-08-02 15:57:35 PulseFan: arbiter=RunCustomLoop auto=false bound=null managed=6 latched=false
2026-08-02 15:57:35 PulseDaemon: telemetry read via daemon (16 path(s))
2026-08-02 15:57:35 PulseDaemon: telemetry read via daemon (1 path(s))
2026-08-02 15:57:35 PulseFan: CUSTOM fan running (autoTdp=false smart=true temp=62 applied=20% target=20)
2026-08-02 15:57:35 PulseDaemon: telemetry read via daemon (1 path(s))
# ... 5 more identical lines elided (same content, only timestamp differs) ...
2026-08-02 15:57:36 PulseDaemon: telemetry read via daemon (1 path(s))
2026-08-02 15:57:36 PulseAutoTdp: TICK-SKIP overlayShouldShow=false autoActive=false quickAccessShouldShow=false autoTdpPackage=null boundPackage=null lastForeground=null
2026-08-02 15:57:36 PulseFan: arbiter=RunCustomLoop auto=false bound=null managed=6 latched=false
2026-08-02 15:57:36 PulseDaemon: telemetry read via daemon (16 path(s))
2026-08-02 15:57:36 PulseDaemon: telemetry read via daemon (1 path(s))
2026-08-02 15:57:36 PulseFan: CUSTOM fan running (autoTdp=false smart=true temp=62 applied=20% target=20)
2026-08-02 15:57:37 PulseDaemon: telemetry read via daemon (1 path(s))
# ... 5 more identical lines elided (same content, only timestamp differs) ...
2026-08-02 15:57:37 PulseDaemon: telemetry read via daemon (1 path(s))
2026-08-02 15:57:37 PulseAutoTdp: TICK-SKIP overlayShouldShow=false autoActive=false quickAccessShouldShow=false autoTdpPackage=null boundPackage=null lastForeground=null
2026-08-02 15:57:37 PulseFan: arbiter=RunCustomLoop auto=false bound=null managed=6 latched=false
2026-08-02 15:57:38 PulseDaemon: telemetry read via daemon (16 path(s))
2026-08-02 15:57:38 PulseFan: CUSTOM fan running (autoTdp=false smart=true temp=62 applied=20% target=20)
2026-08-02 15:57:38 PulseDaemon: telemetry read via daemon (1 path(s))
# ... 5 more identical lines elided (same content, only timestamp differs) ...
2026-08-02 15:57:39 PulseDaemon: telemetry read via daemon (1 path(s))
2026-08-02 15:57:39 PulseAutoTdp: TICK-SKIP overlayShouldShow=false autoActive=false quickAccessShouldShow=false autoTdpPackage=null boundPackage=null lastForeground=null
2026-08-02 15:57:39 PulseFan: arbiter=RunCustomLoop auto=false bound=null managed=6 latched=false
2026-08-02 15:57:39 PulseDaemon: telemetry read via daemon (16 path(s))
2026-08-02 15:57:39 PulseFan: CUSTOM fan running (autoTdp=false smart=true temp=62 applied=20% target=20)
2026-08-02 15:57:39 PulseDaemon: telemetry read via daemon (1 path(s))
# ... 5 more identical lines elided (same content, only timestamp differs) ...
2026-08-02 15:57:40 PulseDaemon: telemetry read via daemon (1 path(s))
2026-08-02 15:57:40 PulseAutoTdp: TICK-SKIP overlayShouldShow=false autoActive=false quickAccessShouldShow=false autoTdpPackage=null boundPackage=null lastForeground=null
2026-08-02 15:57:40 PulseFan: arbiter=RunCustomLoop auto=false bound=null managed=6 latched=false
2026-08-02 15:57:40 PulseDaemon: telemetry read via daemon (16 path(s))
2026-08-02 15:57:40 PulseFan: CUSTOM fan running (autoTdp=false smart=true temp=62 applied=20% target=20)
2026-08-02 15:57:40 PulseDaemon: telemetry read via daemon (1 path(s))
# ... 5 more identical lines elided (same content, only timestamp differs) ...
2026-08-02 15:57:41 PulseDaemon: telemetry read via daemon (1 path(s))
2026-08-02 15:57:41 PulseAutoTdp: TICK-SKIP overlayShouldShow=false autoActive=false quickAccessShouldShow=false autoTdpPackage=null boundPackage=null lastForeground=null
2026-08-02 15:57:41 PulseFan: arbiter=RunCustomLoop auto=false bound=null managed=6 latched=false
2026-08-02 15:57:42 PulseDaemon: telemetry read via daemon (16 path(s))
2026-08-02 15:57:42 PulseFan: CUSTOM fan running (autoTdp=false smart=true temp=62 applied=20% target=20)
2026-08-02 15:57:42 PulseDaemon: telemetry read via daemon (1 path(s))
# ... 5 more identical lines elided (same content, only timestamp differs) ...
2026-08-02 15:57:43 PulseDaemon: telemetry read via daemon (1 path(s))
2026-08-02 15:57:43 PulseAutoTdp: TICK-SKIP overlayShouldShow=false autoActive=false quickAccessShouldShow=false autoTdpPackage=null boundPackage=null lastForeground=null
2026-08-02 15:57:43 PulseFan: arbiter=RunCustomLoop auto=false bound=null managed=6 latched=false
2026-08-02 15:57:43 PulseDaemon: telemetry read via daemon (16 path(s))
2026-08-02 15:57:43 PulseDaemon: telemetry read via daemon (1 path(s))
2026-08-02 15:57:43 PulseFan: CUSTOM fan running (autoTdp=false smart=true temp=62 applied=20% target=20)
2026-08-02 15:57:43 PulseDaemon: telemetry read via daemon (1 path(s))
# ... 6 more identical lines elided (same content, only timestamp differs) ...
2026-08-02 15:57:44 PulseDaemon: telemetry read via daemon (1 path(s))
2026-08-02 15:57:44 PulseAutoTdp: TICK-SKIP overlayShouldShow=false autoActive=false quickAccessShouldShow=false autoTdpPackage=null boundPackage=null lastForeground=null
2026-08-02 15:57:44 PulseFan: arbiter=RunCustomLoop auto=false bound=null managed=6 latched=false
2026-08-02 15:57:44 PulseDaemon: telemetry read via daemon (16 path(s))
2026-08-02 15:57:44 PulseDaemon: telemetry read via daemon (1 path(s))
2026-08-02 15:57:44 PulseFan: CUSTOM fan running (autoTdp=false smart=true temp=62 applied=20% target=20)
2026-08-02 15:57:44 PulseDaemon: telemetry read via daemon (1 path(s))
# ... 5 more identical lines elided (same content, only timestamp differs) ...
2026-08-02 15:57:45 PulseDaemon: telemetry read via daemon (1 path(s))
2026-08-02 15:57:45 PulseAutoTdp: TICK-SKIP overlayShouldShow=false autoActive=false quickAccessShouldShow=false autoTdpPackage=null boundPackage=null lastForeground=null
2026-08-02 15:57:45 PulseFan: arbiter=RunCustomLoop auto=false bound=null managed=6 latched=false
2026-08-02 15:57:46 PulseDaemon: telemetry read via daemon (16 path(s))
2026-08-02 15:57:46 PulseDaemon: telemetry read via daemon (1 path(s))
2026-08-02 15:57:46 PulseFan: CUSTOM fan running (autoTdp=false smart=true temp=62 applied=20% target=20)
2026-08-02 15:57:46 PulseDaemon: telemetry read via daemon (1 path(s))
# ... 4 more identical lines elided (same content, only timestamp differs) ...
2026-08-02 15:57:46 PulseDaemon: telemetry read via daemon (1 path(s))
2026-08-02 15:57:47 PulseAutoTdp: TICK-SKIP overlayShouldShow=false autoActive=false quickAccessShouldShow=false autoTdpPackage=null boundPackage=null lastForeground=null
2026-08-02 15:57:47 PulseDaemon: telemetry read via xsu fallback (1 path(s))
2026-08-02 15:57:47 PulseDaemon: telemetry read via xsu fallback (16 path(s))
2026-08-02 15:57:47 PulseDaemon: telemetry read via daemon (1 path(s))
# ... 8 more identical lines elided (same content, only timestamp differs) ...
2026-08-02 15:57:48 PulseDaemon: telemetry read via daemon (1 path(s))
2026-08-02 15:57:48 PulseFan: CUSTOM fan running (autoTdp=false smart=true temp=62 applied=20% target=20)
2026-08-02 15:57:48 PulseDaemon: telemetry read via daemon (1 path(s))
# ... 5 more identical lines elided (same content, only timestamp differs) ...
2026-08-02 15:57:49 PulseDaemon: telemetry read via daemon (1 path(s))
2026-08-02 15:57:49 PulseAutoTdp: TICK-SKIP overlayShouldShow=false autoActive=false quickAccessShouldShow=false autoTdpPackage=null boundPackage=null lastForeground=null
2026-08-02 15:57:49 PulseDaemon: telemetry read via daemon (1 path(s))
2026-08-02 15:57:50 PulseDaemon: telemetry read via daemon (16 path(s))
2026-08-02 15:57:50 PulseFan: CUSTOM fan running (autoTdp=false smart=true temp=62 applied=20% target=20)
2026-08-02 15:57:50 PulseDaemon: telemetry read via daemon (1 path(s))
# ... 4 more identical lines elided (same content, only timestamp differs) ...
2026-08-02 15:57:51 PulseDaemon: telemetry read via daemon (1 path(s))
2026-08-02 15:57:51 PulseAutoTdp: TICK-SKIP overlayShouldShow=false autoActive=false quickAccessShouldShow=false autoTdpPackage=null boundPackage=null lastForeground=null
2026-08-02 15:57:51 PulseDaemon: telemetry read via daemon (16 path(s))
2026-08-02 15:57:51 PulseDaemon: telemetry read via daemon (1 path(s))
2026-08-02 15:57:51 PulseFan: CUSTOM fan running (autoTdp=false smart=true temp=62 applied=20% target=20)
2026-08-02 15:57:51 PulseDaemon: telemetry read via daemon (1 path(s))
# ... 5 more identical lines elided (same content, only timestamp differs) ...
2026-08-02 15:57:52 PulseDaemon: telemetry read via daemon (1 path(s))
2026-08-02 15:57:52 PulseAutoTdp: TICK-SKIP overlayShouldShow=false autoActive=false quickAccessShouldShow=false autoTdpPackage=null boundPackage=null lastForeground=null
2026-08-02 15:57:52 PulseFan: arbiter=RunCustomLoop auto=false bound=null managed=6 latched=false
2026-08-02 15:57:52 PulseDaemon: telemetry read via xsu fallback (16 path(s))
2026-08-02 15:57:52 PulseDaemon: telemetry read via daemon (1 path(s))
# ... 7 more identical lines elided (same content, only timestamp differs) ...
2026-08-02 15:57:54 PulseDaemon: telemetry read via daemon (1 path(s))
2026-08-02 15:57:54 PulseFan: CUSTOM fan running (autoTdp=false smart=true temp=62 applied=20% target=20)
2026-08-02 15:57:54 PulseDaemon: telemetry read via daemon (1 path(s))
# ... 5 more identical lines elided (same content, only timestamp differs) ...
2026-08-02 15:57:55 PulseDaemon: telemetry read via daemon (1 path(s))
2026-08-02 15:57:55 PulseAutoTdp: TICK-SKIP overlayShouldShow=false autoActive=false quickAccessShouldShow=false autoTdpPackage=null boundPackage=null lastForeground=null
2026-08-02 15:57:55 PulseDaemon: telemetry read via daemon (1 path(s))
2026-08-02 15:57:55 PulseDaemon: telemetry read via daemon (16 path(s))
2026-08-02 15:57:55 PulseDaemon: telemetry read via daemon (1 path(s))
2026-08-02 15:57:55 PulseFan: CUSTOM fan running (autoTdp=false smart=true temp=65 applied=20% target=20)
2026-08-02 15:57:55 PulseDaemon: telemetry read via daemon (1 path(s))
# ... 26 more identical lines elided (same content, only timestamp differs) ...
2026-08-02 15:57:59 PulseDaemon: telemetry read via daemon (1 path(s))
2026-08-02 15:57:59 PulseDaemon: cap write via daemon (3 node(s))
2026-08-02 15:57:59 PulseDaemon: cap write via daemon (10 node(s))
2026-08-02 15:57:59 PulseDaemon: cap write via daemon (7 node(s))
2026-08-02 15:58:00 PulseDaemon: engage governor via daemon (schedutil)
2026-08-02 15:58:00 PulseDaemon: telemetry read via xsu fallback (1 path(s))
2026-08-02 15:58:00 PulseAutoTdp: AUTOTDP-SESSION tgt=90 bias=EFFICIENT wattCap=0 policies=0:2265600:0,1;2:3148800:2,3,4;5:2956800:5,6;7:3052800:7;-100:1050000:
2026-08-02 15:58:00 PulseDaemon: telemetry read via daemon (1 path(s))
# ... 4 more identical lines elided (same content, only timestamp differs) ...
2026-08-02 15:58:01 PulseDaemon: telemetry read via daemon (1 path(s))
2026-08-02 15:58:01 PulseAutoTdp: tgt=90 fps=- jank=0 tail=-ms act=HOLD bn=- cpuB=32 cpuPk=57 primePk=39 io=0 gpuB=17 gpuL=3 capped=0 prk=0 stl=0 draw=4.75W cT=64 gT=55 caps%[0:100,2:90,5:100,7:100,-100:80] curMHz[0:2265,2:1920,5:2956,7:480] mn/mx[0:1248/2265,2:499/2841,5:499/2956,7:480/3052] gpu=231 gcap=834[3/13] lrn=100
2026-08-02 15:58:01 PulseDaemon: cap write via daemon (2 node(s))
2026-08-02 15:58:01 PulseDaemon: cap write via daemon (2 node(s))
2026-08-02 15:58:01 PulseFan: arbiter=RunCustomLoop auto=true bound=null managed=6 latched=false
2026-08-02 15:58:01 PulseFan: CUSTOM fan running (autoTdp=true smart=true temp=65 applied=20% target=20)
2026-08-02 15:58:02 PulseDaemon: telemetry read via xsu fallback (1 path(s))
2026-08-02 15:58:02 PulseDaemon: telemetry read via xsu fallback (1 path(s))
2026-08-02 15:58:02 PulseDaemon: telemetry read via daemon (16 path(s))
2026-08-02 15:58:02 PulseDaemon: telemetry read via daemon (1 path(s))
2026-08-02 15:58:02 PulseFan: arbiter=RunCustomLoop auto=true bound=null managed=6 latched=false
2026-08-02 15:58:02 PulseFan: CUSTOM fan running (autoTdp=true smart=true temp=65 applied=20% target=20)
2026-08-02 15:58:03 PulseDaemon: telemetry read via xsu fallback (1 path(s))
2026-08-02 15:58:03 PulseDaemon: telemetry read via xsu fallback (1 path(s))
2026-08-02 15:58:04 PulseDaemon: telemetry read via daemon (1 path(s))
2026-08-02 15:58:04 PulseAutoTdp: tgt=90 fps=90.0 jank=0 tail=11ms act=HOLD bn=CPU cpuB=36 cpuPk=77 primePk=19 io=0 gpuB=20 gpuL=4 capped=0 prk=0 stl=0 draw=8.40W cT=70 gT=57 caps%[0:100,2:90,5:100,7:100,-100:80] curMHz[0:2035,2:2035,5:2956,7:3052] gpu=231 gcap=834[3/13] lrn=100
2026-08-02 15:58:04 PulseDaemon: cap write via daemon (2 node(s))
2026-08-02 15:58:04 PulseFan: arbiter=RunCustomLoop auto=true bound=null managed=6 latched=false
2026-08-02 15:58:04 PulseFan: CUSTOM fan running (autoTdp=true smart=true temp=67 applied=20% target=20)
2026-08-02 15:58:05 PulseDaemon: telemetry read via xsu fallback (1 path(s))
2026-08-02 15:58:05 PulseDaemon: telemetry read via daemon (1 path(s))
# ... 1 more identical lines elided (same content, only timestamp differs) ...
2026-08-02 15:58:05 PulseDaemon: telemetry read via daemon (1 path(s))
2026-08-02 15:58:05 PulseDaemon: cap write via daemon (3 node(s))
2026-08-02 15:58:06 PulseDaemon: cap write via daemon (10 node(s))
2026-08-02 15:58:06 PulseDaemon: telemetry read via daemon (1 path(s))
# ... 15 more identical lines elided (same content, only timestamp differs) ...
2026-08-02 15:58:08 PulseDaemon: telemetry read via daemon (1 path(s))
2026-08-02 15:58:08 PulseAutoTdp: TICK-SKIP overlayShouldShow=false autoActive=false quickAccessShouldShow=false autoTdpPackage=null boundPackage=com.miHoYo.Yuanshen lastForeground=com.miHoYo.Yuanshen
2026-08-02 15:58:08 PulseDaemon: telemetry read via daemon (1 path(s))
# ... 1 more identical lines elided (same content, only timestamp differs) ...
2026-08-02 15:58:08 PulseDaemon: telemetry read via daemon (1 path(s))
2026-08-02 15:58:08 PulseFan: arbiter=None auto=false bound=4 managed=6 latched=false
2026-08-02 15:58:08 PulseDaemon: cap write via daemon (5 node(s))
2026-08-02 15:58:10 PulseAutoTdp: TICK-SKIP overlayShouldShow=false autoActive=false quickAccessShouldShow=false autoTdpPackage=null boundPackage=com.miHoYo.Yuanshen lastForeground=com.miHoYo.Yuanshen
2026-08-02 15:58:11 PulseAutoTdp: TICK-SKIP overlayShouldShow=false autoActive=false quickAccessShouldShow=false autoTdpPackage=null boundPackage=com.miHoYo.Yuanshen lastForeground=com.miHoYo.Yuanshen
2026-08-02 15:58:11 PulseDaemon: cap write via daemon (5 node(s))
2026-08-02 15:58:12 PulseAutoTdp: TICK-SKIP overlayShouldShow=false autoActive=false quickAccessShouldShow=false autoTdpPackage=null boundPackage=com.miHoYo.Yuanshen lastForeground=com.miHoYo.Yuanshen
2026-08-02 15:58:14 PulseAutoTdp: TICK-SKIP overlayShouldShow=false autoActive=false quickAccessShouldShow=false autoTdpPackage=null boundPackage=com.miHoYo.Yuanshen lastForeground=com.miHoYo.Yuanshen
2026-08-02 15:58:14 PulseDaemon: cap write via daemon (5 node(s))
2026-08-02 15:58:15 PulseAutoTdp: TICK-SKIP overlayShouldShow=false autoActive=false quickAccessShouldShow=false autoTdpPackage=null boundPackage=com.miHoYo.Yuanshen lastForeground=com.miHoYo.Yuanshen
2026-08-02 15:58:16 PulseAutoTdp: TICK-SKIP overlayShouldShow=false autoActive=false quickAccessShouldShow=false autoTdpPackage=null boundPackage=com.miHoYo.Yuanshen lastForeground=com.miHoYo.Yuanshen
2026-08-02 15:58:17 PulseDaemon: cap write via daemon (5 node(s))
2026-08-02 15:58:18 PulseAutoTdp: TICK-SKIP overlayShouldShow=false autoActive=false quickAccessShouldShow=false autoTdpPackage=null boundPackage=com.miHoYo.Yuanshen lastForeground=com.miHoYo.Yuanshen
2026-08-02 15:58:19 PulseAutoTdp: TICK-SKIP overlayShouldShow=false autoActive=false quickAccessShouldShow=false autoTdpPackage=null boundPackage=com.miHoYo.Yuanshen lastForeground=com.miHoYo.Yuanshen
2026-08-02 15:58:20 PulseDaemon: cap write via daemon (5 node(s))
2026-08-02 15:58:21 PulseAutoTdp: TICK-SKIP overlayShouldShow=false autoActive=false quickAccessShouldShow=false autoTdpPackage=null boundPackage=com.miHoYo.Yuanshen lastForeground=com.miHoYo.Yuanshen
2026-08-02 15:58:22 PulseAutoTdp: TICK-SKIP overlayShouldShow=false autoActive=false quickAccessShouldShow=false autoTdpPackage=null boundPackage=com.miHoYo.Yuanshen lastForeground=com.miHoYo.Yuanshen
2026-08-02 15:58:22 PulseDaemon: cap write via daemon (5 node(s))
2026-08-02 15:58:23 PulseAutoTdp: TICK-SKIP overlayShouldShow=false autoActive=false quickAccessShouldShow=false autoTdpPackage=null boundPackage=com.miHoYo.Yuanshen lastForeground=com.miHoYo.Yuanshen
2026-08-02 15:58:25 PulseAutoTdp: TICK-SKIP overlayShouldShow=false autoActive=false quickAccessShouldShow=false autoTdpPackage=null boundPackage=com.miHoYo.Yuanshen lastForeground=com.miHoYo.Yuanshen
2026-08-02 15:58:25 PulseDaemon: cap write via daemon (5 node(s))
2026-08-02 15:58:26 PulseAutoTdp: TICK-SKIP overlayShouldShow=false autoActive=false quickAccessShouldShow=false autoTdpPackage=null boundPackage=com.miHoYo.Yuanshen lastForeground=com.miHoYo.Yuanshen
2026-08-02 15:58:28 PulseAutoTdp: TICK-SKIP overlayShouldShow=false autoActive=false quickAccessShouldShow=false autoTdpPackage=null boundPackage=com.miHoYo.Yuanshen lastForeground=com.miHoYo.Yuanshen
2026-08-02 15:58:28 PulseDaemon: cap write via daemon (5 node(s))
2026-08-02 15:58:29 PulseAutoTdp: TICK-SKIP overlayShouldShow=false autoActive=false quickAccessShouldShow=false autoTdpPackage=null boundPackage=com.miHoYo.Yuanshen lastForeground=com.miHoYo.Yuanshen
2026-08-02 15:58:30 PulseAutoTdp: TICK-SKIP overlayShouldShow=false autoActive=false quickAccessShouldShow=false autoTdpPackage=null boundPackage=com.miHoYo.Yuanshen lastForeground=com.miHoYo.Yuanshen
2026-08-02 15:58:31 PulseDaemon: cap write via daemon (5 node(s))
2026-08-02 15:58:32 PulseAutoTdp: TICK-SKIP overlayShouldShow=false autoActive=false quickAccessShouldShow=false autoTdpPackage=null boundPackage=com.miHoYo.Yuanshen lastForeground=com.miHoYo.Yuanshen
2026-08-02 15:58:33 PulseAutoTdp: TICK-SKIP overlayShouldShow=false autoActive=false quickAccessShouldShow=false autoTdpPackage=null boundPackage=com.miHoYo.Yuanshen lastForeground=com.miHoYo.Yuanshen
2026-08-02 15:58:34 PulseDaemon: cap write via daemon (5 node(s))
2026-08-02 15:58:35 PulseAutoTdp: TICK-SKIP overlayShouldShow=false autoActive=false quickAccessShouldShow=false autoTdpPackage=null boundPackage=com.miHoYo.Yuanshen lastForeground=com.miHoYo.Yuanshen
2026-08-02 15:58:36 PulseAutoTdp: TICK-SKIP overlayShouldShow=false autoActive=false quickAccessShouldShow=false autoTdpPackage=null boundPackage=com.miHoYo.Yuanshen lastForeground=com.miHoYo.Yuanshen
2026-08-02 15:58:36 PulseDaemon: cap write via daemon (5 node(s))
2026-08-02 15:58:38 PulseAutoTdp: TICK-SKIP overlayShouldShow=false autoActive=false quickAccessShouldShow=false autoTdpPackage=null boundPackage=com.miHoYo.Yuanshen lastForeground=com.miHoYo.Yuanshen
2026-08-02 15:58:39 PulseAutoTdp: TICK-SKIP overlayShouldShow=false autoActive=false quickAccessShouldShow=false autoTdpPackage=null boundPackage=com.miHoYo.Yuanshen lastForeground=com.miHoYo.Yuanshen
2026-08-02 15:58:39 PulseDaemon: cap write via daemon (5 node(s))
2026-08-02 15:58:40 PulseAutoTdp: TICK-SKIP overlayShouldShow=false autoActive=false quickAccessShouldShow=false autoTdpPackage=null boundPackage=com.miHoYo.Yuanshen lastForeground=com.miHoYo.Yuanshen
2026-08-02 15:58:42 PulseAutoTdp: TICK-SKIP overlayShouldShow=false autoActive=false quickAccessShouldShow=false autoTdpPackage=null boundPackage=com.miHoYo.Yuanshen lastForeground=com.miHoYo.Yuanshen
2026-08-02 15:58:42 PulseDaemon: cap write via daemon (5 node(s))
2026-08-02 15:58:43 PulseAutoTdp: TICK-SKIP overlayShouldShow=false autoActive=false quickAccessShouldShow=false autoTdpPackage=null boundPackage=com.miHoYo.Yuanshen lastForeground=com.miHoYo.Yuanshen
2026-08-02 15:58:44 PulseAutoTdp: TICK-SKIP overlayShouldShow=false autoActive=false quickAccessShouldShow=false autoTdpPackage=null boundPackage=com.miHoYo.Yuanshen lastForeground=com.miHoYo.Yuanshen
2026-08-02 15:58:45 PulseDaemon: cap write via daemon (5 node(s))
2026-08-02 15:58:46 PulseAutoTdp: TICK-SKIP overlayShouldShow=false autoActive=false quickAccessShouldShow=false autoTdpPackage=null boundPackage=com.miHoYo.Yuanshen lastForeground=com.miHoYo.Yuanshen
2026-08-02 15:58:47 PulseAutoTdp: TICK-SKIP overlayShouldShow=false autoActive=false quickAccessShouldShow=false autoTdpPackage=null boundPackage=com.miHoYo.Yuanshen lastForeground=com.miHoYo.Yuanshen
2026-08-02 15:58:48 PulseDaemon: cap write via daemon (5 node(s))
2026-08-02 15:58:49 PulseAutoTdp: TICK-SKIP overlayShouldShow=false autoActive=false quickAccessShouldShow=false autoTdpPackage=null boundPackage=com.miHoYo.Yuanshen lastForeground=com.miHoYo.Yuanshen
2026-08-02 15:58:50 PulseAutoTdp: TICK-SKIP overlayShouldShow=false autoActive=false quickAccessShouldShow=false autoTdpPackage=null boundPackage=com.miHoYo.Yuanshen lastForeground=com.miHoYo.Yuanshen
2026-08-02 15:58:51 PulseDaemon: cap write via daemon (5 node(s))
2026-08-02 15:58:52 PulseAutoTdp: TICK-SKIP overlayShouldShow=false autoActive=false quickAccessShouldShow=false autoTdpPackage=null boundPackage=com.miHoYo.Yuanshen lastForeground=com.miHoYo.Yuanshen
2026-08-02 15:58:53 PulseAutoTdp: TICK-SKIP overlayShouldShow=false autoActive=false quickAccessShouldShow=false autoTdpPackage=null boundPackage=com.miHoYo.Yuanshen lastForeground=com.miHoYo.Yuanshen
2026-08-02 15:58:53 PulseDaemon: cap write via daemon (5 node(s))
2026-08-02 15:58:54 PulseAutoTdp: TICK-SKIP overlayShouldShow=false autoActive=false quickAccessShouldShow=false autoTdpPackage=null boundPackage=com.miHoYo.Yuanshen lastForeground=com.miHoYo.Yuanshen
2026-08-02 15:58:56 PulseAutoTdp: TICK-SKIP overlayShouldShow=false autoActive=false quickAccessShouldShow=false autoTdpPackage=null boundPackage=com.miHoYo.Yuanshen lastForeground=com.miHoYo.Yuanshen
2026-08-02 15:58:56 PulseDaemon: cap write via daemon (5 node(s))
2026-08-02 15:58:57 PulseAutoTdp: TICK-SKIP overlayShouldShow=false autoActive=false quickAccessShouldShow=false autoTdpPackage=null boundPackage=com.miHoYo.Yuanshen lastForeground=com.miHoYo.Yuanshen
2026-08-02 15:58:59 PulseAutoTdp: TICK-SKIP overlayShouldShow=false autoActive=false quickAccessShouldShow=false autoTdpPackage=null boundPackage=com.miHoYo.Yuanshen lastForeground=com.miHoYo.Yuanshen
2026-08-02 15:58:59 PulseDaemon: cap write via daemon (5 node(s))
2026-08-02 15:59:00 PulseAutoTdp: TICK-SKIP overlayShouldShow=false autoActive=false quickAccessShouldShow=false autoTdpPackage=null boundPackage=com.miHoYo.Yuanshen lastForeground=com.miHoYo.Yuanshen
2026-08-02 15:59:02 PulseAutoTdp: TICK-SKIP overlayShouldShow=false autoActive=false quickAccessShouldShow=false autoTdpPackage=null boundPackage=com.miHoYo.Yuanshen lastForeground=com.miHoYo.Yuanshen
2026-08-02 15:59:02 PulseDaemon: cap write via daemon (5 node(s))
2026-08-02 15:59:03 PulseAutoTdp: TICK-SKIP overlayShouldShow=false autoActive=false quickAccessShouldShow=false autoTdpPackage=null boundPackage=com.miHoYo.Yuanshen lastForeground=com.miHoYo.Yuanshen
2026-08-02 15:59:04 PulseAutoTdp: TICK-SKIP overlayShouldShow=false autoActive=false quickAccessShouldShow=false autoTdpPackage=null boundPackage=com.miHoYo.Yuanshen lastForeground=com.miHoYo.Yuanshen
2026-08-02 15:59:05 PulseDaemon: cap write via daemon (5 node(s))
2026-08-02 15:59:06 PulseAutoTdp: TICK-SKIP overlayShouldShow=false autoActive=false quickAccessShouldShow=false autoTdpPackage=null boundPackage=com.miHoYo.Yuanshen lastForeground=com.miHoYo.Yuanshen
2026-08-02 15:59:07 PulseAutoTdp: TICK-SKIP overlayShouldShow=false autoActive=false quickAccessShouldShow=false autoTdpPackage=null boundPackage=com.miHoYo.Yuanshen lastForeground=com.miHoYo.Yuanshen
2026-08-02 15:59:08 PulseDaemon: cap write via daemon (5 node(s))
2026-08-02 15:59:09 PulseAutoTdp: TICK-SKIP overlayShouldShow=false autoActive=false quickAccessShouldShow=false autoTdpPackage=null boundPackage=com.miHoYo.Yuanshen lastForeground=com.miHoYo.Yuanshen
2026-08-02 15:59:10 PulseAutoTdp: TICK-SKIP overlayShouldShow=false autoActive=false quickAccessShouldShow=false autoTdpPackage=null boundPackage=com.miHoYo.Yuanshen lastForeground=com.miHoYo.Yuanshen
2026-08-02 15:59:10 PulseDaemon: cap write via daemon (5 node(s))
2026-08-02 15:59:11 PulseAutoTdp: TICK-SKIP overlayShouldShow=false autoActive=false quickAccessShouldShow=false autoTdpPackage=null boundPackage=com.miHoYo.Yuanshen lastForeground=com.miHoYo.Yuanshen
2026-08-02 15:59:13 PulseAutoTdp: TICK-SKIP overlayShouldShow=false autoActive=false quickAccessShouldShow=false autoTdpPackage=null boundPackage=com.miHoYo.Yuanshen lastForeground=com.miHoYo.Yuanshen
2026-08-02 15:59:13 PulseDaemon: cap write via daemon (5 node(s))
2026-08-02 15:59:14 PulseAutoTdp: TICK-SKIP overlayShouldShow=false autoActive=false quickAccessShouldShow=false autoTdpPackage=null boundPackage=com.miHoYo.Yuanshen lastForeground=com.miHoYo.Yuanshen
2026-08-02 15:59:16 PulseAutoTdp: TICK-SKIP overlayShouldShow=false autoActive=false quickAccessShouldShow=false autoTdpPackage=null boundPackage=com.miHoYo.Yuanshen lastForeground=com.miHoYo.Yuanshen
2026-08-02 15:59:16 PulseDaemon: cap write via daemon (5 node(s))
2026-08-02 15:59:17 PulseAutoTdp: TICK-SKIP overlayShouldShow=false autoActive=false quickAccessShouldShow=false autoTdpPackage=null boundPackage=com.miHoYo.Yuanshen lastForeground=com.miHoYo.Yuanshen
2026-08-02 15:59:18 PulseAutoTdp: TICK-SKIP overlayShouldShow=false autoActive=false quickAccessShouldShow=false autoTdpPackage=null boundPackage=com.miHoYo.Yuanshen lastForeground=com.miHoYo.Yuanshen
2026-08-02 15:59:19 PulseDaemon: cap write via daemon (5 node(s))
2026-08-02 15:59:20 PulseAutoTdp: TICK-SKIP overlayShouldShow=false autoActive=false quickAccessShouldShow=false autoTdpPackage=null boundPackage=com.miHoYo.Yuanshen lastForeground=com.miHoYo.Yuanshen
2026-08-02 15:59:21 PulseAutoTdp: TICK-SKIP overlayShouldShow=false autoActive=false quickAccessShouldShow=false autoTdpPackage=null boundPackage=com.miHoYo.Yuanshen lastForeground=com.miHoYo.Yuanshen
2026-08-02 15:59:22 PulseDaemon: cap write via daemon (5 node(s))
2026-08-02 15:59:23 PulseAutoTdp: TICK-SKIP overlayShouldShow=false autoActive=false quickAccessShouldShow=false autoTdpPackage=null boundPackage=com.miHoYo.Yuanshen lastForeground=com.miHoYo.Yuanshen
2026-08-02 15:59:24 PulseAutoTdp: TICK-SKIP overlayShouldShow=false autoActive=false quickAccessShouldShow=false autoTdpPackage=null boundPackage=com.miHoYo.Yuanshen lastForeground=com.miHoYo.Yuanshen
2026-08-02 15:59:25 PulseDaemon: cap write via daemon (5 node(s))
2026-08-02 15:59:26 PulseAutoTdp: TICK-SKIP overlayShouldShow=false autoActive=false quickAccessShouldShow=false autoTdpPackage=null boundPackage=com.miHoYo.Yuanshen lastForeground=com.miHoYo.Yuanshen
2026-08-02 15:59:27 PulseAutoTdp: TICK-SKIP overlayShouldShow=false autoActive=false quickAccessShouldShow=false autoTdpPackage=null boundPackage=com.miHoYo.Yuanshen lastForeground=com.miHoYo.Yuanshen
2026-08-02 15:59:27 PulseDaemon: cap write via daemon (5 node(s))
2026-08-02 15:59:29 PulseAutoTdp: TICK-SKIP overlayShouldShow=false autoActive=false quickAccessShouldShow=false autoTdpPackage=null boundPackage=com.miHoYo.Yuanshen lastForeground=com.miHoYo.Yuanshen
2026-08-02 15:59:30 PulseAutoTdp: TICK-SKIP overlayShouldShow=false autoActive=false quickAccessShouldShow=false autoTdpPackage=null boundPackage=com.miHoYo.Yuanshen lastForeground=com.miHoYo.Yuanshen
2026-08-02 15:59:30 PulseDaemon: cap write via daemon (5 node(s))
2026-08-02 15:59:31 PulseAutoTdp: TICK-SKIP overlayShouldShow=false autoActive=false quickAccessShouldShow=false autoTdpPackage=null boundPackage=com.miHoYo.Yuanshen lastForeground=com.miHoYo.Yuanshen
2026-08-02 15:59:33 PulseAutoTdp: TICK-SKIP overlayShouldShow=false autoActive=false quickAccessShouldShow=false autoTdpPackage=null boundPackage=com.miHoYo.Yuanshen lastForeground=com.miHoYo.Yuanshen
2026-08-02 15:59:33 PulseDaemon: cap write via daemon (5 node(s))
2026-08-02 15:59:34 PulseAutoTdp: TICK-SKIP overlayShouldShow=false autoActive=false quickAccessShouldShow=false autoTdpPackage=null boundPackage=com.miHoYo.Yuanshen lastForeground=com.miHoYo.Yuanshen
2026-08-02 15:59:36 PulseAutoTdp: TICK-SKIP overlayShouldShow=false autoActive=false quickAccessShouldShow=false autoTdpPackage=null boundPackage=com.miHoYo.Yuanshen lastForeground=com.miHoYo.Yuanshen
2026-08-02 15:59:36 PulseDaemon: cap write via daemon (5 node(s))
2026-08-02 15:59:37 PulseAutoTdp: TICK-SKIP overlayShouldShow=false autoActive=false quickAccessShouldShow=false autoTdpPackage=null boundPackage=com.miHoYo.Yuanshen lastForeground=com.miHoYo.Yuanshen
2026-08-02 15:59:38 PulseAutoTdp: TICK-SKIP overlayShouldShow=false autoActive=false quickAccessShouldShow=false autoTdpPackage=null boundPackage=com.miHoYo.Yuanshen lastForeground=com.miHoYo.Yuanshen
2026-08-02 15:59:39 PulseDaemon: cap write via daemon (5 node(s))
2026-08-02 15:59:40 PulseAutoTdp: TICK-SKIP overlayShouldShow=false autoActive=false quickAccessShouldShow=false autoTdpPackage=null boundPackage=com.miHoYo.Yuanshen lastForeground=com.miHoYo.Yuanshen
2026-08-02 15:59:41 PulseAutoTdp: TICK-SKIP overlayShouldShow=false autoActive=false quickAccessShouldShow=false autoTdpPackage=null boundPackage=com.miHoYo.Yuanshen lastForeground=com.miHoYo.Yuanshen
2026-08-02 15:59:42 PulseDaemon: cap write via daemon (5 node(s))
2026-08-02 15:59:43 PulseAutoTdp: TICK-SKIP overlayShouldShow=false autoActive=false quickAccessShouldShow=false autoTdpPackage=null boundPackage=com.miHoYo.Yuanshen lastForeground=com.miHoYo.Yuanshen
2026-08-02 15:59:44 PulseAutoTdp: TICK-SKIP overlayShouldShow=false autoActive=false quickAccessShouldShow=false autoTdpPackage=null boundPackage=com.miHoYo.Yuanshen lastForeground=com.miHoYo.Yuanshen
2026-08-02 15:59:45 PulseDaemon: cap write via daemon (5 node(s))
2026-08-02 15:59:46 PulseAutoTdp: TICK-SKIP overlayShouldShow=false autoActive=false quickAccessShouldShow=false autoTdpPackage=null boundPackage=com.miHoYo.Yuanshen lastForeground=com.miHoYo.Yuanshen
2026-08-02 15:59:47 PulseAutoTdp: TICK-SKIP overlayShouldShow=false autoActive=false quickAccessShouldShow=false autoTdpPackage=null boundPackage=com.miHoYo.Yuanshen lastForeground=com.miHoYo.Yuanshen
2026-08-02 15:59:47 PulseDaemon: cap write via xsu fallback (5 node(s), ~1034 chars, chunked)
2026-08-02 15:59:49 PulseAutoTdp: TICK-SKIP overlayShouldShow=false autoActive=false quickAccessShouldShow=false autoTdpPackage=null boundPackage=com.miHoYo.Yuanshen lastForeground=com.miHoYo.Yuanshen
2026-08-02 15:59:50 PulseAutoTdp: TICK-SKIP overlayShouldShow=false autoActive=false quickAccessShouldShow=false autoTdpPackage=null boundPackage=com.miHoYo.Yuanshen lastForeground=com.miHoYo.Yuanshen
2026-08-02 15:59:50 PulseDaemon: cap write via daemon (5 node(s))
2026-08-02 15:59:52 PulseAutoTdp: TICK-SKIP overlayShouldShow=false autoActive=false quickAccessShouldShow=false autoTdpPackage=null boundPackage=com.miHoYo.Yuanshen lastForeground=com.miHoYo.Yuanshen
2026-08-02 15:59:53 PulseAutoTdp: TICK-SKIP overlayShouldShow=false autoActive=false quickAccessShouldShow=false autoTdpPackage=null boundPackage=com.miHoYo.Yuanshen lastForeground=com.miHoYo.Yuanshen
2026-08-02 15:59:53 PulseDaemon: cap write via daemon (5 node(s))
2026-08-02 15:59:54 PulseAutoTdp: TICK-SKIP overlayShouldShow=false autoActive=false quickAccessShouldShow=false autoTdpPackage=null boundPackage=com.miHoYo.Yuanshen lastForeground=com.miHoYo.Yuanshen
2026-08-02 15:59:56 PulseAutoTdp: TICK-SKIP overlayShouldShow=false autoActive=false quickAccessShouldShow=false autoTdpPackage=null boundPackage=com.miHoYo.Yuanshen lastForeground=com.miHoYo.Yuanshen
2026-08-02 15:59:56 PulseDaemon: cap write via daemon (5 node(s))
2026-08-02 15:59:57 PulseAutoTdp: TICK-SKIP overlayShouldShow=false autoActive=false quickAccessShouldShow=false autoTdpPackage=null boundPackage=com.miHoYo.Yuanshen lastForeground=com.miHoYo.Yuanshen
2026-08-02 15:59:59 PulseAutoTdp: TICK-SKIP overlayShouldShow=false autoActive=false quickAccessShouldShow=false autoTdpPackage=null boundPackage=com.miHoYo.Yuanshen lastForeground=com.miHoYo.Yuanshen
2026-08-02 15:59:59 PulseDaemon: cap write via daemon (5 node(s))
2026-08-02 16:00:00 PulseAutoTdp: TICK-SKIP overlayShouldShow=false autoActive=false quickAccessShouldShow=false autoTdpPackage=null boundPackage=com.miHoYo.Yuanshen lastForeground=com.miHoYo.Yuanshen
2026-08-02 16:00:01 PulseAutoTdp: TICK-SKIP overlayShouldShow=false autoActive=false quickAccessShouldShow=false autoTdpPackage=null boundPackage=com.miHoYo.Yuanshen lastForeground=com.miHoYo.Yuanshen
2026-08-02 16:00:02 PulseDaemon: cap write via daemon (5 node(s))
2026-08-02 16:00:03 PulseAutoTdp: TICK-SKIP overlayShouldShow=false autoActive=false quickAccessShouldShow=false autoTdpPackage=null boundPackage=com.miHoYo.Yuanshen lastForeground=com.miHoYo.Yuanshen
2026-08-02 16:00:04 PulseAutoTdp: TICK-SKIP overlayShouldShow=false autoActive=false quickAccessShouldShow=false autoTdpPackage=null boundPackage=com.miHoYo.Yuanshen lastForeground=com.miHoYo.Yuanshen
2026-08-02 16:00:05 PulseDaemon: cap write via daemon (5 node(s))
2026-08-02 16:00:06 PulseAutoTdp: TICK-SKIP overlayShouldShow=false autoActive=false quickAccessShouldShow=false autoTdpPackage=null boundPackage=com.miHoYo.Yuanshen lastForeground=com.miHoYo.Yuanshen
2026-08-02 16:00:07 PulseAutoTdp: TICK-SKIP overlayShouldShow=false autoActive=false quickAccessShouldShow=false autoTdpPackage=null boundPackage=com.miHoYo.Yuanshen lastForeground=com.miHoYo.Yuanshen
2026-08-02 16:00:08 PulseDaemon: cap write via daemon (5 node(s))
2026-08-02 16:00:09 PulseAutoTdp: TICK-SKIP overlayShouldShow=false autoActive=false quickAccessShouldShow=false autoTdpPackage=null boundPackage=com.miHoYo.Yuanshen lastForeground=com.miHoYo.Yuanshen
2026-08-02 16:00:10 PulseAutoTdp: TICK-SKIP overlayShouldShow=false autoActive=false quickAccessShouldShow=false autoTdpPackage=null boundPackage=com.miHoYo.Yuanshen lastForeground=com.miHoYo.Yuanshen
2026-08-02 16:00:11 PulseDaemon: cap write via daemon (5 node(s))
2026-08-02 16:00:12 PulseAutoTdp: TICK-SKIP overlayShouldShow=false autoActive=false quickAccessShouldShow=false autoTdpPackage=null boundPackage=com.miHoYo.Yuanshen lastForeground=com.miHoYo.Yuanshen
2026-08-02 16:00:13 PulseAutoTdp: TICK-SKIP overlayShouldShow=false autoActive=false quickAccessShouldShow=false autoTdpPackage=null boundPackage=com.miHoYo.Yuanshen lastForeground=com.miHoYo.Yuanshen
2026-08-02 16:00:13 PulseDaemon: cap write via daemon (5 node(s))
2026-08-02 16:00:14 PulseAutoTdp: TICK-SKIP overlayShouldShow=false autoActive=false quickAccessShouldShow=false autoTdpPackage=null boundPackage=com.miHoYo.Yuanshen lastForeground=com.miHoYo.Yuanshen
2026-08-02 16:00:16 PulseAutoTdp: TICK-SKIP overlayShouldShow=false autoActive=false quickAccessShouldShow=false autoTdpPackage=null boundPackage=com.miHoYo.Yuanshen lastForeground=com.miHoYo.Yuanshen
2026-08-02 16:00:16 PulseDaemon: cap write via daemon (5 node(s))
2026-08-02 16:00:17 PulseAutoTdp: TICK-SKIP overlayShouldShow=false autoActive=false quickAccessShouldShow=false autoTdpPackage=null boundPackage=com.miHoYo.Yuanshen lastForeground=com.miHoYo.Yuanshen
# ... 2 more identical lines elided (same content, only timestamp differs) ...
2026-08-02 16:00:21 PulseAutoTdp: TICK-SKIP overlayShouldShow=false autoActive=false quickAccessShouldShow=false autoTdpPackage=null boundPackage=com.miHoYo.Yuanshen lastForeground=com.miHoYo.Yuanshen
2026-08-02 16:00:22 PulseDaemon: cap write via daemon (5 node(s))
2026-08-02 16:00:23 PulseAutoTdp: TICK-SKIP overlayShouldShow=false autoActive=false quickAccessShouldShow=false autoTdpPackage=null boundPackage=com.miHoYo.Yuanshen lastForeground=com.miHoYo.Yuanshen
2026-08-02 16:00:24 PulseAutoTdp: TICK-SKIP overlayShouldShow=false autoActive=false quickAccessShouldShow=false autoTdpPackage=null boundPackage=com.miHoYo.Yuanshen lastForeground=com.miHoYo.Yuanshen
2026-08-02 16:00:25 PulseDaemon: cap write via daemon (5 node(s))
2026-08-02 16:00:26 PulseAutoTdp: TICK-SKIP overlayShouldShow=false autoActive=false quickAccessShouldShow=false autoTdpPackage=null boundPackage=com.miHoYo.Yuanshen lastForeground=com.miHoYo.Yuanshen
2026-08-02 16:00:27 PulseAutoTdp: TICK-SKIP overlayShouldShow=false autoActive=false quickAccessShouldShow=false autoTdpPackage=null boundPackage=com.miHoYo.Yuanshen lastForeground=com.miHoYo.Yuanshen
2026-08-02 16:00:27 PulseDaemon: cap write via daemon (5 node(s))
2026-08-02 16:00:28 PulseAutoTdp: TICK-SKIP overlayShouldShow=false autoActive=false quickAccessShouldShow=false autoTdpPackage=null boundPackage=com.miHoYo.Yuanshen lastForeground=com.miHoYo.Yuanshen
2026-08-02 16:00:30 PulseAutoTdp: TICK-SKIP overlayShouldShow=false autoActive=false quickAccessShouldShow=false autoTdpPackage=null boundPackage=com.miHoYo.Yuanshen lastForeground=com.miHoYo.Yuanshen
2026-08-02 16:00:30 PulseDaemon: cap write via daemon (5 node(s))
2026-08-02 16:00:31 PulseAutoTdp: TICK-SKIP overlayShouldShow=false autoActive=false quickAccessShouldShow=false autoTdpPackage=null boundPackage=com.miHoYo.Yuanshen lastForeground=com.miHoYo.Yuanshen
2026-08-02 16:00:33 PulseAutoTdp: TICK-SKIP overlayShouldShow=false autoActive=false quickAccessShouldShow=false autoTdpPackage=null boundPackage=com.miHoYo.Yuanshen lastForeground=com.miHoYo.Yuanshen
2026-08-02 16:00:33 PulseDaemon: cap write via daemon (5 node(s))
2026-08-02 16:00:34 PulseAutoTdp: TICK-SKIP overlayShouldShow=false autoActive=false quickAccessShouldShow=false autoTdpPackage=null boundPackage=com.miHoYo.Yuanshen lastForeground=com.miHoYo.Yuanshen
2026-08-02 16:00:35 PulseAutoTdp: TICK-SKIP overlayShouldShow=false autoActive=false quickAccessShouldShow=false autoTdpPackage=null boundPackage=com.miHoYo.Yuanshen lastForeground=com.miHoYo.Yuanshen
2026-08-02 16:00:36 PulseDaemon: cap write via daemon (5 node(s))
2026-08-02 16:00:37 PulseAutoTdp: TICK-SKIP overlayShouldShow=false autoActive=false quickAccessShouldShow=false autoTdpPackage=null boundPackage=com.miHoYo.Yuanshen lastForeground=com.miHoYo.Yuanshen
2026-08-02 16:00:38 PulseAutoTdp: TICK-SKIP overlayShouldShow=false autoActive=false quickAccessShouldShow=false autoTdpPackage=null boundPackage=com.miHoYo.Yuanshen lastForeground=com.miHoYo.Yuanshen
2026-08-02 16:00:39 PulseDaemon: cap write via daemon (5 node(s))
2026-08-02 16:00:40 PulseAutoTdp: TICK-SKIP overlayShouldShow=false autoActive=false quickAccessShouldShow=false autoTdpPackage=null boundPackage=com.miHoYo.Yuanshen lastForeground=com.miHoYo.Yuanshen
2026-08-02 16:00:41 PulseAutoTdp: TICK-SKIP overlayShouldShow=false autoActive=false quickAccessShouldShow=false autoTdpPackage=null boundPackage=com.miHoYo.Yuanshen lastForeground=com.miHoYo.Yuanshen
2026-08-02 16:00:42 PulseDaemon: cap write via daemon (5 node(s))
2026-08-02 16:00:43 PulseAutoTdp: TICK-SKIP overlayShouldShow=false autoActive=false quickAccessShouldShow=false autoTdpPackage=null boundPackage=com.miHoYo.Yuanshen lastForeground=com.miHoYo.Yuanshen
2026-08-02 16:00:44 PulseAutoTdp: TICK-SKIP overlayShouldShow=false autoActive=false quickAccessShouldShow=false autoTdpPackage=null boundPackage=com.miHoYo.Yuanshen lastForeground=com.miHoYo.Yuanshen
2026-08-02 16:00:45 PulseDaemon: cap write via daemon (5 node(s))
2026-08-02 16:00:46 PulseAutoTdp: TICK-SKIP overlayShouldShow=false autoActive=false quickAccessShouldShow=false autoTdpPackage=null boundPackage=com.miHoYo.Yuanshen lastForeground=com.miHoYo.Yuanshen
2026-08-02 16:00:47 PulseAutoTdp: TICK-SKIP overlayShouldShow=false autoActive=false quickAccessShouldShow=false autoTdpPackage=null boundPackage=com.miHoYo.Yuanshen lastForeground=com.miHoYo.Yuanshen
2026-08-02 16:00:47 PulseDaemon: cap write via daemon (5 node(s))
2026-08-02 16:00:48 PulseAutoTdp: TICK-SKIP overlayShouldShow=false autoActive=false quickAccessShouldShow=false autoTdpPackage=null boundPackage=com.miHoYo.Yuanshen lastForeground=com.miHoYo.Yuanshen
2026-08-02 16:00:50 PulseAutoTdp: TICK-SKIP overlayShouldShow=false autoActive=false quickAccessShouldShow=false autoTdpPackage=null boundPackage=com.miHoYo.Yuanshen lastForeground=com.miHoYo.Yuanshen
2026-08-02 16:00:50 PulseDaemon: cap write via daemon (5 node(s))
2026-08-02 16:00:51 PulseAutoTdp: TICK-SKIP overlayShouldShow=false autoActive=false quickAccessShouldShow=false autoTdpPackage=null boundPackage=com.miHoYo.Yuanshen lastForeground=com.miHoYo.Yuanshen
2026-08-02 16:00:52 PulseAutoTdp: TICK-SKIP overlayShouldShow=false autoActive=false quickAccessShouldShow=false autoTdpPackage=null boundPackage=com.miHoYo.Yuanshen lastForeground=com.miHoYo.Yuanshen
2026-08-02 16:00:53 PulseDaemon: cap write via daemon (5 node(s))
2026-08-02 16:00:54 PulseAutoTdp: TICK-SKIP overlayShouldShow=false autoActive=false quickAccessShouldShow=false autoTdpPackage=null boundPackage=com.miHoYo.Yuanshen lastForeground=com.miHoYo.Yuanshen
2026-08-02 16:00:55 PulseAutoTdp: TICK-SKIP overlayShouldShow=false autoActive=false quickAccessShouldShow=false autoTdpPackage=null boundPackage=com.miHoYo.Yuanshen lastForeground=com.miHoYo.Yuanshen
2026-08-02 16:00:56 PulseDaemon: cap write via daemon (5 node(s))
2026-08-02 16:00:57 PulseAutoTdp: TICK-SKIP overlayShouldShow=false autoActive=false quickAccessShouldShow=false autoTdpPackage=null boundPackage=com.miHoYo.Yuanshen lastForeground=com.miHoYo.Yuanshen
# ... 2 more identical lines elided (same content, only timestamp differs) ...
2026-08-02 16:01:01 PulseAutoTdp: TICK-SKIP overlayShouldShow=false autoActive=false quickAccessShouldShow=false autoTdpPackage=null boundPackage=com.miHoYo.Yuanshen lastForeground=com.miHoYo.Yuanshen
2026-08-02 16:01:01 PulseDaemon: cap write via daemon (5 node(s))
2026-08-02 16:01:02 PulseAutoTdp: TICK-SKIP overlayShouldShow=false autoActive=false quickAccessShouldShow=false autoTdpPackage=null boundPackage=com.miHoYo.Yuanshen lastForeground=com.miHoYo.Yuanshen
2026-08-02 16:01:04 PulseAutoTdp: TICK-SKIP overlayShouldShow=false autoActive=false quickAccessShouldShow=false autoTdpPackage=null boundPackage=com.miHoYo.Yuanshen lastForeground=com.miHoYo.Yuanshen
2026-08-02 16:01:04 PulseDaemon: cap write via daemon (5 node(s))
2026-08-02 16:01:05 PulseAutoTdp: TICK-SKIP overlayShouldShow=false autoActive=false quickAccessShouldShow=false autoTdpPackage=null boundPackage=com.miHoYo.Yuanshen lastForeground=com.miHoYo.Yuanshen
2026-08-02 16:01:07 PulseAutoTdp: TICK-SKIP overlayShouldShow=false autoActive=false quickAccessShouldShow=false autoTdpPackage=null boundPackage=com.miHoYo.Yuanshen lastForeground=com.miHoYo.Yuanshen
2026-08-02 16:01:07 PulseDaemon: cap write via daemon (5 node(s))
2026-08-02 16:01:08 PulseAutoTdp: TICK-SKIP overlayShouldShow=false autoActive=false quickAccessShouldShow=false autoTdpPackage=null boundPackage=com.miHoYo.Yuanshen lastForeground=com.miHoYo.Yuanshen
2026-08-02 16:01:09 PulseAutoTdp: TICK-SKIP overlayShouldShow=false autoActive=false quickAccessShouldShow=false autoTdpPackage=null boundPackage=com.miHoYo.Yuanshen lastForeground=com.miHoYo.Yuanshen
2026-08-02 16:01:10 PulseDaemon: cap write via daemon (5 node(s))
2026-08-02 16:01:11 PulseAutoTdp: TICK-SKIP overlayShouldShow=false autoActive=false quickAccessShouldShow=false autoTdpPackage=null boundPackage=com.miHoYo.Yuanshen lastForeground=com.miHoYo.Yuanshen
2026-08-02 16:01:12 PulseAutoTdp: TICK-SKIP overlayShouldShow=false autoActive=false quickAccessShouldShow=false autoTdpPackage=null boundPackage=com.miHoYo.Yuanshen lastForeground=com.miHoYo.Yuanshen
2026-08-02 16:01:13 PulseDaemon: cap write via daemon (5 node(s))
2026-08-02 16:01:14 PulseAutoTdp: TICK-SKIP overlayShouldShow=false autoActive=false quickAccessShouldShow=false autoTdpPackage=null boundPackage=com.miHoYo.Yuanshen lastForeground=com.miHoYo.Yuanshen
# ... 2 more identical lines elided (same content, only timestamp differs) ...
2026-08-02 16:01:18 PulseAutoTdp: TICK-SKIP overlayShouldShow=false autoActive=false quickAccessShouldShow=false autoTdpPackage=null boundPackage=com.miHoYo.Yuanshen lastForeground=com.miHoYo.Yuanshen
2026-08-02 16:01:18 PulseDaemon: cap write via daemon (5 node(s))
2026-08-02 16:01:19 PulseAutoTdp: TICK-SKIP overlayShouldShow=false autoActive=false quickAccessShouldShow=false autoTdpPackage=null boundPackage=com.miHoYo.Yuanshen lastForeground=com.miHoYo.Yuanshen
2026-08-02 16:01:21 PulseAutoTdp: TICK-SKIP overlayShouldShow=false autoActive=false quickAccessShouldShow=false autoTdpPackage=null boundPackage=com.miHoYo.Yuanshen lastForeground=com.miHoYo.Yuanshen
2026-08-02 16:01:21 PulseDaemon: cap write via daemon (5 node(s))
2026-08-02 16:01:22 PulseAutoTdp: TICK-SKIP overlayShouldShow=false autoActive=false quickAccessShouldShow=false autoTdpPackage=null boundPackage=com.miHoYo.Yuanshen lastForeground=com.miHoYo.Yuanshen
2026-08-02 16:01:23 PulseAutoTdp: TICK-SKIP overlayShouldShow=false autoActive=false quickAccessShouldShow=false autoTdpPackage=null boundPackage=com.miHoYo.Yuanshen lastForeground=com.miHoYo.Yuanshen
2026-08-02 16:01:24 PulseDaemon: cap write via daemon (5 node(s))
2026-08-02 16:01:25 PulseAutoTdp: TICK-SKIP overlayShouldShow=false autoActive=false quickAccessShouldShow=false autoTdpPackage=null boundPackage=com.miHoYo.Yuanshen lastForeground=com.miHoYo.Yuanshen
2026-08-02 16:01:26 PulseAutoTdp: TICK-SKIP overlayShouldShow=false autoActive=false quickAccessShouldShow=false autoTdpPackage=null boundPackage=com.miHoYo.Yuanshen lastForeground=com.miHoYo.Yuanshen
2026-08-02 16:01:27 PulseDaemon: cap write via daemon (5 node(s))
2026-08-02 16:01:28 PulseAutoTdp: TICK-SKIP overlayShouldShow=false autoActive=false quickAccessShouldShow=false autoTdpPackage=null boundPackage=com.miHoYo.Yuanshen lastForeground=com.miHoYo.Yuanshen
2026-08-02 16:01:29 PulseAutoTdp: TICK-SKIP overlayShouldShow=false autoActive=false quickAccessShouldShow=false autoTdpPackage=null boundPackage=com.miHoYo.Yuanshen lastForeground=com.miHoYo.Yuanshen
2026-08-02 16:01:30 PulseDaemon: cap write via daemon (5 node(s))
2026-08-02 16:01:31 PulseAutoTdp: TICK-SKIP overlayShouldShow=false autoActive=false quickAccessShouldShow=false autoTdpPackage=null boundPackage=com.miHoYo.Yuanshen lastForeground=com.miHoYo.Yuanshen
2026-08-02 16:01:32 PulseAutoTdp: TICK-SKIP overlayShouldShow=false autoActive=false quickAccessShouldShow=false autoTdpPackage=null boundPackage=com.miHoYo.Yuanshen lastForeground=com.miHoYo.Yuanshen
2026-08-02 16:01:32 PulseDaemon: cap write via daemon (5 node(s))
2026-08-02 16:01:33 PulseAutoTdp: TICK-SKIP overlayShouldShow=false autoActive=false quickAccessShouldShow=false autoTdpPackage=null boundPackage=com.miHoYo.Yuanshen lastForeground=com.miHoYo.Yuanshen
2026-08-02 16:01:35 PulseAutoTdp: TICK-SKIP overlayShouldShow=false autoActive=false quickAccessShouldShow=false autoTdpPackage=null boundPackage=com.miHoYo.Yuanshen lastForeground=com.miHoYo.Yuanshen
2026-08-02 16:01:35 PulseDaemon: cap write via daemon (5 node(s))
2026-08-02 16:01:36 PulseAutoTdp: TICK-SKIP overlayShouldShow=false autoActive=false quickAccessShouldShow=false autoTdpPackage=null boundPackage=com.miHoYo.Yuanshen lastForeground=com.miHoYo.Yuanshen
2026-08-02 16:01:38 PulseAutoTdp: TICK-SKIP overlayShouldShow=false autoActive=false quickAccessShouldShow=false autoTdpPackage=null boundPackage=com.miHoYo.Yuanshen lastForeground=com.miHoYo.Yuanshen
2026-08-02 16:01:38 PulseDaemon: cap write via daemon (5 node(s))
2026-08-02 16:01:39 PulseAutoTdp: TICK-SKIP overlayShouldShow=false autoActive=false quickAccessShouldShow=false autoTdpPackage=null boundPackage=com.miHoYo.Yuanshen lastForeground=com.miHoYo.Yuanshen
2026-08-02 16:01:40 PulseAutoTdp: TICK-SKIP overlayShouldShow=false autoActive=false quickAccessShouldShow=false autoTdpPackage=null boundPackage=com.miHoYo.Yuanshen lastForeground=com.miHoYo.Yuanshen
2026-08-02 16:01:41 PulseDaemon: cap write via daemon (5 node(s))
2026-08-02 16:01:42 PulseAutoTdp: TICK-SKIP overlayShouldShow=false autoActive=false quickAccessShouldShow=false autoTdpPackage=null boundPackage=com.miHoYo.Yuanshen lastForeground=com.miHoYo.Yuanshen
2026-08-02 16:01:43 PulseAutoTdp: TICK-SKIP overlayShouldShow=false autoActive=false quickAccessShouldShow=false autoTdpPackage=null boundPackage=com.miHoYo.Yuanshen lastForeground=com.miHoYo.Yuanshen
2026-08-02 16:01:44 PulseDaemon: cap write via daemon (5 node(s))
2026-08-02 16:01:45 PulseAutoTdp: TICK-SKIP overlayShouldShow=false autoActive=false quickAccessShouldShow=false autoTdpPackage=null boundPackage=com.miHoYo.Yuanshen lastForeground=com.miHoYo.Yuanshen
2026-08-02 16:01:46 PulseAutoTdp: TICK-SKIP overlayShouldShow=false autoActive=false quickAccessShouldShow=false autoTdpPackage=null boundPackage=com.miHoYo.Yuanshen lastForeground=com.miHoYo.Yuanshen
2026-08-02 16:01:46 PulseDaemon: cap write via daemon (5 node(s))
2026-08-02 16:01:47 PulseAutoTdp: TICK-SKIP overlayShouldShow=false autoActive=false quickAccessShouldShow=false autoTdpPackage=null boundPackage=com.miHoYo.Yuanshen lastForeground=com.miHoYo.Yuanshen
2026-08-02 16:01:49 PulseAutoTdp: TICK-SKIP overlayShouldShow=false autoActive=false quickAccessShouldShow=false autoTdpPackage=null boundPackage=com.miHoYo.Yuanshen lastForeground=com.miHoYo.Yuanshen
2026-08-02 16:01:49 PulseDaemon: cap write via daemon (5 node(s))
2026-08-02 16:01:50 PulseAutoTdp: TICK-SKIP overlayShouldShow=false autoActive=false quickAccessShouldShow=false autoTdpPackage=null boundPackage=com.miHoYo.Yuanshen lastForeground=com.miHoYo.Yuanshen
2026-08-02 16:01:52 PulseAutoTdp: TICK-SKIP overlayShouldShow=false autoActive=false quickAccessShouldShow=false autoTdpPackage=null boundPackage=com.miHoYo.Yuanshen lastForeground=com.miHoYo.Yuanshen
2026-08-02 16:01:52 PulseDaemon: cap write via daemon (5 node(s))
2026-08-02 16:01:53 PulseAutoTdp: TICK-SKIP overlayShouldShow=false autoActive=false quickAccessShouldShow=false autoTdpPackage=null boundPackage=com.miHoYo.Yuanshen lastForeground=com.miHoYo.Yuanshen
2026-08-02 16:01:54 PulseAutoTdp: TICK-SKIP overlayShouldShow=false autoActive=false quickAccessShouldShow=false autoTdpPackage=null boundPackage=com.miHoYo.Yuanshen lastForeground=com.miHoYo.Yuanshen
2026-08-02 16:01:55 PulseDaemon: cap write via daemon (5 node(s))
2026-08-02 16:01:56 PulseAutoTdp: TICK-SKIP overlayShouldShow=false autoActive=false quickAccessShouldShow=false autoTdpPackage=null boundPackage=com.miHoYo.Yuanshen lastForeground=com.miHoYo.Yuanshen
2026-08-02 16:01:57 PulseAutoTdp: TICK-SKIP overlayShouldShow=false autoActive=false quickAccessShouldShow=false autoTdpPackage=null boundPackage=com.miHoYo.Yuanshen lastForeground=com.miHoYo.Yuanshen
2026-08-02 16:01:58 PulseDaemon: cap write via daemon (5 node(s))
2026-08-02 16:01:59 PulseAutoTdp: TICK-SKIP overlayShouldShow=false autoActive=false quickAccessShouldShow=false autoTdpPackage=null boundPackage=com.miHoYo.Yuanshen lastForeground=com.miHoYo.Yuanshen
2026-08-02 16:02:00 PulseAutoTdp: TICK-SKIP overlayShouldShow=false autoActive=false quickAccessShouldShow=false autoTdpPackage=null boundPackage=com.miHoYo.Yuanshen lastForeground=com.miHoYo.Yuanshen
2026-08-02 16:02:01 PulseDaemon: cap write via daemon (5 node(s))
2026-08-02 16:02:02 PulseAutoTdp: TICK-SKIP overlayShouldShow=false autoActive=false quickAccessShouldShow=false autoTdpPackage=null boundPackage=com.miHoYo.Yuanshen lastForeground=com.miHoYo.Yuanshen
2026-08-02 16:02:03 PulseAutoTdp: TICK-SKIP overlayShouldShow=false autoActive=false quickAccessShouldShow=false autoTdpPackage=null boundPackage=com.miHoYo.Yuanshen lastForeground=com.miHoYo.Yuanshen
2026-08-02 16:02:03 PulseDaemon: cap write via daemon (5 node(s))
2026-08-02 16:02:04 PulseAutoTdp: TICK-SKIP overlayShouldShow=false autoActive=false quickAccessShouldShow=false autoTdpPackage=null boundPackage=com.miHoYo.Yuanshen lastForeground=com.miHoYo.Yuanshen
2026-08-02 16:02:06 PulseAutoTdp: TICK-SKIP overlayShouldShow=false autoActive=false quickAccessShouldShow=false autoTdpPackage=null boundPackage=com.miHoYo.Yuanshen lastForeground=com.miHoYo.Yuanshen
2026-08-02 16:02:06 PulseDaemon: cap write via daemon (5 node(s))
2026-08-02 16:02:07 PulseAutoTdp: TICK-SKIP overlayShouldShow=false autoActive=false quickAccessShouldShow=false autoTdpPackage=null boundPackage=com.miHoYo.Yuanshen lastForeground=com.miHoYo.Yuanshen
2026-08-02 16:02:09 PulseAutoTdp: TICK-SKIP overlayShouldShow=false autoActive=false quickAccessShouldShow=false autoTdpPackage=null boundPackage=com.miHoYo.Yuanshen lastForeground=com.miHoYo.Yuanshen
2026-08-02 16:02:09 PulseDaemon: cap write via daemon (5 node(s))
2026-08-02 16:02:10 PulseAutoTdp: TICK-SKIP overlayShouldShow=false autoActive=false quickAccessShouldShow=false autoTdpPackage=null boundPackage=com.miHoYo.Yuanshen lastForeground=com.miHoYo.Yuanshen
2026-08-02 16:02:11 PulseAutoTdp: TICK-SKIP overlayShouldShow=false autoActive=false quickAccessShouldShow=false autoTdpPackage=null boundPackage=com.miHoYo.Yuanshen lastForeground=com.miHoYo.Yuanshen
2026-08-02 16:02:12 PulseDaemon: cap write via daemon (5 node(s))
2026-08-02 16:02:13 PulseAutoTdp: TICK-SKIP overlayShouldShow=false autoActive=false quickAccessShouldShow=false autoTdpPackage=null boundPackage=com.miHoYo.Yuanshen lastForeground=com.miHoYo.Yuanshen
2026-08-02 16:02:14 PulseAutoTdp: TICK-SKIP overlayShouldShow=false autoActive=false quickAccessShouldShow=false autoTdpPackage=null boundPackage=com.miHoYo.Yuanshen lastForeground=com.miHoYo.Yuanshen
2026-08-02 16:02:15 PulseDaemon: cap write via daemon (5 node(s))
2026-08-02 16:02:16 PulseAutoTdp: TICK-SKIP overlayShouldShow=false autoActive=false quickAccessShouldShow=false autoTdpPackage=null boundPackage=com.miHoYo.Yuanshen lastForeground=com.miHoYo.Yuanshen
2026-08-02 16:02:17 PulseAutoTdp: TICK-SKIP overlayShouldShow=false autoActive=false quickAccessShouldShow=false autoTdpPackage=null boundPackage=com.miHoYo.Yuanshen lastForeground=com.miHoYo.Yuanshen
2026-08-02 16:02:18 PulseDaemon: cap write via daemon (5 node(s))
2026-08-02 16:02:19 PulseAutoTdp: TICK-SKIP overlayShouldShow=false autoActive=false quickAccessShouldShow=false autoTdpPackage=null boundPackage=com.miHoYo.Yuanshen lastForeground=com.miHoYo.Yuanshen
2026-08-02 16:02:20 PulseAutoTdp: TICK-SKIP overlayShouldShow=false autoActive=false quickAccessShouldShow=false autoTdpPackage=null boundPackage=com.miHoYo.Yuanshen lastForeground=com.miHoYo.Yuanshen
2026-08-02 16:02:20 PulseDaemon: cap write via daemon (5 node(s))
2026-08-02 16:02:21 PulseAutoTdp: TICK-SKIP overlayShouldShow=false autoActive=false quickAccessShouldShow=false autoTdpPackage=null boundPackage=com.miHoYo.Yuanshen lastForeground=com.miHoYo.Yuanshen
2026-08-02 16:02:23 PulseAutoTdp: TICK-SKIP overlayShouldShow=false autoActive=false quickAccessShouldShow=false autoTdpPackage=null boundPackage=com.miHoYo.Yuanshen lastForeground=com.miHoYo.Yuanshen
2026-08-02 16:02:23 PulseDaemon: cap write via daemon (5 node(s))
2026-08-02 16:02:24 PulseAutoTdp: TICK-SKIP overlayShouldShow=false autoActive=false quickAccessShouldShow=false autoTdpPackage=null boundPackage=com.miHoYo.Yuanshen lastForeground=com.miHoYo.Yuanshen
2026-08-02 16:02:25 PulseAutoTdp: TICK-SKIP overlayShouldShow=false autoActive=false quickAccessShouldShow=false autoTdpPackage=null boundPackage=com.miHoYo.Yuanshen lastForeground=com.miHoYo.Yuanshen
2026-08-02 16:02:26 PulseDaemon: cap write via daemon (5 node(s))
2026-08-02 16:02:27 PulseAutoTdp: TICK-SKIP overlayShouldShow=false autoActive=false quickAccessShouldShow=false autoTdpPackage=null boundPackage=com.miHoYo.Yuanshen lastForeground=com.miHoYo.Yuanshen
2026-08-02 16:02:28 PulseAutoTdp: TICK-SKIP overlayShouldShow=false autoActive=false quickAccessShouldShow=false autoTdpPackage=null boundPackage=com.miHoYo.Yuanshen lastForeground=com.miHoYo.Yuanshen
2026-08-02 16:02:29 PulseDaemon: cap write via daemon (5 node(s))
2026-08-02 16:02:30 PulseAutoTdp: TICK-SKIP overlayShouldShow=false autoActive=false quickAccessShouldShow=false autoTdpPackage=null boundPackage=com.miHoYo.Yuanshen lastForeground=com.miHoYo.Yuanshen
2026-08-02 16:02:31 PulseAutoTdp: TICK-SKIP overlayShouldShow=false autoActive=false quickAccessShouldShow=false autoTdpPackage=null boundPackage=com.miHoYo.Yuanshen lastForeground=com.miHoYo.Yuanshen
2026-08-02 16:02:32 PulseDaemon: cap write via daemon (5 node(s))
2026-08-02 16:02:33 PulseAutoTdp: TICK-SKIP overlayShouldShow=false autoActive=false quickAccessShouldShow=false autoTdpPackage=null boundPackage=com.miHoYo.Yuanshen lastForeground=com.miHoYo.Yuanshen
2026-08-02 16:02:34 PulseAutoTdp: TICK-SKIP overlayShouldShow=false autoActive=false quickAccessShouldShow=false autoTdpPackage=null boundPackage=com.miHoYo.Yuanshen lastForeground=com.miHoYo.Yuanshen
2026-08-02 16:02:34 PulseDaemon: cap write via daemon (5 node(s))
2026-08-02 16:02:35 PulseAutoTdp: TICK-SKIP overlayShouldShow=false autoActive=false quickAccessShouldShow=false autoTdpPackage=null boundPackage=com.miHoYo.Yuanshen lastForeground=com.miHoYo.Yuanshen
2026-08-02 16:02:37 PulseAutoTdp: TICK-SKIP overlayShouldShow=false autoActive=false quickAccessShouldShow=false autoTdpPackage=null boundPackage=com.miHoYo.Yuanshen lastForeground=com.miHoYo.Yuanshen
2026-08-02 16:02:37 PulseDaemon: cap write via daemon (5 node(s))
2026-08-02 16:02:38 PulseAutoTdp: TICK-SKIP overlayShouldShow=false autoActive=false quickAccessShouldShow=false autoTdpPackage=null boundPackage=com.miHoYo.Yuanshen lastForeground=com.miHoYo.Yuanshen
2026-08-02 16:02:40 PulseAutoTdp: TICK-SKIP overlayShouldShow=false autoActive=false quickAccessShouldShow=false autoTdpPackage=null boundPackage=com.miHoYo.Yuanshen lastForeground=com.miHoYo.Yuanshen
2026-08-02 16:02:40 PulseDaemon: cap write via daemon (5 node(s))
2026-08-02 16:02:41 PulseAutoTdp: TICK-SKIP overlayShouldShow=false autoActive=false quickAccessShouldShow=false autoTdpPackage=null boundPackage=com.miHoYo.Yuanshen lastForeground=com.miHoYo.Yuanshen
2026-08-02 16:02:42 PulseAutoTdp: TICK-SKIP overlayShouldShow=false autoActive=false quickAccessShouldShow=false autoTdpPackage=null boundPackage=com.miHoYo.Yuanshen lastForeground=com.miHoYo.Yuanshen
2026-08-02 16:02:43 PulseDaemon: cap write via daemon (5 node(s))
2026-08-02 16:02:44 PulseAutoTdp: TICK-SKIP overlayShouldShow=false autoActive=false quickAccessShouldShow=false autoTdpPackage=null boundPackage=com.miHoYo.Yuanshen lastForeground=com.miHoYo.Yuanshen
2026-08-02 16:02:45 PulseAutoTdp: TICK-SKIP overlayShouldShow=false autoActive=false quickAccessShouldShow=false autoTdpPackage=null boundPackage=com.miHoYo.Yuanshen lastForeground=com.miHoYo.Yuanshen
2026-08-02 16:02:46 PulseDaemon: cap write via daemon (5 node(s))
2026-08-02 16:02:47 PulseAutoTdp: TICK-SKIP overlayShouldShow=false autoActive=false quickAccessShouldShow=false autoTdpPackage=null boundPackage=com.miHoYo.Yuanshen lastForeground=com.miHoYo.Yuanshen
2026-08-02 16:02:48 PulseAutoTdp: TICK-SKIP overlayShouldShow=false autoActive=false quickAccessShouldShow=false autoTdpPackage=null boundPackage=com.miHoYo.Yuanshen lastForeground=com.miHoYo.Yuanshen
2026-08-02 16:02:49 PulseDaemon: cap write via daemon (5 node(s))
2026-08-02 16:02:50 PulseAutoTdp: TICK-SKIP overlayShouldShow=false autoActive=false quickAccessShouldShow=false autoTdpPackage=null boundPackage=com.miHoYo.Yuanshen lastForeground=com.miHoYo.Yuanshen
2026-08-02 16:02:51 PulseAutoTdp: TICK-SKIP overlayShouldShow=false autoActive=false quickAccessShouldShow=false autoTdpPackage=null boundPackage=com.miHoYo.Yuanshen lastForeground=com.miHoYo.Yuanshen
2026-08-02 16:02:51 PulseDaemon: cap write via daemon (5 node(s))
2026-08-02 16:02:52 PulseAutoTdp: TICK-SKIP overlayShouldShow=false autoActive=false quickAccessShouldShow=false autoTdpPackage=null boundPackage=com.miHoYo.Yuanshen lastForeground=com.miHoYo.Yuanshen
2026-08-02 16:02:54 PulseAutoTdp: TICK-SKIP overlayShouldShow=false autoActive=false quickAccessShouldShow=false autoTdpPackage=null boundPackage=com.miHoYo.Yuanshen lastForeground=com.miHoYo.Yuanshen
2026-08-02 16:02:54 PulseDaemon: cap write via daemon (5 node(s))
2026-08-02 16:02:55 PulseAutoTdp: TICK-SKIP overlayShouldShow=false autoActive=false quickAccessShouldShow=false autoTdpPackage=null boundPackage=com.miHoYo.Yuanshen lastForeground=com.miHoYo.Yuanshen
2026-08-02 16:02:57 PulseAutoTdp: TICK-SKIP overlayShouldShow=false autoActive=false quickAccessShouldShow=false autoTdpPackage=null boundPackage=com.miHoYo.Yuanshen lastForeground=com.miHoYo.Yuanshen
2026-08-02 16:02:57 PulseDaemon: cap write via daemon (5 node(s))
2026-08-02 16:02:58 PulseAutoTdp: TICK-SKIP overlayShouldShow=false autoActive=false quickAccessShouldShow=false autoTdpPackage=null boundPackage=com.miHoYo.Yuanshen lastForeground=com.miHoYo.Yuanshen
2026-08-02 16:02:59 PulseAutoTdp: TICK-SKIP overlayShouldShow=false autoActive=false quickAccessShouldShow=false autoTdpPackage=null boundPackage=com.miHoYo.Yuanshen lastForeground=com.miHoYo.Yuanshen
2026-08-02 16:03:00 PulseDaemon: cap write via daemon (5 node(s))
2026-08-02 16:03:01 PulseAutoTdp: TICK-SKIP overlayShouldShow=false autoActive=false quickAccessShouldShow=false autoTdpPackage=null boundPackage=com.miHoYo.Yuanshen lastForeground=com.miHoYo.Yuanshen
2026-08-02 16:03:02 PulseAutoTdp: TICK-SKIP overlayShouldShow=false autoActive=false quickAccessShouldShow=false autoTdpPackage=null boundPackage=com.miHoYo.Yuanshen lastForeground=com.miHoYo.Yuanshen
2026-08-02 16:03:03 PulseDaemon: cap write via daemon (5 node(s))
2026-08-02 16:03:04 PulseAutoTdp: TICK-SKIP overlayShouldShow=false autoActive=false quickAccessShouldShow=false autoTdpPackage=null boundPackage=com.miHoYo.Yuanshen lastForeground=com.miHoYo.Yuanshen
# ... 2 more identical lines elided (same content, only timestamp differs) ...
2026-08-02 16:03:08 PulseAutoTdp: TICK-SKIP overlayShouldShow=false autoActive=false quickAccessShouldShow=false autoTdpPackage=null boundPackage=com.miHoYo.Yuanshen lastForeground=com.miHoYo.Yuanshen
2026-08-02 16:03:08 PulseDaemon: cap write via daemon (5 node(s))
2026-08-02 16:03:09 PulseAutoTdp: TICK-SKIP overlayShouldShow=false autoActive=false quickAccessShouldShow=false autoTdpPackage=null boundPackage=com.miHoYo.Yuanshen lastForeground=com.miHoYo.Yuanshen
2026-08-02 16:03:11 PulseAutoTdp: TICK-SKIP overlayShouldShow=false autoActive=false quickAccessShouldShow=false autoTdpPackage=null boundPackage=com.miHoYo.Yuanshen lastForeground=com.miHoYo.Yuanshen
2026-08-02 16:03:11 PulseDaemon: cap write via daemon (5 node(s))
2026-08-02 16:03:12 PulseAutoTdp: TICK-SKIP overlayShouldShow=false autoActive=false quickAccessShouldShow=false autoTdpPackage=null boundPackage=com.miHoYo.Yuanshen lastForeground=com.miHoYo.Yuanshen
2026-08-02 16:03:13 PulseAutoTdp: TICK-SKIP overlayShouldShow=false autoActive=false quickAccessShouldShow=false autoTdpPackage=null boundPackage=com.miHoYo.Yuanshen lastForeground=com.miHoYo.Yuanshen
2026-08-02 16:03:14 PulseDaemon: cap write via xsu fallback (5 node(s), ~1034 chars, chunked)
2026-08-02 16:03:15 PulseAutoTdp: TICK-SKIP overlayShouldShow=false autoActive=false quickAccessShouldShow=false autoTdpPackage=null boundPackage=com.miHoYo.Yuanshen lastForeground=com.miHoYo.Yuanshen
2026-08-02 16:03:17 PulseAutoTdp: TICK-SKIP overlayShouldShow=false autoActive=false quickAccessShouldShow=false autoTdpPackage=null boundPackage=com.miHoYo.Yuanshen lastForeground=com.miHoYo.Yuanshen
2026-08-02 16:03:17 PulseDaemon: cap write via daemon (5 node(s))
2026-08-02 16:03:18 PulseAutoTdp: TICK-SKIP overlayShouldShow=false autoActive=false quickAccessShouldShow=false autoTdpPackage=null boundPackage=com.miHoYo.Yuanshen lastForeground=com.miHoYo.Yuanshen
2026-08-02 16:03:19 PulseAutoTdp: TICK-SKIP overlayShouldShow=false autoActive=false quickAccessShouldShow=false autoTdpPackage=null boundPackage=com.miHoYo.Yuanshen lastForeground=com.miHoYo.Yuanshen
2026-08-02 16:03:20 PulseDaemon: cap write via daemon (5 node(s))
2026-08-02 16:03:21 PulseAutoTdp: TICK-SKIP overlayShouldShow=false autoActive=false quickAccessShouldShow=false autoTdpPackage=null boundPackage=com.miHoYo.Yuanshen lastForeground=com.miHoYo.Yuanshen
2026-08-02 16:03:22 PulseAutoTdp: TICK-SKIP overlayShouldShow=false autoActive=false quickAccessShouldShow=false autoTdpPackage=null boundPackage=com.miHoYo.Yuanshen lastForeground=com.miHoYo.Yuanshen
2026-08-02 16:03:23 PulseDaemon: cap write via daemon (5 node(s))
2026-08-02 16:03:24 PulseAutoTdp: TICK-SKIP overlayShouldShow=false autoActive=false quickAccessShouldShow=false autoTdpPackage=null boundPackage=com.miHoYo.Yuanshen lastForeground=com.miHoYo.Yuanshen
2026-08-02 16:03:25 PulseAutoTdp: TICK-SKIP overlayShouldShow=false autoActive=false quickAccessShouldShow=false autoTdpPackage=null boundPackage=com.miHoYo.Yuanshen lastForeground=com.miHoYo.Yuanshen
2026-08-02 16:03:25 PulseDaemon: cap write via daemon (5 node(s))
2026-08-02 16:03:26 PulseAutoTdp: TICK-SKIP overlayShouldShow=false autoActive=false quickAccessShouldShow=false autoTdpPackage=null boundPackage=com.miHoYo.Yuanshen lastForeground=com.miHoYo.Yuanshen
2026-08-02 16:03:28 PulseAutoTdp: TICK-SKIP overlayShouldShow=false autoActive=false quickAccessShouldShow=false autoTdpPackage=null boundPackage=com.miHoYo.Yuanshen lastForeground=com.miHoYo.Yuanshen
2026-08-02 16:03:28 PulseDaemon: cap write via daemon (5 node(s))
2026-08-02 16:03:29 PulseAutoTdp: TICK-SKIP overlayShouldShow=false autoActive=false quickAccessShouldShow=false autoTdpPackage=null boundPackage=com.miHoYo.Yuanshen lastForeground=com.miHoYo.Yuanshen
2026-08-02 16:03:31 PulseAutoTdp: TICK-SKIP overlayShouldShow=false autoActive=false quickAccessShouldShow=false autoTdpPackage=null boundPackage=com.miHoYo.Yuanshen lastForeground=com.miHoYo.Yuanshen
2026-08-02 16:03:31 PulseDaemon: cap write via daemon (5 node(s))
2026-08-02 16:03:32 PulseAutoTdp: TICK-SKIP overlayShouldShow=false autoActive=false quickAccessShouldShow=false autoTdpPackage=null boundPackage=com.miHoYo.Yuanshen lastForeground=com.miHoYo.Yuanshen
2026-08-02 16:03:33 PulseAutoTdp: TICK-SKIP overlayShouldShow=false autoActive=false quickAccessShouldShow=false autoTdpPackage=null boundPackage=com.miHoYo.Yuanshen lastForeground=com.miHoYo.Yuanshen
2026-08-02 16:03:34 PulseDaemon: cap write via daemon (5 node(s))
2026-08-02 16:03:35 PulseAutoTdp: TICK-SKIP overlayShouldShow=false autoActive=false quickAccessShouldShow=false autoTdpPackage=null boundPackage=com.miHoYo.Yuanshen lastForeground=com.miHoYo.Yuanshen
2026-08-02 16:03:36 PulseAutoTdp: TICK-SKIP overlayShouldShow=false autoActive=false quickAccessShouldShow=false autoTdpPackage=null boundPackage=com.miHoYo.Yuanshen lastForeground=com.miHoYo.Yuanshen
2026-08-02 16:03:37 PulseDaemon: cap write via daemon (5 node(s))
2026-08-02 16:03:38 PulseAutoTdp: TICK-SKIP overlayShouldShow=false autoActive=false quickAccessShouldShow=false autoTdpPackage=null boundPackage=com.miHoYo.Yuanshen lastForeground=com.miHoYo.Yuanshen
2026-08-02 16:03:39 PulseAutoTdp: TICK-SKIP overlayShouldShow=false autoActive=false quickAccessShouldShow=false autoTdpPackage=null boundPackage=com.miHoYo.Yuanshen lastForeground=com.miHoYo.Yuanshen
2026-08-02 16:03:39 PulseDaemon: cap write via daemon (5 node(s))
2026-08-02 16:03:40 PulseAutoTdp: TICK-SKIP overlayShouldShow=false autoActive=false quickAccessShouldShow=false autoTdpPackage=null boundPackage=com.miHoYo.Yuanshen lastForeground=com.miHoYo.Yuanshen
# ... 2 more identical lines elided (same content, only timestamp differs) ...
2026-08-02 16:03:45 PulseAutoTdp: TICK-SKIP overlayShouldShow=false autoActive=false quickAccessShouldShow=false autoTdpPackage=null boundPackage=com.miHoYo.Yuanshen lastForeground=com.miHoYo.Yuanshen
2026-08-02 16:03:45 PulseDaemon: cap write via daemon (5 node(s))
2026-08-02 16:03:46 PulseAutoTdp: TICK-SKIP overlayShouldShow=false autoActive=false quickAccessShouldShow=false autoTdpPackage=null boundPackage=com.miHoYo.Yuanshen lastForeground=com.miHoYo.Yuanshen
2026-08-02 16:03:48 PulseAutoTdp: TICK-SKIP overlayShouldShow=false autoActive=false quickAccessShouldShow=false autoTdpPackage=null boundPackage=com.miHoYo.Yuanshen lastForeground=com.miHoYo.Yuanshen
2026-08-02 16:03:48 PulseDaemon: cap write via daemon (5 node(s))
2026-08-02 16:03:49 PulseAutoTdp: TICK-SKIP overlayShouldShow=false autoActive=false quickAccessShouldShow=false autoTdpPackage=null boundPackage=com.miHoYo.Yuanshen lastForeground=com.miHoYo.Yuanshen
2026-08-02 16:03:50 PulseAutoTdp: TICK-SKIP overlayShouldShow=false autoActive=false quickAccessShouldShow=false autoTdpPackage=null boundPackage=com.miHoYo.Yuanshen lastForeground=com.miHoYo.Yuanshen
2026-08-02 16:03:51 PulseDaemon: cap write via daemon (5 node(s))
2026-08-02 16:03:52 PulseAutoTdp: TICK-SKIP overlayShouldShow=false autoActive=false quickAccessShouldShow=false autoTdpPackage=null boundPackage=com.miHoYo.Yuanshen lastForeground=com.miHoYo.Yuanshen
2026-08-02 16:03:53 PulseAutoTdp: TICK-SKIP overlayShouldShow=false autoActive=false quickAccessShouldShow=false autoTdpPackage=null boundPackage=com.miHoYo.Yuanshen lastForeground=com.miHoYo.Yuanshen
2026-08-02 16:03:54 PulseDaemon: cap write via daemon (5 node(s))
2026-08-02 16:03:55 PulseAutoTdp: TICK-SKIP overlayShouldShow=false autoActive=false quickAccessShouldShow=false autoTdpPackage=null boundPackage=com.miHoYo.Yuanshen lastForeground=com.miHoYo.Yuanshen
2026-08-02 16:03:56 PulseAutoTdp: TICK-SKIP overlayShouldShow=false autoActive=false quickAccessShouldShow=false autoTdpPackage=null boundPackage=com.miHoYo.Yuanshen lastForeground=com.miHoYo.Yuanshen
2026-08-02 16:03:56 PulseDaemon: cap write via daemon (5 node(s))
2026-08-02 16:03:58 PulseAutoTdp: TICK-SKIP overlayShouldShow=false autoActive=false quickAccessShouldShow=false autoTdpPackage=null boundPackage=com.miHoYo.Yuanshen lastForeground=com.miHoYo.Yuanshen
2026-08-02 16:03:59 PulseAutoTdp: TICK-SKIP overlayShouldShow=false autoActive=false quickAccessShouldShow=false autoTdpPackage=null boundPackage=com.miHoYo.Yuanshen lastForeground=com.miHoYo.Yuanshen
2026-08-02 16:03:59 PulseDaemon: cap write via daemon (5 node(s))
2026-08-02 16:04:00 PulseAutoTdp: TICK-SKIP overlayShouldShow=false autoActive=false quickAccessShouldShow=false autoTdpPackage=null boundPackage=com.miHoYo.Yuanshen lastForeground=com.miHoYo.Yuanshen
2026-08-02 16:04:02 PulseAutoTdp: TICK-SKIP overlayShouldShow=false autoActive=false quickAccessShouldShow=false autoTdpPackage=null boundPackage=com.miHoYo.Yuanshen lastForeground=com.miHoYo.Yuanshen
2026-08-02 16:04:02 PulseDaemon: cap write via daemon (5 node(s))
2026-08-02 16:04:03 PulseAutoTdp: TICK-SKIP overlayShouldShow=false autoActive=false quickAccessShouldShow=false autoTdpPackage=null boundPackage=com.miHoYo.Yuanshen lastForeground=com.miHoYo.Yuanshen
2026-08-02 16:04:05 PulseAutoTdp: TICK-SKIP overlayShouldShow=false autoActive=false quickAccessShouldShow=false autoTdpPackage=null boundPackage=com.miHoYo.Yuanshen lastForeground=com.miHoYo.Yuanshen
2026-08-02 16:04:05 PulseDaemon: cap write via daemon (5 node(s))
2026-08-02 16:04:06 PulseAutoTdp: TICK-SKIP overlayShouldShow=false autoActive=false quickAccessShouldShow=false autoTdpPackage=null boundPackage=com.miHoYo.Yuanshen lastForeground=com.miHoYo.Yuanshen
2026-08-02 16:04:07 PulseAutoTdp: TICK-SKIP overlayShouldShow=false autoActive=false quickAccessShouldShow=false autoTdpPackage=null boundPackage=com.miHoYo.Yuanshen lastForeground=com.miHoYo.Yuanshen
2026-08-02 16:04:08 PulseDaemon: cap write via daemon (5 node(s))
2026-08-02 16:04:09 PulseAutoTdp: TICK-SKIP overlayShouldShow=false autoActive=false quickAccessShouldShow=false autoTdpPackage=null boundPackage=com.miHoYo.Yuanshen lastForeground=com.miHoYo.Yuanshen
2026-08-02 16:04:10 PulseAutoTdp: TICK-SKIP overlayShouldShow=false autoActive=false quickAccessShouldShow=false autoTdpPackage=null boundPackage=com.miHoYo.Yuanshen lastForeground=com.miHoYo.Yuanshen
2026-08-02 16:04:11 PulseDaemon: cap write via daemon (5 node(s))
2026-08-02 16:04:12 PulseAutoTdp: TICK-SKIP overlayShouldShow=false autoActive=false quickAccessShouldShow=false autoTdpPackage=null boundPackage=com.miHoYo.Yuanshen lastForeground=com.miHoYo.Yuanshen
2026-08-02 16:04:13 PulseAutoTdp: TICK-SKIP overlayShouldShow=false autoActive=false quickAccessShouldShow=false autoTdpPackage=null boundPackage=com.miHoYo.Yuanshen lastForeground=com.miHoYo.Yuanshen
2026-08-02 16:04:13 PulseDaemon: cap write via daemon (5 node(s))
2026-08-02 16:04:14 PulseAutoTdp: TICK-SKIP overlayShouldShow=false autoActive=false quickAccessShouldShow=false autoTdpPackage=null boundPackage=com.miHoYo.Yuanshen lastForeground=com.miHoYo.Yuanshen
2026-08-02 16:04:16 PulseAutoTdp: TICK-SKIP overlayShouldShow=false autoActive=false quickAccessShouldShow=false autoTdpPackage=null boundPackage=com.miHoYo.Yuanshen lastForeground=com.miHoYo.Yuanshen
2026-08-02 16:04:16 PulseDaemon: cap write via daemon (5 node(s))
2026-08-02 16:04:17 PulseAutoTdp: TICK-SKIP overlayShouldShow=false autoActive=false quickAccessShouldShow=false autoTdpPackage=null boundPackage=com.miHoYo.Yuanshen lastForeground=com.miHoYo.Yuanshen
2026-08-02 16:04:19 PulseAutoTdp: TICK-SKIP overlayShouldShow=false autoActive=false quickAccessShouldShow=false autoTdpPackage=null boundPackage=com.miHoYo.Yuanshen lastForeground=com.miHoYo.Yuanshen
2026-08-02 16:04:19 PulseDaemon: cap write via daemon (5 node(s))
2026-08-02 16:04:20 PulseAutoTdp: TICK-SKIP overlayShouldShow=false autoActive=false quickAccessShouldShow=false autoTdpPackage=null boundPackage=com.miHoYo.Yuanshen lastForeground=com.miHoYo.Yuanshen
2026-08-02 16:04:21 PulseAutoTdp: TICK-SKIP overlayShouldShow=false autoActive=false quickAccessShouldShow=false autoTdpPackage=null boundPackage=com.miHoYo.Yuanshen lastForeground=com.miHoYo.Yuanshen
2026-08-02 16:04:22 PulseDaemon: cap write via daemon (5 node(s))
2026-08-02 16:04:23 PulseAutoTdp: TICK-SKIP overlayShouldShow=false autoActive=false quickAccessShouldShow=false autoTdpPackage=null boundPackage=com.miHoYo.Yuanshen lastForeground=com.miHoYo.Yuanshen
2026-08-02 16:04:24 PulseAutoTdp: TICK-SKIP overlayShouldShow=false autoActive=false quickAccessShouldShow=false autoTdpPackage=null boundPackage=com.miHoYo.Yuanshen lastForeground=com.miHoYo.Yuanshen
2026-08-02 16:04:25 PulseDaemon: cap write via daemon (5 node(s))
2026-08-02 16:04:26 PulseAutoTdp: TICK-SKIP overlayShouldShow=false autoActive=false quickAccessShouldShow=false autoTdpPackage=null boundPackage=com.miHoYo.Yuanshen lastForeground=com.miHoYo.Yuanshen
2026-08-02 16:04:27 PulseAutoTdp: TICK-SKIP overlayShouldShow=false autoActive=false quickAccessShouldShow=false autoTdpPackage=null boundPackage=com.miHoYo.Yuanshen lastForeground=com.miHoYo.Yuanshen
2026-08-02 16:04:28 PulseDaemon: cap write via daemon (5 node(s))
2026-08-02 16:04:29 PulseAutoTdp: TICK-SKIP overlayShouldShow=false autoActive=false quickAccessShouldShow=false autoTdpPackage=null boundPackage=com.miHoYo.Yuanshen lastForeground=com.miHoYo.Yuanshen
2026-08-02 16:04:30 PulseAutoTdp: TICK-SKIP overlayShouldShow=false autoActive=false quickAccessShouldShow=false autoTdpPackage=null boundPackage=com.miHoYo.Yuanshen lastForeground=com.miHoYo.Yuanshen
2026-08-02 16:04:30 PulseDaemon: cap write via daemon (5 node(s))
2026-08-02 16:04:31 PulseAutoTdp: TICK-SKIP overlayShouldShow=false autoActive=false quickAccessShouldShow=false autoTdpPackage=null boundPackage=com.miHoYo.Yuanshen lastForeground=com.miHoYo.Yuanshen
2026-08-02 16:04:33 PulseAutoTdp: TICK-SKIP overlayShouldShow=false autoActive=false quickAccessShouldShow=false autoTdpPackage=null boundPackage=com.miHoYo.Yuanshen lastForeground=com.miHoYo.Yuanshen
2026-08-02 16:04:33 PulseDaemon: cap write via daemon (5 node(s))
2026-08-02 16:04:34 PulseAutoTdp: TICK-SKIP overlayShouldShow=false autoActive=false quickAccessShouldShow=false autoTdpPackage=null boundPackage=com.miHoYo.Yuanshen lastForeground=com.miHoYo.Yuanshen
2026-08-02 16:04:36 PulseAutoTdp: TICK-SKIP overlayShouldShow=false autoActive=false quickAccessShouldShow=false autoTdpPackage=null boundPackage=com.miHoYo.Yuanshen lastForeground=com.miHoYo.Yuanshen
2026-08-02 16:04:36 PulseDaemon: cap write via daemon (5 node(s))
2026-08-02 16:04:37 PulseAutoTdp: TICK-SKIP overlayShouldShow=false autoActive=false quickAccessShouldShow=false autoTdpPackage=null boundPackage=com.miHoYo.Yuanshen lastForeground=com.miHoYo.Yuanshen
2026-08-02 16:04:38 PulseAutoTdp: TICK-SKIP overlayShouldShow=false autoActive=false quickAccessShouldShow=false autoTdpPackage=null boundPackage=com.miHoYo.Yuanshen lastForeground=com.miHoYo.Yuanshen
2026-08-02 16:04:39 PulseDaemon: cap write via daemon (5 node(s))
2026-08-02 16:04:40 PulseAutoTdp: TICK-SKIP overlayShouldShow=false autoActive=false quickAccessShouldShow=false autoTdpPackage=null boundPackage=com.miHoYo.Yuanshen lastForeground=com.miHoYo.Yuanshen
2026-08-02 16:04:41 PulseAutoTdp: TICK-SKIP overlayShouldShow=false autoActive=false quickAccessShouldShow=false autoTdpPackage=null boundPackage=com.miHoYo.Yuanshen lastForeground=com.miHoYo.Yuanshen
2026-08-02 16:04:42 PulseDaemon: cap write via daemon (5 node(s))
2026-08-02 16:04:43 PulseAutoTdp: TICK-SKIP overlayShouldShow=false autoActive=false quickAccessShouldShow=false autoTdpPackage=null boundPackage=com.miHoYo.Yuanshen lastForeground=com.miHoYo.Yuanshen
2026-08-02 16:04:44 PulseAutoTdp: TICK-SKIP overlayShouldShow=false autoActive=false quickAccessShouldShow=false autoTdpPackage=null boundPackage=com.miHoYo.Yuanshen lastForeground=com.miHoYo.Yuanshen
2026-08-02 16:04:44 PulseDaemon: cap write via daemon (5 node(s))
2026-08-02 16:04:45 PulseAutoTdp: TICK-SKIP overlayShouldShow=false autoActive=false quickAccessShouldShow=false autoTdpPackage=null boundPackage=com.miHoYo.Yuanshen lastForeground=com.miHoYo.Yuanshen
2026-08-02 16:04:47 PulseAutoTdp: TICK-SKIP overlayShouldShow=false autoActive=false quickAccessShouldShow=false autoTdpPackage=null boundPackage=com.miHoYo.Yuanshen lastForeground=com.miHoYo.Yuanshen
2026-08-02 16:04:47 PulseDaemon: cap write via daemon (5 node(s))
2026-08-02 16:04:48 PulseAutoTdp: TICK-SKIP overlayShouldShow=false autoActive=false quickAccessShouldShow=false autoTdpPackage=null boundPackage=com.miHoYo.Yuanshen lastForeground=com.miHoYo.Yuanshen
2026-08-02 16:04:50 PulseAutoTdp: TICK-SKIP overlayShouldShow=false autoActive=false quickAccessShouldShow=false autoTdpPackage=null boundPackage=com.miHoYo.Yuanshen lastForeground=com.miHoYo.Yuanshen
2026-08-02 16:04:50 PulseDaemon: cap write via daemon (5 node(s))
2026-08-02 16:04:51 PulseAutoTdp: TICK-SKIP overlayShouldShow=false autoActive=false quickAccessShouldShow=false autoTdpPackage=null boundPackage=com.miHoYo.Yuanshen lastForeground=com.miHoYo.Yuanshen
2026-08-02 16:04:52 PulseAutoTdp: TICK-SKIP overlayShouldShow=false autoActive=false quickAccessShouldShow=false autoTdpPackage=null boundPackage=com.miHoYo.Yuanshen lastForeground=com.miHoYo.Yuanshen
2026-08-02 16:04:53 PulseDaemon: cap write via daemon (5 node(s))
2026-08-02 16:04:54 PulseAutoTdp: TICK-SKIP overlayShouldShow=false autoActive=false quickAccessShouldShow=false autoTdpPackage=null boundPackage=com.miHoYo.Yuanshen lastForeground=com.miHoYo.Yuanshen
2026-08-02 16:04:55 PulseAutoTdp: TICK-SKIP overlayShouldShow=false autoActive=false quickAccessShouldShow=false autoTdpPackage=null boundPackage=com.miHoYo.Yuanshen lastForeground=com.miHoYo.Yuanshen
2026-08-02 16:04:56 PulseDaemon: cap write via daemon (5 node(s))
2026-08-02 16:04:57 PulseAutoTdp: TICK-SKIP overlayShouldShow=false autoActive=false quickAccessShouldShow=false autoTdpPackage=null boundPackage=com.miHoYo.Yuanshen lastForeground=com.miHoYo.Yuanshen
2026-08-02 16:04:58 PulseAutoTdp: TICK-SKIP overlayShouldShow=false autoActive=false quickAccessShouldShow=false autoTdpPackage=null boundPackage=com.miHoYo.Yuanshen lastForeground=com.miHoYo.Yuanshen
2026-08-02 16:04:59 PulseDaemon: cap write via daemon (5 node(s))
2026-08-02 16:05:00 PulseAutoTdp: TICK-SKIP overlayShouldShow=false autoActive=false quickAccessShouldShow=false autoTdpPackage=null boundPackage=com.miHoYo.Yuanshen lastForeground=com.miHoYo.Yuanshen
2026-08-02 16:05:01 PulseAutoTdp: TICK-SKIP overlayShouldShow=false autoActive=false quickAccessShouldShow=false autoTdpPackage=null boundPackage=com.miHoYo.Yuanshen lastForeground=com.miHoYo.Yuanshen
2026-08-02 16:05:01 PulseDaemon: cap write via daemon (5 node(s))
2026-08-02 16:05:02 PulseAutoTdp: TICK-SKIP overlayShouldShow=false autoActive=false quickAccessShouldShow=false autoTdpPackage=null boundPackage=com.miHoYo.Yuanshen lastForeground=com.miHoYo.Yuanshen
2026-08-02 16:05:04 PulseAutoTdp: TICK-SKIP overlayShouldShow=false autoActive=false quickAccessShouldShow=false autoTdpPackage=null boundPackage=com.miHoYo.Yuanshen lastForeground=com.miHoYo.Yuanshen
2026-08-02 16:05:04 PulseDaemon: cap write via daemon (5 node(s))
2026-08-02 16:05:05 PulseAutoTdp: TICK-SKIP overlayShouldShow=false autoActive=false quickAccessShouldShow=false autoTdpPackage=null boundPackage=com.miHoYo.Yuanshen lastForeground=com.miHoYo.Yuanshen
2026-08-02 16:05:07 PulseAutoTdp: TICK-SKIP overlayShouldShow=false autoActive=false quickAccessShouldShow=false autoTdpPackage=null boundPackage=com.miHoYo.Yuanshen lastForeground=com.miHoYo.Yuanshen
2026-08-02 16:05:07 PulseDaemon: cap write via daemon (5 node(s))
2026-08-02 16:05:08 PulseAutoTdp: TICK-SKIP overlayShouldShow=false autoActive=false quickAccessShouldShow=false autoTdpPackage=null boundPackage=com.miHoYo.Yuanshen lastForeground=com.miHoYo.Yuanshen
2026-08-02 16:05:09 PulseAutoTdp: TICK-SKIP overlayShouldShow=false autoActive=false quickAccessShouldShow=false autoTdpPackage=null boundPackage=com.miHoYo.Yuanshen lastForeground=com.miHoYo.Yuanshen
2026-08-02 16:05:10 PulseDaemon: cap write via daemon (5 node(s))
2026-08-02 16:05:11 PulseAutoTdp: TICK-SKIP overlayShouldShow=false autoActive=false quickAccessShouldShow=false autoTdpPackage=null boundPackage=com.miHoYo.Yuanshen lastForeground=com.miHoYo.Yuanshen
2026-08-02 16:05:12 PulseAutoTdp: TICK-SKIP overlayShouldShow=false autoActive=false quickAccessShouldShow=false autoTdpPackage=null boundPackage=com.miHoYo.Yuanshen lastForeground=com.miHoYo.Yuanshen
2026-08-02 16:05:13 PulseDaemon: cap write via daemon (5 node(s))
2026-08-02 16:05:14 PulseAutoTdp: TICK-SKIP overlayShouldShow=false autoActive=false quickAccessShouldShow=false autoTdpPackage=null boundPackage=com.miHoYo.Yuanshen lastForeground=com.miHoYo.Yuanshen
2026-08-02 16:05:15 PulseAutoTdp: TICK-SKIP overlayShouldShow=false autoActive=false quickAccessShouldShow=false autoTdpPackage=null boundPackage=com.miHoYo.Yuanshen lastForeground=com.miHoYo.Yuanshen
2026-08-02 16:05:15 PulseDaemon: cap write via daemon (5 node(s))
2026-08-02 16:05:17 PulseAutoTdp: TICK-SKIP overlayShouldShow=false autoActive=false quickAccessShouldShow=false autoTdpPackage=null boundPackage=com.miHoYo.Yuanshen lastForeground=com.miHoYo.Yuanshen
2026-08-02 16:05:18 PulseAutoTdp: TICK-SKIP overlayShouldShow=false autoActive=false quickAccessShouldShow=false autoTdpPackage=null boundPackage=com.miHoYo.Yuanshen lastForeground=com.miHoYo.Yuanshen
2026-08-02 16:05:18 PulseDaemon: cap write via daemon (5 node(s))
2026-08-02 16:05:19 PulseAutoTdp: TICK-SKIP overlayShouldShow=false autoActive=false quickAccessShouldShow=false autoTdpPackage=null boundPackage=com.miHoYo.Yuanshen lastForeground=com.miHoYo.Yuanshen
2026-08-02 16:05:21 PulseAutoTdp: TICK-SKIP overlayShouldShow=false autoActive=false quickAccessShouldShow=false autoTdpPackage=null boundPackage=com.miHoYo.Yuanshen lastForeground=com.miHoYo.Yuanshen
2026-08-02 16:05:21 PulseDaemon: cap write via daemon (5 node(s))
2026-08-02 16:05:22 PulseAutoTdp: TICK-SKIP overlayShouldShow=false autoActive=false quickAccessShouldShow=false autoTdpPackage=null boundPackage=com.miHoYo.Yuanshen lastForeground=com.miHoYo.Yuanshen
2026-08-02 16:05:23 PulseAutoTdp: TICK-SKIP overlayShouldShow=false autoActive=false quickAccessShouldShow=false autoTdpPackage=null boundPackage=com.miHoYo.Yuanshen lastForeground=com.miHoYo.Yuanshen
2026-08-02 16:05:24 PulseDaemon: cap write via daemon (5 node(s))
2026-08-02 16:05:25 PulseAutoTdp: TICK-SKIP overlayShouldShow=false autoActive=false quickAccessShouldShow=false autoTdpPackage=null boundPackage=com.miHoYo.Yuanshen lastForeground=com.miHoYo.Yuanshen
2026-08-02 16:05:26 PulseAutoTdp: TICK-SKIP overlayShouldShow=false autoActive=false quickAccessShouldShow=false autoTdpPackage=null boundPackage=com.miHoYo.Yuanshen lastForeground=com.miHoYo.Yuanshen
2026-08-02 16:05:27 PulseDaemon: cap write via daemon (5 node(s))
2026-08-02 16:05:28 PulseAutoTdp: TICK-SKIP overlayShouldShow=false autoActive=false quickAccessShouldShow=false autoTdpPackage=null boundPackage=com.miHoYo.Yuanshen lastForeground=com.miHoYo.Yuanshen
2026-08-02 16:05:29 PulseAutoTdp: TICK-SKIP overlayShouldShow=false autoActive=false quickAccessShouldShow=false autoTdpPackage=null boundPackage=com.miHoYo.Yuanshen lastForeground=com.miHoYo.Yuanshen
2026-08-02 16:05:30 PulseDaemon: cap write via daemon (5 node(s))
2026-08-02 16:05:31 PulseAutoTdp: TICK-SKIP overlayShouldShow=false autoActive=false quickAccessShouldShow=false autoTdpPackage=null boundPackage=com.miHoYo.Yuanshen lastForeground=com.miHoYo.Yuanshen
2026-08-02 16:05:32 PulseAutoTdp: TICK-SKIP overlayShouldShow=false autoActive=false quickAccessShouldShow=false autoTdpPackage=null boundPackage=com.miHoYo.Yuanshen lastForeground=com.miHoYo.Yuanshen
2026-08-02 16:05:32 PulseDaemon: cap write via daemon (5 node(s))
2026-08-02 16:05:33 PulseAutoTdp: TICK-SKIP overlayShouldShow=false autoActive=false quickAccessShouldShow=false autoTdpPackage=null boundPackage=com.miHoYo.Yuanshen lastForeground=com.miHoYo.Yuanshen
2026-08-02 16:05:35 PulseAutoTdp: TICK-SKIP overlayShouldShow=false autoActive=false quickAccessShouldShow=false autoTdpPackage=null boundPackage=com.miHoYo.Yuanshen lastForeground=com.miHoYo.Yuanshen
2026-08-02 16:05:35 PulseDaemon: cap write via daemon (5 node(s))
2026-08-02 16:05:36 PulseAutoTdp: TICK-SKIP overlayShouldShow=false autoActive=false quickAccessShouldShow=false autoTdpPackage=null boundPackage=com.miHoYo.Yuanshen lastForeground=com.miHoYo.Yuanshen
2026-08-02 16:05:38 PulseAutoTdp: TICK-SKIP overlayShouldShow=false autoActive=false quickAccessShouldShow=false autoTdpPackage=null boundPackage=com.miHoYo.Yuanshen lastForeground=com.miHoYo.Yuanshen
2026-08-02 16:05:38 PulseDaemon: cap write via daemon (5 node(s))
2026-08-02 16:05:39 PulseAutoTdp: TICK-SKIP overlayShouldShow=false autoActive=false quickAccessShouldShow=false autoTdpPackage=null boundPackage=com.miHoYo.Yuanshen lastForeground=com.miHoYo.Yuanshen
2026-08-02 16:05:40 PulseAutoTdp: TICK-SKIP overlayShouldShow=false autoActive=false quickAccessShouldShow=false autoTdpPackage=null boundPackage=com.miHoYo.Yuanshen lastForeground=com.miHoYo.Yuanshen
2026-08-02 16:05:41 PulseDaemon: cap write via daemon (5 node(s))
2026-08-02 16:05:42 PulseAutoTdp: TICK-SKIP overlayShouldShow=false autoActive=false quickAccessShouldShow=false autoTdpPackage=null boundPackage=com.miHoYo.Yuanshen lastForeground=com.miHoYo.Yuanshen
2026-08-02 16:05:43 PulseAutoTdp: TICK-SKIP overlayShouldShow=false autoActive=false quickAccessShouldShow=false autoTdpPackage=null boundPackage=com.miHoYo.Yuanshen lastForeground=com.miHoYo.Yuanshen
2026-08-02 16:05:44 PulseDaemon: cap write via daemon (5 node(s))
2026-08-02 16:05:45 PulseAutoTdp: TICK-SKIP overlayShouldShow=false autoActive=false quickAccessShouldShow=false autoTdpPackage=null boundPackage=com.miHoYo.Yuanshen lastForeground=com.miHoYo.Yuanshen
2026-08-02 16:05:46 PulseAutoTdp: TICK-SKIP overlayShouldShow=false autoActive=false quickAccessShouldShow=false autoTdpPackage=null boundPackage=com.miHoYo.Yuanshen lastForeground=com.miHoYo.Yuanshen
2026-08-02 16:05:46 PulseDaemon: cap write via daemon (5 node(s))
2026-08-02 16:05:47 PulseAutoTdp: TICK-SKIP overlayShouldShow=false autoActive=false quickAccessShouldShow=false autoTdpPackage=null boundPackage=com.miHoYo.Yuanshen lastForeground=com.miHoYo.Yuanshen
2026-08-02 16:05:49 PulseAutoTdp: TICK-SKIP overlayShouldShow=false autoActive=false quickAccessShouldShow=false autoTdpPackage=null boundPackage=com.miHoYo.Yuanshen lastForeground=com.miHoYo.Yuanshen
2026-08-02 16:05:49 PulseDaemon: cap write via daemon (5 node(s))
2026-08-02 16:05:50 PulseAutoTdp: TICK-SKIP overlayShouldShow=false autoActive=false quickAccessShouldShow=false autoTdpPackage=null boundPackage=com.miHoYo.Yuanshen lastForeground=com.miHoYo.Yuanshen
2026-08-02 16:05:52 PulseAutoTdp: TICK-SKIP overlayShouldShow=false autoActive=false quickAccessShouldShow=false autoTdpPackage=null boundPackage=com.miHoYo.Yuanshen lastForeground=com.miHoYo.Yuanshen
2026-08-02 16:05:52 PulseDaemon: cap write via daemon (5 node(s))
2026-08-02 16:05:53 PulseAutoTdp: TICK-SKIP overlayShouldShow=false autoActive=false quickAccessShouldShow=false autoTdpPackage=null boundPackage=com.miHoYo.Yuanshen lastForeground=com.miHoYo.Yuanshen
2026-08-02 16:05:54 PulseAutoTdp: TICK-SKIP overlayShouldShow=false autoActive=false quickAccessShouldShow=false autoTdpPackage=null boundPackage=com.miHoYo.Yuanshen lastForeground=com.miHoYo.Yuanshen
2026-08-02 16:05:55 PulseDaemon: cap write via daemon (5 node(s))
2026-08-02 16:05:56 PulseAutoTdp: TICK-SKIP overlayShouldShow=false autoActive=false quickAccessShouldShow=false autoTdpPackage=null boundPackage=com.miHoYo.Yuanshen lastForeground=com.miHoYo.Yuanshen
2026-08-02 16:05:57 PulseAutoTdp: TICK-SKIP overlayShouldShow=false autoActive=false quickAccessShouldShow=false autoTdpPackage=null boundPackage=com.miHoYo.Yuanshen lastForeground=com.miHoYo.Yuanshen
2026-08-02 16:05:58 PulseDaemon: cap write via daemon (5 node(s))
2026-08-02 16:05:59 PulseAutoTdp: TICK-SKIP overlayShouldShow=false autoActive=false quickAccessShouldShow=false autoTdpPackage=null boundPackage=com.miHoYo.Yuanshen lastForeground=com.miHoYo.Yuanshen
2026-08-02 16:06:00 PulseAutoTdp: TICK-SKIP overlayShouldShow=false autoActive=false quickAccessShouldShow=false autoTdpPackage=null boundPackage=com.miHoYo.Yuanshen lastForeground=com.miHoYo.Yuanshen
2026-08-02 16:06:00 PulseDaemon: cap write via daemon (5 node(s))
2026-08-02 16:06:01 PulseAutoTdp: TICK-SKIP overlayShouldShow=false autoActive=false quickAccessShouldShow=false autoTdpPackage=null boundPackage=com.miHoYo.Yuanshen lastForeground=com.miHoYo.Yuanshen
2026-08-02 16:06:03 PulseAutoTdp: TICK-SKIP overlayShouldShow=false autoActive=false quickAccessShouldShow=false autoTdpPackage=null boundPackage=com.miHoYo.Yuanshen lastForeground=com.miHoYo.Yuanshen
2026-08-02 16:06:03 PulseDaemon: cap write via daemon (5 node(s))
2026-08-02 16:06:04 PulseAutoTdp: TICK-SKIP overlayShouldShow=false autoActive=false quickAccessShouldShow=false autoTdpPackage=null boundPackage=com.miHoYo.Yuanshen lastForeground=com.miHoYo.Yuanshen
2026-08-02 16:06:06 PulseAutoTdp: TICK-SKIP overlayShouldShow=false autoActive=false quickAccessShouldShow=false autoTdpPackage=null boundPackage=com.miHoYo.Yuanshen lastForeground=com.miHoYo.Yuanshen
2026-08-02 16:06:06 PulseDaemon: cap write via daemon (5 node(s))
2026-08-02 16:06:07 PulseAutoTdp: TICK-SKIP overlayShouldShow=false autoActive=false quickAccessShouldShow=false autoTdpPackage=null boundPackage=com.miHoYo.Yuanshen lastForeground=com.miHoYo.Yuanshen
2026-08-02 16:06:08 PulseAutoTdp: TICK-SKIP overlayShouldShow=false autoActive=false quickAccessShouldShow=false autoTdpPackage=null boundPackage=com.miHoYo.Yuanshen lastForeground=com.miHoYo.Yuanshen
2026-08-02 16:06:09 PulseDaemon: cap write via daemon (5 node(s))
2026-08-02 16:06:10 PulseAutoTdp: TICK-SKIP overlayShouldShow=false autoActive=false quickAccessShouldShow=false autoTdpPackage=null boundPackage=com.miHoYo.Yuanshen lastForeground=com.miHoYo.Yuanshen
2026-08-02 16:06:11 PulseAutoTdp: TICK-SKIP overlayShouldShow=false autoActive=false quickAccessShouldShow=false autoTdpPackage=null boundPackage=com.miHoYo.Yuanshen lastForeground=com.miHoYo.Yuanshen
2026-08-02 16:06:12 PulseDaemon: cap write via daemon (5 node(s))
2026-08-02 16:06:13 PulseAutoTdp: TICK-SKIP overlayShouldShow=false autoActive=false quickAccessShouldShow=false autoTdpPackage=null boundPackage=com.miHoYo.Yuanshen lastForeground=com.miHoYo.Yuanshen
2026-08-02 16:06:14 PulseAutoTdp: TICK-SKIP overlayShouldShow=false autoActive=false quickAccessShouldShow=false autoTdpPackage=null boundPackage=com.miHoYo.Yuanshen lastForeground=com.miHoYo.Yuanshen
2026-08-02 16:06:15 PulseDaemon: cap write via daemon (5 node(s))
2026-08-02 16:06:16 PulseAutoTdp: TICK-SKIP overlayShouldShow=false autoActive=false quickAccessShouldShow=false autoTdpPackage=null boundPackage=com.miHoYo.Yuanshen lastForeground=com.miHoYo.Yuanshen
2026-08-02 16:06:17 PulseAutoTdp: TICK-SKIP overlayShouldShow=false autoActive=false quickAccessShouldShow=false autoTdpPackage=null boundPackage=com.miHoYo.Yuanshen lastForeground=com.miHoYo.Yuanshen
2026-08-02 16:06:17 PulseDaemon: cap write via daemon (5 node(s))
2026-08-02 16:06:18 PulseAutoTdp: TICK-SKIP overlayShouldShow=false autoActive=false quickAccessShouldShow=false autoTdpPackage=null boundPackage=com.miHoYo.Yuanshen lastForeground=com.miHoYo.Yuanshen
2026-08-02 16:06:20 PulseAutoTdp: TICK-SKIP overlayShouldShow=false autoActive=false quickAccessShouldShow=false autoTdpPackage=null boundPackage=com.miHoYo.Yuanshen lastForeground=com.miHoYo.Yuanshen
2026-08-02 16:06:20 PulseDaemon: cap write via daemon (5 node(s))
2026-08-02 16:06:21 PulseAutoTdp: TICK-SKIP overlayShouldShow=false autoActive=false quickAccessShouldShow=false autoTdpPackage=null boundPackage=com.miHoYo.Yuanshen lastForeground=com.miHoYo.Yuanshen
2026-08-02 16:06:23 PulseAutoTdp: TICK-SKIP overlayShouldShow=false autoActive=false quickAccessShouldShow=false autoTdpPackage=null boundPackage=com.miHoYo.Yuanshen lastForeground=com.miHoYo.Yuanshen
2026-08-02 16:06:23 PulseDaemon: cap write via daemon (5 node(s))
2026-08-02 16:06:24 PulseAutoTdp: TICK-SKIP overlayShouldShow=false autoActive=false quickAccessShouldShow=false autoTdpPackage=null boundPackage=com.miHoYo.Yuanshen lastForeground=com.miHoYo.Yuanshen
2026-08-02 16:06:25 PulseAutoTdp: TICK-SKIP overlayShouldShow=false autoActive=false quickAccessShouldShow=false autoTdpPackage=null boundPackage=com.miHoYo.Yuanshen lastForeground=com.miHoYo.Yuanshen
2026-08-02 16:06:26 PulseDaemon: cap write via daemon (5 node(s))
2026-08-02 16:06:27 PulseAutoTdp: TICK-SKIP overlayShouldShow=false autoActive=false quickAccessShouldShow=false autoTdpPackage=null boundPackage=com.miHoYo.Yuanshen lastForeground=com.miHoYo.Yuanshen
2026-08-02 16:06:28 PulseAutoTdp: TICK-SKIP overlayShouldShow=false autoActive=false quickAccessShouldShow=false autoTdpPackage=null boundPackage=com.miHoYo.Yuanshen lastForeground=com.miHoYo.Yuanshen
2026-08-02 16:06:29 PulseDaemon: cap write via daemon (5 node(s))
2026-08-02 16:06:30 PulseAutoTdp: TICK-SKIP overlayShouldShow=false autoActive=false quickAccessShouldShow=false autoTdpPackage=null boundPackage=com.miHoYo.Yuanshen lastForeground=com.miHoYo.Yuanshen
2026-08-02 16:06:31 PulseAutoTdp: TICK-SKIP overlayShouldShow=false autoActive=false quickAccessShouldShow=false autoTdpPackage=null boundPackage=com.miHoYo.Yuanshen lastForeground=com.miHoYo.Yuanshen
2026-08-02 16:06:31 PulseDaemon: cap write via daemon (5 node(s))
2026-08-02 16:06:32 PulseAutoTdp: TICK-SKIP overlayShouldShow=false autoActive=false quickAccessShouldShow=false autoTdpPackage=null boundPackage=com.miHoYo.Yuanshen lastForeground=com.miHoYo.Yuanshen
2026-08-02 16:06:34 PulseAutoTdp: TICK-SKIP overlayShouldShow=false autoActive=false quickAccessShouldShow=false autoTdpPackage=null boundPackage=com.miHoYo.Yuanshen lastForeground=com.miHoYo.Yuanshen
2026-08-02 16:06:34 PulseDaemon: cap write via daemon (5 node(s))
2026-08-02 16:06:35 PulseAutoTdp: TICK-SKIP overlayShouldShow=false autoActive=false quickAccessShouldShow=false autoTdpPackage=null boundPackage=com.miHoYo.Yuanshen lastForeground=com.miHoYo.Yuanshen
2026-08-02 16:06:37 PulseAutoTdp: TICK-SKIP overlayShouldShow=false autoActive=false quickAccessShouldShow=false autoTdpPackage=null boundPackage=com.miHoYo.Yuanshen lastForeground=com.miHoYo.Yuanshen
2026-08-02 16:06:37 PulseDaemon: cap write via daemon (5 node(s))
2026-08-02 16:06:38 PulseAutoTdp: TICK-SKIP overlayShouldShow=false autoActive=false quickAccessShouldShow=false autoTdpPackage=null boundPackage=com.miHoYo.Yuanshen lastForeground=com.miHoYo.Yuanshen
2026-08-02 16:06:40 PulseAutoTdp: TICK-SKIP overlayShouldShow=false autoActive=false quickAccessShouldShow=false autoTdpPackage=null boundPackage=com.miHoYo.Yuanshen lastForeground=com.miHoYo.Yuanshen
2026-08-02 16:06:40 PulseDaemon: cap write via daemon (5 node(s))
2026-08-02 16:06:41 PulseAutoTdp: TICK-SKIP overlayShouldShow=false autoActive=false quickAccessShouldShow=false autoTdpPackage=null boundPackage=com.miHoYo.Yuanshen lastForeground=com.miHoYo.Yuanshen
2026-08-02 16:06:42 PulseAutoTdp: TICK-SKIP overlayShouldShow=false autoActive=false quickAccessShouldShow=false autoTdpPackage=null boundPackage=com.miHoYo.Yuanshen lastForeground=com.miHoYo.Yuanshen
2026-08-02 16:06:43 PulseDaemon: cap write via daemon (5 node(s))
2026-08-02 16:06:44 PulseAutoTdp: TICK-SKIP overlayShouldShow=false autoActive=false quickAccessShouldShow=false autoTdpPackage=null boundPackage=com.miHoYo.Yuanshen lastForeground=com.miHoYo.Yuanshen
2026-08-02 16:06:45 PulseAutoTdp: TICK-SKIP overlayShouldShow=false autoActive=false quickAccessShouldShow=false autoTdpPackage=null boundPackage=com.miHoYo.Yuanshen lastForeground=com.miHoYo.Yuanshen
2026-08-02 16:06:46 PulseDaemon: cap write via daemon (5 node(s))
2026-08-02 16:06:47 PulseAutoTdp: TICK-SKIP overlayShouldShow=false autoActive=false quickAccessShouldShow=false autoTdpPackage=null boundPackage=com.miHoYo.Yuanshen lastForeground=com.miHoYo.Yuanshen
2026-08-02 16:06:48 PulseAutoTdp: TICK-SKIP overlayShouldShow=false autoActive=false quickAccessShouldShow=false autoTdpPackage=null boundPackage=com.miHoYo.Yuanshen lastForeground=com.miHoYo.Yuanshen
2026-08-02 16:06:48 PulseDaemon: cap write via daemon (5 node(s))
2026-08-02 16:06:49 PulseAutoTdp: TICK-SKIP overlayShouldShow=false autoActive=false quickAccessShouldShow=false autoTdpPackage=null boundPackage=com.miHoYo.Yuanshen lastForeground=com.miHoYo.Yuanshen
2026-08-02 16:06:51 PulseAutoTdp: TICK-SKIP overlayShouldShow=false autoActive=false quickAccessShouldShow=false autoTdpPackage=null boundPackage=com.miHoYo.Yuanshen lastForeground=com.miHoYo.Yuanshen
2026-08-02 16:06:51 PulseDaemon: cap write via xsu fallback (5 node(s), ~1034 chars, chunked)
2026-08-02 16:06:52 PulseAutoTdp: TICK-SKIP overlayShouldShow=false autoActive=false quickAccessShouldShow=false autoTdpPackage=null boundPackage=com.miHoYo.Yuanshen lastForeground=com.miHoYo.Yuanshen
2026-08-02 16:06:54 PulseAutoTdp: TICK-SKIP overlayShouldShow=false autoActive=false quickAccessShouldShow=false autoTdpPackage=null boundPackage=com.miHoYo.Yuanshen lastForeground=com.miHoYo.Yuanshen
2026-08-02 16:06:54 PulseDaemon: cap write via daemon (5 node(s))
2026-08-02 16:06:55 PulseAutoTdp: TICK-SKIP overlayShouldShow=false autoActive=false quickAccessShouldShow=false autoTdpPackage=null boundPackage=com.miHoYo.Yuanshen lastForeground=com.miHoYo.Yuanshen
2026-08-02 16:06:57 PulseAutoTdp: TICK-SKIP overlayShouldShow=false autoActive=false quickAccessShouldShow=false autoTdpPackage=null boundPackage=com.miHoYo.Yuanshen lastForeground=com.miHoYo.Yuanshen
2026-08-02 16:06:57 PulseDaemon: cap write via xsu fallback (5 node(s), ~1034 chars, chunked)
2026-08-02 16:06:58 PulseAutoTdp: TICK-SKIP overlayShouldShow=false autoActive=false quickAccessShouldShow=false autoTdpPackage=null boundPackage=com.miHoYo.Yuanshen lastForeground=com.miHoYo.Yuanshen
2026-08-02 16:07:00 PulseAutoTdp: TICK-SKIP overlayShouldShow=false autoActive=false quickAccessShouldShow=false autoTdpPackage=null boundPackage=com.miHoYo.Yuanshen lastForeground=com.miHoYo.Yuanshen
2026-08-02 16:07:00 PulseDaemon: cap write via daemon (5 node(s))
2026-08-02 16:07:01 PulseAutoTdp: TICK-SKIP overlayShouldShow=false autoActive=false quickAccessShouldShow=false autoTdpPackage=null boundPackage=com.miHoYo.Yuanshen lastForeground=com.miHoYo.Yuanshen
2026-08-02 16:07:02 PulseAutoTdp: TICK-SKIP overlayShouldShow=false autoActive=false quickAccessShouldShow=false autoTdpPackage=null boundPackage=com.miHoYo.Yuanshen lastForeground=com.miHoYo.Yuanshen
2026-08-02 16:07:03 PulseDaemon: cap write via daemon (5 node(s))
2026-08-02 16:07:04 PulseAutoTdp: TICK-SKIP overlayShouldShow=false autoActive=false quickAccessShouldShow=false autoTdpPackage=null boundPackage=com.miHoYo.Yuanshen lastForeground=com.miHoYo.Yuanshen
2026-08-02 16:07:05 PulseAutoTdp: TICK-SKIP overlayShouldShow=false autoActive=false quickAccessShouldShow=false autoTdpPackage=null boundPackage=com.miHoYo.Yuanshen lastForeground=com.miHoYo.Yuanshen
2026-08-02 16:07:06 PulseDaemon: cap write via daemon (5 node(s))
2026-08-02 16:07:07 PulseAutoTdp: TICK-SKIP overlayShouldShow=false autoActive=false quickAccessShouldShow=false autoTdpPackage=null boundPackage=com.miHoYo.Yuanshen lastForeground=com.miHoYo.Yuanshen
2026-08-02 16:07:08 PulseAutoTdp: TICK-SKIP overlayShouldShow=false autoActive=false quickAccessShouldShow=false autoTdpPackage=null boundPackage=com.miHoYo.Yuanshen lastForeground=com.miHoYo.Yuanshen
2026-08-02 16:07:09 PulseDaemon: cap write via daemon (5 node(s))
2026-08-02 16:07:10 PulseAutoTdp: TICK-SKIP overlayShouldShow=false autoActive=false quickAccessShouldShow=false autoTdpPackage=null boundPackage=com.miHoYo.Yuanshen lastForeground=com.miHoYo.Yuanshen
2026-08-02 16:07:11 PulseAutoTdp: TICK-SKIP overlayShouldShow=false autoActive=false quickAccessShouldShow=false autoTdpPackage=null boundPackage=com.miHoYo.Yuanshen lastForeground=com.miHoYo.Yuanshen
2026-08-02 16:07:11 PulseDaemon: cap write via daemon (5 node(s))
2026-08-02 16:07:12 PulseAutoTdp: TICK-SKIP overlayShouldShow=false autoActive=false quickAccessShouldShow=false autoTdpPackage=null boundPackage=com.miHoYo.Yuanshen lastForeground=com.miHoYo.Yuanshen
2026-08-02 16:07:14 PulseAutoTdp: TICK-SKIP overlayShouldShow=false autoActive=false quickAccessShouldShow=false autoTdpPackage=null boundPackage=com.miHoYo.Yuanshen lastForeground=com.miHoYo.Yuanshen
2026-08-02 16:07:14 PulseDaemon: cap write via daemon (5 node(s))
2026-08-02 16:07:15 PulseAutoTdp: TICK-SKIP overlayShouldShow=false autoActive=false quickAccessShouldShow=false autoTdpPackage=null boundPackage=com.miHoYo.Yuanshen lastForeground=com.miHoYo.Yuanshen
2026-08-02 16:07:17 PulseAutoTdp: TICK-SKIP overlayShouldShow=false autoActive=false quickAccessShouldShow=false autoTdpPackage=null boundPackage=com.miHoYo.Yuanshen lastForeground=com.miHoYo.Yuanshen
2026-08-02 16:07:17 PulseDaemon: cap write via daemon (5 node(s))
2026-08-02 16:07:18 PulseAutoTdp: TICK-SKIP overlayShouldShow=false autoActive=false quickAccessShouldShow=false autoTdpPackage=null boundPackage=com.miHoYo.Yuanshen lastForeground=com.miHoYo.Yuanshen
2026-08-02 16:07:19 PulseAutoTdp: TICK-SKIP overlayShouldShow=false autoActive=false quickAccessShouldShow=false autoTdpPackage=null boundPackage=com.miHoYo.Yuanshen lastForeground=com.miHoYo.Yuanshen
2026-08-02 16:07:20 PulseDaemon: cap write via daemon (5 node(s))
2026-08-02 16:07:21 PulseAutoTdp: TICK-SKIP overlayShouldShow=false autoActive=false quickAccessShouldShow=false autoTdpPackage=null boundPackage=com.miHoYo.Yuanshen lastForeground=com.miHoYo.Yuanshen
2026-08-02 16:07:22 PulseAutoTdp: TICK-SKIP overlayShouldShow=false autoActive=false quickAccessShouldShow=false autoTdpPackage=null boundPackage=com.miHoYo.Yuanshen lastForeground=com.miHoYo.Yuanshen
2026-08-02 16:07:23 PulseDaemon: cap write via daemon (5 node(s))
2026-08-02 16:07:24 PulseAutoTdp: TICK-SKIP overlayShouldShow=false autoActive=false quickAccessShouldShow=false autoTdpPackage=null boundPackage=com.miHoYo.Yuanshen lastForeground=com.miHoYo.Yuanshen
2026-08-02 16:07:25 PulseAutoTdp: TICK-SKIP overlayShouldShow=false autoActive=false quickAccessShouldShow=false autoTdpPackage=null boundPackage=com.miHoYo.Yuanshen lastForeground=com.miHoYo.Yuanshen
2026-08-02 16:07:25 PulseDaemon: cap write via daemon (5 node(s))
2026-08-02 16:07:26 PulseAutoTdp: TICK-SKIP overlayShouldShow=false autoActive=false quickAccessShouldShow=false autoTdpPackage=null boundPackage=com.miHoYo.Yuanshen lastForeground=com.miHoYo.Yuanshen
2026-08-02 16:07:28 PulseAutoTdp: TICK-SKIP overlayShouldShow=false autoActive=false quickAccessShouldShow=false autoTdpPackage=null boundPackage=com.miHoYo.Yuanshen lastForeground=com.miHoYo.Yuanshen
2026-08-02 16:07:28 PulseDaemon: cap write via daemon (5 node(s))
2026-08-02 16:07:29 PulseAutoTdp: TICK-SKIP overlayShouldShow=false autoActive=false quickAccessShouldShow=false autoTdpPackage=null boundPackage=com.miHoYo.Yuanshen lastForeground=com.miHoYo.Yuanshen
2026-08-02 16:07:31 PulseAutoTdp: TICK-SKIP overlayShouldShow=false autoActive=false quickAccessShouldShow=false autoTdpPackage=null boundPackage=com.miHoYo.Yuanshen lastForeground=com.miHoYo.Yuanshen
2026-08-02 16:07:31 PulseDaemon: cap write via daemon (5 node(s))
2026-08-02 16:07:32 PulseAutoTdp: TICK-SKIP overlayShouldShow=false autoActive=false quickAccessShouldShow=false autoTdpPackage=null boundPackage=com.miHoYo.Yuanshen lastForeground=com.miHoYo.Yuanshen
2026-08-02 16:07:33 PulseAutoTdp: TICK-SKIP overlayShouldShow=false autoActive=false quickAccessShouldShow=false autoTdpPackage=null boundPackage=com.miHoYo.Yuanshen lastForeground=com.miHoYo.Yuanshen
2026-08-02 16:07:34 PulseDaemon: cap write via daemon (5 node(s))
2026-08-02 16:07:35 PulseAutoTdp: TICK-SKIP overlayShouldShow=false autoActive=false quickAccessShouldShow=false autoTdpPackage=null boundPackage=com.miHoYo.Yuanshen lastForeground=com.miHoYo.Yuanshen
2026-08-02 16:07:36 PulseAutoTdp: TICK-SKIP overlayShouldShow=false autoActive=false quickAccessShouldShow=false autoTdpPackage=null boundPackage=com.miHoYo.Yuanshen lastForeground=com.miHoYo.Yuanshen
2026-08-02 16:07:37 PulseDaemon: cap write via daemon (5 node(s))
2026-08-02 16:07:38 PulseAutoTdp: TICK-SKIP overlayShouldShow=false autoActive=false quickAccessShouldShow=false autoTdpPackage=null boundPackage=com.miHoYo.Yuanshen lastForeground=com.miHoYo.Yuanshen
2026-08-02 16:07:39 PulseAutoTdp: TICK-SKIP overlayShouldShow=false autoActive=false quickAccessShouldShow=false autoTdpPackage=null boundPackage=com.miHoYo.Yuanshen lastForeground=com.miHoYo.Yuanshen
2026-08-02 16:07:40 PulseDaemon: cap write via daemon (5 node(s))
2026-08-02 16:07:41 PulseAutoTdp: TICK-SKIP overlayShouldShow=false autoActive=false quickAccessShouldShow=false autoTdpPackage=null boundPackage=com.miHoYo.Yuanshen lastForeground=com.miHoYo.Yuanshen
2026-08-02 16:07:42 PulseAutoTdp: TICK-SKIP overlayShouldShow=false autoActive=false quickAccessShouldShow=false autoTdpPackage=null boundPackage=com.miHoYo.Yuanshen lastForeground=com.miHoYo.Yuanshen
2026-08-02 16:07:42 PulseDaemon: cap write via daemon (5 node(s))
2026-08-02 16:07:43 PulseAutoTdp: TICK-SKIP overlayShouldShow=false autoActive=false quickAccessShouldShow=false autoTdpPackage=null boundPackage=com.miHoYo.Yuanshen lastForeground=com.miHoYo.Yuanshen
2026-08-02 16:07:45 PulseAutoTdp: TICK-SKIP overlayShouldShow=false autoActive=false quickAccessShouldShow=false autoTdpPackage=null boundPackage=com.miHoYo.Yuanshen lastForeground=com.miHoYo.Yuanshen
2026-08-02 16:07:45 PulseDaemon: cap write via daemon (5 node(s))
2026-08-02 16:07:46 PulseAutoTdp: TICK-SKIP overlayShouldShow=false autoActive=false quickAccessShouldShow=false autoTdpPackage=null boundPackage=com.miHoYo.Yuanshen lastForeground=com.miHoYo.Yuanshen
2026-08-02 16:07:48 PulseAutoTdp: TICK-SKIP overlayShouldShow=false autoActive=false quickAccessShouldShow=false autoTdpPackage=null boundPackage=com.miHoYo.Yuanshen lastForeground=com.miHoYo.Yuanshen
2026-08-02 16:07:48 PulseDaemon: cap write via daemon (5 node(s))
2026-08-02 16:07:49 PulseAutoTdp: TICK-SKIP overlayShouldShow=false autoActive=false quickAccessShouldShow=false autoTdpPackage=null boundPackage=com.miHoYo.Yuanshen lastForeground=com.miHoYo.Yuanshen
2026-08-02 16:07:50 PulseAutoTdp: TICK-SKIP overlayShouldShow=false autoActive=false quickAccessShouldShow=false autoTdpPackage=null boundPackage=com.miHoYo.Yuanshen lastForeground=com.miHoYo.Yuanshen
2026-08-02 16:07:51 PulseDaemon: cap write via daemon (5 node(s))
2026-08-02 16:07:52 PulseAutoTdp: TICK-SKIP overlayShouldShow=false autoActive=false quickAccessShouldShow=false autoTdpPackage=null boundPackage=com.miHoYo.Yuanshen lastForeground=com.miHoYo.Yuanshen
2026-08-02 16:07:53 PulseAutoTdp: TICK-SKIP overlayShouldShow=false autoActive=false quickAccessShouldShow=false autoTdpPackage=null boundPackage=com.miHoYo.Yuanshen lastForeground=com.miHoYo.Yuanshen
2026-08-02 16:07:54 PulseDaemon: cap write via daemon (5 node(s))
2026-08-02 16:07:55 PulseAutoTdp: TICK-SKIP overlayShouldShow=false autoActive=false quickAccessShouldShow=false autoTdpPackage=null boundPackage=com.miHoYo.Yuanshen lastForeground=com.miHoYo.Yuanshen
2026-08-02 16:07:56 PulseAutoTdp: TICK-SKIP overlayShouldShow=false autoActive=false quickAccessShouldShow=false autoTdpPackage=null boundPackage=com.miHoYo.Yuanshen lastForeground=com.miHoYo.Yuanshen
2026-08-02 16:07:57 PulseDaemon: cap write via daemon (5 node(s))
2026-08-02 16:07:58 PulseAutoTdp: TICK-SKIP overlayShouldShow=false autoActive=false quickAccessShouldShow=false autoTdpPackage=null boundPackage=com.miHoYo.Yuanshen lastForeground=com.miHoYo.Yuanshen
2026-08-02 16:07:59 PulseAutoTdp: TICK-SKIP overlayShouldShow=false autoActive=false quickAccessShouldShow=false autoTdpPackage=null boundPackage=com.miHoYo.Yuanshen lastForeground=com.miHoYo.Yuanshen
2026-08-02 16:07:59 PulseDaemon: cap write via daemon (5 node(s))
2026-08-02 16:08:00 PulseAutoTdp: TICK-SKIP overlayShouldShow=false autoActive=false quickAccessShouldShow=false autoTdpPackage=null boundPackage=com.miHoYo.Yuanshen lastForeground=com.miHoYo.Yuanshen
# ... 2 more identical lines elided (same content, only timestamp differs) ...
2026-08-02 16:08:04 PulseAutoTdp: TICK-SKIP overlayShouldShow=false autoActive=false quickAccessShouldShow=false autoTdpPackage=null boundPackage=com.miHoYo.Yuanshen lastForeground=com.miHoYo.Yuanshen
2026-08-02 16:08:05 PulseDaemon: cap write via daemon (5 node(s))
2026-08-02 16:08:06 PulseAutoTdp: TICK-SKIP overlayShouldShow=false autoActive=false quickAccessShouldShow=false autoTdpPackage=null boundPackage=com.miHoYo.Yuanshen lastForeground=com.miHoYo.Yuanshen
2026-08-02 16:08:07 PulseAutoTdp: TICK-SKIP overlayShouldShow=false autoActive=false quickAccessShouldShow=false autoTdpPackage=null boundPackage=com.miHoYo.Yuanshen lastForeground=com.miHoYo.Yuanshen
2026-08-02 16:08:08 PulseDaemon: cap write via daemon (5 node(s))
2026-08-02 16:08:09 PulseAutoTdp: TICK-SKIP overlayShouldShow=false autoActive=false quickAccessShouldShow=false autoTdpPackage=null boundPackage=com.miHoYo.Yuanshen lastForeground=com.miHoYo.Yuanshen
2026-08-02 16:08:10 PulseAutoTdp: TICK-SKIP overlayShouldShow=false autoActive=false quickAccessShouldShow=false autoTdpPackage=null boundPackage=com.miHoYo.Yuanshen lastForeground=com.miHoYo.Yuanshen
2026-08-02 16:08:11 PulseDaemon: cap write via daemon (5 node(s))
2026-08-02 16:08:12 PulseAutoTdp: TICK-SKIP overlayShouldShow=false autoActive=false quickAccessShouldShow=false autoTdpPackage=null boundPackage=com.miHoYo.Yuanshen lastForeground=com.miHoYo.Yuanshen
2026-08-02 16:08:13 PulseAutoTdp: TICK-SKIP overlayShouldShow=false autoActive=false quickAccessShouldShow=false autoTdpPackage=null boundPackage=com.miHoYo.Yuanshen lastForeground=com.miHoYo.Yuanshen
2026-08-02 16:08:13 PulseDaemon: cap write via daemon (5 node(s))
2026-08-02 16:08:14 PulseAutoTdp: TICK-SKIP overlayShouldShow=false autoActive=false quickAccessShouldShow=false autoTdpPackage=null boundPackage=com.miHoYo.Yuanshen lastForeground=com.miHoYo.Yuanshen
# ... 2 more identical lines elided (same content, only timestamp differs) ...
2026-08-02 16:08:19 PulseAutoTdp: TICK-SKIP overlayShouldShow=false autoActive=false quickAccessShouldShow=false autoTdpPackage=null boundPackage=com.miHoYo.Yuanshen lastForeground=com.miHoYo.Yuanshen
2026-08-02 16:08:19 PulseDaemon: cap write via daemon (5 node(s))
2026-08-02 16:08:20 PulseAutoTdp: TICK-SKIP overlayShouldShow=false autoActive=false quickAccessShouldShow=false autoTdpPackage=null boundPackage=com.miHoYo.Yuanshen lastForeground=com.miHoYo.Yuanshen
2026-08-02 16:08:22 PulseAutoTdp: TICK-SKIP overlayShouldShow=false autoActive=false quickAccessShouldShow=false autoTdpPackage=null boundPackage=com.miHoYo.Yuanshen lastForeground=com.miHoYo.Yuanshen
2026-08-02 16:08:22 PulseDaemon: cap write via daemon (5 node(s))
2026-08-02 16:08:23 PulseAutoTdp: TICK-SKIP overlayShouldShow=false autoActive=false quickAccessShouldShow=false autoTdpPackage=null boundPackage=com.miHoYo.Yuanshen lastForeground=com.miHoYo.Yuanshen
2026-08-02 16:08:24 PulseAutoTdp: TICK-SKIP overlayShouldShow=false autoActive=false quickAccessShouldShow=false autoTdpPackage=null boundPackage=com.miHoYo.Yuanshen lastForeground=com.miHoYo.Yuanshen
2026-08-02 16:08:25 PulseDaemon: cap write via daemon (5 node(s))
2026-08-02 16:08:26 PulseAutoTdp: TICK-SKIP overlayShouldShow=false autoActive=false quickAccessShouldShow=false autoTdpPackage=null boundPackage=com.miHoYo.Yuanshen lastForeground=com.miHoYo.Yuanshen
2026-08-02 16:08:27 PulseAutoTdp: TICK-SKIP overlayShouldShow=false autoActive=false quickAccessShouldShow=false autoTdpPackage=null boundPackage=com.miHoYo.Yuanshen lastForeground=com.miHoYo.Yuanshen
2026-08-02 16:08:28 PulseDaemon: cap write via daemon (5 node(s))
2026-08-02 16:08:29 PulseAutoTdp: TICK-SKIP overlayShouldShow=false autoActive=false quickAccessShouldShow=false autoTdpPackage=null boundPackage=com.miHoYo.Yuanshen lastForeground=com.miHoYo.Yuanshen
2026-08-02 16:08:30 PulseAutoTdp: TICK-SKIP overlayShouldShow=false autoActive=false quickAccessShouldShow=false autoTdpPackage=null boundPackage=com.miHoYo.Yuanshen lastForeground=com.miHoYo.Yuanshen
2026-08-02 16:08:31 PulseDaemon: cap write via daemon (5 node(s))
2026-08-02 16:08:32 PulseAutoTdp: TICK-SKIP overlayShouldShow=false autoActive=false quickAccessShouldShow=false autoTdpPackage=null boundPackage=com.miHoYo.Yuanshen lastForeground=com.miHoYo.Yuanshen
2026-08-02 16:08:33 PulseAutoTdp: TICK-SKIP overlayShouldShow=false autoActive=false quickAccessShouldShow=false autoTdpPackage=null boundPackage=com.miHoYo.Yuanshen lastForeground=com.miHoYo.Yuanshen
2026-08-02 16:08:33 PulseDaemon: cap write via daemon (5 node(s))
2026-08-02 16:08:34 PulseAutoTdp: TICK-SKIP overlayShouldShow=false autoActive=false quickAccessShouldShow=false autoTdpPackage=null boundPackage=com.miHoYo.Yuanshen lastForeground=com.miHoYo.Yuanshen
2026-08-02 16:08:36 PulseAutoTdp: TICK-SKIP overlayShouldShow=false autoActive=false quickAccessShouldShow=false autoTdpPackage=null boundPackage=com.miHoYo.Yuanshen lastForeground=com.miHoYo.Yuanshen
2026-08-02 16:08:36 PulseDaemon: cap write via daemon (5 node(s))
2026-08-02 16:08:37 PulseAutoTdp: TICK-SKIP overlayShouldShow=false autoActive=false quickAccessShouldShow=false autoTdpPackage=null boundPackage=com.miHoYo.Yuanshen lastForeground=com.miHoYo.Yuanshen
2026-08-02 16:08:39 PulseAutoTdp: TICK-SKIP overlayShouldShow=false autoActive=false quickAccessShouldShow=false autoTdpPackage=null boundPackage=com.miHoYo.Yuanshen lastForeground=com.miHoYo.Yuanshen
2026-08-02 16:08:39 PulseDaemon: cap write via daemon (5 node(s))
2026-08-02 16:08:40 PulseAutoTdp: TICK-SKIP overlayShouldShow=false autoActive=false quickAccessShouldShow=false autoTdpPackage=null boundPackage=com.miHoYo.Yuanshen lastForeground=com.miHoYo.Yuanshen
2026-08-02 16:08:41 PulseAutoTdp: TICK-SKIP overlayShouldShow=false autoActive=false quickAccessShouldShow=false autoTdpPackage=null boundPackage=com.miHoYo.Yuanshen lastForeground=com.miHoYo.Yuanshen
2026-08-02 16:08:42 PulseDaemon: cap write via daemon (5 node(s))
2026-08-02 16:08:43 PulseAutoTdp: TICK-SKIP overlayShouldShow=false autoActive=false quickAccessShouldShow=false autoTdpPackage=null boundPackage=com.miHoYo.Yuanshen lastForeground=com.miHoYo.Yuanshen
2026-08-02 16:08:44 PulseAutoTdp: TICK-SKIP overlayShouldShow=false autoActive=false quickAccessShouldShow=false autoTdpPackage=null boundPackage=com.miHoYo.Yuanshen lastForeground=com.miHoYo.Yuanshen
2026-08-02 16:08:45 PulseDaemon: cap write via daemon (5 node(s))
2026-08-02 16:08:46 PulseAutoTdp: TICK-SKIP overlayShouldShow=false autoActive=false quickAccessShouldShow=false autoTdpPackage=null boundPackage=com.miHoYo.Yuanshen lastForeground=com.miHoYo.Yuanshen
2026-08-02 16:08:47 PulseAutoTdp: TICK-SKIP overlayShouldShow=false autoActive=false quickAccessShouldShow=false autoTdpPackage=null boundPackage=com.miHoYo.Yuanshen lastForeground=com.miHoYo.Yuanshen
2026-08-02 16:08:48 PulseDaemon: cap write via daemon (5 node(s))
2026-08-02 16:08:49 PulseAutoTdp: TICK-SKIP overlayShouldShow=false autoActive=false quickAccessShouldShow=false autoTdpPackage=null boundPackage=com.miHoYo.Yuanshen lastForeground=com.miHoYo.Yuanshen
2026-08-02 16:08:50 PulseAutoTdp: TICK-SKIP overlayShouldShow=false autoActive=false quickAccessShouldShow=false autoTdpPackage=null boundPackage=com.miHoYo.Yuanshen lastForeground=com.miHoYo.Yuanshen
2026-08-02 16:08:50 PulseDaemon: cap write via daemon (5 node(s))
2026-08-02 16:08:51 PulseAutoTdp: TICK-SKIP overlayShouldShow=false autoActive=false quickAccessShouldShow=false autoTdpPackage=null boundPackage=com.miHoYo.Yuanshen lastForeground=com.miHoYo.Yuanshen
2026-08-02 16:08:53 PulseAutoTdp: TICK-SKIP overlayShouldShow=false autoActive=false quickAccessShouldShow=false autoTdpPackage=null boundPackage=com.miHoYo.Yuanshen lastForeground=com.miHoYo.Yuanshen
2026-08-02 16:08:53 PulseDaemon: cap write via daemon (5 node(s))
2026-08-02 16:08:54 PulseAutoTdp: TICK-SKIP overlayShouldShow=false autoActive=false quickAccessShouldShow=false autoTdpPackage=null boundPackage=com.miHoYo.Yuanshen lastForeground=com.miHoYo.Yuanshen
2026-08-02 16:08:56 PulseAutoTdp: TICK-SKIP overlayShouldShow=false autoActive=false quickAccessShouldShow=false autoTdpPackage=null boundPackage=com.miHoYo.Yuanshen lastForeground=com.miHoYo.Yuanshen
2026-08-02 16:08:56 PulseDaemon: cap write via daemon (5 node(s))
2026-08-02 16:08:57 PulseAutoTdp: TICK-SKIP overlayShouldShow=false autoActive=false quickAccessShouldShow=false autoTdpPackage=null boundPackage=com.miHoYo.Yuanshen lastForeground=com.miHoYo.Yuanshen
2026-08-02 16:08:58 PulseAutoTdp: TICK-SKIP overlayShouldShow=false autoActive=false quickAccessShouldShow=false autoTdpPackage=null boundPackage=com.miHoYo.Yuanshen lastForeground=com.miHoYo.Yuanshen
2026-08-02 16:08:59 PulseDaemon: cap write via daemon (5 node(s))
2026-08-02 16:09:00 PulseAutoTdp: TICK-SKIP overlayShouldShow=false autoActive=false quickAccessShouldShow=false autoTdpPackage=null boundPackage=com.miHoYo.Yuanshen lastForeground=com.miHoYo.Yuanshen
2026-08-02 16:09:01 PulseAutoTdp: TICK-SKIP overlayShouldShow=false autoActive=false quickAccessShouldShow=false autoTdpPackage=null boundPackage=com.miHoYo.Yuanshen lastForeground=com.miHoYo.Yuanshen
2026-08-02 16:09:02 PulseDaemon: cap write via daemon (5 node(s))
2026-08-02 16:09:03 PulseAutoTdp: TICK-SKIP overlayShouldShow=false autoActive=false quickAccessShouldShow=false autoTdpPackage=null boundPackage=com.miHoYo.Yuanshen lastForeground=com.miHoYo.Yuanshen
# ... 2 more identical lines elided (same content, only timestamp differs) ...
2026-08-02 16:09:07 PulseAutoTdp: TICK-SKIP overlayShouldShow=false autoActive=false quickAccessShouldShow=false autoTdpPackage=null boundPackage=com.miHoYo.Yuanshen lastForeground=com.miHoYo.Yuanshen
2026-08-02 16:09:07 PulseDaemon: cap write via daemon (5 node(s))
2026-08-02 16:09:08 PulseAutoTdp: TICK-SKIP overlayShouldShow=false autoActive=false quickAccessShouldShow=false autoTdpPackage=null boundPackage=com.miHoYo.Yuanshen lastForeground=com.miHoYo.Yuanshen
2026-08-02 16:09:10 PulseAutoTdp: TICK-SKIP overlayShouldShow=false autoActive=false quickAccessShouldShow=false autoTdpPackage=null boundPackage=com.miHoYo.Yuanshen lastForeground=com.miHoYo.Yuanshen
2026-08-02 16:09:10 PulseDaemon: cap write via daemon (5 node(s))
2026-08-02 16:09:11 PulseAutoTdp: TICK-SKIP overlayShouldShow=false autoActive=false quickAccessShouldShow=false autoTdpPackage=null boundPackage=com.miHoYo.Yuanshen lastForeground=com.miHoYo.Yuanshen
2026-08-02 16:09:12 PulseAutoTdp: TICK-SKIP overlayShouldShow=false autoActive=false quickAccessShouldShow=false autoTdpPackage=null boundPackage=com.miHoYo.Yuanshen lastForeground=com.miHoYo.Yuanshen
2026-08-02 16:09:13 PulseDaemon: cap write via daemon (5 node(s))
2026-08-02 16:09:14 PulseAutoTdp: TICK-SKIP overlayShouldShow=false autoActive=false quickAccessShouldShow=false autoTdpPackage=null boundPackage=com.miHoYo.Yuanshen lastForeground=com.miHoYo.Yuanshen
2026-08-02 16:09:15 PulseAutoTdp: TICK-SKIP overlayShouldShow=false autoActive=false quickAccessShouldShow=false autoTdpPackage=null boundPackage=com.miHoYo.Yuanshen lastForeground=com.miHoYo.Yuanshen
2026-08-02 16:09:16 PulseDaemon: cap write via daemon (5 node(s))
2026-08-02 16:09:17 PulseAutoTdp: TICK-SKIP overlayShouldShow=false autoActive=false quickAccessShouldShow=false autoTdpPackage=null boundPackage=com.miHoYo.Yuanshen lastForeground=com.miHoYo.Yuanshen
2026-08-02 16:09:18 PulseAutoTdp: TICK-SKIP overlayShouldShow=false autoActive=false quickAccessShouldShow=false autoTdpPackage=null boundPackage=com.miHoYo.Yuanshen lastForeground=com.miHoYo.Yuanshen
2026-08-02 16:09:18 PulseDaemon: cap write via daemon (5 node(s))
2026-08-02 16:09:19 PulseAutoTdp: TICK-SKIP overlayShouldShow=false autoActive=false quickAccessShouldShow=false autoTdpPackage=null boundPackage=com.miHoYo.Yuanshen lastForeground=com.miHoYo.Yuanshen
2026-08-02 16:09:21 PulseAutoTdp: TICK-SKIP overlayShouldShow=false autoActive=false quickAccessShouldShow=false autoTdpPackage=null boundPackage=com.miHoYo.Yuanshen lastForeground=com.miHoYo.Yuanshen
2026-08-02 16:09:21 PulseDaemon: cap write via daemon (5 node(s))
2026-08-02 16:09:22 PulseAutoTdp: TICK-SKIP overlayShouldShow=false autoActive=false quickAccessShouldShow=false autoTdpPackage=null boundPackage=com.miHoYo.Yuanshen lastForeground=com.miHoYo.Yuanshen
2026-08-02 16:09:24 PulseAutoTdp: TICK-SKIP overlayShouldShow=false autoActive=false quickAccessShouldShow=false autoTdpPackage=null boundPackage=com.miHoYo.Yuanshen lastForeground=com.miHoYo.Yuanshen
2026-08-02 16:09:24 PulseDaemon: cap write via daemon (5 node(s))
2026-08-02 16:09:25 PulseAutoTdp: TICK-SKIP overlayShouldShow=false autoActive=false quickAccessShouldShow=false autoTdpPackage=null boundPackage=com.miHoYo.Yuanshen lastForeground=com.miHoYo.Yuanshen
2026-08-02 16:09:27 PulseAutoTdp: TICK-SKIP overlayShouldShow=false autoActive=false quickAccessShouldShow=false autoTdpPackage=null boundPackage=com.miHoYo.Yuanshen lastForeground=com.miHoYo.Yuanshen
2026-08-02 16:09:27 PulseDaemon: cap write via daemon (5 node(s))
2026-08-02 16:09:28 PulseAutoTdp: TICK-SKIP overlayShouldShow=false autoActive=false quickAccessShouldShow=false autoTdpPackage=null boundPackage=com.miHoYo.Yuanshen lastForeground=com.miHoYo.Yuanshen
2026-08-02 16:09:29 PulseAutoTdp: TICK-SKIP overlayShouldShow=false autoActive=false quickAccessShouldShow=false autoTdpPackage=null boundPackage=com.miHoYo.Yuanshen lastForeground=com.miHoYo.Yuanshen
2026-08-02 16:09:30 PulseDaemon: cap write via daemon (5 node(s))
2026-08-02 16:09:31 PulseAutoTdp: TICK-SKIP overlayShouldShow=false autoActive=false quickAccessShouldShow=false autoTdpPackage=null boundPackage=com.miHoYo.Yuanshen lastForeground=com.miHoYo.Yuanshen
2026-08-02 16:09:32 PulseAutoTdp: TICK-SKIP overlayShouldShow=false autoActive=false quickAccessShouldShow=false autoTdpPackage=null boundPackage=com.miHoYo.Yuanshen lastForeground=com.miHoYo.Yuanshen
2026-08-02 16:09:33 PulseDaemon: cap write via daemon (5 node(s))
2026-08-02 16:09:34 PulseAutoTdp: TICK-SKIP overlayShouldShow=false autoActive=false quickAccessShouldShow=false autoTdpPackage=null boundPackage=com.miHoYo.Yuanshen lastForeground=com.miHoYo.Yuanshen
2026-08-02 16:09:35 PulseAutoTdp: TICK-SKIP overlayShouldShow=false autoActive=false quickAccessShouldShow=false autoTdpPackage=null boundPackage=com.miHoYo.Yuanshen lastForeground=com.miHoYo.Yuanshen
2026-08-02 16:09:35 PulseDaemon: cap write via daemon (5 node(s))
2026-08-02 16:09:36 PulseAutoTdp: TICK-SKIP overlayShouldShow=false autoActive=false quickAccessShouldShow=false autoTdpPackage=null boundPackage=com.miHoYo.Yuanshen lastForeground=com.miHoYo.Yuanshen
2026-08-02 16:09:38 PulseAutoTdp: TICK-SKIP overlayShouldShow=false autoActive=false quickAccessShouldShow=false autoTdpPackage=null boundPackage=com.miHoYo.Yuanshen lastForeground=com.miHoYo.Yuanshen
2026-08-02 16:09:38 PulseDaemon: cap write via daemon (5 node(s))
2026-08-02 16:09:39 PulseAutoTdp: TICK-SKIP overlayShouldShow=false autoActive=false quickAccessShouldShow=false autoTdpPackage=null boundPackage=com.miHoYo.Yuanshen lastForeground=com.miHoYo.Yuanshen
2026-08-02 16:09:41 PulseAutoTdp: TICK-SKIP overlayShouldShow=false autoActive=false quickAccessShouldShow=false autoTdpPackage=null boundPackage=com.miHoYo.Yuanshen lastForeground=com.miHoYo.Yuanshen
2026-08-02 16:09:41 PulseDaemon: cap write via daemon (5 node(s))
2026-08-02 16:09:42 PulseAutoTdp: TICK-SKIP overlayShouldShow=false autoActive=false quickAccessShouldShow=false autoTdpPackage=null boundPackage=com.miHoYo.Yuanshen lastForeground=com.miHoYo.Yuanshen
2026-08-02 16:09:44 PulseAutoTdp: TICK-SKIP overlayShouldShow=false autoActive=false quickAccessShouldShow=false autoTdpPackage=null boundPackage=com.miHoYo.Yuanshen lastForeground=com.miHoYo.Yuanshen
2026-08-02 16:09:44 PulseDaemon: cap write via daemon (5 node(s))
2026-08-02 16:09:45 PulseAutoTdp: TICK-SKIP overlayShouldShow=false autoActive=false quickAccessShouldShow=false autoTdpPackage=null boundPackage=com.miHoYo.Yuanshen lastForeground=com.miHoYo.Yuanshen
2026-08-02 16:09:46 PulseAutoTdp: TICK-SKIP overlayShouldShow=false autoActive=false quickAccessShouldShow=false autoTdpPackage=null boundPackage=com.miHoYo.Yuanshen lastForeground=com.miHoYo.Yuanshen
2026-08-02 16:09:47 PulseDaemon: cap write via daemon (5 node(s))
2026-08-02 16:09:48 PulseAutoTdp: TICK-SKIP overlayShouldShow=false autoActive=false quickAccessShouldShow=false autoTdpPackage=null boundPackage=com.miHoYo.Yuanshen lastForeground=com.miHoYo.Yuanshen
2026-08-02 16:09:49 PulseAutoTdp: TICK-SKIP overlayShouldShow=false autoActive=false quickAccessShouldShow=false autoTdpPackage=null boundPackage=com.miHoYo.Yuanshen lastForeground=com.miHoYo.Yuanshen
2026-08-02 16:09:50 PulseDaemon: cap write via daemon (5 node(s))
2026-08-02 16:09:51 PulseAutoTdp: TICK-SKIP overlayShouldShow=false autoActive=false quickAccessShouldShow=false autoTdpPackage=null boundPackage=com.miHoYo.Yuanshen lastForeground=com.miHoYo.Yuanshen
2026-08-02 16:09:52 PulseAutoTdp: TICK-SKIP overlayShouldShow=false autoActive=false quickAccessShouldShow=false autoTdpPackage=null boundPackage=com.miHoYo.Yuanshen lastForeground=com.miHoYo.Yuanshen
2026-08-02 16:09:53 PulseDaemon: cap write via daemon (5 node(s))
2026-08-02 16:09:54 PulseAutoTdp: TICK-SKIP overlayShouldShow=false autoActive=false quickAccessShouldShow=false autoTdpPackage=null boundPackage=com.miHoYo.Yuanshen lastForeground=com.miHoYo.Yuanshen
2026-08-02 16:09:55 PulseAutoTdp: TICK-SKIP overlayShouldShow=false autoActive=false quickAccessShouldShow=false autoTdpPackage=null boundPackage=com.miHoYo.Yuanshen lastForeground=com.miHoYo.Yuanshen
2026-08-02 16:09:55 PulseDaemon: cap write via daemon (5 node(s))
2026-08-02 16:09:56 PulseAutoTdp: TICK-SKIP overlayShouldShow=false autoActive=false quickAccessShouldShow=false autoTdpPackage=null boundPackage=com.miHoYo.Yuanshen lastForeground=com.miHoYo.Yuanshen
2026-08-02 16:09:58 PulseAutoTdp: TICK-SKIP overlayShouldShow=false autoActive=false quickAccessShouldShow=false autoTdpPackage=null boundPackage=com.miHoYo.Yuanshen lastForeground=com.miHoYo.Yuanshen
2026-08-02 16:09:58 PulseDaemon: cap write via daemon (5 node(s))
2026-08-02 16:09:59 PulseAutoTdp: TICK-SKIP overlayShouldShow=false autoActive=false quickAccessShouldShow=false autoTdpPackage=null boundPackage=com.miHoYo.Yuanshen lastForeground=com.miHoYo.Yuanshen
2026-08-02 16:10:01 PulseAutoTdp: TICK-SKIP overlayShouldShow=false autoActive=false quickAccessShouldShow=false autoTdpPackage=null boundPackage=com.miHoYo.Yuanshen lastForeground=com.miHoYo.Yuanshen
2026-08-02 16:10:01 PulseDaemon: cap write via daemon (5 node(s))
2026-08-02 16:10:02 PulseAutoTdp: TICK-SKIP overlayShouldShow=false autoActive=false quickAccessShouldShow=false autoTdpPackage=null boundPackage=com.miHoYo.Yuanshen lastForeground=com.miHoYo.Yuanshen
2026-08-02 16:10:03 PulseAutoTdp: TICK-SKIP overlayShouldShow=false autoActive=false quickAccessShouldShow=false autoTdpPackage=null boundPackage=com.miHoYo.Yuanshen lastForeground=com.miHoYo.Yuanshen
2026-08-02 16:10:04 PulseDaemon: cap write via daemon (5 node(s))
2026-08-02 16:10:05 PulseAutoTdp: TICK-SKIP overlayShouldShow=false autoActive=false quickAccessShouldShow=false autoTdpPackage=null boundPackage=com.miHoYo.Yuanshen lastForeground=com.miHoYo.Yuanshen
2026-08-02 16:10:06 PulseAutoTdp: TICK-SKIP overlayShouldShow=false autoActive=false quickAccessShouldShow=false autoTdpPackage=null boundPackage=com.miHoYo.Yuanshen lastForeground=com.miHoYo.Yuanshen
2026-08-02 16:10:07 PulseDaemon: cap write via daemon (5 node(s))
2026-08-02 16:10:08 PulseAutoTdp: TICK-SKIP overlayShouldShow=false autoActive=false quickAccessShouldShow=false autoTdpPackage=null boundPackage=com.miHoYo.Yuanshen lastForeground=com.miHoYo.Yuanshen
2026-08-02 16:10:09 PulseAutoTdp: TICK-SKIP overlayShouldShow=false autoActive=false quickAccessShouldShow=false autoTdpPackage=null boundPackage=com.miHoYo.Yuanshen lastForeground=com.miHoYo.Yuanshen
2026-08-02 16:10:09 PulseDaemon: cap write via daemon (5 node(s))
2026-08-02 16:10:10 PulseAutoTdp: TICK-SKIP overlayShouldShow=false autoActive=false quickAccessShouldShow=false autoTdpPackage=null boundPackage=com.miHoYo.Yuanshen lastForeground=com.miHoYo.Yuanshen
2026-08-02 16:10:12 PulseAutoTdp: TICK-SKIP overlayShouldShow=false autoActive=false quickAccessShouldShow=false autoTdpPackage=null boundPackage=com.miHoYo.Yuanshen lastForeground=com.miHoYo.Yuanshen
2026-08-02 16:10:12 PulseDaemon: cap write via daemon (5 node(s))
2026-08-02 16:10:13 PulseAutoTdp: TICK-SKIP overlayShouldShow=false autoActive=false quickAccessShouldShow=false autoTdpPackage=null boundPackage=com.miHoYo.Yuanshen lastForeground=com.miHoYo.Yuanshen
2026-08-02 16:10:15 PulseAutoTdp: TICK-SKIP overlayShouldShow=false autoActive=false quickAccessShouldShow=false autoTdpPackage=null boundPackage=com.miHoYo.Yuanshen lastForeground=com.miHoYo.Yuanshen
2026-08-02 16:10:15 PulseDaemon: cap write via daemon (5 node(s))
2026-08-02 16:10:16 PulseAutoTdp: TICK-SKIP overlayShouldShow=false autoActive=false quickAccessShouldShow=false autoTdpPackage=null boundPackage=com.miHoYo.Yuanshen lastForeground=com.miHoYo.Yuanshen
2026-08-02 16:10:18 PulseAutoTdp: TICK-SKIP overlayShouldShow=false autoActive=false quickAccessShouldShow=false autoTdpPackage=null boundPackage=com.miHoYo.Yuanshen lastForeground=com.miHoYo.Yuanshen
2026-08-02 16:10:18 PulseDaemon: cap write via daemon (5 node(s))
2026-08-02 16:10:19 PulseAutoTdp: TICK-SKIP overlayShouldShow=false autoActive=false quickAccessShouldShow=false autoTdpPackage=null boundPackage=com.miHoYo.Yuanshen lastForeground=com.miHoYo.Yuanshen
2026-08-02 16:10:20 PulseAutoTdp: TICK-SKIP overlayShouldShow=false autoActive=false quickAccessShouldShow=false autoTdpPackage=null boundPackage=com.miHoYo.Yuanshen lastForeground=com.miHoYo.Yuanshen
2026-08-02 16:10:21 PulseDaemon: cap write via daemon (5 node(s))
2026-08-02 16:10:22 PulseAutoTdp: TICK-SKIP overlayShouldShow=false autoActive=false quickAccessShouldShow=false autoTdpPackage=null boundPackage=com.miHoYo.Yuanshen lastForeground=com.miHoYo.Yuanshen
2026-08-02 16:10:23 PulseAutoTdp: TICK-SKIP overlayShouldShow=false autoActive=false quickAccessShouldShow=false autoTdpPackage=null boundPackage=com.miHoYo.Yuanshen lastForeground=com.miHoYo.Yuanshen
2026-08-02 16:10:24 PulseDaemon: cap write via daemon (5 node(s))
2026-08-02 16:10:25 PulseAutoTdp: TICK-SKIP overlayShouldShow=false autoActive=false quickAccessShouldShow=false autoTdpPackage=null boundPackage=com.miHoYo.Yuanshen lastForeground=com.miHoYo.Yuanshen
2026-08-02 16:10:26 PulseAutoTdp: TICK-SKIP overlayShouldShow=false autoActive=false quickAccessShouldShow=false autoTdpPackage=null boundPackage=com.miHoYo.Yuanshen lastForeground=com.miHoYo.Yuanshen
2026-08-02 16:10:27 PulseDaemon: cap write via daemon (5 node(s))
2026-08-02 16:10:28 PulseAutoTdp: TICK-SKIP overlayShouldShow=false autoActive=false quickAccessShouldShow=false autoTdpPackage=null boundPackage=com.miHoYo.Yuanshen lastForeground=com.miHoYo.Yuanshen
2026-08-02 16:10:29 PulseAutoTdp: TICK-SKIP overlayShouldShow=false autoActive=false quickAccessShouldShow=false autoTdpPackage=null boundPackage=com.miHoYo.Yuanshen lastForeground=com.miHoYo.Yuanshen
2026-08-02 16:10:29 PulseDaemon: cap write via xsu fallback (5 node(s), ~1034 chars, chunked)
2026-08-02 16:10:30 PulseAutoTdp: TICK-SKIP overlayShouldShow=false autoActive=false quickAccessShouldShow=false autoTdpPackage=null boundPackage=com.miHoYo.Yuanshen lastForeground=com.miHoYo.Yuanshen
2026-08-02 16:10:32 PulseAutoTdp: TICK-SKIP overlayShouldShow=false autoActive=false quickAccessShouldShow=false autoTdpPackage=null boundPackage=com.miHoYo.Yuanshen lastForeground=com.miHoYo.Yuanshen
2026-08-02 16:10:32 PulseDaemon: cap write via daemon (5 node(s))
2026-08-02 16:10:33 PulseAutoTdp: TICK-SKIP overlayShouldShow=false autoActive=false quickAccessShouldShow=false autoTdpPackage=null boundPackage=com.miHoYo.Yuanshen lastForeground=com.miHoYo.Yuanshen
2026-08-02 16:10:35 PulseAutoTdp: TICK-SKIP overlayShouldShow=false autoActive=false quickAccessShouldShow=false autoTdpPackage=null boundPackage=com.miHoYo.Yuanshen lastForeground=com.miHoYo.Yuanshen
2026-08-02 16:10:35 PulseDaemon: cap write via daemon (5 node(s))
2026-08-02 16:10:36 PulseAutoTdp: TICK-SKIP overlayShouldShow=false autoActive=false quickAccessShouldShow=false autoTdpPackage=null boundPackage=com.miHoYo.Yuanshen lastForeground=com.miHoYo.Yuanshen
2026-08-02 16:10:37 PulseAutoTdp: TICK-SKIP overlayShouldShow=false autoActive=false quickAccessShouldShow=false autoTdpPackage=null boundPackage=com.miHoYo.Yuanshen lastForeground=com.miHoYo.Yuanshen
2026-08-02 16:10:38 PulseDaemon: cap write via daemon (5 node(s))
2026-08-02 16:10:39 PulseAutoTdp: TICK-SKIP overlayShouldShow=false autoActive=false quickAccessShouldShow=false autoTdpPackage=null boundPackage=com.miHoYo.Yuanshen lastForeground=com.miHoYo.Yuanshen
2026-08-02 16:10:40 PulseAutoTdp: TICK-SKIP overlayShouldShow=false autoActive=false quickAccessShouldShow=false autoTdpPackage=null boundPackage=com.miHoYo.Yuanshen lastForeground=com.miHoYo.Yuanshen
2026-08-02 16:10:41 PulseDaemon: cap write via daemon (5 node(s))
2026-08-02 16:10:42 PulseAutoTdp: TICK-SKIP overlayShouldShow=false autoActive=false quickAccessShouldShow=false autoTdpPackage=null boundPackage=com.miHoYo.Yuanshen lastForeground=com.miHoYo.Yuanshen
2026-08-02 16:10:43 PulseAutoTdp: TICK-SKIP overlayShouldShow=false autoActive=false quickAccessShouldShow=false autoTdpPackage=null boundPackage=com.miHoYo.Yuanshen lastForeground=com.miHoYo.Yuanshen
2026-08-02 16:10:43 PulseDaemon: cap write via daemon (5 node(s))
2026-08-02 16:10:45 PulseAutoTdp: TICK-SKIP overlayShouldShow=false autoActive=false quickAccessShouldShow=false autoTdpPackage=null boundPackage=com.miHoYo.Yuanshen lastForeground=com.miHoYo.Yuanshen
2026-08-02 16:10:46 PulseAutoTdp: TICK-SKIP overlayShouldShow=false autoActive=false quickAccessShouldShow=false autoTdpPackage=null boundPackage=com.miHoYo.Yuanshen lastForeground=com.miHoYo.Yuanshen
2026-08-02 16:10:46 PulseDaemon: cap write via xsu fallback (5 node(s), ~1034 chars, chunked)
2026-08-02 16:10:48 PulseAutoTdp: TICK-SKIP overlayShouldShow=false autoActive=false quickAccessShouldShow=false autoTdpPackage=null boundPackage=com.miHoYo.Yuanshen lastForeground=com.miHoYo.Yuanshen
2026-08-02 16:10:49 PulseAutoTdp: TICK-SKIP overlayShouldShow=false autoActive=false quickAccessShouldShow=false autoTdpPackage=null boundPackage=com.miHoYo.Yuanshen lastForeground=com.miHoYo.Yuanshen
2026-08-02 16:10:49 PulseDaemon: cap write via daemon (5 node(s))
2026-08-02 16:10:50 PulseAutoTdp: TICK-SKIP overlayShouldShow=false autoActive=false quickAccessShouldShow=false autoTdpPackage=null boundPackage=com.miHoYo.Yuanshen lastForeground=com.miHoYo.Yuanshen
2026-08-02 16:10:52 PulseAutoTdp: TICK-SKIP overlayShouldShow=false autoActive=false quickAccessShouldShow=false autoTdpPackage=null boundPackage=com.miHoYo.Yuanshen lastForeground=com.miHoYo.Yuanshen
2026-08-02 16:10:52 PulseDaemon: cap write via daemon (5 node(s))
2026-08-02 16:10:53 PulseAutoTdp: TICK-SKIP overlayShouldShow=false autoActive=false quickAccessShouldShow=false autoTdpPackage=null boundPackage=com.miHoYo.Yuanshen lastForeground=com.miHoYo.Yuanshen
2026-08-02 16:10:54 PulseAutoTdp: TICK-SKIP overlayShouldShow=false autoActive=false quickAccessShouldShow=false autoTdpPackage=null boundPackage=com.miHoYo.Yuanshen lastForeground=com.miHoYo.Yuanshen
2026-08-02 16:10:55 PulseDaemon: cap write via daemon (5 node(s))
2026-08-02 16:10:56 PulseAutoTdp: TICK-SKIP overlayShouldShow=false autoActive=false quickAccessShouldShow=false autoTdpPackage=null boundPackage=com.miHoYo.Yuanshen lastForeground=com.miHoYo.Yuanshen
2026-08-02 16:10:57 PulseAutoTdp: TICK-SKIP overlayShouldShow=false autoActive=false quickAccessShouldShow=false autoTdpPackage=null boundPackage=com.miHoYo.Yuanshen lastForeground=com.miHoYo.Yuanshen
2026-08-02 16:10:58 PulseDaemon: cap write via daemon (5 node(s))
2026-08-02 16:10:59 PulseAutoTdp: TICK-SKIP overlayShouldShow=false autoActive=false quickAccessShouldShow=false autoTdpPackage=null boundPackage=com.miHoYo.Yuanshen lastForeground=com.miHoYo.Yuanshen
2026-08-02 16:11:00 PulseAutoTdp: TICK-SKIP overlayShouldShow=false autoActive=false quickAccessShouldShow=false autoTdpPackage=null boundPackage=com.miHoYo.Yuanshen lastForeground=com.miHoYo.Yuanshen
2026-08-02 16:11:01 PulseDaemon: cap write via daemon (5 node(s))
2026-08-02 16:11:02 PulseAutoTdp: TICK-SKIP overlayShouldShow=false autoActive=false quickAccessShouldShow=false autoTdpPackage=null boundPackage=com.miHoYo.Yuanshen lastForeground=com.miHoYo.Yuanshen
2026-08-02 16:11:03 PulseAutoTdp: TICK-SKIP overlayShouldShow=false autoActive=false quickAccessShouldShow=false autoTdpPackage=null boundPackage=com.miHoYo.Yuanshen lastForeground=com.miHoYo.Yuanshen
2026-08-02 16:11:03 PulseDaemon: cap write via daemon (5 node(s))
2026-08-02 16:11:04 PulseAutoTdp: TICK-SKIP overlayShouldShow=false autoActive=false quickAccessShouldShow=false autoTdpPackage=null boundPackage=com.miHoYo.Yuanshen lastForeground=com.miHoYo.Yuanshen
2026-08-02 16:11:06 PulseAutoTdp: TICK-SKIP overlayShouldShow=false autoActive=false quickAccessShouldShow=false autoTdpPackage=null boundPackage=com.miHoYo.Yuanshen lastForeground=com.miHoYo.Yuanshen
2026-08-02 16:11:06 PulseDaemon: cap write via daemon (5 node(s))
2026-08-02 16:11:07 PulseAutoTdp: TICK-SKIP overlayShouldShow=false autoActive=false quickAccessShouldShow=false autoTdpPackage=null boundPackage=com.miHoYo.Yuanshen lastForeground=com.miHoYo.Yuanshen
2026-08-02 16:11:09 PulseAutoTdp: TICK-SKIP overlayShouldShow=false autoActive=false quickAccessShouldShow=false autoTdpPackage=null boundPackage=com.miHoYo.Yuanshen lastForeground=com.miHoYo.Yuanshen
2026-08-02 16:11:09 PulseDaemon: cap write via daemon (5 node(s))
2026-08-02 16:11:10 PulseAutoTdp: TICK-SKIP overlayShouldShow=false autoActive=false quickAccessShouldShow=false autoTdpPackage=null boundPackage=com.miHoYo.Yuanshen lastForeground=com.miHoYo.Yuanshen
2026-08-02 16:11:11 PulseAutoTdp: TICK-SKIP overlayShouldShow=false autoActive=false quickAccessShouldShow=false autoTdpPackage=null boundPackage=com.miHoYo.Yuanshen lastForeground=com.miHoYo.Yuanshen
2026-08-02 16:11:12 PulseDaemon: cap write via daemon (5 node(s))
2026-08-02 16:11:13 PulseAutoTdp: TICK-SKIP overlayShouldShow=false autoActive=false quickAccessShouldShow=false autoTdpPackage=null boundPackage=com.miHoYo.Yuanshen lastForeground=com.miHoYo.Yuanshen
2026-08-02 16:11:14 PulseAutoTdp: TICK-SKIP overlayShouldShow=false autoActive=false quickAccessShouldShow=false autoTdpPackage=null boundPackage=com.miHoYo.Yuanshen lastForeground=com.miHoYo.Yuanshen
2026-08-02 16:11:15 PulseDaemon: cap write via daemon (5 node(s))
2026-08-02 16:11:16 PulseAutoTdp: TICK-SKIP overlayShouldShow=false autoActive=false quickAccessShouldShow=false autoTdpPackage=null boundPackage=com.miHoYo.Yuanshen lastForeground=com.miHoYo.Yuanshen
2026-08-02 16:11:17 PulseAutoTdp: TICK-SKIP overlayShouldShow=false autoActive=false quickAccessShouldShow=false autoTdpPackage=null boundPackage=com.miHoYo.Yuanshen lastForeground=com.miHoYo.Yuanshen
2026-08-02 16:11:18 PulseDaemon: cap write via daemon (5 node(s))
2026-08-02 16:11:19 PulseAutoTdp: TICK-SKIP overlayShouldShow=false autoActive=false quickAccessShouldShow=false autoTdpPackage=null boundPackage=com.miHoYo.Yuanshen lastForeground=com.miHoYo.Yuanshen
2026-08-02 16:11:20 PulseAutoTdp: TICK-SKIP overlayShouldShow=false autoActive=false quickAccessShouldShow=false autoTdpPackage=null boundPackage=com.miHoYo.Yuanshen lastForeground=com.miHoYo.Yuanshen
2026-08-02 16:11:20 PulseDaemon: cap write via daemon (5 node(s))
2026-08-02 16:11:21 PulseAutoTdp: TICK-SKIP overlayShouldShow=false autoActive=false quickAccessShouldShow=false autoTdpPackage=null boundPackage=com.miHoYo.Yuanshen lastForeground=com.miHoYo.Yuanshen
2026-08-02 16:11:23 PulseAutoTdp: TICK-SKIP overlayShouldShow=false autoActive=false quickAccessShouldShow=false autoTdpPackage=null boundPackage=com.miHoYo.Yuanshen lastForeground=com.miHoYo.Yuanshen
2026-08-02 16:11:23 PulseDaemon: cap write via daemon (5 node(s))
2026-08-02 16:11:24 PulseAutoTdp: TICK-SKIP overlayShouldShow=false autoActive=false quickAccessShouldShow=false autoTdpPackage=null boundPackage=com.miHoYo.Yuanshen lastForeground=com.miHoYo.Yuanshen
2026-08-02 16:11:26 PulseAutoTdp: TICK-SKIP overlayShouldShow=false autoActive=false quickAccessShouldShow=false autoTdpPackage=null boundPackage=com.miHoYo.Yuanshen lastForeground=com.miHoYo.Yuanshen
2026-08-02 16:11:26 PulseDaemon: cap write via daemon (5 node(s))
2026-08-02 16:11:27 PulseAutoTdp: TICK-SKIP overlayShouldShow=false autoActive=false quickAccessShouldShow=false autoTdpPackage=null boundPackage=com.miHoYo.Yuanshen lastForeground=com.miHoYo.Yuanshen
2026-08-02 16:11:28 PulseAutoTdp: TICK-SKIP overlayShouldShow=false autoActive=false quickAccessShouldShow=false autoTdpPackage=null boundPackage=com.miHoYo.Yuanshen lastForeground=com.miHoYo.Yuanshen
2026-08-02 16:11:29 PulseDaemon: cap write via daemon (5 node(s))
2026-08-02 16:11:30 PulseAutoTdp: TICK-SKIP overlayShouldShow=false autoActive=false quickAccessShouldShow=false autoTdpPackage=null boundPackage=com.miHoYo.Yuanshen lastForeground=com.miHoYo.Yuanshen
2026-08-02 16:11:31 PulseAutoTdp: TICK-SKIP overlayShouldShow=false autoActive=false quickAccessShouldShow=false autoTdpPackage=null boundPackage=com.miHoYo.Yuanshen lastForeground=com.miHoYo.Yuanshen
2026-08-02 16:11:32 PulseDaemon: cap write via daemon (5 node(s))
2026-08-02 16:11:33 PulseAutoTdp: TICK-SKIP overlayShouldShow=false autoActive=false quickAccessShouldShow=false autoTdpPackage=null boundPackage=com.miHoYo.Yuanshen lastForeground=com.miHoYo.Yuanshen
2026-08-02 16:11:34 PulseAutoTdp: TICK-SKIP overlayShouldShow=false autoActive=false quickAccessShouldShow=false autoTdpPackage=null boundPackage=com.miHoYo.Yuanshen lastForeground=com.miHoYo.Yuanshen
2026-08-02 16:11:35 PulseDaemon: cap write via daemon (5 node(s))
2026-08-02 16:11:36 PulseAutoTdp: TICK-SKIP overlayShouldShow=false autoActive=false quickAccessShouldShow=false autoTdpPackage=null boundPackage=com.miHoYo.Yuanshen lastForeground=com.miHoYo.Yuanshen
2026-08-02 16:11:37 PulseAutoTdp: TICK-SKIP overlayShouldShow=false autoActive=false quickAccessShouldShow=false autoTdpPackage=null boundPackage=com.miHoYo.Yuanshen lastForeground=com.miHoYo.Yuanshen
2026-08-02 16:11:37 PulseDaemon: cap write via daemon (5 node(s))
2026-08-02 16:11:38 PulseAutoTdp: TICK-SKIP overlayShouldShow=false autoActive=false quickAccessShouldShow=false autoTdpPackage=null boundPackage=com.miHoYo.Yuanshen lastForeground=com.miHoYo.Yuanshen
2026-08-02 16:11:40 PulseAutoTdp: TICK-SKIP overlayShouldShow=false autoActive=false quickAccessShouldShow=false autoTdpPackage=null boundPackage=com.miHoYo.Yuanshen lastForeground=com.miHoYo.Yuanshen
2026-08-02 16:11:40 PulseDaemon: cap write via daemon (5 node(s))
2026-08-02 16:11:41 PulseAutoTdp: TICK-SKIP overlayShouldShow=false autoActive=false quickAccessShouldShow=false autoTdpPackage=null boundPackage=com.miHoYo.Yuanshen lastForeground=com.miHoYo.Yuanshen
2026-08-02 16:11:43 PulseAutoTdp: TICK-SKIP overlayShouldShow=false autoActive=false quickAccessShouldShow=false autoTdpPackage=null boundPackage=com.miHoYo.Yuanshen lastForeground=com.miHoYo.Yuanshen
2026-08-02 16:11:43 PulseDaemon: cap write via daemon (5 node(s))
2026-08-02 16:11:44 PulseAutoTdp: TICK-SKIP overlayShouldShow=false autoActive=false quickAccessShouldShow=false autoTdpPackage=null boundPackage=com.miHoYo.Yuanshen lastForeground=com.miHoYo.Yuanshen
2026-08-02 16:11:45 PulseAutoTdp: TICK-SKIP overlayShouldShow=false autoActive=false quickAccessShouldShow=false autoTdpPackage=null boundPackage=com.miHoYo.Yuanshen lastForeground=com.miHoYo.Yuanshen
2026-08-02 16:11:46 PulseDaemon: cap write via daemon (5 node(s))
2026-08-02 16:11:47 PulseAutoTdp: TICK-SKIP overlayShouldShow=false autoActive=false quickAccessShouldShow=false autoTdpPackage=null boundPackage=com.miHoYo.Yuanshen lastForeground=com.miHoYo.Yuanshen
2026-08-02 16:11:48 PulseAutoTdp: TICK-SKIP overlayShouldShow=false autoActive=false quickAccessShouldShow=false autoTdpPackage=null boundPackage=com.miHoYo.Yuanshen lastForeground=com.miHoYo.Yuanshen
2026-08-02 16:11:49 PulseDaemon: cap write via daemon (5 node(s))
2026-08-02 16:11:50 PulseAutoTdp: TICK-SKIP overlayShouldShow=false autoActive=false quickAccessShouldShow=false autoTdpPackage=null boundPackage=com.miHoYo.Yuanshen lastForeground=com.miHoYo.Yuanshen
2026-08-02 16:11:51 PulseAutoTdp: TICK-SKIP overlayShouldShow=false autoActive=false quickAccessShouldShow=false autoTdpPackage=null boundPackage=com.miHoYo.Yuanshen lastForeground=com.miHoYo.Yuanshen
2026-08-02 16:11:52 PulseDaemon: cap write via daemon (5 node(s))
2026-08-02 16:11:53 PulseAutoTdp: TICK-SKIP overlayShouldShow=false autoActive=false quickAccessShouldShow=false autoTdpPackage=null boundPackage=com.miHoYo.Yuanshen lastForeground=com.miHoYo.Yuanshen
2026-08-02 16:11:54 PulseAutoTdp: TICK-SKIP overlayShouldShow=false autoActive=false quickAccessShouldShow=false autoTdpPackage=null boundPackage=com.miHoYo.Yuanshen lastForeground=com.miHoYo.Yuanshen
2026-08-02 16:11:55 PulseDaemon: cap write via daemon (5 node(s))
2026-08-02 16:11:56 PulseAutoTdp: TICK-SKIP overlayShouldShow=false autoActive=false quickAccessShouldShow=false autoTdpPackage=null boundPackage=com.miHoYo.Yuanshen lastForeground=com.miHoYo.Yuanshen
2026-08-02 16:11:57 PulseAutoTdp: TICK-SKIP overlayShouldShow=false autoActive=false quickAccessShouldShow=false autoTdpPackage=null boundPackage=com.miHoYo.Yuanshen lastForeground=com.miHoYo.Yuanshen
2026-08-02 16:11:57 PulseDaemon: cap write via daemon (5 node(s))
2026-08-02 16:11:58 PulseAutoTdp: TICK-SKIP overlayShouldShow=false autoActive=false quickAccessShouldShow=false autoTdpPackage=null boundPackage=com.miHoYo.Yuanshen lastForeground=com.miHoYo.Yuanshen
2026-08-02 16:12:00 PulseAutoTdp: TICK-SKIP overlayShouldShow=false autoActive=false quickAccessShouldShow=false autoTdpPackage=null boundPackage=com.miHoYo.Yuanshen lastForeground=com.miHoYo.Yuanshen
2026-08-02 16:12:00 PulseDaemon: cap write via daemon (5 node(s))
2026-08-02 16:12:01 PulseAutoTdp: TICK-SKIP overlayShouldShow=false autoActive=false quickAccessShouldShow=false autoTdpPackage=null boundPackage=com.miHoYo.Yuanshen lastForeground=com.miHoYo.Yuanshen
2026-08-02 16:12:03 PulseAutoTdp: TICK-SKIP overlayShouldShow=false autoActive=false quickAccessShouldShow=false autoTdpPackage=null boundPackage=com.miHoYo.Yuanshen lastForeground=com.miHoYo.Yuanshen
2026-08-02 16:12:03 PulseDaemon: cap write via daemon (5 node(s))
2026-08-02 16:12:04 PulseAutoTdp: TICK-SKIP overlayShouldShow=false autoActive=false quickAccessShouldShow=false autoTdpPackage=null boundPackage=com.miHoYo.Yuanshen lastForeground=com.miHoYo.Yuanshen
2026-08-02 16:12:05 PulseAutoTdp: TICK-SKIP overlayShouldShow=false autoActive=false quickAccessShouldShow=false autoTdpPackage=null boundPackage=com.miHoYo.Yuanshen lastForeground=com.miHoYo.Yuanshen
2026-08-02 16:12:06 PulseDaemon: cap write via daemon (5 node(s))
2026-08-02 16:12:07 PulseAutoTdp: TICK-SKIP overlayShouldShow=false autoActive=false quickAccessShouldShow=false autoTdpPackage=null boundPackage=com.miHoYo.Yuanshen lastForeground=com.miHoYo.Yuanshen
2026-08-02 16:12:08 PulseAutoTdp: TICK-SKIP overlayShouldShow=false autoActive=false quickAccessShouldShow=false autoTdpPackage=null boundPackage=com.miHoYo.Yuanshen lastForeground=com.miHoYo.Yuanshen
2026-08-02 16:12:09 PulseDaemon: cap write via daemon (5 node(s))
2026-08-02 16:12:10 PulseAutoTdp: TICK-SKIP overlayShouldShow=false autoActive=false quickAccessShouldShow=false autoTdpPackage=null boundPackage=com.miHoYo.Yuanshen lastForeground=com.miHoYo.Yuanshen
# ... 2 more identical lines elided (same content, only timestamp differs) ...
2026-08-02 16:12:14 PulseAutoTdp: TICK-SKIP overlayShouldShow=false autoActive=false quickAccessShouldShow=false autoTdpPackage=null boundPackage=com.miHoYo.Yuanshen lastForeground=com.miHoYo.Yuanshen
2026-08-02 16:12:14 PulseDaemon: cap write via daemon (5 node(s))
2026-08-02 16:12:15 PulseAutoTdp: TICK-SKIP overlayShouldShow=false autoActive=false quickAccessShouldShow=false autoTdpPackage=null boundPackage=com.miHoYo.Yuanshen lastForeground=com.miHoYo.Yuanshen
2026-08-02 16:12:17 PulseAutoTdp: TICK-SKIP overlayShouldShow=false autoActive=false quickAccessShouldShow=false autoTdpPackage=null boundPackage=com.miHoYo.Yuanshen lastForeground=com.miHoYo.Yuanshen
2026-08-02 16:12:17 PulseDaemon: cap write via daemon (5 node(s))
2026-08-02 16:12:18 PulseAutoTdp: TICK-SKIP overlayShouldShow=false autoActive=false quickAccessShouldShow=false autoTdpPackage=null boundPackage=com.miHoYo.Yuanshen lastForeground=com.miHoYo.Yuanshen
2026-08-02 16:12:19 PulseAutoTdp: TICK-SKIP overlayShouldShow=false autoActive=false quickAccessShouldShow=false autoTdpPackage=null boundPackage=com.miHoYo.Yuanshen lastForeground=com.miHoYo.Yuanshen
2026-08-02 16:12:20 PulseDaemon: cap write via daemon (5 node(s))
2026-08-02 16:12:21 PulseAutoTdp: TICK-SKIP overlayShouldShow=false autoActive=false quickAccessShouldShow=false autoTdpPackage=null boundPackage=com.miHoYo.Yuanshen lastForeground=com.miHoYo.Yuanshen
2026-08-02 16:12:22 PulseAutoTdp: TICK-SKIP overlayShouldShow=false autoActive=false quickAccessShouldShow=false autoTdpPackage=null boundPackage=com.miHoYo.Yuanshen lastForeground=com.miHoYo.Yuanshen
2026-08-02 16:12:23 PulseDaemon: cap write via daemon (5 node(s))
2026-08-02 16:12:24 PulseAutoTdp: TICK-SKIP overlayShouldShow=false autoActive=false quickAccessShouldShow=false autoTdpPackage=null boundPackage=com.miHoYo.Yuanshen lastForeground=com.miHoYo.Yuanshen
2026-08-02 16:12:25 PulseAutoTdp: TICK-SKIP overlayShouldShow=false autoActive=false quickAccessShouldShow=false autoTdpPackage=null boundPackage=com.miHoYo.Yuanshen lastForeground=com.miHoYo.Yuanshen
2026-08-02 16:12:26 PulseDaemon: cap write via daemon (5 node(s))
2026-08-02 16:12:27 PulseAutoTdp: TICK-SKIP overlayShouldShow=false autoActive=false quickAccessShouldShow=false autoTdpPackage=null boundPackage=com.miHoYo.Yuanshen lastForeground=com.miHoYo.Yuanshen
2026-08-02 16:12:28 PulseAutoTdp: TICK-SKIP overlayShouldShow=false autoActive=false quickAccessShouldShow=false autoTdpPackage=null boundPackage=com.miHoYo.Yuanshen lastForeground=com.miHoYo.Yuanshen
2026-08-02 16:12:28 PulseDaemon: cap write via daemon (5 node(s))
2026-08-02 16:12:29 PulseAutoTdp: TICK-SKIP overlayShouldShow=false autoActive=false quickAccessShouldShow=false autoTdpPackage=null boundPackage=com.miHoYo.Yuanshen lastForeground=com.miHoYo.Yuanshen
2026-08-02 16:12:31 PulseAutoTdp: TICK-SKIP overlayShouldShow=false autoActive=false quickAccessShouldShow=false autoTdpPackage=null boundPackage=com.miHoYo.Yuanshen lastForeground=com.miHoYo.Yuanshen
2026-08-02 16:12:31 PulseDaemon: cap write via daemon (5 node(s))
2026-08-02 16:12:32 PulseAutoTdp: TICK-SKIP overlayShouldShow=false autoActive=false quickAccessShouldShow=false autoTdpPackage=null boundPackage=com.miHoYo.Yuanshen lastForeground=com.miHoYo.Yuanshen
2026-08-02 16:12:34 PulseAutoTdp: TICK-SKIP overlayShouldShow=false autoActive=false quickAccessShouldShow=false autoTdpPackage=null boundPackage=com.miHoYo.Yuanshen lastForeground=com.miHoYo.Yuanshen
2026-08-02 16:12:34 PulseDaemon: cap write via daemon (5 node(s))
2026-08-02 16:12:35 PulseAutoTdp: TICK-SKIP overlayShouldShow=false autoActive=false quickAccessShouldShow=false autoTdpPackage=null boundPackage=com.miHoYo.Yuanshen lastForeground=com.miHoYo.Yuanshen
2026-08-02 16:12:36 PulseAutoTdp: TICK-SKIP overlayShouldShow=false autoActive=false quickAccessShouldShow=false autoTdpPackage=null boundPackage=com.miHoYo.Yuanshen lastForeground=com.miHoYo.Yuanshen
2026-08-02 16:12:37 PulseDaemon: cap write via daemon (5 node(s))
2026-08-02 16:12:38 PulseAutoTdp: TICK-SKIP overlayShouldShow=false autoActive=false quickAccessShouldShow=false autoTdpPackage=null boundPackage=com.miHoYo.Yuanshen lastForeground=com.miHoYo.Yuanshen
2026-08-02 16:12:39 PulseAutoTdp: TICK-SKIP overlayShouldShow=false autoActive=false quickAccessShouldShow=false autoTdpPackage=null boundPackage=com.miHoYo.Yuanshen lastForeground=com.miHoYo.Yuanshen
2026-08-02 16:12:40 PulseDaemon: cap write via daemon (5 node(s))
2026-08-02 16:12:41 PulseAutoTdp: TICK-SKIP overlayShouldShow=false autoActive=false quickAccessShouldShow=false autoTdpPackage=null boundPackage=com.miHoYo.Yuanshen lastForeground=com.miHoYo.Yuanshen
2026-08-02 16:12:42 PulseAutoTdp: TICK-SKIP overlayShouldShow=false autoActive=false quickAccessShouldShow=false autoTdpPackage=null boundPackage=com.miHoYo.Yuanshen lastForeground=com.miHoYo.Yuanshen
2026-08-02 16:12:42 PulseDaemon: cap write via daemon (5 node(s))
2026-08-02 16:12:43 PulseAutoTdp: TICK-SKIP overlayShouldShow=false autoActive=false quickAccessShouldShow=false autoTdpPackage=null boundPackage=com.miHoYo.Yuanshen lastForeground=com.miHoYo.Yuanshen
2026-08-02 16:12:45 PulseAutoTdp: TICK-SKIP overlayShouldShow=false autoActive=false quickAccessShouldShow=false autoTdpPackage=null boundPackage=com.miHoYo.Yuanshen lastForeground=com.miHoYo.Yuanshen
2026-08-02 16:12:45 PulseDaemon: cap write via daemon (5 node(s))
2026-08-02 16:12:46 PulseAutoTdp: TICK-SKIP overlayShouldShow=false autoActive=false quickAccessShouldShow=false autoTdpPackage=null boundPackage=com.miHoYo.Yuanshen lastForeground=com.miHoYo.Yuanshen
2026-08-02 16:12:48 PulseAutoTdp: TICK-SKIP overlayShouldShow=false autoActive=false quickAccessShouldShow=false autoTdpPackage=null boundPackage=com.miHoYo.Yuanshen lastForeground=com.miHoYo.Yuanshen
2026-08-02 16:12:48 PulseDaemon: cap write via daemon (5 node(s))
2026-08-02 16:12:49 PulseAutoTdp: TICK-SKIP overlayShouldShow=false autoActive=false quickAccessShouldShow=false autoTdpPackage=null boundPackage=com.miHoYo.Yuanshen lastForeground=com.miHoYo.Yuanshen
2026-08-02 16:12:50 PulseAutoTdp: TICK-SKIP overlayShouldShow=false autoActive=false quickAccessShouldShow=false autoTdpPackage=null boundPackage=com.miHoYo.Yuanshen lastForeground=com.miHoYo.Yuanshen
2026-08-02 16:12:51 PulseDaemon: cap write via daemon (5 node(s))
2026-08-02 16:12:52 PulseAutoTdp: TICK-SKIP overlayShouldShow=false autoActive=false quickAccessShouldShow=false autoTdpPackage=null boundPackage=com.miHoYo.Yuanshen lastForeground=com.miHoYo.Yuanshen
2026-08-02 16:12:53 PulseAutoTdp: TICK-SKIP overlayShouldShow=false autoActive=false quickAccessShouldShow=false autoTdpPackage=null boundPackage=com.miHoYo.Yuanshen lastForeground=com.miHoYo.Yuanshen
2026-08-02 16:12:54 PulseDaemon: cap write via daemon (5 node(s))
2026-08-02 16:12:55 PulseAutoTdp: TICK-SKIP overlayShouldShow=false autoActive=false quickAccessShouldShow=false autoTdpPackage=null boundPackage=com.miHoYo.Yuanshen lastForeground=com.miHoYo.Yuanshen
2026-08-02 16:12:56 PulseAutoTdp: TICK-SKIP overlayShouldShow=false autoActive=false quickAccessShouldShow=false autoTdpPackage=null boundPackage=com.miHoYo.Yuanshen lastForeground=com.miHoYo.Yuanshen
2026-08-02 16:12:57 PulseDaemon: cap write via daemon (5 node(s))
2026-08-02 16:12:58 PulseAutoTdp: TICK-SKIP overlayShouldShow=false autoActive=false quickAccessShouldShow=false autoTdpPackage=null boundPackage=com.miHoYo.Yuanshen lastForeground=com.miHoYo.Yuanshen
2026-08-02 16:12:59 PulseAutoTdp: TICK-SKIP overlayShouldShow=false autoActive=false quickAccessShouldShow=false autoTdpPackage=null boundPackage=com.miHoYo.Yuanshen lastForeground=com.miHoYo.Yuanshen
2026-08-02 16:12:59 PulseDaemon: cap write via daemon (5 node(s))
2026-08-02 16:13:00 PulseAutoTdp: TICK-SKIP overlayShouldShow=false autoActive=false quickAccessShouldShow=false autoTdpPackage=null boundPackage=com.miHoYo.Yuanshen lastForeground=com.miHoYo.Yuanshen
2026-08-02 16:13:02 PulseAutoTdp: TICK-SKIP overlayShouldShow=false autoActive=false quickAccessShouldShow=false autoTdpPackage=null boundPackage=com.miHoYo.Yuanshen lastForeground=com.miHoYo.Yuanshen
2026-08-02 16:13:02 PulseDaemon: cap write via daemon (5 node(s))
2026-08-02 16:13:03 PulseAutoTdp: TICK-SKIP overlayShouldShow=false autoActive=false quickAccessShouldShow=false autoTdpPackage=null boundPackage=com.miHoYo.Yuanshen lastForeground=com.miHoYo.Yuanshen
2026-08-02 16:13:04 PulseAutoTdp: TICK-SKIP overlayShouldShow=false autoActive=false quickAccessShouldShow=false autoTdpPackage=null boundPackage=com.miHoYo.Yuanshen lastForeground=com.miHoYo.Yuanshen
2026-08-02 16:13:05 PulseDaemon: cap write via daemon (5 node(s))
2026-08-02 16:13:06 PulseAutoTdp: TICK-SKIP overlayShouldShow=false autoActive=false quickAccessShouldShow=false autoTdpPackage=null boundPackage=com.miHoYo.Yuanshen lastForeground=com.miHoYo.Yuanshen
2026-08-02 16:13:07 PulseAutoTdp: TICK-SKIP overlayShouldShow=false autoActive=false quickAccessShouldShow=false autoTdpPackage=null boundPackage=com.miHoYo.Yuanshen lastForeground=com.miHoYo.Yuanshen
2026-08-02 16:13:08 PulseDaemon: cap write via daemon (5 node(s))
2026-08-02 16:13:09 PulseAutoTdp: TICK-SKIP overlayShouldShow=false autoActive=false quickAccessShouldShow=false autoTdpPackage=null boundPackage=com.miHoYo.Yuanshen lastForeground=com.miHoYo.Yuanshen
2026-08-02 16:13:10 PulseAutoTdp: TICK-SKIP overlayShouldShow=false autoActive=false quickAccessShouldShow=false autoTdpPackage=null boundPackage=com.miHoYo.Yuanshen lastForeground=com.miHoYo.Yuanshen
2026-08-02 16:13:10 PulseDaemon: cap write via xsu fallback (5 node(s), ~1034 chars, chunked)
2026-08-02 16:13:12 PulseAutoTdp: TICK-SKIP overlayShouldShow=false autoActive=false quickAccessShouldShow=false autoTdpPackage=null boundPackage=com.miHoYo.Yuanshen lastForeground=com.miHoYo.Yuanshen
2026-08-02 16:13:13 PulseAutoTdp: TICK-SKIP overlayShouldShow=false autoActive=false quickAccessShouldShow=false autoTdpPackage=null boundPackage=com.miHoYo.Yuanshen lastForeground=com.miHoYo.Yuanshen
2026-08-02 16:13:14 PulseDaemon: cap write via daemon (5 node(s))
2026-08-02 16:13:15 PulseAutoTdp: TICK-SKIP overlayShouldShow=false autoActive=false quickAccessShouldShow=false autoTdpPackage=null boundPackage=com.miHoYo.Yuanshen lastForeground=com.miHoYo.Yuanshen
2026-08-02 16:13:16 PulseAutoTdp: TICK-SKIP overlayShouldShow=false autoActive=false quickAccessShouldShow=false autoTdpPackage=null boundPackage=com.miHoYo.Yuanshen lastForeground=com.miHoYo.Yuanshen
2026-08-02 16:13:16 PulseDaemon: cap write via daemon (5 node(s))
2026-08-02 16:13:17 PulseAutoTdp: TICK-SKIP overlayShouldShow=false autoActive=false quickAccessShouldShow=false autoTdpPackage=null boundPackage=com.miHoYo.Yuanshen lastForeground=com.miHoYo.Yuanshen
2026-08-02 16:13:19 PulseAutoTdp: TICK-SKIP overlayShouldShow=false autoActive=false quickAccessShouldShow=false autoTdpPackage=null boundPackage=com.miHoYo.Yuanshen lastForeground=com.miHoYo.Yuanshen
2026-08-02 16:13:19 PulseDaemon: cap write via daemon (5 node(s))
2026-08-02 16:13:20 PulseAutoTdp: TICK-SKIP overlayShouldShow=false autoActive=false quickAccessShouldShow=false autoTdpPackage=null boundPackage=com.miHoYo.Yuanshen lastForeground=com.miHoYo.Yuanshen
2026-08-02 16:13:22 PulseAutoTdp: TICK-SKIP overlayShouldShow=false autoActive=false quickAccessShouldShow=false autoTdpPackage=null boundPackage=com.miHoYo.Yuanshen lastForeground=com.miHoYo.Yuanshen
2026-08-02 16:13:22 PulseDaemon: cap write via daemon (5 node(s))
2026-08-02 16:13:23 PulseAutoTdp: TICK-SKIP overlayShouldShow=false autoActive=false quickAccessShouldShow=false autoTdpPackage=null boundPackage=com.miHoYo.Yuanshen lastForeground=com.miHoYo.Yuanshen
2026-08-02 16:13:24 PulseAutoTdp: TICK-SKIP overlayShouldShow=false autoActive=false quickAccessShouldShow=false autoTdpPackage=null boundPackage=com.miHoYo.Yuanshen lastForeground=com.miHoYo.Yuanshen
2026-08-02 16:13:25 PulseDaemon: cap write via daemon (5 node(s))
2026-08-02 16:13:26 PulseAutoTdp: TICK-SKIP overlayShouldShow=false autoActive=false quickAccessShouldShow=false autoTdpPackage=null boundPackage=com.miHoYo.Yuanshen lastForeground=com.miHoYo.Yuanshen
2026-08-02 16:13:27 PulseAutoTdp: TICK-SKIP overlayShouldShow=false autoActive=false quickAccessShouldShow=false autoTdpPackage=null boundPackage=com.miHoYo.Yuanshen lastForeground=com.miHoYo.Yuanshen
2026-08-02 16:13:28 PulseDaemon: cap write via daemon (5 node(s))
2026-08-02 16:13:29 PulseAutoTdp: TICK-SKIP overlayShouldShow=false autoActive=false quickAccessShouldShow=false autoTdpPackage=null boundPackage=com.miHoYo.Yuanshen lastForeground=com.miHoYo.Yuanshen
# ... 2 more identical lines elided (same content, only timestamp differs) ...
2026-08-02 16:13:33 PulseAutoTdp: TICK-SKIP overlayShouldShow=false autoActive=false quickAccessShouldShow=false autoTdpPackage=null boundPackage=com.miHoYo.Yuanshen lastForeground=com.miHoYo.Yuanshen
2026-08-02 16:13:33 PulseDaemon: cap write via daemon (5 node(s))
2026-08-02 16:13:34 PulseAutoTdp: TICK-SKIP overlayShouldShow=false autoActive=false quickAccessShouldShow=false autoTdpPackage=null boundPackage=com.miHoYo.Yuanshen lastForeground=com.miHoYo.Yuanshen
2026-08-02 16:13:36 PulseAutoTdp: TICK-SKIP overlayShouldShow=false autoActive=false quickAccessShouldShow=false autoTdpPackage=null boundPackage=com.miHoYo.Yuanshen lastForeground=com.miHoYo.Yuanshen
2026-08-02 16:13:36 PulseDaemon: cap write via daemon (5 node(s))
2026-08-02 16:13:37 PulseAutoTdp: TICK-SKIP overlayShouldShow=false autoActive=false quickAccessShouldShow=false autoTdpPackage=null boundPackage=com.miHoYo.Yuanshen lastForeground=com.miHoYo.Yuanshen
2026-08-02 16:13:39 PulseAutoTdp: TICK-SKIP overlayShouldShow=false autoActive=false quickAccessShouldShow=false autoTdpPackage=null boundPackage=com.miHoYo.Yuanshen lastForeground=com.miHoYo.Yuanshen
2026-08-02 16:13:39 PulseDaemon: cap write via daemon (5 node(s))
2026-08-02 16:13:40 PulseAutoTdp: TICK-SKIP overlayShouldShow=false autoActive=false quickAccessShouldShow=false autoTdpPackage=null boundPackage=com.miHoYo.Yuanshen lastForeground=com.miHoYo.Yuanshen
2026-08-02 16:13:41 PulseAutoTdp: TICK-SKIP overlayShouldShow=false autoActive=false quickAccessShouldShow=false autoTdpPackage=null boundPackage=com.miHoYo.Yuanshen lastForeground=com.miHoYo.Yuanshen
2026-08-02 16:13:42 PulseDaemon: cap write via daemon (5 node(s))
2026-08-02 16:13:43 PulseAutoTdp: TICK-SKIP overlayShouldShow=false autoActive=false quickAccessShouldShow=false autoTdpPackage=null boundPackage=com.miHoYo.Yuanshen lastForeground=com.miHoYo.Yuanshen
2026-08-02 16:13:44 PulseAutoTdp: TICK-SKIP overlayShouldShow=false autoActive=false quickAccessShouldShow=false autoTdpPackage=null boundPackage=com.miHoYo.Yuanshen lastForeground=com.miHoYo.Yuanshen
2026-08-02 16:13:45 PulseDaemon: cap write via daemon (5 node(s))
2026-08-02 16:13:46 PulseAutoTdp: TICK-SKIP overlayShouldShow=false autoActive=false quickAccessShouldShow=false autoTdpPackage=null boundPackage=com.miHoYo.Yuanshen lastForeground=com.miHoYo.Yuanshen
2026-08-02 16:13:47 PulseAutoTdp: TICK-SKIP overlayShouldShow=false autoActive=false quickAccessShouldShow=false autoTdpPackage=null boundPackage=com.miHoYo.Yuanshen lastForeground=com.miHoYo.Yuanshen
2026-08-02 16:13:47 PulseDaemon: cap write via daemon (5 node(s))
2026-08-02 16:13:48 PulseAutoTdp: TICK-SKIP overlayShouldShow=false autoActive=false quickAccessShouldShow=false autoTdpPackage=null boundPackage=com.miHoYo.Yuanshen lastForeground=com.miHoYo.Yuanshen
2026-08-02 16:13:50 PulseAutoTdp: TICK-SKIP overlayShouldShow=false autoActive=false quickAccessShouldShow=false autoTdpPackage=null boundPackage=com.miHoYo.Yuanshen lastForeground=com.miHoYo.Yuanshen
2026-08-02 16:13:50 PulseDaemon: cap write via daemon (5 node(s))
2026-08-02 16:13:51 PulseAutoTdp: TICK-SKIP overlayShouldShow=false autoActive=false quickAccessShouldShow=false autoTdpPackage=null boundPackage=com.miHoYo.Yuanshen lastForeground=com.miHoYo.Yuanshen
# ... 2 more identical lines elided (same content, only timestamp differs) ...
2026-08-02 16:13:55 PulseAutoTdp: TICK-SKIP overlayShouldShow=false autoActive=false quickAccessShouldShow=false autoTdpPackage=null boundPackage=com.miHoYo.Yuanshen lastForeground=com.miHoYo.Yuanshen
2026-08-02 16:13:56 PulseDaemon: cap write via daemon (5 node(s))
2026-08-02 16:13:57 PulseAutoTdp: TICK-SKIP overlayShouldShow=false autoActive=false quickAccessShouldShow=false autoTdpPackage=null boundPackage=com.miHoYo.Yuanshen lastForeground=com.miHoYo.Yuanshen
2026-08-02 16:13:58 PulseAutoTdp: TICK-SKIP overlayShouldShow=false autoActive=false quickAccessShouldShow=false autoTdpPackage=null boundPackage=com.miHoYo.Yuanshen lastForeground=com.miHoYo.Yuanshen
2026-08-02 16:13:59 PulseDaemon: cap write via daemon (5 node(s))
2026-08-02 16:14:00 PulseAutoTdp: TICK-SKIP overlayShouldShow=false autoActive=false quickAccessShouldShow=false autoTdpPackage=null boundPackage=com.miHoYo.Yuanshen lastForeground=com.miHoYo.Yuanshen
2026-08-02 16:14:01 PulseAutoTdp: TICK-SKIP overlayShouldShow=false autoActive=false quickAccessShouldShow=false autoTdpPackage=null boundPackage=com.miHoYo.Yuanshen lastForeground=com.miHoYo.Yuanshen
2026-08-02 16:14:02 PulseDaemon: cap write via daemon (5 node(s))
2026-08-02 16:14:03 PulseAutoTdp: TICK-SKIP overlayShouldShow=false autoActive=false quickAccessShouldShow=false autoTdpPackage=null boundPackage=com.miHoYo.Yuanshen lastForeground=com.miHoYo.Yuanshen
# ... 2 more identical lines elided (same content, only timestamp differs) ...
2026-08-02 16:14:07 PulseAutoTdp: TICK-SKIP overlayShouldShow=false autoActive=false quickAccessShouldShow=false autoTdpPackage=null boundPackage=com.miHoYo.Yuanshen lastForeground=com.miHoYo.Yuanshen
2026-08-02 16:14:07 PulseDaemon: cap write via daemon (5 node(s))
2026-08-02 16:14:08 PulseAutoTdp: TICK-SKIP overlayShouldShow=false autoActive=false quickAccessShouldShow=false autoTdpPackage=null boundPackage=com.miHoYo.Yuanshen lastForeground=com.miHoYo.Yuanshen
2026-08-02 16:14:09 PulseAutoTdp: TICK-SKIP overlayShouldShow=false autoActive=false quickAccessShouldShow=false autoTdpPackage=null boundPackage=com.miHoYo.Yuanshen lastForeground=com.miHoYo.Yuanshen
2026-08-02 16:14:10 PulseDaemon: cap write via daemon (5 node(s))
2026-08-02 16:14:11 PulseAutoTdp: TICK-SKIP overlayShouldShow=false autoActive=false quickAccessShouldShow=false autoTdpPackage=null boundPackage=com.miHoYo.Yuanshen lastForeground=com.miHoYo.Yuanshen
2026-08-02 16:14:12 PulseAutoTdp: TICK-SKIP overlayShouldShow=false autoActive=false quickAccessShouldShow=false autoTdpPackage=null boundPackage=com.miHoYo.Yuanshen lastForeground=com.miHoYo.Yuanshen
2026-08-02 16:14:13 PulseDaemon: cap write via daemon (5 node(s))
2026-08-02 16:14:14 PulseAutoTdp: TICK-SKIP overlayShouldShow=false autoActive=false quickAccessShouldShow=false autoTdpPackage=null boundPackage=com.miHoYo.Yuanshen lastForeground=com.miHoYo.Yuanshen
2026-08-02 16:14:15 PulseAutoTdp: TICK-SKIP overlayShouldShow=false autoActive=false quickAccessShouldShow=false autoTdpPackage=null boundPackage=com.miHoYo.Yuanshen lastForeground=com.miHoYo.Yuanshen
2026-08-02 16:14:16 PulseDaemon: cap write via daemon (5 node(s))
2026-08-02 16:14:17 PulseAutoTdp: TICK-SKIP overlayShouldShow=false autoActive=false quickAccessShouldShow=false autoTdpPackage=null boundPackage=com.miHoYo.Yuanshen lastForeground=com.miHoYo.Yuanshen
2026-08-02 16:14:18 PulseAutoTdp: TICK-SKIP overlayShouldShow=false autoActive=false quickAccessShouldShow=false autoTdpPackage=null boundPackage=com.miHoYo.Yuanshen lastForeground=com.miHoYo.Yuanshen
2026-08-02 16:14:18 PulseDaemon: cap write via daemon (5 node(s))
2026-08-02 16:14:19 PulseAutoTdp: TICK-SKIP overlayShouldShow=false autoActive=false quickAccessShouldShow=false autoTdpPackage=null boundPackage=com.miHoYo.Yuanshen lastForeground=com.miHoYo.Yuanshen
2026-08-02 16:14:21 PulseAutoTdp: TICK-SKIP overlayShouldShow=false autoActive=false quickAccessShouldShow=false autoTdpPackage=null boundPackage=com.miHoYo.Yuanshen lastForeground=com.miHoYo.Yuanshen
2026-08-02 16:14:21 PulseDaemon: cap write via daemon (5 node(s))
2026-08-02 16:14:22 PulseAutoTdp: TICK-SKIP overlayShouldShow=false autoActive=false quickAccessShouldShow=false autoTdpPackage=null boundPackage=com.miHoYo.Yuanshen lastForeground=com.miHoYo.Yuanshen
2026-08-02 16:14:24 PulseAutoTdp: TICK-SKIP overlayShouldShow=false autoActive=false quickAccessShouldShow=false autoTdpPackage=null boundPackage=com.miHoYo.Yuanshen lastForeground=com.miHoYo.Yuanshen
2026-08-02 16:14:24 PulseDaemon: cap write via daemon (5 node(s))
2026-08-02 16:14:25 PulseAutoTdp: TICK-SKIP overlayShouldShow=false autoActive=false quickAccessShouldShow=false autoTdpPackage=null boundPackage=com.miHoYo.Yuanshen lastForeground=com.miHoYo.Yuanshen
2026-08-02 16:14:26 PulseAutoTdp: TICK-SKIP overlayShouldShow=false autoActive=false quickAccessShouldShow=false autoTdpPackage=null boundPackage=com.miHoYo.Yuanshen lastForeground=com.miHoYo.Yuanshen
2026-08-02 16:14:27 PulseDaemon: cap write via daemon (5 node(s))
2026-08-02 16:14:28 PulseAutoTdp: TICK-SKIP overlayShouldShow=false autoActive=false quickAccessShouldShow=false autoTdpPackage=null boundPackage=com.miHoYo.Yuanshen lastForeground=com.miHoYo.Yuanshen
# ... 2 more identical lines elided (same content, only timestamp differs) ...
2026-08-02 16:14:32 PulseAutoTdp: TICK-SKIP overlayShouldShow=false autoActive=false quickAccessShouldShow=false autoTdpPackage=null boundPackage=com.miHoYo.Yuanshen lastForeground=com.miHoYo.Yuanshen
2026-08-02 16:14:32 PulseDaemon: cap write via daemon (5 node(s))
2026-08-02 16:14:33 PulseAutoTdp: TICK-SKIP overlayShouldShow=false autoActive=false quickAccessShouldShow=false autoTdpPackage=null boundPackage=com.miHoYo.Yuanshen lastForeground=com.miHoYo.Yuanshen
2026-08-02 16:14:35 PulseAutoTdp: TICK-SKIP overlayShouldShow=false autoActive=false quickAccessShouldShow=false autoTdpPackage=null boundPackage=com.miHoYo.Yuanshen lastForeground=com.miHoYo.Yuanshen
2026-08-02 16:14:36 PulseDaemon: cap write via daemon (5 node(s))
2026-08-02 16:16:11 PulseAutoTdp: TICK-SKIP overlayShouldShow=false autoActive=false quickAccessShouldShow=false autoTdpPackage=null boundPackage=com.miHoYo.Yuanshen lastForeground=com.miHoYo.Yuanshen
# ... 2 more identical lines elided (same content, only timestamp differs) ...
2026-08-02 16:16:15 PulseAutoTdp: TICK-SKIP overlayShouldShow=false autoActive=false quickAccessShouldShow=false autoTdpPackage=null boundPackage=com.miHoYo.Yuanshen lastForeground=com.miHoYo.Yuanshen
2026-08-02 16:16:16 PulseDaemon: cap write via daemon (5 node(s))
2026-08-02 16:16:17 PulseAutoTdp: TICK-SKIP overlayShouldShow=false autoActive=false quickAccessShouldShow=false autoTdpPackage=null boundPackage=com.miHoYo.Yuanshen lastForeground=com.miHoYo.Yuanshen
2026-08-02 16:16:18 PulseAutoTdp: TICK-SKIP overlayShouldShow=false autoActive=false quickAccessShouldShow=false autoTdpPackage=null boundPackage=com.miHoYo.Yuanshen lastForeground=com.miHoYo.Yuanshen
2026-08-02 16:16:18 PulseDaemon: cap write via daemon (5 node(s))
2026-08-02 16:16:19 PulseAutoTdp: TICK-SKIP overlayShouldShow=false autoActive=false quickAccessShouldShow=false autoTdpPackage=null boundPackage=com.miHoYo.Yuanshen lastForeground=com.miHoYo.Yuanshen
2026-08-02 16:19:29 PulseAutoTdp: TICK-SKIP overlayShouldShow=false autoActive=false quickAccessShouldShow=false autoTdpPackage=null boundPackage=com.miHoYo.Yuanshen lastForeground=com.miHoYo.Yuanshen
2026-08-02 16:19:30 PulseDaemon: cap write via daemon (5 node(s))
2026-08-02 16:19:31 PulseAutoTdp: TICK-SKIP overlayShouldShow=false autoActive=false quickAccessShouldShow=false autoTdpPackage=null boundPackage=com.miHoYo.Yuanshen lastForeground=com.miHoYo.Yuanshen
2026-08-02 16:19:32 PulseAutoTdp: TICK-SKIP overlayShouldShow=false autoActive=false quickAccessShouldShow=false autoTdpPackage=null boundPackage=com.miHoYo.Yuanshen lastForeground=com.miHoYo.Yuanshen
2026-08-02 16:19:33 PulseDaemon: cap write via daemon (5 node(s))
2026-08-02 16:19:34 PulseAutoTdp: TICK-SKIP overlayShouldShow=false autoActive=false quickAccessShouldShow=false autoTdpPackage=null boundPackage=com.miHoYo.Yuanshen lastForeground=com.miHoYo.Yuanshen
2026-08-02 16:19:35 PulseAutoTdp: TICK-SKIP overlayShouldShow=false autoActive=false quickAccessShouldShow=false autoTdpPackage=null boundPackage=com.miHoYo.Yuanshen lastForeground=com.miHoYo.Yuanshen
2026-08-02 16:19:36 PulseDaemon: cap write via daemon (5 node(s))
2026-08-02 16:19:37 PulseAutoTdp: TICK-SKIP overlayShouldShow=false autoActive=false quickAccessShouldShow=false autoTdpPackage=null boundPackage=com.miHoYo.Yuanshen lastForeground=com.miHoYo.Yuanshen
2026-08-02 16:19:38 PulseAutoTdp: TICK-SKIP overlayShouldShow=false autoActive=false quickAccessShouldShow=false autoTdpPackage=null boundPackage=com.miHoYo.Yuanshen lastForeground=com.miHoYo.Yuanshen
