[ 5620.149219] [ T2124] swr-mgr wsa2_swr_ctrl: swr_mstr_interrupt: SWR CMD Ignored, fifo status 0x40000003
[ 5620.153358] [ T2124] swr-mgr wsa2_swr_ctrl: swr_mstr_interrupt: SWR CMD Ignored, fifo status 0x40002002
[ 5620.157832] [ T2124] swr-mgr wsa2_swr_ctrl: swr_mstr_interrupt: SWR CMD Ignored, fifo status 0x40002002
[ 5620.162220] [ T2124] swr-mgr wsa2_swr_ctrl: swr_mstr_interrupt: SWR CMD Ignored, fifo status 0x4000000c
[ 5620.166314] [ T2124] swr-mgr wsa2_swr_ctrl: swr_mstr_interrupt: SWR CMD Ignored, fifo status 0x4000200c
[ 5620.193968] [  T840] wcd-usbss-i2c-driver 1-000e: wcd_usbss_is_in_reset_state: Surge check #3 failed
[ 5620.231753] [    T1] init: Control message: Could not find 'vendor.qti.diaghal@1.0::Idiag/default' for ctl.interface_start from pid: 772 (/system/bin/hwservicemanager)
[ 5620.477373] [  T786] type=1400 audit(1783267602.591:123104): avc:  denied  { dac_read_search } for  comm="sh" capability=2  scontext=u:r:xsud:s0 tcontext=u:r:xsud:s0 tclass=capability permissive=1
[ 5620.477543] [  T786] type=1400 audit(1783267602.591:123105): avc:  denied  { search } for  comm="sh" name="0" dev="tmpfs" ino=12 scontext=u:r:xsud:s0 tcontext=u:object_r:mnt_user_file:s0 tclass=dir permissive=1
[ 5620.477604] [  T786] type=1400 audit(1783267602.591:123106): avc:  denied  { read } for  comm="sh" name="primary" dev="tmpfs" ino=42 scontext=u:r:xsud:s0 tcontext=u:object_r:mnt_user_file:s0 tclass=lnk_file permissive=1
[ 5620.500852] [ T9703] audit: audit_lost=116470 audit_rate_limit=5 audit_backlog_limit=64
[ 5620.500865] [ T9703] audit: rate limit exceeded
[ 5621.232886] [    T1] init: Control message: Could not find 'vendor.qti.diaghal@1.0::Idiag/default' for ctl.interface_start from pid: 772 (/system/bin/hwservicemanager)
[ 5622.234217] [    T1] init: Control message: Could not find 'vendor.qti.diaghal@1.0::Idiag/default' for ctl.interface_start from pid: 772 (/system/bin/hwservicemanager)
[ 5622.364780] [T10142] audit: audit_lost=116510 audit_rate_limit=5 audit_backlog_limit=64
[ 5622.364790] [T10142] audit: rate limit exceeded
[ 5622.364916] [T10142] pwm-fan soc:pwm-fan: power swtich=1
[ 5623.235606] [    T1] init: Control message: Could not find 'vendor.qti.diaghal@1.0::Idiag/default' for ctl.interface_start from pid: 772 (/system/bin/hwservicemanager)
[ 5623.456099] [T10160] audit: audit_lost=116527 audit_rate_limit=5 audit_backlog_limit=64
[ 5623.456104] [T10160] audit: rate limit exceeded
[ 5623.766256] [    C0] gen7_err_callback: 2097 callbacks suppressed
[ 5623.766274] [    C0] kgsl kgsl-3d0: CP: AHB bus error, CP_RL_ERROR_DETAILS_0:0x10008e07 CP_RL_ERROR_DETAILS_1:0x12144
[ 5623.766307] [    C0] kgsl kgsl-3d0: CP: AHB bus error, CP_RL_ERROR_DETAILS_0:0x10008e07 CP_RL_ERROR_DETAILS_1:0x12144
[ 5623.769977] [    C0] kgsl kgsl-3d0: CP: AHB bus error, CP_RL_ERROR_DETAILS_0:0x10008e07 CP_RL_ERROR_DETAILS_1:0x12144
[ 5623.770010] [    C0] kgsl kgsl-3d0: CP: AHB bus error, CP_RL_ERROR_DETAILS_0:0x10008e07 CP_RL_ERROR_DETAILS_1:0x12144
[ 5623.771141] [    C0] kgsl kgsl-3d0: CP: AHB bus error, CP_RL_ERROR_DETAILS_0:0x10008e07 CP_RL_ERROR_DETAILS_1:0x12144
[ 5623.771171] [    C0] kgsl kgsl-3d0: CP: AHB bus error, CP_RL_ERROR_DETAILS_0:0x10008e07 CP_RL_ERROR_DETAILS_1:0x12144
[ 5623.771198] [    C0] kgsl kgsl-3d0: CP: AHB bus error, CP_RL_ERROR_DETAILS_0:0x10008e07 CP_RL_ERROR_DETAILS_1:0x12144
[ 5623.771225] [    C0] kgsl kgsl-3d0: CP: AHB bus error, CP_RL_ERROR_DETAILS_0:0x10008e07 CP_RL_ERROR_DETAILS_1:0x12144
[ 5623.775286] [    C0] kgsl kgsl-3d0: CP: AHB bus error, CP_RL_ERROR_DETAILS_0:0x10008e07 CP_RL_ERROR_DETAILS_1:0x12144
[ 5623.775323] [    C0] kgsl kgsl-3d0: CP: AHB bus error, CP_RL_ERROR_DETAILS_0:0x10008e07 CP_RL_ERROR_DETAILS_1:0x12144
[ 5624.237483] [    T1] init: Control message: Could not find 'vendor.qti.diaghal@1.0::Idiag/default' for ctl.interface_start from pid: 772 (/system/bin/hwservicemanager)
[ 5624.673853] [ T4610] hid_aya_haptic_play: enter
[ 5624.674423] [  T805] aya_haptic 0003:4001:0428.0008: aya_haptic_hid_report_work: left 6, right 6
[ 5624.675645] [ T4610] hid_aya_haptic_play: enter
[ 5624.675770] [  T805] aya_haptic 0003:4001:0428.0008: aya_haptic_hid_report_work: left 6, right 6
[ 5624.694858] [ T4610] hid_aya_haptic_play: enter
[ 5624.695088] [T25531] aya_haptic 0003:4001:0428.0008: aya_haptic_hid_report_work: left 1, right 1
[ 5624.695723] [ T4610] hid_aya_haptic_play: enter
[ 5624.695840] [  T805] aya_haptic 0003:4001:0428.0008: aya_haptic_hid_report_work: left 1, right 1
[ 5624.745780] [ T2504] hid_aya_haptic_play: enter
[ 5624.745860] [ T9384] aya_haptic 0003:4001:0428.0008: aya_haptic_hid_report_work: left 0, right 0
[ 5625.237417] [    T1] init: Control message: Could not find 'vendor.qti.diaghal@1.0::Idiag/default' for ctl.interface_start from pid: 772 (/system/bin/hwservicemanager)
[ 5625.269462] [  T786] type=1400 audit(1783267607.383:123179): avc:  denied  { append } for  comm="sh" name="pulse_lite.log" dev="fuse" ino=111145 scontext=u:r:xsud:s0 tcontext=u:object_r:fuse:s0 tclass=file permissive=1
[ 5625.448579] [  T786] type=1400 audit(1783267607.563:123180): avc:  denied  { read } for  comm="top" scontext=u:r:system_app:s0 tcontext=u:r:vendor_hal_qspa_default:s0 tclass=file permissive=1
[ 5625.449983] [  T786] type=1400 audit(1783267607.563:123181): avc:  denied  { getattr } for  comm="top" path="/proc/1490" dev="proc" ino=1372820 scontext=u:r:system_app:s0 tcontext=u:r:vendor_qesdsect:s0 tclass=dir permissive=1
[ 5625.451003] [  T786] type=1400 audit(1783267607.563:123182): avc:  denied  { search } for  comm="top" name="1490" dev="proc" ino=1372820 scontext=u:r:system_app:s0 tcontext=u:r:vendor_qesdsect:s0 tclass=dir permissive=1
[ 5625.451047] [  T786] type=1400 audit(1783267607.563:123183): avc:  denied  { open } for  comm="top" path="/proc/1563/stat" dev="proc" ino=1376309 scontext=u:r:system_app:s0 tcontext=u:r:vendor_hal_qspa_default:s0 tclass=file permissive=1
[ 5626.238182] [    T1] init: Control message: Could not find 'vendor.qti.diaghal@1.0::Idiag/default' for ctl.interface_start from pid: 772 (/system/bin/hwservicemanager)
[ 5627.238875] [    T1] init: Control message: Could not find 'vendor.qti.diaghal@1.0::Idiag/default' for ctl.interface_start from pid: 772 (/system/bin/hwservicemanager)
[ 5627.276960] [  T786] type=1400 audit(1783267609.391:123184): avc:  denied  { search } for  comm="sh" name="/" dev="fuse" ino=131 scontext=u:r:xsud:s0 tcontext=u:object_r:fuse:s0 tclass=dir permissive=1
[ 5627.445807] [  T786] type=1400 audit(1783267609.559:123185): avc:  denied  { read } for  comm="top" scontext=u:r:system_app:s0 tcontext=u:r:vendor_hal_keymint_spu_qti:s0 tclass=file permissive=1
[ 5627.445982] [  T786] type=1400 audit(1783267609.559:123186): avc:  denied  { read } for  comm="top" scontext=u:r:system_app:s0 tcontext=u:r:hal_vibrator_default:s0 tclass=file permissive=1
[ 5627.446910] [  T786] type=1400 audit(1783267609.559:123187): avc:  denied  { open } for  comm="top" path="/proc/1080/stat" dev="proc" ino=1368029 scontext=u:r:system_app:s0 tcontext=u:r:vendor_hal_keymint_spu_qti:s0 tclass=file permissive=1
[ 5627.447281] [T10249] audit: audit_lost=116530 audit_rate_limit=5 audit_backlog_limit=64
[ 5627.447283] [T10249] audit: rate limit exceeded
[ 5627.447360] [  T786] type=1400 audit(1783267609.563:123188): avc:  denied  { getattr } for  comm="top" path="/proc/1493" dev="proc" ino=1372821 scontext=u:r:system_app:s0 tcontext=u:r:hal_fingerprint_default:s0 tclass=dir permissive=1
[ 5627.865834] [ T2662] hid_aya_haptic_play: enter
[ 5627.866059] [T25531] aya_haptic 0003:4001:0428.0008: aya_haptic_hid_report_work: left 6, right 6
[ 5627.866402] [ T2662] hid_aya_haptic_play: enter
[ 5627.866590] [T25531] aya_haptic 0003:4001:0428.0008: aya_haptic_hid_report_work: left 6, right 6
[ 5627.885479] [ T2662] hid_aya_haptic_play: enter
[ 5627.885650] [  T805] aya_haptic 0003:4001:0428.0008: aya_haptic_hid_report_work: left 1, right 1
[ 5627.885897] [ T2662] hid_aya_haptic_play: enter
[ 5627.886523] [  T805] aya_haptic 0003:4001:0428.0008: aya_haptic_hid_report_work: left 1, right 1
[ 5627.934629] [    C4] hid_aya_haptic_play: enter
[ 5627.934718] [  T805] aya_haptic 0003:4001:0428.0008: aya_haptic_hid_report_work: left 0, right 0
[ 5628.242086] [    T1] init: Control message: Could not find 'vendor.qti.diaghal@1.0::Idiag/default' for ctl.interface_start from pid: 772 (/system/bin/hwservicemanager)
[ 5628.453359] [T10263] audit: audit_lost=116536 audit_rate_limit=5 audit_backlog_limit=64
[ 5628.453364] [T10263] audit: rate limit exceeded
[ 5628.771349] [    C1] gen7_err_callback: 2658 callbacks suppressed
[ 5628.771384] [    C1] kgsl kgsl-3d0: CP: AHB bus error, CP_RL_ERROR_DETAILS_0:0x10008e07 CP_RL_ERROR_DETAILS_1:0x12144
[ 5628.771440] [    C1] kgsl kgsl-3d0: CP: AHB bus error, CP_RL_ERROR_DETAILS_0:0x10008e07 CP_RL_ERROR_DETAILS_1:0x12144
[ 5628.775011] [    C1] kgsl kgsl-3d0: CP: AHB bus error, CP_RL_ERROR_DETAILS_0:0x10008e07 CP_RL_ERROR_DETAILS_1:0x12144
[ 5628.775033] [    C1] kgsl kgsl-3d0: CP: AHB bus error, CP_RL_ERROR_DETAILS_0:0x10008e07 CP_RL_ERROR_DETAILS_1:0x12144
[ 5628.779418] [    C1] kgsl kgsl-3d0: CP: AHB bus error, CP_RL_ERROR_DETAILS_0:0x10008e07 CP_RL_ERROR_DETAILS_1:0x12144
[ 5628.779437] [    C1] kgsl kgsl-3d0: CP: AHB bus error, CP_RL_ERROR_DETAILS_0:0x10008e07 CP_RL_ERROR_DETAILS_1:0x12144
[ 5628.780916] [    C1] kgsl kgsl-3d0: CP: AHB bus error, CP_RL_ERROR_DETAILS_0:0x10008e07 CP_RL_ERROR_DETAILS_1:0x12144
[ 5628.780957] [    C1] kgsl kgsl-3d0: CP: AHB bus error, CP_RL_ERROR_DETAILS_0:0x10008e07 CP_RL_ERROR_DETAILS_1:0x12144
[ 5628.785165] [    C1] kgsl kgsl-3d0: CP: AHB bus error, CP_RL_ERROR_DETAILS_0:0x10008e07 CP_RL_ERROR_DETAILS_1:0x12144
[ 5628.785777] [    C1] kgsl kgsl-3d0: CP: AHB bus error, CP_RL_ERROR_DETAILS_0:0x10008e07 CP_RL_ERROR_DETAILS_1:0x12144
[ 5628.852003] [ T2662] hid_aya_haptic_play: enter
[ 5628.852181] [T13001] aya_haptic 0003:4001:0428.0008: aya_haptic_hid_report_work: left 6, right 6
[ 5628.852361] [ T2662] hid_aya_haptic_play: enter
[ 5628.852524] [T13001] aya_haptic 0003:4001:0428.0008: aya_haptic_hid_report_work: left 6, right 6
[ 5628.871993] [ T2662] hid_aya_haptic_play: enter
[ 5628.872090] [T13001] aya_haptic 0003:4001:0428.0008: aya_haptic_hid_report_work: left 1, right 1
[ 5628.872339] [ T2662] hid_aya_haptic_play: enter
[ 5628.872505] [T13001] aya_haptic 0003:4001:0428.0008: aya_haptic_hid_report_work: left 1, right 1
[ 5628.922618] [    C2] hid_aya_haptic_play: enter
[ 5628.922639] [T13001] aya_haptic 0003:4001:0428.0008: aya_haptic_hid_report_work: left 0, right 0
[ 5629.241262] [    T1] init: Control message: Could not find 'vendor.qti.diaghal@1.0::Idiag/default' for ctl.interface_start from pid: 772 (/system/bin/hwservicemanager)
[ 5629.779445] [ T8302] audit: audit_lost=116541 audit_rate_limit=5 audit_backlog_limit=64
[ 5629.779454] [ T8302] audit: rate limit exceeded
[ 5629.931749] [ T4610] hid_aya_haptic_play: enter
[ 5629.932132] [T25531] aya_haptic 0003:4001:0428.0008: aya_haptic_hid_report_work: left 6, right 6
[ 5629.932607] [ T4610] hid_aya_haptic_play: enter
[ 5629.932672] [T25531] aya_haptic 0003:4001:0428.0008: aya_haptic_hid_report_work: left 6, right 6
[ 5629.951954] [ T4610] hid_aya_haptic_play: enter
[ 5629.952063] [T25531] aya_haptic 0003:4001:0428.0008: aya_haptic_hid_report_work: left 1, right 1
[ 5629.952544] [ T4610] hid_aya_haptic_play: enter
[ 5629.952616] [  T805] aya_haptic 0003:4001:0428.0008: aya_haptic_hid_report_work: left 1, right 1
[ 5629.971936] [ T4610] hid_aya_haptic_play: enter
[ 5629.972035] [T13001] aya_haptic 0003:4001:0428.0008: aya_haptic_hid_report_work: left 1, right 1
[ 5629.972195] [ T4610] hid_aya_haptic_play: enter
[ 5629.972563] [T13001] aya_haptic 0003:4001:0428.0008: aya_haptic_hid_report_work: left 1, right 1
[ 5629.991745] [ T4610] hid_aya_haptic_play: enter
[ 5629.991839] [T13001] aya_haptic 0003:4001:0428.0008: aya_haptic_hid_report_work: left 1, right 1
[ 5629.992000] [ T4610] hid_aya_haptic_play: enter
[ 5629.992523] [T13001] aya_haptic 0003:4001:0428.0008: aya_haptic_hid_report_work: left 1, right 1
[ 5630.012095] [ T4610] hid_aya_haptic_play: enter
[ 5630.012190] [T25531] aya_haptic 0003:4001:0428.0008: aya_haptic_hid_report_work: left 1, right 1
[ 5630.012372] [ T4610] hid_aya_haptic_play: enter
[ 5630.012512] [T25531] aya_haptic 0003:4001:0428.0008: aya_haptic_hid_report_work: left 1, right 1
[ 5630.031895] [ T4610] hid_aya_haptic_play: enter
[ 5630.032016] [T13001] aya_haptic 0003:4001:0428.0008: aya_haptic_hid_report_work: left 1, right 1
[ 5630.032246] [ T4610] hid_aya_haptic_play: enter
[ 5630.032566] [T13001] aya_haptic 0003:4001:0428.0008: aya_haptic_hid_report_work: left 1, right 1
[ 5630.052865] [ T4610] hid_aya_haptic_play: enter
[ 5630.052953] [T13001] aya_haptic 0003:4001:0428.0008: aya_haptic_hid_report_work: left 1, right 1
[ 5630.053106] [ T4610] hid_aya_haptic_play: enter
[ 5630.053733] [T13001] aya_haptic 0003:4001:0428.0008: aya_haptic_hid_report_work: left 1, right 1
[ 5630.103684] [ T2504] hid_aya_haptic_play: enter
[ 5630.103744] [T16708] aya_haptic 0003:4001:0428.0008: aya_haptic_hid_report_work: left 0, right 0
[ 5630.245650] [  T770] servicemanager: Found vendor.qti.hardware.perf2.IPerf/default in device VINTF manifest.
[ 5630.250768] [    T1] init: Control message: Could not find 'vendor.qti.diaghal@1.0::Idiag/default' for ctl.interface_start from pid: 772 (/system/bin/hwservicemanager)
[ 5630.251305] [    T1] init: Control message: Could not find 'vendor.qti.diaghal@1.0::Idiag/default' for ctl.interface_start from pid: 772 (/system/bin/hwservicemanager)
[ 5630.700282] [  T786] type=1400 audit(1783267612.815:123367): avc:  denied  { getattr } for  comm="top" path="/proc/1716" dev="proc" ino=1372836 scontext=u:r:system_app:s0 tcontext=u:r:vendor_hal_gatekeeper_qti:s0 tclass=dir permissive=1
[ 5630.700495] [  T786] type=1400 audit(1783267612.815:123368): avc:  denied  { search } for  comm="top" name="1716" dev="proc" ino=1372836 scontext=u:r:system_app:s0 tcontext=u:r:vendor_hal_gatekeeper_qti:s0 tclass=dir permissive=1
[ 5630.700535] [  T786] type=1400 audit(1783267612.815:123369): avc:  denied  { getattr } for  comm="top" path="/proc/1720" dev="proc" ino=1372837 scontext=u:r:system_app:s0 tcontext=u:r:vendor_hal_dpmQmiMgr:s0 tclass=dir permissive=1
[ 5630.700571] [  T786] type=1400 audit(1783267612.815:123370): avc:  denied  { search } for  comm="top" name="1720" dev="proc" ino=1372837 scontext=u:r:system_app:s0 tcontext=u:r:vendor_hal_dpmQmiMgr:s0 tclass=dir permissive=1
[ 5630.701473] [  T786] type=1400 audit(1783267612.815:123371): avc:  denied  { getattr } for  comm="Timer-3" path="/proc/stat" dev="proc" ino=4026532011 scontext=u:r:system_app:s0 tcontext=u:object_r:proc_stat:s0 tclass=file permissive=1
[ 5631.253133] [    T1] init: Control message: Could not find 'vendor.qti.diaghal@1.0::Idiag/default' for ctl.interface_start from pid: 772 (/system/bin/hwservicemanager)
[ 5631.285300] [ T4610] hid_aya_haptic_play: enter
[ 5631.285483] [T25531] aya_haptic 0003:4001:0428.0008: aya_haptic_hid_report_work: left 6, right 6
[ 5631.285686] [ T4610] hid_aya_haptic_play: enter
[ 5631.286530] [T25531] aya_haptic 0003:4001:0428.0008: aya_haptic_hid_report_work: left 6, right 6
[ 5631.304890] [ T4610] hid_aya_haptic_play: enter
[ 5631.304989] [T25531] aya_haptic 0003:4001:0428.0008: aya_haptic_hid_report_work: left 1, right 1
[ 5631.305178] [ T4610] hid_aya_haptic_play: enter
[ 5631.305535] [T25531] aya_haptic 0003:4001:0428.0008: aya_haptic_hid_report_work: left 1, right 1
[ 5631.355754] [ T2504] hid_aya_haptic_play: enter
[ 5631.355827] [ T9384] aya_haptic 0003:4001:0428.0008: aya_haptic_hid_report_work: left 0, right 0
[ 5631.440066] [T10331] audit: audit_lost=116701 audit_rate_limit=5 audit_backlog_limit=64
[ 5631.440072] [T10331] audit: rate limit exceeded
[ 5631.842411] [  T786] type=1400 audit(1783267613.955:123413): avc:  denied  { dac_read_search } for  comm="sh" capability=2  scontext=u:r:xsud:s0 tcontext=u:r:xsud:s0 tclass=capability permissive=1
[ 5631.842500] [  T786] type=1400 audit(1783267613.955:123414): avc:  denied  { search } for  comm="sh" name="0" dev="tmpfs" ino=12 scontext=u:r:xsud:s0 tcontext=u:object_r:mnt_user_file:s0 tclass=dir permissive=1
[ 5631.842536] [  T786] type=1400 audit(1783267613.955:123415): avc:  denied  { read } for  comm="sh" name="primary" dev="tmpfs" ino=42 scontext=u:r:xsud:s0 tcontext=u:object_r:mnt_user_file:s0 tclass=lnk_file permissive=1
[ 5631.842572] [  T786] type=1400 audit(1783267613.955:123416): avc:  denied  { search } for  comm="sh" name="/" dev="fuse" ino=131 scontext=u:r:xsud:s0 tcontext=u:object_r:fuse:s0 tclass=dir permissive=1
[ 5631.851850] [  T786] type=1400 audit(1783267613.967:123417): avc:  denied  { read } for  comm="cat" name="gpu_busy_percentage" dev="sysfs" ino=126935 scontext=u:r:xsud:s0 tcontext=u:object_r:vendor_sysfs_kgsl:s0 tclass=file permissive=1
[ 5632.254113] [    T1] init: Control message: Could not find 'vendor.qti.diaghal@1.0::Idiag/default' for ctl.interface_start from pid: 772 (/system/bin/hwservicemanager)
[ 5632.442739] [T10377] audit: audit_lost=116772 audit_rate_limit=5 audit_backlog_limit=64
[ 5632.442743] [T10377] audit: rate limit exceeded
[ 5632.717953] [ T4610] hid_aya_haptic_play: enter
[ 5632.718189] [T13001] aya_haptic 0003:4001:0428.0008: aya_haptic_hid_report_work: left 6, right 6
[ 5632.718506] [ T4610] hid_aya_haptic_play: enter
[ 5632.718553] [T13001] aya_haptic 0003:4001:0428.0008: aya_haptic_hid_report_work: left 6, right 6
[ 5632.737485] [ T4610] hid_aya_haptic_play: enter
[ 5632.737615] [T13001] aya_haptic 0003:4001:0428.0008: aya_haptic_hid_report_work: left 1, right 1
[ 5632.738012] [ T4610] hid_aya_haptic_play: enter
[ 5632.738548] [T13001] aya_haptic 0003:4001:0428.0008: aya_haptic_hid_report_work: left 1, right 1
[ 5632.786630] [    C4] hid_aya_haptic_play: enter
[ 5632.786670] [  T805] aya_haptic 0003:4001:0428.0008: aya_haptic_hid_report_work: left 0, right 0
[ 5633.255687] [    T1] init: Control message: Could not find 'vendor.qti.diaghal@1.0::Idiag/default' for ctl.interface_start from pid: 772 (/system/bin/hwservicemanager)
[ 5633.448591] [T10379] audit: audit_lost=116781 audit_rate_limit=5 audit_backlog_limit=64
[ 5633.448597] [T10379] audit: rate limit exceeded
[ 5633.672177] [ T4610] hid_aya_haptic_play: enter
[ 5633.672297] [T25531] aya_haptic 0003:4001:0428.0008: aya_haptic_hid_report_work: left 6, right 6
[ 5633.672655] [ T4610] hid_aya_haptic_play: enter
[ 5633.672682] [  T805] aya_haptic 0003:4001:0428.0008: aya_haptic_hid_report_work: left 6, right 6
[ 5633.691968] [ T4610] hid_aya_haptic_play: enter
[ 5633.692069] [T13001] aya_haptic 0003:4001:0428.0008: aya_haptic_hid_report_work: left 1, right 1
[ 5633.692241] [ T4610] hid_aya_haptic_play: enter
[ 5633.692569] [T13001] aya_haptic 0003:4001:0428.0008: aya_haptic_hid_report_work: left 1, right 1
[ 5633.742528] [ T2504] hid_aya_haptic_play: enter
[ 5633.742558] [T16708] aya_haptic 0003:4001:0428.0008: aya_haptic_hid_report_work: left 0, right 0
[ 5633.776534] [    C1] gen7_err_callback: 3758 callbacks suppressed
[ 5633.776543] [    C1] kgsl kgsl-3d0: CP: AHB bus error, CP_RL_ERROR_DETAILS_0:0x10008e07 CP_RL_ERROR_DETAILS_1:0x12144
[ 5633.776563] [    C1] kgsl kgsl-3d0: CP: AHB bus error, CP_RL_ERROR_DETAILS_0:0x10008e07 CP_RL_ERROR_DETAILS_1:0x12144
[ 5633.779325] [    C1] kgsl kgsl-3d0: CP: AHB bus error, CP_RL_ERROR_DETAILS_0:0x10008e07 CP_RL_ERROR_DETAILS_1:0x12144
[ 5633.779343] [    C1] kgsl kgsl-3d0: CP: AHB bus error, CP_RL_ERROR_DETAILS_0:0x10008e07 CP_RL_ERROR_DETAILS_1:0x12144
[ 5633.780737] [    C1] kgsl kgsl-3d0: CP: AHB bus error, CP_RL_ERROR_DETAILS_0:0x10008e07 CP_RL_ERROR_DETAILS_1:0x12144
[ 5633.780762] [    C1] kgsl kgsl-3d0: CP: AHB bus error, CP_RL_ERROR_DETAILS_0:0x10008e07 CP_RL_ERROR_DETAILS_1:0x12144
[ 5633.780778] [    C1] kgsl kgsl-3d0: CP: AHB bus error, CP_RL_ERROR_DETAILS_0:0x10008e07 CP_RL_ERROR_DETAILS_1:0x12144
[ 5633.780800] [    C1] kgsl kgsl-3d0: CP: AHB bus error, CP_RL_ERROR_DETAILS_0:0x10008e07 CP_RL_ERROR_DETAILS_1:0x12144
[ 5633.781907] [    C1] kgsl kgsl-3d0: CP: AHB bus error, CP_RL_ERROR_DETAILS_0:0x10008e07 CP_RL_ERROR_DETAILS_1:0x12144
[ 5633.781930] [    C1] kgsl kgsl-3d0: CP: AHB bus error, CP_RL_ERROR_DETAILS_0:0x10008e07 CP_RL_ERROR_DETAILS_1:0x12144
[ 5634.256170] [    T1] init: Control message: Could not find 'vendor.qti.diaghal@1.0::Idiag/default' for ctl.interface_start from pid: 772 (/system/bin/hwservicemanager)
[ 5634.604903] [ T4610] hid_aya_haptic_play: enter
[ 5634.605047] [T31602] aya_haptic 0003:4001:0428.0008: aya_haptic_hid_report_work: left 6, right 6
[ 5634.605251] [ T4610] hid_aya_haptic_play: enter
[ 5634.605598] [T31602] aya_haptic 0003:4001:0428.0008: aya_haptic_hid_report_work: left 6, right 6
[ 5634.624586] [ T4610] hid_aya_haptic_play: enter
[ 5634.624689] [T31602] aya_haptic 0003:4001:0428.0008: aya_haptic_hid_report_work: left 1, right 1
[ 5634.624872] [ T4610] hid_aya_haptic_play: enter
[ 5634.625566] [T31602] aya_haptic 0003:4001:0428.0008: aya_haptic_hid_report_work: left 1, right 1
[ 5634.674616] [    C6] hid_aya_haptic_play: enter
[ 5634.674637] [T31602] aya_haptic 0003:4001:0428.0008: aya_haptic_hid_report_work: left 0, right 0
[ 5635.256504] [    T1] init: Control message: Could not find 'vendor.qti.diaghal@1.0::Idiag/default' for ctl.interface_start from pid: 772 (/system/bin/hwservicemanager)
[ 5635.296223] [  T840] wcd-usbss-i2c-driver 1-000e: wcd_usbss_is_in_reset_state: Surge check #3 failed
[ 5635.441820] [T10426] audit: audit_lost=116784 audit_rate_limit=5 audit_backlog_limit=64
[ 5635.441825] [T10426] audit: rate limit exceeded
[ 5636.165316] [ T4626] hid_aya_haptic_play: enter
[ 5636.165404] [  T805] aya_haptic 0003:4001:0428.0008: aya_haptic_hid_report_work: left 6, right 6
[ 5636.166256] [ T4626] hid_aya_haptic_play: enter
[ 5636.166583] [  T805] aya_haptic 0003:4001:0428.0008: aya_haptic_hid_report_work: left 6, right 6
[ 5636.185094] [ T4626] hid_aya_haptic_play: enter
[ 5636.185212] [T13001] aya_haptic 0003:4001:0428.0008: aya_haptic_hid_report_work: left 1, right 1
[ 5636.185348] [ T4626] hid_aya_haptic_play: enter
[ 5636.185633] [T13001] aya_haptic 0003:4001:0428.0008: aya_haptic_hid_report_work: left 1, right 1
[ 5636.234624] [    C2] hid_aya_haptic_play: enter
[ 5636.235089] [T13001] aya_haptic 0003:4001:0428.0008: aya_haptic_hid_report_work: left 0, right 0
[ 5636.257023] [    T1] init: Control message: Could not find 'vendor.qti.diaghal@1.0::Idiag/default' for ctl.interface_start from pid: 772 (/system/bin/hwservicemanager)
[ 5636.988210] [  T786] type=1400 audit(1783267619.103:123474): avc:  denied  { append } for  comm="sh" name="pulse_lite.log" dev="fuse" ino=111145 scontext=u:r:xsud:s0 tcontext=u:object_r:fuse:s0 tclass=file permissive=1
[ 5637.164932] [ T4626] hid_aya_haptic_play: enter
[ 5637.165125] [T25531] aya_haptic 0003:4001:0428.0008: aya_haptic_hid_report_work: left 6, right 6
[ 5637.165340] [ T4626] hid_aya_haptic_play: enter
[ 5637.165591] [T25531] aya_haptic 0003:4001:0428.0008: aya_haptic_hid_report_work: left 6, right 6
[ 5637.188252] [ T4626] hid_aya_haptic_play: enter
[ 5637.188359] [ T8345] aya_haptic 0003:4001:0428.0008: aya_haptic_hid_report_work: left 1, right 1
[ 5637.188590] [ T4626] hid_aya_haptic_play: enter
[ 5637.188683] [T13001] aya_haptic 0003:4001:0428.0008: aya_haptic_hid_report_work: left 1, right 1
[ 5637.238620] [    C2] hid_aya_haptic_play: enter
[ 5637.238639] [T13001] aya_haptic 0003:4001:0428.0008: aya_haptic_hid_report_work: left 0, right 0
[ 5637.258278] [    T1] init: Control message: Could not find 'vendor.qti.diaghal@1.0::Idiag/default' for ctl.interface_start from pid: 772 (/system/bin/hwservicemanager)
[ 5637.445239] [  T786] type=1400 audit(1783267619.559:123475): avc:  denied  { read } for  comm="top" scontext=u:r:system_app:s0 tcontext=u:r:vendor_hal_keymint_qti:s0 tclass=file permissive=1
[ 5637.445398] [  T786] type=1400 audit(1783267619.559:123476): avc:  denied  { read } for  comm="top" scontext=u:r:system_app:s0 tcontext=u:r:vendor_hal_qspmhal_default:s0 tclass=file permissive=1
[ 5637.445448] [  T786] type=1400 audit(1783267619.559:123477): avc:  denied  { read } for  comm="top" scontext=u:r:system_app:s0 tcontext=u:r:hal_tsnv_default:s0 tclass=file permissive=1
[ 5637.446076] [  T786] type=1400 audit(1783267619.559:123478): avc:  denied  { open } for  comm="top" path="/proc/885/stat" dev="proc" ino=1368013 scontext=u:r:system_app:s0 tcontext=u:r:vendor_hal_keymint_qti:s0 tclass=file permissive=1
[ 5637.446658] [T10480] audit: audit_lost=116785 audit_rate_limit=5 audit_backlog_limit=64
[ 5637.446660] [T10480] audit: rate limit exceeded
[ 5638.259182] [    T1] init: Control message: Could not find 'vendor.qti.diaghal@1.0::Idiag/default' for ctl.interface_start from pid: 772 (/system/bin/hwservicemanager)
[ 5638.337442] [ T4626] hid_aya_haptic_play: enter
[ 5638.337834] [T31602] aya_haptic 0003:4001:0428.0008: aya_haptic_hid_report_work: left 6, right 6
[ 5638.338103] [ T4626] hid_aya_haptic_play: enter
[ 5638.338616] [T31602] aya_haptic 0003:4001:0428.0008: aya_haptic_hid_report_work: left 6, right 6
[ 5638.352873] [ T4626] hid_aya_haptic_play: enter
[ 5638.353008] [T25531] aya_haptic 0003:4001:0428.0008: aya_haptic_hid_report_work: left 3, right 3
[ 5638.353215] [ T4626] hid_aya_haptic_play: enter
[ 5638.353602] [T25531] aya_haptic 0003:4001:0428.0008: aya_haptic_hid_report_work: left 3, right 3
[ 5638.372141] [ T4626] hid_aya_haptic_play: enter
[ 5638.372269] [T13001] aya_haptic 0003:4001:0428.0008: aya_haptic_hid_report_work: left 1, right 1
[ 5638.372611] [ T4626] hid_aya_haptic_play: enter
[ 5638.372711] [T13001] aya_haptic 0003:4001:0428.0008: aya_haptic_hid_report_work: left 1, right 1
[ 5638.423437] [ T2504] hid_aya_haptic_play: enter
[ 5638.423553] [T16708] aya_haptic 0003:4001:0428.0008: aya_haptic_hid_report_work: left 0, right 0
[ 5638.440381] [  T786] type=1400 audit(1783267620.555:123485): avc:  denied  { read } for  comm="top" scontext=u:r:system_app:s0 tcontext=u:r:vendor_hal_identity_qti:s0 tclass=file permissive=1
[ 5638.440512] [  T786] type=1400 audit(1783267620.555:123486): avc:  denied  { read } for  comm="top" scontext=u:r:system_app:s0 tcontext=u:r:hal_ir_default:s0 tclass=file permissive=1
[ 5638.440555] [  T786] type=1400 audit(1783267620.555:123487): avc:  denied  { read } for  comm="top" scontext=u:r:system_app:s0 tcontext=u:r:hal_power_default:s0 tclass=file permissive=1
[ 5638.440597] [  T786] type=1400 audit(1783267620.555:123488): avc:  denied  { read } for  comm="top" scontext=u:r:system_app:s0 tcontext=u:r:vendor_qspmsvc:s0 tclass=file permissive=1
[ 5638.441173] [  T786] type=1400 audit(1783267620.555:123489): avc:  denied  { open } for  comm="top" path="/proc/1397/stat" dev="proc" ino=1368037 scontext=u:r:system_app:s0 tcontext=u:r:vendor_hal_identity_qti:s0 tclass=file permissive=1
[ 5638.782054] [    C0] gen7_err_callback: 3876 callbacks suppressed
[ 5638.782065] [    C0] kgsl kgsl-3d0: CP: AHB bus error, CP_RL_ERROR_DETAILS_0:0x10008e07 CP_RL_ERROR_DETAILS_1:0x12144
[ 5638.782083] [    C0] kgsl kgsl-3d0: CP: AHB bus error, CP_RL_ERROR_DETAILS_0:0x10008e07 CP_RL_ERROR_DETAILS_1:0x12144
[ 5638.782098] [    C0] kgsl kgsl-3d0: CP: AHB bus error, CP_RL_ERROR_DETAILS_0:0x10008e07 CP_RL_ERROR_DETAILS_1:0x12144
[ 5638.782131] [    C0] kgsl kgsl-3d0: CP: AHB bus error, CP_RL_ERROR_DETAILS_0:0x10008e07 CP_RL_ERROR_DETAILS_1:0x12144
[ 5638.783076] [    C0] kgsl kgsl-3d0: CP: AHB bus error, CP_RL_ERROR_DETAILS_0:0x10008e07 CP_RL_ERROR_DETAILS_1:0x12144
[ 5638.783107] [    C0] kgsl kgsl-3d0: CP: AHB bus error, CP_RL_ERROR_DETAILS_0:0x10008e07 CP_RL_ERROR_DETAILS_1:0x12144
[ 5638.786992] [    C0] kgsl kgsl-3d0: CP: AHB bus error, CP_RL_ERROR_DETAILS_0:0x10008e07 CP_RL_ERROR_DETAILS_1:0x12144
[ 5638.787369] [    C0] kgsl kgsl-3d0: CP: AHB bus error, CP_RL_ERROR_DETAILS_0:0x10008e07 CP_RL_ERROR_DETAILS_1:0x12144
[ 5638.787406] [    C0] kgsl kgsl-3d0: CP: AHB bus error, CP_RL_ERROR_DETAILS_0:0x10008e07 CP_RL_ERROR_DETAILS_1:0x12144
[ 5638.789330] [    C0] kgsl kgsl-3d0: CP: AHB bus error, CP_RL_ERROR_DETAILS_0:0x10008e07 CP_RL_ERROR_DETAILS_1:0x12144
[ 5638.953248] [ T4610] hid_aya_haptic_play: enter
[ 5638.953471] [T13001] aya_haptic 0003:4001:0428.0008: aya_haptic_hid_report_work: left 6, right 6
[ 5638.954275] [ T4610] hid_aya_haptic_play: enter
[ 5638.954623] [T13001] aya_haptic 0003:4001:0428.0008: aya_haptic_hid_report_work: left 6, right 6
[ 5638.971975] [ T4610] hid_aya_haptic_play: enter
[ 5638.972119] [T31602] aya_haptic 0003:4001:0428.0008: aya_haptic_hid_report_work: left 1, right 1
[ 5638.972337] [ T4610] hid_aya_haptic_play: enter
[ 5638.972605] [T31602] aya_haptic 0003:4001:0428.0008: aya_haptic_hid_report_work: left 1, right 1
[ 5638.998203] [ T9703] audit: audit_lost=116796 audit_rate_limit=5 audit_backlog_limit=64
[ 5638.998213] [ T9703] audit: rate limit exceeded
[ 5639.022633] [    C6] hid_aya_haptic_play: enter
[ 5639.022695] [T31602] aya_haptic 0003:4001:0428.0008: aya_haptic_hid_report_work: left 0, right 0
[ 5639.125364] [ T4610] hid_aya_haptic_play: enter
[ 5639.125701] [ T4610] hid_aya_haptic_play: enter
[ 5639.126191] [ T8345] aya_haptic 0003:4001:0428.0008: aya_haptic_hid_report_work: left 1, right 1
[ 5639.145687] [ T4610] hid_aya_haptic_play: enter
[ 5639.145928] [ T4610] hid_aya_haptic_play: enter
[ 5639.146018] [T13001] aya_haptic 0003:4001:0428.0008: aya_haptic_hid_report_work: left 1, right 1
[ 5639.164900] [ T4610] hid_aya_haptic_play: enter
[ 5639.165140] [ T4610] hid_aya_haptic_play: enter
[ 5639.165213] [T13001] aya_haptic 0003:4001:0428.0008: aya_haptic_hid_report_work: left 1, right 1
[ 5639.184720] [ T4610] hid_aya_haptic_play: enter
[ 5639.184967] [ T4610] hid_aya_haptic_play: enter
[ 5639.185037] [T13001] aya_haptic 0003:4001:0428.0008: aya_haptic_hid_report_work: left 4, right 4
[ 5639.207207] [ T4610] hid_aya_haptic_play: enter
[ 5639.207485] [ T4610] hid_aya_haptic_play: enter
[ 5639.207583] [T13001] aya_haptic 0003:4001:0428.0008: aya_haptic_hid_report_work: left 1, right 1
[ 5639.225294] [ T4610] hid_aya_haptic_play: enter
[ 5639.225520] [ T4610] hid_aya_haptic_play: enter
[ 5639.225571] [T13001] aya_haptic 0003:4001:0428.0008: aya_haptic_hid_report_work: left 1, right 1
[ 5639.246382] [ T4610] hid_aya_haptic_play: enter
[ 5639.246506] [T13001] aya_haptic 0003:4001:0428.0008: aya_haptic_hid_report_work: left 4, right 4
[ 5639.246778] [ T4610] hid_aya_haptic_play: enter
[ 5639.247640] [T13001] aya_haptic 0003:4001:0428.0008: aya_haptic_hid_report_work: left 4, right 4
[ 5639.259894] [    T1] init: Control message: Could not find 'vendor.qti.diaghal@1.0::Idiag/default' for ctl.interface_start from pid: 772 (/system/bin/hwservicemanager)
[ 5639.264860] [ T4610] hid_aya_haptic_play: enter
[ 5639.265004] [  T805] aya_haptic 0003:4001:0428.0008: aya_haptic_hid_report_work: left 2, right 2
[ 5639.265191] [ T4610] hid_aya_haptic_play: enter
[ 5639.265608] [  T805] aya_haptic 0003:4001:0428.0008: aya_haptic_hid_report_work: left 2, right 2
[ 5639.288365] [ T4610] hid_aya_haptic_play: enter
[ 5639.288468] [T13001] aya_haptic 0003:4001:0428.0008: aya_haptic_hid_report_work: left 1, right 1
[ 5639.289114] [ T4610] hid_aya_haptic_play: enter
[ 5639.289606] [T13001] aya_haptic 0003:4001:0428.0008: aya_haptic_hid_report_work: left 1, right 1
[ 5639.338620] [    C4] hid_aya_haptic_play: enter
[ 5639.338663] [  T805] aya_haptic 0003:4001:0428.0008: aya_haptic_hid_report_work: left 0, right 0
[ 5640.261542] [    T1] init: Control message: Could not find 'vendor.qti.diaghal@1.0::Idiag/default' for ctl.interface_start from pid: 772 (/system/bin/hwservicemanager)
[ 5640.440045] [T10539] audit: audit_lost=116797 audit_rate_limit=5 audit_backlog_limit=64
[ 5640.440050] [T10539] audit: rate limit exceeded
[ 5641.262398] [    T1] init: Control message: Could not find 'vendor.qti.diaghal@1.0::Idiag/default' for ctl.interface_start from pid: 772 (/system/bin/hwservicemanager)
[ 5641.503422] [ T9703] audit: audit_lost=116812 audit_rate_limit=5 audit_backlog_limit=64
[ 5641.503431] [ T9703] audit: rate limit exceeded
[ 5642.010431] [  T770] servicemanager: Found vendor.qti.qspmhal.IQspmhal/default in device VINTF manifest.
[ 5642.071543] [  T770] servicemanager: Found android.hardware.graphics.allocator.IAllocator/default in device VINTF manifest.
[ 5642.073123] [  T770] servicemanager: Found android.hardware.graphics.allocator.IAllocator/default in device VINTF manifest.
[ 5642.264007] [    T1] init: Control message: Could not find 'vendor.qti.diaghal@1.0::Idiag/default' for ctl.interface_start from pid: 772 (/system/bin/hwservicemanager)
[ 5642.415937] [T25531] [kworke][0x23c14d222f][16:07:04.534076] kiwi_v2: [25531:I:PMO] pmo_core_psoc_send_host_wakeup_ind_to_fw: Host wakeup indication sent to fw
[ 5642.422245] [  T786] type=1400 audit(1783267624.535:124357): avc:  denied  { read } for  comm="Timer-3" name="pwm1" dev="sysfs" ino=115994 scontext=u:r:system_app:s0 tcontext=u:object_r:sysfs:s0 tclass=file permissive=1
[ 5642.422379] [  T786] type=1400 audit(1783267624.535:124358): avc:  denied  { open } for  comm="Timer-3" path="/sys/devices/platform/soc/soc:pwm-fan/hwmon/hwmon0/pwm1" dev="sysfs" ino=115994 scontext=u:r:system_app:s0 tcontext=u:object_r:sysfs:s0 tclass=file permissive=1
[ 5642.422419] [  T786] type=1400 audit(1783267624.535:124359): avc:  denied  { getattr } for  comm="Timer-3" path="/sys/devices/platform/soc/soc:pwm-fan/hwmon/hwmon0/pwm1" dev="sysfs" ino=115994 scontext=u:r:system_app:s0 tcontext=u:object_r:sysfs:s0 tclass=file permissive=1
[ 5642.439032] [  T786] type=1400 audit(1783267624.551:124360): avc:  denied  { read } for  comm="top" name="pid_max" dev="proc" ino=1373408 scontext=u:r:system_app:s0 tcontext=u:object_r:proc_pid_max:s0 tclass=file permissive=1
[ 5642.439155] [  T786] type=1400 audit(1783267624.551:124361): avc:  denied  { open } for  comm="top" path="/proc/sys/kernel/pid_max" dev="proc" ino=1373408 scontext=u:r:system_app:s0 tcontext=u:object_r:proc_pid_max:s0 tclass=file permissive=1
[ 5642.550239] [T10753] audit: audit_lost=117819 audit_rate_limit=5 audit_backlog_limit=64
[ 5642.550244] [T10753] audit: rate limit exceeded
[ 5643.265076] [    T1] init: Control message: Could not find 'vendor.qti.diaghal@1.0::Idiag/default' for ctl.interface_start from pid: 772 (/system/bin/hwservicemanager)
[ 5643.428416] [  T786] type=1400 audit(1783267625.543:124586): avc:  denied  { read } for  comm="top" name="pid_max" dev="proc" ino=1373408 scontext=u:r:system_app:s0 tcontext=u:object_r:proc_pid_max:s0 tclass=file permissive=1
[ 5643.428537] [  T786] type=1400 audit(1783267625.543:124587): avc:  denied  { open } for  comm="top" path="/proc/sys/kernel/pid_max" dev="proc" ino=1373408 scontext=u:r:system_app:s0 tcontext=u:object_r:proc_pid_max:s0 tclass=file permissive=1
[ 5643.428577] [  T786] type=1400 audit(1783267625.543:124588): avc:  denied  { read } for  comm="top" scontext=u:r:system_app:s0 tcontext=u:r:vendor_hal_keymint_qti:s0 tclass=file permissive=1
[ 5643.428613] [  T786] type=1400 audit(1783267625.543:124589): avc:  denied  { read } for  comm="top" scontext=u:r:system_app:s0 tcontext=u:r:vendor_hal_qseecom_default:s0 tclass=file permissive=1
[ 5643.428747] [  T786] type=1400 audit(1783267625.543:124590): avc:  denied  { read } for  comm="top" scontext=u:r:system_app:s0 tcontext=u:r:hal_allocator_default:s0 tclass=file permissive=1
[ 5643.534580] [T25531] [kworke][0x23c294dc70][16:07:05.652720] kiwi_v2: [25531:I:PMO] pmo_core_enable_wow_in_fw: drv wow is enabled
[ 5643.756713] [ T2560] adsp_sleepmon: Audio: num_sessions=0,num_lpi_sessions=0,timer_pending=1
[ 5643.855784] [ T9703] audit: audit_lost=117895 audit_rate_limit=5 audit_backlog_limit=64
[ 5643.855790] [ T9703] audit: rate limit exceeded
[ 5644.267563] [    T1] init: Control message: Could not find 'vendor.qti.diaghal@1.0::Idiag/default' for ctl.interface_start from pid: 772 (/system/bin/hwservicemanager)
[ 5645.268669] [    T1] init: Control message: Could not find 'vendor.qti.diaghal@1.0::Idiag/default' for ctl.interface_start from pid: 772 (/system/bin/hwservicemanager)
[ 5645.432353] [T10820] audit: audit_lost=117915 audit_rate_limit=5 audit_backlog_limit=64
[ 5645.432359] [T10820] audit: rate limit exceeded
[ 5646.269694] [    T1] init: Control message: Could not find 'vendor.qti.diaghal@1.0::Idiag/default' for ctl.interface_start from pid: 772 (/system/bin/hwservicemanager)
[ 5646.436144] [T10837] audit: audit_lost=117927 audit_rate_limit=5 audit_backlog_limit=64
[ 5646.436150] [T10837] audit: rate limit exceeded
[ 5647.094572] [T31602] [kworke][0x23c6a7d3c0][16:07:09.212711] kiwi_v2: [31602:I:PMO] pmo_core_psoc_send_host_wakeup_ind_to_fw: Host wakeup indication sent to fw
[ 5647.270785] [    T1] init: Control message: Could not find 'vendor.qti.diaghal@1.0::Idiag/default' for ctl.interface_start from pid: 772 (/system/bin/hwservicemanager)
[ 5647.434554] [  T786] type=1400 audit(1783267629.547:124657): avc:  denied  { read } for  comm="top" scontext=u:r:system_app:s0 tcontext=u:r:vendor_hal_spu_qti:s0 tclass=file permissive=1
[ 5647.434828] [  T786] type=1400 audit(1783267629.547:124658): avc:  denied  { read } for  comm="top" scontext=u:r:system_app:s0 tcontext=u:r:hal_fingerprint_default:s0 tclass=file permissive=1
[ 5647.434893] [  T786] type=1400 audit(1783267629.547:124659): avc:  denied  { read } for  comm="top" scontext=u:r:system_app:s0 tcontext=u:r:vendor_per_proxy:s0 tclass=file permissive=1
[ 5647.435317] [  T786] type=1400 audit(1783267629.547:124660): avc:  denied  { read } for  comm="top" scontext=u:r:system_app:s0 tcontext=u:r:vendor_perf_qesdk:s0 tclass=file permissive=1
[ 5647.435526] [  T786] type=1400 audit(1783267629.551:124661): avc:  denied  { getattr } for  comm="top" path="/proc/892" dev="proc" ino=1372805 scontext=u:r:system_app:s0 tcontext=u:r:vendor_hal_qseecom_default:s0 tclass=dir permissive=1
[ 5647.494993] [T10849] audit: audit_lost=117941 audit_rate_limit=5 audit_backlog_limit=64
[ 5647.494998] [T10849] audit: rate limit exceeded
[ 5648.272055] [    T1] init: Control message: Could not find 'vendor.qti.diaghal@1.0::Idiag/default' for ctl.interface_start from pid: 772 (/system/bin/hwservicemanager)
[ 5648.685093] [  T786] type=1400 audit(1783267630.799:124699): avc:  denied  { read } for  comm="top" scontext=u:r:system_app:s0 tcontext=u:r:hal_light_default:s0 tclass=file permissive=1
[ 5648.687421] [  T786] type=1400 audit(1783267630.803:124700): avc:  denied  { open } for  comm="top" path="/proc/1521/stat" dev="proc" ino=1376281 scontext=u:r:system_app:s0 tcontext=u:r:hal_light_default:s0 tclass=file permissive=1
[ 5648.687516] [  T786] type=1400 audit(1783267630.803:124701): avc:  denied  { getattr } for  comm="top" path="/proc/1535" dev="proc" ino=1372824 scontext=u:r:system_app:s0 tcontext=u:r:vendor_hal_secureprocessor_qti:s0 tclass=dir permissive=1
[ 5648.687576] [  T786] type=1400 audit(1783267630.803:124702): avc:  denied  { search } for  comm="top" name="1535" dev="proc" ino=1372824 scontext=u:r:system_app:s0 tcontext=u:r:vendor_hal_secureprocessor_qti:s0 tclass=dir permissive=1
[ 5648.688137] [T10865] audit: audit_lost=117965 audit_rate_limit=5 audit_backlog_limit=64
[ 5648.688143] [T10865] audit: rate limit exceeded
[ 5648.688269] [  T786] type=1400 audit(1783267630.803:124703): avc:  denied  { getattr } for  comm="top" path="/proc/1716" dev="proc" ino=1372836 scontext=u:r:system_app:s0 tcontext=u:r:vendor_hal_gatekeeper_qti:s0 tclass=dir permissive=1
[ 5648.728647] [ T1394] healthd: battery l=46 v=7562 t=36.0 h=2 st=3 c=-498059 fc=4297000 cc=25 chg=a
[ 5648.772377] [T10869] BATTERY_CHG: battery_psy_set_online: battery_psy_set_online: set online 1
[ 5648.862813] [  T808] adsp_sleepmon: timer_event = 1,suspend_event = 0
[ 5649.273454] [    T1] init: Control message: Could not find 'vendor.qti.diaghal@1.0::Idiag/default' for ctl.interface_start from pid: 772 (/system/bin/hwservicemanager)
[ 5649.692331] [ T9360] audit: audit_lost=118012 audit_rate_limit=5 audit_backlog_limit=64
[ 5649.692341] [ T9360] audit: rate limit exceeded
[ 5650.275011] [    T1] init: Control message: Could not find 'vendor.qti.diaghal@1.0::Idiag/default' for ctl.interface_start from pid: 772 (/system/bin/hwservicemanager)
[ 5650.337641] [  T770] servicemanager: Found vendor.qti.hardware.perf2.IPerf/default in device VINTF manifest.
[ 5650.343320] [    T1] init: Control message: Could not find 'vendor.qti.diaghal@1.0::Idiag/default' for ctl.interface_start from pid: 772 (/system/bin/hwservicemanager)
[ 5650.343798] [    T1] init: Control message: Could not find 'vendor.qti.diaghal@1.0::Idiag/default' for ctl.interface_start from pid: 772 (/system/bin/hwservicemanager)
[ 5650.401288] [  T840] wcd-usbss-i2c-driver 1-000e: wcd_usbss_is_in_reset_state: Surge check #3 failed
[ 5650.694659] [T10893] audit: audit_lost=118195 audit_rate_limit=5 audit_backlog_limit=64
[ 5650.694666] [T10893] audit: rate limit exceeded
[ 5651.346034] [    T1] init: Control message: Could not find 'vendor.qti.diaghal@1.0::Idiag/default' for ctl.interface_start from pid: 772 (/system/bin/hwservicemanager)
[ 5652.346235] [    T1] init: Control message: Could not find 'vendor.qti.diaghal@1.0::Idiag/default' for ctl.interface_start from pid: 772 (/system/bin/hwservicemanager)
[ 5652.428666] [T10915] audit: audit_lost=118219 audit_rate_limit=5 audit_backlog_limit=64
[ 5652.428673] [T10915] audit: rate limit exceeded
[ 5653.348011] [    T1] init: Control message: Could not find 'vendor.qti.diaghal@1.0::Idiag/default' for ctl.interface_start from pid: 772 (/system/bin/hwservicemanager)
[ 5653.427771] [  T786] type=1400 audit(1783267635.543:125032): avc:  denied  { getattr } for  comm="top" path="/proc/1486" dev="proc" ino=1372819 scontext=u:r:system_app:s0 tcontext=u:r:vendor_hal_qesdhal_default:s0 tclass=dir permissive=1
[ 5653.427843] [  T786] type=1400 audit(1783267635.543:125033): avc:  denied  { search } for  comm="top" name="1486" dev="proc" ino=1372819 scontext=u:r:system_app:s0 tcontext=u:r:vendor_hal_qesdhal_default:s0 tclass=dir permissive=1
[ 5653.427865] [  T786] type=1400 audit(1783267635.543:125034): avc:  denied  { getattr } for  comm="top" path="/proc/1490" dev="proc" ino=1372820 scontext=u:r:system_app:s0 tcontext=u:r:vendor_qesdsect:s0 tclass=dir permissive=1
[ 5653.427882] [  T786] type=1400 audit(1783267635.543:125035): avc:  denied  { search } for  comm="top" name="1490" dev="proc" ino=1372820 scontext=u:r:system_app:s0 tcontext=u:r:vendor_qesdsect:s0 tclass=dir permissive=1
[ 5653.427899] [  T786] type=1400 audit(1783267635.543:125036): avc:  denied  { getattr } for  comm="top" path="/proc/1521" dev="proc" ino=1372823 scontext=u:r:system_app:s0 tcontext=u:r:hal_light_default:s0 tclass=dir permissive=1
[ 5653.931635] [ T2378] [kworke][0x23ce7adf03][16:07:16.049768] kiwi_v2: [2378:I:PMO] pmo_core_enable_wow_in_fw: drv wow is enabled
[ 5654.348706] [    T1] init: Control message: Could not find 'vendor.qti.diaghal@1.0::Idiag/default' for ctl.interface_start from pid: 772 (/system/bin/hwservicemanager)
[ 5654.854249] [  T786] type=1400 audit(1783267636.967:125044): avc:  denied  { search } for  comm="sh" name="/" dev="fuse" ino=131 scontext=u:r:xsud:s0 tcontext=u:object_r:fuse:s0 tclass=dir permissive=1
[ 5655.351150] [    T1] init: Control message: Could not find 'vendor.qti.diaghal@1.0::Idiag/default' for ctl.interface_start from pid: 772 (/system/bin/hwservicemanager)
[ 5655.423882] [  T786] type=1400 audit(1783267637.539:125045): avc:  denied  { read } for  comm="top" scontext=u:r:system_app:s0 tcontext=u:r:vendor_hal_keymint_spu_qti:s0 tclass=file permissive=1
[ 5655.424065] [  T786] type=1400 audit(1783267637.539:125046): avc:  denied  { read } for  comm="top" scontext=u:r:system_app:s0 tcontext=u:r:hal_vibrator_default:s0 tclass=file permissive=1
[ 5655.424973] [  T786] type=1400 audit(1783267637.539:125047): avc:  denied  { open } for  comm="top" path="/proc/1080/stat" dev="proc" ino=1368029 scontext=u:r:system_app:s0 tcontext=u:r:vendor_hal_keymint_spu_qti:s0 tclass=file permissive=1
[ 5655.425548] [T10954] audit: audit_lost=118285 audit_rate_limit=5 audit_backlog_limit=64
[ 5655.425553] [T10954] audit: rate limit exceeded
[ 5655.425641] [  T786] type=1400 audit(1783267637.539:125048): avc:  denied  { getattr } for  comm="top" path="/proc/1493" dev="proc" ino=1372821 scontext=u:r:system_app:s0 tcontext=u:r:hal_fingerprint_default:s0 tclass=dir permissive=1
[ 5656.353141] [    T1] init: Control message: Could not find 'vendor.qti.diaghal@1.0::Idiag/default' for ctl.interface_start from pid: 772 (/system/bin/hwservicemanager)
[ 5657.354868] [    T1] init: Control message: Could not find 'vendor.qti.diaghal@1.0::Idiag/default' for ctl.interface_start from pid: 772 (/system/bin/hwservicemanager)
[ 5657.679142] [T10974] audit: audit_lost=118289 audit_rate_limit=5 audit_backlog_limit=64
[ 5657.679151] [T10974] audit: rate limit exceeded
[ 5658.357115] [    T1] init: Control message: Could not find 'vendor.qti.diaghal@1.0::Idiag/default' for ctl.interface_start from pid: 772 (/system/bin/hwservicemanager)
[ 5659.357451] [    T1] init: Control message: Could not find 'vendor.qti.diaghal@1.0::Idiag/default' for ctl.interface_start from pid: 772 (/system/bin/hwservicemanager)
[ 5659.424956] [  T786] type=1400 audit(1783267641.539:125062): avc:  denied  { read } for  comm="top" scontext=u:r:system_app:s0 tcontext=u:r:vendor_hal_qseecom_default:s0 tclass=file permissive=1
[ 5659.426102] [  T786] type=1400 audit(1783267641.539:125063): avc:  denied  { open } for  comm="top" path="/proc/892/stat" dev="proc" ino=1368017 scontext=u:r:system_app:s0 tcontext=u:r:vendor_hal_qseecom_default:s0 tclass=file permissive=1
[ 5659.428173] [  T786] type=1400 audit(1783267641.543:125064): avc:  denied  { getattr } for  comm="top" path="/proc/1872" dev="proc" ino=1372840 scontext=u:r:system_app:s0 tcontext=u:r:vendor_perf_qesdk:s0 tclass=dir permissive=1
[ 5659.428237] [  T786] type=1400 audit(1783267641.543:125065): avc:  denied  { search } for  comm="top" name="1872" dev="proc" ino=1372840 scontext=u:r:system_app:s0 tcontext=u:r:vendor_perf_qesdk:s0 tclass=dir permissive=1
[ 5660.359232] [    T1] init: Control message: Could not find 'vendor.qti.diaghal@1.0::Idiag/default' for ctl.interface_start from pid: 772 (/system/bin/hwservicemanager)
[ 5660.425612] [T10998] audit: audit_lost=118293 audit_rate_limit=5 audit_backlog_limit=64
[ 5660.425619] [T10998] audit: rate limit exceeded
[ 5660.425674] [  T786] type=1400 audit(1783267642.539:125066): avc:  denied  { read } for  comm="top" scontext=u:r:system_app:s0 tcontext=u:r:hal_allocator_default:s0 tclass=file permissive=1
[ 5660.427140] [  T786] type=1400 audit(1783267642.543:125068): avc:  denied  { open } for  comm="top" path="/proc/1374/stat" dev="proc" ino=1368033 scontext=u:r:system_app:s0 tcontext=u:r:hal_allocator_default:s0 tclass=file permissive=1
[ 5660.429004] [  T786] type=1400 audit(1783267642.543:125069): avc:  denied  { open } for  comm="top" path="/proc/1813/stat" dev="proc" ino=1376345 scontext=u:r:system_app:s0 tcontext=u:r:vendor_perfservice:s0 tclass=file permissive=1
[ 5660.533960] [T25531] [kworke][0x23d60924bb][16:07:22.652084] kiwi_v2: [25531:I:PMO] pmo_core_psoc_send_host_wakeup_ind_to_fw: Host wakeup indication sent to fw
[ 5661.133089] [T25531] [kworke][0x23d6b8ac99][16:07:23.251229] kiwi_v2: [25531:I:PMO] pmo_core_enable_wow_in_fw: drv wow is enabled
[ 5661.360571] [    T1] init: Control message: Could not find 'vendor.qti.diaghal@1.0::Idiag/default' for ctl.interface_start from pid: 772 (/system/bin/hwservicemanager)
[ 5661.641294] [  T786] type=1400 audit(1783267643.755:125070): avc:  denied  { append } for  comm="sh" name="pulse_lite.log" dev="fuse" ino=111145 scontext=u:r:xsud:s0 tcontext=u:object_r:fuse:s0 tclass=file permissive=1
[ 5661.672324] [  T786] type=1400 audit(1783267643.787:125071): avc:  denied  { read } for  comm="top" scontext=u:r:system_app:s0 tcontext=u:r:hal_tsnv_default:s0 tclass=file permissive=1
[ 5661.673858] [  T786] type=1400 audit(1783267643.787:125072): avc:  denied  { getattr } for  comm="top" path="/proc/1482" dev="proc" ino=1372818 scontext=u:r:system_app:s0 tcontext=u:r:vendor_hal_poweroptservice_qti:s0 tclass=dir permissive=1
[ 5662.362434] [    T1] init: Control message: Could not find 'vendor.qti.diaghal@1.0::Idiag/default' for ctl.interface_start from pid: 772 (/system/bin/hwservicemanager)
[ 5663.364105] [    T1] init: Control message: Could not find 'vendor.qti.diaghal@1.0::Idiag/default' for ctl.interface_start from pid: 772 (/system/bin/hwservicemanager)
[ 5664.365632] [    T1] init: Control message: Could not find 'vendor.qti.diaghal@1.0::Idiag/default' for ctl.interface_start from pid: 772 (/system/bin/hwservicemanager)
[ 5665.367068] [    T1] init: Control message: Could not find 'vendor.qti.diaghal@1.0::Idiag/default' for ctl.interface_start from pid: 772 (/system/bin/hwservicemanager)
[ 5665.421995] [  T786] type=1400 audit(1783267647.535:125081): avc:  denied  { read } for  comm="top" scontext=u:r:system_app:s0 tcontext=u:r:hal_power_default:s0 tclass=file permissive=1
[ 5665.423727] [  T786] type=1400 audit(1783267647.539:125082): avc:  denied  { open } for  comm="top" path="/proc/1405/stat" dev="proc" ino=1368045 scontext=u:r:system_app:s0 tcontext=u:r:hal_power_default:s0 tclass=file permissive=1
[ 5665.423974] [  T786] type=1400 audit(1783267647.539:125083): avc:  denied  { getattr } for  comm="top" path="/proc/1409" dev="proc" ino=1372813 scontext=u:r:system_app:s0 tcontext=u:r:vendor_hal_usb_qti:s0 tclass=dir permissive=1
[ 5665.424052] [  T786] type=1400 audit(1783267647.539:125084): avc:  denied  { search } for  comm="top" name="1409" dev="proc" ino=1372813 scontext=u:r:system_app:s0 tcontext=u:r:vendor_hal_usb_qti:s0 tclass=dir permissive=1
[ 5665.504810] [  T840] wcd-usbss-i2c-driver 1-000e: wcd_usbss_is_in_reset_state: Surge check #3 failed
[ 5666.369426] [    T1] init: Control message: Could not find 'vendor.qti.diaghal@1.0::Idiag/default' for ctl.interface_start from pid: 772 (/system/bin/hwservicemanager)
[ 5666.602687] [ T2378] [kworke][0x23dcfb17b4][16:07:28.720817] kiwi_v2: [2378:I:PMO] pmo_core_psoc_send_host_wakeup_ind_to_fw: Host wakeup indication sent to fw
[ 5666.612603] [    C1] [soft_i][0x23dcfdffd8][16:07:28.730739] kiwi_v2: [0:I:WMA] WLAN triggered wakeup: BPF_ALLOW (39), vdev: 0 (STA)
[ 5666.612746] [    C1] [soft_i][0x23dcfe0ac6][16:07:28.730884] kiwi_v2: [0:I:WMA] wma_wake_event_packet: Wake event packet:
[ 5667.147820] [T25531] [kworke][0x23dd9acd5b][16:07:29.265959] kiwi_v2: [25531:I:PMO] pmo_core_enable_wow_in_fw: drv wow is enabled
[ 5667.370483] [    T1] init: Control message: Could not find 'vendor.qti.diaghal@1.0::Idiag/default' for ctl.interface_start from pid: 772 (/system/bin/hwservicemanager)
[ 5668.372361] [    T1] init: Control message: Could not find 'vendor.qti.diaghal@1.0::Idiag/default' for ctl.interface_start from pid: 772 (/system/bin/hwservicemanager)
[ 5669.374205] [    T1] init: Control message: Could not find 'vendor.qti.diaghal@1.0::Idiag/default' for ctl.interface_start from pid: 772 (/system/bin/hwservicemanager)
[ 5670.349006] [  T786] type=1400 audit(1783267652.463:125085): avc:  denied  { setattr } for  comm="chmod" name="scaling_max_freq" dev="sysfs" ino=76254 scontext=u:r:xsud:s0 tcontext=u:object_r:sysfs_devices_system_cpu:s0 tclass=file permissive=1
[ 5670.349933] [  T786] type=1400 audit(1783267652.463:125086): avc:  denied  { write } for  comm="sh" name="scaling_max_freq" dev="sysfs" ino=76254 scontext=u:r:xsud:s0 tcontext=u:object_r:sysfs_devices_system_cpu:s0 tclass=file permissive=1
[ 5670.355669] [  T786] type=1400 audit(1783267652.471:125087): avc:  denied  { getattr } for  comm="DefaultDispatch" path="/dev/ttyHS5" dev="tmpfs" ino=1196 scontext=u:r:system_app:s0 tcontext=u:object_r:device:s0 tclass=chr_file permissive=1
[ 5670.365178] [  T786] type=1400 audit(1783267652.479:125088): avc:  denied  { fowner } for  comm="chmod" capability=3  scontext=u:r:xsud:s0 tcontext=u:r:xsud:s0 tclass=capability permissive=1
[ 5670.365315] [  T786] type=1400 audit(1783267652.479:125089): avc:  denied  { fsetid } for  comm="chmod" capability=4  scontext=u:r:xsud:s0 tcontext=u:r:xsud:s0 tclass=capability permissive=1
[ 5670.375714] [    T1] init: Control message: Could not find 'vendor.qti.diaghal@1.0::Idiag/default' for ctl.interface_start from pid: 772 (/system/bin/hwservicemanager)
[ 5670.378259] [  T786] type=1400 audit(1783267652.491:125090): avc:  denied  { getattr } for  comm="chmod" path="/sys/devices/platform/soc/3d00000.qcom,kgsl-3d0/kgsl/kgsl-3d0/max_pwrlevel" dev="sysfs" ino=126923 scontext=u:r:xsud:s0 tcontext=u:object_r:vendor_sysfs_kgsl:s0 tclass=file permissive=1
[ 5670.379410] [ T9703] audit: audit_lost=118294 audit_rate_limit=5 audit_backlog_limit=64
[ 5670.379417] [ T9703] audit: rate limit exceeded
[ 5670.439111] [  T770] servicemanager: Found vendor.qti.hardware.perf2.IPerf/default in device VINTF manifest.
[ 5670.444846] [    T1] init: Control message: Could not find 'vendor.qti.diaghal@1.0::Idiag/default' for ctl.interface_start from pid: 772 (/system/bin/hwservicemanager)
[ 5670.445282] [    T1] init: Control message: Could not find 'vendor.qti.diaghal@1.0::Idiag/default' for ctl.interface_start from pid: 772 (/system/bin/hwservicemanager)
[ 5671.397552] [  T786] type=1400 audit(1783267653.511:125305): avc:  denied  { read } for  comm="Timer-3" name="pwm1" dev="sysfs" ino=115994 scontext=u:r:system_app:s0 tcontext=u:object_r:sysfs:s0 tclass=file permissive=1
[ 5671.397693] [  T786] type=1400 audit(1783267653.511:125306): avc:  denied  { open } for  comm="Timer-3" path="/sys/devices/platform/soc/soc:pwm-fan/hwmon/hwmon0/pwm1" dev="sysfs" ino=115994 scontext=u:r:system_app:s0 tcontext=u:object_r:sysfs:s0 tclass=file permissive=1
[ 5671.397833] [  T786] type=1400 audit(1783267653.511:125307): avc:  denied  { getattr } for  comm="Timer-3" path="/sys/devices/platform/soc/soc:pwm-fan/hwmon/hwmon0/pwm1" dev="sysfs" ino=115994 scontext=u:r:system_app:s0 tcontext=u:object_r:sysfs:s0 tclass=file permissive=1
[ 5671.410352] [  T786] type=1400 audit(1783267653.523:125308): avc:  denied  { read } for  comm="top" name="pid_max" dev="proc" ino=1373408 scontext=u:r:system_app:s0 tcontext=u:object_r:proc_pid_max:s0 tclass=file permissive=1
[ 5671.410997] [T11124] audit: audit_lost=118506 audit_rate_limit=5 audit_backlog_limit=64
[ 5671.411002] [T11124] audit: rate limit exceeded
[ 5671.411021] [  T786] type=1400 audit(1783267653.523:125309): avc:  denied  { open } for  comm="top" path="/proc/sys/kernel/pid_max" dev="proc" ino=1373408 scontext=u:r:system_app:s0 tcontext=u:object_r:proc_pid_max:s0 tclass=file permissive=1
[ 5671.447471] [    T1] init: Control message: Could not find 'vendor.qti.diaghal@1.0::Idiag/default' for ctl.interface_start from pid: 772 (/system/bin/hwservicemanager)
[ 5672.417157] [  T786] type=1400 audit(1783267654.531:125348): avc:  denied  { dac_read_search } for  comm="sh" capability=2  scontext=u:r:xsud:s0 tcontext=u:r:xsud:s0 tclass=capability permissive=1
[ 5672.417288] [  T786] type=1400 audit(1783267654.531:125349): avc:  denied  { search } for  comm="sh" name="0" dev="tmpfs" ino=12 scontext=u:r:xsud:s0 tcontext=u:object_r:mnt_user_file:s0 tclass=dir permissive=1
[ 5672.417402] [  T786] type=1400 audit(1783267654.531:125350): avc:  denied  { read } for  comm="sh" name="primary" dev="tmpfs" ino=42 scontext=u:r:xsud:s0 tcontext=u:object_r:mnt_user_file:s0 tclass=lnk_file permissive=1
[ 5672.417464] [  T786] type=1400 audit(1783267654.531:125351): avc:  denied  { search } for  comm="sh" name="/" dev="fuse" ino=131 scontext=u:r:xsud:s0 tcontext=u:object_r:fuse:s0 tclass=dir permissive=1
[ 5672.436982] [T11127] audit: audit_lost=118544 audit_rate_limit=5 audit_backlog_limit=64
[ 5672.436987] [T11127] audit: rate limit exceeded
[ 5672.437413] [  T786] type=1400 audit(1783267654.551:125352): avc:  denied  { read } for  comm="cat" name="gpu_busy_percentage" dev="sysfs" ino=126935 scontext=u:r:xsud:s0 tcontext=u:object_r:vendor_sysfs_kgsl:s0 tclass=file permissive=1
[ 5672.447619] [    T1] init: Control message: Could not find 'vendor.qti.diaghal@1.0::Idiag/default' for ctl.interface_start from pid: 772 (/system/bin/hwservicemanager)
[ 5673.448715] [    T1] init: Control message: Could not find 'vendor.qti.diaghal@1.0::Idiag/default' for ctl.interface_start from pid: 772 (/system/bin/hwservicemanager)
[ 5674.450295] [    T1] init: Control message: Could not find 'vendor.qti.diaghal@1.0::Idiag/default' for ctl.interface_start from pid: 772 (/system/bin/hwservicemanager)
[ 5675.452710] [    T1] init: Control message: Could not find 'vendor.qti.diaghal@1.0::Idiag/default' for ctl.interface_start from pid: 772 (/system/bin/hwservicemanager)
[ 5676.453552] [    T1] init: Control message: Could not find 'vendor.qti.diaghal@1.0::Idiag/default' for ctl.interface_start from pid: 772 (/system/bin/hwservicemanager)
[ 5677.455508] [    T1] init: Control message: Could not find 'vendor.qti.diaghal@1.0::Idiag/default' for ctl.interface_start from pid: 772 (/system/bin/hwservicemanager)
[ 5678.457360] [    T1] init: Control message: Could not find 'vendor.qti.diaghal@1.0::Idiag/default' for ctl.interface_start from pid: 772 (/system/bin/hwservicemanager)
[ 5679.414332] [  T786] type=1400 audit(1783267661.527:125392): avc:  denied  { getattr } for  comm="top" path="/proc/1641" dev="proc" ino=1372833 scontext=u:r:system_app:s0 tcontext=u:r:vendor_qwesd:s0 tclass=dir permissive=1
[ 5679.414460] [  T786] type=1400 audit(1783267661.527:125393): avc:  denied  { search } for  comm="top" name="1641" dev="proc" ino=1372833 scontext=u:r:system_app:s0 tcontext=u:r:vendor_qwesd:s0 tclass=dir permissive=1
[ 5679.458795] [    T1] init: Control message: Could not find 'vendor.qti.diaghal@1.0::Idiag/default' for ctl.interface_start from pid: 772 (/system/bin/hwservicemanager)
[ 5680.460168] [    T1] init: Control message: Could not find 'vendor.qti.diaghal@1.0::Idiag/default' for ctl.interface_start from pid: 772 (/system/bin/hwservicemanager)
[ 5680.613112] [  T840] wcd-usbss-i2c-driver 1-000e: wcd_usbss_is_in_reset_state: Surge check #3 failed
[ 5681.405368] [  T786] type=1400 audit(1783267663.519:125394): avc:  denied  { read } for  comm="top" scontext=u:r:system_app:s0 tcontext=u:r:vendor_hal_keymint_qti:s0 tclass=file permissive=1
[ 5681.405589] [  T786] type=1400 audit(1783267663.519:125395): avc:  denied  { read } for  comm="top" scontext=u:r:system_app:s0 tcontext=u:r:vendor_hal_qspmhal_default:s0 tclass=file permissive=1
[ 5681.406324] [  T786] type=1400 audit(1783267663.519:125396): avc:  denied  { open } for  comm="top" path="/proc/885/stat" dev="proc" ino=1368013 scontext=u:r:system_app:s0 tcontext=u:r:vendor_hal_keymint_qti:s0 tclass=file permissive=1
[ 5681.407949] [  T786] type=1400 audit(1783267663.523:125397): avc:  denied  { open } for  comm="top" path="/proc/1565/stat" dev="proc" ino=1376313 scontext=u:r:system_app:s0 tcontext=u:r:vendor_hal_qspmhal_default:s0 tclass=file permissive=1
[ 5681.462102] [    T1] init: Control message: Could not find 'vendor.qti.diaghal@1.0::Idiag/default' for ctl.interface_start from pid: 772 (/system/bin/hwservicemanager)
[ 5681.660678] [  T786] type=1400 audit(1783267663.775:125398): avc:  denied  { read } for  comm="top" scontext=u:r:system_app:s0 tcontext=u:r:vendor_hal_identity_qti:s0 tclass=file permissive=1
[ 5681.660846] [  T786] type=1400 audit(1783267663.775:125399): avc:  denied  { read } for  comm="top" scontext=u:r:system_app:s0 tcontext=u:r:hal_ir_default:s0 tclass=file permissive=1
[ 5681.660911] [  T786] type=1400 audit(1783267663.775:125400): avc:  denied  { read } for  comm="top" scontext=u:r:system_app:s0 tcontext=u:r:hal_power_default:s0 tclass=file permissive=1
[ 5681.661033] [  T786] type=1400 audit(1783267663.775:125401): avc:  denied  { read } for  comm="top" scontext=u:r:system_app:s0 tcontext=u:r:vendor_qspmsvc:s0 tclass=file permissive=1
[ 5681.662329] [T11218] audit: audit_lost=118578 audit_rate_limit=5 audit_backlog_limit=64
[ 5681.662335] [T11218] audit: rate limit exceeded
[ 5682.463335] [    T1] init: Control message: Could not find 'vendor.qti.diaghal@1.0::Idiag/default' for ctl.interface_start from pid: 772 (/system/bin/hwservicemanager)
[ 5683.463942] [    T1] init: Control message: Could not find 'vendor.qti.diaghal@1.0::Idiag/default' for ctl.interface_start from pid: 772 (/system/bin/hwservicemanager)
[ 5684.465964] [    T1] init: Control message: Could not find 'vendor.qti.diaghal@1.0::Idiag/default' for ctl.interface_start from pid: 772 (/system/bin/hwservicemanager)
[ 5685.466980] [    T1] init: Control message: Could not find 'vendor.qti.diaghal@1.0::Idiag/default' for ctl.interface_start from pid: 772 (/system/bin/hwservicemanager)
[ 5685.659319] [  T786] type=1400 audit(1783267667.775:125409): avc:  denied  { search } for  comm="sh" name="0" dev="tmpfs" ino=12 scontext=u:r:xsud:s0 tcontext=u:object_r:mnt_user_file:s0 tclass=dir permissive=1
[ 5685.701842] [  T786] type=1400 audit(1783267667.815:125410): avc:  denied  { setattr } for  comm="chmod" name="scaling_max_freq" dev="sysfs" ino=75869 scontext=u:r:xsud:s0 tcontext=u:object_r:sysfs_devices_system_cpu:s0 tclass=file permissive=1
[ 5685.702967] [  T786] type=1400 audit(1783267667.819:125411): avc:  denied  { write } for  comm="sh" name="scaling_max_freq" dev="sysfs" ino=75869 scontext=u:r:xsud:s0 tcontext=u:object_r:sysfs_devices_system_cpu:s0 tclass=file permissive=1
[ 5686.468674] [    T1] init: Control message: Could not find 'vendor.qti.diaghal@1.0::Idiag/default' for ctl.interface_start from pid: 772 (/system/bin/hwservicemanager)
[ 5687.470443] [    T1] init: Control message: Could not find 'vendor.qti.diaghal@1.0::Idiag/default' for ctl.interface_start from pid: 772 (/system/bin/hwservicemanager)
[ 5688.471780] [    T1] init: Control message: Could not find 'vendor.qti.diaghal@1.0::Idiag/default' for ctl.interface_start from pid: 772 (/system/bin/hwservicemanager)
[ 5689.473627] [    T1] init: Control message: Could not find 'vendor.qti.diaghal@1.0::Idiag/default' for ctl.interface_start from pid: 772 (/system/bin/hwservicemanager)
[ 5690.459792] [  T786] type=1400 audit(1783267672.575:125412): avc:  denied  { getattr } for  comm="DefaultDispatch" path="/dev/ttyHS5" dev="tmpfs" ino=1196 scontext=u:r:system_app:s0 tcontext=u:object_r:device:s0 tclass=chr_file permissive=1
[ 5690.475386] [    T1] init: Control message: Could not find 'vendor.qti.diaghal@1.0::Idiag/default' for ctl.interface_start from pid: 772 (/system/bin/hwservicemanager)
[ 5690.542104] [  T786] type=1400 audit(1783267672.655:125413): avc:  denied  { getattr } for  comm="DefaultDispatch" path="/dev/ttyHS5" dev="tmpfs" ino=1196 scontext=u:r:system_app:s0 tcontext=u:object_r:device:s0 tclass=chr_file permissive=1
[ 5690.547541] [  T770] servicemanager: Found vendor.qti.hardware.perf2.IPerf/default in device VINTF manifest.
[ 5690.552826] [    T1] init: Control message: Could not find 'vendor.qti.diaghal@1.0::Idiag/default' for ctl.interface_start from pid: 772 (/system/bin/hwservicemanager)
[ 5690.553118] [    T1] init: Control message: Could not find 'vendor.qti.diaghal@1.0::Idiag/default' for ctl.interface_start from pid: 772 (/system/bin/hwservicemanager)
[ 5690.649532] [T11300] audit: audit_lost=118584 audit_rate_limit=5 audit_backlog_limit=64
[ 5690.649538] [T11300] audit: rate limit exceeded
[ 5690.649667] [  T786] type=1400 audit(1783267672.763:125414): avc:  denied  { read } for  comm="top" scontext=u:r:system_app:s0 tcontext=u:r:servicemanager:s0 tclass=file permissive=1
[ 5690.649745] [  T786] type=1400 audit(1783267672.763:125415): avc:  denied  { read } for  comm="top" scontext=u:r:system_app:s0 tcontext=u:r:hwservicemanager:s0 tclass=file permissive=1
[ 5690.649767] [  T786] type=1400 audit(1783267672.763:125416): avc:  denied  { read } for  comm="top" scontext=u:r:system_app:s0 tcontext=u:r:vendor_hal_keymint_qti:s0 tclass=file permissive=1
[ 5690.649785] [  T786] type=1400 audit(1783267672.763:125417): avc:  denied  { read } for  comm="top" scontext=u:r:system_app:s0 tcontext=u:r:vendor_hal_qseecom_default:s0 tclass=file permissive=1
[ 5691.555698] [    T1] init: Control message: Could not find 'vendor.qti.diaghal@1.0::Idiag/default' for ctl.interface_start from pid: 772 (/system/bin/hwservicemanager)
[ 5691.661388] [  T786] type=1400 audit(1783267673.775:125594): avc:  denied  { read } for  comm="Timer-3" name="gpuclk" dev="sysfs" ino=126916 scontext=u:r:system_app:s0 tcontext=u:object_r:vendor_sysfs_kgsl_gpuclk:s0 tclass=file permissive=1
[ 5691.661527] [  T786] type=1400 audit(1783267673.775:125595): avc:  denied  { open } for  comm="Timer-3" path="/sys/devices/platform/soc/3d00000.qcom,kgsl-3d0/kgsl/kgsl-3d0/gpuclk" dev="sysfs" ino=126916 scontext=u:r:system_app:s0 tcontext=u:object_r:vendor_sysfs_kgsl_gpuclk:s0 tclass=file permissive=1
[ 5691.661591] [  T786] type=1400 audit(1783267673.775:125596): avc:  denied  { getattr } for  comm="Timer-3" path="/sys/devices/platform/soc/3d00000.qcom,kgsl-3d0/kgsl/kgsl-3d0/gpuclk" dev="sysfs" ino=126916 scontext=u:r:system_app:s0 tcontext=u:object_r:vendor_sysfs_kgsl_gpuclk:s0 tclass=file permissive=1
[ 5692.215294] [ T9703] audit: audit_lost=118760 audit_rate_limit=5 audit_backlog_limit=64
[ 5692.215306] [ T9703] audit: rate limit exceeded
[ 5692.215396] [  T786] type=1400 audit(1783267674.331:125597): avc:  denied  { dac_read_search } for  comm="sh" capability=2  scontext=u:r:xsud:s0 tcontext=u:r:xsud:s0 tclass=capability permissive=1
[ 5692.215565] [  T786] type=1400 audit(1783267674.331:125598): avc:  denied  { search } for  comm="sh" name="0" dev="tmpfs" ino=12 scontext=u:r:xsud:s0 tcontext=u:object_r:mnt_user_file:s0 tclass=dir permissive=1
[ 5692.556613] [    T1] init: Control message: Could not find 'vendor.qti.diaghal@1.0::Idiag/default' for ctl.interface_start from pid: 772 (/system/bin/hwservicemanager)
[ 5692.688754] [  T786] type=1400 audit(1783267674.803:125638): avc:  denied  { write } for  comm="sh" name="pwm1" dev="sysfs" ino=115994 scontext=u:r:xsud:s0 tcontext=u:object_r:sysfs:s0 tclass=file permissive=1
[ 5692.688881] [  T786] type=1400 audit(1783267674.803:125639): avc:  denied  { open } for  comm="sh" path="/sys/devices/platform/soc/soc:pwm-fan/hwmon/hwmon0/pwm1" dev="sysfs" ino=115994 scontext=u:r:xsud:s0 tcontext=u:object_r:sysfs:s0 tclass=file permissive=1
[ 5693.400397] [T11345] audit: audit_lost=118799 audit_rate_limit=5 audit_backlog_limit=64
[ 5693.400414] [T11345] audit: rate limit exceeded
[ 5693.400522] [  T786] type=1400 audit(1783267675.515:125640): avc:  denied  { read } for  comm="top" scontext=u:r:system_app:s0 tcontext=u:r:vendor_hal_keymint_spu_qti:s0 tclass=file permissive=1
[ 5693.400686] [  T786] type=1400 audit(1783267675.515:125641): avc:  denied  { read } for  comm="top" scontext=u:r:system_app:s0 tcontext=u:r:vendor_hal_trustedui_qti:s0 tclass=file permissive=1
[ 5693.400747] [  T786] type=1400 audit(1783267675.515:125642): avc:  denied  { read } for  comm="top" scontext=u:r:system_app:s0 tcontext=u:r:hal_vibrator_default:s0 tclass=file permissive=1
[ 5693.559357] [    T1] init: Control message: Could not find 'vendor.qti.diaghal@1.0::Idiag/default' for ctl.interface_start from pid: 772 (/system/bin/hwservicemanager)
[ 5694.559856] [    T1] init: Control message: Could not find 'vendor.qti.diaghal@1.0::Idiag/default' for ctl.interface_start from pid: 772 (/system/bin/hwservicemanager)
[ 5695.561586] [    T1] init: Control message: Could not find 'vendor.qti.diaghal@1.0::Idiag/default' for ctl.interface_start from pid: 772 (/system/bin/hwservicemanager)
[ 5695.712664] [  T840] wcd-usbss-i2c-driver 1-000e: wcd_usbss_is_in_reset_state: Surge check #3 failed
[ 5696.563111] [    T1] init: Control message: Could not find 'vendor.qti.diaghal@1.0::Idiag/default' for ctl.interface_start from pid: 772 (/system/bin/hwservicemanager)
[ 5697.565628] [    T1] init: Control message: Could not find 'vendor.qti.diaghal@1.0::Idiag/default' for ctl.interface_start from pid: 772 (/system/bin/hwservicemanager)
[ 5698.395288] [  T786] type=1400 audit(1783267680.511:125656): avc:  denied  { getattr } for  comm="top" path="/proc/1455" dev="proc" ino=1372815 scontext=u:r:system_app:s0 tcontext=u:r:vendor_hal_spu_qti:s0 tclass=dir permissive=1
[ 5698.395677] [  T786] type=1400 audit(1783267680.511:125657): avc:  denied  { search } for  comm="top" name="1455" dev="proc" ino=1372815 scontext=u:r:system_app:s0 tcontext=u:r:vendor_hal_spu_qti:s0 tclass=dir permissive=1
[ 5698.396492] [  T786] type=1400 audit(1783267680.511:125658): avc:  denied  { getattr } for  comm="top" path="/proc/1695" dev="proc" ino=1372834 scontext=u:r:system_app:s0 tcontext=u:r:vendor_per_proxy:s0 tclass=dir permissive=1
[ 5698.396576] [  T786] type=1400 audit(1783267680.511:125659): avc:  denied  { search } for  comm="top" name="1695" dev="proc" ino=1372834 scontext=u:r:system_app:s0 tcontext=u:r:vendor_per_proxy:s0 tclass=dir permissive=1
[ 5698.396877] [  T786] type=1400 audit(1783267680.511:125660): avc:  denied  { getattr } for  comm="top" path="/proc/1872" dev="proc" ino=1372840 scontext=u:r:system_app:s0 tcontext=u:r:vendor_perf_qesdk:s0 tclass=dir permissive=1
[ 5698.396963] [  T786] type=1400 audit(1783267680.511:125661): avc:  denied  { search } for  comm="top" name="1872" dev="proc" ino=1372840 scontext=u:r:system_app:s0 tcontext=u:r:vendor_perf_qesdk:s0 tclass=dir permissive=1
[ 5698.566934] [    T1] init: Control message: Could not find 'vendor.qti.diaghal@1.0::Idiag/default' for ctl.interface_start from pid: 772 (/system/bin/hwservicemanager)
[ 5698.648994] [T11388] audit: audit_lost=118808 audit_rate_limit=5 audit_backlog_limit=64
[ 5698.649003] [T11388] audit: rate limit exceeded
[ 5699.568979] [    T1] init: Control message: Could not find 'vendor.qti.diaghal@1.0::Idiag/default' for ctl.interface_start from pid: 772 (/system/bin/hwservicemanager)
[ 5700.570976] [    T1] init: Control message: Could not find 'vendor.qti.diaghal@1.0::Idiag/default' for ctl.interface_start from pid: 772 (/system/bin/hwservicemanager)
[ 5701.571949] [    T1] init: Control message: Could not find 'vendor.qti.diaghal@1.0::Idiag/default' for ctl.interface_start from pid: 772 (/system/bin/hwservicemanager)
[ 5702.573791] [    T1] init: Control message: Could not find 'vendor.qti.diaghal@1.0::Idiag/default' for ctl.interface_start from pid: 772 (/system/bin/hwservicemanager)
[ 5703.391764] [  T786] type=1400 audit(1783267685.507:125666): avc:  denied  { read } for  comm="top" scontext=u:r:system_app:s0 tcontext=u:r:hal_allocator_default:s0 tclass=file permissive=1
[ 5703.392059] [  T786] type=1400 audit(1783267685.507:125667): avc:  denied  { read } for  comm="top" scontext=u:r:system_app:s0 tcontext=u:r:hal_tsnv_default:s0 tclass=file permissive=1
[ 5703.393065] [  T786] type=1400 audit(1783267685.507:125668): avc:  denied  { open } for  comm="top" path="/proc/1374/stat" dev="proc" ino=1368033 scontext=u:r:system_app:s0 tcontext=u:r:hal_allocator_default:s0 tclass=file permissive=1
[ 5703.394442] [  T786] type=1400 audit(1783267685.507:125669): avc:  denied  { open } for  comm="top" path="/proc/1566/stat" dev="proc" ino=1376317 scontext=u:r:system_app:s0 tcontext=u:r:hal_tsnv_default:s0 tclass=file permissive=1
[ 5703.574727] [    T1] init: Control message: Could not find 'vendor.qti.diaghal@1.0::Idiag/default' for ctl.interface_start from pid: 772 (/system/bin/hwservicemanager)
[ 5704.576631] [    T1] init: Control message: Could not find 'vendor.qti.diaghal@1.0::Idiag/default' for ctl.interface_start from pid: 772 (/system/bin/hwservicemanager)
[ 5705.577362] [    T1] init: Control message: Could not find 'vendor.qti.diaghal@1.0::Idiag/default' for ctl.interface_start from pid: 772 (/system/bin/hwservicemanager)
[ 5705.643764] [  T786] type=1400 audit(1783267687.759:125670): avc:  denied  { getattr } for  comm="top" path="/proc/1482" dev="proc" ino=1372818 scontext=u:r:system_app:s0 tcontext=u:r:vendor_hal_poweroptservice_qti:s0 tclass=dir permissive=1
[ 5705.643939] [  T786] type=1400 audit(1783267687.759:125671): avc:  denied  { search } for  comm="top" name="1482" dev="proc" ino=1372818 scontext=u:r:system_app:s0 tcontext=u:r:vendor_hal_poweroptservice_qti:s0 tclass=dir permissive=1
[ 5705.644412] [  T786] type=1400 audit(1783267687.759:125672): avc:  denied  { getattr } for  comm="top" path="/proc/1641" dev="proc" ino=1372833 scontext=u:r:system_app:s0 tcontext=u:r:vendor_qwesd:s0 tclass=dir permissive=1
[ 5705.644609] [  T786] type=1400 audit(1783267687.759:125673): avc:  denied  { search } for  comm="top" name="1641" dev="proc" ino=1372833 scontext=u:r:system_app:s0 tcontext=u:r:vendor_qwesd:s0 tclass=dir permissive=1
[ 5706.579170] [    T1] init: Control message: Could not find 'vendor.qti.diaghal@1.0::Idiag/default' for ctl.interface_start from pid: 772 (/system/bin/hwservicemanager)
[ 5707.580930] [    T1] init: Control message: Could not find 'vendor.qti.diaghal@1.0::Idiag/default' for ctl.interface_start from pid: 772 (/system/bin/hwservicemanager)
[ 5708.582663] [    T1] init: Control message: Could not find 'vendor.qti.diaghal@1.0::Idiag/default' for ctl.interface_start from pid: 772 (/system/bin/hwservicemanager)
[ 5708.727784] [ T1394] healthd: battery l=46 v=7587 t=36.0 h=2 st=3 c=-396433 fc=4297000 cc=25 chg=a
[ 5708.769644] [T11493] BATTERY_CHG: battery_psy_set_online: battery_psy_set_online: set online 1
[ 5708.769881] [  T786] type=1400 audit(1783267690.883:125674): avc:  denied  { search } for  comm="sh" name="battery" dev="sysfs" ino=141942 scontext=u:r:xsud:s0 tcontext=u:object_r:vendor_sysfs_battery_supply:s0 tclass=dir permissive=1
[ 5708.769988] [  T786] type=1400 audit(1783267690.883:125675): avc:  denied  { write } for  comm="sh" name="online" dev="sysfs" ino=141951 scontext=u:r:xsud:s0 tcontext=u:object_r:vendor_sysfs_battery_supply:s0 tclass=file permissive=1
[ 5708.770054] [  T786] type=1400 audit(1783267690.883:125676): avc:  denied  { open } for  comm="sh" path="/sys/devices/platform/soc/soc:qcom,pmic_glink/soc:qcom,pmic_glink:qcom,battery_charger/power_supply/battery/online" dev="sysfs" ino=141951 scontext=u:r:xsud:s0 tcontext=u:object_r:vendor_sysfs_battery_supply:s0 tclass=file permissive=1
[ 5709.387002] [  T786] type=1400 audit(1783267691.499:125677): avc:  denied  { read } for  comm="top" scontext=u:r:system_app:s0 tcontext=u:r:vendor_hal_keymint_qti:s0 tclass=file permissive=1
[ 5709.387407] [  T786] type=1400 audit(1783267691.503:125678): avc:  denied  { read } for  comm="top" scontext=u:r:system_app:s0 tcontext=u:r:hal_power_default:s0 tclass=file permissive=1
[ 5709.387575] [  T786] type=1400 audit(1783267691.503:125679): avc:  denied  { read } for  comm="top" scontext=u:r:system_app:s0 tcontext=u:r:vendor_hal_qspmhal_default:s0 tclass=file permissive=1
[ 5709.389167] [T11494] audit: audit_lost=118812 audit_rate_limit=5 audit_backlog_limit=64
[ 5709.389173] [T11494] audit: rate limit exceeded
[ 5709.584451] [    T1] init: Control message: Could not find 'vendor.qti.diaghal@1.0::Idiag/default' for ctl.interface_start from pid: 772 (/system/bin/hwservicemanager)
[ 5710.612279] [  T770] servicemanager: Found vendor.qti.hardware.perf2.IPerf/default in device VINTF manifest.
[ 5710.616257] [    T1] init: Control message: Could not find 'vendor.qti.diaghal@1.0::Idiag/default' for ctl.interface_start from pid: 772 (/system/bin/hwservicemanager)
[ 5710.616542] [    T1] init: Control message: Could not find 'vendor.qti.diaghal@1.0::Idiag/default' for ctl.interface_start from pid: 772 (/system/bin/hwservicemanager)
[ 5710.634822] [T11543] audit: audit_lost=118814 audit_rate_limit=5 audit_backlog_limit=64
[ 5710.634826] [T11543] audit: rate limit exceeded
[ 5710.816000] [  T840] wcd-usbss-i2c-driver 1-000e: wcd_usbss_is_in_reset_state: Surge check #3 failed
[ 5711.368249] [  T786] type=1400 audit(1783267693.483:125834): avc:  denied  { read } for  comm="Timer-3" name="pwm1" dev="sysfs" ino=115994 scontext=u:r:system_app:s0 tcontext=u:object_r:sysfs:s0 tclass=file permissive=1
[ 5711.368389] [  T786] type=1400 audit(1783267693.483:125835): avc:  denied  { open } for  comm="Timer-3" path="/sys/devices/platform/soc/soc:pwm-fan/hwmon/hwmon0/pwm1" dev="sysfs" ino=115994 scontext=u:r:system_app:s0 tcontext=u:object_r:sysfs:s0 tclass=file permissive=1
[ 5711.368430] [  T786] type=1400 audit(1783267693.483:125836): avc:  denied  { getattr } for  comm="Timer-3" path="/sys/devices/platform/soc/soc:pwm-fan/hwmon/hwmon0/pwm1" dev="sysfs" ino=115994 scontext=u:r:system_app:s0 tcontext=u:object_r:sysfs:s0 tclass=file permissive=1
[ 5711.374462] [  T786] type=1400 audit(1783267693.487:125837): avc:  denied  { read } for  comm="top" name="pid_max" dev="proc" ino=1373408 scontext=u:r:system_app:s0 tcontext=u:object_r:proc_pid_max:s0 tclass=file permissive=1
[ 5711.374553] [  T786] type=1400 audit(1783267693.487:125838): avc:  denied  { open } for  comm="top" path="/proc/sys/kernel/pid_max" dev="proc" ino=1373408 scontext=u:r:system_app:s0 tcontext=u:object_r:proc_pid_max:s0 tclass=file permissive=1
[ 5711.619081] [    T1] init: Control message: Could not find 'vendor.qti.diaghal@1.0::Idiag/default' for ctl.interface_start from pid: 772 (/system/bin/hwservicemanager)
[ 5712.202912] [ T9703] audit: audit_lost=119021 audit_rate_limit=5 audit_backlog_limit=64
[ 5712.202919] [ T9703] audit: rate limit exceeded
[ 5712.382569] [  T786] type=1400 audit(1783267694.495:125917): avc:  denied  { read } for  comm="top" scontext=u:r:system_app:s0 tcontext=u:r:vendor_hal_qspa_default:s0 tclass=file permissive=1
[ 5712.382980] [  T786] type=1400 audit(1783267694.495:125918): avc:  denied  { read } for  comm="top" scontext=u:r:system_app:s0 tcontext=u:r:vendor_tcmd:s0 tclass=file permissive=1
[ 5712.383008] [  T786] type=1400 audit(1783267694.495:125919): avc:  denied  { read } for  comm="top" scontext=u:r:system_app:s0 tcontext=u:r:vendor_hal_gatekeeper_qti:s0 tclass=file permissive=1
[ 5712.383026] [  T786] type=1400 audit(1783267694.495:125920): avc:  denied  { read } for  comm="top" scontext=u:r:system_app:s0 tcontext=u:r:vendor_hal_dpmQmiMgr:s0 tclass=file permissive=1
[ 5712.383043] [  T786] type=1400 audit(1783267694.495:125921): avc:  denied  { read } for  comm="top" scontext=u:r:system_app:s0 tcontext=u:r:vendor_sxrd_vndr:s0 tclass=file permissive=1
[ 5712.620992] [    T1] init: Control message: Could not find 'vendor.qti.diaghal@1.0::Idiag/default' for ctl.interface_start from pid: 772 (/system/bin/hwservicemanager)
[ 5713.366867] [ T9360] audit: audit_lost=119053 audit_rate_limit=5 audit_backlog_limit=64
[ 5713.366887] [ T9360] audit: rate limit exceeded
[ 5713.622370] [    T1] init: Control message: Could not find 'vendor.qti.diaghal@1.0::Idiag/default' for ctl.interface_start from pid: 772 (/system/bin/hwservicemanager)
[ 5714.623340] [    T1] init: Control message: Could not find 'vendor.qti.diaghal@1.0::Idiag/default' for ctl.interface_start from pid: 772 (/system/bin/hwservicemanager)
[ 5715.624589] [    T1] init: Control message: Could not find 'vendor.qti.diaghal@1.0::Idiag/default' for ctl.interface_start from pid: 772 (/system/bin/hwservicemanager)
[ 5716.626449] [    T1] init: Control message: Could not find 'vendor.qti.diaghal@1.0::Idiag/default' for ctl.interface_start from pid: 772 (/system/bin/hwservicemanager)
[ 5717.628862] [    T1] init: Control message: Could not find 'vendor.qti.diaghal@1.0::Idiag/default' for ctl.interface_start from pid: 772 (/system/bin/hwservicemanager)
[ 5718.629721] [    T1] init: Control message: Could not find 'vendor.qti.diaghal@1.0::Idiag/default' for ctl.interface_start from pid: 772 (/system/bin/hwservicemanager)
[ 5718.641455] [  T786] type=1400 audit(1783267700.755:125954): avc:  denied  { getattr } for  comm="top" path="/proc/1872" dev="proc" ino=1372840 scontext=u:r:system_app:s0 tcontext=u:r:vendor_perf_qesdk:s0 tclass=dir permissive=1
[ 5718.641632] [  T786] type=1400 audit(1783267700.755:125955): avc:  denied  { search } for  comm="top" name="1872" dev="proc" ino=1372840 scontext=u:r:system_app:s0 tcontext=u:r:vendor_perf_qesdk:s0 tclass=dir permissive=1
[ 5719.631895] [    T1] init: Control message: Could not find 'vendor.qti.diaghal@1.0::Idiag/default' for ctl.interface_start from pid: 772 (/system/bin/hwservicemanager)
[ 5720.632896] [    T1] init: Control message: Could not find 'vendor.qti.diaghal@1.0::Idiag/default' for ctl.interface_start from pid: 772 (/system/bin/hwservicemanager)
[ 5721.633959] [    T1] init: Control message: Could not find 'vendor.qti.diaghal@1.0::Idiag/default' for ctl.interface_start from pid: 772 (/system/bin/hwservicemanager)
[ 5722.635937] [    T1] init: Control message: Could not find 'vendor.qti.diaghal@1.0::Idiag/default' for ctl.interface_start from pid: 772 (/system/bin/hwservicemanager)
[ 5723.367601] [  T786] type=1400 audit(1783267705.483:125956): avc:  denied  { read } for  comm="top" scontext=u:r:system_app:s0 tcontext=u:r:vendor_perfservice:s0 tclass=file permissive=1
[ 5723.370006] [  T786] type=1400 audit(1783267705.483:125957): avc:  denied  { open } for  comm="top" path="/proc/1813/stat" dev="proc" ino=1376345 scontext=u:r:system_app:s0 tcontext=u:r:vendor_perfservice:s0 tclass=file permissive=1
[ 5723.637117] [    T1] init: Control message: Could not find 'vendor.qti.diaghal@1.0::Idiag/default' for ctl.interface_start from pid: 772 (/system/bin/hwservicemanager)
[ 5724.638442] [    T1] init: Control message: Could not find 'vendor.qti.diaghal@1.0::Idiag/default' for ctl.interface_start from pid: 772 (/system/bin/hwservicemanager)
[ 5725.639921] [    T1] init: Control message: Could not find 'vendor.qti.diaghal@1.0::Idiag/default' for ctl.interface_start from pid: 772 (/system/bin/hwservicemanager)
[ 5725.921345] [  T840] wcd-usbss-i2c-driver 1-000e: wcd_usbss_is_in_reset_state: Surge check #3 failed
[ 5726.641026] [    T1] init: Control message: Could not find 'vendor.qti.diaghal@1.0::Idiag/default' for ctl.interface_start from pid: 772 (/system/bin/hwservicemanager)
[ 5727.376211] [  T786] type=1400 audit(1783267709.491:125958): avc:  denied  { read } for  comm="top" scontext=u:r:system_app:s0 tcontext=u:r:hal_allocator_default:s0 tclass=file permissive=1
[ 5727.376385] [  T786] type=1400 audit(1783267709.491:125959): avc:  denied  { read } for  comm="top" scontext=u:r:system_app:s0 tcontext=u:r:hal_tsnv_default:s0 tclass=file permissive=1
[ 5727.377543] [  T786] type=1400 audit(1783267709.491:125960): avc:  denied  { open } for  comm="top" path="/proc/1374/stat" dev="proc" ino=1368033 scontext=u:r:system_app:s0 tcontext=u:r:hal_allocator_default:s0 tclass=file permissive=1
[ 5727.379047] [  T786] type=1400 audit(1783267709.495:125961): avc:  denied  { open } for  comm="top" path="/proc/1566/stat" dev="proc" ino=1376317 scontext=u:r:system_app:s0 tcontext=u:r:hal_tsnv_default:s0 tclass=file permissive=1
[ 5727.642064] [    T1] init: Control message: Could not find 'vendor.qti.diaghal@1.0::Idiag/default' for ctl.interface_start from pid: 772 (/system/bin/hwservicemanager)
[ 5728.643617] [    T1] init: Control message: Could not find 'vendor.qti.diaghal@1.0::Idiag/default' for ctl.interface_start from pid: 772 (/system/bin/hwservicemanager)
[ 5729.633910] [  T786] type=1400 audit(1783267711.747:125962): avc:  denied  { getattr } for  comm="top" path="/proc/1482" dev="proc" ino=1372818 scontext=u:r:system_app:s0 tcontext=u:r:vendor_hal_poweroptservice_qti:s0 tclass=dir permissive=1
[ 5729.634127] [  T786] type=1400 audit(1783267711.747:125963): avc:  denied  { search } for  comm="top" name="1482" dev="proc" ino=1372818 scontext=u:r:system_app:s0 tcontext=u:r:vendor_hal_poweroptservice_qti:s0 tclass=dir permissive=1
[ 5729.634678] [  T786] type=1400 audit(1783267711.747:125964): avc:  denied  { getattr } for  comm="top" path="/proc/1641" dev="proc" ino=1372833 scontext=u:r:system_app:s0 tcontext=u:r:vendor_qwesd:s0 tclass=dir permissive=1
[ 5729.634893] [  T786] type=1400 audit(1783267711.747:125965): avc:  denied  { search } for  comm="top" name="1641" dev="proc" ino=1372833 scontext=u:r:system_app:s0 tcontext=u:r:vendor_qwesd:s0 tclass=dir permissive=1
[ 5729.644774] [    T1] init: Control message: Could not find 'vendor.qti.diaghal@1.0::Idiag/default' for ctl.interface_start from pid: 772 (/system/bin/hwservicemanager)
[ 5730.625000] [  T786] type=1400 audit(1783267712.739:125966): avc:  denied  { read } for  comm="top" scontext=u:r:system_app:s0 tcontext=u:r:vendor_hal_keymint_qti:s0 tclass=file permissive=1
[ 5730.625210] [  T786] type=1400 audit(1783267712.739:125967): avc:  denied  { read } for  comm="top" scontext=u:r:system_app:s0 tcontext=u:r:hal_power_default:s0 tclass=file permissive=1
[ 5730.625592] [T11745] audit: audit_lost=119066 audit_rate_limit=5 audit_backlog_limit=64
[ 5730.625595] [T11745] audit: rate limit exceeded
[ 5730.693774] [  T770] servicemanager: Found vendor.qti.hardware.perf2.IPerf/default in device VINTF manifest.
[ 5730.698508] [    T1] init: Control message: Could not find 'vendor.qti.diaghal@1.0::Idiag/default' for ctl.interface_start from pid: 772 (/system/bin/hwservicemanager)
[ 5730.698984] [    T1] init: Control message: Could not find 'vendor.qti.diaghal@1.0::Idiag/default' for ctl.interface_start from pid: 772 (/system/bin/hwservicemanager)
[ 5731.636520] [T11765] audit: audit_lost=119218 audit_rate_limit=5 audit_backlog_limit=64
[ 5731.636531] [T11765] audit: rate limit exceeded
[ 5731.701978] [    T1] init: Control message: Could not find 'vendor.qti.diaghal@1.0::Idiag/default' for ctl.interface_start from pid: 772 (/system/bin/hwservicemanager)
[ 5732.640822] [ T9360] audit: audit_lost=119302 audit_rate_limit=5 audit_backlog_limit=64
[ 5732.640835] [ T9360] audit: rate limit exceeded
[ 5732.702797] [    T1] init: Control message: Could not find 'vendor.qti.diaghal@1.0::Idiag/default' for ctl.interface_start from pid: 772 (/system/bin/hwservicemanager)
[ 5733.705307] [    T1] init: Control message: Could not find 'vendor.qti.diaghal@1.0::Idiag/default' for ctl.interface_start from pid: 772 (/system/bin/hwservicemanager)
[ 5734.707275] [    T1] init: Control message: Could not find 'vendor.qti.diaghal@1.0::Idiag/default' for ctl.interface_start from pid: 772 (/system/bin/hwservicemanager)
[ 5735.708838] [    T1] init: Control message: Could not find 'vendor.qti.diaghal@1.0::Idiag/default' for ctl.interface_start from pid: 772 (/system/bin/hwservicemanager)
[ 5736.710556] [    T1] init: Control message: Could not find 'vendor.qti.diaghal@1.0::Idiag/default' for ctl.interface_start from pid: 772 (/system/bin/hwservicemanager)
[ 5737.712184] [    T1] init: Control message: Could not find 'vendor.qti.diaghal@1.0::Idiag/default' for ctl.interface_start from pid: 772 (/system/bin/hwservicemanager)
[ 5738.712917] [    T1] init: Control message: Could not find 'vendor.qti.diaghal@1.0::Idiag/default' for ctl.interface_start from pid: 772 (/system/bin/hwservicemanager)
[ 5739.369086] [  T786] type=1400 audit(1783267721.483:126225): avc:  denied  { read } for  comm="top" scontext=u:r:system_app:s0 tcontext=u:r:vendor_hal_qspa_default:s0 tclass=file permissive=1
[ 5739.370991] [  T786] type=1400 audit(1783267721.487:126226): avc:  denied  { getattr } for  comm="top" path="/proc/1486" dev="proc" ino=1372819 scontext=u:r:system_app:s0 tcontext=u:r:vendor_hal_qesdhal_default:s0 tclass=dir permissive=1
[ 5739.371063] [  T786] type=1400 audit(1783267721.487:126227): avc:  denied  { search } for  comm="top" name="1486" dev="proc" ino=1372819 scontext=u:r:system_app:s0 tcontext=u:r:vendor_hal_qesdhal_default:s0 tclass=dir permissive=1
[ 5739.371084] [  T786] type=1400 audit(1783267721.487:126228): avc:  denied  { getattr } for  comm="top" path="/proc/1490" dev="proc" ino=1372820 scontext=u:r:system_app:s0 tcontext=u:r:vendor_qesdsect:s0 tclass=dir permissive=1
[ 5739.371103] [  T786] type=1400 audit(1783267721.487:126229): avc:  denied  { search } for  comm="top" name="1490" dev="proc" ino=1372820 scontext=u:r:system_app:s0 tcontext=u:r:vendor_qesdsect:s0 tclass=dir permissive=1
[ 5739.371585] [T11841] audit: audit_lost=119311 audit_rate_limit=5 audit_backlog_limit=64
[ 5739.371589] [T11841] audit: rate limit exceeded
[ 5739.714895] [    T1] init: Control message: Could not find 'vendor.qti.diaghal@1.0::Idiag/default' for ctl.interface_start from pid: 772 (/system/bin/hwservicemanager)
[ 5740.717378] [    T1] init: Control message: Could not find 'vendor.qti.diaghal@1.0::Idiag/default' for ctl.interface_start from pid: 772 (/system/bin/hwservicemanager)
[ 5740.733565] [  T786] type=1400 audit(1783267722.847:126231): avc:  denied  { search } for  comm="sh" name="/" dev="fuse" ino=131 scontext=u:r:xsud:s0 tcontext=u:object_r:fuse:s0 tclass=dir permissive=1
[ 5741.024599] [  T840] wcd-usbss-i2c-driver 1-000e: wcd_usbss_is_in_reset_state: Surge check #3 failed
[ 5741.719091] [    T1] init: Control message: Could not find 'vendor.qti.diaghal@1.0::Idiag/default' for ctl.interface_start from pid: 772 (/system/bin/hwservicemanager)
[ 5742.720814] [    T1] init: Control message: Could not find 'vendor.qti.diaghal@1.0::Idiag/default' for ctl.interface_start from pid: 772 (/system/bin/hwservicemanager)
[ 5743.361738] [  T786] type=1400 audit(1783267725.475:126232): avc:  denied  { read } for  comm="top" scontext=u:r:system_app:s0 tcontext=u:r:vendor_hal_keymint_spu_qti:s0 tclass=file permissive=1
[ 5743.363058] [  T786] type=1400 audit(1783267725.479:126233): avc:  denied  { open } for  comm="top" path="/proc/1080/stat" dev="proc" ino=1368029 scontext=u:r:system_app:s0 tcontext=u:r:vendor_hal_keymint_spu_qti:s0 tclass=file permissive=1
[ 5743.363889] [  T786] type=1400 audit(1783267725.479:126234): avc:  denied  { getattr } for  comm="top" path="/proc/1497" dev="proc" ino=1372822 scontext=u:r:system_app:s0 tcontext=u:r:vendor_hal_capabilityconfigstore_qti_default:s0 tclass=dir permissive=1
[ 5743.364636] [  T786] type=1400 audit(1783267725.479:126235): avc:  denied  { search } for  comm="top" name="1497" dev="proc" ino=1372822 scontext=u:r:system_app:s0 tcontext=u:r:vendor_hal_capabilityconfigstore_qti_default:s0 tclass=dir permissive=1
[ 5743.723081] [    T1] init: Control message: Could not find 'vendor.qti.diaghal@1.0::Idiag/default' for ctl.interface_start from pid: 772 (/system/bin/hwservicemanager)
[ 5744.724995] [    T1] init: Control message: Could not find 'vendor.qti.diaghal@1.0::Idiag/default' for ctl.interface_start from pid: 772 (/system/bin/hwservicemanager)
[ 5745.727121] [    T1] init: Control message: Could not find 'vendor.qti.diaghal@1.0::Idiag/default' for ctl.interface_start from pid: 772 (/system/bin/hwservicemanager)
[ 5746.729545] [    T1] init: Control message: Could not find 'vendor.qti.diaghal@1.0::Idiag/default' for ctl.interface_start from pid: 772 (/system/bin/hwservicemanager)
[ 5747.731713] [    T1] init: Control message: Could not find 'vendor.qti.diaghal@1.0::Idiag/default' for ctl.interface_start from pid: 772 (/system/bin/hwservicemanager)
[ 5748.732687] [    T1] init: Control message: Could not find 'vendor.qti.diaghal@1.0::Idiag/default' for ctl.interface_start from pid: 772 (/system/bin/hwservicemanager)
[ 5749.733869] [    T1] init: Control message: Could not find 'vendor.qti.diaghal@1.0::Idiag/default' for ctl.interface_start from pid: 772 (/system/bin/hwservicemanager)
[ 5750.720723] [  T786] type=1400 audit(1783267732.835:126236): avc:  denied  { getattr } for  comm="DefaultDispatch" path="/dev/ttyHS5" dev="tmpfs" ino=1196 scontext=u:r:system_app:s0 tcontext=u:object_r:device:s0 tclass=chr_file permissive=1
[ 5750.734861] [    T1] init: Control message: Could not find 'vendor.qti.diaghal@1.0::Idiag/default' for ctl.interface_start from pid: 772 (/system/bin/hwservicemanager)
[ 5750.817046] [  T770] servicemanager: Found vendor.qti.hardware.perf2.IPerf/default in device VINTF manifest.
[ 5750.823218] [    T1] init: Control message: Could not find 'vendor.qti.diaghal@1.0::Idiag/default' for ctl.interface_start from pid: 772 (/system/bin/hwservicemanager)
[ 5750.823856] [    T1] init: Control message: Could not find 'vendor.qti.diaghal@1.0::Idiag/default' for ctl.interface_start from pid: 772 (/system/bin/hwservicemanager)
[ 5751.338947] [  T786] type=1400 audit(1783267733.451:126237): avc:  denied  { read } for  comm="Timer-3" name="pwm1" dev="sysfs" ino=115994 scontext=u:r:system_app:s0 tcontext=u:object_r:sysfs:s0 tclass=file permissive=1
[ 5751.339104] [  T786] type=1400 audit(1783267733.455:126238): avc:  denied  { open } for  comm="Timer-3" path="/sys/devices/platform/soc/soc:pwm-fan/hwmon/hwmon0/pwm1" dev="sysfs" ino=115994 scontext=u:r:system_app:s0 tcontext=u:object_r:sysfs:s0 tclass=file permissive=1
[ 5751.339171] [  T786] type=1400 audit(1783267733.455:126239): avc:  denied  { getattr } for  comm="Timer-3" path="/sys/devices/platform/soc/soc:pwm-fan/hwmon/hwmon0/pwm1" dev="sysfs" ino=115994 scontext=u:r:system_app:s0 tcontext=u:object_r:sysfs:s0 tclass=file permissive=1
[ 5751.358840] [T11963] audit: audit_lost=119312 audit_rate_limit=5 audit_backlog_limit=64
[ 5751.358846] [T11963] audit: rate limit exceeded
[ 5751.359289] [  T786] type=1400 audit(1783267733.475:126240): avc:  denied  { read } for  comm="top" name="pid_max" dev="proc" ino=1373408 scontext=u:r:system_app:s0 tcontext=u:object_r:proc_pid_max:s0 tclass=file permissive=1
[ 5751.748149] [  T786] type=1400 audit(1783267733.863:126395): avc:  denied  { dac_read_search } for  comm="sh" capability=2  scontext=u:r:xsud:s0 tcontext=u:r:xsud:s0 tclass=capability permissive=1
[ 5751.748365] [  T786] type=1400 audit(1783267733.863:126396): avc:  denied  { search } for  comm="sh" name="0" dev="tmpfs" ino=12 scontext=u:r:xsud:s0 tcontext=u:object_r:mnt_user_file:s0 tclass=dir permissive=1
[ 5751.748470] [  T786] type=1400 audit(1783267733.863:126397): avc:  denied  { read } for  comm="sh" name="primary" dev="tmpfs" ino=42 scontext=u:r:xsud:s0 tcontext=u:object_r:mnt_user_file:s0 tclass=lnk_file permissive=1
[ 5751.748566] [  T786] type=1400 audit(1783267733.863:126398): avc:  denied  { search } for  comm="sh" name="/" dev="fuse" ino=131 scontext=u:r:xsud:s0 tcontext=u:object_r:fuse:s0 tclass=dir permissive=1
[ 5751.766783] [  T786] type=1400 audit(1783267733.879:126399): avc:  denied  { read } for  comm="cat" name="gpu_busy_percentage" dev="sysfs" ino=126935 scontext=u:r:xsud:s0 tcontext=u:object_r:vendor_sysfs_kgsl:s0 tclass=file permissive=1
[ 5751.825755] [    T1] init: Control message: Could not find 'vendor.qti.diaghal@1.0::Idiag/default' for ctl.interface_start from pid: 772 (/system/bin/hwservicemanager)
[ 5752.827468] [    T1] init: Control message: Could not find 'vendor.qti.diaghal@1.0::Idiag/default' for ctl.interface_start from pid: 772 (/system/bin/hwservicemanager)
[ 5753.356702] [T11982] audit: audit_lost=119509 audit_rate_limit=5 audit_backlog_limit=64
[ 5753.356708] [T11982] audit: rate limit exceeded
[ 5753.829507] [    T1] init: Control message: Could not find 'vendor.qti.diaghal@1.0::Idiag/default' for ctl.interface_start from pid: 772 (/system/bin/hwservicemanager)
[ 5754.608399] [T11999] audit: audit_lost=119527 audit_rate_limit=5 audit_backlog_limit=64
[ 5754.608406] [T11999] audit: rate limit exceeded
[ 5754.830540] [    T1] init: Control message: Could not find 'vendor.qti.diaghal@1.0::Idiag/default' for ctl.interface_start from pid: 772 (/system/bin/hwservicemanager)
[ 5755.832377] [    T1] init: Control message: Could not find 'vendor.qti.diaghal@1.0::Idiag/default' for ctl.interface_start from pid: 772 (/system/bin/hwservicemanager)
[ 5756.128826] [  T840] wcd-usbss-i2c-driver 1-000e: wcd_usbss_is_in_reset_state: Surge check #3 failed
[ 5756.833689] [    T1] init: Control message: Could not find 'vendor.qti.diaghal@1.0::Idiag/default' for ctl.interface_start from pid: 772 (/system/bin/hwservicemanager)
[ 5757.835989] [    T1] init: Control message: Could not find 'vendor.qti.diaghal@1.0::Idiag/default' for ctl.interface_start from pid: 772 (/system/bin/hwservicemanager)
[ 5758.342982] [  T786] type=1400 audit(1783267740.459:126480): avc:  denied  { read } for  comm="top" scontext=u:r:system_app:s0 tcontext=u:r:servicemanager:s0 tclass=file permissive=1
[ 5758.343090] [  T786] type=1400 audit(1783267740.459:126481): avc:  denied  { read } for  comm="top" scontext=u:r:system_app:s0 tcontext=u:r:vendor_spdaemon:s0 tclass=file permissive=1
[ 5758.343125] [  T786] type=1400 audit(1783267740.459:126482): avc:  denied  { read } for  comm="top" scontext=u:r:system_app:s0 tcontext=u:r:vendor_sec_nvm:s0 tclass=file permissive=1
[ 5758.343287] [  T786] type=1400 audit(1783267740.459:126483): avc:  denied  { read } for  comm="top" scontext=u:r:system_app:s0 tcontext=u:r:vendor_trusteduilistener:s0 tclass=file permissive=1
[ 5758.343945] [  T786] type=1400 audit(1783267740.459:126484): avc:  denied  { open } for  comm="top" path="/proc/770/stat" dev="proc" ino=1368001 scontext=u:r:system_app:s0 tcontext=u:r:servicemanager:s0 tclass=file permissive=1
[ 5758.344204] [T12024] audit: audit_lost=119536 audit_rate_limit=5 audit_backlog_limit=64
[ 5758.344208] [T12024] audit: rate limit exceeded
[ 5758.837862] [    T1] init: Control message: Could not find 'vendor.qti.diaghal@1.0::Idiag/default' for ctl.interface_start from pid: 772 (/system/bin/hwservicemanager)
[ 5759.351991] [  T786] type=1400 audit(1783267741.467:126490): avc:  denied  { read } for  comm="top" scontext=u:r:system_app:s0 tcontext=u:r:vendor_hal_secureprocessor_qti:s0 tclass=file permissive=1
[ 5759.352170] [  T786] type=1400 audit(1783267741.467:126491): avc:  denied  { read } for  comm="top" scontext=u:r:system_app:s0 tcontext=u:r:vendor_hal_gatekeeper_qti:s0 tclass=file permissive=1
[ 5759.353887] [  T786] type=1400 audit(1783267741.467:126492): avc:  denied  { getattr } for  comm="top" path="/proc/1521" dev="proc" ino=1372823 scontext=u:r:system_app:s0 tcontext=u:r:hal_light_default:s0 tclass=dir permissive=1
[ 5759.354208] [  T786] type=1400 audit(1783267741.467:126493): avc:  denied  { search } for  comm="top" name="1521" dev="proc" ino=1372823 scontext=u:r:system_app:s0 tcontext=u:r:hal_light_default:s0 tclass=dir permissive=1
[ 5759.354336] [  T786] type=1400 audit(1783267741.467:126494): avc:  denied  { open } for  comm="top" path="/proc/1535/stat" dev="proc" ino=1376285 scontext=u:r:system_app:s0 tcontext=u:r:vendor_hal_secureprocessor_qti:s0 tclass=file permissive=1
[ 5759.354407] [T12039] audit: audit_lost=119541 audit_rate_limit=5 audit_backlog_limit=64
[ 5759.354411] [T12039] audit: rate limit exceeded
[ 5759.840280] [    T1] init: Control message: Could not find 'vendor.qti.diaghal@1.0::Idiag/default' for ctl.interface_start from pid: 772 (/system/bin/hwservicemanager)
[ 5760.841068] [    T1] init: Control message: Could not find 'vendor.qti.diaghal@1.0::Idiag/default' for ctl.interface_start from pid: 772 (/system/bin/hwservicemanager)
[ 5761.842562] [    T1] init: Control message: Could not find 'vendor.qti.diaghal@1.0::Idiag/default' for ctl.interface_start from pid: 772 (/system/bin/hwservicemanager)
[ 5762.843608] [    T1] init: Control message: Could not find 'vendor.qti.diaghal@1.0::Idiag/default' for ctl.interface_start from pid: 772 (/system/bin/hwservicemanager)
[ 5763.347445] [  T786] type=1400 audit(1783267745.463:126498): avc:  denied  { open } for  comm="top" path="/proc/1711/stat" dev="proc" ino=1376329 scontext=u:r:system_app:s0 tcontext=u:r:vendor_tcmd:s0 tclass=file permissive=1
[ 5763.347559] [  T786] type=1400 audit(1783267745.463:126499): avc:  denied  { open } for  comm="top" path="/proc/1720/stat" dev="proc" ino=1376337 scontext=u:r:system_app:s0 tcontext=u:r:vendor_hal_dpmQmiMgr:s0 tclass=file permissive=1
[ 5763.844818] [    T1] init: Control message: Could not find 'vendor.qti.diaghal@1.0::Idiag/default' for ctl.interface_start from pid: 772 (/system/bin/hwservicemanager)
[ 5764.846712] [    T1] init: Control message: Could not find 'vendor.qti.diaghal@1.0::Idiag/default' for ctl.interface_start from pid: 772 (/system/bin/hwservicemanager)
[ 5765.848575] [    T1] init: Control message: Could not find 'vendor.qti.diaghal@1.0::Idiag/default' for ctl.interface_start from pid: 772 (/system/bin/hwservicemanager)
[ 5766.849758] [    T1] init: Control message: Could not find 'vendor.qti.diaghal@1.0::Idiag/default' for ctl.interface_start from pid: 772 (/system/bin/hwservicemanager)
[ 5767.851990] [    T1] init: Control message: Could not find 'vendor.qti.diaghal@1.0::Idiag/default' for ctl.interface_start from pid: 772 (/system/bin/hwservicemanager)
[ 5768.728278] [ T1394] healthd: battery l=46 v=7590 t=36.0 h=2 st=3 c=-400095 fc=4297000 cc=25 chg=a
[ 5768.773452] [T12120] BATTERY_CHG: battery_psy_set_online: battery_psy_set_online: set online 1
[ 5768.773862] [  T786] type=1400 audit(1783267750.887:126500): avc:  denied  { search } for  comm="sh" name="battery" dev="sysfs" ino=141942 scontext=u:r:xsud:s0 tcontext=u:object_r:vendor_sysfs_battery_supply:s0 tclass=dir permissive=1
[ 5768.774049] [  T786] type=1400 audit(1783267750.887:126501): avc:  denied  { write } for  comm="sh" name="online" dev="sysfs" ino=141951 scontext=u:r:xsud:s0 tcontext=u:object_r:vendor_sysfs_battery_supply:s0 tclass=file permissive=1
[ 5768.774150] [  T786] type=1400 audit(1783267750.887:126502): avc:  denied  { open } for  comm="sh" path="/sys/devices/platform/soc/soc:qcom,pmic_glink/soc:qcom,pmic_glink:qcom,battery_charger/power_supply/battery/online" dev="sysfs" ino=141951 scontext=u:r:xsud:s0 tcontext=u:object_r:vendor_sysfs_battery_supply:s0 tclass=file permissive=1
[ 5768.853488] [    T1] init: Control message: Could not find 'vendor.qti.diaghal@1.0::Idiag/default' for ctl.interface_start from pid: 772 (/system/bin/hwservicemanager)
[ 5769.343763] [  T786] type=1400 audit(1783267751.459:126503): avc:  denied  { read } for  comm="top" scontext=u:r:system_app:s0 tcontext=u:r:vendor_hal_qspa_default:s0 tclass=file permissive=1
[ 5769.344360] [  T786] type=1400 audit(1783267751.459:126504): avc:  denied  { read } for  comm="top" scontext=u:r:system_app:s0 tcontext=u:r:vendor_sxrd_vndr:s0 tclass=file permissive=1
[ 5769.346260] [T12122] audit: audit_lost=119542 audit_rate_limit=5 audit_backlog_limit=64
[ 5769.346263] [T12122] audit: rate limit exceeded
[ 5769.346352] [  T786] type=1400 audit(1783267751.459:126505): avc:  denied  { getattr } for  comm="top" path="/proc/1486" dev="proc" ino=1372819 scontext=u:r:system_app:s0 tcontext=u:r:vendor_hal_qesdhal_default:s0 tclass=dir permissive=1
[ 5769.855255] [    T1] init: Control message: Could not find 'vendor.qti.diaghal@1.0::Idiag/default' for ctl.interface_start from pid: 772 (/system/bin/hwservicemanager)
[ 5770.822739] [  T786] type=1400 audit(1783267752.935:126511): avc:  denied  { getattr } for  comm="DefaultDispatch" path="/dev/ttyHS5" dev="tmpfs" ino=1196 scontext=u:r:system_app:s0 tcontext=u:object_r:device:s0 tclass=chr_file permissive=1
[ 5770.912010] [  T770] servicemanager: Found vendor.qti.hardware.perf2.IPerf/default in device VINTF manifest.
[ 5770.919187] [    T1] init: Control message: Could not find 'vendor.qti.diaghal@1.0::Idiag/default' for ctl.interface_start from pid: 772 (/system/bin/hwservicemanager)
[ 5770.919431] [    T1] init: Control message: Could not find 'vendor.qti.diaghal@1.0::Idiag/default' for ctl.interface_start from pid: 772 (/system/bin/hwservicemanager)
[ 5771.232813] [  T840] wcd-usbss-i2c-driver 1-000e: wcd_usbss_is_in_reset_state: Surge check #3 failed
[ 5771.320045] [  T786] type=1400 audit(1783267753.435:126512): avc:  denied  { read } for  comm="Timer-3" name="pwm1" dev="sysfs" ino=115994 scontext=u:r:system_app:s0 tcontext=u:object_r:sysfs:s0 tclass=file permissive=1
[ 5771.320283] [  T786] type=1400 audit(1783267753.435:126513): avc:  denied  { open } for  comm="Timer-3" path="/sys/devices/platform/soc/soc:pwm-fan/hwmon/hwmon0/pwm1" dev="sysfs" ino=115994 scontext=u:r:system_app:s0 tcontext=u:object_r:sysfs:s0 tclass=file permissive=1
[ 5771.320326] [  T786] type=1400 audit(1783267753.435:126514): avc:  denied  { getattr } for  comm="Timer-3" path="/sys/devices/platform/soc/soc:pwm-fan/hwmon/hwmon0/pwm1" dev="sysfs" ino=115994 scontext=u:r:system_app:s0 tcontext=u:object_r:sysfs:s0 tclass=file permissive=1
[ 5771.335564] [T12160] audit: audit_lost=119547 audit_rate_limit=5 audit_backlog_limit=64
[ 5771.335569] [T12160] audit: rate limit exceeded
[ 5771.921929] [    T1] init: Control message: Could not find 'vendor.qti.diaghal@1.0::Idiag/default' for ctl.interface_start from pid: 772 (/system/bin/hwservicemanager)
[ 5772.924219] [    T1] init: Control message: Could not find 'vendor.qti.diaghal@1.0::Idiag/default' for ctl.interface_start from pid: 772 (/system/bin/hwservicemanager)
[ 5773.331846] [T12181] audit: audit_lost=119727 audit_rate_limit=5 audit_backlog_limit=64
[ 5773.331851] [T12181] audit: rate limit exceeded
[ 5773.924556] [    T1] init: Control message: Could not find 'vendor.qti.diaghal@1.0::Idiag/default' for ctl.interface_start from pid: 772 (/system/bin/hwservicemanager)
[ 5774.334840] [T12206] audit: audit_lost=119738 audit_rate_limit=5 audit_backlog_limit=64
[ 5774.334851] [T12206] audit: rate limit exceeded
[ 5774.339627] [  T786] type=1400 audit(1783267756.455:126721): avc:  denied  { getattr } for  comm="top" path="/proc/1720" dev="proc" ino=1372837 scontext=u:r:system_app:s0 tcontext=u:r:vendor_hal_dpmQmiMgr:s0 tclass=dir permissive=1
[ 5774.339800] [  T786] type=1400 audit(1783267756.455:126722): avc:  denied  { search } for  comm="top" name="1720" dev="proc" ino=1372837 scontext=u:r:system_app:s0 tcontext=u:r:vendor_hal_dpmQmiMgr:s0 tclass=dir permissive=1
[ 5774.926351] [    T1] init: Control message: Could not find 'vendor.qti.diaghal@1.0::Idiag/default' for ctl.interface_start from pid: 772 (/system/bin/hwservicemanager)
[ 5775.336685] [  T786] type=1400 audit(1783267757.451:126723): avc:  denied  { read } for  comm="top" scontext=u:r:system_app:s0 tcontext=u:r:vendor_feature_enabler_client:s0 tclass=file permissive=1
[ 5775.337287] [  T786] type=1400 audit(1783267757.451:126724): avc:  denied  { getattr } for  comm="top" path="/proc/770" dev="proc" ino=1372801 scontext=u:r:system_app:s0 tcontext=u:r:servicemanager:s0 tclass=dir permissive=1
[ 5775.337403] [  T786] type=1400 audit(1783267757.451:126725): avc:  denied  { search } for  comm="top" name="770" dev="proc" ino=1372801 scontext=u:r:system_app:s0 tcontext=u:r:servicemanager:s0 tclass=dir permissive=1
[ 5775.339856] [T12211] audit: audit_lost=119746 audit_rate_limit=5 audit_backlog_limit=64
[ 5775.339861] [T12211] audit: rate limit exceeded
[ 5775.599447] [  T786] type=1400 audit(1783267757.715:126733): avc:  denied  { read } for  comm="Timer-3" name="gpuclk" dev="sysfs" ino=126916 scontext=u:r:system_app:s0 tcontext=u:object_r:vendor_sysfs_kgsl_gpuclk:s0 tclass=file permissive=1
[ 5775.599536] [  T786] type=1400 audit(1783267757.715:126734): avc:  denied  { open } for  comm="Timer-3" path="/sys/devices/platform/soc/3d00000.qcom,kgsl-3d0/kgsl/kgsl-3d0/gpuclk" dev="sysfs" ino=126916 scontext=u:r:system_app:s0 tcontext=u:object_r:vendor_sysfs_kgsl_gpuclk:s0 tclass=file permissive=1
[ 5775.599601] [  T786] type=1400 audit(1783267757.715:126735): avc:  denied  { getattr } for  comm="Timer-3" path="/sys/devices/platform/soc/3d00000.qcom,kgsl-3d0/kgsl/kgsl-3d0/gpuclk" dev="sysfs" ino=126916 scontext=u:r:system_app:s0 tcontext=u:object_r:vendor_sysfs_kgsl_gpuclk:s0 tclass=file permissive=1
[ 5775.927506] [    T1] init: Control message: Could not find 'vendor.qti.diaghal@1.0::Idiag/default' for ctl.interface_start from pid: 772 (/system/bin/hwservicemanager)
[ 5776.928758] [    T1] init: Control message: Could not find 'vendor.qti.diaghal@1.0::Idiag/default' for ctl.interface_start from pid: 772 (/system/bin/hwservicemanager)
[ 5777.930008] [    T1] init: Control message: Could not find 'vendor.qti.diaghal@1.0::Idiag/default' for ctl.interface_start from pid: 772 (/system/bin/hwservicemanager)
[ 5778.931628] [    T1] init: Control message: Could not find 'vendor.qti.diaghal@1.0::Idiag/default' for ctl.interface_start from pid: 772 (/system/bin/hwservicemanager)
[ 5779.330521] [  T786] type=1400 audit(1783267761.443:126736): avc:  denied  { getattr } for  comm="top" path="/proc/773" dev="proc" ino=1372803 scontext=u:r:system_app:s0 tcontext=u:r:vndservicemanager:s0 tclass=dir permissive=1
[ 5779.330819] [  T786] type=1400 audit(1783267761.443:126737): avc:  denied  { search } for  comm="top" name="773" dev="proc" ino=1372803 scontext=u:r:system_app:s0 tcontext=u:r:vndservicemanager:s0 tclass=dir permissive=1
[ 5779.332421] [T12261] audit: audit_lost=119749 audit_rate_limit=5 audit_backlog_limit=64
[ 5779.332425] [T12261] audit: rate limit exceeded
[ 5779.933567] [    T1] init: Control message: Could not find 'vendor.qti.diaghal@1.0::Idiag/default' for ctl.interface_start from pid: 772 (/system/bin/hwservicemanager)
[ 5780.934914] [    T1] init: Control message: Could not find 'vendor.qti.diaghal@1.0::Idiag/default' for ctl.interface_start from pid: 772 (/system/bin/hwservicemanager)
[ 5781.936081] [    T1] init: Control message: Could not find 'vendor.qti.diaghal@1.0::Idiag/default' for ctl.interface_start from pid: 772 (/system/bin/hwservicemanager)
[ 5782.937600] [    T1] init: Control message: Could not find 'vendor.qti.diaghal@1.0::Idiag/default' for ctl.interface_start from pid: 772 (/system/bin/hwservicemanager)
[ 5783.583946] [  T786] type=1400 audit(1783267765.699:126746): avc:  denied  { read } for  comm="top" scontext=u:r:system_app:s0 tcontext=u:r:hwservicemanager:s0 tclass=file permissive=1
[ 5783.584266] [  T786] type=1400 audit(1783267765.699:126747): avc:  denied  { read } for  comm="top" scontext=u:r:system_app:s0 tcontext=u:r:vendor_spdaemon:s0 tclass=file permissive=1
[ 5783.584501] [  T786] type=1400 audit(1783267765.699:126748): avc:  denied  { read } for  comm="top" scontext=u:r:system_app:s0 tcontext=u:r:vendor_hal_sensorscalibrate_qti_default:s0 tclass=file permissive=1
[ 5783.584606] [  T786] type=1400 audit(1783267765.699:126749): avc:  denied  { read } for  comm="top" scontext=u:r:system_app:s0 tcontext=u:r:vendor_wcnss_service:s0 tclass=file permissive=1
[ 5783.585000] [  T786] type=1400 audit(1783267765.699:126750): avc:  denied  { open } for  comm="top" path="/proc/772/stat" dev="proc" ino=1368005 scontext=u:r:system_app:s0 tcontext=u:r:hwservicemanager:s0 tclass=file permissive=1
[ 5783.585217] [T12313] audit: audit_lost=119752 audit_rate_limit=5 audit_backlog_limit=64
[ 5783.585227] [T12313] audit: rate limit exceeded
[ 5783.939056] [    T1] init: Control message: Could not find 'vendor.qti.diaghal@1.0::Idiag/default' for ctl.interface_start from pid: 772 (/system/bin/hwservicemanager)
[ 5784.939890] [    T1] init: Control message: Could not find 'vendor.qti.diaghal@1.0::Idiag/default' for ctl.interface_start from pid: 772 (/system/bin/hwservicemanager)
[ 5785.327523] [  T786] type=1400 audit(1783267767.443:126754): avc:  denied  { read } for  comm="top" scontext=u:r:system_app:s0 tcontext=u:r:servicemanager:s0 tclass=file permissive=1
[ 5785.327895] [  T786] type=1400 audit(1783267767.443:126755): avc:  denied  { read } for  comm="top" scontext=u:r:system_app:s0 tcontext=u:r:vendor_trusteduilistener:s0 tclass=file permissive=1
[ 5785.328544] [  T786] type=1400 audit(1783267767.443:126756): avc:  denied  { open } for  comm="top" path="/proc/770/stat" dev="proc" ino=1368001 scontext=u:r:system_app:s0 tcontext=u:r:servicemanager:s0 tclass=file permissive=1
[ 5785.331408] [  T786] type=1400 audit(1783267767.447:126757): avc:  denied  { getattr } for  comm="top" path="/proc/1969" dev="proc" ino=1372842 scontext=u:r:system_app:s0 tcontext=u:r:vendor_feature_enabler_client:s0 tclass=dir permissive=1
[ 5785.331435] [T12338] audit: audit_lost=119755 audit_rate_limit=5 audit_backlog_limit=64
[ 5785.331439] [T12338] audit: rate limit exceeded
[ 5785.331542] [  T786] type=1400 audit(1783267767.447:126758): avc:  denied  { search } for  comm="top" name="1969" dev="proc" ino=1372842 scontext=u:r:system_app:s0 tcontext=u:r:vendor_feature_enabler_client:s0 tclass=dir permissive=1
[ 5785.941584] [    T1] init: Control message: Could not find 'vendor.qti.diaghal@1.0::Idiag/default' for ctl.interface_start from pid: 772 (/system/bin/hwservicemanager)
[ 5786.336840] [  T840] wcd-usbss-i2c-driver 1-000e: wcd_usbss_is_in_reset_state: Surge check #3 failed
[ 5786.942851] [    T1] init: Control message: Could not find 'vendor.qti.diaghal@1.0::Idiag/default' for ctl.interface_start from pid: 772 (/system/bin/hwservicemanager)
[ 5787.329990] [T12363] audit: audit_lost=119756 audit_rate_limit=5 audit_backlog_limit=64
[ 5787.329996] [T12363] audit: rate limit exceeded
[ 5787.944490] [    T1] init: Control message: Could not find 'vendor.qti.diaghal@1.0::Idiag/default' for ctl.interface_start from pid: 772 (/system/bin/hwservicemanager)
[ 5788.945832] [    T1] init: Control message: Could not find 'vendor.qti.diaghal@1.0::Idiag/default' for ctl.interface_start from pid: 772 (/system/bin/hwservicemanager)
[ 5789.947604] [    T1] init: Control message: Could not find 'vendor.qti.diaghal@1.0::Idiag/default' for ctl.interface_start from pid: 772 (/system/bin/hwservicemanager)
[ 5790.948325] [    T1] init: Control message: Could not find 'vendor.qti.diaghal@1.0::Idiag/default' for ctl.interface_start from pid: 772 (/system/bin/hwservicemanager)
[ 5790.968211] [  T786] type=1400 audit(1783267773.083:126766): avc:  denied  { getattr } for  comm="DefaultDispatch" path="/dev/ttyHS5" dev="tmpfs" ino=1196 scontext=u:r:system_app:s0 tcontext=u:object_r:device:s0 tclass=chr_file permissive=1
[ 5791.015019] [  T770] servicemanager: Found vendor.qti.hardware.perf2.IPerf/default in device VINTF manifest.
[ 5791.020937] [    T1] init: Control message: Could not find 'vendor.qti.diaghal@1.0::Idiag/default' for ctl.interface_start from pid: 772 (/system/bin/hwservicemanager)
[ 5791.021388] [    T1] init: Control message: Could not find 'vendor.qti.diaghal@1.0::Idiag/default' for ctl.interface_start from pid: 772 (/system/bin/hwservicemanager)
[ 5791.304172] [  T786] type=1400 audit(1783267773.419:126767): avc:  denied  { read } for  comm="Timer-3" name="pwm1" dev="sysfs" ino=115994 scontext=u:r:system_app:s0 tcontext=u:object_r:sysfs:s0 tclass=file permissive=1
[ 5791.304411] [  T786] type=1400 audit(1783267773.419:126768): avc:  denied  { open } for  comm="Timer-3" path="/sys/devices/platform/soc/soc:pwm-fan/hwmon/hwmon0/pwm1" dev="sysfs" ino=115994 scontext=u:r:system_app:s0 tcontext=u:object_r:sysfs:s0 tclass=file permissive=1
[ 5791.304534] [  T786] type=1400 audit(1783267773.419:126769): avc:  denied  { getattr } for  comm="Timer-3" path="/sys/devices/platform/soc/soc:pwm-fan/hwmon/hwmon0/pwm1" dev="sysfs" ino=115994 scontext=u:r:system_app:s0 tcontext=u:object_r:sysfs:s0 tclass=file permissive=1
[ 5791.322709] [T12419] audit: audit_lost=119757 audit_rate_limit=5 audit_backlog_limit=64
[ 5791.322720] [T12419] audit: rate limit exceeded
[ 5791.322981] [  T786] type=1400 audit(1783267773.435:126770): avc:  denied  { read } for  comm="top" name="pid_max" dev="proc" ino=1373408 scontext=u:r:system_app:s0 tcontext=u:object_r:proc_pid_max:s0 tclass=file permissive=1
[ 5792.025222] [    T1] init: Control message: Could not find 'vendor.qti.diaghal@1.0::Idiag/default' for ctl.interface_start from pid: 772 (/system/bin/hwservicemanager)
[ 5792.027409] [  T786] type=1400 audit(1783267774.143:126938): avc:  denied  { getattr } for  comm="DefaultDispatch" path="/dev/ttyHS5" dev="tmpfs" ino=1196 scontext=u:r:system_app:s0 tcontext=u:object_r:device:s0 tclass=chr_file permissive=1
[ 5792.320925] [  T786] type=1400 audit(1783267774.435:126939): avc:  denied  { read } for  comm="top" scontext=u:r:system_app:s0 tcontext=u:r:vendor_hal_poweroptservice_qti:s0 tclass=file permissive=1
[ 5792.321054] [  T786] type=1400 audit(1783267774.435:126940): avc:  denied  { read } for  comm="top" scontext=u:r:system_app:s0 tcontext=u:r:vendor_qwesd:s0 tclass=file permissive=1
[ 5792.321976] [  T786] type=1400 audit(1783267774.435:126941): avc:  denied  { getattr } for  comm="top" path="/proc/885" dev="proc" ino=1372804 scontext=u:r:system_app:s0 tcontext=u:r:vendor_hal_keymint_qti:s0 tclass=dir permissive=1
[ 5792.322090] [  T786] type=1400 audit(1783267774.435:126942): avc:  denied  { search } for  comm="top" name="885" dev="proc" ino=1372804 scontext=u:r:system_app:s0 tcontext=u:r:vendor_hal_keymint_qti:s0 tclass=dir permissive=1
[ 5792.581713] [ T9360] audit: audit_lost=119948 audit_rate_limit=5 audit_backlog_limit=64
[ 5792.581718] [ T9360] audit: rate limit exceeded
[ 5793.027559] [    T1] init: Control message: Could not find 'vendor.qti.diaghal@1.0::Idiag/default' for ctl.interface_start from pid: 772 (/system/bin/hwservicemanager)
[ 5794.029622] [    T1] init: Control message: Could not find 'vendor.qti.diaghal@1.0::Idiag/default' for ctl.interface_start from pid: 772 (/system/bin/hwservicemanager)
[ 5794.321748] [T12471] audit: audit_lost=119949 audit_rate_limit=5 audit_backlog_limit=64
[ 5794.321754] [T12471] audit: rate limit exceeded
[ 5795.031254] [    T1] init: Control message: Could not find 'vendor.qti.diaghal@1.0::Idiag/default' for ctl.interface_start from pid: 772 (/system/bin/hwservicemanager)
[ 5796.032038] [    T1] init: Control message: Could not find 'vendor.qti.diaghal@1.0::Idiag/default' for ctl.interface_start from pid: 772 (/system/bin/hwservicemanager)
[ 5797.033537] [    T1] init: Control message: Could not find 'vendor.qti.diaghal@1.0::Idiag/default' for ctl.interface_start from pid: 772 (/system/bin/hwservicemanager)
[ 5798.036307] [    T1] init: Control message: Could not find 'vendor.qti.diaghal@1.0::Idiag/default' for ctl.interface_start from pid: 772 (/system/bin/hwservicemanager)
[ 5799.037824] [    T1] init: Control message: Could not find 'vendor.qti.diaghal@1.0::Idiag/default' for ctl.interface_start from pid: 772 (/system/bin/hwservicemanager)
[ 5799.320862] [  T786] type=1400 audit(1783267781.435:126978): avc:  denied  { read } for  comm="top" scontext=u:r:system_app:s0 tcontext=u:r:vendor_hal_capabilityconfigstore_qti_default:s0 tclass=file permissive=1
[ 5799.323097] [  T786] type=1400 audit(1783267781.439:126979): avc:  denied  { open } for  comm="top" path="/proc/1497/stat" dev="proc" ino=1376277 scontext=u:r:system_app:s0 tcontext=u:r:vendor_hal_capabilityconfigstore_qti_default:s0 tclass=file permissive=1
[ 5799.630483] [ T2378] [kworke][0x24753814c3][16:09:41.748617] kiwi_v2: [2378:I:PMO] pmo_core_psoc_send_host_wakeup_ind_to_fw: Host wakeup indication sent to fw
[ 5799.641111] [    C1] [soft_i][0x24753b31e1][16:09:41.759246] kiwi_v2: [0:I:WMA] WLAN triggered wakeup: BPF_ALLOW (39), vdev: 0 (STA)
[ 5799.641249] [    C1] [soft_i][0x24753b3c62][16:09:41.759386] kiwi_v2: [0:I:WMA] wma_wake_event_packet: Wake event packet:
[ 5800.039212] [    T1] init: Control message: Could not find 'vendor.qti.diaghal@1.0::Idiag/default' for ctl.interface_start from pid: 772 (/system/bin/hwservicemanager)
[ 5800.167427] [T12528] [kworke][0x2475d563b3][16:09:42.285563] kiwi_v2: [12528:I:PMO] pmo_core_enable_wow_in_fw: drv wow is enabled
[ 5800.319857] [  T786] type=1400 audit(1783267782.435:126980): avc:  denied  { read } for  comm="top" scontext=u:r:system_app:s0 tcontext=u:r:vendor_hal_qesdhal_default:s0 tclass=file permissive=1
[ 5800.320002] [  T786] type=1400 audit(1783267782.435:126981): avc:  denied  { read } for  comm="top" scontext=u:r:system_app:s0 tcontext=u:r:vendor_qesdsect:s0 tclass=file permissive=1
[ 5800.320064] [  T786] type=1400 audit(1783267782.435:126982): avc:  denied  { read } for  comm="top" scontext=u:r:system_app:s0 tcontext=u:r:hal_light_default:s0 tclass=file permissive=1
[ 5800.321386] [T12532] audit: audit_lost=119954 audit_rate_limit=5 audit_backlog_limit=64
[ 5800.321392] [T12532] audit: rate limit exceeded
[ 5800.322934] [  T786] type=1400 audit(1783267782.439:126992): avc:  denied  { getattr } for  comm="top" path="/proc/1720" dev="proc" ino=1372837 scontext=u:r:system_app:s0 tcontext=u:r:vendor_hal_dpmQmiMgr:s0 tclass=dir permissive=1
[ 5800.323120] [  T786] type=1400 audit(1783267782.439:126993): avc:  denied  { search } for  comm="top" name="1720" dev="proc" ino=1372837 scontext=u:r:system_app:s0 tcontext=u:r:vendor_hal_dpmQmiMgr:s0 tclass=dir permissive=1
[ 5800.323480] [  T786] type=1400 audit(1783267782.439:126994): avc:  denied  { getattr } for  comm="top" path="/proc/1984" dev="proc" ino=1372843 scontext=u:r:system_app:s0 tcontext=u:r:vendor_sxrd_vndr:s0 tclass=dir permissive=1
[ 5800.323584] [  T786] type=1400 audit(1783267782.439:126995): avc:  denied  { search } for  comm="top" name="1984" dev="proc" ino=1372843 scontext=u:r:system_app:s0 tcontext=u:r:vendor_sxrd_vndr:s0 tclass=dir permissive=1
[ 5800.389879] [  T786] type=1400 audit(1783267782.503:126996): avc:  denied  { dac_read_search } for  comm="sh" capability=2  scontext=u:r:xsud:s0 tcontext=u:r:xsud:s0 tclass=capability permissive=1
[ 5801.040238] [    T1] init: Control message: Could not find 'vendor.qti.diaghal@1.0::Idiag/default' for ctl.interface_start from pid: 772 (/system/bin/hwservicemanager)
[ 5801.440901] [  T840] wcd-usbss-i2c-driver 1-000e: wcd_usbss_is_in_reset_state: Surge check #3 failed
[ 5802.041862] [    T1] init: Control message: Could not find 'vendor.qti.diaghal@1.0::Idiag/default' for ctl.interface_start from pid: 772 (/system/bin/hwservicemanager)
[ 5803.043740] [    T1] init: Control message: Could not find 'vendor.qti.diaghal@1.0::Idiag/default' for ctl.interface_start from pid: 772 (/system/bin/hwservicemanager)
[ 5804.045039] [    T1] init: Control message: Could not find 'vendor.qti.diaghal@1.0::Idiag/default' for ctl.interface_start from pid: 772 (/system/bin/hwservicemanager)
[ 5805.046742] [    T1] init: Control message: Could not find 'vendor.qti.diaghal@1.0::Idiag/default' for ctl.interface_start from pid: 772 (/system/bin/hwservicemanager)
[ 5806.047789] [    T1] init: Control message: Could not find 'vendor.qti.diaghal@1.0::Idiag/default' for ctl.interface_start from pid: 772 (/system/bin/hwservicemanager)
[ 5806.313362] [  T786] type=1400 audit(1783267788.427:127034): avc:  denied  { read } for  comm="top" scontext=u:r:system_app:s0 tcontext=u:r:servicemanager:s0 tclass=file permissive=1
[ 5806.313446] [  T786] type=1400 audit(1783267788.427:127035): avc:  denied  { read } for  comm="top" scontext=u:r:system_app:s0 tcontext=u:r:vendor_trusteduilistener:s0 tclass=file permissive=1
[ 5806.313926] [  T786] type=1400 audit(1783267788.427:127036): avc:  denied  { open } for  comm="top" path="/proc/770/stat" dev="proc" ino=1368001 scontext=u:r:system_app:s0 tcontext=u:r:servicemanager:s0 tclass=file permissive=1
[ 5806.316426] [  T786] type=1400 audit(1783267788.431:127037): avc:  denied  { getattr } for  comm="top" path="/proc/1969" dev="proc" ino=1372842 scontext=u:r:system_app:s0 tcontext=u:r:vendor_feature_enabler_client:s0 tclass=dir permissive=1
[ 5806.316571] [  T786] type=1400 audit(1783267788.431:127038): avc:  denied  { search } for  comm="top" name="1969" dev="proc" ino=1372842 scontext=u:r:system_app:s0 tcontext=u:r:vendor_feature_enabler_client:s0 tclass=dir permissive=1
[ 5806.316637] [  T786] type=1400 audit(1783267788.431:127039): avc:  denied  { open } for  comm="top" path="/proc/1992/stat" dev="proc" ino=1376365 scontext=u:r:system_app:s0 tcontext=u:r:vendor_trusteduilistener:s0 tclass=file permissive=1
[ 5807.049335] [    T1] init: Control message: Could not find 'vendor.qti.diaghal@1.0::Idiag/default' for ctl.interface_start from pid: 772 (/system/bin/hwservicemanager)
[ 5808.051035] [    T1] init: Control message: Could not find 'vendor.qti.diaghal@1.0::Idiag/default' for ctl.interface_start from pid: 772 (/system/bin/hwservicemanager)
[ 5809.052083] [    T1] init: Control message: Could not find 'vendor.qti.diaghal@1.0::Idiag/default' for ctl.interface_start from pid: 772 (/system/bin/hwservicemanager)
[ 5809.312236] [  T786] type=1400 audit(1783267791.427:127040): avc:  denied  { read } for  comm="top" scontext=u:r:system_app:s0 tcontext=u:r:vendor_hal_secureprocessor_qti:s0 tclass=file permissive=1
[ 5809.312485] [  T786] type=1400 audit(1783267791.427:127041): avc:  denied  { read } for  comm="top" scontext=u:r:system_app:s0 tcontext=u:r:vendor_hal_gatekeeper_qti:s0 tclass=file permissive=1
[ 5809.312584] [  T786] type=1400 audit(1783267791.427:127042): avc:  denied  { read } for  comm="top" scontext=u:r:system_app:s0 tcontext=u:r:vendor_hal_dpmQmiMgr:s0 tclass=file permissive=1
[ 5809.314372] [  T786] type=1400 audit(1783267791.427:127043): avc:  denied  { getattr } for  comm="top" path="/proc/1521" dev="proc" ino=1372823 scontext=u:r:system_app:s0 tcontext=u:r:hal_light_default:s0 tclass=dir permissive=1
[ 5809.315295] [T12642] audit: audit_lost=119998 audit_rate_limit=5 audit_backlog_limit=64
[ 5809.315299] [T12642] audit: rate limit exceeded
[ 5810.053588] [    T1] init: Control message: Could not find 'vendor.qti.diaghal@1.0::Idiag/default' for ctl.interface_start from pid: 772 (/system/bin/hwservicemanager)
[ 5811.054918] [    T1] init: Control message: Could not find 'vendor.qti.diaghal@1.0::Idiag/default' for ctl.interface_start from pid: 772 (/system/bin/hwservicemanager)
[ 5811.116294] [  T770] servicemanager: Found vendor.qti.hardware.perf2.IPerf/default in device VINTF manifest.
[ 5811.121764] [    T1] init: Control message: Could not find 'vendor.qti.diaghal@1.0::Idiag/default' for ctl.interface_start from pid: 772 (/system/bin/hwservicemanager)
[ 5811.122012] [    T1] init: Control message: Could not find 'vendor.qti.diaghal@1.0::Idiag/default' for ctl.interface_start from pid: 772 (/system/bin/hwservicemanager)
[ 5811.311524] [T12681] audit: audit_lost=119999 audit_rate_limit=5 audit_backlog_limit=64
[ 5811.311528] [T12681] audit: rate limit exceeded
[ 5812.124821] [    T1] init: Control message: Could not find 'vendor.qti.diaghal@1.0::Idiag/default' for ctl.interface_start from pid: 772 (/system/bin/hwservicemanager)
[ 5812.312015] [  T786] type=1400 audit(1783267794.427:127214): avc:  denied  { read } for  comm="top" scontext=u:r:system_app:s0 tcontext=u:r:vendor_hal_spu_qti:s0 tclass=file permissive=1
[ 5812.312162] [  T786] type=1400 audit(1783267794.427:127215): avc:  denied  { read } for  comm="top" scontext=u:r:system_app:s0 tcontext=u:r:vendor_hal_poweroptservice_qti:s0 tclass=file permissive=1
[ 5812.312263] [  T786] type=1400 audit(1783267794.427:127216): avc:  denied  { read } for  comm="top" scontext=u:r:system_app:s0 tcontext=u:r:vendor_per_proxy:s0 tclass=file permissive=1
[ 5812.312920] [  T786] type=1400 audit(1783267794.427:127217): avc:  denied  { getattr } for  comm="top" path="/proc/885" dev="proc" ino=1372804 scontext=u:r:system_app:s0 tcontext=u:r:vendor_hal_keymint_qti:s0 tclass=dir permissive=1
[ 5812.313012] [  T786] type=1400 audit(1783267794.427:127218): avc:  denied  { search } for  comm="top" name="885" dev="proc" ino=1372804 scontext=u:r:system_app:s0 tcontext=u:r:vendor_hal_keymint_qti:s0 tclass=dir permissive=1
[ 5812.314756] [T12701] audit: audit_lost=120172 audit_rate_limit=5 audit_backlog_limit=64
[ 5812.314761] [T12701] audit: rate limit exceeded
[ 5813.127552] [    T1] init: Control message: Could not find 'vendor.qti.diaghal@1.0::Idiag/default' for ctl.interface_start from pid: 772 (/system/bin/hwservicemanager)
[ 5814.129427] [    T1] init: Control message: Could not find 'vendor.qti.diaghal@1.0::Idiag/default' for ctl.interface_start from pid: 772 (/system/bin/hwservicemanager)
[ 5815.131270] [    T1] init: Control message: Could not find 'vendor.qti.diaghal@1.0::Idiag/default' for ctl.interface_start from pid: 772 (/system/bin/hwservicemanager)
[ 5815.302309] [  T786] type=1400 audit(1783267797.415:127241): avc:  denied  { read } for  comm="top" scontext=u:r:system_app:s0 tcontext=u:r:vendor_hal_qesdhal_default:s0 tclass=file permissive=1
[ 5815.302552] [  T786] type=1400 audit(1783267797.415:127242): avc:  denied  { read } for  comm="top" scontext=u:r:system_app:s0 tcontext=u:r:vendor_qesdsect:s0 tclass=file permissive=1
[ 5815.304180] [  T786] type=1400 audit(1783267797.419:127243): avc:  denied  { open } for  comm="top" path="/proc/1486/stat" dev="proc" ino=1376265 scontext=u:r:system_app:s0 tcontext=u:r:vendor_hal_qesdhal_default:s0 tclass=file permissive=1
[ 5815.304266] [  T786] type=1400 audit(1783267797.419:127244): avc:  denied  { open } for  comm="top" path="/proc/1490/stat" dev="proc" ino=1376269 scontext=u:r:system_app:s0 tcontext=u:r:vendor_qesdsect:s0 tclass=file permissive=1
[ 5815.304767] [T12731] audit: audit_lost=120182 audit_rate_limit=5 audit_backlog_limit=64
[ 5815.304771] [T12731] audit: rate limit exceeded
[ 5815.304869] [  T786] type=1400 audit(1783267797.419:127245): avc:  denied  { getattr } for  comm="top" path="/proc/1563" dev="proc" ino=1372830 scontext=u:r:system_app:s0 tcontext=u:r:vendor_hal_qspa_default:s0 tclass=dir permissive=1
[ 5816.132710] [    T1] init: Control message: Could not find 'vendor.qti.diaghal@1.0::Idiag/default' for ctl.interface_start from pid: 772 (/system/bin/hwservicemanager)
[ 5816.545105] [  T840] wcd-usbss-i2c-driver 1-000e: wcd_usbss_is_in_reset_state: Surge check #3 failed
[ 5817.133819] [    T1] init: Control message: Could not find 'vendor.qti.diaghal@1.0::Idiag/default' for ctl.interface_start from pid: 772 (/system/bin/hwservicemanager)
[ 5818.135244] [    T1] init: Control message: Could not find 'vendor.qti.diaghal@1.0::Idiag/default' for ctl.interface_start from pid: 772 (/system/bin/hwservicemanager)
[ 5818.306211] [  T786] type=1400 audit(1783267800.419:127254): avc:  denied  { getattr } for  comm="top" path="/proc/1716" dev="proc" ino=1372836 scontext=u:r:system_app:s0 tcontext=u:r:vendor_hal_gatekeeper_qti:s0 tclass=dir permissive=1
[ 5818.306505] [  T786] type=1400 audit(1783267800.419:127255): avc:  denied  { search } for  comm="top" name="1716" dev="proc" ino=1372836 scontext=u:r:system_app:s0 tcontext=u:r:vendor_hal_gatekeeper_qti:s0 tclass=dir permissive=1
[ 5818.306665] [  T786] type=1400 audit(1783267800.419:127256): avc:  denied  { getattr } for  comm="top" path="/proc/1984" dev="proc" ino=1372843 scontext=u:r:system_app:s0 tcontext=u:r:vendor_sxrd_vndr:s0 tclass=dir permissive=1
[ 5818.306789] [  T786] type=1400 audit(1783267800.419:127257): avc:  denied  { search } for  comm="top" name="1984" dev="proc" ino=1372843 scontext=u:r:system_app:s0 tcontext=u:r:vendor_sxrd_vndr:s0 tclass=dir permissive=1
[ 5818.558974] [  T786] type=1400 audit(1783267800.671:127258): avc:  denied  { read } for  comm="top" scontext=u:r:system_app:s0 tcontext=u:r:hal_light_default:s0 tclass=file permissive=1
[ 5818.561554] [T12778] audit: audit_lost=120190 audit_rate_limit=5 audit_backlog_limit=64
[ 5818.561560] [T12778] audit: rate limit exceeded
[ 5819.136481] [    T1] init: Control message: Could not find 'vendor.qti.diaghal@1.0::Idiag/default' for ctl.interface_start from pid: 772 (/system/bin/hwservicemanager)
[ 5819.565519] [  T786] type=1400 audit(1783267801.679:127278): avc:  denied  { read } for  comm="Timer-3" name="gpuclk" dev="sysfs" ino=126916 scontext=u:r:system_app:s0 tcontext=u:object_r:vendor_sysfs_kgsl_gpuclk:s0 tclass=file permissive=1
[ 5819.565668] [  T786] type=1400 audit(1783267801.679:127279): avc:  denied  { open } for  comm="Timer-3" path="/sys/devices/platform/soc/3d00000.qcom,kgsl-3d0/kgsl/kgsl-3d0/gpuclk" dev="sysfs" ino=126916 scontext=u:r:system_app:s0 tcontext=u:object_r:vendor_sysfs_kgsl_gpuclk:s0 tclass=file permissive=1
[ 5819.565737] [  T786] type=1400 audit(1783267801.679:127280): avc:  denied  { getattr } for  comm="Timer-3" path="/sys/devices/platform/soc/3d00000.qcom,kgsl-3d0/kgsl/kgsl-3d0/gpuclk" dev="sysfs" ino=126916 scontext=u:r:system_app:s0 tcontext=u:object_r:vendor_sysfs_kgsl_gpuclk:s0 tclass=file permissive=1
[ 5820.138293] [    T1] init: Control message: Could not find 'vendor.qti.diaghal@1.0::Idiag/default' for ctl.interface_start from pid: 772 (/system/bin/hwservicemanager)
[ 5821.139572] [    T1] init: Control message: Could not find 'vendor.qti.diaghal@1.0::Idiag/default' for ctl.interface_start from pid: 772 (/system/bin/hwservicemanager)
[ 5822.141366] [    T1] init: Control message: Could not find 'vendor.qti.diaghal@1.0::Idiag/default' for ctl.interface_start from pid: 772 (/system/bin/hwservicemanager)
[ 5823.143709] [    T1] init: Control message: Could not find 'vendor.qti.diaghal@1.0::Idiag/default' for ctl.interface_start from pid: 772 (/system/bin/hwservicemanager)
[ 5823.552795] [  T786] type=1400 audit(1783267805.667:127281): avc:  denied  { read } for  comm="top" scontext=u:r:system_app:s0 tcontext=u:r:hwservicemanager:s0 tclass=file permissive=1
[ 5823.553422] [  T786] type=1400 audit(1783267805.667:127282): avc:  denied  { open } for  comm="top" path="/proc/772/stat" dev="proc" ino=1368005 scontext=u:r:system_app:s0 tcontext=u:r:hwservicemanager:s0 tclass=file permissive=1
[ 5823.553568] [  T786] type=1400 audit(1783267805.667:127283): avc:  denied  { getattr } for  comm="top" path="/proc/773" dev="proc" ino=1372803 scontext=u:r:system_app:s0 tcontext=u:r:vndservicemanager:s0 tclass=dir permissive=1
[ 5823.553636] [  T786] type=1400 audit(1783267805.667:127284): avc:  denied  { search } for  comm="top" name="773" dev="proc" ino=1372803 scontext=u:r:system_app:s0 tcontext=u:r:vndservicemanager:s0 tclass=dir permissive=1
[ 5823.555209] [  T786] type=1400 audit(1783267805.671:127285): avc:  denied  { getattr } for  comm="top" path="/proc/1542" dev="proc" ino=1372826 scontext=u:r:system_app:s0 tcontext=u:r:vendor_hal_sensorscalibrate_qti_default:s0 tclass=dir permissive=1
[ 5823.555235] [T12833] audit: audit_lost=120209 audit_rate_limit=5 audit_backlog_limit=64
[ 5823.555240] [T12833] audit: rate limit exceeded
[ 5823.555359] [  T786] type=1400 audit(1783267805.671:127286): avc:  denied  { search } for  comm="top" name="1542" dev="proc" ino=1372826 scontext=u:r:system_app:s0 tcontext=u:r:vendor_hal_sensorscalibrate_qti_default:s0 tclass=dir permissive=1
[ 5823.555472] [  T786] type=1400 audit(1783267805.671:127287): avc:  denied  { getattr } for  comm="top" path="/proc/1548" dev="proc" ino=1372827 scontext=u:r:system_app:s0 tcontext=u:r:vendor_hal_srvctracker_default:s0 tclass=dir permissive=1
[ 5824.145991] [    T1] init: Control message: Could not find 'vendor.qti.diaghal@1.0::Idiag/default' for ctl.interface_start from pid: 772 (/system/bin/hwservicemanager)
[ 5824.612461] [ T4367] adsp_sleepmon: Audio: num_sessions=1,num_lpi_sessions=0,timer_pending=0
[ 5824.640111] [ T2124] swr-mgr wsa2_swr_ctrl: swr_mstr_interrupt: SWR CMD Ignored, fifo status 0x40000000
[ 5824.644066] [ T2124] swr-mgr wsa2_swr_ctrl: swr_mstr_interrupt: SWR CMD Ignored, fifo status 0x40000007
[ 5824.648043] [ T2124] swr-mgr wsa2_swr_ctrl: swr_mstr_interrupt: SWR CMD Ignored, fifo status 0x40000003
[ 5824.652084] [ T2124] swr-mgr wsa2_swr_ctrl: swr_mstr_interrupt: SWR CMD Ignored, fifo status 0x40000002
[ 5824.656290] [ T2124] swr-mgr wsa2_swr_ctrl: swr_mstr_interrupt: SWR CMD Ignored, fifo status 0x40002007
[ 5824.660195] [ T2124] swr-mgr wsa2_swr_ctrl: swr_mstr_interrupt: SWR CMD Ignored, fifo status 0x4000000e
[ 5824.664364] [ T2124] swr-mgr wsa2_swr_ctrl: swr_mstr_interrupt: SWR CMD Ignored, fifo status 0x4000000a
[ 5824.668534] [ T2124] swr-mgr wsa2_swr_ctrl: swr_mstr_interrupt: SWR CMD Ignored, fifo status 0x40000007
[ 5825.148990] [    T1] init: Control message: Could not find 'vendor.qti.diaghal@1.0::Idiag/default' for ctl.interface_start from pid: 772 (/system/bin/hwservicemanager)
[ 5825.296290] [T12857] audit: audit_lost=120214 audit_rate_limit=5 audit_backlog_limit=64
[ 5825.296295] [T12857] audit: rate limit exceeded
[ 5825.296328] [  T786] type=1400 audit(1783267807.411:127293): avc:  denied  { read } for  comm="top" scontext=u:r:system_app:s0 tcontext=u:r:servicemanager:s0 tclass=file permissive=1
[ 5825.296541] [  T786] type=1400 audit(1783267807.411:127294): avc:  denied  { read } for  comm="top" scontext=u:r:system_app:s0 tcontext=u:r:vndservicemanager:s0 tclass=file permissive=1
[ 5825.296607] [  T786] type=1400 audit(1783267807.411:127295): avc:  denied  { read } for  comm="top" scontext=u:r:system_app:s0 tcontext=u:r:vendor_spdaemon:s0 tclass=file permissive=1
[ 5826.150183] [    T1] init: Control message: Could not find 'vendor.qti.diaghal@1.0::Idiag/default' for ctl.interface_start from pid: 772 (/system/bin/hwservicemanager)
[ 5826.234965] [  T770] servicemanager: Found vendor.qti.qspmhal.IQspmhal/default in device VINTF manifest.
[ 5826.498366] [ T9384] [kworke][0x2493f78816][16:10:08.616502] kiwi_v2: [9384:I:PMO] pmo_core_psoc_send_host_wakeup_ind_to_fw: Host wakeup indication sent to fw
[ 5826.526498] [  T770] servicemanager: Found android.hardware.graphics.allocator.IAllocator/default in device VINTF manifest.
[ 5826.529376] [  T770] servicemanager: Found android.hardware.graphics.allocator.IAllocator/default in device VINTF manifest.
[ 5826.546169] [T12900] audit: audit_lost=121233 audit_rate_limit=5 audit_backlog_limit=64
[ 5826.546173] [T12900] audit: rate limit exceeded
[ 5827.139247] [T12916] [kworke][0x2494b34a32][16:10:09.257383] kiwi_v2: [12916:I:PMO] pmo_core_enable_wow_in_fw: drv wow is enabled
[ 5827.151510] [    T1] init: Control message: Could not find 'vendor.qti.diaghal@1.0::Idiag/default' for ctl.interface_start from pid: 772 (/system/bin/hwservicemanager)
[ 5827.524166] [  T805] [kworke][0x2495240f52][16:10:09.642305] kiwi_v2: [805:I:PMO] pmo_core_psoc_send_host_wakeup_ind_to_fw: Host wakeup indication sent to fw
[ 5827.549019] [T12966] audit: audit_lost=121445 audit_rate_limit=5 audit_backlog_limit=64
[ 5827.549024] [T12966] audit: rate limit exceeded
[ 5828.153769] [    T1] init: Control message: Could not find 'vendor.qti.diaghal@1.0::Idiag/default' for ctl.interface_start from pid: 772 (/system/bin/hwservicemanager)
[ 5828.405288] [  T805] [kworke][0x2496262f3b][16:10:10.523370] kiwi_v2: [805:I:PMO] pmo_core_enable_wow_in_fw: drv wow is enabled
[ 5828.550880] [ T9360] audit: audit_lost=121484 audit_rate_limit=5 audit_backlog_limit=64
[ 5828.550887] [ T9360] audit: rate limit exceeded
[ 5828.714886] [    T1] init: processing action (vendor.change.cgroup=bg && vendor.change.cgroup.for.pid=*) from (/vendor/etc/init/vendor.qti.hardware.perf2-hal-service.rc:22)
[ 5828.721503] [    T1] init: processing action (vendor.change.cgroup=bg && vendor.change.cgroup.for.pid=*) from (/vendor/etc/init/vendor.qti.hardware.perf2-hal-service.rc:22)
[ 5828.724165] [ T1394] healthd: battery l=46 v=7590 t=36.0 h=2 st=3 c=-415659 fc=4297000 cc=25 chg=a
[ 5828.774339] [T12974] BATTERY_CHG: battery_psy_set_online: battery_psy_set_online: set online 1
[ 5829.156274] [    T1] init: Control message: Could not find 'vendor.qti.diaghal@1.0::Idiag/default' for ctl.interface_start from pid: 772 (/system/bin/hwservicemanager)
[ 5829.195900] [ T1487] adsp_sleepmon: Audio: num_sessions=0,num_lpi_sessions=0,timer_pending=1
[ 5829.215751] [    T1] init: processing action (vendor.change.cgroup=def && vendor.change.cgroup.for.pid=*) from (/vendor/etc/init/vendor.qti.hardware.perf2-hal-service.rc:27)
[ 5829.267914] [T13001] [kworke][0x249722ec6d][16:10:11.386053] kiwi_v2: [13001:I:PMO] pmo_core_psoc_send_host_wakeup_ind_to_fw: Host wakeup indication sent to fw
[ 5830.159875] [    T1] init: Control message: Could not find 'vendor.qti.diaghal@1.0::Idiag/default' for ctl.interface_start from pid: 772 (/system/bin/hwservicemanager)
[ 5830.275981] [  T786] type=1400 audit(1783267812.391:128735): avc:  denied  { read } for  comm="Timer-3" name="pwm1" dev="sysfs" ino=115994 scontext=u:r:system_app:s0 tcontext=u:object_r:sysfs:s0 tclass=file permissive=1
[ 5830.276200] [  T786] type=1400 audit(1783267812.391:128736): avc:  denied  { open } for  comm="Timer-3" path="/sys/devices/platform/soc/soc:pwm-fan/hwmon/hwmon0/pwm1" dev="sysfs" ino=115994 scontext=u:r:system_app:s0 tcontext=u:object_r:sysfs:s0 tclass=file permissive=1
[ 5830.276349] [  T786] type=1400 audit(1783267812.391:128737): avc:  denied  { getattr } for  comm="Timer-3" path="/sys/devices/platform/soc/soc:pwm-fan/hwmon/hwmon0/pwm1" dev="sysfs" ino=115994 scontext=u:r:system_app:s0 tcontext=u:object_r:sysfs:s0 tclass=file permissive=1
[ 5830.277004] [  T786] type=1400 audit(1783267812.391:128738): avc:  denied  { getattr } for  comm="DefaultDispatch" path="/dev/ttyHS5" dev="tmpfs" ino=1196 scontext=u:r:system_app:s0 tcontext=u:object_r:device:s0 tclass=chr_file permissive=1
[ 5830.297646] [T13026] audit: audit_lost=121636 audit_rate_limit=5 audit_backlog_limit=64
[ 5830.297652] [T13026] audit: rate limit exceeded
[ 5830.297981] [  T786] type=1400 audit(1783267812.411:128739): avc:  denied  { read } for  comm="top" scontext=u:r:system_app:s0 tcontext=u:r:vendor_hal_usb_qti:s0 tclass=file permissive=1
[ 5831.031862] [T13003] [kworke][0x249927b489][16:10:13.150001] kiwi_v2: [13003:I:PMO] pmo_core_enable_wow_in_fw: drv wow is enabled
[ 5831.193193] [  T770] servicemanager: Found vendor.qti.hardware.perf2.IPerf/default in device VINTF manifest.
[ 5831.201112] [    T1] init: Control message: Could not find 'vendor.qti.diaghal@1.0::Idiag/default' for ctl.interface_start from pid: 772 (/system/bin/hwservicemanager)
[ 5831.201289] [    T1] init: Control message: Could not find 'vendor.qti.diaghal@1.0::Idiag/default' for ctl.interface_start from pid: 772 (/system/bin/hwservicemanager)
[ 5831.291468] [  T786] type=1400 audit(1783267813.403:128775): avc:  denied  { read } for  comm="top" name="pid_max" dev="proc" ino=1373408 scontext=u:r:system_app:s0 tcontext=u:object_r:proc_pid_max:s0 tclass=file permissive=1
[ 5831.291641] [  T786] type=1400 audit(1783267813.407:128776): avc:  denied  { open } for  comm="top" path="/proc/sys/kernel/pid_max" dev="proc" ino=1373408 scontext=u:r:system_app:s0 tcontext=u:object_r:proc_pid_max:s0 tclass=file permissive=1
[ 5831.291708] [  T786] type=1400 audit(1783267813.407:128777): avc:  denied  { read } for  comm="top" scontext=u:r:system_app:s0 tcontext=u:r:servicemanager:s0 tclass=file permissive=1
[ 5831.291874] [  T786] type=1400 audit(1783267813.407:128778): avc:  denied  { read } for  comm="top" scontext=u:r:system_app:s0 tcontext=u:r:hwservicemanager:s0 tclass=file permissive=1
[ 5831.291961] [  T786] type=1400 audit(1783267813.407:128779): avc:  denied  { read } for  comm="top" scontext=u:r:system_app:s0 tcontext=u:r:vndservicemanager:s0 tclass=file permissive=1
[ 5831.368997] [T12528] [kworke][0x24998a7960][16:10:13.487132] kiwi_v2: [12528:I:PMO] pmo_core_psoc_send_host_wakeup_ind_to_fw: Host wakeup indication sent to fw
[ 5831.378515] [    C1] [soft_i][0x24998d4333][16:10:13.496650] kiwi_v2: [0:I:WMA] WLAN triggered wakeup: BPF_ALLOW (39), vdev: 0 (STA)
[ 5831.378905] [    C1] [soft_i][0x24998d605c][16:10:13.497039] kiwi_v2: [0:I:WMA] wma_wake_event_packet: Wake event packet:
[ 5831.418494] [ T9703] audit: audit_lost=121827 audit_rate_limit=5 audit_backlog_limit=64
[ 5831.418501] [ T9703] audit: rate limit exceeded
[ 5831.649769] [  T840] wcd-usbss-i2c-driver 1-000e: wcd_usbss_is_in_reset_state: Surge check #3 failed
[ 5831.962876] [T12528] [kworke][0x249a38760a][16:10:14.081008] kiwi_v2: [12528:I:PMO] pmo_core_enable_wow_in_fw: drv wow is enabled
[ 5832.032531] [  T770] servicemanager: Found vendor.qti.hardware.perf2.IPerf/default in device VINTF manifest.
[ 5832.047494] [  T770] servicemanager: Found vendor.qti.qspmhal.IQspmhal/default in device VINTF manifest.
[ 5832.116959] [  T770] servicemanager: Found vendor.qti.hardware.perf2.IPerf/default in device VINTF manifest.
[ 5832.132619] [  T770] servicemanager: Found vendor.qti.qspmhal.IQspmhal/default in device VINTF manifest.
[ 5832.199327] [  T770] servicemanager: Found vendor.qti.hardware.perf2.IPerf/default in device VINTF manifest.
[ 5832.202210] [    T1] init: Control message: Could not find 'vendor.qti.diaghal@1.0::Idiag/default' for ctl.interface_start from pid: 772 (/system/bin/hwservicemanager)
[ 5832.215434] [  T770] servicemanager: Found vendor.qti.qspmhal.IQspmhal/default in device VINTF manifest.
[ 5832.262256] [  T770] servicemanager: Found android.hardware.graphics.allocator.IAllocator/default in device VINTF manifest.
[ 5832.264644] [  T770] servicemanager: Found android.hardware.graphics.allocator.IAllocator/default in device VINTF manifest.
[ 5832.549826] [T13185] audit: audit_lost=124358 audit_rate_limit=5 audit_backlog_limit=64
[ 5832.549832] [T13185] audit: rate limit exceeded
[ 5833.204127] [    T1] init: Control message: Could not find 'vendor.qti.diaghal@1.0::Idiag/default' for ctl.interface_start from pid: 772 (/system/bin/hwservicemanager)
[ 5833.613528] [ T9703] audit: audit_lost=124428 audit_rate_limit=5 audit_backlog_limit=64
[ 5833.613534] [ T9703] audit: rate limit exceeded
[ 5834.206023] [    T1] init: Control message: Could not find 'vendor.qti.diaghal@1.0::Idiag/default' for ctl.interface_start from pid: 772 (/system/bin/hwservicemanager)
[ 5834.206751] [  T808] adsp_sleepmon: timer_event = 1,suspend_event = 0
[ 5835.023177] [T31602] [kworke][0x249db90925][16:10:17.141316] kiwi_v2: [31602:I:PMO] pmo_core_psoc_send_host_wakeup_ind_to_fw: Host wakeup indication sent to fw
[ 5835.207356] [    T1] init: Control message: Could not find 'vendor.qti.diaghal@1.0::Idiag/default' for ctl.interface_start from pid: 772 (/system/bin/hwservicemanager)
[ 5835.286839] [T13233] audit: audit_lost=124458 audit_rate_limit=5 audit_backlog_limit=64
[ 5835.286844] [T13233] audit: rate limit exceeded
[ 5835.286888] [  T786] type=1400 audit(1783267817.399:131578): avc:  denied  { read } for  comm="top" scontext=u:r:system_app:s0 tcontext=u:r:hal_ir_default:s0 tclass=file permissive=1
[ 5835.287066] [  T786] type=1400 audit(1783267817.399:131579): avc:  denied  { read } for  comm="top" scontext=u:r:system_app:s0 tcontext=u:r:vendor_hal_usb_qti:s0 tclass=file permissive=1
[ 5835.287131] [  T786] type=1400 audit(1783267817.399:131580): avc:  denied  { read } for  comm="top" scontext=u:r:system_app:s0 tcontext=u:r:vendor_hal_poweroptservice_qti:s0 tclass=file permissive=1
[ 5835.287188] [  T786] type=1400 audit(1783267817.399:131581): avc:  denied  { read } for  comm="top" scontext=u:r:system_app:s0 tcontext=u:r:vendor_qwesd:s0 tclass=file permissive=1
[ 5836.209159] [    T1] init: Control message: Could not find 'vendor.qti.diaghal@1.0::Idiag/default' for ctl.interface_start from pid: 772 (/system/bin/hwservicemanager)
[ 5836.281534] [  T786] type=1400 audit(1783267818.395:131636): avc:  denied  { read } for  comm="top" name="pid_max" dev="proc" ino=1373408 scontext=u:r:system_app:s0 tcontext=u:object_r:proc_pid_max:s0 tclass=file permissive=1
[ 5836.281598] [  T786] type=1400 audit(1783267818.395:131637): avc:  denied  { open } for  comm="top" path="/proc/sys/kernel/pid_max" dev="proc" ino=1373408 scontext=u:r:system_app:s0 tcontext=u:object_r:proc_pid_max:s0 tclass=file permissive=1
[ 5836.282557] [  T786] type=1400 audit(1783267818.395:131638): avc:  denied  { read } for  comm="top" scontext=u:r:system_app:s0 tcontext=u:r:vendor_hal_qesdhal_default:s0 tclass=file permissive=1
[ 5836.282592] [  T786] type=1400 audit(1783267818.395:131639): avc:  denied  { read } for  comm="top" scontext=u:r:system_app:s0 tcontext=u:r:vendor_hal_capabilityconfigstore_qti_default:s0 tclass=file permissive=1
[ 5836.282852] [  T786] type=1400 audit(1783267818.395:131640): avc:  denied  { read } for  comm="top" scontext=u:r:system_app:s0 tcontext=u:r:hal_light_default:s0 tclass=file permissive=1
[ 5836.537345] [T13271] audit: audit_lost=124549 audit_rate_limit=5 audit_backlog_limit=64
[ 5836.537353] [T13271] audit: rate limit exceeded
[ 5836.886341] [T31602] [kworke][0x249fdae254][16:10:19.004479] kiwi_v2: [31602:I:PMO] pmo_core_enable_wow_in_fw: drv wow is enabled
[ 5837.210348] [    T1] init: Control message: Could not find 'vendor.qti.diaghal@1.0::Idiag/default' for ctl.interface_start from pid: 772 (/system/bin/hwservicemanager)
[ 5837.288985] [  T786] type=1400 audit(1783267819.403:131693): avc:  denied  { read } for  comm="top" scontext=u:r:system_app:s0 tcontext=u:r:servicemanager:s0 tclass=file permissive=1
[ 5838.092988] [T13281] audit: audit_lost=124571 audit_rate_limit=5 audit_backlog_limit=64
[ 5838.092993] [T13281] audit: rate limit exceeded
[ 5838.161260] [    T1] init: Untracked pid 9703 exited with status 0
[ 5838.161294] [    T1] init: Untracked pid 9703 did not have an associated service entry and will not be reaped
[ 5838.211159] [    T1] init: Control message: Could not find 'vendor.qti.diaghal@1.0::Idiag/default' for ctl.interface_start from pid: 772 (/system/bin/hwservicemanager)
[ 5839.211985] [    T1] init: Control message: Could not find 'vendor.qti.diaghal@1.0::Idiag/default' for ctl.interface_start from pid: 772 (/system/bin/hwservicemanager)
[ 5839.458953] [T12528] [kworke][0x24a2cc942e][16:10:21.577090] kiwi_v2: [12528:I:PMO] pmo_core_psoc_send_host_wakeup_ind_to_fw: Host wakeup indication sent to fw
[ 5839.468877] [    C1] [soft_i][0x24a2cf7c65][16:10:21.587013] kiwi_v2: [0:I:WMA] WLAN triggered wakeup: BPF_ALLOW (39), vdev: 0 (STA)
[ 5839.469049] [    C1] [soft_i][0x24a2cf8980][16:10:21.587187] kiwi_v2: [0:I:WMA] wma_wake_event_packet: Wake event packet:
[ 5840.001781] [T12528] [kworke][0x24a36b9c54][16:10:22.119918] kiwi_v2: [12528:I:PMO] pmo_core_enable_wow_in_fw: drv wow is enabled
[ 5840.212599] [    T1] init: Control message: Could not find 'vendor.qti.diaghal@1.0::Idiag/default' for ctl.interface_start from pid: 772 (/system/bin/hwservicemanager)
[ 5840.280231] [T13307] audit: audit_lost=124587 audit_rate_limit=5 audit_backlog_limit=64
[ 5840.280234] [T13307] audit: rate limit exceeded
[ 5840.392148] [ T4367] adsp_sleepmon: Audio: num_sessions=1,num_lpi_sessions=0,timer_pending=0
[ 5840.414392] [ T2124] swr-mgr wsa2_swr_ctrl: swr_mstr_interrupt: SWR CMD Ignored, fifo status 0x40000005
[ 5840.418182] [ T2124] swr-mgr wsa2_swr_ctrl: swr_mstr_interrupt: SWR CMD Ignored, fifo status 0x4000000b
[ 5840.422096] [ T2124] swr-mgr wsa2_swr_ctrl: swr_mstr_interrupt: SWR CMD Ignored, fifo status 0x40000007
[ 5840.426096] [ T2124] swr-mgr wsa2_swr_ctrl: swr_mstr_interrupt: SWR CMD Ignored, fifo status 0x4000210b
[ 5840.429880] [ T2124] swr-mgr wsa2_swr_ctrl: swr_mstr_interrupt: SWR CMD Ignored, fifo status 0x40002102
[ 5840.433834] [ T2124] swr-mgr wsa2_swr_ctrl: swr_mstr_interrupt: SWR CMD Ignored, fifo status 0x4000000c
[ 5840.450560] [    C0] [I]focaltech: irq_num 400 trigger
[ 5840.827371] [  T956] <I>CTS-I2CDrv Suspend
[ 5840.827376] [  T956] <I>CTS-Core Suspend device
[ 5840.827377] [  T956] <I>CTS-Core Set suspend mode:sleep
[ 5840.828166] [  T956] <I>CTS-Core Device suspended ...
[ 5840.828171] [  T956] <I>CTS-Core Stop device...
[ 5840.828191] [  T956] <I>CTS-Core Flush workqueue...
[ 5840.828195] [  T956] <I>CTS-Plat Release all touch
[ 5840.828201] [  T956] <I>CTS-Plat Set Reset to LOW
[ 5840.830021] [T12916] usb 1-2: USB disconnect, device number 9
[ 5840.832449] [T12916] aya_haptic_remove: enter
[ 5840.833301] [T12916] aya_haptic_remove: done
[ 5841.213673] [    T1] init: Control message: Could not find 'vendor.qti.diaghal@1.0::Idiag/default' for ctl.interface_start from pid: 772 (/system/bin/hwservicemanager)
[ 5841.324203] [T12528] [kworke][0x24a4ef0941][16:10:23.442331] kiwi_v2: [12528:I:PMO] pmo_core_psoc_send_host_wakeup_ind_to_fw: Host wakeup indication sent to fw
[ 5841.960947] [T12528] [kworke][0x24a5a995aa][16:10:24.079083] kiwi_v2: [12528:I:PMO] pmo_core_enable_wow_in_fw: drv wow is enabled
[ 5842.215564] [    T1] init: Control message: Could not find 'vendor.qti.diaghal@1.0::Idiag/default' for ctl.interface_start from pid: 772 (/system/bin/hwservicemanager)
[ 5842.822186] [ T1487] adsp_sleepmon: Audio: num_sessions=0,num_lpi_sessions=0,timer_pending=1
[ 5843.218399] [    T1] init: Control message: Could not find 'vendor.qti.diaghal@1.0::Idiag/default' for ctl.interface_start from pid: 772 (/system/bin/hwservicemanager)
[ 5844.219029] [    T1] init: Control message: Could not find 'vendor.qti.diaghal@1.0::Idiag/default' for ctl.interface_start from pid: 772 (/system/bin/hwservicemanager)
[ 5845.219963] [    T1] init: Control message: Could not find 'vendor.qti.diaghal@1.0::Idiag/default' for ctl.interface_start from pid: 772 (/system/bin/hwservicemanager)
[ 5846.221959] [    T1] init: Control message: Could not find 'vendor.qti.diaghal@1.0::Idiag/default' for ctl.interface_start from pid: 772 (/system/bin/hwservicemanager)
[ 5846.753700] [  T840] wcd-usbss-i2c-driver 1-000e: wcd_usbss_is_in_reset_state: Surge check #3 failed
[ 5847.222668] [    T1] init: Control message: Could not find 'vendor.qti.diaghal@1.0::Idiag/default' for ctl.interface_start from pid: 772 (/system/bin/hwservicemanager)
[ 5848.031704] [  T808] adsp_sleepmon: timer_event = 1,suspend_event = 0
[ 5848.223528] [    T1] init: Control message: Could not find 'vendor.qti.diaghal@1.0::Idiag/default' for ctl.interface_start from pid: 772 (/system/bin/hwservicemanager)
[ 5849.224208] [    T1] init: Control message: Could not find 'vendor.qti.diaghal@1.0::Idiag/default' for ctl.interface_start from pid: 772 (/system/bin/hwservicemanager)
[ 5850.224904] [    T1] init: Control message: Could not find 'vendor.qti.diaghal@1.0::Idiag/default' for ctl.interface_start from pid: 772 (/system/bin/hwservicemanager)
[ 5851.225607] [    T1] init: Control message: Could not find 'vendor.qti.diaghal@1.0::Idiag/default' for ctl.interface_start from pid: 772 (/system/bin/hwservicemanager)
[ 5851.279683] [  T770] servicemanager: Found vendor.qti.hardware.perf2.IPerf/default in device VINTF manifest.
[ 5851.283244] [    T1] init: Control message: Could not find 'vendor.qti.diaghal@1.0::Idiag/default' for ctl.interface_start from pid: 772 (/system/bin/hwservicemanager)
[ 5851.283731] [    T1] init: Control message: Could not find 'vendor.qti.diaghal@1.0::Idiag/default' for ctl.interface_start from pid: 772 (/system/bin/hwservicemanager)
[ 5852.287231] [    T1] init: Control message: Could not find 'vendor.qti.diaghal@1.0::Idiag/default' for ctl.interface_start from pid: 772 (/system/bin/hwservicemanager)
[ 5853.287894] [    T1] init: Control message: Could not find 'vendor.qti.diaghal@1.0::Idiag/default' for ctl.interface_start from pid: 772 (/system/bin/hwservicemanager)
[ 5854.288529] [    T1] init: Control message: Could not find 'vendor.qti.diaghal@1.0::Idiag/default' for ctl.interface_start from pid: 772 (/system/bin/hwservicemanager)
[ 5855.289217] [    T1] init: Control message: Could not find 'vendor.qti.diaghal@1.0::Idiag/default' for ctl.interface_start from pid: 772 (/system/bin/hwservicemanager)
[ 5856.289869] [    T1] init: Control message: Could not find 'vendor.qti.diaghal@1.0::Idiag/default' for ctl.interface_start from pid: 772 (/system/bin/hwservicemanager)
[ 5857.291111] [    T1] init: Control message: Could not find 'vendor.qti.diaghal@1.0::Idiag/default' for ctl.interface_start from pid: 772 (/system/bin/hwservicemanager)
[ 5858.293234] [    T1] init: Control message: Could not find 'vendor.qti.diaghal@1.0::Idiag/default' for ctl.interface_start from pid: 772 (/system/bin/hwservicemanager)
[ 5859.293967] [    T1] init: Control message: Could not find 'vendor.qti.diaghal@1.0::Idiag/default' for ctl.interface_start from pid: 772 (/system/bin/hwservicemanager)
[ 5860.294647] [    T1] init: Control message: Could not find 'vendor.qti.diaghal@1.0::Idiag/default' for ctl.interface_start from pid: 772 (/system/bin/hwservicemanager)
[ 5861.297114] [    T1] init: Control message: Could not find 'vendor.qti.diaghal@1.0::Idiag/default' for ctl.interface_start from pid: 772 (/system/bin/hwservicemanager)
[ 5861.856733] [  T840] wcd-usbss-i2c-driver 1-000e: wcd_usbss_is_in_reset_state: Surge check #3 failed
[ 5862.297790] [    T1] init: Control message: Could not find 'vendor.qti.diaghal@1.0::Idiag/default' for ctl.interface_start from pid: 772 (/system/bin/hwservicemanager)
[ 5863.298931] [    T1] init: Control message: Could not find 'vendor.qti.diaghal@1.0::Idiag/default' for ctl.interface_start from pid: 772 (/system/bin/hwservicemanager)
[ 5864.299744] [    T1] init: Control message: Could not find 'vendor.qti.diaghal@1.0::Idiag/default' for ctl.interface_start from pid: 772 (/system/bin/hwservicemanager)
[ 5865.300284] [    T1] init: Control message: Could not find 'vendor.qti.diaghal@1.0::Idiag/default' for ctl.interface_start from pid: 772 (/system/bin/hwservicemanager)
[ 5866.300893] [    T1] init: Control message: Could not find 'vendor.qti.diaghal@1.0::Idiag/default' for ctl.interface_start from pid: 772 (/system/bin/hwservicemanager)
[ 5867.301531] [    T1] init: Control message: Could not find 'vendor.qti.diaghal@1.0::Idiag/default' for ctl.interface_start from pid: 772 (/system/bin/hwservicemanager)
[ 5868.302096] [    T1] init: Control message: Could not find 'vendor.qti.diaghal@1.0::Idiag/default' for ctl.interface_start from pid: 772 (/system/bin/hwservicemanager)
[ 5869.302886] [    T1] init: Control message: Could not find 'vendor.qti.diaghal@1.0::Idiag/default' for ctl.interface_start from pid: 772 (/system/bin/hwservicemanager)
[ 5870.303451] [    T1] init: Control message: Could not find 'vendor.qti.diaghal@1.0::Idiag/default' for ctl.interface_start from pid: 772 (/system/bin/hwservicemanager)
[ 5871.338940] [  T770] servicemanager: Found vendor.qti.hardware.perf2.IPerf/default in device VINTF manifest.
[ 5871.343329] [    T1] init: Control message: Could not find 'vendor.qti.diaghal@1.0::Idiag/default' for ctl.interface_start from pid: 772 (/system/bin/hwservicemanager)
[ 5871.343523] [    T1] init: Control message: Could not find 'vendor.qti.diaghal@1.0::Idiag/default' for ctl.interface_start from pid: 772 (/system/bin/hwservicemanager)
[ 5872.346858] [    T1] init: Control message: Could not find 'vendor.qti.diaghal@1.0::Idiag/default' for ctl.interface_start from pid: 772 (/system/bin/hwservicemanager)
[ 5873.348606] [    T1] init: Control message: Could not find 'vendor.qti.diaghal@1.0::Idiag/default' for ctl.interface_start from pid: 772 (/system/bin/hwservicemanager)
[ 5874.350583] [    T1] init: Control message: Could not find 'vendor.qti.diaghal@1.0::Idiag/default' for ctl.interface_start from pid: 772 (/system/bin/hwservicemanager)
[ 5875.352665] [    T1] init: Control message: Could not find 'vendor.qti.diaghal@1.0::Idiag/default' for ctl.interface_start from pid: 772 (/system/bin/hwservicemanager)
[ 5876.353720] [    T1] init: Control message: Could not find 'vendor.qti.diaghal@1.0::Idiag/default' for ctl.interface_start from pid: 772 (/system/bin/hwservicemanager)
[ 5876.960667] [  T840] wcd-usbss-i2c-driver 1-000e: wcd_usbss_is_in_reset_state: Surge check #3 failed
[ 5877.355033] [    T1] init: Control message: Could not find 'vendor.qti.diaghal@1.0::Idiag/default' for ctl.interface_start from pid: 772 (/system/bin/hwservicemanager)
[ 5878.355701] [    T1] init: Control message: Could not find 'vendor.qti.diaghal@1.0::Idiag/default' for ctl.interface_start from pid: 772 (/system/bin/hwservicemanager)
[ 5879.356207] [    T1] init: Control message: Could not find 'vendor.qti.diaghal@1.0::Idiag/default' for ctl.interface_start from pid: 772 (/system/bin/hwservicemanager)
[ 5880.357285] [    T1] init: Control message: Could not find 'vendor.qti.diaghal@1.0::Idiag/default' for ctl.interface_start from pid: 772 (/system/bin/hwservicemanager)
[ 5881.357978] [    T1] init: Control message: Could not find 'vendor.qti.diaghal@1.0::Idiag/default' for ctl.interface_start from pid: 772 (/system/bin/hwservicemanager)
[ 5882.359121] [    T1] init: Control message: Could not find 'vendor.qti.diaghal@1.0::Idiag/default' for ctl.interface_start from pid: 772 (/system/bin/hwservicemanager)
[ 5883.359580] [    T1] init: Control message: Could not find 'vendor.qti.diaghal@1.0::Idiag/default' for ctl.interface_start from pid: 772 (/system/bin/hwservicemanager)
[ 5884.360334] [    T1] init: Control message: Could not find 'vendor.qti.diaghal@1.0::Idiag/default' for ctl.interface_start from pid: 772 (/system/bin/hwservicemanager)
[ 5885.361068] [    T1] init: Control message: Could not find 'vendor.qti.diaghal@1.0::Idiag/default' for ctl.interface_start from pid: 772 (/system/bin/hwservicemanager)
[ 5886.203603] [  T786] type=1400 audit(1783267868.319:131788): avc:  denied  { add_name } for  comm="android.hardwar" name="trip_point_1_temp" scontext=u:r:hal_thermal_default:s0 tcontext=u:object_r:sysfs_thermal:s0 tclass=dir permissive=1
[ 5886.203722] [  T786] type=1400 audit(1783267868.319:131789): avc:  denied  { create } for  comm="android.hardwar" name="trip_point_1_temp" scontext=u:r:hal_thermal_default:s0 tcontext=u:object_r:sysfs_thermal:s0 tclass=file permissive=1
[ 5886.237996] [  T786] type=1400 audit(1783267868.351:131790): avc:  denied  { add_name } for  comm="binder:898_6" name="gc_urgent" scontext=u:r:vold:s0 tcontext=u:object_r:sysfs_fs_f2fs:s0 tclass=dir permissive=1
[ 5886.238110] [  T786] type=1400 audit(1783267868.351:131791): avc:  denied  { create } for  comm="binder:898_6" name="gc_urgent" scontext=u:r:vold:s0 tcontext=u:object_r:sysfs_fs_f2fs:s0 tclass=file permissive=1
[ 5886.268646] [  T770] servicemanager: Found vendor.qti.hardware.perf2.IPerf/default in device VINTF manifest.
[ 5886.269065] [  T786] type=1400 audit(1783267868.383:131792): avc:  denied  { call } for  comm="android.rkpdapp" scontext=u:r:rkpdapp:s0:c512,c768 tcontext=u:r:vendor_hal_perf_default:s0 tclass=binder permissive=1 app=com.android.rkpdapp
[ 5886.278876] [  T770] servicemanager: Found vendor.qti.hardware.perf2.IPerf/default in device VINTF manifest.
[ 5886.279473] [  T770] servicemanager: Found vendor.qti.hardware.perf2.IPerf/default in device VINTF manifest.
[ 5886.314872] [  T770] servicemanager: Found android.hardware.security.keymint.IRemotelyProvisionedComponent/default in device VINTF manifest.
[ 5886.317696] [  T770] servicemanager: Found android.hardware.security.keymint.IRemotelyProvisionedComponent/strongbox in device VINTF manifest.
[ 5886.336593] [  T805] [kworke][0x24d8724362][16:11:08.454732] kiwi_v2: [805:I:PMO] pmo_core_psoc_send_host_wakeup_ind_to_fw: Host wakeup indication sent to fw
[ 5886.359264] [T13503] audit: audit_lost=124649 audit_rate_limit=5 audit_backlog_limit=64
[ 5886.359268] [T13503] audit: rate limit exceeded
[ 5886.362151] [    T1] init: Control message: Could not find 'vendor.qti.diaghal@1.0::Idiag/default' for ctl.interface_start from pid: 772 (/system/bin/hwservicemanager)
[ 5887.320180] [  T805] [kworke][0x24d9926c43][16:11:09.438317] kiwi_v2: [805:I:PMO] pmo_core_enable_wow_in_fw: drv wow is enabled
[ 5887.366429] [    T1] init: Control message: Could not find 'vendor.qti.diaghal@1.0::Idiag/default' for ctl.interface_start from pid: 772 (/system/bin/hwservicemanager)
[ 5888.367448] [    T1] init: Control message: Could not find 'vendor.qti.diaghal@1.0::Idiag/default' for ctl.interface_start from pid: 772 (/system/bin/hwservicemanager)
[ 5888.723246] [ T1394] healthd: battery l=46 v=7635 t=35.0 h=2 st=3 c=-104372 fc=4297000 cc=25 chg=a
[ 5888.739623] [  T786] type=1400 audit(1783267870.855:131797): avc:  denied  { getattr } for  comm="sh" path="/vendor/bin/tsnv_test" dev="dm-12" ino=495 scontext=u:r:xsud:s0 tcontext=u:object_r:tsnv_test_exec:s0 tclass=file permissive=1
[ 5888.739747] [  T786] type=1400 audit(1783267870.855:131798): avc:  denied  { execute } for  comm="sh" name="tsnv_test" dev="dm-12" ino=495 scontext=u:r:xsud:s0 tcontext=u:object_r:tsnv_test_exec:s0 tclass=file permissive=1
[ 5888.739787] [  T786] type=1400 audit(1783267870.855:131799): avc:  denied  { read open } for  comm="sh" path="/vendor/bin/tsnv_test" dev="dm-12" ino=495 scontext=u:r:xsud:s0 tcontext=u:object_r:tsnv_test_exec:s0 tclass=file permissive=1
[ 5888.739824] [  T786] type=1400 audit(1783267870.855:131800): avc:  denied  { execute_no_trans } for  comm="sh" path="/vendor/bin/tsnv_test" dev="dm-12" ino=495 scontext=u:r:xsud:s0 tcontext=u:object_r:tsnv_test_exec:s0 tclass=file permissive=1
[ 5888.739859] [  T786] type=1400 audit(1783267870.855:131801): avc:  denied  { map } for  comm="tsnv_test" path="/vendor/bin/tsnv_test" dev="dm-12" ino=495 scontext=u:r:xsud:s0 tcontext=u:object_r:tsnv_test_exec:s0 tclass=file permissive=1
[ 5888.740044] [T13627] audit: audit_lost=124653 audit_rate_limit=5 audit_backlog_limit=64
[ 5888.740047] [T13627] audit: rate limit exceeded
[ 5888.749186] [T13629] BATTERY_CHG: battery_psy_set_online: battery_psy_set_online: set online 1
[ 5889.369584] [    T1] init: Control message: Could not find 'vendor.qti.diaghal@1.0::Idiag/default' for ctl.interface_start from pid: 772 (/system/bin/hwservicemanager)
[ 5890.356062] [T12528] [kworke][0x24dd0bd751][16:11:12.474198] kiwi_v2: [12528:I:PMO] pmo_core_psoc_send_host_wakeup_ind_to_fw: Host wakeup indication sent to fw
[ 5890.366510] [    C1] [soft_i][0x24dd0ee6f0][16:11:12.484646] kiwi_v2: [0:I:WMA] WLAN triggered wakeup: BPF_ALLOW (39), vdev: 0 (STA)
[ 5890.366715] [    C1] [soft_i][0x24dd0ef673][16:11:12.484853] kiwi_v2: [0:I:WMA] wma_wake_event_packet: Wake event packet:
[ 5890.370570] [    T1] init: Control message: Could not find 'vendor.qti.diaghal@1.0::Idiag/default' for ctl.interface_start from pid: 772 (/system/bin/hwservicemanager)
[ 5890.954903] [T12528] [kworke][0x24ddbb4860][16:11:13.073039] kiwi_v2: [12528:I:PMO] pmo_core_enable_wow_in_fw: drv wow is enabled
[ 5891.377112] [T12528] [kworke][0x24de36fa23][16:11:13.495249] kiwi_v2: [12528:I:PMO] pmo_core_psoc_send_host_wakeup_ind_to_fw: Host wakeup indication sent to fw
[ 5891.386928] [    C1] [soft_i][0x24de39da4b][16:11:13.505064] kiwi_v2: [0:I:WMA] WLAN triggered wakeup: BPF_ALLOW (39), vdev: 0 (STA)
[ 5891.387022] [    C1] [soft_i][0x24de39e17b][16:11:13.505160] kiwi_v2: [0:I:WMA] wma_wake_event_packet: Wake event packet:
[ 5891.419626] [  T770] servicemanager: Found vendor.qti.hardware.perf2.IPerf/default in device VINTF manifest.
[ 5891.423276] [    T1] init: Control message: Could not find 'vendor.qti.diaghal@1.0::Idiag/default' for ctl.interface_start from pid: 772 (/system/bin/hwservicemanager)
[ 5891.423662] [    T1] init: Control message: Could not find 'vendor.qti.diaghal@1.0::Idiag/default' for ctl.interface_start from pid: 772 (/system/bin/hwservicemanager)
[ 5891.977321] [T12528] [kworke][0x24dee6d1c2][16:11:14.095457] kiwi_v2: [12528:I:PMO] pmo_core_enable_wow_in_fw: drv wow is enabled
[ 5892.064695] [  T840] wcd-usbss-i2c-driver 1-000e: wcd_usbss_is_in_reset_state: Surge check #3 failed
[ 5892.426003] [    T1] init: Control message: Could not find 'vendor.qti.diaghal@1.0::Idiag/default' for ctl.interface_start from pid: 772 (/system/bin/hwservicemanager)
[ 5892.909032] [  T786] type=1400 audit(1783267875.023:131819): avc:  denied  { read } for  comm="binder:1077_4" name="wakeup64" dev="sysfs" ino=143317 scontext=u:r:system_suspend:s0 tcontext=u:object_r:sysfs:s0 tclass=dir permissive=1
[ 5892.909206] [  T786] type=1400 audit(1783267875.023:131820): avc:  denied  { open } for  comm="binder:1077_4" path="/sys/devices/platform/soc/1c08000.qcom,pcie/pci0001:00/0001:00:00.0/0001:01:00.0/usb1/wakeup/wakeup64" dev="sysfs" ino=143317 scontext=u:r:system_suspend:s0 tcontext=u:object_r:sysfs:s0 tclass=dir permissive=1
[ 5892.909244] [  T786] type=1400 audit(1783267875.023:131821): avc:  denied  { read } for  comm="binder:1077_4" name="event_count" dev="sysfs" ino=143324 scontext=u:r:system_suspend:s0 tcontext=u:object_r:sysfs:s0 tclass=file permissive=1
[ 5892.909280] [  T786] type=1400 audit(1783267875.023:131822): avc:  denied  { open } for  comm="binder:1077_4" path="/sys/devices/platform/soc/1c08000.qcom,pcie/pci0001:00/0001:00:00.0/0001:01:00.0/usb1/wakeup/wakeup64/event_count" dev="sysfs" ino=143324 scontext=u:r:system_suspend:s0 tcontext=u:object_r:sysfs:s0 tclass=file permissive=1
[ 5892.909316] [  T786] type=1400 audit(1783267875.023:131823): avc:  denied  { getattr } for  comm="binder:1077_4" path="/sys/devices/platform/soc/1c08000.qcom,pcie/pci0001:00/0001:00:00.0/0001:01:00.0/usb1/wakeup/wakeup64/event_count" dev="sysfs" ino=143324 scontext=u:r:system_suspend:s0 tcontext=u:object_r:sysfs:s0 tclass=file permissive=1
[ 5893.426535] [    T1] init: Control message: Could not find 'vendor.qti.diaghal@1.0::Idiag/default' for ctl.interface_start from pid: 772 (/system/bin/hwservicemanager)
[ 5894.427632] [    T1] init: Control message: Could not find 'vendor.qti.diaghal@1.0::Idiag/default' for ctl.interface_start from pid: 772 (/system/bin/hwservicemanager)
[ 5895.428317] [    T1] init: Control message: Could not find 'vendor.qti.diaghal@1.0::Idiag/default' for ctl.interface_start from pid: 772 (/system/bin/hwservicemanager)
[ 5895.679163] [T12528] [kworke][0x24e3234f03][16:11:17.797181] kiwi_v2: [12528:I:PMO] pmo_core_psoc_send_host_wakeup_ind_to_fw: Host wakeup indication sent to fw
[ 5895.689428] [    C1] [soft_i][0x24e32659c7][16:11:17.807564] kiwi_v2: [0:I:WMA] WLAN triggered wakeup: BPF_ALLOW (39), vdev: 0 (STA)
[ 5895.689572] [    C1] [soft_i][0x24e32664ba][16:11:17.807710] kiwi_v2: [0:I:WMA] wma_wake_event_packet: Wake event packet:
[ 5896.429486] [    T1] init: Control message: Could not find 'vendor.qti.diaghal@1.0::Idiag/default' for ctl.interface_start from pid: 772 (/system/bin/hwservicemanager)
[ 5897.187888] [T12528] [kworke][0x24e4dd5a22][16:11:19.306022] kiwi_v2: [12528:I:PMO] pmo_core_enable_wow_in_fw: drv wow is enabled
[ 5897.431978] [    T1] init: Control message: Could not find 'vendor.qti.diaghal@1.0::Idiag/default' for ctl.interface_start from pid: 772 (/system/bin/hwservicemanager)
[ 5898.432629] [    T1] init: Control message: Could not find 'vendor.qti.diaghal@1.0::Idiag/default' for ctl.interface_start from pid: 772 (/system/bin/hwservicemanager)
[ 5899.433993] [    T1] init: Control message: Could not find 'vendor.qti.diaghal@1.0::Idiag/default' for ctl.interface_start from pid: 772 (/system/bin/hwservicemanager)
[ 5900.435249] [    T1] init: Control message: Could not find 'vendor.qti.diaghal@1.0::Idiag/default' for ctl.interface_start from pid: 772 (/system/bin/hwservicemanager)
[ 5901.436010] [    T1] init: Control message: Could not find 'vendor.qti.diaghal@1.0::Idiag/default' for ctl.interface_start from pid: 772 (/system/bin/hwservicemanager)
[ 5902.436700] [    T1] init: Control message: Could not find 'vendor.qti.diaghal@1.0::Idiag/default' for ctl.interface_start from pid: 772 (/system/bin/hwservicemanager)
[ 5903.437395] [    T1] init: Control message: Could not find 'vendor.qti.diaghal@1.0::Idiag/default' for ctl.interface_start from pid: 772 (/system/bin/hwservicemanager)
[ 5904.438704] [    T1] init: Control message: Could not find 'vendor.qti.diaghal@1.0::Idiag/default' for ctl.interface_start from pid: 772 (/system/bin/hwservicemanager)
[ 5905.439332] [    T1] init: Control message: Could not find 'vendor.qti.diaghal@1.0::Idiag/default' for ctl.interface_start from pid: 772 (/system/bin/hwservicemanager)
[ 5906.440042] [    T1] init: Control message: Could not find 'vendor.qti.diaghal@1.0::Idiag/default' for ctl.interface_start from pid: 772 (/system/bin/hwservicemanager)
[ 5907.168848] [  T840] wcd-usbss-i2c-driver 1-000e: wcd_usbss_is_in_reset_state: Surge check #3 failed
[ 5907.440557] [    T1] init: Control message: Could not find 'vendor.qti.diaghal@1.0::Idiag/default' for ctl.interface_start from pid: 772 (/system/bin/hwservicemanager)
[ 5908.441239] [    T1] init: Control message: Could not find 'vendor.qti.diaghal@1.0::Idiag/default' for ctl.interface_start from pid: 772 (/system/bin/hwservicemanager)
[ 5909.442018] [    T1] init: Control message: Could not find 'vendor.qti.diaghal@1.0::Idiag/default' for ctl.interface_start from pid: 772 (/system/bin/hwservicemanager)
[ 5910.442574] [    T1] init: Control message: Could not find 'vendor.qti.diaghal@1.0::Idiag/default' for ctl.interface_start from pid: 772 (/system/bin/hwservicemanager)
[ 5911.443265] [    T1] init: Control message: Could not find 'vendor.qti.diaghal@1.0::Idiag/default' for ctl.interface_start from pid: 772 (/system/bin/hwservicemanager)
[ 5911.485808] [  T770] servicemanager: Found vendor.qti.hardware.perf2.IPerf/default in device VINTF manifest.
[ 5911.489484] [    T1] init: Control message: Could not find 'vendor.qti.diaghal@1.0::Idiag/default' for ctl.interface_start from pid: 772 (/system/bin/hwservicemanager)
[ 5911.489669] [    T1] init: Control message: Could not find 'vendor.qti.diaghal@1.0::Idiag/default' for ctl.interface_start from pid: 772 (/system/bin/hwservicemanager)
[ 5912.491886] [    T1] init: Control message: Could not find 'vendor.qti.diaghal@1.0::Idiag/default' for ctl.interface_start from pid: 772 (/system/bin/hwservicemanager)
[ 5913.493793] [    T1] init: Control message: Could not find 'vendor.qti.diaghal@1.0::Idiag/default' for ctl.interface_start from pid: 772 (/system/bin/hwservicemanager)
[ 5914.498856] [    T1] init: Control message: Could not find 'vendor.qti.diaghal@1.0::Idiag/default' for ctl.interface_start from pid: 772 (/system/bin/hwservicemanager)
[ 5915.500462] [    T1] init: Control message: Could not find 'vendor.qti.diaghal@1.0::Idiag/default' for ctl.interface_start from pid: 772 (/system/bin/hwservicemanager)
[ 5916.501573] [    T1] init: Control message: Could not find 'vendor.qti.diaghal@1.0::Idiag/default' for ctl.interface_start from pid: 772 (/system/bin/hwservicemanager)
[ 5917.502764] [    T1] init: Control message: Could not find 'vendor.qti.diaghal@1.0::Idiag/default' for ctl.interface_start from pid: 772 (/system/bin/hwservicemanager)
[ 5918.503395] [    T1] init: Control message: Could not find 'vendor.qti.diaghal@1.0::Idiag/default' for ctl.interface_start from pid: 772 (/system/bin/hwservicemanager)
[ 5919.504713] [    T1] init: Control message: Could not find 'vendor.qti.diaghal@1.0::Idiag/default' for ctl.interface_start from pid: 772 (/system/bin/hwservicemanager)
[ 5920.504980] [    T1] init: Control message: Could not find 'vendor.qti.diaghal@1.0::Idiag/default' for ctl.interface_start from pid: 772 (/system/bin/hwservicemanager)
[ 5921.506331] [    T1] init: Control message: Could not find 'vendor.qti.diaghal@1.0::Idiag/default' for ctl.interface_start from pid: 772 (/system/bin/hwservicemanager)
[ 5922.272752] [  T840] wcd-usbss-i2c-driver 1-000e: wcd_usbss_is_in_reset_state: Surge check #3 failed
[ 5922.506963] [    T1] init: Control message: Could not find 'vendor.qti.diaghal@1.0::Idiag/default' for ctl.interface_start from pid: 772 (/system/bin/hwservicemanager)
[ 5923.507625] [    T1] init: Control message: Could not find 'vendor.qti.diaghal@1.0::Idiag/default' for ctl.interface_start from pid: 772 (/system/bin/hwservicemanager)
[ 5924.508813] [    T1] init: Control message: Could not find 'vendor.qti.diaghal@1.0::Idiag/default' for ctl.interface_start from pid: 772 (/system/bin/hwservicemanager)
[ 5925.509443] [    T1] init: Control message: Could not find 'vendor.qti.diaghal@1.0::Idiag/default' for ctl.interface_start from pid: 772 (/system/bin/hwservicemanager)
[ 5926.510290] [    T1] init: Control message: Could not find 'vendor.qti.diaghal@1.0::Idiag/default' for ctl.interface_start from pid: 772 (/system/bin/hwservicemanager)
[ 5927.510986] [    T1] init: Control message: Could not find 'vendor.qti.diaghal@1.0::Idiag/default' for ctl.interface_start from pid: 772 (/system/bin/hwservicemanager)
[ 5928.511555] [    T1] init: Control message: Could not find 'vendor.qti.diaghal@1.0::Idiag/default' for ctl.interface_start from pid: 772 (/system/bin/hwservicemanager)
[ 5929.512235] [    T1] init: Control message: Could not find 'vendor.qti.diaghal@1.0::Idiag/default' for ctl.interface_start from pid: 772 (/system/bin/hwservicemanager)
[ 5930.512764] [    T1] init: Control message: Could not find 'vendor.qti.diaghal@1.0::Idiag/default' for ctl.interface_start from pid: 772 (/system/bin/hwservicemanager)
[ 5931.513141] [    T1] init: Control message: Could not find 'vendor.qti.diaghal@1.0::Idiag/default' for ctl.interface_start from pid: 772 (/system/bin/hwservicemanager)
[ 5931.568559] [  T770] servicemanager: Found vendor.qti.hardware.perf2.IPerf/default in device VINTF manifest.
[ 5931.572371] [    T1] init: Control message: Could not find 'vendor.qti.diaghal@1.0::Idiag/default' for ctl.interface_start from pid: 772 (/system/bin/hwservicemanager)
[ 5931.573579] [    T1] init: Control message: Could not find 'vendor.qti.diaghal@1.0::Idiag/default' for ctl.interface_start from pid: 772 (/system/bin/hwservicemanager)
[ 5932.576827] [    T1] init: Control message: Could not find 'vendor.qti.diaghal@1.0::Idiag/default' for ctl.interface_start from pid: 772 (/system/bin/hwservicemanager)
[ 5933.579691] [    T1] init: Control message: Could not find 'vendor.qti.diaghal@1.0::Idiag/default' for ctl.interface_start from pid: 772 (/system/bin/hwservicemanager)
[ 5934.580524] [    T1] init: Control message: Could not find 'vendor.qti.diaghal@1.0::Idiag/default' for ctl.interface_start from pid: 772 (/system/bin/hwservicemanager)
[ 5935.581440] [    T1] init: Control message: Could not find 'vendor.qti.diaghal@1.0::Idiag/default' for ctl.interface_start from pid: 772 (/system/bin/hwservicemanager)
[ 5936.582133] [    T1] init: Control message: Could not find 'vendor.qti.diaghal@1.0::Idiag/default' for ctl.interface_start from pid: 772 (/system/bin/hwservicemanager)
[ 5937.376732] [  T840] wcd-usbss-i2c-driver 1-000e: wcd_usbss_is_in_reset_state: Surge check #3 failed
[ 5937.582816] [    T1] init: Control message: Could not find 'vendor.qti.diaghal@1.0::Idiag/default' for ctl.interface_start from pid: 772 (/system/bin/hwservicemanager)
[ 5938.583460] [    T1] init: Control message: Could not find 'vendor.qti.diaghal@1.0::Idiag/default' for ctl.interface_start from pid: 772 (/system/bin/hwservicemanager)
[ 5939.584180] [    T1] init: Control message: Could not find 'vendor.qti.diaghal@1.0::Idiag/default' for ctl.interface_start from pid: 772 (/system/bin/hwservicemanager)
[ 5940.585168] [    T1] init: Control message: Could not find 'vendor.qti.diaghal@1.0::Idiag/default' for ctl.interface_start from pid: 772 (/system/bin/hwservicemanager)
[ 5941.585835] [    T1] init: Control message: Could not find 'vendor.qti.diaghal@1.0::Idiag/default' for ctl.interface_start from pid: 772 (/system/bin/hwservicemanager)
[ 5942.586479] [    T1] init: Control message: Could not find 'vendor.qti.diaghal@1.0::Idiag/default' for ctl.interface_start from pid: 772 (/system/bin/hwservicemanager)
[ 5943.587232] [    T1] init: Control message: Could not find 'vendor.qti.diaghal@1.0::Idiag/default' for ctl.interface_start from pid: 772 (/system/bin/hwservicemanager)
[ 5944.587875] [    T1] init: Control message: Could not find 'vendor.qti.diaghal@1.0::Idiag/default' for ctl.interface_start from pid: 772 (/system/bin/hwservicemanager)
[ 5945.588570] [    T1] init: Control message: Could not find 'vendor.qti.diaghal@1.0::Idiag/default' for ctl.interface_start from pid: 772 (/system/bin/hwservicemanager)
[ 5946.589184] [    T1] init: Control message: Could not find 'vendor.qti.diaghal@1.0::Idiag/default' for ctl.interface_start from pid: 772 (/system/bin/hwservicemanager)
[ 5947.592449] [    T1] init: Control message: Could not find 'vendor.qti.diaghal@1.0::Idiag/default' for ctl.interface_start from pid: 772 (/system/bin/hwservicemanager)
[ 5948.595131] [    T1] init: Control message: Could not find 'vendor.qti.diaghal@1.0::Idiag/default' for ctl.interface_start from pid: 772 (/system/bin/hwservicemanager)
[ 5948.723276] [ T1394] healthd: battery l=46 v=7638 t=35.0 h=2 st=3 c=-115359 fc=4297000 cc=25 chg=a
[ 5948.753074] [T13769] BATTERY_CHG: battery_psy_set_online: battery_psy_set_online: set online 1
[ 5948.753246] [  T786] type=1400 audit(1783267930.867:131824): avc:  denied  { search } for  comm="sh" name="battery" dev="sysfs" ino=141942 scontext=u:r:xsud:s0 tcontext=u:object_r:vendor_sysfs_battery_supply:s0 tclass=dir permissive=1
[ 5948.753284] [  T786] type=1400 audit(1783267930.867:131825): avc:  denied  { write } for  comm="sh" name="online" dev="sysfs" ino=141951 scontext=u:r:xsud:s0 tcontext=u:object_r:vendor_sysfs_battery_supply:s0 tclass=file permissive=1
[ 5948.753298] [  T786] type=1400 audit(1783267930.867:131826): avc:  denied  { open } for  comm="sh" path="/sys/devices/platform/soc/soc:qcom,pmic_glink/soc:qcom,pmic_glink:qcom,battery_charger/power_supply/battery/online" dev="sysfs" ino=141951 scontext=u:r:xsud:s0 tcontext=u:object_r:vendor_sysfs_battery_supply:s0 tclass=file permissive=1
[ 5948.754113] [T13767] audit: audit_lost=124670 audit_rate_limit=5 audit_backlog_limit=64
[ 5948.754117] [T13767] audit: rate limit exceeded
[ 5948.754262] [  T786] type=1400 audit(1783267930.867:131827): avc:  denied  { getattr } for  comm="sh" path="/vendor/bin/tsnv_test" dev="dm-12" ino=495 scontext=u:r:xsud:s0 tcontext=u:object_r:tsnv_test_exec:s0 tclass=file permissive=1
[ 5948.754403] [  T786] type=1400 audit(1783267930.867:131828): avc:  denied  { execute } for  comm="sh" name="tsnv_test" dev="dm-12" ino=495 scontext=u:r:xsud:s0 tcontext=u:object_r:tsnv_test_exec:s0 tclass=file permissive=1
[ 5949.597956] [    T1] init: Control message: Could not find 'vendor.qti.diaghal@1.0::Idiag/default' for ctl.interface_start from pid: 772 (/system/bin/hwservicemanager)
[ 5950.602256] [    T1] init: Control message: Could not find 'vendor.qti.diaghal@1.0::Idiag/default' for ctl.interface_start from pid: 772 (/system/bin/hwservicemanager)
[ 5951.628562] [  T770] servicemanager: Found vendor.qti.hardware.perf2.IPerf/default in device VINTF manifest.
[ 5951.632107] [    T1] init: Control message: Could not find 'vendor.qti.diaghal@1.0::Idiag/default' for ctl.interface_start from pid: 772 (/system/bin/hwservicemanager)
[ 5951.632272] [    T1] init: Control message: Could not find 'vendor.qti.diaghal@1.0::Idiag/default' for ctl.interface_start from pid: 772 (/system/bin/hwservicemanager)
[ 5952.481701] [  T840] wcd-usbss-i2c-driver 1-000e: wcd_usbss_is_in_reset_state: Surge check #3 failed
[ 5952.637305] [    T1] init: Control message: Could not find 'vendor.qti.diaghal@1.0::Idiag/default' for ctl.interface_start from pid: 772 (/system/bin/hwservicemanager)
[ 5953.641062] [    T1] init: Control message: Could not find 'vendor.qti.diaghal@1.0::Idiag/default' for ctl.interface_start from pid: 772 (/system/bin/hwservicemanager)
[ 5954.644172] [    T1] init: Control message: Could not find 'vendor.qti.diaghal@1.0::Idiag/default' for ctl.interface_start from pid: 772 (/system/bin/hwservicemanager)
[ 5955.646515] [    T1] init: Control message: Could not find 'vendor.qti.diaghal@1.0::Idiag/default' for ctl.interface_start from pid: 772 (/system/bin/hwservicemanager)
[ 5956.648751] [    T1] init: Control message: Could not find 'vendor.qti.diaghal@1.0::Idiag/default' for ctl.interface_start from pid: 772 (/system/bin/hwservicemanager)
[ 5957.653226] [    T1] init: Control message: Could not find 'vendor.qti.diaghal@1.0::Idiag/default' for ctl.interface_start from pid: 772 (/system/bin/hwservicemanager)
[ 5958.655301] [    T1] init: Control message: Could not find 'vendor.qti.diaghal@1.0::Idiag/default' for ctl.interface_start from pid: 772 (/system/bin/hwservicemanager)
[ 5959.657612] [    T1] init: Control message: Could not find 'vendor.qti.diaghal@1.0::Idiag/default' for ctl.interface_start from pid: 772 (/system/bin/hwservicemanager)
[ 5960.540705] [ T9384] [kworke][0x252d5dbfa8][16:12:22.658843] kiwi_v2: [9384:I:PMO] pmo_core_psoc_send_host_wakeup_ind_to_fw: Host wakeup indication sent to fw
[ 5960.659803] [    T1] init: Control message: Could not find 'vendor.qti.diaghal@1.0::Idiag/default' for ctl.interface_start from pid: 772 (/system/bin/hwservicemanager)
[ 5961.163125] [  T770] servicemanager: Found android.hardware.wifi.IWifi/default in device VINTF manifest.
[ 5961.169650] [ T8334] [wpa_su][0x252e160271][16:12:23.287786] kiwi_v2: [8334:I:OSIF] osif_cm_disconnect_sync: vdevid-0: Received Disconnect reason:3 REASON_DEAUTH_NETWORK_LEAVING
[ 5961.180694] [ T9384] [kworke][0x252e193e9f][16:12:23.298829] kiwi_v2: [9384:E:DP] __dp_bus_bw_work_handler: bus bandwidth timer running in disconnected state
[ 5961.185390] [ T8318] [schedu][0x252e1a9f1f][16:12:23.303529] kiwi_v2: [8318:E:PE] lim_is_ml_peer_state_disconn: ML peer ctx not found
[ 5961.185404] [ T8318] [schedu][0x252e1aa02a][16:12:23.303543] kiwi_v2: [8318:I:PE] Deauth TX: vdev 0 seq_num 2053 reason 3 waitForAck 1 to b0:a7:b9:**:**:b3 from 12:aa:1c:**:**:0a
[ 5961.222153] [ T8318] [schedu][0x252e256453][16:12:23.340291] kiwi_v2: [8318:I:mlme] mlme_set_chan_switch_in_progress: Set chan_switch_in_progress: 0 vdev 0
[ 5961.239416] [    C0] [soft_i][0x252e2a7189][16:12:23.357535] kiwi_v2: [0:I:TXRX] HTT_T2H_MSG_TYPE_PEER_UNMAP msg for peer id 4 vdev id 0 n
[ 5961.239510] [    C0] [soft_i][0x252e2a7752][16:12:23.357647] kiwi_v2: [0:F:DP] dp_peer_update_state: Invalid state shift from 2 to 4 peer b0:a7:b9:**:**:b3
[ 5961.239654] [ T8318] [schedu][0x252e2a84ec][16:12:23.357793] kiwi_v2: [8318:E:CMN_MLME] mlme_sr_update: Spatial Reuse disabled for vdev_id: 0
[ 5961.239969] [ T8318] [schedu][0x252e2a9c8e][16:12:23.358108] kiwi_v2: [8318:I:OSIF] wlan0(vdevid-0): 12:aa:1c:**:**:0a locally-generated disconnect b0:a7:b9:**:**:b3 cmid 0xd000002 src 5 reason:3 REASON_DEAUTH_NETWORK_LEAVING vendor:0 
[ 5961.240463] [ T8318] [schedu][0x252e2ac192][16:12:23.358601] kiwi_v2: [8318:W:SME] csr_save_to_channel_power2_g_5_g: Invalid Channel freq 5935 Present in Country IE
[ 5961.256654] [ T8318] [schedu][0x252e2f7fd2][16:12:23.374791] kiwi_v2: [8318:E:DP] dp_tx_flow_pool_unmap_handler: flow pool id: 0 is inactive, ignore unmap
[ 5961.282318] [ T1807] [wifico][0x252e370476][16:12:23.400454] kiwi_v2: [1807:I:HDD] vdev 0 destroyed successfully
[ 5961.282802] [ T8318] [schedu][0x252e3728cc][16:12:23.400938] kiwi_v2: [8318:E:WMA] Peer 12:aa:1c:**:**:0a not found
[ 5961.282842] [ T8318] [schedu][0x252e372bf1][16:12:23.400980] kiwi_v2: [8318:E:DP] dp_tx_flow_pool_unmap_handler: flow pool id: 1 is inactive, ignore unmap
[ 5961.304901] [ T1807] [wifico][0x252e3da230][16:12:23.423036] kiwi_v2: [1807:I:HDD] vdev 1 destroyed successfully
[ 5961.313856] [    T1] init: Service 'wpa_supplicant' (pid 8334) exited with status 0 oneshot service took 1720.126953 seconds in background
[ 5961.313869] [    T1] init: Sending signal 9 to service 'wpa_supplicant' (pid 8334) process group...
[ 5961.314160] [    T1] libprocessgroup: Successfully killed process cgroup uid 0 pid 8334 in 0ms
[ 5961.315726] [  T770] servicemanager: Found android.hardware.wifi.IWifi/default in device VINTF manifest.
[ 5961.333803] [ T3921] [binder][0x252e461a06][16:12:23.451941] kiwi_v2: [3921:I:HDD] wlan_hdd_state_ctrl_param_write: Wifi turning off from UI
[ 5961.333803] [ T3921] 
[ 5961.567150] [ T9384] [kworke][0x252e8a7606][16:12:23.685275] kiwi_v2: [9384:I:HDD] hdd_psoc_idle_timeout_callback: Psoc idle timeout elapsed; starting psoc shutdown
[ 5961.568220] [ T7698] [kworke][0x252e8ac575][16:12:23.686333] kiwi_v2: [7698:E:WMI] wmi_unified_unregister_event_handler: event handler is not registered: evt id 0x1d01a
[ 5961.568657] [ T8318] [schedu][0x252e8ae818][16:12:23.686795] kiwi_v2: [8318:E:SYS] Processing SYS MC STOP
[ 5961.584506] [ T7698] [kworke][0x252e8f8c9f][16:12:23.702642] kiwi_v2: [7698:I:WMI] WMI Stop
[ 5961.584515] [ T7698] [kworke][0x252e8f8d78][16:12:23.702653] kiwi_v2: [7698:I:HTC] htc_stop: endpoints cleanup
[ 5961.584515] [ T7698] 
[ 5961.584529] [ T7698] [kworke][0x252e8f8e7f][16:12:23.702667] kiwi_v2: [7698:I:HTC] htc_stop: stopping hif layer
[ 5961.584529] [ T7698] 
[ 5961.586977] [ T7698] [kworke][0x252e904613][16:12:23.705115] kiwi_v2: [7698:I:HTC] htc_stop: flush endpoints Tx lookup queue
[ 5961.586977] [ T7698] 
[ 5961.586987] [ T7698] [kworke][0x252e9046db][16:12:23.705125] kiwi_v2: [7698:I:HTC] htc_stop: resetting endpoints state
[ 5961.586987] [ T7698] 
[ 5961.601950] [ T7698] [kworke][0x252e94a8fd][16:12:23.720088] kiwi_v2: [7698:E:DP_INIT] dp_srng_deinit: 0000000000000000: Ring type: 27, num:0 not setup
[ 5961.601954] [ T7698] [kworke][0x252e94a96e][16:12:23.720093] kiwi_v2: [7698:E:DP_INIT] dp_srng_deinit: 0000000000000000: Ring type: 27, num:0 not setup
[ 5961.602411] [ T7698] [kworke][0x252e94cbc1][16:12:23.720551] kiwi_v2: [7698:I:OSIF] os_if_spectral_free_skb: Socket buffer is null, msg_type= 0
[ 5961.602414] [ T7698] [kworke][0x252e94cbeb][16:12:23.720553] kiwi_v2: [7698:I:OSIF] os_if_spectral_free_skb: Socket buffer is null, msg_type= 1
[ 5961.602415] [ T7698] [kworke][0x252e94cc0f][16:12:23.720555] kiwi_v2: [7698:I:OSIF] os_if_spectral_free_skb: Socket buffer is null, msg_type= 2
[ 5961.614888] [ T7698] [kworke][0x252e98737d][16:12:23.733027] kiwi_v2: [7698:I:HTC] htc_cleanup: Non flow ctrl enabled endpoints nbuf map: 19, unamp: 19
[ 5961.629458] [ T7698] [kworke][0x252e9cb828][16:12:23.747596] kiwi_v2: [7698:I:SPECTRAL] target_if_spectral_detach: spectral detach
[ 5961.629464] [ T7698] [kworke][0x252e9cb8b8][16:12:23.747603] kiwi_v2: [7698:I:GREEN_AP] wlan_green_ap_pdev_obj_destroy_notification: Deleting green ap pdev obj, green ap ctx: 0000000000000000, pdev: 0000000000000000
[ 5961.629467] [ T7698] [kworke][0x252e9cb8e6][16:12:23.747606] kiwi_v2: [7698:I:GREEN_AP] wlan_green_ap_pdev_obj_destroy_notification: green ap deletion successful
[ 5961.646840] [ T7698] [kworke][0x252ea1cf14][16:12:23.764968] kiwi_v2: [7698:I:IPA] ipa_component_config_free: Free the IPA config memory
[ 5961.660853] [    T1] init: Control message: Could not find 'vendor.qti.diaghal@1.0::Idiag/default' for ctl.interface_start from pid: 772 (/system/bin/hwservicemanager)
[ 5961.714863] [ T7698] msm_pcie_disable: PCIe: Assert the reset of endpoint of RC0.
[ 5961.716331] [ T7698] cnss: QMI WLFW service disconnected, state: 0x16ea0100
[ 5961.851149] [    C1] [I]focaltech: irq_num 400 trigger
[ 5962.188657] [  T956] [drm:dsi_display_set_mode [msm_drm]] [msm-dsi-info]: mdp_transfer_time=0, hactive=1080, vactive=1920, fps=120, clk_rate=0
[ 5962.189280] [  T956] [drm:dsi_ctrl_isr_configure [msm_drm]] [msm-dsi-info]: dsi-ctrl-0: IRQ 355 registered
[ 5962.192500] [  T786] type=1400 audit(1783267944.307:131846): avc:  denied  { read } for  comm="cat" name="dsi_display0" dev="sysfs" ino=127382 scontext=u:r:xsud:s0 tcontext=u:object_r:vendor_sysfs_disp_boot_param:s0 tclass=file permissive=1
[ 5962.192857] [  T786] type=1400 audit(1783267944.307:131847): avc:  denied  { open } for  comm="cat" path="/sys/module/msm_drm/parameters/dsi_display0" dev="sysfs" ino=127382 scontext=u:r:xsud:s0 tcontext=u:object_r:vendor_sysfs_disp_boot_param:s0 tclass=file permissive=1
[ 5962.224403] [  T786] type=1400 audit(1783267944.339:131848): avc:  denied  { read } for  comm="Timer-4" name="pwm1" dev="sysfs" ino=115994 scontext=u:r:system_app:s0 tcontext=u:object_r:sysfs:s0 tclass=file permissive=1
[ 5962.224472] [  T786] type=1400 audit(1783267944.339:131849): avc:  denied  { open } for  comm="Timer-4" path="/sys/devices/platform/soc/soc:pwm-fan/hwmon/hwmon0/pwm1" dev="sysfs" ino=115994 scontext=u:r:system_app:s0 tcontext=u:object_r:sysfs:s0 tclass=file permissive=1
[ 5962.224511] [  T786] type=1400 audit(1783267944.339:131850): avc:  denied  { getattr } for  comm="Timer-4" path="/sys/devices/platform/soc/soc:pwm-fan/hwmon/hwmon0/pwm1" dev="sysfs" ino=115994 scontext=u:r:system_app:s0 tcontext=u:object_r:sysfs:s0 tclass=file permissive=1
[ 5962.225705] [  T770] servicemanager: Found android.hardware.wifi.IWifi/default in device VINTF manifest.
[ 5962.226983] [  T770] servicemanager: Found android.hardware.wifi.IWifi/default in device VINTF manifest.
[ 5962.227818] [ T3921] [binder][0x252f4c0532][16:12:24.345956] kiwi_v2: [3921:I:HDD] wlan_hdd_state_ctrl_param_write: Wifi Turning On from UI
[ 5962.227818] [ T3921] 
[ 5962.227830] [ T3921] [binder][0x252f4c0583][16:12:24.345961] kiwi_v2: [3921:I:HDD] wlan_hdd_state_ctrl_param_write: is_driver_loaded 1 is_driver_recovering 0
[ 5962.227861] [ T3921] [binder][0x252f4c0882][16:12:24.346001] kiwi_v2: [3921:I:HDD] wlan_hdd_validate_modules_state: Modules not enabled, Present status: 2
[ 5962.234227] [T13839] audit: audit_lost=124687 audit_rate_limit=5 audit_backlog_limit=64
[ 5962.234231] [T13839] audit: rate limit exceeded
[ 5962.234456] [ T4367] adsp_sleepmon: Audio: num_sessions=1,num_lpi_sessions=0,timer_pending=0
[ 5962.238517] [  T770] servicemanager: Found android.hardware.wifi.IWifi/default in device VINTF manifest.
[ 5962.239207] [ T3921] [binder][0x252f4f5b75][16:12:24.357347] kiwi_v2: [3921:I:HDD] wlan_hdd_state_ctrl_param_write: Wifi Turning On from UI
[ 5962.239207] [ T3921] 
[ 5962.239212] [ T3921] [binder][0x252f4f5bcb][16:12:24.357351] kiwi_v2: [3921:I:HDD] wlan_hdd_state_ctrl_param_write: is_driver_loaded 1 is_driver_recovering 0
[ 5962.239240] [ T3921] [binder][0x252f4f5de3][16:12:24.357379] kiwi_v2: [3921:I:HDD] wlan_hdd_validate_modules_state: Modules not enabled, Present status: 2
[ 5962.240999] [ T5620] msm_pcie_enable: PCIe: Assert the reset of endpoint of RC0.
[ 5962.244743] [ T5620] msm_pcie_enable_link: PCIe: RC0: PCIE20_PARF_INT_ALL_MASK: 0x7f80d202
[ 5962.246963] [ T5620] pcie_phy_init: PCIe RC0 PHY is ready!
[ 5962.256000] [ T2124] swr-mgr wsa2_swr_ctrl: swr_mstr_interrupt: SWR CMD Ignored, fifo status 0x4000000a
[ 5962.256982] [ T5620] msm_pcie_enable_link: PCIe: Release the reset of endpoint of RC0.
[ 5962.259855] [ T2124] swr-mgr wsa2_swr_ctrl: swr_mstr_interrupt: SWR CMD Ignored, fifo status 0x40000001
[ 5962.263875] [ T2124] swr-mgr wsa2_swr_ctrl: swr_mstr_interrupt: SWR CMD Ignored, fifo status 0x4000000c
[ 5962.267896] [ T2124] swr-mgr wsa2_swr_ctrl: swr_mstr_interrupt: SWR CMD Ignored, fifo status 0x40002201
[ 5962.271646] [ T2124] swr-mgr wsa2_swr_ctrl: swr_mstr_interrupt: SWR CMD Ignored, fifo status 0x40002107
[ 5962.273392] [ T5620] msm_pcie_link_train: PCIe RC0 link initialized
[ 5962.275690] [ T2124] swr-mgr wsa2_swr_ctrl: swr_mstr_interrupt: SWR CMD Ignored, fifo status 0x40000002
[ 5962.282645] [  T956] <<SGM3804-INF>>[sgm3804_reg_init:152] reg[0] addr:0x00000000 val:0x0000000c
[ 5962.283110] [  T956] <<SGM3804-INF>>[sgm3804_reg_init:158] write reg[0] addr:0x00000000 val:0x0000000c success
[ 5962.283112] [  T956] <<SGM3804-INF>>[sgm3804_reg_init:152] reg[1] addr:0x00000001 val:0x0000000c
[ 5962.283263] [  T956] <<SGM3804-INF>>[sgm3804_reg_init:158] write reg[1] addr:0x00000001 val:0x0000000c success
[ 5962.283266] [  T956] <<SGM3804-INF>>[sgm3804_reg_init:152] reg[2] addr:0x00000003 val:0x00000003
[ 5962.283461] [  T956] <<SGM3804-INF>>[sgm3804_reg_init:158] write reg[2] addr:0x00000003 val:0x00000003 success
[ 5962.387260] [  T956] graph_product_name =  AR14
[ 5962.387438] [  T956] sy7758vgs_reg_init:I2C transfer error!
[ 5962.387605] [  T956] sy7758vgs_reg_init:I2C transfer error!
[ 5962.387771] [  T956] sy7758vgs_reg_init:I2C transfer error!
[ 5962.387936] [  T956] sy7758vgs_reg_init:I2C transfer error!
[ 5962.388099] [  T956] sy7758vgs_reg_init:I2C transfer error!
[ 5962.388262] [  T956] sy7758vgs_reg_init:I2C transfer error!
[ 5962.388424] [  T956] sy7758vgs_reg_init:I2C transfer error!
[ 5962.388585] [  T956] sy7758vgs_reg_init:I2C transfer error!
[ 5962.388747] [  T956] Read reg = 0x01 val = 0x00
[ 5962.388909] [  T956] Read reg = 0x10 val = 0x00
[ 5962.389071] [  T956] Read reg = 0x11 val = 0x00
[ 5962.389244] [  T956] Read reg = 0xa5 val = 0x00
[ 5962.389433] [  T956] Read reg = 0xa0 val = 0x00
[ 5962.389607] [  T956] Read reg = 0xa1 val = 0x00
[ 5962.389770] [  T956] Read reg = 0xa2 val = 0x00
[ 5962.389931] [  T956] Read reg = 0xa9 val = 0x00
[ 5962.390091] [  T956] Read reg = 0x02 val = 0x00
[ 5962.478709] [T12528] usb 1-2: new full-speed USB device number 10 using xhci_hcd
[ 5962.564759] [  T956] [drm:sde_dsc_create_pps_buf_cmd:505] [sde error]pic_width 1080 pic_height 1920
[ 5962.564771] [  T956] [drm:sde_dsc_create_pps_buf_cmd:512] [sde error]slice_width 540 slice_height 8
[ 5962.567546] [  T956] <I>CTS-I2CDrv Resume
[ 5962.567550] [  T956] <I>CTS-Core Resume device
[ 5962.567551] [  T956] <I>CTS-Core Reset device
[ 5962.567553] [  T956] <I>CTS-Plat Reset device
[ 5962.619595] [  T956] <I>CTS-Core Start device...
[ 5962.619621] [  T956] <I>CTS-Core Start device successfully
[ 5962.661895] [    T1] init: Control message: Could not find 'vendor.qti.diaghal@1.0::Idiag/default' for ctl.interface_start from pid: 772 (/system/bin/hwservicemanager)
[ 5962.679987] [ T1680] graph_product_name =  AR14
[ 5962.680154] [ T1680] sy7758vgs_reg_init:write reg[0] addr:0x00000001 val:0x00000085 success
[ 5962.680329] [ T1680] sy7758vgs_reg_init:write reg[1] addr:0x00000010 val:0x00000000 success
[ 5962.680504] [ T1680] sy7758vgs_reg_init:write reg[2] addr:0x00000011 val:0x00000000 success
[ 5962.680704] [ T1680] sy7758vgs_reg_init:write reg[3] addr:0x000000a5 val:0x00000064 success
[ 5962.680871] [ T1680] sy7758vgs_reg_init:write reg[4] addr:0x000000a0 val:0x00000055 success
[ 5962.681046] [ T1680] sy7758vgs_reg_init:write reg[5] addr:0x000000a1 val:0x0000009a success
[ 5962.681240] [ T1680] sy7758vgs_reg_init:write reg[6] addr:0x000000a9 val:0x00000080 success
[ 5962.681416] [ T1680] sy7758vgs_reg_init:write reg[7] addr:0x000000a2 val:0x00000028 success
[ 5962.681682] [ T1680] Read reg = 0x01 val = 0x85
[ 5962.681945] [ T1680] Read reg = 0x10 val = 0x00
[ 5962.682201] [ T1680] Read reg = 0x11 val = 0x00
[ 5962.682487] [ T1680] Read reg = 0xa5 val = 0x64
[ 5962.682756] [ T1680] Read reg = 0xa0 val = 0x55
[ 5962.683001] [ T1680] Read reg = 0xa1 val = 0x9a
[ 5962.683244] [ T1680] Read reg = 0xa2 val = 0x28
[ 5962.683487] [ T1680] Read reg = 0xa9 val = 0x80
[ 5962.683729] [ T1680] Read reg = 0x02 val = 0x3c
[ 5962.784080] [    C0] [I]focaltech: irq_num 400 trigger
[ 5962.815695] [T12528] usb 1-2: device descriptor read/64, error -71
[ 5962.861124] [ T5620] cdsp-loader soc:qcom,msm-cdsp-loader: cdsp_loader_probe: rproc not found
[ 5962.861672] [ T5620] msm_mpss: [parse_devicetree]rproc phandle not ready
[ 5962.861677] [ T5620] system_health_monitor_probe Failed to parse Device Tree
[ 5962.863809] [ T5620] cdsp-loader soc:qcom,msm-cdsp-loader: cdsp_loader_probe: rproc not found
[ 5962.864264] [  T173] qrtr: announce_servers(): Avoiding duplicate announce for NODE ID 7
[ 5962.864281] [ T5620] msm_mpss: [parse_devicetree]rproc phandle not ready
[ 5962.864285] [ T5620] system_health_monitor_probe Failed to parse Device Tree
[ 5962.864799] [ T5620] cdsp-loader soc:qcom,msm-cdsp-loader: cdsp_loader_probe: rproc not found
[ 5962.865106] [ T5620] msm_mpss: [parse_devicetree]rproc phandle not ready
[ 5962.865109] [ T5620] system_health_monitor_probe Failed to parse Device Tree
[ 5962.865569] [ T5620] cdsp-loader soc:qcom,msm-cdsp-loader: cdsp_loader_probe: rproc not found
[ 5962.866980] [ T5620] cnss: QMI WLFW service connected, state: 0x6e20141
[ 5962.882465] [ T5620] cnss: serial id  0x0 0xbee9d1b3
[ 5962.936078] [ T5620] cnss: Host BDF config: HW_XPA: 1 CalDB: 0
[ 5962.944204] [T13863] ueventd: firmware: loading 'kiwi/qdss_trace_config_perf_v2.cfg' for '/devices/platform/soc/b0000000.qcom,cnss-kiwi/firmware/kiwi!qdss_trace_config_perf_v2.cfg'
[ 5962.970380] [T13863] ueventd: firmware: could not find firmware for kiwi/qdss_trace_config_perf_v2.cfg
[ 5962.970406] [T13863] ueventd: firmware: attempted /etc/firmware/kiwi/qdss_trace_config_perf_v2.cfg, open failed: No such file or directory
[ 5962.970414] [T13863] ueventd: firmware: attempted /odm/firmware/kiwi/qdss_trace_config_perf_v2.cfg, open failed: No such file or directory
[ 5962.970422] [T13863] ueventd: firmware: attempted /vendor/firmware/kiwi/qdss_trace_config_perf_v2.cfg, open failed: No such file or directory
[ 5962.970429] [T13863] ueventd: firmware: attempted /firmware/image/kiwi/qdss_trace_config_perf_v2.cfg, open failed: No such file or directory
[ 5962.970501] [T13863] ueventd: firmware: attempted /vendor/firmware_mnt/image/kiwi/qdss_trace_config_perf_v2.cfg, open failed: No such file or directory
[ 5962.970511] [T13863] ueventd: firmware: attempted /product/vm-system/kiwi/qdss_trace_config_perf_v2.cfg, open failed: No such file or directory
[ 5962.970707] [T13863] ueventd: loading /devices/platform/soc/b0000000.qcom,cnss-kiwi/firmware/kiwi!qdss_trace_config_perf_v2.cfg took 26ms
[ 5962.986453] [ T5620] cnss: DMS QMI connection not established
[ 5963.029020] [ T5620] wlan_pld:pld_is_ipa_offload_disabled:2752:: Not supported on type 0
[ 5963.029044] [ T5620] [kworke][0x253036c122][16:12:25.147182] kiwi_v2: [5620:E:QDF] __cds_get_context: Module ID 53 context is Null (via wlan_mlme_set_epcs_capability)
[ 5963.029085] [ T5620] [kworke][0x253036c449][16:12:25.147224] kiwi_v2: [5620:E:POLICY_MGR] policy_mgr_init_cfg: max_conc_cxns 5 nan
[ 5963.029373] [ T5620] [kworke][0x253036d9cf][16:12:25.147511] kiwi_v2: [5620:E:QDF] __cds_get_context: Module ID 66 context is Null (via hdd_update_ol_config)
[ 5963.029610] [ T5620] [kworke][0x253036eb7e][16:12:25.147747] kiwi_v2: [5620:E:QDF] __cds_get_context: Module ID 66 context is Null (via cds_open)
[ 5963.032619] [ T5620] [kworke][0x253037cd11][16:12:25.150755] kiwi_v2: [5620:I:WMA] wma_open: WMA --> wmi_unified_attach - success
[ 5963.035185] [ T5620] [kworke][0x2530388db3][16:12:25.153324] kiwi_v2: [5620:E:QDF] htc_wait_target: Target Ready! TX resource : 1 size:2176, MaxMsgsPerHTCBundle = 1
[ 5963.035190] [ T5620] [kworke][0x2530388e1a][16:12:25.153329] kiwi_v2: [5620:E:QDF] htc_setup_target_buffer_assignments: SVS Index : 1 TX : 0x100 : alloc:1
[ 5963.037042] [ T5620] [kworke][0x2530391906][16:12:25.155181] kiwi_v2: [5620:E:QDF] dp_tx_mon_soc_attach_2_0: dp_tx_mon_soc_attach_2_0:1626 tx mon buf entries: 4096
[ 5963.037069] [ T5620] [kworke][0x2530391b0b][16:12:25.155208] kiwi_v2: [5620:E:QDF] dp_tx_mon_buf_desc_pool_alloc: dp_tx_mon_buf_desc_pool_alloc:409 tx mon buf desc pool entries: 4096
[ 5963.041492] [ T5620] [kworke][0x25303a66c7][16:12:25.159631] kiwi_v2: [5620:I:scan] scm_channel_list_db_init: min_freq 5935 max_freq 7115
[ 5963.051152] [ T7698] [kworke][0x25303d3b20][16:12:25.169289] kiwi_v2: [7698:I:WMA] wma_rx_service_ready_event: Firmware build version : 20060a8e
[ 5963.051165] [ T7698] [kworke][0x25303d3c3e][16:12:25.169304] kiwi_v2: [7698:I:WMA] wma_rx_service_ready_event: Board id: 0, Board version: 8 0 0 0 1
[ 5963.052410] [ T7698] [kworke][0x25303d9981][16:12:25.170547] kiwi_v2: [7698:E:WMA] wma_update_supported_bands: wrong supported band
[ 5963.052539] [ T7698] [kworke][0x25303da348][16:12:25.170678] kiwi_v2: [7698:I:WMI] extract_hw_bdf_status: BDF VER is 0, FW and BDF ver check skipped
[ 5963.162327] [T13760] [kworke][0x25305dcd39][16:12:25.280464] kiwi_v2: [13760:I:WMI] ready_extract_init_status_tlv: ready_extract_init_status_tlv:0
[ 5963.162383] [T13760] [kworke][0x25305dd19b][16:12:25.280522] kiwi_v2: [13760:E:QDF] __cds_get_context: Module ID 65 context is Null (via wma_set_tx_partition_base)
[ 5963.162386] [T13760] [kworke][0x25305dd1d2][16:12:25.280525] kiwi_v2: [13760:F:DP] cdp_ipa_set_uc_tx_partition_base invalid instance
[ 5963.163422] [T13760] [kworke][0x25305e1f58][16:12:25.281558] kiwi_v2: [13760:E:REGULATORY] reg_set_keep_6ghz_sta_cli_connection: pdev reg component is NULL
[ 5963.163708] [T13760] [kworke][0x25305e34f9][16:12:25.281847] kiwi_v2: [13760:E:REGULATORY] reg_send_scheduler_msg_nb: hlos not initialized
[ 5963.163722] [T13760] [kworke][0x25305e3607][16:12:25.281861] kiwi_v2: [13760:I:dfs] WLAN_DEBUG_DFS_ALWAYS : wlan_dfs_pdev_obj_create_notification: dfs_bangradar_320_support 0
[ 5963.163726] [T13760] [kworke][0x25305e3656][16:12:25.281865] kiwi_v2: [13760:I:dfs] WLAN_DEBUG_DFS_ALWAYS : dfs_set_nol_subchannel_marking: NOL subchannel marking is set 
[ 5963.163735] [T13760] [kworke][0x25305e3702][16:12:25.281874] kiwi_v2: [13760:I:SPECTRAL] null_get_capability: SPECTRAL : get_capability not registered
[ 5963.163735] [T13760] 
[ 5963.163737] [T13760] [kworke][0x25305e3728][16:12:25.281876] kiwi_v2: [13760:I:SPECTRAL] target_if_pdev_spectral_init: HAL_CAP_PHYDIAG : Capable
[ 5963.163739] [T13760] [kworke][0x25305e374c][16:12:25.281878] kiwi_v2: [13760:I:SPECTRAL] null_get_capability: SPECTRAL : get_capability not registered
[ 5963.163739] [T13760] 
[ 5963.163740] [T13760] [kworke][0x25305e376c][16:12:25.281879] kiwi_v2: [13760:I:SPECTRAL] target_if_pdev_spectral_init: HAL_CAP_RADAR   : Capable
[ 5963.163741] [T13760] [kworke][0x25305e3786][16:12:25.281881] kiwi_v2: [13760:I:SPECTRAL] null_get_capability: SPECTRAL : get_capability not registered
[ 5963.163741] [T13760] 
[ 5963.163743] [T13760] [kworke][0x25305e37a8][16:12:25.281883] kiwi_v2: [13760:I:SPECTRAL] target_if_pdev_spectral_init: HAL_CAP_SPECTRAL_SCAN : Capable
[ 5963.163745] [T13760] [kworke][0x25305e37cd][16:12:25.281884] kiwi_v2: [13760:I:SPECTRAL] null_get_tsf64: SPECTRAL : get_tsf64 not registered
[ 5963.163745] [T13760] 
[ 5963.163767] [T13760] [kworke][0x25305e3974][16:12:25.281907] kiwi_v2: [13760:I:GREEN_AP] wlan_green_ap_pdev_obj_create_notification: Green AP creation successful, green ap ctx: 0000000000000000, pdev: 0000000000000000
[ 5963.164671] [T13760] [kworke][0x25305e7d3b][16:12:25.282810] kiwi_v2: [13760:E:CFR] cfr_streamfs_init: Directory create failed
[ 5963.164676] [T13760] [kworke][0x25305e7d90][16:12:25.282815] kiwi_v2: [13760:E:CFR] wlan_cfr_pdev_open: cfr_streamfs_init failed with 16
[ 5963.164676] [T13760] 
[ 5963.164692] [T13760] [kworke][0x25305e7ed3][16:12:25.282831] kiwi_v2: [13760:I:REGULATORY] reg_set_band: same band 7
[ 5963.164697] [T13760] [kworke][0x25305e7f37][16:12:25.282837] kiwi_v2: [13760:I:HDD] hdd_intersect_igmp_offload_setting: fw cap to handle igmp 1 igmp_offload_enable ini 0
[ 5963.164741] [T12528] usb 1-2: New USB device found, idVendor=4001, idProduct=0428, bcdDevice= 1.00
[ 5963.164750] [T12528] usb 1-2: New USB device strings: Mfr=1, Product=2, SerialNumber=3
[ 5963.164754] [T12528] usb 1-2: Product: AYANEO Controller
[ 5963.164757] [T12528] usb 1-2: SerialNumber: USB HID
[ 5963.164789] [T13760] [kworke][0x25305e8615][16:12:25.282928] kiwi_v2: [13760:I:GREEN_AP] target_if_green_ap_register_egap_event_handler: Set the Enhance Green AP event handler
[ 5963.165716] [ T5620] [kworke][0x25305ecb61][16:12:25.283852] kiwi_v2: [5620:I:WMA] wma_wait_for_ready_event: FW ready event received
[ 5963.166130] [ T5620] [kworke][0x25305eeaa9][16:12:25.284269] kiwi_v2: [5620:I:IPA] ipa_register_is_ipa_ready: No. of instances added for IPA is 1
[ 5963.166196] [ T5620] [kworke][0x25305eef9d][16:12:25.284335] kiwi_v2: [5620:I:SYS] Creating periodic timer for OLBC UPDATE CACHE TIMEOUT
[ 5963.166196] [ T5620] 
[ 5963.167904] [ T5620] [kworke][0x25305f6faf][16:12:25.286043] kiwi_v2: [5620:I:DIRECT_BUF_RX] target_if_direct_buf_rx_register_events: DBR Handler Context 1
[ 5963.190032] [ T5620] [kworke][0x253065eb46][16:12:25.308171] kiwi_v2: [5620:E:fwol] ucfg_fwol_send_get_thermal_stats_cmd: Command Disabled in Ini gThermalStatsTempOffset 5 or not enabled in FW 0
[ 5963.190036] [ T5620] [kworke][0x253065eb9a][16:12:25.308175] kiwi_v2: [5620:E:OSIF] os_if_fwol_get_thermal_stats_req: Failed to send get thermal stats cmd to FW, 4
[ 5963.190861] [ T3921] [binder][0x2530662978][16:12:25.309000] kiwi_v2: [3921:E:MLO_MGR] mlo_mgr_ml_peer_exist_on_diff_ml_ctx: MLD ID 0 exists with mac 12:aa:1c:**:**:0a
[ 5963.191659] [ T3921] [binder][0x2530666541][16:12:25.309797] kiwi_v2: [3921:E:HDD] hdd_sysfs_bmiss_create: could not create bmiss sysfs file
[ 5963.199953] [  T786] type=1400 audit(1783267945.315:132069): avc:  denied  { getattr } for  comm="DefaultDispatch" path="/dev/ttyHS5" dev="tmpfs" ino=1196 scontext=u:r:system_app:s0 tcontext=u:object_r:device:s0 tclass=chr_file permissive=1
[ 5963.202327] [  T770] servicemanager: Found android.hardware.wifi.IWifi/default in device VINTF manifest.
[ 5963.202978] [ T1507] [binder][0x253069b62e][16:12:25.321117] kiwi_v2: [1507:E:HDD] hdd_convert_nl80211_to_reg_band_mask: band: 2 not supported
[ 5963.206033] [  T770] servicemanager: Found android.hardware.wifi.IWifi/default in device VINTF manifest.
[ 5963.207367] [  T770] servicemanager: Found android.hardware.wifi.IWifi/default in device VINTF manifest.
[ 5963.208414] [  T770] servicemanager: Found android.hardware.wifi.IWifi/default in device VINTF manifest.
[ 5963.208846] [  T770] servicemanager: Found android.hardware.wifi.IWifi/default in device VINTF manifest.
[ 5963.213395] [ T3921] [binder][0x25306cc373][16:12:25.331533] kiwi_v2: [3921:E:HDD] hdd_convert_nl80211_to_reg_band_mask: band: 2 not supported
[ 5963.213401] [ T3921] [binder][0x25306cc3f4][16:12:25.331540] kiwi_v2: [3921:E:REGULATORY] reg_get_band_from_cur_chan_list: Failed to retrieve the channel list
[ 5963.213405] [ T3921] [binder][0x25306cc447][16:12:25.331544] kiwi_v2: [3921:E:HDD] hdd_send_usable_channel: No data requested
[ 5963.213406] [ T3921] [binder][0x25306cc460][16:12:25.331545] kiwi_v2: [3921:E:HDD] __wlan_hdd_cfg80211_get_usable_channel: failed to send usable_channels
[ 5963.216058] [    T1] init: starting service 'wpa_supplicant'...
[ 5963.216938] [    T1] init: Created socket '/dev/socket/wpa_wlan0', mode 660, user 1010, group 1010
[ 5963.219456] [    T1] init: ... started service 'wpa_supplicant' has pid 13878
[ 5963.219472] [    T1] init: Control message: Processed ctl.interface_start for 'aidl/android.hardware.wifi.supplicant.ISupplicant/default' from pid: 770 (/system/bin/servicemanager)
[ 5963.222909] [  T786] type=1400 audit(1783267945.339:132070): avc:  denied  { read } for  comm="Timer-4" name="pwm1" dev="sysfs" ino=115994 scontext=u:r:system_app:s0 tcontext=u:object_r:sysfs:s0 tclass=file permissive=1
[ 5963.222943] [  T786] type=1400 audit(1783267945.339:132071): avc:  denied  { open } for  comm="Timer-4" path="/sys/devices/platform/soc/soc:pwm-fan/hwmon/hwmon0/pwm1" dev="sysfs" ino=115994 scontext=u:r:system_app:s0 tcontext=u:object_r:sysfs:s0 tclass=file permissive=1
[ 5963.222956] [  T786] type=1400 audit(1783267945.339:132072): avc:  denied  { getattr } for  comm="Timer-4" path="/sys/devices/platform/soc/soc:pwm-fan/hwmon/hwmon0/pwm1" dev="sysfs" ino=115994 scontext=u:r:system_app:s0 tcontext=u:object_r:sysfs:s0 tclass=file permissive=1
[ 5963.229383] [  T786] type=1400 audit(1783267945.343:132073): avc:  denied  { read } for  comm="top" name="pid_max" dev="proc" ino=1373408 scontext=u:r:system_app:s0 tcontext=u:object_r:proc_pid_max:s0 tclass=file permissive=1
[ 5963.259015] [T12528] input: AYANEO Controller as /devices/platform/soc/1c08000.qcom,pcie/pci0001:00/0001:00:00.0/0001:01:00.0/usb1/1-2/1-2:1.0/0003:4001:0428.0009/input/input24
[ 5963.263651] [T13883] audit: audit_lost=125028 audit_rate_limit=5 audit_backlog_limit=64
[ 5963.263655] [T13883] audit: rate limit exceeded
[ 5963.265712] [T13878] [wpa_su][0x25307c174b][16:12:25.383851] kiwi_v2: [13878:E:HDD] hdd_config_power: power attr and opm attr is null
[ 5963.268149] [ T3921] [binder][0x25307cce00][16:12:25.386287] kiwi_v2: [3921:E:HDD] hdd_convert_nl80211_to_reg_band_mask: band: 2 not supported
[ 5963.273209] [ T3921] [binder][0x25307e4989][16:12:25.391348] kiwi_v2: [3921:E:OSIF] wlan_hdd_set_station_stats_request_pending: peer is null
[ 5963.315091] [T12528] aya_haptic 0003:4001:0428.0009: input,hidraw0: USB HID v1.11 Gamepad [AYANEO Controller] on usb-0001:01:00.0-2/input0
[ 5963.315435] [T12528] input: AYANEO Controller aya_haptic as /devices/platform/soc/1c08000.qcom,pcie/pci0001:00/0001:00:00.0/0001:01:00.0/usb1/1-2/1-2:1.0/0003:4001:0428.0009/input/input25
[ 5963.315685] [T12528] aya_haptic 0003:4001:0428.0009: aya_haptic init done
[ 5963.315689] [T12528] aya_haptic 0003:4001:0428.0009: aya_haptic probe done
[ 5963.316400] [T13760] msm_mpss: [parse_devicetree]rproc phandle not ready
[ 5963.316405] [T13760] system_health_monitor_probe Failed to parse Device Tree
[ 5963.317300] [T13760] cdsp-loader soc:qcom,msm-cdsp-loader: cdsp_loader_probe: rproc not found
[ 5963.356258] [ T3921] [binder][0x2530969dbc][16:12:25.474390] kiwi_v2: [3921:E:DP] dp_tx_flow_pool_unmap_handler: flow pool id: 0 is inactive, ignore unmap
[ 5963.357902] [ T3921] [binder][0x253097196a][16:12:25.476039] kiwi_v2: [3921:E:DP] dp_tx_flow_pool_unmap_handler: flow pool id: 1 is inactive, ignore unmap
[ 5963.379653] [ T3921] [binder][0x25309d78de][16:12:25.497792] kiwi_v2: [3921:E:OSIF] wlan_hdd_set_station_stats_request_pending: peer is null
[ 5963.411543] [T13865] [schedu][0x2530a6d081][16:12:25.529681] kiwi_v2: [13865:I:OSIF] scan start scan id 40961
[ 5963.544623] [T13865] [schedu][0x2530cdcd80][16:12:25.662760] kiwi_v2: [13865:I:OSIF] vdev 0, scan id 40961 type COMPLETED(1) reason COMPLETED(1) scan found 13 bss
[ 5963.555259] [ T3921] [binder][0x2530d0eb2a][16:12:25.673396] kiwi_v2: [3921:E:OSIF] wlan_hdd_set_station_stats_request_pending: peer is null
[ 5963.584291] [ T3921] [binder][0x2530d96cb0][16:12:25.702430] kiwi_v2: [3921:E:DP] dp_tx_flow_pool_unmap_handler: flow pool id: 0 is inactive, ignore unmap
[ 5963.585824] [ T3921] [binder][0x2530d9df92][16:12:25.703961] kiwi_v2: [3921:E:DP] dp_tx_flow_pool_unmap_handler: flow pool id: 1 is inactive, ignore unmap
[ 5963.616257] [T13865] [schedu][0x2530e2ca09][16:12:25.734394] kiwi_v2: [13865:I:CMN_MLME] vdev 0 cm_id 0xc000001: Connecting to HOMENET b0:a7:b9:**:**:b3 rssi: -34 freq: 5220 akm 0x800 cipher: uc 0x8 mc 0x8, wps 0 osen 0 force RSN 0 CC: US
[ 5963.617023] [T13865] [schedu][0x2530e3029f][16:12:25.735149] kiwi_v2: [13865:I:WMI] vdev_start_add_mlo_params: mlo_flags 0x0 emlsr_support 0 
[ 5963.617035] [T13865] [schedu][0x2530e3046b][16:12:25.735173] kiwi_v2: [13865:I:WMI] send_vdev_start_cmd_tlv: vdev_id 0 freq 5220 chanmode 18 ch_info: 0x12 is_dfs 0 beacon interval 100 dtim 0 center_chan 5210 center_freq2 0 reg_info_1: 0x180000 reg_info_2: 0x1800, req->max_txpow: 0x18 Tx SS 2, Rx SS 2, ldpc_rx: 0, cac 0, regd 1, HE ops: 0req->dis_hw_ack: 0 
[ 5963.617041] [T13865] [schedu][0x2530e304ec][16:12:25.735179] kiwi_v2: [13865:I:WMI] vdev_start_cmd_fill_11be: EHT ops: 0 puncture_bitmap 0 wmi cmd puncture bitmap ffffffff
[ 5963.663373] [    T1] init: Control message: Could not find 'vendor.qti.diaghal@1.0::Idiag/default' for ctl.interface_start from pid: 772 (/system/bin/hwservicemanager)
[ 5963.739808] [T13865] [schedu][0x253106fc47][16:12:25.857944] kiwi_v2: [13865:I:PE] Auth TX: vdev 0 seq 1 seq num 2049 status 0 WEP 0 to b0:a7:b9:**:**:b3
[ 5963.742903] [T13865] [schedu][0x253107e46d][16:12:25.861040] kiwi_v2: [13865:I:PE] Auth TX: success (0)
[ 5963.744786] [T13865] [schedu][0x25310871a8][16:12:25.862923] kiwi_v2: [13865:I:PE] Auth RX: vdev 0 sys role 2 lim_state 5 from b0:a7:b9:**:**:b3 rssi -34 auth_alg 0 seq 0
[ 5963.745021] [T13865] [schedu][0x253108834a][16:12:25.863158] kiwi_v2: [13865:I:PE] Assoc req TX: vdev 0 to b0:a7:b9:**:**:b3 seq num 2050
[ 5963.747395] [T13865] [schedu][0x2531093555][16:12:25.865532] kiwi_v2: [13865:I:PE] Assoc req TX: success (0)
[ 5963.749485] [T13865] [schedu][0x253109d215][16:12:25.867622] kiwi_v2: [13865:I:PE] Assoc rsp RX: subtype 0 vdev 0 sys role 2 lim state 10 rssi -34 from b0:a7:b9:**:**:b3
[ 5963.749838] [T13865] [schedu][0x253109ec8d][16:12:25.867975] kiwi_v2: [13865:E:PE] lim_extract_msd_caps: mlo peer ctx is null
[ 5963.758277] [T13865] [schedu][0x25310c6590][16:12:25.876415] kiwi_v2: [13865:E:CMN_MLME] mlme_sr_update: Spatial Reuse disabled for vdev_id: 0
[ 5963.759317] [T13865] [schedu][0x25310cb377][16:12:25.877453] kiwi_v2: [13865:I:CMN_MLME] cm_roam_switch_to_init: dual_sta_roam_active:1, sta concurrency on different mac:0, state:0
[ 5963.759332] [T13865] [schedu][0x25310cb4b1][16:12:25.877470] kiwi_v2: [13865:I:CMN_MLME] cm_roam_switch_to_init: STA + STA concurrency with a primary iface, have roaming enabled on both interfaces
[ 5963.759460] [T13865] [schedu][0x25310cbe48][16:12:25.877598] kiwi_v2: [13865:I:OSIF] wlan0(vdevid-0): 12:aa:1c:**:**:0a Connect with b0:a7:b9:**:**:b3 "HOMENET" is SUCCESS, cmid 0xc000001 
[ 5963.761312] [T13867] [dp_rx_][0x25310d4903][16:12:25.879448] kiwi_v2: [13867:I:QDF] EAPOL-1 RX: SA:b0:a7:b9:**:**:b3 DA:12:aa:1c:**:**:0a
[ 5963.769511] [    C2] [soft_i][0x25310fb00f][16:12:25.887648] kiwi_v2: [0:E:DP] dp_tx_update_peer_stats: Release source:3 is not from TQM
[ 5963.769519] [    C2] [soft_i][0x25310fb0c7][16:12:25.887658] kiwi_v2: [0:I:QDF] EAPOL-2 TX: SA:12:aa:1c:**:**:0a DA:b0:a7:b9:**:**:b3 msdu_id:0 status: succ
[ 5963.771801] [T13867] [dp_rx_][0x2531105bbe][16:12:25.889938] kiwi_v2: [13867:I:QDF] EAPOL-3 RX: SA:b0:a7:b9:**:**:b3 DA:12:aa:1c:**:**:0a
[ 5963.786463] [    C2] [soft_i][0x253114a783][16:12:25.904601] kiwi_v2: [0:I:QDF] EAPOL-4 TX: SA:12:aa:1c:**:**:0a DA:b0:a7:b9:**:**:b3 msdu_id:0 status: succ
[ 5963.790980] [T13760] [kworke][0x253115fa57][16:12:25.909118] kiwi_v2: [13760:E:OSIF] osif_twt_enable_complete_cb: obsolete request
[ 5963.790989] [T13760] [kworke][0x253115fb0e][16:12:25.909128] kiwi_v2: [13760:E:OSIF] osif_twt_enable_complete_cb: obsolete request
[ 5963.844377] [ T1892] cnss-daemon: Invalid mac address
[ 5963.844396] [ T1892] cnss-daemon: failed to update gateway
[ 5963.855511] [ T3921] [binder][0x253128e21b][16:12:25.973649] kiwi_v2: [3921:E:HDD] hdd_config_power: power attr and opm attr is null
[ 5963.856522] [T13865] [schedu][0x2531292de1][16:12:25.974659] kiwi_v2: [13865:E:WMA] wma_process_dhcp_ind: Failed to find vdev id for DHCP indication
[ 5963.856577] [T13878] [wpa_su][0x2531293211][16:12:25.974715] kiwi_v2: [13878:E:TWT] wlan_twt_is_setup_done: Peer object not found 00:00:00:**:**:00
[ 5963.873007] [    C2] [soft_i][0x25312e024d][16:12:25.991145] kiwi_v2: [0:I:QDF] DHCP-R TX: SA:12:aa:1c:**:**:0a DA:ff:ff:ff:**:**:ff msdu_id:0 status: succ
[ 5963.888497] [T13867] [dp_rx_][0x2531328bd1][16:12:26.006632] kiwi_v2: [13867:I:QDF] DHCP-A RX: SA:78:8c:b5:**:**:25 DA:12:aa:1c:**:**:0a
[ 5963.890431] [T13865] [schedu][0x2531331d0d][16:12:26.008568] kiwi_v2: [13865:E:WMA] wma_process_dhcp_ind: Failed to find vdev id for DHCP indication
[ 5963.971718] [T13867] [dp_rx_][0x25314aed77][16:12:26.089854] kiwi_v2: [13867:I:QDF] DHCP-R RX: SA:12:aa:1c:**:**:0a DA:ff:ff:ff:**:**:ff
[ 5964.284990] [T13935] audit: audit_lost=125296 audit_rate_limit=5 audit_backlog_limit=64
[ 5964.284998] [T13935] audit: rate limit exceeded
[ 5964.622782] [T22453] adsp_sleepmon: Audio: num_sessions=0,num_lpi_sessions=0,timer_pending=1
[ 5964.664592] [    T1] init: Control message: Could not find 'vendor.qti.diaghal@1.0::Idiag/default' for ctl.interface_start from pid: 772 (/system/bin/hwservicemanager)
[ 5964.698067] [ T1892] cnss-daemon: Invalid mac address
[ 5964.698126] [ T1892] cnss-daemon: failed to update gateway
[ 5964.703525] [ T3921] [binder][0x2532215327][16:12:26.821663] kiwi_v2: [3921:E:HDD] hdd_config_power: power attr and opm attr is null
[ 5965.482436] [T13968] audit: audit_lost=125379 audit_rate_limit=5 audit_backlog_limit=64
[ 5965.482441] [T13968] audit: rate limit exceeded
[ 5965.666874] [    T1] init: Control message: Could not find 'vendor.qti.diaghal@1.0::Idiag/default' for ctl.interface_start from pid: 772 (/system/bin/hwservicemanager)
[ 5966.193092] [T31602] [kworke][0x2533d5b8b5][16:12:28.311230] kiwi_v2: [31602:I:PMO] pmo_core_enable_wow_in_fw: drv wow is enabled
[ 5966.253108] [T31602] [kworke][0x2533e74de8][16:12:28.371246] kiwi_v2: [31602:I:PMO] pmo_core_psoc_send_host_wakeup_ind_to_fw: Host wakeup indication sent to fw
[ 5966.490458] [T13973] audit: audit_lost=125394 audit_rate_limit=5 audit_backlog_limit=64
[ 5966.490464] [T13973] audit: rate limit exceeded
[ 5966.667565] [    T1] init: Control message: Could not find 'vendor.qti.diaghal@1.0::Idiag/default' for ctl.interface_start from pid: 772 (/system/bin/hwservicemanager)
[ 5966.855079] [T31602] [kworke][0x253497a9bf][16:12:28.973217] kiwi_v2: [31602:I:PMO] pmo_core_enable_wow_in_fw: drv wow is enabled
[ 5966.895259] [T31602] [kworke][0x2534a36e0f][16:12:29.013381] kiwi_v2: [31602:I:PMO] pmo_core_psoc_send_host_wakeup_ind_to_fw: Host wakeup indication sent to fw
[ 5967.463971] [    C1] [soft_i][0x25354a0c4b][16:12:29.582105] kiwi_v2: [0:E:DP] dp_tx_update_peer_stats: Release source:3 is not from TQM
[ 5967.468529] [ T1892] cnss-daemon: Invalid mac address
[ 5967.468558] [ T1892] cnss-daemon: failed to update gateway
[ 5967.584425] [  T840] wcd-usbss-i2c-driver 1-000e: wcd_usbss_is_in_reset_state: Surge check #3 failed
[ 5967.668911] [    T1] init: Control message: Could not find 'vendor.qti.diaghal@1.0::Idiag/default' for ctl.interface_start from pid: 772 (/system/bin/hwservicemanager)
[ 5968.092032] [T12528] [kworke][0x2536020bef][16:12:30.210153] kiwi_v2: [12528:I:PMO] pmo_core_enable_wow_in_fw: drv wow is enabled
[ 5968.219276] [  T786] type=1400 audit(1783267950.335:132603): avc:  denied  { read } for  comm="Timer-4" name="pwm1" dev="sysfs" ino=115994 scontext=u:r:system_app:s0 tcontext=u:object_r:sysfs:s0 tclass=file permissive=1
[ 5968.219384] [  T786] type=1400 audit(1783267950.335:132604): avc:  denied  { open } for  comm="Timer-4" path="/sys/devices/platform/soc/soc:pwm-fan/hwmon/hwmon0/pwm1" dev="sysfs" ino=115994 scontext=u:r:system_app:s0 tcontext=u:object_r:sysfs:s0 tclass=file permissive=1
[ 5968.219420] [  T786] type=1400 audit(1783267950.335:132605): avc:  denied  { getattr } for  comm="Timer-4" path="/sys/devices/platform/soc/soc:pwm-fan/hwmon/hwmon0/pwm1" dev="sysfs" ino=115994 scontext=u:r:system_app:s0 tcontext=u:object_r:sysfs:s0 tclass=file permissive=1
[ 5968.229432] [T14005] audit: audit_lost=125419 audit_rate_limit=5 audit_backlog_limit=64
[ 5968.229437] [T14005] audit: rate limit exceeded
[ 5968.229629] [  T786] type=1400 audit(1783267950.343:132606): avc:  denied  { read } for  comm="top" scontext=u:r:system_app:s0 tcontext=u:r:vendor_hal_keymint_qti:s0 tclass=file permissive=1
[ 5968.229739] [  T786] type=1400 audit(1783267950.343:132607): avc:  denied  { read } for  comm="top" scontext=u:r:system_app:s0 tcontext=u:r:vendor_hal_qseecom_default:s0 tclass=file permissive=1
[ 5968.670073] [    T1] init: Control message: Could not find 'vendor.qti.diaghal@1.0::Idiag/default' for ctl.interface_start from pid: 772 (/system/bin/hwservicemanager)
[ 5969.228426] [  T786] type=1400 audit(1783267951.343:132676): avc:  denied  { read } for  comm="top" scontext=u:r:system_app:s0 tcontext=u:r:vendor_hal_qesdhal_default:s0 tclass=file permissive=1
[ 5969.228541] [  T786] type=1400 audit(1783267951.343:132677): avc:  denied  { read } for  comm="top" scontext=u:r:system_app:s0 tcontext=u:r:vendor_qesdsect:s0 tclass=file permissive=1
[ 5969.228578] [  T786] type=1400 audit(1783267951.343:132678): avc:  denied  { read } for  comm="top" scontext=u:r:system_app:s0 tcontext=u:r:vendor_hal_capabilityconfigstore_qti_default:s0 tclass=file permissive=1
[ 5969.229137] [  T786] type=1400 audit(1783267951.343:132679): avc:  denied  { getattr } for  comm="top" path="/proc/1080" dev="proc" ino=1372808 scontext=u:r:system_app:s0 tcontext=u:r:vendor_hal_keymint_spu_qti:s0 tclass=dir permissive=1
[ 5969.229183] [  T786] type=1400 audit(1783267951.343:132680): avc:  denied  { search } for  comm="top" name="1080" dev="proc" ino=1372808 scontext=u:r:system_app:s0 tcontext=u:r:vendor_hal_keymint_spu_qti:s0 tclass=dir permissive=1
[ 5969.482688] [T14020] audit: audit_lost=125498 audit_rate_limit=5 audit_backlog_limit=64
[ 5969.482695] [T14020] audit: rate limit exceeded
[ 5969.630652] [  T808] adsp_sleepmon: timer_event = 1,suspend_event = 0
[ 5969.671040] [    T1] init: Control message: Could not find 'vendor.qti.diaghal@1.0::Idiag/default' for ctl.interface_start from pid: 772 (/system/bin/hwservicemanager)
[ 5970.377054] [T31602] [kworke][0x25389f7df5][16:12:32.495193] kiwi_v2: [31602:I:PMO] pmo_core_psoc_send_host_wakeup_ind_to_fw: Host wakeup indication sent to fw
[ 5970.486681] [T14025] audit: audit_lost=125553 audit_rate_limit=5 audit_backlog_limit=64
[ 5970.486687] [T14025] audit: rate limit exceeded
[ 5970.672099] [    T1] init: Control message: Could not find 'vendor.qti.diaghal@1.0::Idiag/default' for ctl.interface_start from pid: 772 (/system/bin/hwservicemanager)
[ 5971.014555] [T31602] [kworke][0x25395a41c9][16:12:33.132684] kiwi_v2: [31602:I:PMO] pmo_core_enable_wow_in_fw: drv wow is enabled
[ 5971.040272] [T31602] [kworke][0x253961cb34][16:12:33.158410] kiwi_v2: [31602:E:PMO] pmo_core_enable_wow_in_fw: FW not ready to WOW reason code: 7
[ 5971.698453] [  T770] servicemanager: Found vendor.qti.hardware.perf2.IPerf/default in device VINTF manifest.
[ 5971.704248] [    T1] init: Control message: Could not find 'vendor.qti.diaghal@1.0::Idiag/default' for ctl.interface_start from pid: 772 (/system/bin/hwservicemanager)
[ 5971.704865] [    T1] init: Control message: Could not find 'vendor.qti.diaghal@1.0::Idiag/default' for ctl.interface_start from pid: 772 (/system/bin/hwservicemanager)
[ 5972.214951] [T13331] audit: audit_lost=125613 audit_rate_limit=5 audit_backlog_limit=64
[ 5972.214961] [T13331] audit: rate limit exceeded
[ 5972.369201] [T14039] [kworke][0x253ae720f5][16:12:34.487340] kiwi_v2: [14039:I:PMO] pmo_core_enable_wow_in_fw: drv wow is enabled
[ 5972.705617] [    T1] init: Control message: Could not find 'vendor.qti.diaghal@1.0::Idiag/default' for ctl.interface_start from pid: 772 (/system/bin/hwservicemanager)
[ 5973.093219] [T12528] [kworke][0x253bbb3e0b][16:12:35.211354] kiwi_v2: [12528:I:PMO] pmo_core_psoc_send_host_wakeup_ind_to_fw: Host wakeup indication sent to fw
[ 5973.101941] [    C1] [soft_i][0x253bbdcbeb][16:12:35.220073] kiwi_v2: [0:I:WMA] WLAN triggered wakeup: BPF_ALLOW (39), vdev: 0 (STA)
[ 5973.102143] [    C1] [soft_i][0x253bbddb5a][16:12:35.220279] kiwi_v2: [0:I:WMA] wma_wake_event_packet: Wake event packet:
[ 5973.225967] [T14271] audit: audit_lost=125798 audit_rate_limit=5 audit_backlog_limit=64
[ 5973.225972] [T14271] audit: rate limit exceeded
[ 5973.484075] [  T786] type=1400 audit(1783267955.599:133036): avc:  denied  { open } for  comm="top" path="/proc/1405/stat" dev="proc" ino=1368045 scontext=u:r:system_app:s0 tcontext=u:r:hal_power_default:s0 tclass=file permissive=1
[ 5973.708164] [    T1] init: Control message: Could not find 'vendor.qti.diaghal@1.0::Idiag/default' for ctl.interface_start from pid: 772 (/system/bin/hwservicemanager)
[ 5974.034164] [T12528] [kworke][0x253ccee8d4][16:12:36.152298] kiwi_v2: [12528:I:PMO] pmo_core_enable_wow_in_fw: drv wow is enabled
[ 5974.220964] [  T786] type=1400 audit(1783267956.335:133037): avc:  denied  { read } for  comm="top" scontext=u:r:system_app:s0 tcontext=u:r:vendor_hal_identity_qti:s0 tclass=file permissive=1
[ 5974.221177] [  T786] type=1400 audit(1783267956.335:133038): avc:  denied  { read } for  comm="top" scontext=u:r:system_app:s0 tcontext=u:r:vendor_hal_usb_qti:s0 tclass=file permissive=1
[ 5974.221287] [  T786] type=1400 audit(1783267956.335:133039): avc:  denied  { read } for  comm="top" scontext=u:r:system_app:s0 tcontext=u:r:vendor_qspmsvc:s0 tclass=file permissive=1
[ 5974.221393] [  T786] type=1400 audit(1783267956.335:133040): avc:  denied  { getattr } for  comm="top" path="/proc/1397" dev="proc" ino=1372810 scontext=u:r:system_app:s0 tcontext=u:r:vendor_hal_identity_qti:s0 tclass=dir permissive=1
[ 5974.257891] [T14290] audit: audit_lost=125839 audit_rate_limit=5 audit_backlog_limit=64
[ 5974.257895] [T14290] audit: rate limit exceeded
[ 5974.710819] [    T1] init: Control message: Could not find 'vendor.qti.diaghal@1.0::Idiag/default' for ctl.interface_start from pid: 772 (/system/bin/hwservicemanager)
[ 5974.793765] [  T786] type=1400 audit(1783267956.907:133083): avc:  denied  { dac_read_search } for  comm="sh" capability=2  scontext=u:r:xsud:s0 tcontext=u:r:xsud:s0 tclass=capability permissive=1
[ 5974.793905] [  T786] type=1400 audit(1783267956.907:133084): avc:  denied  { search } for  comm="sh" name="0" dev="tmpfs" ino=12 scontext=u:r:xsud:s0 tcontext=u:object_r:mnt_user_file:s0 tclass=dir permissive=1
[ 5974.793985] [  T786] type=1400 audit(1783267956.907:133085): avc:  denied  { read } for  comm="sh" name="primary" dev="tmpfs" ino=42 scontext=u:r:xsud:s0 tcontext=u:object_r:mnt_user_file:s0 tclass=lnk_file permissive=1
[ 5974.804576] [  T786] type=1400 audit(1783267956.919:133086): avc:  denied  { read } for  comm="cat" name="gpu_busy_percentage" dev="sysfs" ino=126935 scontext=u:r:xsud:s0 tcontext=u:object_r:vendor_sysfs_kgsl:s0 tclass=file permissive=1
[ 5974.804734] [  T786] type=1400 audit(1783267956.919:133087): avc:  denied  { open } for  comm="cat" path="/sys/devices/platform/soc/3d00000.qcom,kgsl-3d0/kgsl/kgsl-3d0/gpu_busy_percentage" dev="sysfs" ino=126935 scontext=u:r:xsud:s0 tcontext=u:object_r:vendor_sysfs_kgsl:s0 tclass=file permissive=1
[ 5975.488973] [T14316] audit: audit_lost=125920 audit_rate_limit=5 audit_backlog_limit=64
[ 5975.488982] [T14316] audit: rate limit exceeded
[ 5975.712399] [    T1] init: Control message: Could not find 'vendor.qti.diaghal@1.0::Idiag/default' for ctl.interface_start from pid: 772 (/system/bin/hwservicemanager)
[ 5976.483127] [T12528] [kworke][0x253f9c610a][16:12:38.601261] kiwi_v2: [12528:I:PMO] pmo_core_psoc_send_host_wakeup_ind_to_fw: Host wakeup indication sent to fw
[ 5976.491882] [    C1] [soft_i][0x253f9ef171][16:12:38.610013] kiwi_v2: [0:I:WMA] WLAN triggered wakeup: BPF_ALLOW (39), vdev: 0 (STA)
[ 5976.492128] [    C1] [soft_i][0x253f9f0448][16:12:38.610264] kiwi_v2: [0:I:WMA] wma_wake_event_packet: Wake event packet:
[ 5976.713539] [    T1] init: Control message: Could not find 'vendor.qti.diaghal@1.0::Idiag/default' for ctl.interface_start from pid: 772 (/system/bin/hwservicemanager)
[ 5977.096743] [T12528] [kworke][0x2540502665][16:12:39.214879] kiwi_v2: [12528:I:PMO] pmo_core_enable_wow_in_fw: drv wow is enabled
[ 5977.230211] [T14344] audit: audit_lost=125932 audit_rate_limit=5 audit_backlog_limit=64
[ 5977.230218] [T14344] audit: rate limit exceeded
[ 5977.714203] [    T1] init: Control message: Could not find 'vendor.qti.diaghal@1.0::Idiag/default' for ctl.interface_start from pid: 772 (/system/bin/hwservicemanager)
[ 5978.487247] [  T786] type=1400 audit(1783267960.603:133169): avc:  denied  { read } for  comm="top" scontext=u:r:system_app:s0 tcontext=u:r:vendor_hal_secureprocessor_qti:s0 tclass=file permissive=1
[ 5978.487312] [  T786] type=1400 audit(1783267960.603:133170): avc:  denied  { read } for  comm="top" scontext=u:r:system_app:s0 tcontext=u:r:vendor_tcmd:s0 tclass=file permissive=1
[ 5978.487335] [  T786] type=1400 audit(1783267960.603:133171): avc:  denied  { read } for  comm="top" scontext=u:r:system_app:s0 tcontext=u:r:vendor_hal_dpmQmiMgr:s0 tclass=file permissive=1
[ 5978.489291] [T14351] audit: audit_lost=125940 audit_rate_limit=5 audit_backlog_limit=64
[ 5978.489295] [T14351] audit: rate limit exceeded
[ 5978.489405] [  T786] type=1400 audit(1783267960.603:133172): avc:  denied  { getattr } for  comm="top" path="/proc/1521" dev="proc" ino=1372823 scontext=u:r:system_app:s0 tcontext=u:r:hal_light_default:s0 tclass=dir permissive=1
[ 5978.489505] [  T786] type=1400 audit(1783267960.603:133173): avc:  denied  { search } for  comm="top" name="1521" dev="proc" ino=1372823 scontext=u:r:system_app:s0 tcontext=u:r:hal_light_default:s0 tclass=dir permissive=1
[ 5978.715722] [    T1] init: Control message: Could not find 'vendor.qti.diaghal@1.0::Idiag/default' for ctl.interface_start from pid: 772 (/system/bin/hwservicemanager)
[ 5979.217559] [T12916] [kworke][0x2542bd7b74][16:12:41.335693] kiwi_v2: [12916:I:PMO] pmo_core_psoc_send_host_wakeup_ind_to_fw: Host wakeup indication sent to fw
[ 5979.717036] [    T1] init: Control message: Could not find 'vendor.qti.diaghal@1.0::Idiag/default' for ctl.interface_start from pid: 772 (/system/bin/hwservicemanager)
[ 5980.005551] [T12916] [kworke][0x2543a456e3][16:12:42.123686] kiwi_v2: [12916:I:PMO] pmo_core_enable_wow_in_fw: drv wow is enabled
[ 5980.210135] [  T786] type=1400 audit(1783267962.323:133192): avc:  denied  { read } for  comm="Timer-4" name="pwm1" dev="sysfs" ino=115994 scontext=u:r:system_app:s0 tcontext=u:object_r:sysfs:s0 tclass=file permissive=1
[ 5980.210470] [  T786] type=1400 audit(1783267962.323:133193): avc:  denied  { open } for  comm="Timer-4" path="/sys/devices/platform/soc/soc:pwm-fan/hwmon/hwmon0/pwm1" dev="sysfs" ino=115994 scontext=u:r:system_app:s0 tcontext=u:object_r:sysfs:s0 tclass=file permissive=1
[ 5980.210565] [  T786] type=1400 audit(1783267962.323:133194): avc:  denied  { getattr } for  comm="Timer-4" path="/sys/devices/platform/soc/soc:pwm-fan/hwmon/hwmon0/pwm1" dev="sysfs" ino=115994 scontext=u:r:system_app:s0 tcontext=u:object_r:sysfs:s0 tclass=file permissive=1
[ 5980.228177] [  T786] type=1400 audit(1783267962.343:133195): avc:  denied  { getattr } for  comm="top" path="/proc/1455" dev="proc" ino=1372815 scontext=u:r:system_app:s0 tcontext=u:r:vendor_hal_spu_qti:s0 tclass=dir permissive=1
[ 5980.228278] [  T786] type=1400 audit(1783267962.343:133196): avc:  denied  { search } for  comm="top" name="1455" dev="proc" ino=1372815 scontext=u:r:system_app:s0 tcontext=u:r:vendor_hal_spu_qti:s0 tclass=dir permissive=1
[ 5980.228964] [T14388] audit: audit_lost=125958 audit_rate_limit=5 audit_backlog_limit=64
[ 5980.228970] [T14388] audit: rate limit exceeded
[ 5980.718284] [    T1] init: Control message: Could not find 'vendor.qti.diaghal@1.0::Idiag/default' for ctl.interface_start from pid: 772 (/system/bin/hwservicemanager)
[ 5981.719620] [    T1] init: Control message: Could not find 'vendor.qti.diaghal@1.0::Idiag/default' for ctl.interface_start from pid: 772 (/system/bin/hwservicemanager)
[ 5982.224167] [T14416] audit: audit_lost=125962 audit_rate_limit=5 audit_backlog_limit=64
[ 5982.224172] [T14416] audit: rate limit exceeded
[ 5982.424477] [T12528] [kworke][0x254669024e][16:12:44.542611] kiwi_v2: [12528:I:PMO] pmo_core_psoc_send_host_wakeup_ind_to_fw: Host wakeup indication sent to fw
[ 5982.434713] [    C1] [soft_i][0x25466c01f4][16:12:44.552847] kiwi_v2: [0:I:WMA] WLAN triggered wakeup: BPF_ALLOW (39), vdev: 0 (STA)
[ 5982.435015] [    C1] [soft_i][0x25466c18cc][16:12:44.553151] kiwi_v2: [0:I:WMA] wma_wake_event_packet: Wake event packet:
[ 5982.693194] [  T840] wcd-usbss-i2c-driver 1-000e: wcd_usbss_is_in_reset_state: Surge check #3 failed
[ 5982.721131] [    T1] init: Control message: Could not find 'vendor.qti.diaghal@1.0::Idiag/default' for ctl.interface_start from pid: 772 (/system/bin/hwservicemanager)
[ 5982.947294] [T12528] [kworke][0x2547022da9][16:12:45.065429] kiwi_v2: [12528:I:PMO] pmo_core_enable_wow_in_fw: drv wow is enabled
[ 5983.480896] [T14420] audit: audit_lost=125984 audit_rate_limit=5 audit_backlog_limit=64
[ 5983.480904] [T14420] audit: rate limit exceeded
[ 5983.722721] [    T1] init: Control message: Could not find 'vendor.qti.diaghal@1.0::Idiag/default' for ctl.interface_start from pid: 772 (/system/bin/hwservicemanager)
[ 5984.482022] [  T786] type=1400 audit(1783267966.595:133250): avc:  denied  { getattr } for  comm="top" path="/proc/885" dev="proc" ino=1372804 scontext=u:r:system_app:s0 tcontext=u:r:vendor_hal_keymint_qti:s0 tclass=dir permissive=1
[ 5984.482217] [  T786] type=1400 audit(1783267966.595:133251): avc:  denied  { search } for  comm="top" name="885" dev="proc" ino=1372804 scontext=u:r:system_app:s0 tcontext=u:r:vendor_hal_keymint_qti:s0 tclass=dir permissive=1
[ 5984.482278] [  T786] type=1400 audit(1783267966.595:133252): avc:  denied  { getattr } for  comm="top" path="/proc/1374" dev="proc" ino=1372809 scontext=u:r:system_app:s0 tcontext=u:r:hal_allocator_default:s0 tclass=dir permissive=1
[ 5984.482332] [  T786] type=1400 audit(1783267966.595:133253): avc:  denied  { search } for  comm="top" name="1374" dev="proc" ino=1372809 scontext=u:r:system_app:s0 tcontext=u:r:hal_allocator_default:s0 tclass=dir permissive=1
[ 5984.483868] [T14442] audit: audit_lost=126001 audit_rate_limit=5 audit_backlog_limit=64
[ 5984.483874] [T14442] audit: rate limit exceeded
[ 5984.484038] [  T786] type=1400 audit(1783267966.599:133254): avc:  denied  { getattr } for  comm="top" path="/proc/1565" dev="proc" ino=1372831 scontext=u:r:system_app:s0 tcontext=u:r:vendor_hal_qspmhal_default:s0 tclass=dir permissive=1
[ 5984.724076] [    T1] init: Control message: Could not find 'vendor.qti.diaghal@1.0::Idiag/default' for ctl.interface_start from pid: 772 (/system/bin/hwservicemanager)
[ 5985.725454] [    T1] init: Control message: Could not find 'vendor.qti.diaghal@1.0::Idiag/default' for ctl.interface_start from pid: 772 (/system/bin/hwservicemanager)
[ 5985.935457] [  T786] type=1400 audit(1783267968.051:133261): avc:  denied  { read } for  comm="cat" name="gpu_busy_percentage" dev="sysfs" ino=126935 scontext=u:r:xsud:s0 tcontext=u:object_r:vendor_sysfs_kgsl:s0 tclass=file permissive=1
[ 5986.229634] [  T786] type=1400 audit(1783267968.343:133262): avc:  denied  { getattr } for  comm="top" path="/proc/1813" dev="proc" ino=1372839 scontext=u:r:system_app:s0 tcontext=u:r:vendor_perfservice:s0 tclass=dir permissive=1
[ 5986.229720] [  T786] type=1400 audit(1783267968.343:133263): avc:  denied  { search } for  comm="top" name="1813" dev="proc" ino=1372839 scontext=u:r:system_app:s0 tcontext=u:r:vendor_perfservice:s0 tclass=dir permissive=1
[ 5986.726916] [    T1] init: Control message: Could not find 'vendor.qti.diaghal@1.0::Idiag/default' for ctl.interface_start from pid: 772 (/system/bin/hwservicemanager)
[ 5987.225939] [  T786] type=1400 audit(1783267969.339:133264): avc:  denied  { read } for  comm="top" scontext=u:r:system_app:s0 tcontext=u:r:vendor_hal_spu_qti:s0 tclass=file permissive=1
[ 5987.226083] [  T786] type=1400 audit(1783267969.339:133265): avc:  denied  { read } for  comm="top" scontext=u:r:system_app:s0 tcontext=u:r:vendor_perf_qesdk:s0 tclass=file permissive=1
[ 5987.728236] [    T1] init: Control message: Could not find 'vendor.qti.diaghal@1.0::Idiag/default' for ctl.interface_start from pid: 772 (/system/bin/hwservicemanager)
[ 5988.729583] [    T1] init: Control message: Could not find 'vendor.qti.diaghal@1.0::Idiag/default' for ctl.interface_start from pid: 772 (/system/bin/hwservicemanager)
[ 5989.285375] [T12528] [kworke][0x254e4309a0][16:12:51.403509] kiwi_v2: [12528:I:PMO] pmo_core_psoc_send_host_wakeup_ind_to_fw: Host wakeup indication sent to fw
[ 5989.295428] [    C1] [soft_i][0x254e45fb4b][16:12:51.413558] kiwi_v2: [0:I:WMA] WLAN triggered wakeup: BPF_ALLOW (39), vdev: 0 (STA)
[ 5989.295717] [    C1] [soft_i][0x254e46113f][16:12:51.413851] kiwi_v2: [0:I:WMA] wma_wake_event_packet: Wake event packet:
[ 5989.730324] [    T1] init: Control message: Could not find 'vendor.qti.diaghal@1.0::Idiag/default' for ctl.interface_start from pid: 772 (/system/bin/hwservicemanager)
[ 5989.898071] [T12528] [kworke][0x254ef689ac][16:12:52.016203] kiwi_v2: [12528:I:PMO] pmo_core_enable_wow_in_fw: drv wow is enabled
[ 5989.963405] [ T1394] healthd: battery l=45 v=7609 t=35.0 h=2 st=3 c=-296638 fc=4297000 cc=25 chg=a
[ 5990.014028] [T14517] audit: audit_lost=126007 audit_rate_limit=5 audit_backlog_limit=64
[ 5990.014033] [T14517] audit: rate limit exceeded
[ 5990.014078] [T14517] BATTERY_CHG: battery_psy_set_online: battery_psy_set_online: set online 1
[ 5990.227147] [  T786] type=1400 audit(1783267972.343:133314): avc:  denied  { getattr } for  comm="top" path="/proc/772" dev="proc" ino=1372802 scontext=u:r:system_app:s0 tcontext=u:r:hwservicemanager:s0 tclass=dir permissive=1
[ 5990.227382] [  T786] type=1400 audit(1783267972.343:133315): avc:  denied  { search } for  comm="top" name="772" dev="proc" ino=1372802 scontext=u:r:system_app:s0 tcontext=u:r:hwservicemanager:s0 tclass=dir permissive=1
[ 5990.227447] [  T786] type=1400 audit(1783267972.343:133316): avc:  denied  { open } for  comm="top" path="/proc/772/stat" dev="proc" ino=1368005 scontext=u:r:system_app:s0 tcontext=u:r:hwservicemanager:s0 tclass=file permissive=1
[ 5990.227504] [  T786] type=1400 audit(1783267972.343:133317): avc:  denied  { getattr } for  comm="top" path="/proc/773" dev="proc" ino=1372803 scontext=u:r:system_app:s0 tcontext=u:r:vndservicemanager:s0 tclass=dir permissive=1
[ 5990.227563] [  T786] type=1400 audit(1783267972.343:133318): avc:  denied  { search } for  comm="top" name="773" dev="proc" ino=1372803 scontext=u:r:system_app:s0 tcontext=u:r:vndservicemanager:s0 tclass=dir permissive=1
[ 5990.732623] [    T1] init: Control message: Could not find 'vendor.qti.diaghal@1.0::Idiag/default' for ctl.interface_start from pid: 772 (/system/bin/hwservicemanager)
[ 5991.218002] [T14540] audit: audit_lost=126159 audit_rate_limit=5 audit_backlog_limit=64
[ 5991.218009] [T14540] audit: rate limit exceeded
[ 5991.479861] [  T786] type=1400 audit(1783267973.595:133453): avc:  denied  { getattr } for  comm="Timer-4" path="/proc/stat" dev="proc" ino=4026532011 scontext=u:r:system_app:s0 tcontext=u:object_r:proc_stat:s0 tclass=file permissive=1
[ 5991.733374] [    T1] init: Control message: Could not find 'vendor.qti.diaghal@1.0::Idiag/default' for ctl.interface_start from pid: 772 (/system/bin/hwservicemanager)
[ 5991.801763] [  T770] servicemanager: Found vendor.qti.hardware.perf2.IPerf/default in device VINTF manifest.
[ 5991.806794] [  T786] type=1400 audit(1783267973.919:133454): avc:  denied  { getattr } for  comm="DefaultDispatch" path="/dev/ttyHS5" dev="tmpfs" ino=1196 scontext=u:r:system_app:s0 tcontext=u:object_r:device:s0 tclass=chr_file permissive=1
[ 5991.807195] [    T1] init: Control message: Could not find 'vendor.qti.diaghal@1.0::Idiag/default' for ctl.interface_start from pid: 772 (/system/bin/hwservicemanager)
[ 5991.807921] [    T1] init: Control message: Could not find 'vendor.qti.diaghal@1.0::Idiag/default' for ctl.interface_start from pid: 772 (/system/bin/hwservicemanager)
[ 5992.203990] [  T786] type=1400 audit(1783267974.319:133455): avc:  denied  { read } for  comm="Timer-4" name="pwm1" dev="sysfs" ino=115994 scontext=u:r:system_app:s0 tcontext=u:object_r:sysfs:s0 tclass=file permissive=1
[ 5992.204109] [  T786] type=1400 audit(1783267974.319:133456): avc:  denied  { open } for  comm="Timer-4" path="/sys/devices/platform/soc/soc:pwm-fan/hwmon/hwmon0/pwm1" dev="sysfs" ino=115994 scontext=u:r:system_app:s0 tcontext=u:object_r:sysfs:s0 tclass=file permissive=1
[ 5992.204176] [  T786] type=1400 audit(1783267974.319:133457): avc:  denied  { getattr } for  comm="Timer-4" path="/sys/devices/platform/soc/soc:pwm-fan/hwmon/hwmon0/pwm1" dev="sysfs" ino=115994 scontext=u:r:system_app:s0 tcontext=u:object_r:sysfs:s0 tclass=file permissive=1
[ 5992.222553] [T14566] audit: audit_lost=126179 audit_rate_limit=5 audit_backlog_limit=64
[ 5992.222557] [T14566] audit: rate limit exceeded
[ 5992.811439] [    T1] init: Control message: Could not find 'vendor.qti.diaghal@1.0::Idiag/default' for ctl.interface_start from pid: 772 (/system/bin/hwservicemanager)
[ 5993.222921] [T14586] audit: audit_lost=126336 audit_rate_limit=5 audit_backlog_limit=64
[ 5993.222926] [T14586] audit: rate limit exceeded
[ 5993.813026] [    T1] init: Control message: Could not find 'vendor.qti.diaghal@1.0::Idiag/default' for ctl.interface_start from pid: 772 (/system/bin/hwservicemanager)
[ 5994.714377] [T14056] audit: audit_lost=126412 audit_rate_limit=5 audit_backlog_limit=64
[ 5994.714384] [T14056] audit: rate limit exceeded
[ 5994.813962] [    T1] init: Control message: Could not find 'vendor.qti.diaghal@1.0::Idiag/default' for ctl.interface_start from pid: 772 (/system/bin/hwservicemanager)
[ 5995.214906] [T12528] [kworke][0x25550c349b][16:12:57.333042] kiwi_v2: [12528:I:PMO] pmo_core_psoc_send_host_wakeup_ind_to_fw: Host wakeup indication sent to fw
[ 5995.224609] [    C1] [soft_i][0x25550f0bf4][16:12:57.342740] kiwi_v2: [0:I:WMA] WLAN triggered wakeup: BPF_ALLOW (39), vdev: 0 (STA)
[ 5995.224770] [    C1] [soft_i][0x25550f1866][16:12:57.342906] kiwi_v2: [0:I:WMA] wma_wake_event_packet: Wake event packet:
[ 5995.816604] [    T1] init: Control message: Could not find 'vendor.qti.diaghal@1.0::Idiag/default' for ctl.interface_start from pid: 772 (/system/bin/hwservicemanager)
[ 5995.847754] [T12528] [kworke][0x2555c59c2b][16:12:57.965889] kiwi_v2: [12528:I:PMO] pmo_core_enable_wow_in_fw: drv wow is enabled
[ 5996.818500] [    T1] init: Control message: Could not find 'vendor.qti.diaghal@1.0::Idiag/default' for ctl.interface_start from pid: 772 (/system/bin/hwservicemanager)
[ 5997.199695] [  T786] type=1400 audit(1783267979.315:133712): avc:  denied  { read } for  comm="Timer-4" name="pwm1" dev="sysfs" ino=115994 scontext=u:r:system_app:s0 tcontext=u:object_r:sysfs:s0 tclass=file permissive=1
[ 5997.199901] [  T786] type=1400 audit(1783267979.315:133713): avc:  denied  { open } for  comm="Timer-4" path="/sys/devices/platform/soc/soc:pwm-fan/hwmon/hwmon0/pwm1" dev="sysfs" ino=115994 scontext=u:r:system_app:s0 tcontext=u:object_r:sysfs:s0 tclass=file permissive=1
[ 5997.200009] [  T786] type=1400 audit(1783267979.315:133714): avc:  denied  { getattr } for  comm="Timer-4" path="/sys/devices/platform/soc/soc:pwm-fan/hwmon/hwmon0/pwm1" dev="sysfs" ino=115994 scontext=u:r:system_app:s0 tcontext=u:object_r:sysfs:s0 tclass=file permissive=1
[ 5997.474693] [  T786] type=1400 audit(1783267979.587:133715): avc:  denied  { getattr } for  comm="top" path="/proc/1455" dev="proc" ino=1372815 scontext=u:r:system_app:s0 tcontext=u:r:vendor_hal_spu_qti:s0 tclass=dir permissive=1
[ 5997.474898] [  T786] type=1400 audit(1783267979.587:133716): avc:  denied  { search } for  comm="top" name="1455" dev="proc" ino=1372815 scontext=u:r:system_app:s0 tcontext=u:r:vendor_hal_spu_qti:s0 tclass=dir permissive=1
[ 5997.476337] [T14642] audit: audit_lost=126418 audit_rate_limit=5 audit_backlog_limit=64
[ 5997.476343] [T14642] audit: rate limit exceeded
[ 5997.793370] [  T840] wcd-usbss-i2c-driver 1-000e: wcd_usbss_is_in_reset_state: Surge check #3 failed
[ 5997.819883] [    T1] init: Control message: Could not find 'vendor.qti.diaghal@1.0::Idiag/default' for ctl.interface_start from pid: 772 (/system/bin/hwservicemanager)
[ 5998.465345] [  T786] type=1400 audit(1783267980.579:133719): avc:  denied  { read } for  comm="top" scontext=u:r:system_app:s0 tcontext=u:r:vendor_hal_qseecom_default:s0 tclass=file permissive=1
[ 5998.466982] [  T786] type=1400 audit(1783267980.579:133720): avc:  denied  { open } for  comm="top" path="/proc/892/stat" dev="proc" ino=1368017 scontext=u:r:system_app:s0 tcontext=u:r:vendor_hal_qseecom_default:s0 tclass=file permissive=1
[ 5998.821232] [    T1] init: Control message: Could not find 'vendor.qti.diaghal@1.0::Idiag/default' for ctl.interface_start from pid: 772 (/system/bin/hwservicemanager)
[ 5998.902533] [T12528] [kworke][0x255944906f][16:13:01.020666] kiwi_v2: [12528:I:PMO] pmo_core_psoc_send_host_wakeup_ind_to_fw: Host wakeup indication sent to fw
[ 5998.912441] [    C1] [soft_i][0x255947775c][16:13:01.030572] kiwi_v2: [0:I:WMA] WLAN triggered wakeup: BPF_ALLOW (39), vdev: 0 (STA)
[ 5998.912729] [    C1] [soft_i][0x2559478d62][16:13:01.030866] kiwi_v2: [0:I:WMA] wma_wake_event_packet: Wake event packet:
[ 5999.209846] [  T786] type=1400 audit(1783267981.323:133721): avc:  denied  { read } for  comm="top" scontext=u:r:system_app:s0 tcontext=u:r:hal_allocator_default:s0 tclass=file permissive=1
[ 5999.209931] [  T786] type=1400 audit(1783267981.323:133722): avc:  denied  { read } for  comm="top" scontext=u:r:system_app:s0 tcontext=u:r:hal_tsnv_default:s0 tclass=file permissive=1
[ 5999.209966] [  T786] type=1400 audit(1783267981.323:133723): avc:  denied  { read } for  comm="top" scontext=u:r:system_app:s0 tcontext=u:r:vendor_perfservice:s0 tclass=file permissive=1
[ 5999.211367] [T14664] audit: audit_lost=126420 audit_rate_limit=5 audit_backlog_limit=64
[ 5999.211371] [T14664] audit: rate limit exceeded
[ 5999.455133] [T12916] [kworke][0x2559e67572][16:13:01.573267] kiwi_v2: [12916:I:PMO] pmo_core_enable_wow_in_fw: drv wow is enabled
[ 5999.823171] [    T1] init: Control message: Could not find 'vendor.qti.diaghal@1.0::Idiag/default' for ctl.interface_start from pid: 772 (/system/bin/hwservicemanager)
[ 6000.824677] [    T1] init: Control message: Could not find 'vendor.qti.diaghal@1.0::Idiag/default' for ctl.interface_start from pid: 772 (/system/bin/hwservicemanager)
[ 6001.207919] [T14685] audit: audit_lost=126427 audit_rate_limit=5 audit_backlog_limit=64
[ 6001.207924] [T14685] audit: rate limit exceeded
[ 6001.826151] [    T1] init: Control message: Could not find 'vendor.qti.diaghal@1.0::Idiag/default' for ctl.interface_start from pid: 772 (/system/bin/hwservicemanager)
[ 6002.218459] [T14705] audit: audit_lost=126438 audit_rate_limit=5 audit_backlog_limit=64
[ 6002.218463] [T14705] audit: rate limit exceeded
[ 6002.827312] [    T1] init: Control message: Could not find 'vendor.qti.diaghal@1.0::Idiag/default' for ctl.interface_start from pid: 772 (/system/bin/hwservicemanager)
[ 6003.470936] [  T786] type=1400 audit(1783267985.583:133756): avc:  denied  { read } for  comm="top" scontext=u:r:system_app:s0 tcontext=u:r:vendor_qwesd:s0 tclass=file permissive=1
[ 6003.472639] [  T786] type=1400 audit(1783267985.587:133757): avc:  denied  { getattr } for  comm="top" path="/proc/1405" dev="proc" ino=1372812 scontext=u:r:system_app:s0 tcontext=u:r:hal_power_default:s0 tclass=dir permissive=1
[ 6003.472730] [  T786] type=1400 audit(1783267985.587:133758): avc:  denied  { search } for  comm="top" name="1405" dev="proc" ino=1372812 scontext=u:r:system_app:s0 tcontext=u:r:hal_power_default:s0 tclass=dir permissive=1
[ 6003.474474] [  T786] type=1400 audit(1783267985.587:133759): avc:  denied  { open } for  comm="top" path="/proc/1641/stat" dev="proc" ino=1376321 scontext=u:r:system_app:s0 tcontext=u:r:vendor_qwesd:s0 tclass=file permissive=1
[ 6003.544979] [T14714] audit: audit_lost=126442 audit_rate_limit=5 audit_backlog_limit=64
[ 6003.544990] [T14714] audit: rate limit exceeded
[ 6003.545223] [  T786] type=1400 audit(1783267985.659:133760): avc:  denied  { write } for  comm="sh" name="pwm1" dev="sysfs" ino=115994 scontext=u:r:xsud:s0 tcontext=u:object_r:sysfs:s0 tclass=file permissive=1
[ 6003.828905] [    T1] init: Control message: Could not find 'vendor.qti.diaghal@1.0::Idiag/default' for ctl.interface_start from pid: 772 (/system/bin/hwservicemanager)
[ 6004.687912] [  T786] type=1400 audit(1783267986.803:133775): avc:  denied  { getattr } for  comm="DefaultDispatch" path="/dev/ttyHS5" dev="tmpfs" ino=1196 scontext=u:r:system_app:s0 tcontext=u:object_r:device:s0 tclass=chr_file permissive=1
[ 6004.829900] [    T1] init: Control message: Could not find 'vendor.qti.diaghal@1.0::Idiag/default' for ctl.interface_start from pid: 772 (/system/bin/hwservicemanager)
[ 6005.204905] [  T786] type=1400 audit(1783267987.319:133776): avc:  denied  { read } for  comm="top" scontext=u:r:system_app:s0 tcontext=u:r:vendor_hal_poweroptservice_qti:s0 tclass=file permissive=1
[ 6005.206018] [  T786] type=1400 audit(1783267987.319:133777): avc:  denied  { getattr } for  comm="top" path="/proc/892" dev="proc" ino=1372805 scontext=u:r:system_app:s0 tcontext=u:r:vendor_hal_qseecom_default:s0 tclass=dir permissive=1
[ 6005.206144] [  T786] type=1400 audit(1783267987.319:133778): avc:  denied  { search } for  comm="top" name="892" dev="proc" ino=1372805 scontext=u:r:system_app:s0 tcontext=u:r:vendor_hal_qseecom_default:s0 tclass=dir permissive=1
[ 6005.207057] [  T786] type=1400 audit(1783267987.323:133779): avc:  denied  { open } for  comm="top" path="/proc/1482/stat" dev="proc" ino=1376261 scontext=u:r:system_app:s0 tcontext=u:r:vendor_hal_poweroptservice_qti:s0 tclass=file permissive=1
[ 6005.830935] [    T1] init: Control message: Could not find 'vendor.qti.diaghal@1.0::Idiag/default' for ctl.interface_start from pid: 772 (/system/bin/hwservicemanager)
[ 6006.207649] [T14759] audit: audit_lost=126456 audit_rate_limit=5 audit_backlog_limit=64
[ 6006.207655] [T14759] audit: rate limit exceeded
[ 6006.832475] [    T1] init: Control message: Could not find 'vendor.qti.diaghal@1.0::Idiag/default' for ctl.interface_start from pid: 772 (/system/bin/hwservicemanager)
[ 6007.833573] [    T1] init: Control message: Could not find 'vendor.qti.diaghal@1.0::Idiag/default' for ctl.interface_start from pid: 772 (/system/bin/hwservicemanager)
[ 6008.728339] [ T1394] healthd: battery l=45 v=7608 t=35.0 h=2 st=3 c=-298469 fc=4297000 cc=25 chg=a
[ 6008.780741] [T14794] BATTERY_CHG: battery_psy_set_online: battery_psy_set_online: set online 1
[ 6008.780967] [  T786] type=1400 audit(1783267990.895:133791): avc:  denied  { search } for  comm="sh" name="battery" dev="sysfs" ino=141942 scontext=u:r:xsud:s0 tcontext=u:object_r:vendor_sysfs_battery_supply:s0 tclass=dir permissive=1
[ 6008.781049] [  T786] type=1400 audit(1783267990.895:133792): avc:  denied  { write } for  comm="sh" name="online" dev="sysfs" ino=141951 scontext=u:r:xsud:s0 tcontext=u:object_r:vendor_sysfs_battery_supply:s0 tclass=file permissive=1
[ 6008.781091] [  T786] type=1400 audit(1783267990.895:133793): avc:  denied  { open } for  comm="sh" path="/sys/devices/platform/soc/soc:qcom,pmic_glink/soc:qcom,pmic_glink:qcom,battery_charger/power_supply/battery/online" dev="sysfs" ino=141951 scontext=u:r:xsud:s0 tcontext=u:object_r:vendor_sysfs_battery_supply:s0 tclass=file permissive=1
[ 6008.835062] [    T1] init: Control message: Could not find 'vendor.qti.diaghal@1.0::Idiag/default' for ctl.interface_start from pid: 772 (/system/bin/hwservicemanager)
[ 6009.208529] [T14798] audit: audit_lost=126462 audit_rate_limit=5 audit_backlog_limit=64
[ 6009.208536] [T14798] audit: rate limit exceeded
[ 6009.208798] [  T786] type=1400 audit(1783267991.323:133794): avc:  denied  { read } for  comm="top" scontext=u:r:system_app:s0 tcontext=u:r:vendor_hal_qesdhal_default:s0 tclass=file permissive=1
[ 6009.208871] [  T786] type=1400 audit(1783267991.323:133795): avc:  denied  { read } for  comm="top" scontext=u:r:system_app:s0 tcontext=u:r:vendor_qesdsect:s0 tclass=file permissive=1
[ 6009.836453] [    T1] init: Control message: Could not find 'vendor.qti.diaghal@1.0::Idiag/default' for ctl.interface_start from pid: 772 (/system/bin/hwservicemanager)
[ 6010.155162] [  T786] type=1400 audit(1783267992.267:133814): avc:  denied  { dac_read_search } for  comm="sh" capability=2  scontext=u:r:xsud:s0 tcontext=u:r:xsud:s0 tclass=capability permissive=1
[ 6010.176562] [  T786] type=1400 audit(1783267992.291:133815): avc:  denied  { getattr } for  comm="sh" path="/storage/emulated/0/pulse_lite.force" dev="fuse" ino=119633 scontext=u:r:xsud:s0 tcontext=u:object_r:fuse:s0 tclass=file permissive=1
[ 6010.187624] [  T786] type=1400 audit(1783267992.303:133816): avc:  denied  { read } for  comm="cat" name="pulse_lite.force" dev="fuse" ino=119633 scontext=u:r:xsud:s0 tcontext=u:object_r:fuse:s0 tclass=file permissive=1
[ 6010.187895] [  T786] type=1400 audit(1783267992.303:133817): avc:  denied  { open } for  comm="cat" path="/storage/emulated/0/pulse_lite.force" dev="fuse" ino=119633 scontext=u:r:xsud:s0 tcontext=u:object_r:fuse:s0 tclass=file permissive=1
[ 6010.206356] [  T786] type=1400 audit(1783267992.319:133818): avc:  denied  { read } for  comm="top" name="pid_max" dev="proc" ino=1373408 scontext=u:r:system_app:s0 tcontext=u:object_r:proc_pid_max:s0 tclass=file permissive=1
[ 6010.462334] [T14807] audit: audit_lost=126504 audit_rate_limit=5 audit_backlog_limit=64
[ 6010.462340] [T14807] audit: rate limit exceeded
[ 6010.837609] [    T1] init: Control message: Could not find 'vendor.qti.diaghal@1.0::Idiag/default' for ctl.interface_start from pid: 772 (/system/bin/hwservicemanager)
[ 6011.875330] [  T770] servicemanager: Found vendor.qti.hardware.perf2.IPerf/default in device VINTF manifest.
[ 6011.881830] [    T1] init: Control message: Could not find 'vendor.qti.diaghal@1.0::Idiag/default' for ctl.interface_start from pid: 772 (/system/bin/hwservicemanager)
[ 6011.883029] [    T1] init: Control message: Could not find 'vendor.qti.diaghal@1.0::Idiag/default' for ctl.interface_start from pid: 772 (/system/bin/hwservicemanager)
[ 6012.185483] [T13331] audit: audit_lost=126509 audit_rate_limit=5 audit_backlog_limit=64
[ 6012.185491] [T13331] audit: rate limit exceeded
[ 6012.885511] [    T1] init: Control message: Could not find 'vendor.qti.diaghal@1.0::Idiag/default' for ctl.interface_start from pid: 772 (/system/bin/hwservicemanager)
[ 6012.896861] [  T840] wcd-usbss-i2c-driver 1-000e: wcd_usbss_is_in_reset_state: Surge check #3 failed
[ 6013.197211] [T14867] audit: audit_lost=126679 audit_rate_limit=5 audit_backlog_limit=64
[ 6013.197216] [T14867] audit: rate limit exceeded
[ 6013.888078] [    T1] init: Control message: Could not find 'vendor.qti.diaghal@1.0::Idiag/default' for ctl.interface_start from pid: 772 (/system/bin/hwservicemanager)
[ 6014.050502] [  T786] type=1400 audit(1783267996.163:134047): avc:  denied  { syslog_read } for  comm="dmesg" scontext=u:r:shell:s0 tcontext=u:r:kernel:s0 tclass=system permissive=1
